solid OpenSCAD_Model
  facet normal 0.707 0.0173332 -0.707001
    outer loop
      vertex 20.2 0 0
      vertex 20.1757 0.991166 0
      vertex 21 0 0.799999
    endloop
  endfacet
  facet normal -0.512267 -0.487656 -0.706947
    outer loop
      vertex -14.8492 -14.8492 0.799999
      vertex -14.9672 -13.5655 0
      vertex -14.2836 -14.2836 0
    endloop
  endfacet
  facet normal -0.254495 -0.659849 -0.706988
    outer loop
      vertex -7.07469 -19.7724 0.799999
      vertex -8.03635 -19.4015 0.799999
      vertex -6.80517 -19.0192 0
    endloop
  endfacet
  facet normal 0.348575 0.61533 -0.707011
    outer loop
      vertex 10.3849 17.3261 0
      vertex 9.52221 17.8148 0
      vertex 10.7962 18.0123 0.799999
    endloop
  endfacet
  facet normal 0.696813 0.120906 -0.706989
    outer loop
      vertex 19.9814 2.96395 0
      vertex 19.8119 3.94082 0
      vertex 20.5965 4.0969 0.799999
    endloop
  endfacet
  facet normal -0.631688 0.317984 -0.707005
    outer loop
      vertex -18.2606 8.63661 0
      vertex -18.9838 8.97866 0.799999
      vertex -17.8148 9.52221 0
    endloop
  endfacet
  facet normal 0.659849 -0.254495 -0.706988
    outer loop
      vertex 19.4015 -8.03635 0.799999
      vertex 19.0192 -6.80517 0
      vertex 19.7724 -7.07469 0.799999
    endloop
  endfacet
  facet normal 0.512267 0.487656 -0.706947
    outer loop
      vertex 14.9672 13.5655 0
      vertex 14.2836 14.2836 0
      vertex 14.8492 14.8492 0.799999
    endloop
  endfacet
  facet normal 0.221844 0.67154 -0.706979
    outer loop
      vertex 6.80517 19.0192 0
      vertex 5.86375 19.3302 0
      vertex 6.09598 20.0957 0.799999
    endloop
  endfacet
  facet normal 0.378338 0.597491 -0.707012
    outer loop
      vertex 11.667 17.4609 0.799999
      vertex 10.3849 17.3261 0
      vertex 10.7962 18.0123 0.799999
    endloop
  endfacet
  facet normal 0.435103 0.557497 -0.707023
    outer loop
      vertex 13.3223 16.2332 0.799999
      vertex 12.0331 16.2248 0
      vertex 12.5097 16.8674 0.799999
    endloop
  endfacet
  facet normal -0.70527 0.0520687 -0.707024
    outer loop
      vertex -20.1757 0.991166 0
      vertex -20.8989 2.05836 0.799999
      vertex -20.1027 1.97995 0
    endloop
  endfacet
  facet normal -0.701909 0.0865911 -0.706983
    outer loop
      vertex -19.9814 2.96395 0
      vertex -20.8989 2.05836 0.799999
      vertex -20.7727 3.08134 0.799999
    endloop
  endfacet
  facet normal -0.487656 0.512267 -0.706947
    outer loop
      vertex -14.2836 14.2836 0
      vertex -14.8492 14.8492 0.799999
      vertex -13.5655 14.9672 0
    endloop
  endfacet
  facet normal -0.435103 0.557497 -0.707023
    outer loop
      vertex -12.0331 16.2248 0
      vertex -13.3223 16.2332 0.799999
      vertex -12.5097 16.8674 0.799999
    endloop
  endfacet
  facet normal -0.70527 -0.0520687 -0.707024
    outer loop
      vertex -20.1027 -1.97995 0
      vertex -20.8989 -2.05836 0.799999
      vertex -20.1757 -0.991166 0
    endloop
  endfacet
  facet normal -0.701877 -0.086522 -0.707024
    outer loop
      vertex -19.9814 -2.96395 0
      vertex -20.8989 -2.05836 0.799999
      vertex -20.1027 -1.97995 0
    endloop
  endfacet
  facet normal 0.535507 -0.4619 -0.707023
    outer loop
      vertex 16.2332 -13.3223 0.799999
      vertex 14.9672 -13.5655 0
      vertex 15.6148 -12.8147 0
    endloop
  endfacet
  facet normal 0.659831 -0.254508 -0.707
    outer loop
      vertex 19.4015 -8.03635 0.799999
      vertex 18.6624 -7.7302 0
      vertex 19.0192 -6.80517 0
    endloop
  endfacet
  facet normal 0.707016 -0.0173594 -0.706985
    outer loop
      vertex 20.9747 -1.03042 0.799999
      vertex 20.1757 -0.991166 0
      vertex 21 0 0.799999
    endloop
  endfacet
  facet normal -0.535501 -0.461941 -0.707
    outer loop
      vertex -15.56 -14.1027 0.799999
      vertex -16.2332 -13.3223 0.799999
      vertex -14.9672 -13.5655 0
    endloop
  endfacet
  facet normal 0.2866 -0.646532 -0.707005
    outer loop
      vertex 8.97866 -18.9838 0.799999
      vertex 7.7302 -18.6624 0
      vertex 8.63661 -18.2606 0
    endloop
  endfacet
  facet normal 0.631688 -0.317984 -0.707005
    outer loop
      vertex 18.9838 -8.97866 0.799999
      vertex 17.8148 -9.52221 0
      vertex 18.2606 -8.63661 0
    endloop
  endfacet
  facet normal -0.155 -0.69003 -0.706989
    outer loop
      vertex -4.0969 -20.5965 0.799999
      vertex -4.9082 -19.5946 0
      vertex -3.94082 -19.8119 0
    endloop
  endfacet
  facet normal 0.254495 -0.659849 -0.706988
    outer loop
      vertex 7.07469 -19.7724 0.799999
      vertex 6.80517 -19.0192 0
      vertex 8.03635 -19.4015 0.799999
    endloop
  endfacet
  facet normal 0.461941 -0.535501 -0.707
    outer loop
      vertex 14.1027 -15.56 0.799999
      vertex 13.3223 -16.2332 0.799999
      vertex 13.5655 -14.9672 0
    endloop
  endfacet
  facet normal 0.0173332 0.707 -0.707001
    outer loop
      vertex 0.991166 20.1757 0
      vertex 0 20.2 0
      vertex 0 21 0.799999
    endloop
  endfacet
  facet normal -0.61533 0.348575 -0.707011
    outer loop
      vertex -17.8148 9.52221 0
      vertex -18.0123 10.7962 0.799999
      vertex -17.3261 10.3849 0
    endloop
  endfacet
  facet normal -0.615369 -0.348554 -0.706988
    outer loop
      vertex -18.0123 -10.7962 0.799999
      vertex -18.5203 -9.89933 0.799999
      vertex -17.8148 -9.52221 0
    endloop
  endfacet
  facet normal -0.578187 0.407208 -0.707023
    outer loop
      vertex -16.2248 12.0331 0
      vertex -17.4609 11.667 0.799999
      vertex -16.8674 12.5097 0.799999
    endloop
  endfacet
  facet normal 0.378345 -0.597476 -0.70702
    outer loop
      vertex 11.667 -17.4609 0.799999
      vertex 10.3849 -17.3261 0
      vertex 11.2225 -16.7957 0
    endloop
  endfacet
  facet normal 0.67154 0.221844 -0.706979
    outer loop
      vertex 19.3302 5.86375 0
      vertex 19.0192 6.80517 0
      vertex 20.0957 6.09598 0.799999
    endloop
  endfacet
  facet normal -0.407208 0.578187 -0.707023
    outer loop
      vertex -12.0331 16.2248 0
      vertex -12.5097 16.8674 0.799999
      vertex -11.667 17.4609 0.799999
    endloop
  endfacet
  facet normal -0.378338 0.597491 -0.707012
    outer loop
      vertex -10.3849 17.3261 0
      vertex -11.667 17.4609 0.799999
      vertex -10.7962 18.0123 0.799999
    endloop
  endfacet
  facet normal 0.578187 0.407213 -0.707021
    outer loop
      vertex 16.7957 11.2225 0
      vertex 16.2248 12.0331 0
      vertex 17.4609 11.667 0.799999
    endloop
  endfacet
  facet normal 0.4619 0.535507 -0.707023
    outer loop
      vertex 13.5655 14.9672 0
      vertex 12.8147 15.6148 0
      vertex 13.3223 16.2332 0.799999
    endloop
  endfacet
  facet normal 0.69003 -0.155 -0.706989
    outer loop
      vertex 20.5965 -4.0969 0.799999
      vertex 19.5946 -4.9082 0
      vertex 19.8119 -3.94082 0
    endloop
  endfacet
  facet normal -0.707 0.0173332 -0.707001
    outer loop
      vertex -20.2 0 0
      vertex -21 0 0.799999
      vertex -20.1757 0.991166 0
    endloop
  endfacet
  facet normal -0.578187 -0.407208 -0.707023
    outer loop
      vertex -16.8674 -12.5097 0.799999
      vertex -17.4609 -11.667 0.799999
      vertex -16.2248 -12.0331 0
    endloop
  endfacet
  facet normal 0.254508 0.659831 -0.707
    outer loop
      vertex 7.7302 18.6624 0
      vertex 6.80517 19.0192 0
      vertex 8.03635 19.4015 0.799999
    endloop
  endfacet
  facet normal -0.578187 -0.407213 -0.707021
    outer loop
      vertex -16.2248 -12.0331 0
      vertex -17.4609 -11.667 0.799999
      vertex -16.7957 -11.2225 0
    endloop
  endfacet
  facet normal 0.435103 -0.557497 -0.707023
    outer loop
      vertex 12.5097 -16.8674 0.799999
      vertex 12.0331 -16.2248 0
      vertex 13.3223 -16.2332 0.799999
    endloop
  endfacet
  facet normal 0.705314 0.0520096 -0.706985
    outer loop
      vertex 20.9747 1.03042 0.799999
      vertex 20.1757 0.991166 0
      vertex 20.8989 2.05836 0.799999
    endloop
  endfacet
  facet normal -0.535501 0.461941 -0.707
    outer loop
      vertex -14.9672 13.5655 0
      vertex -16.2332 13.3223 0.799999
      vertex -15.56 14.1027 0.799999
    endloop
  endfacet
  facet normal -0.188605 0.681623 -0.706978
    outer loop
      vertex -5.86375 19.3302 0
      vertex -6.09598 20.0957 0.799999
      vertex -4.9082 19.5946 0
    endloop
  endfacet
  facet normal -0.631691 0.318017 -0.706987
    outer loop
      vertex -17.8148 9.52221 0
      vertex -18.9838 8.97866 0.799999
      vertex -18.5203 9.89933 0.799999
    endloop
  endfacet
  facet normal -0.407213 0.578187 -0.707021
    outer loop
      vertex -11.2225 16.7957 0
      vertex -12.0331 16.2248 0
      vertex -11.667 17.4609 0.799999
    endloop
  endfacet
  facet normal 0.317984 0.631688 -0.707005
    outer loop
      vertex 9.52221 17.8148 0
      vertex 8.63661 18.2606 0
      vertex 8.97866 18.9838 0.799999
    endloop
  endfacet
  facet normal -0.0173594 -0.707016 -0.706985
    outer loop
      vertex 0 -21 0.799999
      vertex -1.03042 -20.9747 0.799999
      vertex -0.991166 -20.1757 0
    endloop
  endfacet
  facet normal 0.597476 -0.378345 -0.70702
    outer loop
      vertex 17.4609 -11.667 0.799999
      vertex 16.7957 -11.2225 0
      vertex 17.3261 -10.3849 0
    endloop
  endfacet
  facet normal -0.2866 -0.646532 -0.707005
    outer loop
      vertex -7.7302 -18.6624 0
      vertex -8.97866 -18.9838 0.799999
      vertex -8.63661 -18.2606 0
    endloop
  endfacet
  facet normal 0.0173594 -0.707016 -0.706985
    outer loop
      vertex 1.03042 -20.9747 0.799999
      vertex 0 -21 0.799999
      vertex 0.991166 -20.1757 0
    endloop
  endfacet
  facet normal 0.597491 -0.378338 -0.707012
    outer loop
      vertex 17.4609 -11.667 0.799999
      vertex 17.3261 -10.3849 0
      vertex 18.0123 -10.7962 0.799999
    endloop
  endfacet
  facet normal 0.659849 0.254495 -0.706988
    outer loop
      vertex 19.7724 7.07469 0.799999
      vertex 19.0192 6.80517 0
      vertex 19.4015 8.03635 0.799999
    endloop
  endfacet
  facet normal 0.659831 0.254508 -0.707
    outer loop
      vertex 19.0192 6.80517 0
      vertex 18.6624 7.7302 0
      vertex 19.4015 8.03635 0.799999
    endloop
  endfacet
  facet normal -0.707 -0.0173332 -0.707001
    outer loop
      vertex -20.1757 -0.991166 0
      vertex -21 0 0.799999
      vertex -20.2 0 0
    endloop
  endfacet
  facet normal -0.407208 -0.578187 -0.707023
    outer loop
      vertex -11.667 -17.4609 0.799999
      vertex -12.5097 -16.8674 0.799999
      vertex -12.0331 -16.2248 0
    endloop
  endfacet
  facet normal 0.681549 -0.188671 -0.707031
    outer loop
      vertex 20.0957 -6.09598 0.799999
      vertex 19.5946 -4.9082 0
      vertex 20.3707 -5.10258 0.799999
    endloop
  endfacet
  facet normal 0.188605 -0.681623 -0.706978
    outer loop
      vertex 6.09598 -20.0957 0.799999
      vertex 4.9082 -19.5946 0
      vertex 5.86375 -19.3302 0
    endloop
  endfacet
  facet normal -0.690003 -0.154923 -0.707032
    outer loop
      vertex -20.3707 -5.10258 0.799999
      vertex -20.5965 -4.0969 0.799999
      vertex -19.5946 -4.9082 0
    endloop
  endfacet
  facet normal -0.681549 -0.188671 -0.707031
    outer loop
      vertex -20.0957 -6.09598 0.799999
      vertex -20.3707 -5.10258 0.799999
      vertex -19.5946 -4.9082 0
    endloop
  endfacet
  facet normal 0.578187 0.407208 -0.707023
    outer loop
      vertex 17.4609 11.667 0.799999
      vertex 16.2248 12.0331 0
      vertex 16.8674 12.5097 0.799999
    endloop
  endfacet
  facet normal 0.578187 -0.407208 -0.707023
    outer loop
      vertex 16.8674 -12.5097 0.799999
      vertex 16.2248 -12.0331 0
      vertex 17.4609 -11.667 0.799999
    endloop
  endfacet
  facet normal -0.671536 -0.22183 -0.706987
    outer loop
      vertex -19.7724 -7.07469 0.799999
      vertex -20.0957 -6.09598 0.799999
      vertex -19.0192 -6.80517 0
    endloop
  endfacet
  facet normal 0.646532 -0.2866 -0.707005
    outer loop
      vertex 18.9838 -8.97866 0.799999
      vertex 18.2606 -8.63661 0
      vertex 18.6624 -7.7302 0
    endloop
  endfacet
  facet normal 0.535507 0.4619 -0.707023
    outer loop
      vertex 15.6148 12.8147 0
      vertex 14.9672 13.5655 0
      vertex 16.2332 13.3223 0.799999
    endloop
  endfacet
  facet normal -0.646541 0.286594 -0.707
    outer loop
      vertex -18.6624 7.7302 0
      vertex -19.4015 8.03635 0.799999
      vertex -18.9838 8.97866 0.799999
    endloop
  endfacet
  facet normal 0.512174 -0.48768 -0.706998
    outer loop
      vertex 15.56 -14.1027 0.799999
      vertex 14.8492 -14.8492 0.799999
      vertex 14.9672 -13.5655 0
    endloop
  endfacet
  facet normal 0.154923 -0.690003 -0.707032
    outer loop
      vertex 5.10258 -20.3707 0.799999
      vertex 4.0969 -20.5965 0.799999
      vertex 4.9082 -19.5946 0
    endloop
  endfacet
  facet normal -0.188671 0.681549 -0.707031
    outer loop
      vertex -4.9082 19.5946 0
      vertex -6.09598 20.0957 0.799999
      vertex -5.10258 20.3707 0.799999
    endloop
  endfacet
  facet normal -0.69003 -0.155 -0.706989
    outer loop
      vertex -19.5946 -4.9082 0
      vertex -20.5965 -4.0969 0.799999
      vertex -19.8119 -3.94082 0
    endloop
  endfacet
  facet normal -0.461941 0.535501 -0.707
    outer loop
      vertex -13.5655 14.9672 0
      vertex -14.1027 15.56 0.799999
      vertex -13.3223 16.2332 0.799999
    endloop
  endfacet
  facet normal 0.348554 0.615369 -0.706988
    outer loop
      vertex 10.7962 18.0123 0.799999
      vertex 9.52221 17.8148 0
      vertex 9.89933 18.5203 0.799999
    endloop
  endfacet
  facet normal 0.557501 0.435102 -0.707021
    outer loop
      vertex 16.2248 12.0331 0
      vertex 15.6148 12.8147 0
      vertex 16.2332 13.3223 0.799999
    endloop
  endfacet
  facet normal 0.67154 -0.221844 -0.706979
    outer loop
      vertex 20.0957 -6.09598 0.799999
      vertex 19.0192 -6.80517 0
      vertex 19.3302 -5.86375 0
    endloop
  endfacet
  facet normal 0.707 -0.0173332 -0.707001
    outer loop
      vertex 21 0 0.799999
      vertex 20.1757 -0.991166 0
      vertex 20.2 0 0
    endloop
  endfacet
  facet normal -0.67154 0.221844 -0.706979
    outer loop
      vertex -19.3302 5.86375 0
      vertex -20.0957 6.09598 0.799999
      vertex -19.0192 6.80517 0
    endloop
  endfacet
  facet normal 0.69682 -0.120899 -0.706983
    outer loop
      vertex 20.5965 -4.0969 0.799999
      vertex 19.9814 -2.96395 0
      vertex 20.7727 -3.08134 0.799999
    endloop
  endfacet
  facet normal 0.0520687 0.70527 -0.707024
    outer loop
      vertex 1.97995 20.1027 0
      vertex 0.991166 20.1757 0
      vertex 2.05836 20.8989 0.799999
    endloop
  endfacet
  facet normal 0.707016 0.0173594 -0.706985
    outer loop
      vertex 21 0 0.799999
      vertex 20.1757 0.991166 0
      vertex 20.9747 1.03042 0.799999
    endloop
  endfacet
  facet normal 0.705314 -0.0520096 -0.706985
    outer loop
      vertex 20.8989 -2.05836 0.799999
      vertex 20.1757 -0.991166 0
      vertex 20.9747 -1.03042 0.799999
    endloop
  endfacet
  facet normal -0.69682 0.120899 -0.706983
    outer loop
      vertex -19.9814 2.96395 0
      vertex -20.7727 3.08134 0.799999
      vertex -20.5965 4.0969 0.799999
    endloop
  endfacet
  facet normal -0.707016 -0.0173594 -0.706985
    outer loop
      vertex -20.9747 -1.03042 0.799999
      vertex -21 0 0.799999
      vertex -20.1757 -0.991166 0
    endloop
  endfacet
  facet normal 0.597476 0.378345 -0.70702
    outer loop
      vertex 17.3261 10.3849 0
      vertex 16.7957 11.2225 0
      vertex 17.4609 11.667 0.799999
    endloop
  endfacet
  facet normal 0.701909 -0.0865911 -0.706983
    outer loop
      vertex 20.7727 -3.08134 0.799999
      vertex 19.9814 -2.96395 0
      vertex 20.8989 -2.05836 0.799999
    endloop
  endfacet
  facet normal -0.286594 0.646541 -0.707
    outer loop
      vertex -7.7302 18.6624 0
      vertex -8.97866 18.9838 0.799999
      vertex -8.03635 19.4015 0.799999
    endloop
  endfacet
  facet normal 0.348554 -0.615369 -0.706988
    outer loop
      vertex 9.89933 -18.5203 0.799999
      vertex 9.52221 -17.8148 0
      vertex 10.7962 -18.0123 0.799999
    endloop
  endfacet
  facet normal -0.659831 0.254508 -0.707
    outer loop
      vertex -19.0192 6.80517 0
      vertex -19.4015 8.03635 0.799999
      vertex -18.6624 7.7302 0
    endloop
  endfacet
  facet normal 0.512174 0.48768 -0.706998
    outer loop
      vertex 14.9672 13.5655 0
      vertex 14.8492 14.8492 0.799999
      vertex 15.56 14.1027 0.799999
    endloop
  endfacet
  facet normal 0.646541 -0.286594 -0.707
    outer loop
      vertex 18.9838 -8.97866 0.799999
      vertex 18.6624 -7.7302 0
      vertex 19.4015 -8.03635 0.799999
    endloop
  endfacet
  facet normal 0.0173594 0.707016 -0.706985
    outer loop
      vertex 0.991166 20.1757 0
      vertex 0 21 0.799999
      vertex 1.03042 20.9747 0.799999
    endloop
  endfacet
  facet normal -0.318017 -0.631691 -0.706987
    outer loop
      vertex -8.97866 -18.9838 0.799999
      vertex -9.89933 -18.5203 0.799999
      vertex -9.52221 -17.8148 0
    endloop
  endfacet
  facet normal 0.0520096 -0.705314 -0.706985
    outer loop
      vertex 1.03042 -20.9747 0.799999
      vertex 0.991166 -20.1757 0
      vertex 2.05836 -20.8989 0.799999
    endloop
  endfacet
  facet normal -0.221844 0.67154 -0.706979
    outer loop
      vertex -5.86375 19.3302 0
      vertex -6.80517 19.0192 0
      vertex -6.09598 20.0957 0.799999
    endloop
  endfacet
  facet normal -0.671536 0.22183 -0.706987
    outer loop
      vertex -19.0192 6.80517 0
      vertex -20.0957 6.09598 0.799999
      vertex -19.7724 7.07469 0.799999
    endloop
  endfacet
  facet normal 0.487656 0.512267 -0.706947
    outer loop
      vertex 14.2836 14.2836 0
      vertex 13.5655 14.9672 0
      vertex 14.8492 14.8492 0.799999
    endloop
  endfacet
  facet normal -0.435102 0.557501 -0.707021
    outer loop
      vertex -12.8147 15.6148 0
      vertex -13.3223 16.2332 0.799999
      vertex -12.0331 16.2248 0
    endloop
  endfacet
  facet normal 0.671536 -0.22183 -0.706987
    outer loop
      vertex 19.7724 -7.07469 0.799999
      vertex 19.0192 -6.80517 0
      vertex 20.0957 -6.09598 0.799999
    endloop
  endfacet
  facet normal 0.535501 0.461941 -0.707
    outer loop
      vertex 16.2332 13.3223 0.799999
      vertex 14.9672 13.5655 0
      vertex 15.56 14.1027 0.799999
    endloop
  endfacet
  facet normal -0.681623 -0.188605 -0.706978
    outer loop
      vertex -19.3302 -5.86375 0
      vertex -20.0957 -6.09598 0.799999
      vertex -19.5946 -4.9082 0
    endloop
  endfacet
  facet normal 0.155 -0.69003 -0.706989
    outer loop
      vertex 4.0969 -20.5965 0.799999
      vertex 3.94082 -19.8119 0
      vertex 4.9082 -19.5946 0
    endloop
  endfacet
  facet normal -0.461941 -0.535501 -0.707
    outer loop
      vertex -13.3223 -16.2332 0.799999
      vertex -14.1027 -15.56 0.799999
      vertex -13.5655 -14.9672 0
    endloop
  endfacet
  facet normal 0.0865911 -0.701909 -0.706983
    outer loop
      vertex 3.08134 -20.7727 0.799999
      vertex 2.05836 -20.8989 0.799999
      vertex 2.96395 -19.9814 0
    endloop
  endfacet
  facet normal 0.671536 0.22183 -0.706987
    outer loop
      vertex 20.0957 6.09598 0.799999
      vertex 19.0192 6.80517 0
      vertex 19.7724 7.07469 0.799999
    endloop
  endfacet
  facet normal 0.378338 -0.597491 -0.707012
    outer loop
      vertex 10.7962 -18.0123 0.799999
      vertex 10.3849 -17.3261 0
      vertex 11.667 -17.4609 0.799999
    endloop
  endfacet
  facet normal -0.646532 0.2866 -0.707005
    outer loop
      vertex -18.6624 7.7302 0
      vertex -18.9838 8.97866 0.799999
      vertex -18.2606 8.63661 0
    endloop
  endfacet
  facet normal -0.286594 -0.646541 -0.707
    outer loop
      vertex -8.03635 -19.4015 0.799999
      vertex -8.97866 -18.9838 0.799999
      vertex -7.7302 -18.6624 0
    endloop
  endfacet
  facet normal 0.646541 0.286594 -0.707
    outer loop
      vertex 19.4015 8.03635 0.799999
      vertex 18.6624 7.7302 0
      vertex 18.9838 8.97866 0.799999
    endloop
  endfacet
  facet normal -0.318017 0.631691 -0.706987
    outer loop
      vertex -9.52221 17.8148 0
      vertex -9.89933 18.5203 0.799999
      vertex -8.97866 18.9838 0.799999
    endloop
  endfacet
  facet normal 0.435102 -0.557501 -0.707021
    outer loop
      vertex 13.3223 -16.2332 0.799999
      vertex 12.0331 -16.2248 0
      vertex 12.8147 -15.6148 0
    endloop
  endfacet
  facet normal -0.0520096 0.705314 -0.706985
    outer loop
      vertex -0.991166 20.1757 0
      vertex -2.05836 20.8989 0.799999
      vertex -1.03042 20.9747 0.799999
    endloop
  endfacet
  facet normal -0.615369 0.348554 -0.706988
    outer loop
      vertex -17.8148 9.52221 0
      vertex -18.5203 9.89933 0.799999
      vertex -18.0123 10.7962 0.799999
    endloop
  endfacet
  facet normal -0.254508 -0.659831 -0.707
    outer loop
      vertex -6.80517 -19.0192 0
      vertex -8.03635 -19.4015 0.799999
      vertex -7.7302 -18.6624 0
    endloop
  endfacet
  facet normal 0.407213 -0.578187 -0.707021
    outer loop
      vertex 11.667 -17.4609 0.799999
      vertex 11.2225 -16.7957 0
      vertex 12.0331 -16.2248 0
    endloop
  endfacet
  facet normal 0.615369 -0.348554 -0.706988
    outer loop
      vertex 18.0123 -10.7962 0.799999
      vertex 17.8148 -9.52221 0
      vertex 18.5203 -9.89933 0.799999
    endloop
  endfacet
  facet normal -0.705314 -0.0520096 -0.706985
    outer loop
      vertex -20.8989 -2.05836 0.799999
      vertex -20.9747 -1.03042 0.799999
      vertex -20.1757 -0.991166 0
    endloop
  endfacet
  facet normal -0.2866 0.646532 -0.707005
    outer loop
      vertex -8.63661 18.2606 0
      vertex -8.97866 18.9838 0.799999
      vertex -7.7302 18.6624 0
    endloop
  endfacet
  facet normal -0.407213 -0.578187 -0.707021
    outer loop
      vertex -11.667 -17.4609 0.799999
      vertex -12.0331 -16.2248 0
      vertex -11.2225 -16.7957 0
    endloop
  endfacet
  facet normal 0.61533 -0.348575 -0.707011
    outer loop
      vertex 18.0123 -10.7962 0.799999
      vertex 17.3261 -10.3849 0
      vertex 17.8148 -9.52221 0
    endloop
  endfacet
  facet normal 0.221844 -0.67154 -0.706979
    outer loop
      vertex 6.09598 -20.0957 0.799999
      vertex 5.86375 -19.3302 0
      vertex 6.80517 -19.0192 0
    endloop
  endfacet
  facet normal 0.70527 -0.0520687 -0.707024
    outer loop
      vertex 20.8989 -2.05836 0.799999
      vertex 20.1027 -1.97995 0
      vertex 20.1757 -0.991166 0
    endloop
  endfacet
  facet normal 0.69682 0.120899 -0.706983
    outer loop
      vertex 20.7727 3.08134 0.799999
      vertex 19.9814 2.96395 0
      vertex 20.5965 4.0969 0.799999
    endloop
  endfacet
  facet normal 0 0 -1
    outer loop
      vertex 20.1757 -0.991166 0
      vertex 20.1757 0.991166 0
      vertex 20.2 0 0
    endloop
  endfacet
  facet normal 0 0 -1
    outer loop
      vertex 20.1027 -1.97995 0
      vertex 20.1757 0.991166 0
      vertex 20.1757 -0.991166 0
    endloop
  endfacet
  facet normal 0 0 -1
    outer loop
      vertex 20.1027 -1.97995 0
      vertex 20.1027 1.97995 0
      vertex 20.1757 0.991166 0
    endloop
  endfacet
  facet normal 0 0 -1
    outer loop
      vertex 19.9814 -2.96395 0
      vertex 20.1027 1.97995 0
      vertex 20.1027 -1.97995 0
    endloop
  endfacet
  facet normal 0 0 -1
    outer loop
      vertex 19.9814 -2.96395 0
      vertex 19.9814 2.96395 0
      vertex 20.1027 1.97995 0
    endloop
  endfacet
  facet normal 0 0 -1
    outer loop
      vertex 19.8119 -3.94082 0
      vertex 19.9814 2.96395 0
      vertex 19.9814 -2.96395 0
    endloop
  endfacet
  facet normal 0 0 -1
    outer loop
      vertex 19.8119 -3.94082 0
      vertex 19.8119 3.94082 0
      vertex 19.9814 2.96395 0
    endloop
  endfacet
  facet normal 0 0 -1
    outer loop
      vertex 19.5946 -4.9082 0
      vertex 19.8119 3.94082 0
      vertex 19.8119 -3.94082 0
    endloop
  endfacet
  facet normal 0 0 -1
    outer loop
      vertex 19.5946 -4.9082 0
      vertex 19.5946 4.9082 0
      vertex 19.8119 3.94082 0
    endloop
  endfacet
  facet normal 0 0 -1
    outer loop
      vertex 19.3302 -5.86375 0
      vertex 19.5946 4.9082 0
      vertex 19.5946 -4.9082 0
    endloop
  endfacet
  facet normal 0 0 -1
    outer loop
      vertex 19.3302 -5.86375 0
      vertex 19.3302 5.86375 0
      vertex 19.5946 4.9082 0
    endloop
  endfacet
  facet normal 0 0 -1
    outer loop
      vertex 19.0192 -6.80517 0
      vertex 19.3302 5.86375 0
      vertex 19.3302 -5.86375 0
    endloop
  endfacet
  facet normal 0 0 -1
    outer loop
      vertex 19.0192 -6.80517 0
      vertex 19.0192 6.80517 0
      vertex 19.3302 5.86375 0
    endloop
  endfacet
  facet normal 0 0 -1
    outer loop
      vertex 18.6624 -7.7302 0
      vertex 19.0192 6.80517 0
      vertex 19.0192 -6.80517 0
    endloop
  endfacet
  facet normal 0 0 -1
    outer loop
      vertex 18.6624 -7.7302 0
      vertex 18.6624 7.7302 0
      vertex 19.0192 6.80517 0
    endloop
  endfacet
  facet normal 0 0 -1
    outer loop
      vertex 18.2606 -8.63661 0
      vertex 18.6624 7.7302 0
      vertex 18.6624 -7.7302 0
    endloop
  endfacet
  facet normal 0 0 -1
    outer loop
      vertex 18.2606 -8.63661 0
      vertex 18.2606 8.63661 0
      vertex 18.6624 7.7302 0
    endloop
  endfacet
  facet normal 0 0 -1
    outer loop
      vertex 17.8148 -9.52221 0
      vertex 18.2606 8.63661 0
      vertex 18.2606 -8.63661 0
    endloop
  endfacet
  facet normal 0 0 -1
    outer loop
      vertex 17.8148 -9.52221 0
      vertex 17.8148 9.52221 0
      vertex 18.2606 8.63661 0
    endloop
  endfacet
  facet normal 0 0 -1
    outer loop
      vertex 17.3261 -10.3849 0
      vertex 17.8148 9.52221 0
      vertex 17.8148 -9.52221 0
    endloop
  endfacet
  facet normal 0 0 -1
    outer loop
      vertex 17.3261 -10.3849 0
      vertex 17.3261 10.3849 0
      vertex 17.8148 9.52221 0
    endloop
  endfacet
  facet normal 0 0 -1
    outer loop
      vertex 16.7957 -11.2225 0
      vertex 17.3261 10.3849 0
      vertex 17.3261 -10.3849 0
    endloop
  endfacet
  facet normal 0 0 -1
    outer loop
      vertex 16.7957 -11.2225 0
      vertex 16.7957 11.2225 0
      vertex 17.3261 10.3849 0
    endloop
  endfacet
  facet normal 0 0 -1
    outer loop
      vertex 16.2248 -12.0331 0
      vertex 16.7957 11.2225 0
      vertex 16.7957 -11.2225 0
    endloop
  endfacet
  facet normal 0 0 -1
    outer loop
      vertex 16.2248 -12.0331 0
      vertex 16.2248 12.0331 0
      vertex 16.7957 11.2225 0
    endloop
  endfacet
  facet normal 0 0 -1
    outer loop
      vertex 15.6148 -12.8147 0
      vertex 16.2248 12.0331 0
      vertex 16.2248 -12.0331 0
    endloop
  endfacet
  facet normal 0 0 -1
    outer loop
      vertex 15.6148 -12.8147 0
      vertex 15.6148 12.8147 0
      vertex 16.2248 12.0331 0
    endloop
  endfacet
  facet normal 0 0 -1
    outer loop
      vertex 14.9672 -13.5655 0
      vertex 15.6148 12.8147 0
      vertex 15.6148 -12.8147 0
    endloop
  endfacet
  facet normal 0 0 -1
    outer loop
      vertex 14.9672 -13.5655 0
      vertex 14.9672 13.5655 0
      vertex 15.6148 12.8147 0
    endloop
  endfacet
  facet normal 0 0 -1
    outer loop
      vertex 14.2836 -14.2836 0
      vertex 14.9672 13.5655 0
      vertex 14.9672 -13.5655 0
    endloop
  endfacet
  facet normal 0 0 -1
    outer loop
      vertex 14.2836 -14.2836 0
      vertex 14.2836 14.2836 0
      vertex 14.9672 13.5655 0
    endloop
  endfacet
  facet normal 0 0 -1
    outer loop
      vertex 13.5655 -14.9672 0
      vertex 14.2836 14.2836 0
      vertex 14.2836 -14.2836 0
    endloop
  endfacet
  facet normal 0 0 -1
    outer loop
      vertex 13.5655 -14.9672 0
      vertex 13.5655 14.9672 0
      vertex 14.2836 14.2836 0
    endloop
  endfacet
  facet normal 0 0 -1
    outer loop
      vertex 12.8147 -15.6148 0
      vertex 13.5655 14.9672 0
      vertex 13.5655 -14.9672 0
    endloop
  endfacet
  facet normal 0 0 -1
    outer loop
      vertex 12.8147 -15.6148 0
      vertex 12.8147 15.6148 0
      vertex 13.5655 14.9672 0
    endloop
  endfacet
  facet normal 0 0 -1
    outer loop
      vertex 12.0331 -16.2248 0
      vertex 12.8147 15.6148 0
      vertex 12.8147 -15.6148 0
    endloop
  endfacet
  facet normal 0 0 -1
    outer loop
      vertex 12.0331 -16.2248 0
      vertex 12.0331 16.2248 0
      vertex 12.8147 15.6148 0
    endloop
  endfacet
  facet normal 0 0 -1
    outer loop
      vertex 11.2225 -16.7957 0
      vertex 12.0331 16.2248 0
      vertex 12.0331 -16.2248 0
    endloop
  endfacet
  facet normal 0 0 -1
    outer loop
      vertex 11.2225 -16.7957 0
      vertex 11.2225 16.7957 0
      vertex 12.0331 16.2248 0
    endloop
  endfacet
  facet normal 0 0 -1
    outer loop
      vertex 10.3849 -17.3261 0
      vertex 11.2225 16.7957 0
      vertex 11.2225 -16.7957 0
    endloop
  endfacet
  facet normal 0 0 -1
    outer loop
      vertex 10.3849 -17.3261 0
      vertex 10.3849 17.3261 0
      vertex 11.2225 16.7957 0
    endloop
  endfacet
  facet normal 0 0 -1
    outer loop
      vertex 9.52221 -17.8148 0
      vertex 10.3849 17.3261 0
      vertex 10.3849 -17.3261 0
    endloop
  endfacet
  facet normal 0 0 -1
    outer loop
      vertex 9.52221 -17.8148 0
      vertex 9.52221 17.8148 0
      vertex 10.3849 17.3261 0
    endloop
  endfacet
  facet normal 0 0 -1
    outer loop
      vertex 8.63661 -18.2606 0
      vertex 9.52221 17.8148 0
      vertex 9.52221 -17.8148 0
    endloop
  endfacet
  facet normal 0 0 -1
    outer loop
      vertex 8.63661 -18.2606 0
      vertex 8.63661 18.2606 0
      vertex 9.52221 17.8148 0
    endloop
  endfacet
  facet normal 0 0 -1
    outer loop
      vertex 7.7302 -18.6624 0
      vertex 8.63661 18.2606 0
      vertex 8.63661 -18.2606 0
    endloop
  endfacet
  facet normal 0 0 -1
    outer loop
      vertex 7.7302 -18.6624 0
      vertex 7.7302 18.6624 0
      vertex 8.63661 18.2606 0
    endloop
  endfacet
  facet normal 0 0 -1
    outer loop
      vertex 6.80517 -19.0192 0
      vertex 7.7302 18.6624 0
      vertex 7.7302 -18.6624 0
    endloop
  endfacet
  facet normal 0 0 -1
    outer loop
      vertex 6.80517 -19.0192 0
      vertex 6.80517 19.0192 0
      vertex 7.7302 18.6624 0
    endloop
  endfacet
  facet normal 0 0 -1
    outer loop
      vertex 5.86375 -19.3302 0
      vertex 6.80517 19.0192 0
      vertex 6.80517 -19.0192 0
    endloop
  endfacet
  facet normal 0 0 -1
    outer loop
      vertex 5.86375 -19.3302 0
      vertex 5.86375 19.3302 0
      vertex 6.80517 19.0192 0
    endloop
  endfacet
  facet normal 0 0 -1
    outer loop
      vertex 4.9082 -19.5946 0
      vertex 5.86375 19.3302 0
      vertex 5.86375 -19.3302 0
    endloop
  endfacet
  facet normal 0 0 -1
    outer loop
      vertex 4.9082 -19.5946 0
      vertex 4.9082 19.5946 0
      vertex 5.86375 19.3302 0
    endloop
  endfacet
  facet normal 0 0 -1
    outer loop
      vertex 3.94082 -19.8119 0
      vertex 4.9082 19.5946 0
      vertex 4.9082 -19.5946 0
    endloop
  endfacet
  facet normal 0 0 -1
    outer loop
      vertex 3.94082 -19.8119 0
      vertex 3.94082 19.8119 0
      vertex 4.9082 19.5946 0
    endloop
  endfacet
  facet normal 0 0 -1
    outer loop
      vertex 2.96395 -19.9814 0
      vertex 3.94082 19.8119 0
      vertex 3.94082 -19.8119 0
    endloop
  endfacet
  facet normal 0 0 -1
    outer loop
      vertex 2.96395 -19.9814 0
      vertex 2.96395 19.9814 0
      vertex 3.94082 19.8119 0
    endloop
  endfacet
  facet normal 0 0 -1
    outer loop
      vertex 1.97995 -20.1027 0
      vertex 2.96395 19.9814 0
      vertex 2.96395 -19.9814 0
    endloop
  endfacet
  facet normal 0 0 -1
    outer loop
      vertex 1.97995 -20.1027 0
      vertex 1.97995 20.1027 0
      vertex 2.96395 19.9814 0
    endloop
  endfacet
  facet normal 0 0 -1
    outer loop
      vertex 0.991166 -20.1757 0
      vertex 1.97995 20.1027 0
      vertex 1.97995 -20.1027 0
    endloop
  endfacet
  facet normal 0 0 -1
    outer loop
      vertex 0.991166 -20.1757 0
      vertex 0.991166 20.1757 0
      vertex 1.97995 20.1027 0
    endloop
  endfacet
  facet normal 0 0 -1
    outer loop
      vertex 0 -20.2 0
      vertex 0.991166 20.1757 0
      vertex 0.991166 -20.1757 0
    endloop
  endfacet
  facet normal 0 0 -1
    outer loop
      vertex 0 -20.2 0
      vertex 0 20.2 0
      vertex 0.991166 20.1757 0
    endloop
  endfacet
  facet normal 0 0 -1
    outer loop
      vertex -0.991166 -20.1757 0
      vertex 0 20.2 0
      vertex 0 -20.2 0
    endloop
  endfacet
  facet normal 0 0 -1
    outer loop
      vertex -0.991166 -20.1757 0
      vertex -0.991166 20.1757 0
      vertex 0 20.2 0
    endloop
  endfacet
  facet normal 0 0 -1
    outer loop
      vertex -1.97995 -20.1027 0
      vertex -0.991166 20.1757 0
      vertex -0.991166 -20.1757 0
    endloop
  endfacet
  facet normal 0 0 -1
    outer loop
      vertex -1.97995 -20.1027 0
      vertex -1.97995 20.1027 0
      vertex -0.991166 20.1757 0
    endloop
  endfacet
  facet normal 0 0 -1
    outer loop
      vertex -2.96395 -19.9814 0
      vertex -1.97995 20.1027 0
      vertex -1.97995 -20.1027 0
    endloop
  endfacet
  facet normal 0 0 -1
    outer loop
      vertex -2.96395 -19.9814 0
      vertex -2.96395 19.9814 0
      vertex -1.97995 20.1027 0
    endloop
  endfacet
  facet normal 0 0 -1
    outer loop
      vertex -3.94082 -19.8119 0
      vertex -2.96395 19.9814 0
      vertex -2.96395 -19.9814 0
    endloop
  endfacet
  facet normal 0 0 -1
    outer loop
      vertex -3.94082 -19.8119 0
      vertex -3.94082 19.8119 0
      vertex -2.96395 19.9814 0
    endloop
  endfacet
  facet normal 0 0 -1
    outer loop
      vertex -4.9082 -19.5946 0
      vertex -3.94082 19.8119 0
      vertex -3.94082 -19.8119 0
    endloop
  endfacet
  facet normal 0 0 -1
    outer loop
      vertex -4.9082 -19.5946 0
      vertex -4.9082 19.5946 0
      vertex -3.94082 19.8119 0
    endloop
  endfacet
  facet normal 0 0 -1
    outer loop
      vertex -5.86375 -19.3302 0
      vertex -4.9082 19.5946 0
      vertex -4.9082 -19.5946 0
    endloop
  endfacet
  facet normal 0 0 -1
    outer loop
      vertex -5.86375 -19.3302 0
      vertex -5.86375 19.3302 0
      vertex -4.9082 19.5946 0
    endloop
  endfacet
  facet normal 0 0 -1
    outer loop
      vertex -6.80517 -19.0192 0
      vertex -5.86375 19.3302 0
      vertex -5.86375 -19.3302 0
    endloop
  endfacet
  facet normal 0 0 -1
    outer loop
      vertex -6.80517 -19.0192 0
      vertex -6.80517 19.0192 0
      vertex -5.86375 19.3302 0
    endloop
  endfacet
  facet normal 0 0 -1
    outer loop
      vertex -7.7302 -18.6624 0
      vertex -6.80517 19.0192 0
      vertex -6.80517 -19.0192 0
    endloop
  endfacet
  facet normal 0 0 -1
    outer loop
      vertex -7.7302 -18.6624 0
      vertex -7.7302 18.6624 0
      vertex -6.80517 19.0192 0
    endloop
  endfacet
  facet normal 0 0 -1
    outer loop
      vertex -8.63661 -18.2606 0
      vertex -7.7302 18.6624 0
      vertex -7.7302 -18.6624 0
    endloop
  endfacet
  facet normal 0 0 -1
    outer loop
      vertex -8.63661 -18.2606 0
      vertex -8.63661 18.2606 0
      vertex -7.7302 18.6624 0
    endloop
  endfacet
  facet normal 0 0 -1
    outer loop
      vertex -9.52221 -17.8148 0
      vertex -8.63661 18.2606 0
      vertex -8.63661 -18.2606 0
    endloop
  endfacet
  facet normal 0 0 -1
    outer loop
      vertex -9.52221 -17.8148 0
      vertex -9.52221 17.8148 0
      vertex -8.63661 18.2606 0
    endloop
  endfacet
  facet normal 0 0 -1
    outer loop
      vertex -10.3849 -17.3261 0
      vertex -9.52221 17.8148 0
      vertex -9.52221 -17.8148 0
    endloop
  endfacet
  facet normal 0 0 -1
    outer loop
      vertex -10.3849 -17.3261 0
      vertex -10.3849 17.3261 0
      vertex -9.52221 17.8148 0
    endloop
  endfacet
  facet normal 0 0 -1
    outer loop
      vertex -11.2225 -16.7957 0
      vertex -10.3849 17.3261 0
      vertex -10.3849 -17.3261 0
    endloop
  endfacet
  facet normal 0 0 -1
    outer loop
      vertex -11.2225 -16.7957 0
      vertex -11.2225 16.7957 0
      vertex -10.3849 17.3261 0
    endloop
  endfacet
  facet normal 0 0 -1
    outer loop
      vertex -12.0331 -16.2248 0
      vertex -11.2225 16.7957 0
      vertex -11.2225 -16.7957 0
    endloop
  endfacet
  facet normal 0 0 -1
    outer loop
      vertex -12.0331 -16.2248 0
      vertex -12.0331 16.2248 0
      vertex -11.2225 16.7957 0
    endloop
  endfacet
  facet normal 0 0 -1
    outer loop
      vertex -12.8147 -15.6148 0
      vertex -12.0331 16.2248 0
      vertex -12.0331 -16.2248 0
    endloop
  endfacet
  facet normal 0 0 -1
    outer loop
      vertex -12.8147 -15.6148 0
      vertex -12.8147 15.6148 0
      vertex -12.0331 16.2248 0
    endloop
  endfacet
  facet normal 0 0 -1
    outer loop
      vertex -13.5655 -14.9672 0
      vertex -12.8147 15.6148 0
      vertex -12.8147 -15.6148 0
    endloop
  endfacet
  facet normal 0 0 -1
    outer loop
      vertex -13.5655 -14.9672 0
      vertex -13.5655 14.9672 0
      vertex -12.8147 15.6148 0
    endloop
  endfacet
  facet normal 0 0 -1
    outer loop
      vertex -14.2836 -14.2836 0
      vertex -13.5655 14.9672 0
      vertex -13.5655 -14.9672 0
    endloop
  endfacet
  facet normal 0 0 -1
    outer loop
      vertex -14.2836 -14.2836 0
      vertex -14.2836 14.2836 0
      vertex -13.5655 14.9672 0
    endloop
  endfacet
  facet normal 0 0 -1
    outer loop
      vertex -14.9672 -13.5655 0
      vertex -14.2836 14.2836 0
      vertex -14.2836 -14.2836 0
    endloop
  endfacet
  facet normal 0 0 -1
    outer loop
      vertex -14.9672 -13.5655 0
      vertex -14.9672 13.5655 0
      vertex -14.2836 14.2836 0
    endloop
  endfacet
  facet normal 0 0 -1
    outer loop
      vertex -15.6148 -12.8147 0
      vertex -14.9672 13.5655 0
      vertex -14.9672 -13.5655 0
    endloop
  endfacet
  facet normal 0 0 -1
    outer loop
      vertex -15.6148 -12.8147 0
      vertex -15.6148 12.8147 0
      vertex -14.9672 13.5655 0
    endloop
  endfacet
  facet normal 0 0 -1
    outer loop
      vertex -16.2248 -12.0331 0
      vertex -15.6148 12.8147 0
      vertex -15.6148 -12.8147 0
    endloop
  endfacet
  facet normal 0 0 -1
    outer loop
      vertex -16.2248 -12.0331 0
      vertex -16.2248 12.0331 0
      vertex -15.6148 12.8147 0
    endloop
  endfacet
  facet normal 0 0 -1
    outer loop
      vertex -16.7957 -11.2225 0
      vertex -16.2248 12.0331 0
      vertex -16.2248 -12.0331 0
    endloop
  endfacet
  facet normal 0 0 -1
    outer loop
      vertex -16.7957 -11.2225 0
      vertex -16.7957 11.2225 0
      vertex -16.2248 12.0331 0
    endloop
  endfacet
  facet normal 0 0 -1
    outer loop
      vertex -17.3261 -10.3849 0
      vertex -16.7957 11.2225 0
      vertex -16.7957 -11.2225 0
    endloop
  endfacet
  facet normal 0 0 -1
    outer loop
      vertex -17.3261 -10.3849 0
      vertex -17.3261 10.3849 0
      vertex -16.7957 11.2225 0
    endloop
  endfacet
  facet normal 0 0 -1
    outer loop
      vertex -17.8148 -9.52221 0
      vertex -17.3261 10.3849 0
      vertex -17.3261 -10.3849 0
    endloop
  endfacet
  facet normal 0 0 -1
    outer loop
      vertex -17.8148 -9.52221 0
      vertex -17.8148 9.52221 0
      vertex -17.3261 10.3849 0
    endloop
  endfacet
  facet normal 0 0 -1
    outer loop
      vertex -18.2606 -8.63661 0
      vertex -17.8148 9.52221 0
      vertex -17.8148 -9.52221 0
    endloop
  endfacet
  facet normal 0 0 -1
    outer loop
      vertex -18.2606 -8.63661 0
      vertex -18.2606 8.63661 0
      vertex -17.8148 9.52221 0
    endloop
  endfacet
  facet normal 0 0 -1
    outer loop
      vertex -18.6624 -7.7302 0
      vertex -18.2606 8.63661 0
      vertex -18.2606 -8.63661 0
    endloop
  endfacet
  facet normal 0 0 -1
    outer loop
      vertex -18.6624 -7.7302 0
      vertex -18.6624 7.7302 0
      vertex -18.2606 8.63661 0
    endloop
  endfacet
  facet normal 0 0 -1
    outer loop
      vertex -19.0192 -6.80517 0
      vertex -18.6624 7.7302 0
      vertex -18.6624 -7.7302 0
    endloop
  endfacet
  facet normal 0 0 -1
    outer loop
      vertex -19.0192 -6.80517 0
      vertex -19.0192 6.80517 0
      vertex -18.6624 7.7302 0
    endloop
  endfacet
  facet normal 0 0 -1
    outer loop
      vertex -19.3302 -5.86375 0
      vertex -19.0192 6.80517 0
      vertex -19.0192 -6.80517 0
    endloop
  endfacet
  facet normal 0 0 -1
    outer loop
      vertex -19.3302 -5.86375 0
      vertex -19.3302 5.86375 0
      vertex -19.0192 6.80517 0
    endloop
  endfacet
  facet normal 0 0 -1
    outer loop
      vertex -19.5946 -4.9082 0
      vertex -19.3302 5.86375 0
      vertex -19.3302 -5.86375 0
    endloop
  endfacet
  facet normal 0 0 -1
    outer loop
      vertex -19.5946 -4.9082 0
      vertex -19.5946 4.9082 0
      vertex -19.3302 5.86375 0
    endloop
  endfacet
  facet normal 0 0 -1
    outer loop
      vertex -19.8119 -3.94082 0
      vertex -19.5946 4.9082 0
      vertex -19.5946 -4.9082 0
    endloop
  endfacet
  facet normal 0 0 -1
    outer loop
      vertex -19.8119 -3.94082 0
      vertex -19.8119 3.94082 0
      vertex -19.5946 4.9082 0
    endloop
  endfacet
  facet normal 0 0 -1
    outer loop
      vertex -19.9814 -2.96395 0
      vertex -19.8119 3.94082 0
      vertex -19.8119 -3.94082 0
    endloop
  endfacet
  facet normal 0 0 -1
    outer loop
      vertex -19.9814 -2.96395 0
      vertex -19.9814 2.96395 0
      vertex -19.8119 3.94082 0
    endloop
  endfacet
  facet normal 0 0 -1
    outer loop
      vertex -20.1027 -1.97995 0
      vertex -19.9814 2.96395 0
      vertex -19.9814 -2.96395 0
    endloop
  endfacet
  facet normal 0 0 -1
    outer loop
      vertex -20.1027 -1.97995 0
      vertex -20.1027 1.97995 0
      vertex -19.9814 2.96395 0
    endloop
  endfacet
  facet normal 0 0 -1
    outer loop
      vertex -20.1757 -0.991166 0
      vertex -20.1027 1.97995 0
      vertex -20.1027 -1.97995 0
    endloop
  endfacet
  facet normal 0 0 -1
    outer loop
      vertex -20.1757 -0.991166 0
      vertex -20.1757 0.991166 0
      vertex -20.1027 1.97995 0
    endloop
  endfacet
  facet normal 0 -0 -1
    outer loop
      vertex -20.1757 0.991166 0
      vertex -20.1757 -0.991166 0
      vertex -20.2 0 0
    endloop
  endfacet
  facet normal -0.0520687 0.70527 -0.707024
    outer loop
      vertex -1.97995 20.1027 0
      vertex -2.05836 20.8989 0.799999
      vertex -0.991166 20.1757 0
    endloop
  endfacet
  facet normal 0.578187 -0.407213 -0.707021
    outer loop
      vertex 17.4609 -11.667 0.799999
      vertex 16.2248 -12.0331 0
      vertex 16.7957 -11.2225 0
    endloop
  endfacet
  facet normal -0.557497 0.435103 -0.707023
    outer loop
      vertex -16.2248 12.0331 0
      vertex -16.8674 12.5097 0.799999
      vertex -16.2332 13.3223 0.799999
    endloop
  endfacet
  facet normal 0.0520096 0.705314 -0.706985
    outer loop
      vertex 2.05836 20.8989 0.799999
      vertex 0.991166 20.1757 0
      vertex 1.03042 20.9747 0.799999
    endloop
  endfacet
  facet normal 0.557497 -0.435103 -0.707023
    outer loop
      vertex 16.2332 -13.3223 0.799999
      vertex 16.2248 -12.0331 0
      vertex 16.8674 -12.5097 0.799999
    endloop
  endfacet
  facet normal -0.378338 -0.597491 -0.707012
    outer loop
      vertex -10.7962 -18.0123 0.799999
      vertex -11.667 -17.4609 0.799999
      vertex -10.3849 -17.3261 0
    endloop
  endfacet
  facet normal 0.69003 0.155 -0.706989
    outer loop
      vertex 19.8119 3.94082 0
      vertex 19.5946 4.9082 0
      vertex 20.5965 4.0969 0.799999
    endloop
  endfacet
  facet normal 0.155 0.69003 -0.706989
    outer loop
      vertex 4.9082 19.5946 0
      vertex 3.94082 19.8119 0
      vertex 4.0969 20.5965 0.799999
    endloop
  endfacet
  facet normal -0.512174 0.48768 -0.706998
    outer loop
      vertex -14.9672 13.5655 0
      vertex -15.56 14.1027 0.799999
      vertex -14.8492 14.8492 0.799999
    endloop
  endfacet
  facet normal -0.0173332 -0.707 -0.707001
    outer loop
      vertex 0 -21 0.799999
      vertex -0.991166 -20.1757 0
      vertex 0 -20.2 0
    endloop
  endfacet
  facet normal -0.086522 0.701877 -0.707024
    outer loop
      vertex -1.97995 20.1027 0
      vertex -2.96395 19.9814 0
      vertex -2.05836 20.8989 0.799999
    endloop
  endfacet
  facet normal 0.120899 -0.69682 -0.706983
    outer loop
      vertex 3.08134 -20.7727 0.799999
      vertex 2.96395 -19.9814 0
      vertex 4.0969 -20.5965 0.799999
    endloop
  endfacet
  facet normal 0.487656 -0.512267 -0.706947
    outer loop
      vertex 14.8492 -14.8492 0.799999
      vertex 13.5655 -14.9672 0
      vertex 14.2836 -14.2836 0
    endloop
  endfacet
  facet normal 0.378345 0.597476 -0.70702
    outer loop
      vertex 11.2225 16.7957 0
      vertex 10.3849 17.3261 0
      vertex 11.667 17.4609 0.799999
    endloop
  endfacet
  facet normal 0.286594 0.646541 -0.707
    outer loop
      vertex 8.97866 18.9838 0.799999
      vertex 7.7302 18.6624 0
      vertex 8.03635 19.4015 0.799999
    endloop
  endfacet
  facet normal -0.659849 0.254495 -0.706988
    outer loop
      vertex -19.0192 6.80517 0
      vertex -19.7724 7.07469 0.799999
      vertex -19.4015 8.03635 0.799999
    endloop
  endfacet
  facet normal -0.696813 0.120906 -0.706989
    outer loop
      vertex -19.9814 2.96395 0
      vertex -20.5965 4.0969 0.799999
      vertex -19.8119 3.94082 0
    endloop
  endfacet
  facet normal -0.487656 -0.512267 -0.706947
    outer loop
      vertex -13.5655 -14.9672 0
      vertex -14.8492 -14.8492 0.799999
      vertex -14.2836 -14.2836 0
    endloop
  endfacet
  facet normal 0.086522 0.701877 -0.707024
    outer loop
      vertex 2.96395 19.9814 0
      vertex 1.97995 20.1027 0
      vertex 2.05836 20.8989 0.799999
    endloop
  endfacet
  facet normal -0.348575 -0.61533 -0.707011
    outer loop
      vertex -9.52221 -17.8148 0
      vertex -10.7962 -18.0123 0.799999
      vertex -10.3849 -17.3261 0
    endloop
  endfacet
  facet normal 0.535501 -0.461941 -0.707
    outer loop
      vertex 15.56 -14.1027 0.799999
      vertex 14.9672 -13.5655 0
      vertex 16.2332 -13.3223 0.799999
    endloop
  endfacet
  facet normal -0.154923 -0.690003 -0.707032
    outer loop
      vertex -4.0969 -20.5965 0.799999
      vertex -5.10258 -20.3707 0.799999
      vertex -4.9082 -19.5946 0
    endloop
  endfacet
  facet normal 0.318017 0.631691 -0.706987
    outer loop
      vertex 9.52221 17.8148 0
      vertex 8.97866 18.9838 0.799999
      vertex 9.89933 18.5203 0.799999
    endloop
  endfacet
  facet normal -0.317984 0.631688 -0.707005
    outer loop
      vertex -8.63661 18.2606 0
      vertex -9.52221 17.8148 0
      vertex -8.97866 18.9838 0.799999
    endloop
  endfacet
  facet normal 0.120906 -0.696813 -0.706989
    outer loop
      vertex 4.0969 -20.5965 0.799999
      vertex 2.96395 -19.9814 0
      vertex 3.94082 -19.8119 0
    endloop
  endfacet
  facet normal -0.631688 -0.317984 -0.707005
    outer loop
      vertex -17.8148 -9.52221 0
      vertex -18.9838 -8.97866 0.799999
      vertex -18.2606 -8.63661 0
    endloop
  endfacet
  facet normal -0.707016 0.0173594 -0.706985
    outer loop
      vertex -20.1757 0.991166 0
      vertex -21 0 0.799999
      vertex -20.9747 1.03042 0.799999
    endloop
  endfacet
  facet normal -0.705314 0.0520096 -0.706985
    outer loop
      vertex -20.1757 0.991166 0
      vertex -20.9747 1.03042 0.799999
      vertex -20.8989 2.05836 0.799999
    endloop
  endfacet
  facet normal 0.22183 -0.671536 -0.706987
    outer loop
      vertex 7.07469 -19.7724 0.799999
      vertex 6.09598 -20.0957 0.799999
      vertex 6.80517 -19.0192 0
    endloop
  endfacet
  facet normal 0.681549 0.188671 -0.707031
    outer loop
      vertex 20.3707 5.10258 0.799999
      vertex 19.5946 4.9082 0
      vertex 20.0957 6.09598 0.799999
    endloop
  endfacet
  facet normal 0.0173332 -0.707 -0.707001
    outer loop
      vertex 0.991166 -20.1757 0
      vertex 0 -21 0.799999
      vertex 0 -20.2 0
    endloop
  endfacet
  facet normal -0.646541 -0.286594 -0.707
    outer loop
      vertex -18.9838 -8.97866 0.799999
      vertex -19.4015 -8.03635 0.799999
      vertex -18.6624 -7.7302 0
    endloop
  endfacet
  facet normal -0.221844 -0.67154 -0.706979
    outer loop
      vertex -6.09598 -20.0957 0.799999
      vertex -6.80517 -19.0192 0
      vertex -5.86375 -19.3302 0
    endloop
  endfacet
  facet normal -0.0865911 -0.701909 -0.706983
    outer loop
      vertex -2.05836 -20.8989 0.799999
      vertex -3.08134 -20.7727 0.799999
      vertex -2.96395 -19.9814 0
    endloop
  endfacet
  facet normal 0.597491 0.378338 -0.707012
    outer loop
      vertex 18.0123 10.7962 0.799999
      vertex 17.3261 10.3849 0
      vertex 17.4609 11.667 0.799999
    endloop
  endfacet
  facet normal -0.535507 0.4619 -0.707023
    outer loop
      vertex -15.6148 12.8147 0
      vertex -16.2332 13.3223 0.799999
      vertex -14.9672 13.5655 0
    endloop
  endfacet
  facet normal 0.681623 0.188605 -0.706978
    outer loop
      vertex 19.5946 4.9082 0
      vertex 19.3302 5.86375 0
      vertex 20.0957 6.09598 0.799999
    endloop
  endfacet
  facet normal -0.701909 -0.0865911 -0.706983
    outer loop
      vertex -20.7727 -3.08134 0.799999
      vertex -20.8989 -2.05836 0.799999
      vertex -19.9814 -2.96395 0
    endloop
  endfacet
  facet normal 0.22183 0.671536 -0.706987
    outer loop
      vertex 6.80517 19.0192 0
      vertex 6.09598 20.0957 0.799999
      vertex 7.07469 19.7724 0.799999
    endloop
  endfacet
  facet normal 0.254495 0.659849 -0.706988
    outer loop
      vertex 8.03635 19.4015 0.799999
      vertex 6.80517 19.0192 0
      vertex 7.07469 19.7724 0.799999
    endloop
  endfacet
  facet normal 0.120899 0.69682 -0.706983
    outer loop
      vertex 4.0969 20.5965 0.799999
      vertex 2.96395 19.9814 0
      vertex 3.08134 20.7727 0.799999
    endloop
  endfacet
  facet normal 0.557497 0.435103 -0.707023
    outer loop
      vertex 16.8674 12.5097 0.799999
      vertex 16.2248 12.0331 0
      vertex 16.2332 13.3223 0.799999
    endloop
  endfacet
  facet normal -0.512174 -0.48768 -0.706998
    outer loop
      vertex -14.8492 -14.8492 0.799999
      vertex -15.56 -14.1027 0.799999
      vertex -14.9672 -13.5655 0
    endloop
  endfacet
  facet normal 0.4619 -0.535507 -0.707023
    outer loop
      vertex 13.3223 -16.2332 0.799999
      vertex 12.8147 -15.6148 0
      vertex 13.5655 -14.9672 0
    endloop
  endfacet
  facet normal -0.0520096 -0.705314 -0.706985
    outer loop
      vertex -1.03042 -20.9747 0.799999
      vertex -2.05836 -20.8989 0.799999
      vertex -0.991166 -20.1757 0
    endloop
  endfacet
  facet normal 0.690003 -0.154923 -0.707032
    outer loop
      vertex 20.3707 -5.10258 0.799999
      vertex 19.5946 -4.9082 0
      vertex 20.5965 -4.0969 0.799999
    endloop
  endfacet
  facet normal 0.086522 -0.701877 -0.707024
    outer loop
      vertex 2.05836 -20.8989 0.799999
      vertex 1.97995 -20.1027 0
      vertex 2.96395 -19.9814 0
    endloop
  endfacet
  facet normal -0.535507 -0.4619 -0.707023
    outer loop
      vertex -14.9672 -13.5655 0
      vertex -16.2332 -13.3223 0.799999
      vertex -15.6148 -12.8147 0
    endloop
  endfacet
  facet normal -0.22183 -0.671536 -0.706987
    outer loop
      vertex -6.09598 -20.0957 0.799999
      vertex -7.07469 -19.7724 0.799999
      vertex -6.80517 -19.0192 0
    endloop
  endfacet
  facet normal 0.512267 -0.487656 -0.706947
    outer loop
      vertex 14.8492 -14.8492 0.799999
      vertex 14.2836 -14.2836 0
      vertex 14.9672 -13.5655 0
    endloop
  endfacet
  facet normal 0.254508 -0.659831 -0.707
    outer loop
      vertex 8.03635 -19.4015 0.799999
      vertex 6.80517 -19.0192 0
      vertex 7.7302 -18.6624 0
    endloop
  endfacet
  facet normal 0.286594 -0.646541 -0.707
    outer loop
      vertex 8.03635 -19.4015 0.799999
      vertex 7.7302 -18.6624 0
      vertex 8.97866 -18.9838 0.799999
    endloop
  endfacet
  facet normal -0.48768 -0.512174 -0.706998
    outer loop
      vertex -14.1027 -15.56 0.799999
      vertex -14.8492 -14.8492 0.799999
      vertex -13.5655 -14.9672 0
    endloop
  endfacet
  facet normal -0.557501 -0.435102 -0.707021
    outer loop
      vertex -15.6148 -12.8147 0
      vertex -16.2332 -13.3223 0.799999
      vertex -16.2248 -12.0331 0
    endloop
  endfacet
  facet normal 0.646532 0.2866 -0.707005
    outer loop
      vertex 18.6624 7.7302 0
      vertex 18.2606 8.63661 0
      vertex 18.9838 8.97866 0.799999
    endloop
  endfacet
  facet normal -0.348554 -0.615369 -0.706988
    outer loop
      vertex -9.89933 -18.5203 0.799999
      vertex -10.7962 -18.0123 0.799999
      vertex -9.52221 -17.8148 0
    endloop
  endfacet
  facet normal 0.681623 -0.188605 -0.706978
    outer loop
      vertex 20.0957 -6.09598 0.799999
      vertex 19.3302 -5.86375 0
      vertex 19.5946 -4.9082 0
    endloop
  endfacet
  facet normal -0.67154 -0.221844 -0.706979
    outer loop
      vertex -19.0192 -6.80517 0
      vertex -20.0957 -6.09598 0.799999
      vertex -19.3302 -5.86375 0
    endloop
  endfacet
  facet normal 0.631691 -0.318017 -0.706987
    outer loop
      vertex 18.5203 -9.89933 0.799999
      vertex 17.8148 -9.52221 0
      vertex 18.9838 -8.97866 0.799999
    endloop
  endfacet
  facet normal 0.317984 -0.631688 -0.707005
    outer loop
      vertex 8.97866 -18.9838 0.799999
      vertex 8.63661 -18.2606 0
      vertex 9.52221 -17.8148 0
    endloop
  endfacet
  facet normal -0.22183 0.671536 -0.706987
    outer loop
      vertex -6.80517 19.0192 0
      vertex -7.07469 19.7724 0.799999
      vertex -6.09598 20.0957 0.799999
    endloop
  endfacet
  facet normal 0.696813 -0.120906 -0.706989
    outer loop
      vertex 20.5965 -4.0969 0.799999
      vertex 19.8119 -3.94082 0
      vertex 19.9814 -2.96395 0
    endloop
  endfacet
  facet normal 0.701877 -0.086522 -0.707024
    outer loop
      vertex 20.8989 -2.05836 0.799999
      vertex 19.9814 -2.96395 0
      vertex 20.1027 -1.97995 0
    endloop
  endfacet
  facet normal -0.69682 -0.120899 -0.706983
    outer loop
      vertex -20.5965 -4.0969 0.799999
      vertex -20.7727 -3.08134 0.799999
      vertex -19.9814 -2.96395 0
    endloop
  endfacet
  facet normal 0.701909 0.0865911 -0.706983
    outer loop
      vertex 20.8989 2.05836 0.799999
      vertex 19.9814 2.96395 0
      vertex 20.7727 3.08134 0.799999
    endloop
  endfacet
  facet normal -0.578187 0.407213 -0.707021
    outer loop
      vertex -16.7957 11.2225 0
      vertex -17.4609 11.667 0.799999
      vertex -16.2248 12.0331 0
    endloop
  endfacet
  facet normal 0.461941 0.535501 -0.707
    outer loop
      vertex 13.5655 14.9672 0
      vertex 13.3223 16.2332 0.799999
      vertex 14.1027 15.56 0.799999
    endloop
  endfacet
  facet normal -0.4619 -0.535507 -0.707023
    outer loop
      vertex -13.3223 -16.2332 0.799999
      vertex -13.5655 -14.9672 0
      vertex -12.8147 -15.6148 0
    endloop
  endfacet
  facet normal -0.681623 0.188605 -0.706978
    outer loop
      vertex -19.5946 4.9082 0
      vertex -20.0957 6.09598 0.799999
      vertex -19.3302 5.86375 0
    endloop
  endfacet
  facet normal -0.120899 -0.69682 -0.706983
    outer loop
      vertex -3.08134 -20.7727 0.799999
      vertex -4.0969 -20.5965 0.799999
      vertex -2.96395 -19.9814 0
    endloop
  endfacet
  facet normal 0.188671 -0.681549 -0.707031
    outer loop
      vertex 5.10258 -20.3707 0.799999
      vertex 4.9082 -19.5946 0
      vertex 6.09598 -20.0957 0.799999
    endloop
  endfacet
  facet normal -0.690003 0.154923 -0.707032
    outer loop
      vertex -19.5946 4.9082 0
      vertex -20.5965 4.0969 0.799999
      vertex -20.3707 5.10258 0.799999
    endloop
  endfacet
  facet normal -0.0173332 0.707 -0.707001
    outer loop
      vertex 0 20.2 0
      vertex -0.991166 20.1757 0
      vertex 0 21 0.799999
    endloop
  endfacet
  facet normal 0.631691 0.318017 -0.706987
    outer loop
      vertex 18.9838 8.97866 0.799999
      vertex 17.8148 9.52221 0
      vertex 18.5203 9.89933 0.799999
    endloop
  endfacet
  facet normal 0.61533 0.348575 -0.707011
    outer loop
      vertex 17.8148 9.52221 0
      vertex 17.3261 10.3849 0
      vertex 18.0123 10.7962 0.799999
    endloop
  endfacet
  facet normal 0.407213 0.578187 -0.707021
    outer loop
      vertex 12.0331 16.2248 0
      vertex 11.2225 16.7957 0
      vertex 11.667 17.4609 0.799999
    endloop
  endfacet
  facet normal 0.2866 0.646532 -0.707005
    outer loop
      vertex 8.63661 18.2606 0
      vertex 7.7302 18.6624 0
      vertex 8.97866 18.9838 0.799999
    endloop
  endfacet
  facet normal -0.4619 0.535507 -0.707023
    outer loop
      vertex -12.8147 15.6148 0
      vertex -13.5655 14.9672 0
      vertex -13.3223 16.2332 0.799999
    endloop
  endfacet
  facet normal 0.407208 0.578187 -0.707023
    outer loop
      vertex 12.0331 16.2248 0
      vertex 11.667 17.4609 0.799999
      vertex 12.5097 16.8674 0.799999
    endloop
  endfacet
  facet normal -0.696813 -0.120906 -0.706989
    outer loop
      vertex -19.8119 -3.94082 0
      vertex -20.5965 -4.0969 0.799999
      vertex -19.9814 -2.96395 0
    endloop
  endfacet
  facet normal 0.120906 0.696813 -0.706989
    outer loop
      vertex 3.94082 19.8119 0
      vertex 2.96395 19.9814 0
      vertex 4.0969 20.5965 0.799999
    endloop
  endfacet
  facet normal 0.0865911 0.701909 -0.706983
    outer loop
      vertex 2.96395 19.9814 0
      vertex 2.05836 20.8989 0.799999
      vertex 3.08134 20.7727 0.799999
    endloop
  endfacet
  facet normal -0.631691 -0.318017 -0.706987
    outer loop
      vertex -18.5203 -9.89933 0.799999
      vertex -18.9838 -8.97866 0.799999
      vertex -17.8148 -9.52221 0
    endloop
  endfacet
  facet normal -0.317984 -0.631688 -0.707005
    outer loop
      vertex -8.97866 -18.9838 0.799999
      vertex -9.52221 -17.8148 0
      vertex -8.63661 -18.2606 0
    endloop
  endfacet
  facet normal 0.435102 0.557501 -0.707021
    outer loop
      vertex 12.8147 15.6148 0
      vertex 12.0331 16.2248 0
      vertex 13.3223 16.2332 0.799999
    endloop
  endfacet
  facet normal 0.48768 -0.512174 -0.706998
    outer loop
      vertex 14.1027 -15.56 0.799999
      vertex 13.5655 -14.9672 0
      vertex 14.8492 -14.8492 0.799999
    endloop
  endfacet
  facet normal -0.254495 0.659849 -0.706988
    outer loop
      vertex -6.80517 19.0192 0
      vertex -8.03635 19.4015 0.799999
      vertex -7.07469 19.7724 0.799999
    endloop
  endfacet
  facet normal -0.681549 0.188671 -0.707031
    outer loop
      vertex -19.5946 4.9082 0
      vertex -20.3707 5.10258 0.799999
      vertex -20.0957 6.09598 0.799999
    endloop
  endfacet
  facet normal -0.69003 0.155 -0.706989
    outer loop
      vertex -19.8119 3.94082 0
      vertex -20.5965 4.0969 0.799999
      vertex -19.5946 4.9082 0
    endloop
  endfacet
  facet normal -0.0173594 0.707016 -0.706985
    outer loop
      vertex -0.991166 20.1757 0
      vertex -1.03042 20.9747 0.799999
      vertex 0 21 0.799999
    endloop
  endfacet
  facet normal -0.512267 0.487656 -0.706947
    outer loop
      vertex -14.2836 14.2836 0
      vertex -14.9672 13.5655 0
      vertex -14.8492 14.8492 0.799999
    endloop
  endfacet
  facet normal -0.597491 0.378338 -0.707012
    outer loop
      vertex -17.3261 10.3849 0
      vertex -18.0123 10.7962 0.799999
      vertex -17.4609 11.667 0.799999
    endloop
  endfacet
  facet normal -0.188671 -0.681549 -0.707031
    outer loop
      vertex -5.10258 -20.3707 0.799999
      vertex -6.09598 -20.0957 0.799999
      vertex -4.9082 -19.5946 0
    endloop
  endfacet
  facet normal 0.690003 0.154923 -0.707032
    outer loop
      vertex 20.5965 4.0969 0.799999
      vertex 19.5946 4.9082 0
      vertex 20.3707 5.10258 0.799999
    endloop
  endfacet
  facet normal -0.378345 0.597476 -0.70702
    outer loop
      vertex -11.2225 16.7957 0
      vertex -11.667 17.4609 0.799999
      vertex -10.3849 17.3261 0
    endloop
  endfacet
  facet normal -0.0865911 0.701909 -0.706983
    outer loop
      vertex -2.96395 19.9814 0
      vertex -3.08134 20.7727 0.799999
      vertex -2.05836 20.8989 0.799999
    endloop
  endfacet
  facet normal -0.120899 0.69682 -0.706983
    outer loop
      vertex -2.96395 19.9814 0
      vertex -4.0969 20.5965 0.799999
      vertex -3.08134 20.7727 0.799999
    endloop
  endfacet
  facet normal -0.597476 0.378345 -0.70702
    outer loop
      vertex -17.3261 10.3849 0
      vertex -17.4609 11.667 0.799999
      vertex -16.7957 11.2225 0
    endloop
  endfacet
  facet normal -0.701877 0.086522 -0.707024
    outer loop
      vertex -20.1027 1.97995 0
      vertex -20.8989 2.05836 0.799999
      vertex -19.9814 2.96395 0
    endloop
  endfacet
  facet normal -0.48768 0.512174 -0.706998
    outer loop
      vertex -13.5655 14.9672 0
      vertex -14.8492 14.8492 0.799999
      vertex -14.1027 15.56 0.799999
    endloop
  endfacet
  facet normal -0.086522 -0.701877 -0.707024
    outer loop
      vertex -2.05836 -20.8989 0.799999
      vertex -2.96395 -19.9814 0
      vertex -1.97995 -20.1027 0
    endloop
  endfacet
  facet normal 0.188671 0.681549 -0.707031
    outer loop
      vertex 6.09598 20.0957 0.799999
      vertex 4.9082 19.5946 0
      vertex 5.10258 20.3707 0.799999
    endloop
  endfacet
  facet normal 0.154923 0.690003 -0.707032
    outer loop
      vertex 4.9082 19.5946 0
      vertex 4.0969 20.5965 0.799999
      vertex 5.10258 20.3707 0.799999
    endloop
  endfacet
  facet normal -0.659849 -0.254495 -0.706988
    outer loop
      vertex -19.4015 -8.03635 0.799999
      vertex -19.7724 -7.07469 0.799999
      vertex -19.0192 -6.80517 0
    endloop
  endfacet
  facet normal -0.254508 0.659831 -0.707
    outer loop
      vertex -7.7302 18.6624 0
      vertex -8.03635 19.4015 0.799999
      vertex -6.80517 19.0192 0
    endloop
  endfacet
  facet normal -0.557497 -0.435103 -0.707023
    outer loop
      vertex -16.2332 -13.3223 0.799999
      vertex -16.8674 -12.5097 0.799999
      vertex -16.2248 -12.0331 0
    endloop
  endfacet
  facet normal 0.318017 -0.631691 -0.706987
    outer loop
      vertex 9.89933 -18.5203 0.799999
      vertex 8.97866 -18.9838 0.799999
      vertex 9.52221 -17.8148 0
    endloop
  endfacet
  facet normal -0.120906 0.696813 -0.706989
    outer loop
      vertex -3.94082 19.8119 0
      vertex -4.0969 20.5965 0.799999
      vertex -2.96395 19.9814 0
    endloop
  endfacet
  facet normal 0.188605 0.681623 -0.706978
    outer loop
      vertex 5.86375 19.3302 0
      vertex 4.9082 19.5946 0
      vertex 6.09598 20.0957 0.799999
    endloop
  endfacet
  facet normal 0.615369 0.348554 -0.706988
    outer loop
      vertex 18.5203 9.89933 0.799999
      vertex 17.8148 9.52221 0
      vertex 18.0123 10.7962 0.799999
    endloop
  endfacet
  facet normal -0.435102 -0.557501 -0.707021
    outer loop
      vertex -12.0331 -16.2248 0
      vertex -13.3223 -16.2332 0.799999
      vertex -12.8147 -15.6148 0
    endloop
  endfacet
  facet normal -0.597491 -0.378338 -0.707012
    outer loop
      vertex -17.4609 -11.667 0.799999
      vertex -18.0123 -10.7962 0.799999
      vertex -17.3261 -10.3849 0
    endloop
  endfacet
  facet normal 0.348575 -0.61533 -0.707011
    outer loop
      vertex 10.7962 -18.0123 0.799999
      vertex 9.52221 -17.8148 0
      vertex 10.3849 -17.3261 0
    endloop
  endfacet
  facet normal 0.0520687 -0.70527 -0.707024
    outer loop
      vertex 2.05836 -20.8989 0.799999
      vertex 0.991166 -20.1757 0
      vertex 1.97995 -20.1027 0
    endloop
  endfacet
  facet normal -0.659831 -0.254508 -0.707
    outer loop
      vertex -18.6624 -7.7302 0
      vertex -19.4015 -8.03635 0.799999
      vertex -19.0192 -6.80517 0
    endloop
  endfacet
  facet normal 0.407208 -0.578187 -0.707023
    outer loop
      vertex 12.5097 -16.8674 0.799999
      vertex 11.667 -17.4609 0.799999
      vertex 12.0331 -16.2248 0
    endloop
  endfacet
  facet normal -0.154923 0.690003 -0.707032
    outer loop
      vertex -4.9082 19.5946 0
      vertex -5.10258 20.3707 0.799999
      vertex -4.0969 20.5965 0.799999
    endloop
  endfacet
  facet normal -0.188605 -0.681623 -0.706978
    outer loop
      vertex -4.9082 -19.5946 0
      vertex -6.09598 -20.0957 0.799999
      vertex -5.86375 -19.3302 0
    endloop
  endfacet
  facet normal 0.557501 -0.435102 -0.707021
    outer loop
      vertex 16.2332 -13.3223 0.799999
      vertex 15.6148 -12.8147 0
      vertex 16.2248 -12.0331 0
    endloop
  endfacet
  facet normal -0.378345 -0.597476 -0.70702
    outer loop
      vertex -10.3849 -17.3261 0
      vertex -11.667 -17.4609 0.799999
      vertex -11.2225 -16.7957 0
    endloop
  endfacet
  facet normal 0.701877 0.086522 -0.707024
    outer loop
      vertex 20.1027 1.97995 0
      vertex 19.9814 2.96395 0
      vertex 20.8989 2.05836 0.799999
    endloop
  endfacet
  facet normal 0.70527 0.0520687 -0.707024
    outer loop
      vertex 20.1757 0.991166 0
      vertex 20.1027 1.97995 0
      vertex 20.8989 2.05836 0.799999
    endloop
  endfacet
  facet normal -0.120906 -0.696813 -0.706989
    outer loop
      vertex -2.96395 -19.9814 0
      vertex -4.0969 -20.5965 0.799999
      vertex -3.94082 -19.8119 0
    endloop
  endfacet
  facet normal 0.48768 0.512174 -0.706998
    outer loop
      vertex 14.8492 14.8492 0.799999
      vertex 13.5655 14.9672 0
      vertex 14.1027 15.56 0.799999
    endloop
  endfacet
  facet normal -0.557501 0.435102 -0.707021
    outer loop
      vertex -16.2248 12.0331 0
      vertex -16.2332 13.3223 0.799999
      vertex -15.6148 12.8147 0
    endloop
  endfacet
  facet normal -0.155 0.69003 -0.706989
    outer loop
      vertex -3.94082 19.8119 0
      vertex -4.9082 19.5946 0
      vertex -4.0969 20.5965 0.799999
    endloop
  endfacet
  facet normal 0.631688 0.317984 -0.707005
    outer loop
      vertex 18.2606 8.63661 0
      vertex 17.8148 9.52221 0
      vertex 18.9838 8.97866 0.799999
    endloop
  endfacet
  facet normal -0.597476 -0.378345 -0.70702
    outer loop
      vertex -16.7957 -11.2225 0
      vertex -17.4609 -11.667 0.799999
      vertex -17.3261 -10.3849 0
    endloop
  endfacet
  facet normal -0.435103 -0.557497 -0.707023
    outer loop
      vertex -12.5097 -16.8674 0.799999
      vertex -13.3223 -16.2332 0.799999
      vertex -12.0331 -16.2248 0
    endloop
  endfacet
  facet normal -0.646532 -0.2866 -0.707005
    outer loop
      vertex -18.2606 -8.63661 0
      vertex -18.9838 -8.97866 0.799999
      vertex -18.6624 -7.7302 0
    endloop
  endfacet
  facet normal -0.61533 -0.348575 -0.707011
    outer loop
      vertex -17.3261 -10.3849 0
      vertex -18.0123 -10.7962 0.799999
      vertex -17.8148 -9.52221 0
    endloop
  endfacet
  facet normal -0.348575 0.61533 -0.707011
    outer loop
      vertex -10.3849 17.3261 0
      vertex -10.7962 18.0123 0.799999
      vertex -9.52221 17.8148 0
    endloop
  endfacet
  facet normal -0.348554 0.615369 -0.706988
    outer loop
      vertex -9.52221 17.8148 0
      vertex -10.7962 18.0123 0.799999
      vertex -9.89933 18.5203 0.799999
    endloop
  endfacet
  facet normal -0.0520687 -0.70527 -0.707024
    outer loop
      vertex -0.991166 -20.1757 0
      vertex -2.05836 -20.8989 0.799999
      vertex -1.97995 -20.1027 0
    endloop
  endfacet
  facet normal -0.999699 0.0245457 0
    outer loop
      vertex -21 0 0.799999
      vertex -20.9747 1.03042 3.2
      vertex -20.9747 1.03042 0.799999
    endloop
  endfacet
  facet normal -0.999699 0.0245457 0
    outer loop
      vertex -20.9747 1.03042 3.2
      vertex -21 0 0.799999
      vertex -21 0 3.2
    endloop
  endfacet
  facet normal 0.997292 0.07354 0
    outer loop
      vertex 20.9747 1.03042 3.2
      vertex 20.8989 2.05836 0.799999
      vertex 20.8989 2.05836 3.2
    endloop
  endfacet
  facet normal 0.997292 0.07354 0
    outer loop
      vertex 20.8989 2.05836 0.799999
      vertex 20.9747 1.03042 3.2
      vertex 20.9747 1.03042 0.799999
    endloop
  endfacet
  facet normal 0.999699 0.0245457 0
    outer loop
      vertex 21 0 3.2
      vertex 20.9747 1.03042 0.799999
      vertex 20.9747 1.03042 3.2
    endloop
  endfacet
  facet normal 0.999699 0.0245457 0
    outer loop
      vertex 20.9747 1.03042 0.799999
      vertex 21 0 3.2
      vertex 21 0 0.799999
    endloop
  endfacet
  facet normal 0.992476 0.122437 0
    outer loop
      vertex 20.8989 2.05836 3.2
      vertex 20.7727 3.08134 0.799999
      vertex 20.7727 3.08134 3.2
    endloop
  endfacet
  facet normal 0.992476 0.122437 0
    outer loop
      vertex 20.7727 3.08134 0.799999
      vertex 20.8989 2.05836 3.2
      vertex 20.8989 2.05836 0.799999
    endloop
  endfacet
  facet normal 0.817583 -0.575811 0
    outer loop
      vertex 16.8674 -12.5097 3.2
      vertex 17.4609 -11.667 0.799999
      vertex 17.4609 -11.667 3.2
    endloop
  endfacet
  facet normal 0.817583 -0.575811 0
    outer loop
      vertex 17.4609 -11.667 0.799999
      vertex 16.8674 -12.5097 3.2
      vertex 16.8674 -12.5097 0.799999
    endloop
  endfacet
  facet normal 0.07354 -0.997292 0
    outer loop
      vertex 1.03042 -20.9747 0.799999
      vertex 2.05836 -20.8989 3.2
      vertex 1.03042 -20.9747 3.2
    endloop
  endfacet
  facet normal 0.07354 -0.997292 0
    outer loop
      vertex 2.05836 -20.8989 3.2
      vertex 1.03042 -20.9747 0.799999
      vertex 2.05836 -20.8989 0.799999
    endloop
  endfacet
  facet normal 0.844866 0.534978 0
    outer loop
      vertex 18.0123 10.7962 3.2
      vertex 17.4609 11.667 0.799999
      vertex 17.4609 11.667 3.2
    endloop
  endfacet
  facet normal 0.844866 0.534978 0
    outer loop
      vertex 17.4609 11.667 0.799999
      vertex 18.0123 10.7962 3.2
      vertex 18.0123 10.7962 0.799999
    endloop
  endfacet
  facet normal 0.653185 0.757198 -0
    outer loop
      vertex 14.1027 15.56 0.799999
      vertex 13.3223 16.2332 3.2
      vertex 14.1027 15.56 3.2
    endloop
  endfacet
  facet normal 0.653185 0.757198 0
    outer loop
      vertex 13.3223 16.2332 3.2
      vertex 14.1027 15.56 0.799999
      vertex 13.3223 16.2332 0.799999
    endloop
  endfacet
  facet normal -0.963754 0.266793 0
    outer loop
      vertex -20.3707 5.10258 0.799999
      vertex -20.0957 6.09598 3.2
      vertex -20.0957 6.09598 0.799999
    endloop
  endfacet
  facet normal -0.963754 0.266793 0
    outer loop
      vertex -20.0957 6.09598 3.2
      vertex -20.3707 5.10258 0.799999
      vertex -20.3707 5.10258 3.2
    endloop
  endfacet
  facet normal 0.975709 -0.219071 0
    outer loop
      vertex 20.3707 -5.10258 3.2
      vertex 20.5965 -4.0969 0.799999
      vertex 20.5965 -4.0969 3.2
    endloop
  endfacet
  facet normal 0.975709 -0.219071 0
    outer loop
      vertex 20.5965 -4.0969 0.799999
      vertex 20.3707 -5.10258 3.2
      vertex 20.3707 -5.10258 0.799999
    endloop
  endfacet
  facet normal 0.98528 -0.170946 0
    outer loop
      vertex 20.5965 -4.0969 3.2
      vertex 20.7727 -3.08134 0.799999
      vertex 20.7727 -3.08134 3.2
    endloop
  endfacet
  facet normal 0.98528 -0.170946 0
    outer loop
      vertex 20.7727 -3.08134 0.799999
      vertex 20.5965 -4.0969 3.2
      vertex 20.5965 -4.0969 0.799999
    endloop
  endfacet
  facet normal 0.949535 0.313662 0
    outer loop
      vertex 20.0957 6.09598 3.2
      vertex 19.7724 7.07469 0.799999
      vertex 19.7724 7.07469 3.2
    endloop
  endfacet
  facet normal 0.949535 0.313662 0
    outer loop
      vertex 19.7724 7.07469 0.799999
      vertex 20.0957 6.09598 3.2
      vertex 20.0957 6.09598 0.799999
    endloop
  endfacet
  facet normal -0.975709 -0.219071 0
    outer loop
      vertex -20.3707 -5.10258 0.799999
      vertex -20.5965 -4.0969 3.2
      vertex -20.5965 -4.0969 0.799999
    endloop
  endfacet
  facet normal -0.975709 -0.219071 0
    outer loop
      vertex -20.5965 -4.0969 3.2
      vertex -20.3707 -5.10258 0.799999
      vertex -20.3707 -5.10258 3.2
    endloop
  endfacet
  facet normal 0.757198 -0.653185 0
    outer loop
      vertex 15.56 -14.1027 3.2
      vertex 16.2332 -13.3223 0.799999
      vertex 16.2332 -13.3223 3.2
    endloop
  endfacet
  facet normal 0.757198 -0.653185 0
    outer loop
      vertex 16.2332 -13.3223 0.799999
      vertex 15.56 -14.1027 3.2
      vertex 15.56 -14.1027 0.799999
    endloop
  endfacet
  facet normal 0.893196 -0.449668 0
    outer loop
      vertex 18.5203 -9.89933 3.2
      vertex 18.9838 -8.97866 0.799999
      vertex 18.9838 -8.97866 3.2
    endloop
  endfacet
  facet normal 0.893196 -0.449668 0
    outer loop
      vertex 18.9838 -8.97866 0.799999
      vertex 18.5203 -9.89933 3.2
      vertex 18.5203 -9.89933 0.799999
    endloop
  endfacet
  facet normal -0.0245457 -0.999699 0
    outer loop
      vertex -1.03042 -20.9747 0.799999
      vertex 0 -21 3.2
      vertex -1.03042 -20.9747 3.2
    endloop
  endfacet
  facet normal -0.0245457 -0.999699 -0
    outer loop
      vertex 0 -21 3.2
      vertex -1.03042 -20.9747 0.799999
      vertex 0 -21 0.799999
    endloop
  endfacet
  facet normal 0.914209 -0.405244 0
    outer loop
      vertex 18.9838 -8.97866 3.2
      vertex 19.4015 -8.03635 0.799999
      vertex 19.4015 -8.03635 3.2
    endloop
  endfacet
  facet normal 0.914209 -0.405244 0
    outer loop
      vertex 19.4015 -8.03635 0.799999
      vertex 18.9838 -8.97866 3.2
      vertex 18.9838 -8.97866 0.799999
    endloop
  endfacet
  facet normal 0.870116 0.492846 0
    outer loop
      vertex 18.5203 9.89933 3.2
      vertex 18.0123 10.7962 0.799999
      vertex 18.0123 10.7962 3.2
    endloop
  endfacet
  facet normal 0.870116 0.492846 0
    outer loop
      vertex 18.0123 10.7962 0.799999
      vertex 18.5203 9.89933 3.2
      vertex 18.5203 9.89933 0.799999
    endloop
  endfacet
  facet normal 0.724212 -0.689578 0
    outer loop
      vertex 14.8492 -14.8492 3.2
      vertex 15.56 -14.1027 0.799999
      vertex 15.56 -14.1027 3.2
    endloop
  endfacet
  facet normal 0.724212 -0.689578 0
    outer loop
      vertex 15.56 -14.1027 0.799999
      vertex 14.8492 -14.8492 3.2
      vertex 14.8492 -14.8492 0.799999
    endloop
  endfacet
  facet normal 0.313662 0.949535 -0
    outer loop
      vertex 7.07469 19.7724 0.799999
      vertex 6.09598 20.0957 3.2
      vertex 7.07469 19.7724 3.2
    endloop
  endfacet
  facet normal 0.313662 0.949535 0
    outer loop
      vertex 6.09598 20.0957 3.2
      vertex 7.07469 19.7724 0.799999
      vertex 6.09598 20.0957 0.799999
    endloop
  endfacet
  facet normal -0.788327 0.615256 0
    outer loop
      vertex -16.8674 12.5097 0.799999
      vertex -16.2332 13.3223 3.2
      vertex -16.2332 13.3223 0.799999
    endloop
  endfacet
  facet normal -0.788327 0.615256 0
    outer loop
      vertex -16.2332 13.3223 3.2
      vertex -16.8674 12.5097 0.799999
      vertex -16.8674 12.5097 3.2
    endloop
  endfacet
  facet normal -0.817583 0.575811 0
    outer loop
      vertex -17.4609 11.667 0.799999
      vertex -16.8674 12.5097 3.2
      vertex -16.8674 12.5097 0.799999
    endloop
  endfacet
  facet normal -0.817583 0.575811 0
    outer loop
      vertex -16.8674 12.5097 3.2
      vertex -17.4609 11.667 0.799999
      vertex -17.4609 11.667 3.2
    endloop
  endfacet
  facet normal 0.963754 -0.266793 0
    outer loop
      vertex 20.0957 -6.09598 3.2
      vertex 20.3707 -5.10258 0.799999
      vertex 20.3707 -5.10258 3.2
    endloop
  endfacet
  facet normal 0.963754 -0.266793 0
    outer loop
      vertex 20.3707 -5.10258 0.799999
      vertex 20.0957 -6.09598 3.2
      vertex 20.0957 -6.09598 0.799999
    endloop
  endfacet
  facet normal -0.492846 0.870116 0
    outer loop
      vertex -9.89933 18.5203 0.799999
      vertex -10.7962 18.0123 3.2
      vertex -9.89933 18.5203 3.2
    endloop
  endfacet
  facet normal -0.492846 0.870116 0
    outer loop
      vertex -10.7962 18.0123 3.2
      vertex -9.89933 18.5203 0.799999
      vertex -10.7962 18.0123 0.799999
    endloop
  endfacet
  facet normal -0.757198 0.653185 0
    outer loop
      vertex -16.2332 13.3223 0.799999
      vertex -15.56 14.1027 3.2
      vertex -15.56 14.1027 0.799999
    endloop
  endfacet
  facet normal -0.757198 0.653185 0
    outer loop
      vertex -15.56 14.1027 3.2
      vertex -16.2332 13.3223 0.799999
      vertex -16.2332 13.3223 3.2
    endloop
  endfacet
  facet normal -0.689578 0.724212 0
    outer loop
      vertex -14.1027 15.56 0.799999
      vertex -14.8492 14.8492 3.2
      vertex -14.1027 15.56 3.2
    endloop
  endfacet
  facet normal -0.689578 0.724212 0
    outer loop
      vertex -14.8492 14.8492 3.2
      vertex -14.1027 15.56 0.799999
      vertex -14.8492 14.8492 0.799999
    endloop
  endfacet
  facet normal -0.170946 -0.98528 0
    outer loop
      vertex -4.0969 -20.5965 0.799999
      vertex -3.08134 -20.7727 3.2
      vertex -4.0969 -20.5965 3.2
    endloop
  endfacet
  facet normal -0.170946 -0.98528 -0
    outer loop
      vertex -3.08134 -20.7727 3.2
      vertex -4.0969 -20.5965 0.799999
      vertex -3.08134 -20.7727 0.799999
    endloop
  endfacet
  facet normal -0.07354 0.997292 0
    outer loop
      vertex -1.03042 20.9747 0.799999
      vertex -2.05836 20.8989 3.2
      vertex -1.03042 20.9747 3.2
    endloop
  endfacet
  facet normal -0.07354 0.997292 0
    outer loop
      vertex -2.05836 20.8989 3.2
      vertex -1.03042 20.9747 0.799999
      vertex -2.05836 20.8989 0.799999
    endloop
  endfacet
  facet normal -0.757198 -0.653185 0
    outer loop
      vertex -15.56 -14.1027 0.799999
      vertex -16.2332 -13.3223 3.2
      vertex -16.2332 -13.3223 0.799999
    endloop
  endfacet
  facet normal -0.757198 -0.653185 0
    outer loop
      vertex -16.2332 -13.3223 3.2
      vertex -15.56 -14.1027 0.799999
      vertex -15.56 -14.1027 3.2
    endloop
  endfacet
  facet normal 0.219071 -0.975709 0
    outer loop
      vertex 4.0969 -20.5965 0.799999
      vertex 5.10258 -20.3707 3.2
      vertex 4.0969 -20.5965 3.2
    endloop
  endfacet
  facet normal 0.219071 -0.975709 0
    outer loop
      vertex 5.10258 -20.3707 3.2
      vertex 4.0969 -20.5965 0.799999
      vertex 5.10258 -20.3707 0.799999
    endloop
  endfacet
  facet normal 0.93301 0.35985 0
    outer loop
      vertex 19.7724 7.07469 3.2
      vertex 19.4015 8.03635 0.799999
      vertex 19.4015 8.03635 3.2
    endloop
  endfacet
  facet normal 0.93301 0.35985 0
    outer loop
      vertex 19.4015 8.03635 0.799999
      vertex 19.7724 7.07469 3.2
      vertex 19.7724 7.07469 0.799999
    endloop
  endfacet
  facet normal -0.122437 0.992476 0
    outer loop
      vertex -2.05836 20.8989 0.799999
      vertex -3.08134 20.7727 3.2
      vertex -2.05836 20.8989 3.2
    endloop
  endfacet
  facet normal -0.122437 0.992476 0
    outer loop
      vertex -3.08134 20.7727 3.2
      vertex -2.05836 20.8989 0.799999
      vertex -3.08134 20.7727 0.799999
    endloop
  endfacet
  facet normal -0.653185 -0.757198 0
    outer loop
      vertex -14.1027 -15.56 0.799999
      vertex -13.3223 -16.2332 3.2
      vertex -14.1027 -15.56 3.2
    endloop
  endfacet
  facet normal -0.653185 -0.757198 -0
    outer loop
      vertex -13.3223 -16.2332 3.2
      vertex -14.1027 -15.56 0.799999
      vertex -13.3223 -16.2332 0.799999
    endloop
  endfacet
  facet normal -0.534978 0.844866 0
    outer loop
      vertex -10.7962 18.0123 0.799999
      vertex -11.667 17.4609 3.2
      vertex -10.7962 18.0123 3.2
    endloop
  endfacet
  facet normal -0.534978 0.844866 0
    outer loop
      vertex -11.667 17.4609 3.2
      vertex -10.7962 18.0123 0.799999
      vertex -11.667 17.4609 0.799999
    endloop
  endfacet
  facet normal 0.689578 0.724212 -0
    outer loop
      vertex 14.8492 14.8492 0.799999
      vertex 14.1027 15.56 3.2
      vertex 14.8492 14.8492 3.2
    endloop
  endfacet
  facet normal 0.689578 0.724212 0
    outer loop
      vertex 14.1027 15.56 3.2
      vertex 14.8492 14.8492 0.799999
      vertex 14.1027 15.56 0.799999
    endloop
  endfacet
  facet normal -0.492846 -0.870116 0
    outer loop
      vertex -10.7962 -18.0123 0.799999
      vertex -9.89933 -18.5203 3.2
      vertex -10.7962 -18.0123 3.2
    endloop
  endfacet
  facet normal -0.492846 -0.870116 -0
    outer loop
      vertex -9.89933 -18.5203 3.2
      vertex -10.7962 -18.0123 0.799999
      vertex -9.89933 -18.5203 0.799999
    endloop
  endfacet
  facet normal 0.870116 -0.492846 0
    outer loop
      vertex 18.0123 -10.7962 3.2
      vertex 18.5203 -9.89933 0.799999
      vertex 18.5203 -9.89933 3.2
    endloop
  endfacet
  facet normal 0.870116 -0.492846 0
    outer loop
      vertex 18.5203 -9.89933 0.799999
      vertex 18.0123 -10.7962 3.2
      vertex 18.0123 -10.7962 0.799999
    endloop
  endfacet
  facet normal 0.992476 -0.122437 0
    outer loop
      vertex 20.7727 -3.08134 3.2
      vertex 20.8989 -2.05836 0.799999
      vertex 20.8989 -2.05836 3.2
    endloop
  endfacet
  facet normal 0.992476 -0.122437 0
    outer loop
      vertex 20.8989 -2.05836 0.799999
      vertex 20.7727 -3.08134 3.2
      vertex 20.7727 -3.08134 0.799999
    endloop
  endfacet
  facet normal -0.949535 -0.313662 0
    outer loop
      vertex -19.7724 -7.07469 0.799999
      vertex -20.0957 -6.09598 3.2
      vertex -20.0957 -6.09598 0.799999
    endloop
  endfacet
  facet normal -0.949535 -0.313662 0
    outer loop
      vertex -20.0957 -6.09598 3.2
      vertex -19.7724 -7.07469 0.799999
      vertex -19.7724 -7.07469 3.2
    endloop
  endfacet
  facet normal -0.949535 0.313662 0
    outer loop
      vertex -20.0957 6.09598 0.799999
      vertex -19.7724 7.07469 3.2
      vertex -19.7724 7.07469 0.799999
    endloop
  endfacet
  facet normal -0.949535 0.313662 0
    outer loop
      vertex -19.7724 7.07469 3.2
      vertex -20.0957 6.09598 0.799999
      vertex -20.0957 6.09598 3.2
    endloop
  endfacet
  facet normal -0.219071 0.975709 0
    outer loop
      vertex -4.0969 20.5965 0.799999
      vertex -5.10258 20.3707 3.2
      vertex -4.0969 20.5965 3.2
    endloop
  endfacet
  facet normal -0.219071 0.975709 0
    outer loop
      vertex -5.10258 20.3707 3.2
      vertex -4.0969 20.5965 0.799999
      vertex -5.10258 20.3707 0.799999
    endloop
  endfacet
  facet normal 0.405244 0.914209 -0
    outer loop
      vertex 8.97866 18.9838 0.799999
      vertex 8.03635 19.4015 3.2
      vertex 8.97866 18.9838 3.2
    endloop
  endfacet
  facet normal 0.405244 0.914209 0
    outer loop
      vertex 8.03635 19.4015 3.2
      vertex 8.97866 18.9838 0.799999
      vertex 8.03635 19.4015 0.799999
    endloop
  endfacet
  facet normal 0.170946 -0.98528 0
    outer loop
      vertex 3.08134 -20.7727 0.799999
      vertex 4.0969 -20.5965 3.2
      vertex 3.08134 -20.7727 3.2
    endloop
  endfacet
  facet normal 0.170946 -0.98528 0
    outer loop
      vertex 4.0969 -20.5965 3.2
      vertex 3.08134 -20.7727 0.799999
      vertex 4.0969 -20.5965 0.799999
    endloop
  endfacet
  facet normal -0.997292 -0.07354 0
    outer loop
      vertex -20.8989 -2.05836 0.799999
      vertex -20.9747 -1.03042 3.2
      vertex -20.9747 -1.03042 0.799999
    endloop
  endfacet
  facet normal -0.997292 -0.07354 0
    outer loop
      vertex -20.9747 -1.03042 3.2
      vertex -20.8989 -2.05836 0.799999
      vertex -20.8989 -2.05836 3.2
    endloop
  endfacet
  facet normal 0.170946 0.98528 -0
    outer loop
      vertex 4.0969 20.5965 0.799999
      vertex 3.08134 20.7727 3.2
      vertex 4.0969 20.5965 3.2
    endloop
  endfacet
  facet normal 0.170946 0.98528 0
    outer loop
      vertex 3.08134 20.7727 3.2
      vertex 4.0969 20.5965 0.799999
      vertex 3.08134 20.7727 0.799999
    endloop
  endfacet
  facet normal 0.122437 0.992476 -0
    outer loop
      vertex 3.08134 20.7727 0.799999
      vertex 2.05836 20.8989 3.2
      vertex 3.08134 20.7727 3.2
    endloop
  endfacet
  facet normal 0.122437 0.992476 0
    outer loop
      vertex 2.05836 20.8989 3.2
      vertex 3.08134 20.7727 0.799999
      vertex 2.05836 20.8989 0.799999
    endloop
  endfacet
  facet normal 0.93301 -0.35985 0
    outer loop
      vertex 19.4015 -8.03635 3.2
      vertex 19.7724 -7.07469 0.799999
      vertex 19.7724 -7.07469 3.2
    endloop
  endfacet
  facet normal 0.93301 -0.35985 0
    outer loop
      vertex 19.7724 -7.07469 0.799999
      vertex 19.4015 -8.03635 3.2
      vertex 19.4015 -8.03635 0.799999
    endloop
  endfacet
  facet normal -0.405244 -0.914209 0
    outer loop
      vertex -8.97866 -18.9838 0.799999
      vertex -8.03635 -19.4015 3.2
      vertex -8.97866 -18.9838 3.2
    endloop
  endfacet
  facet normal -0.405244 -0.914209 -0
    outer loop
      vertex -8.03635 -19.4015 3.2
      vertex -8.97866 -18.9838 0.799999
      vertex -8.03635 -19.4015 0.799999
    endloop
  endfacet
  facet normal 0.35985 -0.93301 0
    outer loop
      vertex 7.07469 -19.7724 0.799999
      vertex 8.03635 -19.4015 3.2
      vertex 7.07469 -19.7724 3.2
    endloop
  endfacet
  facet normal 0.35985 -0.93301 0
    outer loop
      vertex 8.03635 -19.4015 3.2
      vertex 7.07469 -19.7724 0.799999
      vertex 8.03635 -19.4015 0.799999
    endloop
  endfacet
  facet normal 0.949535 -0.313662 0
    outer loop
      vertex 19.7724 -7.07469 3.2
      vertex 20.0957 -6.09598 0.799999
      vertex 20.0957 -6.09598 3.2
    endloop
  endfacet
  facet normal 0.949535 -0.313662 0
    outer loop
      vertex 20.0957 -6.09598 0.799999
      vertex 19.7724 -7.07469 3.2
      vertex 19.7724 -7.07469 0.799999
    endloop
  endfacet
  facet normal -0.93301 0.35985 0
    outer loop
      vertex -19.7724 7.07469 0.799999
      vertex -19.4015 8.03635 3.2
      vertex -19.4015 8.03635 0.799999
    endloop
  endfacet
  facet normal -0.93301 0.35985 0
    outer loop
      vertex -19.4015 8.03635 3.2
      vertex -19.7724 7.07469 0.799999
      vertex -19.7724 7.07469 3.2
    endloop
  endfacet
  facet normal 0.997292 -0.07354 0
    outer loop
      vertex 20.8989 -2.05836 3.2
      vertex 20.9747 -1.03042 0.799999
      vertex 20.9747 -1.03042 3.2
    endloop
  endfacet
  facet normal 0.997292 -0.07354 0
    outer loop
      vertex 20.9747 -1.03042 0.799999
      vertex 20.8989 -2.05836 3.2
      vertex 20.8989 -2.05836 0.799999
    endloop
  endfacet
  facet normal 0.0245457 -0.999699 0
    outer loop
      vertex 0 -21 0.799999
      vertex 1.03042 -20.9747 3.2
      vertex 0 -21 3.2
    endloop
  endfacet
  facet normal 0.0245457 -0.999699 0
    outer loop
      vertex 1.03042 -20.9747 3.2
      vertex 0 -21 0.799999
      vertex 1.03042 -20.9747 0.799999
    endloop
  endfacet
  facet normal 0.724212 0.689578 0
    outer loop
      vertex 15.56 14.1027 3.2
      vertex 14.8492 14.8492 0.799999
      vertex 14.8492 14.8492 3.2
    endloop
  endfacet
  facet normal 0.724212 0.689578 0
    outer loop
      vertex 14.8492 14.8492 0.799999
      vertex 15.56 14.1027 3.2
      vertex 15.56 14.1027 0.799999
    endloop
  endfacet
  facet normal 0.575811 -0.817583 0
    outer loop
      vertex 11.667 -17.4609 0.799999
      vertex 12.5097 -16.8674 3.2
      vertex 11.667 -17.4609 3.2
    endloop
  endfacet
  facet normal 0.575811 -0.817583 0
    outer loop
      vertex 12.5097 -16.8674 3.2
      vertex 11.667 -17.4609 0.799999
      vertex 12.5097 -16.8674 0.799999
    endloop
  endfacet
  facet normal 0.449668 0.893196 -0
    outer loop
      vertex 9.89933 18.5203 0.799999
      vertex 8.97866 18.9838 3.2
      vertex 9.89933 18.5203 3.2
    endloop
  endfacet
  facet normal 0.449668 0.893196 0
    outer loop
      vertex 8.97866 18.9838 3.2
      vertex 9.89933 18.5203 0.799999
      vertex 8.97866 18.9838 0.799999
    endloop
  endfacet
  facet normal -0.992476 0.122437 0
    outer loop
      vertex -20.8989 2.05836 0.799999
      vertex -20.7727 3.08134 3.2
      vertex -20.7727 3.08134 0.799999
    endloop
  endfacet
  facet normal -0.992476 0.122437 0
    outer loop
      vertex -20.7727 3.08134 3.2
      vertex -20.8989 2.05836 0.799999
      vertex -20.8989 2.05836 3.2
    endloop
  endfacet
  facet normal 0.653185 -0.757198 0
    outer loop
      vertex 13.3223 -16.2332 0.799999
      vertex 14.1027 -15.56 3.2
      vertex 13.3223 -16.2332 3.2
    endloop
  endfacet
  facet normal 0.653185 -0.757198 0
    outer loop
      vertex 14.1027 -15.56 3.2
      vertex 13.3223 -16.2332 0.799999
      vertex 14.1027 -15.56 0.799999
    endloop
  endfacet
  facet normal -0.07354 -0.997292 0
    outer loop
      vertex -2.05836 -20.8989 0.799999
      vertex -1.03042 -20.9747 3.2
      vertex -2.05836 -20.8989 3.2
    endloop
  endfacet
  facet normal -0.07354 -0.997292 -0
    outer loop
      vertex -1.03042 -20.9747 3.2
      vertex -2.05836 -20.8989 0.799999
      vertex -1.03042 -20.9747 0.799999
    endloop
  endfacet
  facet normal 0.788327 -0.615256 0
    outer loop
      vertex 16.2332 -13.3223 3.2
      vertex 16.8674 -12.5097 0.799999
      vertex 16.8674 -12.5097 3.2
    endloop
  endfacet
  facet normal 0.788327 -0.615256 0
    outer loop
      vertex 16.8674 -12.5097 0.799999
      vertex 16.2332 -13.3223 3.2
      vertex 16.2332 -13.3223 0.799999
    endloop
  endfacet
  facet normal -0.313662 0.949535 0
    outer loop
      vertex -6.09598 20.0957 0.799999
      vertex -7.07469 19.7724 3.2
      vertex -6.09598 20.0957 3.2
    endloop
  endfacet
  facet normal -0.313662 0.949535 0
    outer loop
      vertex -7.07469 19.7724 3.2
      vertex -6.09598 20.0957 0.799999
      vertex -7.07469 19.7724 0.799999
    endloop
  endfacet
  facet normal 0.534978 -0.844866 0
    outer loop
      vertex 10.7962 -18.0123 0.799999
      vertex 11.667 -17.4609 3.2
      vertex 10.7962 -18.0123 3.2
    endloop
  endfacet
  facet normal 0.534978 -0.844866 0
    outer loop
      vertex 11.667 -17.4609 3.2
      vertex 10.7962 -18.0123 0.799999
      vertex 11.667 -17.4609 0.799999
    endloop
  endfacet
  facet normal -0.724212 -0.689578 0
    outer loop
      vertex -14.8492 -14.8492 0.799999
      vertex -15.56 -14.1027 3.2
      vertex -15.56 -14.1027 0.799999
    endloop
  endfacet
  facet normal -0.724212 -0.689578 0
    outer loop
      vertex -15.56 -14.1027 3.2
      vertex -14.8492 -14.8492 0.799999
      vertex -14.8492 -14.8492 3.2
    endloop
  endfacet
  facet normal 0.757198 0.653185 0
    outer loop
      vertex 16.2332 13.3223 3.2
      vertex 15.56 14.1027 0.799999
      vertex 15.56 14.1027 3.2
    endloop
  endfacet
  facet normal 0.757198 0.653185 0
    outer loop
      vertex 15.56 14.1027 0.799999
      vertex 16.2332 13.3223 3.2
      vertex 16.2332 13.3223 0.799999
    endloop
  endfacet
  facet normal 0.492846 0.870116 -0
    outer loop
      vertex 10.7962 18.0123 0.799999
      vertex 9.89933 18.5203 3.2
      vertex 10.7962 18.0123 3.2
    endloop
  endfacet
  facet normal 0.492846 0.870116 0
    outer loop
      vertex 9.89933 18.5203 3.2
      vertex 10.7962 18.0123 0.799999
      vertex 9.89933 18.5203 0.799999
    endloop
  endfacet
  facet normal 0.893196 0.449668 0
    outer loop
      vertex 18.9838 8.97866 3.2
      vertex 18.5203 9.89933 0.799999
      vertex 18.5203 9.89933 3.2
    endloop
  endfacet
  facet normal 0.893196 0.449668 0
    outer loop
      vertex 18.5203 9.89933 0.799999
      vertex 18.9838 8.97866 3.2
      vertex 18.9838 8.97866 0.799999
    endloop
  endfacet
  facet normal -0.870116 -0.492846 0
    outer loop
      vertex -18.0123 -10.7962 0.799999
      vertex -18.5203 -9.89933 3.2
      vertex -18.5203 -9.89933 0.799999
    endloop
  endfacet
  facet normal -0.870116 -0.492846 0
    outer loop
      vertex -18.5203 -9.89933 3.2
      vertex -18.0123 -10.7962 0.799999
      vertex -18.0123 -10.7962 3.2
    endloop
  endfacet
  facet normal 0.98528 0.170946 0
    outer loop
      vertex 20.7727 3.08134 3.2
      vertex 20.5965 4.0969 0.799999
      vertex 20.5965 4.0969 3.2
    endloop
  endfacet
  facet normal 0.98528 0.170946 0
    outer loop
      vertex 20.5965 4.0969 0.799999
      vertex 20.7727 3.08134 3.2
      vertex 20.7727 3.08134 0.799999
    endloop
  endfacet
  facet normal 0.689578 -0.724212 0
    outer loop
      vertex 14.1027 -15.56 0.799999
      vertex 14.8492 -14.8492 3.2
      vertex 14.1027 -15.56 3.2
    endloop
  endfacet
  facet normal 0.689578 -0.724212 0
    outer loop
      vertex 14.8492 -14.8492 3.2
      vertex 14.1027 -15.56 0.799999
      vertex 14.8492 -14.8492 0.799999
    endloop
  endfacet
  facet normal -0.844866 -0.534978 0
    outer loop
      vertex -17.4609 -11.667 0.799999
      vertex -18.0123 -10.7962 3.2
      vertex -18.0123 -10.7962 0.799999
    endloop
  endfacet
  facet normal -0.844866 -0.534978 0
    outer loop
      vertex -18.0123 -10.7962 3.2
      vertex -17.4609 -11.667 0.799999
      vertex -17.4609 -11.667 3.2
    endloop
  endfacet
  facet normal -0.999699 -0.0245457 0
    outer loop
      vertex -20.9747 -1.03042 0.799999
      vertex -21 0 3.2
      vertex -21 0 0.799999
    endloop
  endfacet
  facet normal -0.999699 -0.0245457 0
    outer loop
      vertex -21 0 3.2
      vertex -20.9747 -1.03042 0.799999
      vertex -20.9747 -1.03042 3.2
    endloop
  endfacet
  facet normal 0.999699 -0.0245457 0
    outer loop
      vertex 20.9747 -1.03042 3.2
      vertex 21 0 0.799999
      vertex 21 0 3.2
    endloop
  endfacet
  facet normal 0.999699 -0.0245457 0
    outer loop
      vertex 21 0 0.799999
      vertex 20.9747 -1.03042 3.2
      vertex 20.9747 -1.03042 0.799999
    endloop
  endfacet
  facet normal 0.35985 0.93301 -0
    outer loop
      vertex 8.03635 19.4015 0.799999
      vertex 7.07469 19.7724 3.2
      vertex 8.03635 19.4015 3.2
    endloop
  endfacet
  facet normal 0.35985 0.93301 0
    outer loop
      vertex 7.07469 19.7724 3.2
      vertex 8.03635 19.4015 0.799999
      vertex 7.07469 19.7724 0.799999
    endloop
  endfacet
  facet normal -0.893196 0.449668 0
    outer loop
      vertex -18.9838 8.97866 0.799999
      vertex -18.5203 9.89933 3.2
      vertex -18.5203 9.89933 0.799999
    endloop
  endfacet
  facet normal -0.893196 0.449668 0
    outer loop
      vertex -18.5203 9.89933 3.2
      vertex -18.9838 8.97866 0.799999
      vertex -18.9838 8.97866 3.2
    endloop
  endfacet
  facet normal -0.122437 -0.992476 0
    outer loop
      vertex -3.08134 -20.7727 0.799999
      vertex -2.05836 -20.8989 3.2
      vertex -3.08134 -20.7727 3.2
    endloop
  endfacet
  facet normal -0.122437 -0.992476 -0
    outer loop
      vertex -2.05836 -20.8989 3.2
      vertex -3.08134 -20.7727 0.799999
      vertex -2.05836 -20.8989 0.799999
    endloop
  endfacet
  facet normal -0.35985 -0.93301 0
    outer loop
      vertex -8.03635 -19.4015 0.799999
      vertex -7.07469 -19.7724 3.2
      vertex -8.03635 -19.4015 3.2
    endloop
  endfacet
  facet normal -0.35985 -0.93301 -0
    outer loop
      vertex -7.07469 -19.7724 3.2
      vertex -8.03635 -19.4015 0.799999
      vertex -7.07469 -19.7724 0.799999
    endloop
  endfacet
  facet normal -0.992476 -0.122437 0
    outer loop
      vertex -20.7727 -3.08134 0.799999
      vertex -20.8989 -2.05836 3.2
      vertex -20.8989 -2.05836 0.799999
    endloop
  endfacet
  facet normal -0.992476 -0.122437 0
    outer loop
      vertex -20.8989 -2.05836 3.2
      vertex -20.7727 -3.08134 0.799999
      vertex -20.7727 -3.08134 3.2
    endloop
  endfacet
  facet normal 0.975709 0.219071 0
    outer loop
      vertex 20.5965 4.0969 3.2
      vertex 20.3707 5.10258 0.799999
      vertex 20.3707 5.10258 3.2
    endloop
  endfacet
  facet normal 0.975709 0.219071 0
    outer loop
      vertex 20.3707 5.10258 0.799999
      vertex 20.5965 4.0969 3.2
      vertex 20.5965 4.0969 0.799999
    endloop
  endfacet
  facet normal 0.817583 0.575811 0
    outer loop
      vertex 17.4609 11.667 3.2
      vertex 16.8674 12.5097 0.799999
      vertex 16.8674 12.5097 3.2
    endloop
  endfacet
  facet normal 0.817583 0.575811 0
    outer loop
      vertex 16.8674 12.5097 0.799999
      vertex 17.4609 11.667 3.2
      vertex 17.4609 11.667 0.799999
    endloop
  endfacet
  facet normal 0.963754 0.266793 0
    outer loop
      vertex 20.3707 5.10258 3.2
      vertex 20.0957 6.09598 0.799999
      vertex 20.0957 6.09598 3.2
    endloop
  endfacet
  facet normal 0.963754 0.266793 0
    outer loop
      vertex 20.0957 6.09598 0.799999
      vertex 20.3707 5.10258 3.2
      vertex 20.3707 5.10258 0.799999
    endloop
  endfacet
  facet normal 0.313662 -0.949535 0
    outer loop
      vertex 6.09598 -20.0957 0.799999
      vertex 7.07469 -19.7724 3.2
      vertex 6.09598 -20.0957 3.2
    endloop
  endfacet
  facet normal 0.313662 -0.949535 0
    outer loop
      vertex 7.07469 -19.7724 3.2
      vertex 6.09598 -20.0957 0.799999
      vertex 7.07469 -19.7724 0.799999
    endloop
  endfacet
  facet normal 0.492846 -0.870116 0
    outer loop
      vertex 9.89933 -18.5203 0.799999
      vertex 10.7962 -18.0123 3.2
      vertex 9.89933 -18.5203 3.2
    endloop
  endfacet
  facet normal 0.492846 -0.870116 0
    outer loop
      vertex 10.7962 -18.0123 3.2
      vertex 9.89933 -18.5203 0.799999
      vertex 10.7962 -18.0123 0.799999
    endloop
  endfacet
  facet normal 0.575811 0.817583 -0
    outer loop
      vertex 12.5097 16.8674 0.799999
      vertex 11.667 17.4609 3.2
      vertex 12.5097 16.8674 3.2
    endloop
  endfacet
  facet normal 0.575811 0.817583 0
    outer loop
      vertex 11.667 17.4609 3.2
      vertex 12.5097 16.8674 0.799999
      vertex 11.667 17.4609 0.799999
    endloop
  endfacet
  facet normal -0.615256 0.788327 0
    outer loop
      vertex -12.5097 16.8674 0.799999
      vertex -13.3223 16.2332 3.2
      vertex -12.5097 16.8674 3.2
    endloop
  endfacet
  facet normal -0.615256 0.788327 0
    outer loop
      vertex -13.3223 16.2332 3.2
      vertex -12.5097 16.8674 0.799999
      vertex -13.3223 16.2332 0.799999
    endloop
  endfacet
  facet normal -0.35985 0.93301 0
    outer loop
      vertex -7.07469 19.7724 0.799999
      vertex -8.03635 19.4015 3.2
      vertex -7.07469 19.7724 3.2
    endloop
  endfacet
  facet normal -0.35985 0.93301 0
    outer loop
      vertex -8.03635 19.4015 3.2
      vertex -7.07469 19.7724 0.799999
      vertex -8.03635 19.4015 0.799999
    endloop
  endfacet
  facet normal -0.0245457 0.999699 0
    outer loop
      vertex 0 21 0.799999
      vertex -1.03042 20.9747 3.2
      vertex 0 21 3.2
    endloop
  endfacet
  facet normal -0.0245457 0.999699 0
    outer loop
      vertex -1.03042 20.9747 3.2
      vertex 0 21 0.799999
      vertex -1.03042 20.9747 0.799999
    endloop
  endfacet
  facet normal 0.914209 0.405244 0
    outer loop
      vertex 19.4015 8.03635 3.2
      vertex 18.9838 8.97866 0.799999
      vertex 18.9838 8.97866 3.2
    endloop
  endfacet
  facet normal 0.914209 0.405244 0
    outer loop
      vertex 18.9838 8.97866 0.799999
      vertex 19.4015 8.03635 3.2
      vertex 19.4015 8.03635 0.799999
    endloop
  endfacet
  facet normal 0.615256 0.788327 -0
    outer loop
      vertex 13.3223 16.2332 0.799999
      vertex 12.5097 16.8674 3.2
      vertex 13.3223 16.2332 3.2
    endloop
  endfacet
  facet normal 0.615256 0.788327 0
    outer loop
      vertex 12.5097 16.8674 3.2
      vertex 13.3223 16.2332 0.799999
      vertex 12.5097 16.8674 0.799999
    endloop
  endfacet
  facet normal -0.575811 0.817583 0
    outer loop
      vertex -11.667 17.4609 0.799999
      vertex -12.5097 16.8674 3.2
      vertex -11.667 17.4609 3.2
    endloop
  endfacet
  facet normal -0.575811 0.817583 0
    outer loop
      vertex -12.5097 16.8674 3.2
      vertex -11.667 17.4609 0.799999
      vertex -12.5097 16.8674 0.799999
    endloop
  endfacet
  facet normal -0.653185 0.757198 0
    outer loop
      vertex -13.3223 16.2332 0.799999
      vertex -14.1027 15.56 3.2
      vertex -13.3223 16.2332 3.2
    endloop
  endfacet
  facet normal -0.653185 0.757198 0
    outer loop
      vertex -14.1027 15.56 3.2
      vertex -13.3223 16.2332 0.799999
      vertex -14.1027 15.56 0.799999
    endloop
  endfacet
  facet normal -0.170946 0.98528 0
    outer loop
      vertex -3.08134 20.7727 0.799999
      vertex -4.0969 20.5965 3.2
      vertex -3.08134 20.7727 3.2
    endloop
  endfacet
  facet normal -0.170946 0.98528 0
    outer loop
      vertex -4.0969 20.5965 3.2
      vertex -3.08134 20.7727 0.799999
      vertex -4.0969 20.5965 0.799999
    endloop
  endfacet
  facet normal 0.615256 -0.788327 0
    outer loop
      vertex 12.5097 -16.8674 0.799999
      vertex 13.3223 -16.2332 3.2
      vertex 12.5097 -16.8674 3.2
    endloop
  endfacet
  facet normal 0.615256 -0.788327 0
    outer loop
      vertex 13.3223 -16.2332 3.2
      vertex 12.5097 -16.8674 0.799999
      vertex 13.3223 -16.2332 0.799999
    endloop
  endfacet
  facet normal 0.788327 0.615256 0
    outer loop
      vertex 16.8674 12.5097 3.2
      vertex 16.2332 13.3223 0.799999
      vertex 16.2332 13.3223 3.2
    endloop
  endfacet
  facet normal 0.788327 0.615256 0
    outer loop
      vertex 16.2332 13.3223 0.799999
      vertex 16.8674 12.5097 3.2
      vertex 16.8674 12.5097 0.799999
    endloop
  endfacet
  facet normal -0.93301 -0.35985 0
    outer loop
      vertex -19.4015 -8.03635 0.799999
      vertex -19.7724 -7.07469 3.2
      vertex -19.7724 -7.07469 0.799999
    endloop
  endfacet
  facet normal -0.93301 -0.35985 0
    outer loop
      vertex -19.7724 -7.07469 3.2
      vertex -19.4015 -8.03635 0.799999
      vertex -19.4015 -8.03635 3.2
    endloop
  endfacet
  facet normal -0.817583 -0.575811 0
    outer loop
      vertex -16.8674 -12.5097 0.799999
      vertex -17.4609 -11.667 3.2
      vertex -17.4609 -11.667 0.799999
    endloop
  endfacet
  facet normal -0.817583 -0.575811 0
    outer loop
      vertex -17.4609 -11.667 3.2
      vertex -16.8674 -12.5097 0.799999
      vertex -16.8674 -12.5097 3.2
    endloop
  endfacet
  facet normal -0.266793 -0.963754 0
    outer loop
      vertex -6.09598 -20.0957 0.799999
      vertex -5.10258 -20.3707 3.2
      vertex -6.09598 -20.0957 3.2
    endloop
  endfacet
  facet normal -0.266793 -0.963754 -0
    outer loop
      vertex -5.10258 -20.3707 3.2
      vertex -6.09598 -20.0957 0.799999
      vertex -5.10258 -20.3707 0.799999
    endloop
  endfacet
  facet normal 0.266793 0.963754 -0
    outer loop
      vertex 6.09598 20.0957 0.799999
      vertex 5.10258 20.3707 3.2
      vertex 6.09598 20.0957 3.2
    endloop
  endfacet
  facet normal 0.266793 0.963754 0
    outer loop
      vertex 5.10258 20.3707 3.2
      vertex 6.09598 20.0957 0.799999
      vertex 5.10258 20.3707 0.799999
    endloop
  endfacet
  facet normal -0.914209 -0.405244 0
    outer loop
      vertex -18.9838 -8.97866 0.799999
      vertex -19.4015 -8.03635 3.2
      vertex -19.4015 -8.03635 0.799999
    endloop
  endfacet
  facet normal -0.914209 -0.405244 0
    outer loop
      vertex -19.4015 -8.03635 3.2
      vertex -18.9838 -8.97866 0.799999
      vertex -18.9838 -8.97866 3.2
    endloop
  endfacet
  facet normal 0.219071 0.975709 -0
    outer loop
      vertex 5.10258 20.3707 0.799999
      vertex 4.0969 20.5965 3.2
      vertex 5.10258 20.3707 3.2
    endloop
  endfacet
  facet normal 0.219071 0.975709 0
    outer loop
      vertex 4.0969 20.5965 3.2
      vertex 5.10258 20.3707 0.799999
      vertex 4.0969 20.5965 0.799999
    endloop
  endfacet
  facet normal -0.219071 -0.975709 0
    outer loop
      vertex -5.10258 -20.3707 0.799999
      vertex -4.0969 -20.5965 3.2
      vertex -5.10258 -20.3707 3.2
    endloop
  endfacet
  facet normal -0.219071 -0.975709 -0
    outer loop
      vertex -4.0969 -20.5965 3.2
      vertex -5.10258 -20.3707 0.799999
      vertex -4.0969 -20.5965 0.799999
    endloop
  endfacet
  facet normal 0.844866 -0.534978 0
    outer loop
      vertex 17.4609 -11.667 3.2
      vertex 18.0123 -10.7962 0.799999
      vertex 18.0123 -10.7962 3.2
    endloop
  endfacet
  facet normal 0.844866 -0.534978 0
    outer loop
      vertex 18.0123 -10.7962 0.799999
      vertex 17.4609 -11.667 3.2
      vertex 17.4609 -11.667 0.799999
    endloop
  endfacet
  facet normal 0.122437 -0.992476 0
    outer loop
      vertex 2.05836 -20.8989 0.799999
      vertex 3.08134 -20.7727 3.2
      vertex 2.05836 -20.8989 3.2
    endloop
  endfacet
  facet normal 0.122437 -0.992476 0
    outer loop
      vertex 3.08134 -20.7727 3.2
      vertex 2.05836 -20.8989 0.799999
      vertex 3.08134 -20.7727 0.799999
    endloop
  endfacet
  facet normal -0.724212 0.689578 0
    outer loop
      vertex -15.56 14.1027 0.799999
      vertex -14.8492 14.8492 3.2
      vertex -14.8492 14.8492 0.799999
    endloop
  endfacet
  facet normal -0.724212 0.689578 0
    outer loop
      vertex -14.8492 14.8492 3.2
      vertex -15.56 14.1027 0.799999
      vertex -15.56 14.1027 3.2
    endloop
  endfacet
  facet normal 0.449668 -0.893196 0
    outer loop
      vertex 8.97866 -18.9838 0.799999
      vertex 9.89933 -18.5203 3.2
      vertex 8.97866 -18.9838 3.2
    endloop
  endfacet
  facet normal 0.449668 -0.893196 0
    outer loop
      vertex 9.89933 -18.5203 3.2
      vertex 8.97866 -18.9838 0.799999
      vertex 9.89933 -18.5203 0.799999
    endloop
  endfacet
  facet normal -0.914209 0.405244 0
    outer loop
      vertex -19.4015 8.03635 0.799999
      vertex -18.9838 8.97866 3.2
      vertex -18.9838 8.97866 0.799999
    endloop
  endfacet
  facet normal -0.914209 0.405244 0
    outer loop
      vertex -18.9838 8.97866 3.2
      vertex -19.4015 8.03635 0.799999
      vertex -19.4015 8.03635 3.2
    endloop
  endfacet
  facet normal -0.844866 0.534978 0
    outer loop
      vertex -18.0123 10.7962 0.799999
      vertex -17.4609 11.667 3.2
      vertex -17.4609 11.667 0.799999
    endloop
  endfacet
  facet normal -0.844866 0.534978 0
    outer loop
      vertex -17.4609 11.667 3.2
      vertex -18.0123 10.7962 0.799999
      vertex -18.0123 10.7962 3.2
    endloop
  endfacet
  facet normal 0.266793 -0.963754 0
    outer loop
      vertex 5.10258 -20.3707 0.799999
      vertex 6.09598 -20.0957 3.2
      vertex 5.10258 -20.3707 3.2
    endloop
  endfacet
  facet normal 0.266793 -0.963754 0
    outer loop
      vertex 6.09598 -20.0957 3.2
      vertex 5.10258 -20.3707 0.799999
      vertex 6.09598 -20.0957 0.799999
    endloop
  endfacet
  facet normal -0.98528 -0.170946 0
    outer loop
      vertex -20.5965 -4.0969 0.799999
      vertex -20.7727 -3.08134 3.2
      vertex -20.7727 -3.08134 0.799999
    endloop
  endfacet
  facet normal -0.98528 -0.170946 0
    outer loop
      vertex -20.7727 -3.08134 3.2
      vertex -20.5965 -4.0969 0.799999
      vertex -20.5965 -4.0969 3.2
    endloop
  endfacet
  facet normal 0.405244 -0.914209 0
    outer loop
      vertex 8.03635 -19.4015 0.799999
      vertex 8.97866 -18.9838 3.2
      vertex 8.03635 -19.4015 3.2
    endloop
  endfacet
  facet normal 0.405244 -0.914209 0
    outer loop
      vertex 8.97866 -18.9838 3.2
      vertex 8.03635 -19.4015 0.799999
      vertex 8.97866 -18.9838 0.799999
    endloop
  endfacet
  facet normal -0.975709 0.219071 0
    outer loop
      vertex -20.5965 4.0969 0.799999
      vertex -20.3707 5.10258 3.2
      vertex -20.3707 5.10258 0.799999
    endloop
  endfacet
  facet normal -0.975709 0.219071 0
    outer loop
      vertex -20.3707 5.10258 3.2
      vertex -20.5965 4.0969 0.799999
      vertex -20.5965 4.0969 3.2
    endloop
  endfacet
  facet normal -0.615256 -0.788327 0
    outer loop
      vertex -13.3223 -16.2332 0.799999
      vertex -12.5097 -16.8674 3.2
      vertex -13.3223 -16.2332 3.2
    endloop
  endfacet
  facet normal -0.615256 -0.788327 -0
    outer loop
      vertex -12.5097 -16.8674 3.2
      vertex -13.3223 -16.2332 0.799999
      vertex -12.5097 -16.8674 0.799999
    endloop
  endfacet
  facet normal -0.689578 -0.724212 0
    outer loop
      vertex -14.8492 -14.8492 0.799999
      vertex -14.1027 -15.56 3.2
      vertex -14.8492 -14.8492 3.2
    endloop
  endfacet
  facet normal -0.689578 -0.724212 -0
    outer loop
      vertex -14.1027 -15.56 3.2
      vertex -14.8492 -14.8492 0.799999
      vertex -14.1027 -15.56 0.799999
    endloop
  endfacet
  facet normal 0.0245457 0.999699 -0
    outer loop
      vertex 1.03042 20.9747 0.799999
      vertex 0 21 3.2
      vertex 1.03042 20.9747 3.2
    endloop
  endfacet
  facet normal 0.0245457 0.999699 0
    outer loop
      vertex 0 21 3.2
      vertex 1.03042 20.9747 0.799999
      vertex 0 21 0.799999
    endloop
  endfacet
  facet normal 0.07354 0.997292 -0
    outer loop
      vertex 2.05836 20.8989 0.799999
      vertex 1.03042 20.9747 3.2
      vertex 2.05836 20.8989 3.2
    endloop
  endfacet
  facet normal 0.07354 0.997292 0
    outer loop
      vertex 1.03042 20.9747 3.2
      vertex 2.05836 20.8989 0.799999
      vertex 1.03042 20.9747 0.799999
    endloop
  endfacet
  facet normal -0.449668 0.893196 0
    outer loop
      vertex -8.97866 18.9838 0.799999
      vertex -9.89933 18.5203 3.2
      vertex -8.97866 18.9838 3.2
    endloop
  endfacet
  facet normal -0.449668 0.893196 0
    outer loop
      vertex -9.89933 18.5203 3.2
      vertex -8.97866 18.9838 0.799999
      vertex -9.89933 18.5203 0.799999
    endloop
  endfacet
  facet normal 0.534978 0.844866 -0
    outer loop
      vertex 11.667 17.4609 0.799999
      vertex 10.7962 18.0123 3.2
      vertex 11.667 17.4609 3.2
    endloop
  endfacet
  facet normal 0.534978 0.844866 0
    outer loop
      vertex 10.7962 18.0123 3.2
      vertex 11.667 17.4609 0.799999
      vertex 10.7962 18.0123 0.799999
    endloop
  endfacet
  facet normal -0.313662 -0.949535 0
    outer loop
      vertex -7.07469 -19.7724 0.799999
      vertex -6.09598 -20.0957 3.2
      vertex -7.07469 -19.7724 3.2
    endloop
  endfacet
  facet normal -0.313662 -0.949535 -0
    outer loop
      vertex -6.09598 -20.0957 3.2
      vertex -7.07469 -19.7724 0.799999
      vertex -6.09598 -20.0957 0.799999
    endloop
  endfacet
  facet normal -0.997292 0.07354 0
    outer loop
      vertex -20.9747 1.03042 0.799999
      vertex -20.8989 2.05836 3.2
      vertex -20.8989 2.05836 0.799999
    endloop
  endfacet
  facet normal -0.997292 0.07354 0
    outer loop
      vertex -20.8989 2.05836 3.2
      vertex -20.9747 1.03042 0.799999
      vertex -20.9747 1.03042 3.2
    endloop
  endfacet
  facet normal -0.98528 0.170946 0
    outer loop
      vertex -20.7727 3.08134 0.799999
      vertex -20.5965 4.0969 3.2
      vertex -20.5965 4.0969 0.799999
    endloop
  endfacet
  facet normal -0.98528 0.170946 0
    outer loop
      vertex -20.5965 4.0969 3.2
      vertex -20.7727 3.08134 0.799999
      vertex -20.7727 3.08134 3.2
    endloop
  endfacet
  facet normal -0.266793 0.963754 0
    outer loop
      vertex -5.10258 20.3707 0.799999
      vertex -6.09598 20.0957 3.2
      vertex -5.10258 20.3707 3.2
    endloop
  endfacet
  facet normal -0.266793 0.963754 0
    outer loop
      vertex -6.09598 20.0957 3.2
      vertex -5.10258 20.3707 0.799999
      vertex -6.09598 20.0957 0.799999
    endloop
  endfacet
  facet normal -0.788327 -0.615256 0
    outer loop
      vertex -16.2332 -13.3223 0.799999
      vertex -16.8674 -12.5097 3.2
      vertex -16.8674 -12.5097 0.799999
    endloop
  endfacet
  facet normal -0.788327 -0.615256 0
    outer loop
      vertex -16.8674 -12.5097 3.2
      vertex -16.2332 -13.3223 0.799999
      vertex -16.2332 -13.3223 3.2
    endloop
  endfacet
  facet normal -0.963754 -0.266793 0
    outer loop
      vertex -20.0957 -6.09598 0.799999
      vertex -20.3707 -5.10258 3.2
      vertex -20.3707 -5.10258 0.799999
    endloop
  endfacet
  facet normal -0.963754 -0.266793 0
    outer loop
      vertex -20.3707 -5.10258 3.2
      vertex -20.0957 -6.09598 0.799999
      vertex -20.0957 -6.09598 3.2
    endloop
  endfacet
  facet normal -0.449668 -0.893196 0
    outer loop
      vertex -9.89933 -18.5203 0.799999
      vertex -8.97866 -18.9838 3.2
      vertex -9.89933 -18.5203 3.2
    endloop
  endfacet
  facet normal -0.449668 -0.893196 -0
    outer loop
      vertex -8.97866 -18.9838 3.2
      vertex -9.89933 -18.5203 0.799999
      vertex -8.97866 -18.9838 0.799999
    endloop
  endfacet
  facet normal -0.870116 0.492846 0
    outer loop
      vertex -18.5203 9.89933 0.799999
      vertex -18.0123 10.7962 3.2
      vertex -18.0123 10.7962 0.799999
    endloop
  endfacet
  facet normal -0.870116 0.492846 0
    outer loop
      vertex -18.0123 10.7962 3.2
      vertex -18.5203 9.89933 0.799999
      vertex -18.5203 9.89933 3.2
    endloop
  endfacet
  facet normal -0.405244 0.914209 0
    outer loop
      vertex -8.03635 19.4015 0.799999
      vertex -8.97866 18.9838 3.2
      vertex -8.03635 19.4015 3.2
    endloop
  endfacet
  facet normal -0.405244 0.914209 0
    outer loop
      vertex -8.97866 18.9838 3.2
      vertex -8.03635 19.4015 0.799999
      vertex -8.97866 18.9838 0.799999
    endloop
  endfacet
  facet normal -0.575811 -0.817583 0
    outer loop
      vertex -12.5097 -16.8674 0.799999
      vertex -11.667 -17.4609 3.2
      vertex -12.5097 -16.8674 3.2
    endloop
  endfacet
  facet normal -0.575811 -0.817583 -0
    outer loop
      vertex -11.667 -17.4609 3.2
      vertex -12.5097 -16.8674 0.799999
      vertex -11.667 -17.4609 0.799999
    endloop
  endfacet
  facet normal -0.893196 -0.449668 0
    outer loop
      vertex -18.5203 -9.89933 0.799999
      vertex -18.9838 -8.97866 3.2
      vertex -18.9838 -8.97866 0.799999
    endloop
  endfacet
  facet normal -0.893196 -0.449668 0
    outer loop
      vertex -18.9838 -8.97866 3.2
      vertex -18.5203 -9.89933 0.799999
      vertex -18.5203 -9.89933 3.2
    endloop
  endfacet
  facet normal -0.534978 -0.844866 0
    outer loop
      vertex -11.667 -17.4609 0.799999
      vertex -10.7962 -18.0123 3.2
      vertex -11.667 -17.4609 3.2
    endloop
  endfacet
  facet normal -0.534978 -0.844866 -0
    outer loop
      vertex -10.7962 -18.0123 3.2
      vertex -11.667 -17.4609 0.799999
      vertex -10.7962 -18.0123 0.799999
    endloop
  endfacet
  facet normal 0.0173332 -0.707001 0.707001
    outer loop
      vertex 0 -20.2 4
      vertex 0 -21 3.2
      vertex 0.991166 -20.1757 4
    endloop
  endfacet
  facet normal 0.61533 0.348575 0.707011
    outer loop
      vertex 18.0123 10.7962 3.2
      vertex 17.3261 10.3849 4
      vertex 17.8148 9.52221 4
    endloop
  endfacet
  facet normal 0.707001 0.0173332 0.707001
    outer loop
      vertex 21 0 3.2
      vertex 20.1757 0.991166 4
      vertex 20.2 0 4
    endloop
  endfacet
  facet normal 0.707016 0.0173594 0.706984
    outer loop
      vertex 20.9747 1.03042 3.2
      vertex 20.1757 0.991166 4
      vertex 21 0 3.2
    endloop
  endfacet
  facet normal -0.646541 -0.286594 0.706999
    outer loop
      vertex -18.6624 -7.7302 4
      vertex -19.4015 -8.03635 3.2
      vertex -18.9838 -8.97866 3.2
    endloop
  endfacet
  facet normal 0.671537 -0.221831 0.706986
    outer loop
      vertex 20.0957 -6.09598 3.2
      vertex 19.0192 -6.80517 4
      vertex 19.7724 -7.07469 3.2
    endloop
  endfacet
  facet normal 0.0865221 -0.701877 0.707024
    outer loop
      vertex 2.96395 -19.9814 4
      vertex 1.97995 -20.1027 4
      vertex 2.05836 -20.8989 3.2
    endloop
  endfacet
  facet normal -0.671537 -0.221831 0.706986
    outer loop
      vertex -19.0192 -6.80517 4
      vertex -20.0957 -6.09598 3.2
      vertex -19.7724 -7.07469 3.2
    endloop
  endfacet
  facet normal 0.690031 0.155 0.706988
    outer loop
      vertex 20.5965 4.0969 3.2
      vertex 19.5946 4.9082 4
      vertex 19.8119 3.94082 4
    endloop
  endfacet
  facet normal -0.690031 -0.155 0.706988
    outer loop
      vertex -19.8119 -3.94082 4
      vertex -20.5965 -4.0969 3.2
      vertex -19.5946 -4.9082 4
    endloop
  endfacet
  facet normal 0.0520687 -0.70527 0.707024
    outer loop
      vertex 1.97995 -20.1027 4
      vertex 0.991166 -20.1757 4
      vertex 2.05836 -20.8989 3.2
    endloop
  endfacet
  facet normal 0.155 -0.690031 0.706988
    outer loop
      vertex 4.9082 -19.5946 4
      vertex 3.94082 -19.8119 4
      vertex 4.0969 -20.5965 3.2
    endloop
  endfacet
  facet normal 0.535501 -0.461942 0.707
    outer loop
      vertex 16.2332 -13.3223 3.2
      vertex 14.9672 -13.5655 4
      vertex 15.56 -14.1027 3.2
    endloop
  endfacet
  facet normal -0.155 0.690031 0.706988
    outer loop
      vertex -4.0969 20.5965 3.2
      vertex -4.9082 19.5946 4
      vertex -3.94082 19.8119 4
    endloop
  endfacet
  facet normal -0.188671 -0.68155 0.707031
    outer loop
      vertex -4.9082 -19.5946 4
      vertex -6.09598 -20.0957 3.2
      vertex -5.10258 -20.3707 3.2
    endloop
  endfacet
  facet normal -0.707001 -0.0173332 0.707001
    outer loop
      vertex -20.2 0 4
      vertex -21 0 3.2
      vertex -20.1757 -0.991166 4
    endloop
  endfacet
  facet normal 0.69682 -0.120899 0.706983
    outer loop
      vertex 20.7727 -3.08134 3.2
      vertex 19.9814 -2.96395 4
      vertex 20.5965 -4.0969 3.2
    endloop
  endfacet
  facet normal 0.2866 0.646533 0.707005
    outer loop
      vertex 8.97866 18.9838 3.2
      vertex 7.7302 18.6624 4
      vertex 8.63661 18.2606 4
    endloop
  endfacet
  facet normal 0.318018 0.631692 0.706987
    outer loop
      vertex 9.89933 18.5203 3.2
      vertex 8.97866 18.9838 3.2
      vertex 9.52221 17.8148 4
    endloop
  endfacet
  facet normal 0.154923 -0.690003 0.707032
    outer loop
      vertex 4.9082 -19.5946 4
      vertex 4.0969 -20.5965 3.2
      vertex 5.10258 -20.3707 3.2
    endloop
  endfacet
  facet normal -0.705314 0.0520097 0.706984
    outer loop
      vertex -20.8989 2.05836 3.2
      vertex -20.9747 1.03042 3.2
      vertex -20.1757 0.991166 4
    endloop
  endfacet
  facet normal -0.67154 0.221845 0.706979
    outer loop
      vertex -19.0192 6.80517 4
      vertex -20.0957 6.09598 3.2
      vertex -19.3302 5.86375 4
    endloop
  endfacet
  facet normal 0.70191 -0.0865912 0.706983
    outer loop
      vertex 20.8989 -2.05836 3.2
      vertex 19.9814 -2.96395 4
      vertex 20.7727 -3.08134 3.2
    endloop
  endfacet
  facet normal 0.631692 -0.318018 0.706987
    outer loop
      vertex 18.9838 -8.97866 3.2
      vertex 17.8148 -9.52221 4
      vertex 18.5203 -9.89933 3.2
    endloop
  endfacet
  facet normal -0.681623 -0.188605 0.706978
    outer loop
      vertex -19.5946 -4.9082 4
      vertex -20.0957 -6.09598 3.2
      vertex -19.3302 -5.86375 4
    endloop
  endfacet
  facet normal -0.435103 0.557498 0.707023
    outer loop
      vertex -12.5097 16.8674 3.2
      vertex -13.3223 16.2332 3.2
      vertex -12.0331 16.2248 4
    endloop
  endfacet
  facet normal -0.707016 -0.0173594 0.706984
    outer loop
      vertex -20.1757 -0.991166 4
      vertex -21 0 3.2
      vertex -20.9747 -1.03042 3.2
    endloop
  endfacet
  facet normal 0.631689 0.317984 0.707005
    outer loop
      vertex 18.9838 8.97866 3.2
      vertex 17.8148 9.52221 4
      vertex 18.2606 8.63661 4
    endloop
  endfacet
  facet normal -0.0520097 0.705314 0.706984
    outer loop
      vertex -1.03042 20.9747 3.2
      vertex -2.05836 20.8989 3.2
      vertex -0.991166 20.1757 4
    endloop
  endfacet
  facet normal 0.407208 -0.578187 0.707023
    outer loop
      vertex 12.0331 -16.2248 4
      vertex 11.667 -17.4609 3.2
      vertex 12.5097 -16.8674 3.2
    endloop
  endfacet
  facet normal 0.48768 0.512174 0.706998
    outer loop
      vertex 14.1027 15.56 3.2
      vertex 13.5655 14.9672 4
      vertex 14.8492 14.8492 3.2
    endloop
  endfacet
  facet normal -0.317984 -0.631689 0.707005
    outer loop
      vertex -8.63661 -18.2606 4
      vertex -9.52221 -17.8148 4
      vertex -8.97866 -18.9838 3.2
    endloop
  endfacet
  facet normal 0.254508 0.659832 0.706999
    outer loop
      vertex 8.03635 19.4015 3.2
      vertex 6.80517 19.0192 4
      vertex 7.7302 18.6624 4
    endloop
  endfacet
  facet normal 0.461942 0.535501 0.707
    outer loop
      vertex 14.1027 15.56 3.2
      vertex 13.3223 16.2332 3.2
      vertex 13.5655 14.9672 4
    endloop
  endfacet
  facet normal 0.435102 -0.557501 0.707021
    outer loop
      vertex 12.8147 -15.6148 4
      vertex 12.0331 -16.2248 4
      vertex 13.3223 -16.2332 3.2
    endloop
  endfacet
  facet normal 0.120899 0.69682 0.706983
    outer loop
      vertex 3.08134 20.7727 3.2
      vertex 2.96395 19.9814 4
      vertex 4.0969 20.5965 3.2
    endloop
  endfacet
  facet normal -0.70191 -0.0865912 0.706983
    outer loop
      vertex -19.9814 -2.96395 4
      vertex -20.8989 -2.05836 3.2
      vertex -20.7727 -3.08134 3.2
    endloop
  endfacet
  facet normal 0.690003 0.154923 0.707032
    outer loop
      vertex 20.3707 5.10258 3.2
      vertex 19.5946 4.9082 4
      vertex 20.5965 4.0969 3.2
    endloop
  endfacet
  facet normal -0.48768 0.512174 0.706998
    outer loop
      vertex -14.1027 15.56 3.2
      vertex -14.8492 14.8492 3.2
      vertex -13.5655 14.9672 4
    endloop
  endfacet
  facet normal 0.69682 0.120899 0.706983
    outer loop
      vertex 20.5965 4.0969 3.2
      vertex 19.9814 2.96395 4
      vertex 20.7727 3.08134 3.2
    endloop
  endfacet
  facet normal -0.348575 -0.61533 0.707011
    outer loop
      vertex -10.3849 -17.3261 4
      vertex -10.7962 -18.0123 3.2
      vertex -9.52221 -17.8148 4
    endloop
  endfacet
  facet normal 0.659832 -0.254508 0.706999
    outer loop
      vertex 19.0192 -6.80517 4
      vertex 18.6624 -7.7302 4
      vertex 19.4015 -8.03635 3.2
    endloop
  endfacet
  facet normal 0.0520097 0.705314 0.706984
    outer loop
      vertex 1.03042 20.9747 3.2
      vertex 0.991166 20.1757 4
      vertex 2.05836 20.8989 3.2
    endloop
  endfacet
  facet normal -0.254495 0.659849 0.706987
    outer loop
      vertex -7.07469 19.7724 3.2
      vertex -8.03635 19.4015 3.2
      vertex -6.80517 19.0192 4
    endloop
  endfacet
  facet normal 0.67154 -0.221845 0.706979
    outer loop
      vertex 19.3302 -5.86375 4
      vertex 19.0192 -6.80517 4
      vertex 20.0957 -6.09598 3.2
    endloop
  endfacet
  facet normal 0.286594 -0.646541 0.706999
    outer loop
      vertex 8.97866 -18.9838 3.2
      vertex 7.7302 -18.6624 4
      vertex 8.03635 -19.4015 3.2
    endloop
  endfacet
  facet normal 0.378338 0.597491 0.707011
    outer loop
      vertex 10.7962 18.0123 3.2
      vertex 10.3849 17.3261 4
      vertex 11.667 17.4609 3.2
    endloop
  endfacet
  facet normal -0.154923 -0.690003 0.707032
    outer loop
      vertex -4.9082 -19.5946 4
      vertex -5.10258 -20.3707 3.2
      vertex -4.0969 -20.5965 3.2
    endloop
  endfacet
  facet normal 0.348554 -0.615369 0.706987
    outer loop
      vertex 10.7962 -18.0123 3.2
      vertex 9.52221 -17.8148 4
      vertex 9.89933 -18.5203 3.2
    endloop
  endfacet
  facet normal 0.535507 -0.4619 0.707022
    outer loop
      vertex 15.6148 -12.8147 4
      vertex 14.9672 -13.5655 4
      vertex 16.2332 -13.3223 3.2
    endloop
  endfacet
  facet normal -0.487656 -0.512268 0.706946
    outer loop
      vertex -14.2836 -14.2836 4
      vertex -14.8492 -14.8492 3.2
      vertex -13.5655 -14.9672 4
    endloop
  endfacet
  facet normal 0.70527 0.0520687 0.707024
    outer loop
      vertex 20.8989 2.05836 3.2
      vertex 20.1027 1.97995 4
      vertex 20.1757 0.991166 4
    endloop
  endfacet
  facet normal -0.120899 0.69682 0.706983
    outer loop
      vertex -3.08134 20.7727 3.2
      vertex -4.0969 20.5965 3.2
      vertex -2.96395 19.9814 4
    endloop
  endfacet
  facet normal 0.348554 0.615369 0.706987
    outer loop
      vertex 9.89933 18.5203 3.2
      vertex 9.52221 17.8148 4
      vertex 10.7962 18.0123 3.2
    endloop
  endfacet
  facet normal -0.512174 -0.48768 0.706998
    outer loop
      vertex -14.9672 -13.5655 4
      vertex -15.56 -14.1027 3.2
      vertex -14.8492 -14.8492 3.2
    endloop
  endfacet
  facet normal -0.597491 0.378338 0.707011
    outer loop
      vertex -17.4609 11.667 3.2
      vertex -18.0123 10.7962 3.2
      vertex -17.3261 10.3849 4
    endloop
  endfacet
  facet normal 0.487656 0.512268 0.706946
    outer loop
      vertex 14.8492 14.8492 3.2
      vertex 13.5655 14.9672 4
      vertex 14.2836 14.2836 4
    endloop
  endfacet
  facet normal 0.120906 0.696813 0.706989
    outer loop
      vertex 4.0969 20.5965 3.2
      vertex 2.96395 19.9814 4
      vertex 3.94082 19.8119 4
    endloop
  endfacet
  facet normal 0.681623 -0.188605 0.706978
    outer loop
      vertex 19.5946 -4.9082 4
      vertex 19.3302 -5.86375 4
      vertex 20.0957 -6.09598 3.2
    endloop
  endfacet
  facet normal 0.68155 -0.188671 0.707031
    outer loop
      vertex 20.3707 -5.10258 3.2
      vertex 19.5946 -4.9082 4
      vertex 20.0957 -6.09598 3.2
    endloop
  endfacet
  facet normal 0.67154 0.221845 0.706979
    outer loop
      vertex 20.0957 6.09598 3.2
      vertex 19.0192 6.80517 4
      vertex 19.3302 5.86375 4
    endloop
  endfacet
  facet normal -0.4619 0.535507 0.707022
    outer loop
      vertex -13.3223 16.2332 3.2
      vertex -13.5655 14.9672 4
      vertex -12.8147 15.6148 4
    endloop
  endfacet
  facet normal 0.557498 0.435103 0.707023
    outer loop
      vertex 16.2332 13.3223 3.2
      vertex 16.2248 12.0331 4
      vertex 16.8674 12.5097 3.2
    endloop
  endfacet
  facet normal -0.407208 -0.578187 0.707023
    outer loop
      vertex -12.0331 -16.2248 4
      vertex -12.5097 -16.8674 3.2
      vertex -11.667 -17.4609 3.2
    endloop
  endfacet
  facet normal 0.348575 -0.61533 0.707011
    outer loop
      vertex 10.3849 -17.3261 4
      vertex 9.52221 -17.8148 4
      vertex 10.7962 -18.0123 3.2
    endloop
  endfacet
  facet normal -0.0173594 -0.707016 0.706984
    outer loop
      vertex -0.991166 -20.1757 4
      vertex -1.03042 -20.9747 3.2
      vertex 0 -21 3.2
    endloop
  endfacet
  facet normal 0.407213 0.578187 0.70702
    outer loop
      vertex 11.667 17.4609 3.2
      vertex 11.2225 16.7957 4
      vertex 12.0331 16.2248 4
    endloop
  endfacet
  facet normal 0.70191 0.0865912 0.706983
    outer loop
      vertex 20.7727 3.08134 3.2
      vertex 19.9814 2.96395 4
      vertex 20.8989 2.05836 3.2
    endloop
  endfacet
  facet normal 0.705314 0.0520097 0.706984
    outer loop
      vertex 20.8989 2.05836 3.2
      vertex 20.1757 0.991166 4
      vertex 20.9747 1.03042 3.2
    endloop
  endfacet
  facet normal 0.4619 0.535507 0.707022
    outer loop
      vertex 13.3223 16.2332 3.2
      vertex 12.8147 15.6148 4
      vertex 13.5655 14.9672 4
    endloop
  endfacet
  facet normal 0.681623 0.188605 0.706978
    outer loop
      vertex 20.0957 6.09598 3.2
      vertex 19.3302 5.86375 4
      vertex 19.5946 4.9082 4
    endloop
  endfacet
  facet normal 0.659849 -0.254495 0.706987
    outer loop
      vertex 19.7724 -7.07469 3.2
      vertex 19.0192 -6.80517 4
      vertex 19.4015 -8.03635 3.2
    endloop
  endfacet
  facet normal -0.487656 0.512268 0.706946
    outer loop
      vertex -13.5655 14.9672 4
      vertex -14.8492 14.8492 3.2
      vertex -14.2836 14.2836 4
    endloop
  endfacet
  facet normal -0.512268 -0.487656 0.706946
    outer loop
      vertex -14.2836 -14.2836 4
      vertex -14.9672 -13.5655 4
      vertex -14.8492 -14.8492 3.2
    endloop
  endfacet
  facet normal 0.0865912 -0.70191 0.706983
    outer loop
      vertex 2.96395 -19.9814 4
      vertex 2.05836 -20.8989 3.2
      vertex 3.08134 -20.7727 3.2
    endloop
  endfacet
  facet normal -0.188671 0.68155 0.707031
    outer loop
      vertex -5.10258 20.3707 3.2
      vertex -6.09598 20.0957 3.2
      vertex -4.9082 19.5946 4
    endloop
  endfacet
  facet normal -0.646541 0.286594 0.706999
    outer loop
      vertex -18.9838 8.97866 3.2
      vertex -19.4015 8.03635 3.2
      vertex -18.6624 7.7302 4
    endloop
  endfacet
  facet normal 0.188671 -0.68155 0.707031
    outer loop
      vertex 6.09598 -20.0957 3.2
      vertex 4.9082 -19.5946 4
      vertex 5.10258 -20.3707 3.2
    endloop
  endfacet
  facet normal -0.705314 -0.0520097 0.706984
    outer loop
      vertex -20.1757 -0.991166 4
      vertex -20.9747 -1.03042 3.2
      vertex -20.8989 -2.05836 3.2
    endloop
  endfacet
  facet normal 0.696813 -0.120906 0.706989
    outer loop
      vertex 19.9814 -2.96395 4
      vertex 19.8119 -3.94082 4
      vertex 20.5965 -4.0969 3.2
    endloop
  endfacet
  facet normal 0.705314 -0.0520097 0.706984
    outer loop
      vertex 20.9747 -1.03042 3.2
      vertex 20.1757 -0.991166 4
      vertex 20.8989 -2.05836 3.2
    endloop
  endfacet
  facet normal 0.631689 -0.317984 0.707005
    outer loop
      vertex 18.2606 -8.63661 4
      vertex 17.8148 -9.52221 4
      vertex 18.9838 -8.97866 3.2
    endloop
  endfacet
  facet normal -0.286594 -0.646541 0.706999
    outer loop
      vertex -7.7302 -18.6624 4
      vertex -8.97866 -18.9838 3.2
      vertex -8.03635 -19.4015 3.2
    endloop
  endfacet
  facet normal 0.578187 -0.407208 0.707023
    outer loop
      vertex 17.4609 -11.667 3.2
      vertex 16.2248 -12.0331 4
      vertex 16.8674 -12.5097 3.2
    endloop
  endfacet
  facet normal -0.254508 -0.659832 0.706999
    outer loop
      vertex -7.7302 -18.6624 4
      vertex -8.03635 -19.4015 3.2
      vertex -6.80517 -19.0192 4
    endloop
  endfacet
  facet normal 0.120899 -0.69682 0.706983
    outer loop
      vertex 4.0969 -20.5965 3.2
      vertex 2.96395 -19.9814 4
      vertex 3.08134 -20.7727 3.2
    endloop
  endfacet
  facet normal 0.461942 -0.535501 0.707
    outer loop
      vertex 13.5655 -14.9672 4
      vertex 13.3223 -16.2332 3.2
      vertex 14.1027 -15.56 3.2
    endloop
  endfacet
  facet normal -0.557498 0.435103 0.707023
    outer loop
      vertex -16.2332 13.3223 3.2
      vertex -16.8674 12.5097 3.2
      vertex -16.2248 12.0331 4
    endloop
  endfacet
  facet normal -0.535501 0.461942 0.707
    outer loop
      vertex -15.56 14.1027 3.2
      vertex -16.2332 13.3223 3.2
      vertex -14.9672 13.5655 4
    endloop
  endfacet
  facet normal -0.61533 -0.348575 0.707011
    outer loop
      vertex -17.8148 -9.52221 4
      vertex -18.0123 -10.7962 3.2
      vertex -17.3261 -10.3849 4
    endloop
  endfacet
  facet normal 0.701877 0.0865221 0.707024
    outer loop
      vertex 20.8989 2.05836 3.2
      vertex 19.9814 2.96395 4
      vertex 20.1027 1.97995 4
    endloop
  endfacet
  facet normal 0.435103 0.557498 0.707023
    outer loop
      vertex 12.5097 16.8674 3.2
      vertex 12.0331 16.2248 4
      vertex 13.3223 16.2332 3.2
    endloop
  endfacet
  facet normal 0.578187 -0.407213 0.70702
    outer loop
      vertex 16.7957 -11.2225 4
      vertex 16.2248 -12.0331 4
      vertex 17.4609 -11.667 3.2
    endloop
  endfacet
  facet normal -0.69682 -0.120899 0.706983
    outer loop
      vertex -19.9814 -2.96395 4
      vertex -20.7727 -3.08134 3.2
      vertex -20.5965 -4.0969 3.2
    endloop
  endfacet
  facet normal 0.707016 -0.0173594 0.706984
    outer loop
      vertex 21 0 3.2
      vertex 20.1757 -0.991166 4
      vertex 20.9747 -1.03042 3.2
    endloop
  endfacet
  facet normal 0.707001 -0.0173332 0.707001
    outer loop
      vertex 20.2 0 4
      vertex 20.1757 -0.991166 4
      vertex 21 0 3.2
    endloop
  endfacet
  facet normal 0.188605 -0.681623 0.706978
    outer loop
      vertex 5.86375 -19.3302 4
      vertex 4.9082 -19.5946 4
      vertex 6.09598 -20.0957 3.2
    endloop
  endfacet
  facet normal 0.487656 -0.512268 0.706946
    outer loop
      vertex 14.2836 -14.2836 4
      vertex 13.5655 -14.9672 4
      vertex 14.8492 -14.8492 3.2
    endloop
  endfacet
  facet normal 0.512268 -0.487656 0.706946
    outer loop
      vertex 14.9672 -13.5655 4
      vertex 14.2836 -14.2836 4
      vertex 14.8492 -14.8492 3.2
    endloop
  endfacet
  facet normal -0.70527 -0.0520687 0.707024
    outer loop
      vertex -20.1757 -0.991166 4
      vertex -20.8989 -2.05836 3.2
      vertex -20.1027 -1.97995 4
    endloop
  endfacet
  facet normal 0.597491 0.378338 0.707011
    outer loop
      vertex 17.4609 11.667 3.2
      vertex 17.3261 10.3849 4
      vertex 18.0123 10.7962 3.2
    endloop
  endfacet
  facet normal -0.68155 -0.188671 0.707031
    outer loop
      vertex -19.5946 -4.9082 4
      vertex -20.3707 -5.10258 3.2
      vertex -20.0957 -6.09598 3.2
    endloop
  endfacet
  facet normal 0.120906 -0.696813 0.706989
    outer loop
      vertex 3.94082 -19.8119 4
      vertex 2.96395 -19.9814 4
      vertex 4.0969 -20.5965 3.2
    endloop
  endfacet
  facet normal -0.2866 0.646533 0.707005
    outer loop
      vertex -7.7302 18.6624 4
      vertex -8.97866 18.9838 3.2
      vertex -8.63661 18.2606 4
    endloop
  endfacet
  facet normal 0.557498 -0.435103 0.707023
    outer loop
      vertex 16.8674 -12.5097 3.2
      vertex 16.2248 -12.0331 4
      vertex 16.2332 -13.3223 3.2
    endloop
  endfacet
  facet normal -0.696813 -0.120906 0.706989
    outer loop
      vertex -19.9814 -2.96395 4
      vertex -20.5965 -4.0969 3.2
      vertex -19.8119 -3.94082 4
    endloop
  endfacet
  facet normal -0.435102 -0.557501 0.707021
    outer loop
      vertex -12.8147 -15.6148 4
      vertex -13.3223 -16.2332 3.2
      vertex -12.0331 -16.2248 4
    endloop
  endfacet
  facet normal 0.615369 -0.348554 0.706987
    outer loop
      vertex 18.5203 -9.89933 3.2
      vertex 17.8148 -9.52221 4
      vertex 18.0123 -10.7962 3.2
    endloop
  endfacet
  facet normal 0.0173332 0.707001 0.707001
    outer loop
      vertex 0 21 3.2
      vertex 0 20.2 4
      vertex 0.991166 20.1757 4
    endloop
  endfacet
  facet normal -0.557501 -0.435102 0.707021
    outer loop
      vertex -16.2248 -12.0331 4
      vertex -16.2332 -13.3223 3.2
      vertex -15.6148 -12.8147 4
    endloop
  endfacet
  facet normal -0.690003 -0.154923 0.707032
    outer loop
      vertex -19.5946 -4.9082 4
      vertex -20.5965 -4.0969 3.2
      vertex -20.3707 -5.10258 3.2
    endloop
  endfacet
  facet normal -0.254508 0.659832 0.706999
    outer loop
      vertex -6.80517 19.0192 4
      vertex -8.03635 19.4015 3.2
      vertex -7.7302 18.6624 4
    endloop
  endfacet
  facet normal 0.407213 -0.578187 0.70702
    outer loop
      vertex 12.0331 -16.2248 4
      vertex 11.2225 -16.7957 4
      vertex 11.667 -17.4609 3.2
    endloop
  endfacet
  facet normal 0.696813 0.120906 0.706989
    outer loop
      vertex 20.5965 4.0969 3.2
      vertex 19.8119 3.94082 4
      vertex 19.9814 2.96395 4
    endloop
  endfacet
  facet normal 0.0173594 0.707016 0.706984
    outer loop
      vertex 1.03042 20.9747 3.2
      vertex 0 21 3.2
      vertex 0.991166 20.1757 4
    endloop
  endfacet
  facet normal 0.0173594 -0.707016 0.706984
    outer loop
      vertex 0.991166 -20.1757 4
      vertex 0 -21 3.2
      vertex 1.03042 -20.9747 3.2
    endloop
  endfacet
  facet normal 0.0520097 -0.705314 0.706984
    outer loop
      vertex 2.05836 -20.8989 3.2
      vertex 0.991166 -20.1757 4
      vertex 1.03042 -20.9747 3.2
    endloop
  endfacet
  facet normal -0.0520097 -0.705314 0.706984
    outer loop
      vertex -0.991166 -20.1757 4
      vertex -2.05836 -20.8989 3.2
      vertex -1.03042 -20.9747 3.2
    endloop
  endfacet
  facet normal -0.631689 -0.317984 0.707005
    outer loop
      vertex -18.2606 -8.63661 4
      vertex -18.9838 -8.97866 3.2
      vertex -17.8148 -9.52221 4
    endloop
  endfacet
  facet normal -0.61533 0.348575 0.707011
    outer loop
      vertex -17.3261 10.3849 4
      vertex -18.0123 10.7962 3.2
      vertex -17.8148 9.52221 4
    endloop
  endfacet
  facet normal -0.0173594 0.707016 0.706984
    outer loop
      vertex 0 21 3.2
      vertex -1.03042 20.9747 3.2
      vertex -0.991166 20.1757 4
    endloop
  endfacet
  facet normal 0.646533 -0.2866 0.707005
    outer loop
      vertex 18.6624 -7.7302 4
      vertex 18.2606 -8.63661 4
      vertex 18.9838 -8.97866 3.2
    endloop
  endfacet
  facet normal -0.631692 -0.318018 0.706987
    outer loop
      vertex -17.8148 -9.52221 4
      vertex -18.9838 -8.97866 3.2
      vertex -18.5203 -9.89933 3.2
    endloop
  endfacet
  facet normal 0.61533 -0.348575 0.707011
    outer loop
      vertex 17.8148 -9.52221 4
      vertex 17.3261 -10.3849 4
      vertex 18.0123 -10.7962 3.2
    endloop
  endfacet
  facet normal -0.70191 0.0865912 0.706983
    outer loop
      vertex -20.7727 3.08134 3.2
      vertex -20.8989 2.05836 3.2
      vertex -19.9814 2.96395 4
    endloop
  endfacet
  facet normal -0.0173332 0.707001 0.707001
    outer loop
      vertex 0 21 3.2
      vertex -0.991166 20.1757 4
      vertex 0 20.2 4
    endloop
  endfacet
  facet normal 0.4619 -0.535507 0.707022
    outer loop
      vertex 13.5655 -14.9672 4
      vertex 12.8147 -15.6148 4
      vertex 13.3223 -16.2332 3.2
    endloop
  endfacet
  facet normal 0.435103 -0.557498 0.707023
    outer loop
      vertex 13.3223 -16.2332 3.2
      vertex 12.0331 -16.2248 4
      vertex 12.5097 -16.8674 3.2
    endloop
  endfacet
  facet normal -0.378338 0.597491 0.707011
    outer loop
      vertex -10.7962 18.0123 3.2
      vertex -11.667 17.4609 3.2
      vertex -10.3849 17.3261 4
    endloop
  endfacet
  facet normal -0.188605 -0.681623 0.706978
    outer loop
      vertex -5.86375 -19.3302 4
      vertex -6.09598 -20.0957 3.2
      vertex -4.9082 -19.5946 4
    endloop
  endfacet
  facet normal -0.578187 -0.407208 0.707023
    outer loop
      vertex -16.2248 -12.0331 4
      vertex -17.4609 -11.667 3.2
      vertex -16.8674 -12.5097 3.2
    endloop
  endfacet
  facet normal -0.701877 -0.0865221 0.707024
    outer loop
      vertex -20.1027 -1.97995 4
      vertex -20.8989 -2.05836 3.2
      vertex -19.9814 -2.96395 4
    endloop
  endfacet
  facet normal 0.659849 0.254495 0.706987
    outer loop
      vertex 19.4015 8.03635 3.2
      vertex 19.0192 6.80517 4
      vertex 19.7724 7.07469 3.2
    endloop
  endfacet
  facet normal -0.435103 -0.557498 0.707023
    outer loop
      vertex -12.0331 -16.2248 4
      vertex -13.3223 -16.2332 3.2
      vertex -12.5097 -16.8674 3.2
    endloop
  endfacet
  facet normal -0.707001 0.0173332 0.707001
    outer loop
      vertex -20.1757 0.991166 4
      vertex -21 0 3.2
      vertex -20.2 0 4
    endloop
  endfacet
  facet normal -0.512268 0.487656 0.706946
    outer loop
      vertex -14.8492 14.8492 3.2
      vertex -14.9672 13.5655 4
      vertex -14.2836 14.2836 4
    endloop
  endfacet
  facet normal -0.512174 0.48768 0.706998
    outer loop
      vertex -14.8492 14.8492 3.2
      vertex -15.56 14.1027 3.2
      vertex -14.9672 13.5655 4
    endloop
  endfacet
  facet normal 0.188605 0.681623 0.706978
    outer loop
      vertex 6.09598 20.0957 3.2
      vertex 4.9082 19.5946 4
      vertex 5.86375 19.3302 4
    endloop
  endfacet
  facet normal 0.701877 -0.0865221 0.707024
    outer loop
      vertex 20.1027 -1.97995 4
      vertex 19.9814 -2.96395 4
      vertex 20.8989 -2.05836 3.2
    endloop
  endfacet
  facet normal -0.407208 0.578187 0.707023
    outer loop
      vertex -11.667 17.4609 3.2
      vertex -12.5097 16.8674 3.2
      vertex -12.0331 16.2248 4
    endloop
  endfacet
  facet normal 0.254508 -0.659832 0.706999
    outer loop
      vertex 7.7302 -18.6624 4
      vertex 6.80517 -19.0192 4
      vertex 8.03635 -19.4015 3.2
    endloop
  endfacet
  facet normal 0.690003 -0.154923 0.707032
    outer loop
      vertex 20.5965 -4.0969 3.2
      vertex 19.5946 -4.9082 4
      vertex 20.3707 -5.10258 3.2
    endloop
  endfacet
  facet normal 0.646541 0.286594 0.706999
    outer loop
      vertex 18.9838 8.97866 3.2
      vertex 18.6624 7.7302 4
      vertex 19.4015 8.03635 3.2
    endloop
  endfacet
  facet normal -0.221845 -0.67154 0.706979
    outer loop
      vertex -5.86375 -19.3302 4
      vertex -6.80517 -19.0192 4
      vertex -6.09598 -20.0957 3.2
    endloop
  endfacet
  facet normal -0.70527 0.0520687 0.707024
    outer loop
      vertex -20.1027 1.97995 4
      vertex -20.8989 2.05836 3.2
      vertex -20.1757 0.991166 4
    endloop
  endfacet
  facet normal 0.318018 -0.631692 0.706987
    outer loop
      vertex 9.52221 -17.8148 4
      vertex 8.97866 -18.9838 3.2
      vertex 9.89933 -18.5203 3.2
    endloop
  endfacet
  facet normal 0.68155 0.188671 0.707031
    outer loop
      vertex 20.0957 6.09598 3.2
      vertex 19.5946 4.9082 4
      vertex 20.3707 5.10258 3.2
    endloop
  endfacet
  facet normal -0.646533 -0.2866 0.707005
    outer loop
      vertex -18.6624 -7.7302 4
      vertex -18.9838 -8.97866 3.2
      vertex -18.2606 -8.63661 4
    endloop
  endfacet
  facet normal 0.512174 -0.48768 0.706998
    outer loop
      vertex 14.9672 -13.5655 4
      vertex 14.8492 -14.8492 3.2
      vertex 15.56 -14.1027 3.2
    endloop
  endfacet
  facet normal 0.2866 -0.646533 0.707005
    outer loop
      vertex 8.63661 -18.2606 4
      vertex 7.7302 -18.6624 4
      vertex 8.97866 -18.9838 3.2
    endloop
  endfacet
  facet normal 0.535501 0.461942 0.707
    outer loop
      vertex 15.56 14.1027 3.2
      vertex 14.9672 13.5655 4
      vertex 16.2332 13.3223 3.2
    endloop
  endfacet
  facet normal 0.0865912 0.70191 0.706983
    outer loop
      vertex 3.08134 20.7727 3.2
      vertex 2.05836 20.8989 3.2
      vertex 2.96395 19.9814 4
    endloop
  endfacet
  facet normal -0.0520687 -0.70527 0.707024
    outer loop
      vertex -1.97995 -20.1027 4
      vertex -2.05836 -20.8989 3.2
      vertex -0.991166 -20.1757 4
    endloop
  endfacet
  facet normal -0.0865221 -0.701877 0.707024
    outer loop
      vertex -1.97995 -20.1027 4
      vertex -2.96395 -19.9814 4
      vertex -2.05836 -20.8989 3.2
    endloop
  endfacet
  facet normal -0.535501 -0.461942 0.707
    outer loop
      vertex -14.9672 -13.5655 4
      vertex -16.2332 -13.3223 3.2
      vertex -15.56 -14.1027 3.2
    endloop
  endfacet
  facet normal -0.221831 -0.671537 0.706986
    outer loop
      vertex -6.80517 -19.0192 4
      vertex -7.07469 -19.7724 3.2
      vertex -6.09598 -20.0957 3.2
    endloop
  endfacet
  facet normal -0.696813 0.120906 0.706989
    outer loop
      vertex -19.8119 3.94082 4
      vertex -20.5965 4.0969 3.2
      vertex -19.9814 2.96395 4
    endloop
  endfacet
  facet normal 0.690031 -0.155 0.706988
    outer loop
      vertex 19.8119 -3.94082 4
      vertex 19.5946 -4.9082 4
      vertex 20.5965 -4.0969 3.2
    endloop
  endfacet
  facet normal 0.646541 -0.286594 0.706999
    outer loop
      vertex 19.4015 -8.03635 3.2
      vertex 18.6624 -7.7302 4
      vertex 18.9838 -8.97866 3.2
    endloop
  endfacet
  facet normal -0.535507 0.4619 0.707022
    outer loop
      vertex -14.9672 13.5655 4
      vertex -16.2332 13.3223 3.2
      vertex -15.6148 12.8147 4
    endloop
  endfacet
  facet normal 0.317984 -0.631689 0.707005
    outer loop
      vertex 9.52221 -17.8148 4
      vertex 8.63661 -18.2606 4
      vertex 8.97866 -18.9838 3.2
    endloop
  endfacet
  facet normal 0.70527 -0.0520687 0.707024
    outer loop
      vertex 20.1757 -0.991166 4
      vertex 20.1027 -1.97995 4
      vertex 20.8989 -2.05836 3.2
    endloop
  endfacet
  facet normal -0.254495 -0.659849 0.706987
    outer loop
      vertex -6.80517 -19.0192 4
      vertex -8.03635 -19.4015 3.2
      vertex -7.07469 -19.7724 3.2
    endloop
  endfacet
  facet normal 0.646533 0.2866 0.707005
    outer loop
      vertex 18.9838 8.97866 3.2
      vertex 18.2606 8.63661 4
      vertex 18.6624 7.7302 4
    endloop
  endfacet
  facet normal 0.631692 0.318018 0.706987
    outer loop
      vertex 18.5203 9.89933 3.2
      vertex 17.8148 9.52221 4
      vertex 18.9838 8.97866 3.2
    endloop
  endfacet
  facet normal 0.512174 0.48768 0.706998
    outer loop
      vertex 15.56 14.1027 3.2
      vertex 14.8492 14.8492 3.2
      vertex 14.9672 13.5655 4
    endloop
  endfacet
  facet normal -0.348575 0.61533 0.707011
    outer loop
      vertex -9.52221 17.8148 4
      vertex -10.7962 18.0123 3.2
      vertex -10.3849 17.3261 4
    endloop
  endfacet
  facet normal -0.154923 0.690003 0.707032
    outer loop
      vertex -4.0969 20.5965 3.2
      vertex -5.10258 20.3707 3.2
      vertex -4.9082 19.5946 4
    endloop
  endfacet
  facet normal -0.2866 -0.646533 0.707005
    outer loop
      vertex -8.63661 -18.2606 4
      vertex -8.97866 -18.9838 3.2
      vertex -7.7302 -18.6624 4
    endloop
  endfacet
  facet normal -0.348554 0.615369 0.706987
    outer loop
      vertex -9.89933 18.5203 3.2
      vertex -10.7962 18.0123 3.2
      vertex -9.52221 17.8148 4
    endloop
  endfacet
  facet normal 0.48768 -0.512174 0.706998
    outer loop
      vertex 14.8492 -14.8492 3.2
      vertex 13.5655 -14.9672 4
      vertex 14.1027 -15.56 3.2
    endloop
  endfacet
  facet normal -0.0865221 0.701877 0.707024
    outer loop
      vertex -2.05836 20.8989 3.2
      vertex -2.96395 19.9814 4
      vertex -1.97995 20.1027 4
    endloop
  endfacet
  facet normal -0.659832 0.254508 0.706999
    outer loop
      vertex -18.6624 7.7302 4
      vertex -19.4015 8.03635 3.2
      vertex -19.0192 6.80517 4
    endloop
  endfacet
  facet normal 0.597491 -0.378338 0.707011
    outer loop
      vertex 18.0123 -10.7962 3.2
      vertex 17.3261 -10.3849 4
      vertex 17.4609 -11.667 3.2
    endloop
  endfacet
  facet normal -0.69682 0.120899 0.706983
    outer loop
      vertex -20.5965 4.0969 3.2
      vertex -20.7727 3.08134 3.2
      vertex -19.9814 2.96395 4
    endloop
  endfacet
  facet normal 0.0520687 0.70527 0.707024
    outer loop
      vertex 2.05836 20.8989 3.2
      vertex 0.991166 20.1757 4
      vertex 1.97995 20.1027 4
    endloop
  endfacet
  facet normal -0.597477 0.378345 0.70702
    outer loop
      vertex -16.7957 11.2225 4
      vertex -17.4609 11.667 3.2
      vertex -17.3261 10.3849 4
    endloop
  endfacet
  facet normal -0.48768 -0.512174 0.706998
    outer loop
      vertex -13.5655 -14.9672 4
      vertex -14.8492 -14.8492 3.2
      vertex -14.1027 -15.56 3.2
    endloop
  endfacet
  facet normal 0.435102 0.557501 0.707021
    outer loop
      vertex 13.3223 16.2332 3.2
      vertex 12.0331 16.2248 4
      vertex 12.8147 15.6148 4
    endloop
  endfacet
  facet normal -0.120906 0.696813 0.706989
    outer loop
      vertex -2.96395 19.9814 4
      vertex -4.0969 20.5965 3.2
      vertex -3.94082 19.8119 4
    endloop
  endfacet
  facet normal -0.701877 0.0865221 0.707024
    outer loop
      vertex -19.9814 2.96395 4
      vertex -20.8989 2.05836 3.2
      vertex -20.1027 1.97995 4
    endloop
  endfacet
  facet normal 0.557501 0.435102 0.707021
    outer loop
      vertex 16.2332 13.3223 3.2
      vertex 15.6148 12.8147 4
      vertex 16.2248 12.0331 4
    endloop
  endfacet
  facet normal 0.578187 0.407208 0.707023
    outer loop
      vertex 16.8674 12.5097 3.2
      vertex 16.2248 12.0331 4
      vertex 17.4609 11.667 3.2
    endloop
  endfacet
  facet normal -0.557498 -0.435103 0.707023
    outer loop
      vertex -16.2248 -12.0331 4
      vertex -16.8674 -12.5097 3.2
      vertex -16.2332 -13.3223 3.2
    endloop
  endfacet
  facet normal -0.646533 0.2866 0.707005
    outer loop
      vertex -18.2606 8.63661 4
      vertex -18.9838 8.97866 3.2
      vertex -18.6624 7.7302 4
    endloop
  endfacet
  facet normal -0.707016 0.0173594 0.706984
    outer loop
      vertex -20.9747 1.03042 3.2
      vertex -21 0 3.2
      vertex -20.1757 0.991166 4
    endloop
  endfacet
  facet normal 0.407208 0.578187 0.707023
    outer loop
      vertex 12.5097 16.8674 3.2
      vertex 11.667 17.4609 3.2
      vertex 12.0331 16.2248 4
    endloop
  endfacet
  facet normal -0.221831 0.671537 0.706986
    outer loop
      vertex -6.09598 20.0957 3.2
      vertex -7.07469 19.7724 3.2
      vertex -6.80517 19.0192 4
    endloop
  endfacet
  facet normal -0.120899 -0.69682 0.706983
    outer loop
      vertex -2.96395 -19.9814 4
      vertex -4.0969 -20.5965 3.2
      vertex -3.08134 -20.7727 3.2
    endloop
  endfacet
  facet normal -0.0865912 -0.70191 0.706983
    outer loop
      vertex -2.96395 -19.9814 4
      vertex -3.08134 -20.7727 3.2
      vertex -2.05836 -20.8989 3.2
    endloop
  endfacet
  facet normal -0.659832 -0.254508 0.706999
    outer loop
      vertex -19.0192 -6.80517 4
      vertex -19.4015 -8.03635 3.2
      vertex -18.6624 -7.7302 4
    endloop
  endfacet
  facet normal -0.67154 -0.221845 0.706979
    outer loop
      vertex -19.3302 -5.86375 4
      vertex -20.0957 -6.09598 3.2
      vertex -19.0192 -6.80517 4
    endloop
  endfacet
  facet normal -0.597491 -0.378338 0.707011
    outer loop
      vertex -17.3261 -10.3849 4
      vertex -18.0123 -10.7962 3.2
      vertex -17.4609 -11.667 3.2
    endloop
  endfacet
  facet normal -0.659849 0.254495 0.706987
    outer loop
      vertex -19.4015 8.03635 3.2
      vertex -19.7724 7.07469 3.2
      vertex -19.0192 6.80517 4
    endloop
  endfacet
  facet normal -0.671537 0.221831 0.706986
    outer loop
      vertex -19.7724 7.07469 3.2
      vertex -20.0957 6.09598 3.2
      vertex -19.0192 6.80517 4
    endloop
  endfacet
  facet normal 0.597477 -0.378345 0.70702
    outer loop
      vertex 17.3261 -10.3849 4
      vertex 16.7957 -11.2225 4
      vertex 17.4609 -11.667 3.2
    endloop
  endfacet
  facet normal -0.0173332 -0.707001 0.707001
    outer loop
      vertex 0 -20.2 4
      vertex -0.991166 -20.1757 4
      vertex 0 -21 3.2
    endloop
  endfacet
  facet normal -0.659849 -0.254495 0.706987
    outer loop
      vertex -19.0192 -6.80517 4
      vertex -19.7724 -7.07469 3.2
      vertex -19.4015 -8.03635 3.2
    endloop
  endfacet
  facet normal -0.535507 -0.4619 0.707022
    outer loop
      vertex -15.6148 -12.8147 4
      vertex -16.2332 -13.3223 3.2
      vertex -14.9672 -13.5655 4
    endloop
  endfacet
  facet normal 0.378345 0.597477 0.70702
    outer loop
      vertex 11.667 17.4609 3.2
      vertex 10.3849 17.3261 4
      vertex 11.2225 16.7957 4
    endloop
  endfacet
  facet normal -0.120906 -0.696813 0.706989
    outer loop
      vertex -3.94082 -19.8119 4
      vertex -4.0969 -20.5965 3.2
      vertex -2.96395 -19.9814 4
    endloop
  endfacet
  facet normal 0.378338 -0.597491 0.707011
    outer loop
      vertex 11.667 -17.4609 3.2
      vertex 10.3849 -17.3261 4
      vertex 10.7962 -18.0123 3.2
    endloop
  endfacet
  facet normal -0.557501 0.435102 0.707021
    outer loop
      vertex -15.6148 12.8147 4
      vertex -16.2332 13.3223 3.2
      vertex -16.2248 12.0331 4
    endloop
  endfacet
  facet normal 0.221845 -0.67154 0.706979
    outer loop
      vertex 6.80517 -19.0192 4
      vertex 5.86375 -19.3302 4
      vertex 6.09598 -20.0957 3.2
    endloop
  endfacet
  facet normal -0.0865912 0.70191 0.706983
    outer loop
      vertex -2.05836 20.8989 3.2
      vertex -3.08134 20.7727 3.2
      vertex -2.96395 19.9814 4
    endloop
  endfacet
  facet normal 0.254495 0.659849 0.706987
    outer loop
      vertex 7.07469 19.7724 3.2
      vertex 6.80517 19.0192 4
      vertex 8.03635 19.4015 3.2
    endloop
  endfacet
  facet normal -0.378338 -0.597491 0.707011
    outer loop
      vertex -10.3849 -17.3261 4
      vertex -11.667 -17.4609 3.2
      vertex -10.7962 -18.0123 3.2
    endloop
  endfacet
  facet normal 0.286594 0.646541 0.706999
    outer loop
      vertex 8.03635 19.4015 3.2
      vertex 7.7302 18.6624 4
      vertex 8.97866 18.9838 3.2
    endloop
  endfacet
  facet normal -0.578187 -0.407213 0.70702
    outer loop
      vertex -16.7957 -11.2225 4
      vertex -17.4609 -11.667 3.2
      vertex -16.2248 -12.0331 4
    endloop
  endfacet
  facet normal -0.597477 -0.378345 0.70702
    outer loop
      vertex -17.3261 -10.3849 4
      vertex -17.4609 -11.667 3.2
      vertex -16.7957 -11.2225 4
    endloop
  endfacet
  facet normal 0.154923 0.690003 0.707032
    outer loop
      vertex 5.10258 20.3707 3.2
      vertex 4.0969 20.5965 3.2
      vertex 4.9082 19.5946 4
    endloop
  endfacet
  facet normal 0.348575 0.61533 0.707011
    outer loop
      vertex 10.7962 18.0123 3.2
      vertex 9.52221 17.8148 4
      vertex 10.3849 17.3261 4
    endloop
  endfacet
  facet normal 0.659832 0.254508 0.706999
    outer loop
      vertex 19.4015 8.03635 3.2
      vertex 18.6624 7.7302 4
      vertex 19.0192 6.80517 4
    endloop
  endfacet
  facet normal -0.286594 0.646541 0.706999
    outer loop
      vertex -8.03635 19.4015 3.2
      vertex -8.97866 18.9838 3.2
      vertex -7.7302 18.6624 4
    endloop
  endfacet
  facet normal -0.318018 0.631692 0.706987
    outer loop
      vertex -8.97866 18.9838 3.2
      vertex -9.89933 18.5203 3.2
      vertex -9.52221 17.8148 4
    endloop
  endfacet
  facet normal 0.557501 -0.435102 0.707021
    outer loop
      vertex 16.2248 -12.0331 4
      vertex 15.6148 -12.8147 4
      vertex 16.2332 -13.3223 3.2
    endloop
  endfacet
  facet normal -0.435102 0.557501 0.707021
    outer loop
      vertex -12.0331 16.2248 4
      vertex -13.3223 16.2332 3.2
      vertex -12.8147 15.6148 4
    endloop
  endfacet
  facet normal 0.671537 0.221831 0.706986
    outer loop
      vertex 19.7724 7.07469 3.2
      vertex 19.0192 6.80517 4
      vertex 20.0957 6.09598 3.2
    endloop
  endfacet
  facet normal 0.254495 -0.659849 0.706987
    outer loop
      vertex 8.03635 -19.4015 3.2
      vertex 6.80517 -19.0192 4
      vertex 7.07469 -19.7724 3.2
    endloop
  endfacet
  facet normal 0.221831 -0.671537 0.706986
    outer loop
      vertex 6.80517 -19.0192 4
      vertex 6.09598 -20.0957 3.2
      vertex 7.07469 -19.7724 3.2
    endloop
  endfacet
  facet normal -0.615369 -0.348554 0.706987
    outer loop
      vertex -17.8148 -9.52221 4
      vertex -18.5203 -9.89933 3.2
      vertex -18.0123 -10.7962 3.2
    endloop
  endfacet
  facet normal 0.221831 0.671537 0.706986
    outer loop
      vertex 7.07469 19.7724 3.2
      vertex 6.09598 20.0957 3.2
      vertex 6.80517 19.0192 4
    endloop
  endfacet
  facet normal 0.512268 0.487656 0.706946
    outer loop
      vertex 14.8492 14.8492 3.2
      vertex 14.2836 14.2836 4
      vertex 14.9672 13.5655 4
    endloop
  endfacet
  facet normal -0.188605 0.681623 0.706978
    outer loop
      vertex -4.9082 19.5946 4
      vertex -6.09598 20.0957 3.2
      vertex -5.86375 19.3302 4
    endloop
  endfacet
  facet normal -0.221845 0.67154 0.706979
    outer loop
      vertex -6.09598 20.0957 3.2
      vertex -6.80517 19.0192 4
      vertex -5.86375 19.3302 4
    endloop
  endfacet
  facet normal -0.631692 0.318018 0.706987
    outer loop
      vertex -18.5203 9.89933 3.2
      vertex -18.9838 8.97866 3.2
      vertex -17.8148 9.52221 4
    endloop
  endfacet
  facet normal -0.461942 0.535501 0.707
    outer loop
      vertex -13.3223 16.2332 3.2
      vertex -14.1027 15.56 3.2
      vertex -13.5655 14.9672 4
    endloop
  endfacet
  facet normal -0.378345 0.597477 0.70702
    outer loop
      vertex -10.3849 17.3261 4
      vertex -11.667 17.4609 3.2
      vertex -11.2225 16.7957 4
    endloop
  endfacet
  facet normal 0.0865221 0.701877 0.707024
    outer loop
      vertex 2.05836 20.8989 3.2
      vertex 1.97995 20.1027 4
      vertex 2.96395 19.9814 4
    endloop
  endfacet
  facet normal 0.615369 0.348554 0.706987
    outer loop
      vertex 18.0123 10.7962 3.2
      vertex 17.8148 9.52221 4
      vertex 18.5203 9.89933 3.2
    endloop
  endfacet
  facet normal -0.407213 0.578187 0.70702
    outer loop
      vertex -11.667 17.4609 3.2
      vertex -12.0331 16.2248 4
      vertex -11.2225 16.7957 4
    endloop
  endfacet
  facet normal -0.681623 0.188605 0.706978
    outer loop
      vertex -19.3302 5.86375 4
      vertex -20.0957 6.09598 3.2
      vertex -19.5946 4.9082 4
    endloop
  endfacet
  facet normal 0.535507 0.4619 0.707022
    outer loop
      vertex 16.2332 13.3223 3.2
      vertex 14.9672 13.5655 4
      vertex 15.6148 12.8147 4
    endloop
  endfacet
  facet normal 0.378345 -0.597477 0.70702
    outer loop
      vertex 11.2225 -16.7957 4
      vertex 10.3849 -17.3261 4
      vertex 11.667 -17.4609 3.2
    endloop
  endfacet
  facet normal 0.578187 0.407213 0.70702
    outer loop
      vertex 17.4609 11.667 3.2
      vertex 16.2248 12.0331 4
      vertex 16.7957 11.2225 4
    endloop
  endfacet
  facet normal 0.597477 0.378345 0.70702
    outer loop
      vertex 17.4609 11.667 3.2
      vertex 16.7957 11.2225 4
      vertex 17.3261 10.3849 4
    endloop
  endfacet
  facet normal -0.348554 -0.615369 0.706987
    outer loop
      vertex -9.52221 -17.8148 4
      vertex -10.7962 -18.0123 3.2
      vertex -9.89933 -18.5203 3.2
    endloop
  endfacet
  facet normal -0.615369 0.348554 0.706987
    outer loop
      vertex -18.0123 10.7962 3.2
      vertex -18.5203 9.89933 3.2
      vertex -17.8148 9.52221 4
    endloop
  endfacet
  facet normal -0.0520687 0.70527 0.707024
    outer loop
      vertex -0.991166 20.1757 4
      vertex -2.05836 20.8989 3.2
      vertex -1.97995 20.1027 4
    endloop
  endfacet
  facet normal -0.155 -0.690031 0.706988
    outer loop
      vertex -3.94082 -19.8119 4
      vertex -4.9082 -19.5946 4
      vertex -4.0969 -20.5965 3.2
    endloop
  endfacet
  facet normal -0.690003 0.154923 0.707032
    outer loop
      vertex -20.3707 5.10258 3.2
      vertex -20.5965 4.0969 3.2
      vertex -19.5946 4.9082 4
    endloop
  endfacet
  facet normal -0.68155 0.188671 0.707031
    outer loop
      vertex -20.0957 6.09598 3.2
      vertex -20.3707 5.10258 3.2
      vertex -19.5946 4.9082 4
    endloop
  endfacet
  facet normal -0.318018 -0.631692 0.706987
    outer loop
      vertex -9.52221 -17.8148 4
      vertex -9.89933 -18.5203 3.2
      vertex -8.97866 -18.9838 3.2
    endloop
  endfacet
  facet normal -0.407213 -0.578187 0.70702
    outer loop
      vertex -11.2225 -16.7957 4
      vertex -12.0331 -16.2248 4
      vertex -11.667 -17.4609 3.2
    endloop
  endfacet
  facet normal -0.378345 -0.597477 0.70702
    outer loop
      vertex -11.2225 -16.7957 4
      vertex -11.667 -17.4609 3.2
      vertex -10.3849 -17.3261 4
    endloop
  endfacet
  facet normal -0.690031 0.155 0.706988
    outer loop
      vertex -19.5946 4.9082 4
      vertex -20.5965 4.0969 3.2
      vertex -19.8119 3.94082 4
    endloop
  endfacet
  facet normal -0.461942 -0.535501 0.707
    outer loop
      vertex -13.5655 -14.9672 4
      vertex -14.1027 -15.56 3.2
      vertex -13.3223 -16.2332 3.2
    endloop
  endfacet
  facet normal -0.578187 0.407213 0.70702
    outer loop
      vertex -16.2248 12.0331 4
      vertex -17.4609 11.667 3.2
      vertex -16.7957 11.2225 4
    endloop
  endfacet
  facet normal -0.631689 0.317984 0.707005
    outer loop
      vertex -17.8148 9.52221 4
      vertex -18.9838 8.97866 3.2
      vertex -18.2606 8.63661 4
    endloop
  endfacet
  facet normal -0.317984 0.631689 0.707005
    outer loop
      vertex -8.97866 18.9838 3.2
      vertex -9.52221 17.8148 4
      vertex -8.63661 18.2606 4
    endloop
  endfacet
  facet normal 0.317984 0.631689 0.707005
    outer loop
      vertex 8.97866 18.9838 3.2
      vertex 8.63661 18.2606 4
      vertex 9.52221 17.8148 4
    endloop
  endfacet
  facet normal -0.578187 0.407208 0.707023
    outer loop
      vertex -16.8674 12.5097 3.2
      vertex -17.4609 11.667 3.2
      vertex -16.2248 12.0331 4
    endloop
  endfacet
  facet normal 0 0 1
    outer loop
      vertex 15.4 0 4
      vertex 20.2 0 4
      vertex 20.1757 0.991166 4
    endloop
  endfacet
  facet normal 0 0 1
    outer loop
      vertex 15.3814 0.755642 4
      vertex 20.1757 0.991166 4
      vertex 20.1027 1.97995 4
    endloop
  endfacet
  facet normal 0 0 1
    outer loop
      vertex 20.2 0 4
      vertex 15.4 0 4
      vertex 20.1757 -0.991166 4
    endloop
  endfacet
  facet normal 0 0 1
    outer loop
      vertex 15.3258 1.50946 4
      vertex 20.1027 1.97995 4
      vertex 19.9814 2.96395 4
    endloop
  endfacet
  facet normal -0 0 1
    outer loop
      vertex 15.3814 -0.755642 4
      vertex 20.1757 -0.991166 4
      vertex 15.4 0 4
    endloop
  endfacet
  facet normal 0 0 1
    outer loop
      vertex 15.2333 2.25965 4
      vertex 19.9814 2.96395 4
      vertex 19.8119 3.94082 4
    endloop
  endfacet
  facet normal 0 0 1
    outer loop
      vertex 20.1757 -0.991166 4
      vertex 15.3814 -0.755642 4
      vertex 20.1027 -1.97995 4
    endloop
  endfacet
  facet normal 0 0 1
    outer loop
      vertex 15.1041 3.00439 4
      vertex 19.8119 3.94082 4
      vertex 19.5946 4.9082 4
    endloop
  endfacet
  facet normal -0 0 1
    outer loop
      vertex 15.3258 -1.50946 4
      vertex 20.1027 -1.97995 4
      vertex 15.3814 -0.755642 4
    endloop
  endfacet
  facet normal 0 0 1
    outer loop
      vertex 14.9385 3.74189 4
      vertex 19.5946 4.9082 4
      vertex 19.3302 5.86375 4
    endloop
  endfacet
  facet normal 0 0 1
    outer loop
      vertex 20.1027 -1.97995 4
      vertex 15.3258 -1.50946 4
      vertex 19.9814 -2.96395 4
    endloop
  endfacet
  facet normal 0 0 1
    outer loop
      vertex 14.7369 4.47038 4
      vertex 19.3302 5.86375 4
      vertex 19.0192 6.80517 4
    endloop
  endfacet
  facet normal -0 0 1
    outer loop
      vertex 15.2333 -2.25965 4
      vertex 19.9814 -2.96395 4
      vertex 15.3258 -1.50946 4
    endloop
  endfacet
  facet normal 0 0 1
    outer loop
      vertex 14.4998 5.1881 4
      vertex 19.0192 6.80517 4
      vertex 18.6624 7.7302 4
    endloop
  endfacet
  facet normal 0 0 1
    outer loop
      vertex 19.9814 -2.96395 4
      vertex 15.2333 -2.25965 4
      vertex 19.8119 -3.94082 4
    endloop
  endfacet
  facet normal 0 0 1
    outer loop
      vertex 14.2277 5.89332 4
      vertex 18.6624 7.7302 4
      vertex 18.2606 8.63661 4
    endloop
  endfacet
  facet normal -0 0 1
    outer loop
      vertex 15.1041 -3.00439 4
      vertex 19.8119 -3.94082 4
      vertex 15.2333 -2.25965 4
    endloop
  endfacet
  facet normal 0 0 1
    outer loop
      vertex 13.9214 6.58435 4
      vertex 18.2606 8.63661 4
      vertex 17.8148 9.52221 4
    endloop
  endfacet
  facet normal 0 0 1
    outer loop
      vertex 19.8119 -3.94082 4
      vertex 15.1041 -3.00439 4
      vertex 19.5946 -4.9082 4
    endloop
  endfacet
  facet normal 0 0 1
    outer loop
      vertex 13.5816 7.25951 4
      vertex 17.8148 9.52221 4
      vertex 17.3261 10.3849 4
    endloop
  endfacet
  facet normal -0 0 1
    outer loop
      vertex 14.9385 -3.74189 4
      vertex 19.5946 -4.9082 4
      vertex 15.1041 -3.00439 4
    endloop
  endfacet
  facet normal 0 0 1
    outer loop
      vertex 13.209 7.91718 4
      vertex 17.3261 10.3849 4
      vertex 16.7957 11.2225 4
    endloop
  endfacet
  facet normal 0 0 1
    outer loop
      vertex 19.5946 -4.9082 4
      vertex 14.9385 -3.74189 4
      vertex 19.3302 -5.86375 4
    endloop
  endfacet
  facet normal 0 0 1
    outer loop
      vertex 12.8046 8.55578 4
      vertex 16.7957 11.2225 4
      vertex 16.2248 12.0331 4
    endloop
  endfacet
  facet normal -0 0 1
    outer loop
      vertex 14.7369 -4.47038 4
      vertex 19.3302 -5.86375 4
      vertex 14.9385 -3.74189 4
    endloop
  endfacet
  facet normal 0 0 1
    outer loop
      vertex 12.3694 9.17377 4
      vertex 16.2248 12.0331 4
      vertex 15.6148 12.8147 4
    endloop
  endfacet
  facet normal 0 0 1
    outer loop
      vertex 19.3302 -5.86375 4
      vertex 14.7369 -4.47038 4
      vertex 19.0192 -6.80517 4
    endloop
  endfacet
  facet normal -0 0 1
    outer loop
      vertex 14.4998 -5.1881 4
      vertex 19.0192 -6.80517 4
      vertex 14.7369 -4.47038 4
    endloop
  endfacet
  facet normal 0 0 1
    outer loop
      vertex 20.1757 0.991166 4
      vertex 15.3814 0.755642 4
      vertex 15.4 0 4
    endloop
  endfacet
  facet normal 0 0 1
    outer loop
      vertex 20.1027 1.97995 4
      vertex 15.3258 1.50946 4
      vertex 15.3814 0.755642 4
    endloop
  endfacet
  facet normal 0 0 1
    outer loop
      vertex 19.9814 2.96395 4
      vertex 15.2333 2.25965 4
      vertex 15.3258 1.50946 4
    endloop
  endfacet
  facet normal 0 0 1
    outer loop
      vertex 19.8119 3.94082 4
      vertex 15.1041 3.00439 4
      vertex 15.2333 2.25965 4
    endloop
  endfacet
  facet normal 0 0 1
    outer loop
      vertex 11.9044 9.76966 4
      vertex 15.6148 12.8147 4
      vertex 14.9672 13.5655 4
    endloop
  endfacet
  facet normal 0 0 1
    outer loop
      vertex 19.5946 4.9082 4
      vertex 14.9385 3.74189 4
      vertex 15.1041 3.00439 4
    endloop
  endfacet
  facet normal 0 0 1
    outer loop
      vertex 19.3302 5.86375 4
      vertex 14.7369 4.47038 4
      vertex 14.9385 3.74189 4
    endloop
  endfacet
  facet normal 0 0 1
    outer loop
      vertex 19.0192 6.80517 4
      vertex 14.4998 5.1881 4
      vertex 14.7369 4.47038 4
    endloop
  endfacet
  facet normal 0 0 1
    outer loop
      vertex 11.4106 10.342 4
      vertex 14.9672 13.5655 4
      vertex 14.2836 14.2836 4
    endloop
  endfacet
  facet normal 0 0 1
    outer loop
      vertex 18.6624 7.7302 4
      vertex 14.2277 5.89332 4
      vertex 14.4998 5.1881 4
    endloop
  endfacet
  facet normal 0 0 1
    outer loop
      vertex 18.2606 8.63661 4
      vertex 13.9214 6.58435 4
      vertex 14.2277 5.89332 4
    endloop
  endfacet
  facet normal 0 0 1
    outer loop
      vertex 17.8148 9.52221 4
      vertex 13.5816 7.25951 4
      vertex 13.9214 6.58435 4
    endloop
  endfacet
  facet normal 0 0 1
    outer loop
      vertex 10.8894 10.8894 4
      vertex 14.2836 14.2836 4
      vertex 13.5655 14.9672 4
    endloop
  endfacet
  facet normal 0 0 1
    outer loop
      vertex 17.3261 10.3849 4
      vertex 13.209 7.91718 4
      vertex 13.5816 7.25951 4
    endloop
  endfacet
  facet normal 0 0 1
    outer loop
      vertex 10.342 11.4106 4
      vertex 13.5655 14.9672 4
      vertex 12.8147 15.6148 4
    endloop
  endfacet
  facet normal 0 0 1
    outer loop
      vertex 16.7957 11.2225 4
      vertex 12.8046 8.55578 4
      vertex 13.209 7.91718 4
    endloop
  endfacet
  facet normal 0 0 1
    outer loop
      vertex 16.2248 12.0331 4
      vertex 12.3694 9.17377 4
      vertex 12.8046 8.55578 4
    endloop
  endfacet
  facet normal 0 0 1
    outer loop
      vertex 9.76966 11.9044 4
      vertex 12.8147 15.6148 4
      vertex 12.0331 16.2248 4
    endloop
  endfacet
  facet normal 0 0 1
    outer loop
      vertex 15.6148 12.8147 4
      vertex 11.9044 9.76966 4
      vertex 12.3694 9.17377 4
    endloop
  endfacet
  facet normal 0 0 1
    outer loop
      vertex 14.9672 13.5655 4
      vertex 11.4106 10.342 4
      vertex 11.9044 9.76966 4
    endloop
  endfacet
  facet normal 0 0 1
    outer loop
      vertex 9.17377 12.3694 4
      vertex 12.0331 16.2248 4
      vertex 11.2225 16.7957 4
    endloop
  endfacet
  facet normal 0 0 1
    outer loop
      vertex 14.2836 14.2836 4
      vertex 10.8894 10.8894 4
      vertex 11.4106 10.342 4
    endloop
  endfacet
  facet normal 0 0 1
    outer loop
      vertex 8.55578 12.8046 4
      vertex 11.2225 16.7957 4
      vertex 10.3849 17.3261 4
    endloop
  endfacet
  facet normal 0 0 1
    outer loop
      vertex 13.5655 14.9672 4
      vertex 10.342 11.4106 4
      vertex 10.8894 10.8894 4
    endloop
  endfacet
  facet normal 0 0 1
    outer loop
      vertex 12.8147 15.6148 4
      vertex 9.76966 11.9044 4
      vertex 10.342 11.4106 4
    endloop
  endfacet
  facet normal 0 0 1
    outer loop
      vertex 7.91718 13.209 4
      vertex 10.3849 17.3261 4
      vertex 9.52221 17.8148 4
    endloop
  endfacet
  facet normal 0 0 1
    outer loop
      vertex 12.0331 16.2248 4
      vertex 9.17377 12.3694 4
      vertex 9.76966 11.9044 4
    endloop
  endfacet
  facet normal 0 0 1
    outer loop
      vertex 7.25951 13.5816 4
      vertex 9.52221 17.8148 4
      vertex 8.63661 18.2606 4
    endloop
  endfacet
  facet normal 0 0 1
    outer loop
      vertex 11.2225 16.7957 4
      vertex 8.55578 12.8046 4
      vertex 9.17377 12.3694 4
    endloop
  endfacet
  facet normal 0 0 1
    outer loop
      vertex 10.3849 17.3261 4
      vertex 7.91718 13.209 4
      vertex 8.55578 12.8046 4
    endloop
  endfacet
  facet normal 0 0 1
    outer loop
      vertex 6.58435 13.9214 4
      vertex 8.63661 18.2606 4
      vertex 7.7302 18.6624 4
    endloop
  endfacet
  facet normal 0 0 1
    outer loop
      vertex 9.52221 17.8148 4
      vertex 7.25951 13.5816 4
      vertex 7.91718 13.209 4
    endloop
  endfacet
  facet normal 0 0 1
    outer loop
      vertex 5.89332 14.2277 4
      vertex 7.7302 18.6624 4
      vertex 6.80517 19.0192 4
    endloop
  endfacet
  facet normal 0 0 1
    outer loop
      vertex 8.63661 18.2606 4
      vertex 6.58435 13.9214 4
      vertex 7.25951 13.5816 4
    endloop
  endfacet
  facet normal 0 0 1
    outer loop
      vertex 7.7302 18.6624 4
      vertex 5.89332 14.2277 4
      vertex 6.58435 13.9214 4
    endloop
  endfacet
  facet normal 0 0 1
    outer loop
      vertex 5.1881 14.4998 4
      vertex 6.80517 19.0192 4
      vertex 5.86375 19.3302 4
    endloop
  endfacet
  facet normal 0 0 1
    outer loop
      vertex 6.80517 19.0192 4
      vertex 5.1881 14.4998 4
      vertex 5.89332 14.2277 4
    endloop
  endfacet
  facet normal 0 0 1
    outer loop
      vertex 4.47038 14.7369 4
      vertex 5.86375 19.3302 4
      vertex 4.9082 19.5946 4
    endloop
  endfacet
  facet normal 0 0 1
    outer loop
      vertex 5.86375 19.3302 4
      vertex 4.47038 14.7369 4
      vertex 5.1881 14.4998 4
    endloop
  endfacet
  facet normal 0 0 1
    outer loop
      vertex 3.74189 14.9385 4
      vertex 4.9082 19.5946 4
      vertex 3.94082 19.8119 4
    endloop
  endfacet
  facet normal 0 0 1
    outer loop
      vertex 4.9082 19.5946 4
      vertex 3.74189 14.9385 4
      vertex 4.47038 14.7369 4
    endloop
  endfacet
  facet normal 0 0 1
    outer loop
      vertex 3.94082 19.8119 4
      vertex 3.00439 15.1041 4
      vertex 3.74189 14.9385 4
    endloop
  endfacet
  facet normal 0 0 1
    outer loop
      vertex 2.96395 19.9814 4
      vertex 3.00439 15.1041 4
      vertex 3.94082 19.8119 4
    endloop
  endfacet
  facet normal 0 0 1
    outer loop
      vertex 2.96395 19.9814 4
      vertex 2.25965 15.2333 4
      vertex 3.00439 15.1041 4
    endloop
  endfacet
  facet normal 0 0 1
    outer loop
      vertex 1.97995 20.1027 4
      vertex 2.25965 15.2333 4
      vertex 2.96395 19.9814 4
    endloop
  endfacet
  facet normal 0 0 1
    outer loop
      vertex 1.97995 20.1027 4
      vertex 1.50946 15.3258 4
      vertex 2.25965 15.2333 4
    endloop
  endfacet
  facet normal 0 0 1
    outer loop
      vertex 0.991166 20.1757 4
      vertex 1.50946 15.3258 4
      vertex 1.97995 20.1027 4
    endloop
  endfacet
  facet normal 0 0 1
    outer loop
      vertex 0.991166 20.1757 4
      vertex 0.755642 15.3814 4
      vertex 1.50946 15.3258 4
    endloop
  endfacet
  facet normal 0 0 1
    outer loop
      vertex 0 20.2 4
      vertex 0.755642 15.3814 4
      vertex 0.991166 20.1757 4
    endloop
  endfacet
  facet normal 0 0 1
    outer loop
      vertex 0 20.2 4
      vertex 0 15.4 4
      vertex 0.755642 15.3814 4
    endloop
  endfacet
  facet normal 0 0 1
    outer loop
      vertex 0 20.2 4
      vertex -0.755642 15.3814 4
      vertex 0 15.4 4
    endloop
  endfacet
  facet normal -0 0 1
    outer loop
      vertex -0.991166 20.1757 4
      vertex -0.755642 15.3814 4
      vertex 0 20.2 4
    endloop
  endfacet
  facet normal 0 0 1
    outer loop
      vertex -0.991166 20.1757 4
      vertex -1.50946 15.3258 4
      vertex -0.755642 15.3814 4
    endloop
  endfacet
  facet normal -0 0 1
    outer loop
      vertex -1.97995 20.1027 4
      vertex -1.50946 15.3258 4
      vertex -0.991166 20.1757 4
    endloop
  endfacet
  facet normal 0 0 1
    outer loop
      vertex -1.97995 20.1027 4
      vertex -2.25965 15.2333 4
      vertex -1.50946 15.3258 4
    endloop
  endfacet
  facet normal -0 0 1
    outer loop
      vertex -2.96395 19.9814 4
      vertex -2.25965 15.2333 4
      vertex -1.97995 20.1027 4
    endloop
  endfacet
  facet normal 0 0 1
    outer loop
      vertex -2.96395 19.9814 4
      vertex -3.00439 15.1041 4
      vertex -2.25965 15.2333 4
    endloop
  endfacet
  facet normal -0 0 1
    outer loop
      vertex -3.94082 19.8119 4
      vertex -3.00439 15.1041 4
      vertex -2.96395 19.9814 4
    endloop
  endfacet
  facet normal 0 0 1
    outer loop
      vertex -3.00439 15.1041 4
      vertex -3.94082 19.8119 4
      vertex -3.74189 14.9385 4
    endloop
  endfacet
  facet normal -0 0 1
    outer loop
      vertex -4.9082 19.5946 4
      vertex -3.74189 14.9385 4
      vertex -3.94082 19.8119 4
    endloop
  endfacet
  facet normal 0 0 1
    outer loop
      vertex -3.74189 14.9385 4
      vertex -4.9082 19.5946 4
      vertex -4.47038 14.7369 4
    endloop
  endfacet
  facet normal -0 0 1
    outer loop
      vertex -5.86375 19.3302 4
      vertex -4.47038 14.7369 4
      vertex -4.9082 19.5946 4
    endloop
  endfacet
  facet normal 0 0 1
    outer loop
      vertex -4.47038 14.7369 4
      vertex -5.86375 19.3302 4
      vertex -5.1881 14.4998 4
    endloop
  endfacet
  facet normal -0 0 1
    outer loop
      vertex -6.80517 19.0192 4
      vertex -5.1881 14.4998 4
      vertex -5.86375 19.3302 4
    endloop
  endfacet
  facet normal 0 0 1
    outer loop
      vertex -5.1881 14.4998 4
      vertex -6.80517 19.0192 4
      vertex -5.89332 14.2277 4
    endloop
  endfacet
  facet normal -0 0 1
    outer loop
      vertex -7.7302 18.6624 4
      vertex -5.89332 14.2277 4
      vertex -6.80517 19.0192 4
    endloop
  endfacet
  facet normal 0 0 1
    outer loop
      vertex -5.89332 14.2277 4
      vertex -7.7302 18.6624 4
      vertex -6.58435 13.9214 4
    endloop
  endfacet
  facet normal -0 0 1
    outer loop
      vertex -8.63661 18.2606 4
      vertex -6.58435 13.9214 4
      vertex -7.7302 18.6624 4
    endloop
  endfacet
  facet normal 0 0 1
    outer loop
      vertex -6.58435 13.9214 4
      vertex -8.63661 18.2606 4
      vertex -7.25951 13.5816 4
    endloop
  endfacet
  facet normal -0 0 1
    outer loop
      vertex -9.52221 17.8148 4
      vertex -7.25951 13.5816 4
      vertex -8.63661 18.2606 4
    endloop
  endfacet
  facet normal 0 0 1
    outer loop
      vertex -7.25951 13.5816 4
      vertex -9.52221 17.8148 4
      vertex -7.91718 13.209 4
    endloop
  endfacet
  facet normal -0 0 1
    outer loop
      vertex -10.3849 17.3261 4
      vertex -7.91718 13.209 4
      vertex -9.52221 17.8148 4
    endloop
  endfacet
  facet normal 0 0 1
    outer loop
      vertex -7.91718 13.209 4
      vertex -10.3849 17.3261 4
      vertex -8.55578 12.8046 4
    endloop
  endfacet
  facet normal -0 0 1
    outer loop
      vertex -11.2225 16.7957 4
      vertex -8.55578 12.8046 4
      vertex -10.3849 17.3261 4
    endloop
  endfacet
  facet normal 0 0 1
    outer loop
      vertex -8.55578 12.8046 4
      vertex -11.2225 16.7957 4
      vertex -9.17377 12.3694 4
    endloop
  endfacet
  facet normal -0 0 1
    outer loop
      vertex -12.0331 16.2248 4
      vertex -9.17377 12.3694 4
      vertex -11.2225 16.7957 4
    endloop
  endfacet
  facet normal 0 0 1
    outer loop
      vertex -9.17377 12.3694 4
      vertex -12.0331 16.2248 4
      vertex -9.76966 11.9044 4
    endloop
  endfacet
  facet normal -0 0 1
    outer loop
      vertex -12.8147 15.6148 4
      vertex -9.76966 11.9044 4
      vertex -12.0331 16.2248 4
    endloop
  endfacet
  facet normal 0 0 1
    outer loop
      vertex -9.76966 11.9044 4
      vertex -12.8147 15.6148 4
      vertex -10.342 11.4106 4
    endloop
  endfacet
  facet normal -0 0 1
    outer loop
      vertex -13.5655 14.9672 4
      vertex -10.342 11.4106 4
      vertex -12.8147 15.6148 4
    endloop
  endfacet
  facet normal 0 0 1
    outer loop
      vertex -10.342 11.4106 4
      vertex -13.5655 14.9672 4
      vertex -10.8894 10.8894 4
    endloop
  endfacet
  facet normal -0 0 1
    outer loop
      vertex -14.2836 14.2836 4
      vertex -10.8894 10.8894 4
      vertex -13.5655 14.9672 4
    endloop
  endfacet
  facet normal 0 0 1
    outer loop
      vertex -10.8894 10.8894 4
      vertex -14.2836 14.2836 4
      vertex -11.4106 10.342 4
    endloop
  endfacet
  facet normal -0 0 1
    outer loop
      vertex -14.9672 13.5655 4
      vertex -11.4106 10.342 4
      vertex -14.2836 14.2836 4
    endloop
  endfacet
  facet normal 0 0 1
    outer loop
      vertex -11.4106 10.342 4
      vertex -14.9672 13.5655 4
      vertex -11.9044 9.76966 4
    endloop
  endfacet
  facet normal -0 0 1
    outer loop
      vertex -15.6148 12.8147 4
      vertex -11.9044 9.76966 4
      vertex -14.9672 13.5655 4
    endloop
  endfacet
  facet normal 0 0 1
    outer loop
      vertex -11.9044 9.76966 4
      vertex -15.6148 12.8147 4
      vertex -12.3694 9.17377 4
    endloop
  endfacet
  facet normal -0 0 1
    outer loop
      vertex -16.2248 12.0331 4
      vertex -12.3694 9.17377 4
      vertex -15.6148 12.8147 4
    endloop
  endfacet
  facet normal 0 0 1
    outer loop
      vertex -12.3694 9.17377 4
      vertex -16.2248 12.0331 4
      vertex -12.8046 8.55578 4
    endloop
  endfacet
  facet normal -0 0 1
    outer loop
      vertex -16.7957 11.2225 4
      vertex -12.8046 8.55578 4
      vertex -16.2248 12.0331 4
    endloop
  endfacet
  facet normal 0 0 1
    outer loop
      vertex -12.8046 8.55578 4
      vertex -16.7957 11.2225 4
      vertex -13.209 7.91718 4
    endloop
  endfacet
  facet normal -0 0 1
    outer loop
      vertex -17.3261 10.3849 4
      vertex -13.209 7.91718 4
      vertex -16.7957 11.2225 4
    endloop
  endfacet
  facet normal 0 0 1
    outer loop
      vertex -13.209 7.91718 4
      vertex -17.3261 10.3849 4
      vertex -13.5816 7.25951 4
    endloop
  endfacet
  facet normal -0 0 1
    outer loop
      vertex -17.8148 9.52221 4
      vertex -13.5816 7.25951 4
      vertex -17.3261 10.3849 4
    endloop
  endfacet
  facet normal 0 0 1
    outer loop
      vertex -13.5816 7.25951 4
      vertex -17.8148 9.52221 4
      vertex -13.9214 6.58435 4
    endloop
  endfacet
  facet normal -0 0 1
    outer loop
      vertex -18.2606 8.63661 4
      vertex -13.9214 6.58435 4
      vertex -17.8148 9.52221 4
    endloop
  endfacet
  facet normal 0 0 1
    outer loop
      vertex -13.9214 6.58435 4
      vertex -18.2606 8.63661 4
      vertex -14.2277 5.89332 4
    endloop
  endfacet
  facet normal -0 0 1
    outer loop
      vertex -18.6624 7.7302 4
      vertex -14.2277 5.89332 4
      vertex -18.2606 8.63661 4
    endloop
  endfacet
  facet normal -0 0 1
    outer loop
      vertex -19.0192 6.80517 4
      vertex -14.4998 5.1881 4
      vertex -18.6624 7.7302 4
    endloop
  endfacet
  facet normal 0 0 1
    outer loop
      vertex -14.2277 5.89332 4
      vertex -18.6624 7.7302 4
      vertex -14.4998 5.1881 4
    endloop
  endfacet
  facet normal 0 0 1
    outer loop
      vertex 19.0192 -6.80517 4
      vertex 14.4998 -5.1881 4
      vertex 18.6624 -7.7302 4
    endloop
  endfacet
  facet normal -0 0 1
    outer loop
      vertex 14.2277 -5.89332 4
      vertex 18.6624 -7.7302 4
      vertex 14.4998 -5.1881 4
    endloop
  endfacet
  facet normal 0 0 1
    outer loop
      vertex 18.6624 -7.7302 4
      vertex 14.2277 -5.89332 4
      vertex 18.2606 -8.63661 4
    endloop
  endfacet
  facet normal -0 0 1
    outer loop
      vertex 13.9214 -6.58435 4
      vertex 18.2606 -8.63661 4
      vertex 14.2277 -5.89332 4
    endloop
  endfacet
  facet normal 0 0 1
    outer loop
      vertex 18.2606 -8.63661 4
      vertex 13.9214 -6.58435 4
      vertex 17.8148 -9.52221 4
    endloop
  endfacet
  facet normal -0 0 1
    outer loop
      vertex 13.5816 -7.25951 4
      vertex 17.8148 -9.52221 4
      vertex 13.9214 -6.58435 4
    endloop
  endfacet
  facet normal 0 0 1
    outer loop
      vertex 17.8148 -9.52221 4
      vertex 13.5816 -7.25951 4
      vertex 17.3261 -10.3849 4
    endloop
  endfacet
  facet normal -0 0 1
    outer loop
      vertex 13.209 -7.91718 4
      vertex 17.3261 -10.3849 4
      vertex 13.5816 -7.25951 4
    endloop
  endfacet
  facet normal 0 0 1
    outer loop
      vertex 17.3261 -10.3849 4
      vertex 13.209 -7.91718 4
      vertex 16.7957 -11.2225 4
    endloop
  endfacet
  facet normal -0 0 1
    outer loop
      vertex 12.8046 -8.55578 4
      vertex 16.7957 -11.2225 4
      vertex 13.209 -7.91718 4
    endloop
  endfacet
  facet normal 0 0 1
    outer loop
      vertex 16.7957 -11.2225 4
      vertex 12.8046 -8.55578 4
      vertex 16.2248 -12.0331 4
    endloop
  endfacet
  facet normal -0 0 1
    outer loop
      vertex 12.3694 -9.17377 4
      vertex 16.2248 -12.0331 4
      vertex 12.8046 -8.55578 4
    endloop
  endfacet
  facet normal 0 0 1
    outer loop
      vertex 16.2248 -12.0331 4
      vertex 12.3694 -9.17377 4
      vertex 15.6148 -12.8147 4
    endloop
  endfacet
  facet normal -0 0 1
    outer loop
      vertex 11.9044 -9.76966 4
      vertex 15.6148 -12.8147 4
      vertex 12.3694 -9.17377 4
    endloop
  endfacet
  facet normal 0 0 1
    outer loop
      vertex 15.6148 -12.8147 4
      vertex 11.9044 -9.76966 4
      vertex 14.9672 -13.5655 4
    endloop
  endfacet
  facet normal -0 0 1
    outer loop
      vertex 11.4106 -10.342 4
      vertex 14.9672 -13.5655 4
      vertex 11.9044 -9.76966 4
    endloop
  endfacet
  facet normal 0 0 1
    outer loop
      vertex 14.9672 -13.5655 4
      vertex 11.4106 -10.342 4
      vertex 14.2836 -14.2836 4
    endloop
  endfacet
  facet normal -0 0 1
    outer loop
      vertex 10.8894 -10.8894 4
      vertex 14.2836 -14.2836 4
      vertex 11.4106 -10.342 4
    endloop
  endfacet
  facet normal 0 0 1
    outer loop
      vertex 14.2836 -14.2836 4
      vertex 10.8894 -10.8894 4
      vertex 13.5655 -14.9672 4
    endloop
  endfacet
  facet normal -0 0 1
    outer loop
      vertex 10.342 -11.4106 4
      vertex 13.5655 -14.9672 4
      vertex 10.8894 -10.8894 4
    endloop
  endfacet
  facet normal 0 0 1
    outer loop
      vertex 13.5655 -14.9672 4
      vertex 10.342 -11.4106 4
      vertex 12.8147 -15.6148 4
    endloop
  endfacet
  facet normal -0 0 1
    outer loop
      vertex 9.76966 -11.9044 4
      vertex 12.8147 -15.6148 4
      vertex 10.342 -11.4106 4
    endloop
  endfacet
  facet normal 0 0 1
    outer loop
      vertex 12.8147 -15.6148 4
      vertex 9.76966 -11.9044 4
      vertex 12.0331 -16.2248 4
    endloop
  endfacet
  facet normal -0 0 1
    outer loop
      vertex 9.17377 -12.3694 4
      vertex 12.0331 -16.2248 4
      vertex 9.76966 -11.9044 4
    endloop
  endfacet
  facet normal 0 0 1
    outer loop
      vertex 12.0331 -16.2248 4
      vertex 9.17377 -12.3694 4
      vertex 11.2225 -16.7957 4
    endloop
  endfacet
  facet normal -0 0 1
    outer loop
      vertex 8.55578 -12.8046 4
      vertex 11.2225 -16.7957 4
      vertex 9.17377 -12.3694 4
    endloop
  endfacet
  facet normal 0 0 1
    outer loop
      vertex 11.2225 -16.7957 4
      vertex 8.55578 -12.8046 4
      vertex 10.3849 -17.3261 4
    endloop
  endfacet
  facet normal -0 0 1
    outer loop
      vertex 7.91718 -13.209 4
      vertex 10.3849 -17.3261 4
      vertex 8.55578 -12.8046 4
    endloop
  endfacet
  facet normal 0 0 1
    outer loop
      vertex 10.3849 -17.3261 4
      vertex 7.91718 -13.209 4
      vertex 9.52221 -17.8148 4
    endloop
  endfacet
  facet normal -0 0 1
    outer loop
      vertex 7.25951 -13.5816 4
      vertex 9.52221 -17.8148 4
      vertex 7.91718 -13.209 4
    endloop
  endfacet
  facet normal 0 0 1
    outer loop
      vertex 9.52221 -17.8148 4
      vertex 7.25951 -13.5816 4
      vertex 8.63661 -18.2606 4
    endloop
  endfacet
  facet normal -0 0 1
    outer loop
      vertex 6.58435 -13.9214 4
      vertex 8.63661 -18.2606 4
      vertex 7.25951 -13.5816 4
    endloop
  endfacet
  facet normal 0 0 1
    outer loop
      vertex 8.63661 -18.2606 4
      vertex 6.58435 -13.9214 4
      vertex 7.7302 -18.6624 4
    endloop
  endfacet
  facet normal -0 0 1
    outer loop
      vertex 5.89332 -14.2277 4
      vertex 7.7302 -18.6624 4
      vertex 6.58435 -13.9214 4
    endloop
  endfacet
  facet normal 0 0 1
    outer loop
      vertex 7.7302 -18.6624 4
      vertex 5.89332 -14.2277 4
      vertex 6.80517 -19.0192 4
    endloop
  endfacet
  facet normal -0 0 1
    outer loop
      vertex 5.1881 -14.4998 4
      vertex 6.80517 -19.0192 4
      vertex 5.89332 -14.2277 4
    endloop
  endfacet
  facet normal 0 0 1
    outer loop
      vertex 6.80517 -19.0192 4
      vertex 5.1881 -14.4998 4
      vertex 5.86375 -19.3302 4
    endloop
  endfacet
  facet normal -0 0 1
    outer loop
      vertex 4.47038 -14.7369 4
      vertex 5.86375 -19.3302 4
      vertex 5.1881 -14.4998 4
    endloop
  endfacet
  facet normal 0 0 1
    outer loop
      vertex 5.86375 -19.3302 4
      vertex 4.47038 -14.7369 4
      vertex 4.9082 -19.5946 4
    endloop
  endfacet
  facet normal -0 0 1
    outer loop
      vertex 3.74189 -14.9385 4
      vertex 4.9082 -19.5946 4
      vertex 4.47038 -14.7369 4
    endloop
  endfacet
  facet normal 0 0 1
    outer loop
      vertex 4.9082 -19.5946 4
      vertex 3.74189 -14.9385 4
      vertex 3.94082 -19.8119 4
    endloop
  endfacet
  facet normal -0 0 1
    outer loop
      vertex 3.00439 -15.1041 4
      vertex 3.94082 -19.8119 4
      vertex 3.74189 -14.9385 4
    endloop
  endfacet
  facet normal 0 0 1
    outer loop
      vertex 3.00439 -15.1041 4
      vertex 2.96395 -19.9814 4
      vertex 3.94082 -19.8119 4
    endloop
  endfacet
  facet normal -0 0 1
    outer loop
      vertex 2.25965 -15.2333 4
      vertex 2.96395 -19.9814 4
      vertex 3.00439 -15.1041 4
    endloop
  endfacet
  facet normal 0 0 1
    outer loop
      vertex 2.25965 -15.2333 4
      vertex 1.97995 -20.1027 4
      vertex 2.96395 -19.9814 4
    endloop
  endfacet
  facet normal -0 0 1
    outer loop
      vertex 1.50946 -15.3258 4
      vertex 1.97995 -20.1027 4
      vertex 2.25965 -15.2333 4
    endloop
  endfacet
  facet normal 0 0 1
    outer loop
      vertex 1.50946 -15.3258 4
      vertex 0.991166 -20.1757 4
      vertex 1.97995 -20.1027 4
    endloop
  endfacet
  facet normal -0 0 1
    outer loop
      vertex 0.755642 -15.3814 4
      vertex 0.991166 -20.1757 4
      vertex 1.50946 -15.3258 4
    endloop
  endfacet
  facet normal -0 0 1
    outer loop
      vertex 0 -15.4 4
      vertex 0.991166 -20.1757 4
      vertex 0.755642 -15.3814 4
    endloop
  endfacet
  facet normal 0 0 1
    outer loop
      vertex 0 -15.4 4
      vertex 0 -20.2 4
      vertex 0.991166 -20.1757 4
    endloop
  endfacet
  facet normal 0 0 1
    outer loop
      vertex -0.755642 -15.3814 4
      vertex 0 -20.2 4
      vertex 0 -15.4 4
    endloop
  endfacet
  facet normal 0 0 1
    outer loop
      vertex -0.755642 -15.3814 4
      vertex -0.991166 -20.1757 4
      vertex 0 -20.2 4
    endloop
  endfacet
  facet normal 0 0 1
    outer loop
      vertex -1.50946 -15.3258 4
      vertex -0.991166 -20.1757 4
      vertex -0.755642 -15.3814 4
    endloop
  endfacet
  facet normal 0 0 1
    outer loop
      vertex -1.50946 -15.3258 4
      vertex -1.97995 -20.1027 4
      vertex -0.991166 -20.1757 4
    endloop
  endfacet
  facet normal 0 0 1
    outer loop
      vertex -2.25965 -15.2333 4
      vertex -1.97995 -20.1027 4
      vertex -1.50946 -15.3258 4
    endloop
  endfacet
  facet normal 0 0 1
    outer loop
      vertex -2.25965 -15.2333 4
      vertex -2.96395 -19.9814 4
      vertex -1.97995 -20.1027 4
    endloop
  endfacet
  facet normal 0 0 1
    outer loop
      vertex -3.00439 -15.1041 4
      vertex -2.96395 -19.9814 4
      vertex -2.25965 -15.2333 4
    endloop
  endfacet
  facet normal 0 0 1
    outer loop
      vertex -3.94082 -19.8119 4
      vertex -3.00439 -15.1041 4
      vertex -3.74189 -14.9385 4
    endloop
  endfacet
  facet normal 0 0 1
    outer loop
      vertex -3.00439 -15.1041 4
      vertex -3.94082 -19.8119 4
      vertex -2.96395 -19.9814 4
    endloop
  endfacet
  facet normal 0 0 1
    outer loop
      vertex -4.9082 -19.5946 4
      vertex -3.74189 -14.9385 4
      vertex -4.47038 -14.7369 4
    endloop
  endfacet
  facet normal 0 0 1
    outer loop
      vertex -3.74189 -14.9385 4
      vertex -4.9082 -19.5946 4
      vertex -3.94082 -19.8119 4
    endloop
  endfacet
  facet normal 0 0 1
    outer loop
      vertex -5.86375 -19.3302 4
      vertex -4.47038 -14.7369 4
      vertex -5.1881 -14.4998 4
    endloop
  endfacet
  facet normal 0 0 1
    outer loop
      vertex -4.47038 -14.7369 4
      vertex -5.86375 -19.3302 4
      vertex -4.9082 -19.5946 4
    endloop
  endfacet
  facet normal 0 0 1
    outer loop
      vertex -6.80517 -19.0192 4
      vertex -5.1881 -14.4998 4
      vertex -5.89332 -14.2277 4
    endloop
  endfacet
  facet normal 0 0 1
    outer loop
      vertex -7.7302 -18.6624 4
      vertex -5.89332 -14.2277 4
      vertex -6.58435 -13.9214 4
    endloop
  endfacet
  facet normal 0 0 1
    outer loop
      vertex -5.1881 -14.4998 4
      vertex -6.80517 -19.0192 4
      vertex -5.86375 -19.3302 4
    endloop
  endfacet
  facet normal 0 0 1
    outer loop
      vertex -8.63661 -18.2606 4
      vertex -6.58435 -13.9214 4
      vertex -7.25951 -13.5816 4
    endloop
  endfacet
  facet normal 0 0 1
    outer loop
      vertex -5.89332 -14.2277 4
      vertex -7.7302 -18.6624 4
      vertex -6.80517 -19.0192 4
    endloop
  endfacet
  facet normal 0 0 1
    outer loop
      vertex -9.52221 -17.8148 4
      vertex -7.25951 -13.5816 4
      vertex -7.91718 -13.209 4
    endloop
  endfacet
  facet normal 0 0 1
    outer loop
      vertex -10.3849 -17.3261 4
      vertex -7.91718 -13.209 4
      vertex -8.55578 -12.8046 4
    endloop
  endfacet
  facet normal 0 0 1
    outer loop
      vertex -6.58435 -13.9214 4
      vertex -8.63661 -18.2606 4
      vertex -7.7302 -18.6624 4
    endloop
  endfacet
  facet normal 0 0 1
    outer loop
      vertex -11.2225 -16.7957 4
      vertex -8.55578 -12.8046 4
      vertex -9.17377 -12.3694 4
    endloop
  endfacet
  facet normal 0 0 1
    outer loop
      vertex -7.25951 -13.5816 4
      vertex -9.52221 -17.8148 4
      vertex -8.63661 -18.2606 4
    endloop
  endfacet
  facet normal 0 0 1
    outer loop
      vertex -12.0331 -16.2248 4
      vertex -9.17377 -12.3694 4
      vertex -9.76966 -11.9044 4
    endloop
  endfacet
  facet normal 0 0 1
    outer loop
      vertex -12.8147 -15.6148 4
      vertex -9.76966 -11.9044 4
      vertex -10.342 -11.4106 4
    endloop
  endfacet
  facet normal 0 0 1
    outer loop
      vertex -7.91718 -13.209 4
      vertex -10.3849 -17.3261 4
      vertex -9.52221 -17.8148 4
    endloop
  endfacet
  facet normal 0 0 1
    outer loop
      vertex -13.5655 -14.9672 4
      vertex -10.342 -11.4106 4
      vertex -10.8894 -10.8894 4
    endloop
  endfacet
  facet normal 0 0 1
    outer loop
      vertex -8.55578 -12.8046 4
      vertex -11.2225 -16.7957 4
      vertex -10.3849 -17.3261 4
    endloop
  endfacet
  facet normal 0 0 1
    outer loop
      vertex -14.2836 -14.2836 4
      vertex -10.8894 -10.8894 4
      vertex -11.4106 -10.342 4
    endloop
  endfacet
  facet normal 0 0 1
    outer loop
      vertex -14.9672 -13.5655 4
      vertex -11.4106 -10.342 4
      vertex -11.9044 -9.76966 4
    endloop
  endfacet
  facet normal 0 0 1
    outer loop
      vertex -9.17377 -12.3694 4
      vertex -12.0331 -16.2248 4
      vertex -11.2225 -16.7957 4
    endloop
  endfacet
  facet normal 0 0 1
    outer loop
      vertex -15.6148 -12.8147 4
      vertex -11.9044 -9.76966 4
      vertex -12.3694 -9.17377 4
    endloop
  endfacet
  facet normal 0 0 1
    outer loop
      vertex -16.2248 -12.0331 4
      vertex -12.3694 -9.17377 4
      vertex -12.8046 -8.55578 4
    endloop
  endfacet
  facet normal 0 0 1
    outer loop
      vertex -9.76966 -11.9044 4
      vertex -12.8147 -15.6148 4
      vertex -12.0331 -16.2248 4
    endloop
  endfacet
  facet normal 0 0 1
    outer loop
      vertex -16.7957 -11.2225 4
      vertex -12.8046 -8.55578 4
      vertex -13.209 -7.91718 4
    endloop
  endfacet
  facet normal 0 0 1
    outer loop
      vertex -10.342 -11.4106 4
      vertex -13.5655 -14.9672 4
      vertex -12.8147 -15.6148 4
    endloop
  endfacet
  facet normal 0 0 1
    outer loop
      vertex -17.3261 -10.3849 4
      vertex -13.209 -7.91718 4
      vertex -13.5816 -7.25951 4
    endloop
  endfacet
  facet normal 0 0 1
    outer loop
      vertex -17.8148 -9.52221 4
      vertex -13.5816 -7.25951 4
      vertex -13.9214 -6.58435 4
    endloop
  endfacet
  facet normal 0 0 1
    outer loop
      vertex -18.2606 -8.63661 4
      vertex -13.9214 -6.58435 4
      vertex -14.2277 -5.89332 4
    endloop
  endfacet
  facet normal 0 0 1
    outer loop
      vertex -10.8894 -10.8894 4
      vertex -14.2836 -14.2836 4
      vertex -13.5655 -14.9672 4
    endloop
  endfacet
  facet normal 0 0 1
    outer loop
      vertex -18.6624 -7.7302 4
      vertex -14.2277 -5.89332 4
      vertex -14.4998 -5.1881 4
    endloop
  endfacet
  facet normal 0 0 1
    outer loop
      vertex -19.0192 -6.80517 4
      vertex -14.4998 -5.1881 4
      vertex -14.7369 -4.47038 4
    endloop
  endfacet
  facet normal 0 0 1
    outer loop
      vertex -19.3302 -5.86375 4
      vertex -14.7369 -4.47038 4
      vertex -14.9385 -3.74189 4
    endloop
  endfacet
  facet normal 0 0 1
    outer loop
      vertex -11.4106 -10.342 4
      vertex -14.9672 -13.5655 4
      vertex -14.2836 -14.2836 4
    endloop
  endfacet
  facet normal 0 0 1
    outer loop
      vertex -19.5946 -4.9082 4
      vertex -14.9385 -3.74189 4
      vertex -15.1041 -3.00439 4
    endloop
  endfacet
  facet normal 0 0 1
    outer loop
      vertex -19.8119 -3.94082 4
      vertex -15.1041 -3.00439 4
      vertex -15.2333 -2.25965 4
    endloop
  endfacet
  facet normal 0 0 1
    outer loop
      vertex -19.9814 -2.96395 4
      vertex -15.2333 -2.25965 4
      vertex -15.3258 -1.50946 4
    endloop
  endfacet
  facet normal 0 0 1
    outer loop
      vertex -20.1027 -1.97995 4
      vertex -15.3258 -1.50946 4
      vertex -15.3814 -0.755642 4
    endloop
  endfacet
  facet normal 0 0 1
    outer loop
      vertex -11.9044 -9.76966 4
      vertex -15.6148 -12.8147 4
      vertex -14.9672 -13.5655 4
    endloop
  endfacet
  facet normal 0 0 1
    outer loop
      vertex -20.1757 -0.991166 4
      vertex -15.3814 -0.755642 4
      vertex -15.4 0 4
    endloop
  endfacet
  facet normal 0 0 1
    outer loop
      vertex -14.4998 5.1881 4
      vertex -19.0192 6.80517 4
      vertex -14.7369 4.47038 4
    endloop
  endfacet
  facet normal -0 0 1
    outer loop
      vertex -19.3302 5.86375 4
      vertex -14.7369 4.47038 4
      vertex -19.0192 6.80517 4
    endloop
  endfacet
  facet normal 0 0 1
    outer loop
      vertex -12.3694 -9.17377 4
      vertex -16.2248 -12.0331 4
      vertex -15.6148 -12.8147 4
    endloop
  endfacet
  facet normal 0 0 1
    outer loop
      vertex -14.7369 4.47038 4
      vertex -19.3302 5.86375 4
      vertex -14.9385 3.74189 4
    endloop
  endfacet
  facet normal 0 0 1
    outer loop
      vertex -12.8046 -8.55578 4
      vertex -16.7957 -11.2225 4
      vertex -16.2248 -12.0331 4
    endloop
  endfacet
  facet normal -0 0 1
    outer loop
      vertex -19.5946 4.9082 4
      vertex -14.9385 3.74189 4
      vertex -19.3302 5.86375 4
    endloop
  endfacet
  facet normal 0 0 1
    outer loop
      vertex -13.209 -7.91718 4
      vertex -17.3261 -10.3849 4
      vertex -16.7957 -11.2225 4
    endloop
  endfacet
  facet normal 0 0 1
    outer loop
      vertex -14.9385 3.74189 4
      vertex -19.5946 4.9082 4
      vertex -15.1041 3.00439 4
    endloop
  endfacet
  facet normal 0 0 1
    outer loop
      vertex -13.5816 -7.25951 4
      vertex -17.8148 -9.52221 4
      vertex -17.3261 -10.3849 4
    endloop
  endfacet
  facet normal -0 0 1
    outer loop
      vertex -19.8119 3.94082 4
      vertex -15.1041 3.00439 4
      vertex -19.5946 4.9082 4
    endloop
  endfacet
  facet normal 0 0 1
    outer loop
      vertex -13.9214 -6.58435 4
      vertex -18.2606 -8.63661 4
      vertex -17.8148 -9.52221 4
    endloop
  endfacet
  facet normal 0 0 1
    outer loop
      vertex -15.1041 3.00439 4
      vertex -19.8119 3.94082 4
      vertex -15.2333 2.25965 4
    endloop
  endfacet
  facet normal 0 0 1
    outer loop
      vertex -14.2277 -5.89332 4
      vertex -18.6624 -7.7302 4
      vertex -18.2606 -8.63661 4
    endloop
  endfacet
  facet normal -0 0 1
    outer loop
      vertex -19.9814 2.96395 4
      vertex -15.2333 2.25965 4
      vertex -19.8119 3.94082 4
    endloop
  endfacet
  facet normal 0 0 1
    outer loop
      vertex -14.4998 -5.1881 4
      vertex -19.0192 -6.80517 4
      vertex -18.6624 -7.7302 4
    endloop
  endfacet
  facet normal 0 0 1
    outer loop
      vertex -15.2333 2.25965 4
      vertex -19.9814 2.96395 4
      vertex -15.3258 1.50946 4
    endloop
  endfacet
  facet normal 0 0 1
    outer loop
      vertex -14.7369 -4.47038 4
      vertex -19.3302 -5.86375 4
      vertex -19.0192 -6.80517 4
    endloop
  endfacet
  facet normal -0 0 1
    outer loop
      vertex -20.1027 1.97995 4
      vertex -15.3258 1.50946 4
      vertex -19.9814 2.96395 4
    endloop
  endfacet
  facet normal 0 0 1
    outer loop
      vertex -14.9385 -3.74189 4
      vertex -19.5946 -4.9082 4
      vertex -19.3302 -5.86375 4
    endloop
  endfacet
  facet normal 0 0 1
    outer loop
      vertex -15.3258 1.50946 4
      vertex -20.1027 1.97995 4
      vertex -15.3814 0.755642 4
    endloop
  endfacet
  facet normal 0 0 1
    outer loop
      vertex -15.1041 -3.00439 4
      vertex -19.8119 -3.94082 4
      vertex -19.5946 -4.9082 4
    endloop
  endfacet
  facet normal -0 0 1
    outer loop
      vertex -20.1757 0.991166 4
      vertex -15.3814 0.755642 4
      vertex -20.1027 1.97995 4
    endloop
  endfacet
  facet normal 0 0 1
    outer loop
      vertex -15.2333 -2.25965 4
      vertex -19.9814 -2.96395 4
      vertex -19.8119 -3.94082 4
    endloop
  endfacet
  facet normal 0 0 1
    outer loop
      vertex -15.3814 0.755642 4
      vertex -20.1757 0.991166 4
      vertex -15.4 0 4
    endloop
  endfacet
  facet normal 0 0 1
    outer loop
      vertex -15.3258 -1.50946 4
      vertex -20.1027 -1.97995 4
      vertex -19.9814 -2.96395 4
    endloop
  endfacet
  facet normal 0 0 1
    outer loop
      vertex -20.2 0 4
      vertex -15.4 0 4
      vertex -20.1757 0.991166 4
    endloop
  endfacet
  facet normal 0 0 1
    outer loop
      vertex -15.3814 -0.755642 4
      vertex -20.1757 -0.991166 4
      vertex -20.1027 -1.97995 4
    endloop
  endfacet
  facet normal 0 0 1
    outer loop
      vertex -15.4 0 4
      vertex -20.2 0 4
      vertex -20.1757 -0.991166 4
    endloop
  endfacet
  facet normal 0.155 0.690031 0.706988
    outer loop
      vertex 4.0969 20.5965 3.2
      vertex 3.94082 19.8119 4
      vertex 4.9082 19.5946 4
    endloop
  endfacet
  facet normal 0.188671 0.68155 0.707031
    outer loop
      vertex 5.10258 20.3707 3.2
      vertex 4.9082 19.5946 4
      vertex 6.09598 20.0957 3.2
    endloop
  endfacet
  facet normal -0.4619 -0.535507 0.707022
    outer loop
      vertex -12.8147 -15.6148 4
      vertex -13.5655 -14.9672 4
      vertex -13.3223 -16.2332 3.2
    endloop
  endfacet
  facet normal 0.221845 0.67154 0.706979
    outer loop
      vertex 6.09598 20.0957 3.2
      vertex 5.86375 19.3302 4
      vertex 6.80517 19.0192 4
    endloop
  endfacet
  facet normal 0.975705 0.219087 0
    outer loop
      vertex 15.1041 3.00439 39.8
      vertex 14.9385 3.74189 4
      vertex 14.9385 3.74189 39.8
    endloop
  endfacet
  facet normal 0.975705 0.219087 0
    outer loop
      vertex 14.9385 3.74189 4
      vertex 15.1041 3.00439 39.8
      vertex 15.1041 3.00439 4
    endloop
  endfacet
  facet normal 0.997291 0.073558 0
    outer loop
      vertex 15.3814 0.755642 39.8
      vertex 15.3258 1.50946 4
      vertex 15.3258 1.50946 39.8
    endloop
  endfacet
  facet normal 0.997291 0.073558 0
    outer loop
      vertex 15.3258 1.50946 4
      vertex 15.3814 0.755642 39.8
      vertex 15.3814 0.755642 4
    endloop
  endfacet
  facet normal 0.999697 0.0246074 0
    outer loop
      vertex 15.4 0 39.8
      vertex 15.3814 0.755642 4
      vertex 15.3814 0.755642 39.8
    endloop
  endfacet
  facet normal 0.999697 0.0246074 0
    outer loop
      vertex 15.3814 0.755642 4
      vertex 15.4 0 39.8
      vertex 15.4 0 4
    endloop
  endfacet
  facet normal 0.992484 0.122375 0
    outer loop
      vertex 15.3258 1.50946 39.8
      vertex 15.2333 2.25965 4
      vertex 15.2333 2.25965 39.8
    endloop
  endfacet
  facet normal 0.992484 0.122375 0
    outer loop
      vertex 15.2333 2.25965 4
      vertex 15.3258 1.50946 39.8
      vertex 15.3258 1.50946 4
    endloop
  endfacet
  facet normal 0.313679 0.949529 -0
    outer loop
      vertex 5.1881 14.4998 4
      vertex 4.47038 14.7369 39.8
      vertex 5.1881 14.4998 39.8
    endloop
  endfacet
  facet normal 0.313679 0.949529 0
    outer loop
      vertex 4.47038 14.7369 39.8
      vertex 5.1881 14.4998 4
      vertex 4.47038 14.7369 4
    endloop
  endfacet
  facet normal -0.313679 -0.949529 0
    outer loop
      vertex -5.1881 -14.4998 4
      vertex -4.47038 -14.7369 39.8
      vertex -5.1881 -14.4998 39.8
    endloop
  endfacet
  facet normal -0.313679 -0.949529 -0
    outer loop
      vertex -4.47038 -14.7369 39.8
      vertex -5.1881 -14.4998 4
      vertex -4.47038 -14.7369 4
    endloop
  endfacet
  facet normal 0.817608 -0.575775 0
    outer loop
      vertex 12.3694 -9.17377 39.8
      vertex 12.8046 -8.55578 4
      vertex 12.8046 -8.55578 39.8
    endloop
  endfacet
  facet normal 0.817608 -0.575775 0
    outer loop
      vertex 12.8046 -8.55578 4
      vertex 12.3694 -9.17377 39.8
      vertex 12.3694 -9.17377 4
    endloop
  endfacet
  facet normal -0.817608 0.575775 0
    outer loop
      vertex -12.8046 8.55578 4
      vertex -12.3694 9.17377 39.8
      vertex -12.3694 9.17377 4
    endloop
  endfacet
  facet normal -0.817608 0.575775 0
    outer loop
      vertex -12.3694 9.17377 39.8
      vertex -12.8046 8.55578 4
      vertex -12.8046 8.55578 39.8
    endloop
  endfacet
  facet normal 0.492933 -0.870067 0
    outer loop
      vertex 7.25951 -13.5816 4
      vertex 7.91718 -13.209 39.8
      vertex 7.25951 -13.5816 39.8
    endloop
  endfacet
  facet normal 0.492933 -0.870067 0
    outer loop
      vertex 7.91718 -13.209 39.8
      vertex 7.25951 -13.5816 4
      vertex 7.91718 -13.209 4
    endloop
  endfacet
  facet normal 0.999697 -0.0246074 0
    outer loop
      vertex 15.3814 -0.755642 39.8
      vertex 15.4 0 4
      vertex 15.4 0 39.8
    endloop
  endfacet
  facet normal 0.999697 -0.0246074 0
    outer loop
      vertex 15.4 0 4
      vertex 15.3814 -0.755642 39.8
      vertex 15.3814 -0.755642 4
    endloop
  endfacet
  facet normal 0.122375 0.992484 -0
    outer loop
      vertex 2.25965 15.2333 4
      vertex 1.50946 15.3258 39.8
      vertex 2.25965 15.2333 39.8
    endloop
  endfacet
  facet normal 0.122375 0.992484 0
    outer loop
      vertex 1.50946 15.3258 39.8
      vertex 2.25965 15.2333 4
      vertex 1.50946 15.3258 4
    endloop
  endfacet
  facet normal 0.405227 0.914216 -0
    outer loop
      vertex 6.58435 13.9214 4
      vertex 5.89332 14.2277 39.8
      vertex 6.58435 13.9214 39.8
    endloop
  endfacet
  facet normal 0.405227 0.914216 0
    outer loop
      vertex 5.89332 14.2277 39.8
      vertex 6.58435 13.9214 4
      vertex 5.89332 14.2277 4
    endloop
  endfacet
  facet normal 0.17093 -0.985283 0
    outer loop
      vertex 2.25965 -15.2333 4
      vertex 3.00439 -15.1041 39.8
      vertex 2.25965 -15.2333 39.8
    endloop
  endfacet
  facet normal 0.17093 -0.985283 0
    outer loop
      vertex 3.00439 -15.1041 39.8
      vertex 2.25965 -15.2333 4
      vertex 3.00439 -15.1041 4
    endloop
  endfacet
  facet normal 0.757146 -0.653246 0
    outer loop
      vertex 11.4106 -10.342 39.8
      vertex 11.9044 -9.76966 4
      vertex 11.9044 -9.76966 39.8
    endloop
  endfacet
  facet normal 0.757146 -0.653246 0
    outer loop
      vertex 11.9044 -9.76966 4
      vertex 11.4106 -10.342 39.8
      vertex 11.4106 -10.342 4
    endloop
  endfacet
  facet normal -0.689563 0.724226 0
    outer loop
      vertex -10.342 11.4106 4
      vertex -10.8894 10.8894 39.8
      vertex -10.342 11.4106 39.8
    endloop
  endfacet
  facet normal -0.689563 0.724226 0
    outer loop
      vertex -10.8894 10.8894 39.8
      vertex -10.342 11.4106 4
      vertex -10.8894 10.8894 4
    endloop
  endfacet
  facet normal 0.893249 0.449562 0
    outer loop
      vertex 13.9214 6.58435 39.8
      vertex 13.5816 7.25951 4
      vertex 13.5816 7.25951 39.8
    endloop
  endfacet
  facet normal 0.893249 0.449562 0
    outer loop
      vertex 13.5816 7.25951 4
      vertex 13.9214 6.58435 39.8
      vertex 13.9214 6.58435 4
    endloop
  endfacet
  facet normal 0.073558 -0.997291 0
    outer loop
      vertex 0.755642 -15.3814 4
      vertex 1.50946 -15.3258 39.8
      vertex 0.755642 -15.3814 39.8
    endloop
  endfacet
  facet normal 0.073558 -0.997291 0
    outer loop
      vertex 1.50946 -15.3258 39.8
      vertex 0.755642 -15.3814 4
      vertex 1.50946 -15.3258 4
    endloop
  endfacet
  facet normal -0.78837 -0.615201 0
    outer loop
      vertex -11.9044 -9.76966 4
      vertex -12.3694 -9.17377 39.8
      vertex -12.3694 -9.17377 4
    endloop
  endfacet
  facet normal -0.78837 -0.615201 0
    outer loop
      vertex -12.3694 -9.17377 39.8
      vertex -11.9044 -9.76966 4
      vertex -11.9044 -9.76966 39.8
    endloop
  endfacet
  facet normal -0.870067 -0.492933 0
    outer loop
      vertex -13.209 -7.91718 4
      vertex -13.5816 -7.25951 39.8
      vertex -13.5816 -7.25951 4
    endloop
  endfacet
  facet normal -0.870067 -0.492933 0
    outer loop
      vertex -13.5816 -7.25951 39.8
      vertex -13.209 -7.91718 4
      vertex -13.209 -7.91718 39.8
    endloop
  endfacet
  facet normal 0.985283 -0.17093 0
    outer loop
      vertex 15.1041 -3.00439 39.8
      vertex 15.2333 -2.25965 4
      vertex 15.2333 -2.25965 39.8
    endloop
  endfacet
  facet normal 0.985283 -0.17093 0
    outer loop
      vertex 15.2333 -2.25965 4
      vertex 15.1041 -3.00439 39.8
      vertex 15.1041 -3.00439 4
    endloop
  endfacet
  facet normal 0.870067 0.492933 0
    outer loop
      vertex 13.5816 7.25951 39.8
      vertex 13.209 7.91718 4
      vertex 13.209 7.91718 39.8
    endloop
  endfacet
  facet normal 0.870067 0.492933 0
    outer loop
      vertex 13.209 7.91718 4
      vertex 13.5816 7.25951 39.8
      vertex 13.5816 7.25951 4
    endloop
  endfacet
  facet normal 0.844847 -0.535008 0
    outer loop
      vertex 12.8046 -8.55578 39.8
      vertex 13.209 -7.91718 4
      vertex 13.209 -7.91718 39.8
    endloop
  endfacet
  facet normal 0.844847 -0.535008 0
    outer loop
      vertex 13.209 -7.91718 4
      vertex 12.8046 -8.55578 39.8
      vertex 12.8046 -8.55578 4
    endloop
  endfacet
  facet normal 0.949529 0.313679 0
    outer loop
      vertex 14.7369 4.47038 39.8
      vertex 14.4998 5.1881 4
      vertex 14.4998 5.1881 39.8
    endloop
  endfacet
  facet normal 0.949529 0.313679 0
    outer loop
      vertex 14.4998 5.1881 4
      vertex 14.7369 4.47038 39.8
      vertex 14.7369 4.47038 4
    endloop
  endfacet
  facet normal 0.449562 -0.893249 0
    outer loop
      vertex 6.58435 -13.9214 4
      vertex 7.25951 -13.5816 39.8
      vertex 6.58435 -13.9214 39.8
    endloop
  endfacet
  facet normal 0.449562 -0.893249 0
    outer loop
      vertex 7.25951 -13.5816 39.8
      vertex 6.58435 -13.9214 4
      vertex 7.25951 -13.5816 4
    endloop
  endfacet
  facet normal 0.575775 0.817608 -0
    outer loop
      vertex 9.17377 12.3694 4
      vertex 8.55578 12.8046 39.8
      vertex 9.17377 12.3694 39.8
    endloop
  endfacet
  facet normal 0.575775 0.817608 0
    outer loop
      vertex 8.55578 12.8046 39.8
      vertex 9.17377 12.3694 4
      vertex 8.55578 12.8046 4
    endloop
  endfacet
  facet normal 0.266712 0.963776 -0
    outer loop
      vertex 4.47038 14.7369 4
      vertex 3.74189 14.9385 39.8
      vertex 4.47038 14.7369 39.8
    endloop
  endfacet
  facet normal 0.266712 0.963776 0
    outer loop
      vertex 3.74189 14.9385 39.8
      vertex 4.47038 14.7369 4
      vertex 3.74189 14.9385 4
    endloop
  endfacet
  facet normal 0.992484 -0.122375 0
    outer loop
      vertex 15.2333 -2.25965 39.8
      vertex 15.3258 -1.50946 4
      vertex 15.3258 -1.50946 39.8
    endloop
  endfacet
  facet normal 0.992484 -0.122375 0
    outer loop
      vertex 15.3258 -1.50946 4
      vertex 15.2333 -2.25965 39.8
      vertex 15.2333 -2.25965 4
    endloop
  endfacet
  facet normal 0.932963 0.359972 0
    outer loop
      vertex 14.4998 5.1881 39.8
      vertex 14.2277 5.89332 4
      vertex 14.2277 5.89332 39.8
    endloop
  endfacet
  facet normal 0.932963 0.359972 0
    outer loop
      vertex 14.2277 5.89332 4
      vertex 14.4998 5.1881 39.8
      vertex 14.4998 5.1881 4
    endloop
  endfacet
  facet normal -0.893249 0.449562 0
    outer loop
      vertex -13.9214 6.58435 4
      vertex -13.5816 7.25951 39.8
      vertex -13.5816 7.25951 4
    endloop
  endfacet
  facet normal -0.893249 0.449562 0
    outer loop
      vertex -13.5816 7.25951 39.8
      vertex -13.9214 6.58435 4
      vertex -13.9214 6.58435 39.8
    endloop
  endfacet
  facet normal -0.689563 -0.724226 0
    outer loop
      vertex -10.8894 -10.8894 4
      vertex -10.342 -11.4106 39.8
      vertex -10.8894 -10.8894 39.8
    endloop
  endfacet
  facet normal -0.689563 -0.724226 -0
    outer loop
      vertex -10.342 -11.4106 39.8
      vertex -10.8894 -10.8894 4
      vertex -10.342 -11.4106 4
    endloop
  endfacet
  facet normal 0.985283 0.17093 0
    outer loop
      vertex 15.2333 2.25965 39.8
      vertex 15.1041 3.00439 4
      vertex 15.1041 3.00439 39.8
    endloop
  endfacet
  facet normal 0.985283 0.17093 0
    outer loop
      vertex 15.1041 3.00439 4
      vertex 15.2333 2.25965 39.8
      vertex 15.2333 2.25965 4
    endloop
  endfacet
  facet normal -0.949529 -0.313679 0
    outer loop
      vertex -14.4998 -5.1881 4
      vertex -14.7369 -4.47038 39.8
      vertex -14.7369 -4.47038 4
    endloop
  endfacet
  facet normal -0.949529 -0.313679 0
    outer loop
      vertex -14.7369 -4.47038 39.8
      vertex -14.4998 -5.1881 4
      vertex -14.4998 -5.1881 39.8
    endloop
  endfacet
  facet normal -0.724226 -0.689563 0
    outer loop
      vertex -10.8894 -10.8894 4
      vertex -11.4106 -10.342 39.8
      vertex -11.4106 -10.342 4
    endloop
  endfacet
  facet normal -0.724226 -0.689563 0
    outer loop
      vertex -11.4106 -10.342 39.8
      vertex -10.8894 -10.8894 4
      vertex -10.8894 -10.8894 39.8
    endloop
  endfacet
  facet normal 0.817608 0.575775 0
    outer loop
      vertex 12.8046 8.55578 39.8
      vertex 12.3694 9.17377 4
      vertex 12.3694 9.17377 39.8
    endloop
  endfacet
  facet normal 0.817608 0.575775 0
    outer loop
      vertex 12.3694 9.17377 4
      vertex 12.8046 8.55578 39.8
      vertex 12.8046 8.55578 4
    endloop
  endfacet
  facet normal 0.615201 0.78837 -0
    outer loop
      vertex 9.76966 11.9044 4
      vertex 9.17377 12.3694 39.8
      vertex 9.76966 11.9044 39.8
    endloop
  endfacet
  facet normal 0.615201 0.78837 0
    outer loop
      vertex 9.17377 12.3694 39.8
      vertex 9.76966 11.9044 4
      vertex 9.17377 12.3694 4
    endloop
  endfacet
  facet normal 0.535008 -0.844847 0
    outer loop
      vertex 7.91718 -13.209 4
      vertex 8.55578 -12.8046 39.8
      vertex 7.91718 -13.209 39.8
    endloop
  endfacet
  facet normal 0.535008 -0.844847 0
    outer loop
      vertex 8.55578 -12.8046 39.8
      vertex 7.91718 -13.209 4
      vertex 8.55578 -12.8046 4
    endloop
  endfacet
  facet normal 0.724226 0.689563 0
    outer loop
      vertex 11.4106 10.342 39.8
      vertex 10.8894 10.8894 4
      vertex 10.8894 10.8894 39.8
    endloop
  endfacet
  facet normal 0.724226 0.689563 0
    outer loop
      vertex 10.8894 10.8894 4
      vertex 11.4106 10.342 39.8
      vertex 11.4106 10.342 4
    endloop
  endfacet
  facet normal -0.932963 -0.359972 0
    outer loop
      vertex -14.2277 -5.89332 4
      vertex -14.4998 -5.1881 39.8
      vertex -14.4998 -5.1881 4
    endloop
  endfacet
  facet normal -0.932963 -0.359972 0
    outer loop
      vertex -14.4998 -5.1881 39.8
      vertex -14.2277 -5.89332 4
      vertex -14.2277 -5.89332 39.8
    endloop
  endfacet
  facet normal -0.122375 0.992484 0
    outer loop
      vertex -1.50946 15.3258 4
      vertex -2.25965 15.2333 39.8
      vertex -1.50946 15.3258 39.8
    endloop
  endfacet
  facet normal -0.122375 0.992484 0
    outer loop
      vertex -2.25965 15.2333 39.8
      vertex -1.50946 15.3258 4
      vertex -2.25965 15.2333 4
    endloop
  endfacet
  facet normal -0.615201 -0.78837 0
    outer loop
      vertex -9.76966 -11.9044 4
      vertex -9.17377 -12.3694 39.8
      vertex -9.76966 -11.9044 39.8
    endloop
  endfacet
  facet normal -0.615201 -0.78837 -0
    outer loop
      vertex -9.17377 -12.3694 39.8
      vertex -9.76966 -11.9044 4
      vertex -9.17377 -12.3694 4
    endloop
  endfacet
  facet normal -0.997291 0.073558 0
    outer loop
      vertex -15.3814 0.755642 4
      vertex -15.3258 1.50946 39.8
      vertex -15.3258 1.50946 4
    endloop
  endfacet
  facet normal -0.997291 0.073558 0
    outer loop
      vertex -15.3258 1.50946 39.8
      vertex -15.3814 0.755642 4
      vertex -15.3814 0.755642 39.8
    endloop
  endfacet
  facet normal -0.615201 0.78837 0
    outer loop
      vertex -9.17377 12.3694 4
      vertex -9.76966 11.9044 39.8
      vertex -9.17377 12.3694 39.8
    endloop
  endfacet
  facet normal -0.615201 0.78837 0
    outer loop
      vertex -9.76966 11.9044 39.8
      vertex -9.17377 12.3694 4
      vertex -9.76966 11.9044 4
    endloop
  endfacet
  facet normal 0.78837 0.615201 0
    outer loop
      vertex 12.3694 9.17377 39.8
      vertex 11.9044 9.76966 4
      vertex 11.9044 9.76966 39.8
    endloop
  endfacet
  facet normal 0.78837 0.615201 0
    outer loop
      vertex 11.9044 9.76966 4
      vertex 12.3694 9.17377 39.8
      vertex 12.3694 9.17377 4
    endloop
  endfacet
  facet normal 0.975705 -0.219087 0
    outer loop
      vertex 14.9385 -3.74189 39.8
      vertex 15.1041 -3.00439 4
      vertex 15.1041 -3.00439 39.8
    endloop
  endfacet
  facet normal 0.975705 -0.219087 0
    outer loop
      vertex 15.1041 -3.00439 4
      vertex 14.9385 -3.74189 39.8
      vertex 14.9385 -3.74189 4
    endloop
  endfacet
  facet normal -0.914216 -0.405227 0
    outer loop
      vertex -13.9214 -6.58435 4
      vertex -14.2277 -5.89332 39.8
      vertex -14.2277 -5.89332 4
    endloop
  endfacet
  facet normal -0.914216 -0.405227 0
    outer loop
      vertex -14.2277 -5.89332 39.8
      vertex -13.9214 -6.58435 4
      vertex -13.9214 -6.58435 39.8
    endloop
  endfacet
  facet normal 0.653246 -0.757146 0
    outer loop
      vertex 9.76966 -11.9044 4
      vertex 10.342 -11.4106 39.8
      vertex 9.76966 -11.9044 39.8
    endloop
  endfacet
  facet normal 0.653246 -0.757146 0
    outer loop
      vertex 10.342 -11.4106 39.8
      vertex 9.76966 -11.9044 4
      vertex 10.342 -11.4106 4
    endloop
  endfacet
  facet normal -0.932963 0.359972 0
    outer loop
      vertex -14.4998 5.1881 4
      vertex -14.2277 5.89332 39.8
      vertex -14.2277 5.89332 4
    endloop
  endfacet
  facet normal -0.932963 0.359972 0
    outer loop
      vertex -14.2277 5.89332 39.8
      vertex -14.4998 5.1881 4
      vertex -14.4998 5.1881 39.8
    endloop
  endfacet
  facet normal -0.757146 -0.653246 0
    outer loop
      vertex -11.4106 -10.342 4
      vertex -11.9044 -9.76966 39.8
      vertex -11.9044 -9.76966 4
    endloop
  endfacet
  facet normal -0.757146 -0.653246 0
    outer loop
      vertex -11.9044 -9.76966 39.8
      vertex -11.4106 -10.342 4
      vertex -11.4106 -10.342 39.8
    endloop
  endfacet
  facet normal 0.122375 -0.992484 0
    outer loop
      vertex 1.50946 -15.3258 4
      vertex 2.25965 -15.2333 39.8
      vertex 1.50946 -15.3258 39.8
    endloop
  endfacet
  facet normal 0.122375 -0.992484 0
    outer loop
      vertex 2.25965 -15.2333 39.8
      vertex 1.50946 -15.3258 4
      vertex 2.25965 -15.2333 4
    endloop
  endfacet
  facet normal -0.999697 0.0246074 0
    outer loop
      vertex -15.4 0 4
      vertex -15.3814 0.755642 39.8
      vertex -15.3814 0.755642 4
    endloop
  endfacet
  facet normal -0.999697 0.0246074 0
    outer loop
      vertex -15.3814 0.755642 39.8
      vertex -15.4 0 4
      vertex -15.4 0 39.8
    endloop
  endfacet
  facet normal -0.073558 0.997291 0
    outer loop
      vertex -0.755642 15.3814 4
      vertex -1.50946 15.3258 39.8
      vertex -0.755642 15.3814 39.8
    endloop
  endfacet
  facet normal -0.073558 0.997291 0
    outer loop
      vertex -1.50946 15.3258 39.8
      vertex -0.755642 15.3814 4
      vertex -1.50946 15.3258 4
    endloop
  endfacet
  facet normal 0.963776 -0.266712 0
    outer loop
      vertex 14.7369 -4.47038 39.8
      vertex 14.9385 -3.74189 4
      vertex 14.9385 -3.74189 39.8
    endloop
  endfacet
  facet normal 0.963776 -0.266712 0
    outer loop
      vertex 14.9385 -3.74189 4
      vertex 14.7369 -4.47038 39.8
      vertex 14.7369 -4.47038 4
    endloop
  endfacet
  facet normal 0.405227 -0.914216 0
    outer loop
      vertex 5.89332 -14.2277 4
      vertex 6.58435 -13.9214 39.8
      vertex 5.89332 -14.2277 39.8
    endloop
  endfacet
  facet normal 0.405227 -0.914216 0
    outer loop
      vertex 6.58435 -13.9214 39.8
      vertex 5.89332 -14.2277 4
      vertex 6.58435 -13.9214 4
    endloop
  endfacet
  facet normal 0.844847 0.535008 0
    outer loop
      vertex 13.209 7.91718 39.8
      vertex 12.8046 8.55578 4
      vertex 12.8046 8.55578 39.8
    endloop
  endfacet
  facet normal 0.844847 0.535008 0
    outer loop
      vertex 12.8046 8.55578 4
      vertex 13.209 7.91718 39.8
      vertex 13.209 7.91718 4
    endloop
  endfacet
  facet normal 0.997291 -0.073558 0
    outer loop
      vertex 15.3258 -1.50946 39.8
      vertex 15.3814 -0.755642 4
      vertex 15.3814 -0.755642 39.8
    endloop
  endfacet
  facet normal 0.997291 -0.073558 0
    outer loop
      vertex 15.3814 -0.755642 4
      vertex 15.3258 -1.50946 39.8
      vertex 15.3258 -1.50946 4
    endloop
  endfacet
  facet normal -0.992484 -0.122375 0
    outer loop
      vertex -15.2333 -2.25965 4
      vertex -15.3258 -1.50946 39.8
      vertex -15.3258 -1.50946 4
    endloop
  endfacet
  facet normal -0.992484 -0.122375 0
    outer loop
      vertex -15.3258 -1.50946 39.8
      vertex -15.2333 -2.25965 4
      vertex -15.2333 -2.25965 39.8
    endloop
  endfacet
  facet normal -0.999697 -0.0246074 0
    outer loop
      vertex -15.3814 -0.755642 4
      vertex -15.4 0 39.8
      vertex -15.4 0 4
    endloop
  endfacet
  facet normal -0.999697 -0.0246074 0
    outer loop
      vertex -15.4 0 39.8
      vertex -15.3814 -0.755642 4
      vertex -15.3814 -0.755642 39.8
    endloop
  endfacet
  facet normal -0.653246 -0.757146 0
    outer loop
      vertex -10.342 -11.4106 4
      vertex -9.76966 -11.9044 39.8
      vertex -10.342 -11.4106 39.8
    endloop
  endfacet
  facet normal -0.653246 -0.757146 -0
    outer loop
      vertex -9.76966 -11.9044 39.8
      vertex -10.342 -11.4106 4
      vertex -9.76966 -11.9044 4
    endloop
  endfacet
  facet normal 0.575775 -0.817608 0
    outer loop
      vertex 8.55578 -12.8046 4
      vertex 9.17377 -12.3694 39.8
      vertex 8.55578 -12.8046 39.8
    endloop
  endfacet
  facet normal 0.575775 -0.817608 0
    outer loop
      vertex 9.17377 -12.3694 39.8
      vertex 8.55578 -12.8046 4
      vertex 9.17377 -12.3694 4
    endloop
  endfacet
  facet normal 0.932963 -0.359972 0
    outer loop
      vertex 14.2277 -5.89332 39.8
      vertex 14.4998 -5.1881 4
      vertex 14.4998 -5.1881 39.8
    endloop
  endfacet
  facet normal 0.932963 -0.359972 0
    outer loop
      vertex 14.4998 -5.1881 4
      vertex 14.2277 -5.89332 39.8
      vertex 14.2277 -5.89332 4
    endloop
  endfacet
  facet normal 0.492933 0.870067 -0
    outer loop
      vertex 7.91718 13.209 4
      vertex 7.25951 13.5816 39.8
      vertex 7.91718 13.209 39.8
    endloop
  endfacet
  facet normal 0.492933 0.870067 0
    outer loop
      vertex 7.25951 13.5816 39.8
      vertex 7.91718 13.209 4
      vertex 7.25951 13.5816 4
    endloop
  endfacet
  facet normal -0.535008 0.844847 0
    outer loop
      vertex -7.91718 13.209 4
      vertex -8.55578 12.8046 39.8
      vertex -7.91718 13.209 39.8
    endloop
  endfacet
  facet normal -0.535008 0.844847 0
    outer loop
      vertex -8.55578 12.8046 39.8
      vertex -7.91718 13.209 4
      vertex -8.55578 12.8046 4
    endloop
  endfacet
  facet normal 0.615201 -0.78837 0
    outer loop
      vertex 9.17377 -12.3694 4
      vertex 9.76966 -11.9044 39.8
      vertex 9.17377 -12.3694 39.8
    endloop
  endfacet
  facet normal 0.615201 -0.78837 0
    outer loop
      vertex 9.76966 -11.9044 39.8
      vertex 9.17377 -12.3694 4
      vertex 9.76966 -11.9044 4
    endloop
  endfacet
  facet normal 0.0246074 -0.999697 0
    outer loop
      vertex 0 -15.4 4
      vertex 0.755642 -15.3814 39.8
      vertex 0 -15.4 39.8
    endloop
  endfacet
  facet normal 0.0246074 -0.999697 0
    outer loop
      vertex 0.755642 -15.3814 39.8
      vertex 0 -15.4 4
      vertex 0.755642 -15.3814 4
    endloop
  endfacet
  facet normal -0.975705 -0.219087 0
    outer loop
      vertex -14.9385 -3.74189 4
      vertex -15.1041 -3.00439 39.8
      vertex -15.1041 -3.00439 4
    endloop
  endfacet
  facet normal -0.975705 -0.219087 0
    outer loop
      vertex -15.1041 -3.00439 39.8
      vertex -14.9385 -3.74189 4
      vertex -14.9385 -3.74189 39.8
    endloop
  endfacet
  facet normal -0.535008 -0.844847 0
    outer loop
      vertex -8.55578 -12.8046 4
      vertex -7.91718 -13.209 39.8
      vertex -8.55578 -12.8046 39.8
    endloop
  endfacet
  facet normal -0.535008 -0.844847 -0
    outer loop
      vertex -7.91718 -13.209 39.8
      vertex -8.55578 -12.8046 4
      vertex -7.91718 -13.209 4
    endloop
  endfacet
  facet normal 0.724226 -0.689563 0
    outer loop
      vertex 10.8894 -10.8894 39.8
      vertex 11.4106 -10.342 4
      vertex 11.4106 -10.342 39.8
    endloop
  endfacet
  facet normal 0.724226 -0.689563 0
    outer loop
      vertex 11.4106 -10.342 4
      vertex 10.8894 -10.8894 39.8
      vertex 10.8894 -10.8894 4
    endloop
  endfacet
  facet normal 0.359972 -0.932963 0
    outer loop
      vertex 5.1881 -14.4998 4
      vertex 5.89332 -14.2277 39.8
      vertex 5.1881 -14.4998 39.8
    endloop
  endfacet
  facet normal 0.359972 -0.932963 0
    outer loop
      vertex 5.89332 -14.2277 39.8
      vertex 5.1881 -14.4998 4
      vertex 5.89332 -14.2277 4
    endloop
  endfacet
  facet normal -0.844847 -0.535008 0
    outer loop
      vertex -12.8046 -8.55578 4
      vertex -13.209 -7.91718 39.8
      vertex -13.209 -7.91718 4
    endloop
  endfacet
  facet normal -0.844847 -0.535008 0
    outer loop
      vertex -13.209 -7.91718 39.8
      vertex -12.8046 -8.55578 4
      vertex -12.8046 -8.55578 39.8
    endloop
  endfacet
  facet normal 0.359972 0.932963 -0
    outer loop
      vertex 5.89332 14.2277 4
      vertex 5.1881 14.4998 39.8
      vertex 5.89332 14.2277 39.8
    endloop
  endfacet
  facet normal 0.359972 0.932963 0
    outer loop
      vertex 5.1881 14.4998 39.8
      vertex 5.89332 14.2277 4
      vertex 5.1881 14.4998 4
    endloop
  endfacet
  facet normal -0.575775 0.817608 0
    outer loop
      vertex -8.55578 12.8046 4
      vertex -9.17377 12.3694 39.8
      vertex -8.55578 12.8046 39.8
    endloop
  endfacet
  facet normal -0.575775 0.817608 0
    outer loop
      vertex -9.17377 12.3694 39.8
      vertex -8.55578 12.8046 4
      vertex -9.17377 12.3694 4
    endloop
  endfacet
  facet normal -0.359972 -0.932963 0
    outer loop
      vertex -5.89332 -14.2277 4
      vertex -5.1881 -14.4998 39.8
      vertex -5.89332 -14.2277 39.8
    endloop
  endfacet
  facet normal -0.359972 -0.932963 -0
    outer loop
      vertex -5.1881 -14.4998 39.8
      vertex -5.89332 -14.2277 4
      vertex -5.1881 -14.4998 4
    endloop
  endfacet
  facet normal -0.313679 0.949529 0
    outer loop
      vertex -4.47038 14.7369 4
      vertex -5.1881 14.4998 39.8
      vertex -4.47038 14.7369 39.8
    endloop
  endfacet
  facet normal -0.313679 0.949529 0
    outer loop
      vertex -5.1881 14.4998 39.8
      vertex -4.47038 14.7369 4
      vertex -5.1881 14.4998 4
    endloop
  endfacet
  facet normal -0.17093 -0.985283 0
    outer loop
      vertex -3.00439 -15.1041 4
      vertex -2.25965 -15.2333 39.8
      vertex -3.00439 -15.1041 39.8
    endloop
  endfacet
  facet normal -0.17093 -0.985283 -0
    outer loop
      vertex -2.25965 -15.2333 39.8
      vertex -3.00439 -15.1041 4
      vertex -2.25965 -15.2333 4
    endloop
  endfacet
  facet normal 0.963776 0.266712 0
    outer loop
      vertex 14.9385 3.74189 39.8
      vertex 14.7369 4.47038 4
      vertex 14.7369 4.47038 39.8
    endloop
  endfacet
  facet normal 0.963776 0.266712 0
    outer loop
      vertex 14.7369 4.47038 4
      vertex 14.9385 3.74189 39.8
      vertex 14.9385 3.74189 4
    endloop
  endfacet
  facet normal 0.0246074 0.999697 -0
    outer loop
      vertex 0.755642 15.3814 4
      vertex 0 15.4 39.8
      vertex 0.755642 15.3814 39.8
    endloop
  endfacet
  facet normal 0.0246074 0.999697 0
    outer loop
      vertex 0 15.4 39.8
      vertex 0.755642 15.3814 4
      vertex 0 15.4 4
    endloop
  endfacet
  facet normal 0.535008 0.844847 -0
    outer loop
      vertex 8.55578 12.8046 4
      vertex 7.91718 13.209 39.8
      vertex 8.55578 12.8046 39.8
    endloop
  endfacet
  facet normal 0.535008 0.844847 0
    outer loop
      vertex 7.91718 13.209 39.8
      vertex 8.55578 12.8046 4
      vertex 7.91718 13.209 4
    endloop
  endfacet
  facet normal 0.949529 -0.313679 0
    outer loop
      vertex 14.4998 -5.1881 39.8
      vertex 14.7369 -4.47038 4
      vertex 14.7369 -4.47038 39.8
    endloop
  endfacet
  facet normal 0.949529 -0.313679 0
    outer loop
      vertex 14.7369 -4.47038 4
      vertex 14.4998 -5.1881 39.8
      vertex 14.4998 -5.1881 4
    endloop
  endfacet
  facet normal 0.870067 -0.492933 0
    outer loop
      vertex 13.209 -7.91718 39.8
      vertex 13.5816 -7.25951 4
      vertex 13.5816 -7.25951 39.8
    endloop
  endfacet
  facet normal 0.870067 -0.492933 0
    outer loop
      vertex 13.5816 -7.25951 4
      vertex 13.209 -7.91718 39.8
      vertex 13.209 -7.91718 4
    endloop
  endfacet
  facet normal -0.266712 -0.963776 0
    outer loop
      vertex -4.47038 -14.7369 4
      vertex -3.74189 -14.9385 39.8
      vertex -4.47038 -14.7369 39.8
    endloop
  endfacet
  facet normal -0.266712 -0.963776 -0
    outer loop
      vertex -3.74189 -14.9385 39.8
      vertex -4.47038 -14.7369 4
      vertex -3.74189 -14.9385 4
    endloop
  endfacet
  facet normal -0.492933 -0.870067 0
    outer loop
      vertex -7.91718 -13.209 4
      vertex -7.25951 -13.5816 39.8
      vertex -7.91718 -13.209 39.8
    endloop
  endfacet
  facet normal -0.492933 -0.870067 -0
    outer loop
      vertex -7.25951 -13.5816 39.8
      vertex -7.91718 -13.209 4
      vertex -7.25951 -13.5816 4
    endloop
  endfacet
  facet normal -0.359972 0.932963 0
    outer loop
      vertex -5.1881 14.4998 4
      vertex -5.89332 14.2277 39.8
      vertex -5.1881 14.4998 39.8
    endloop
  endfacet
  facet normal -0.359972 0.932963 0
    outer loop
      vertex -5.89332 14.2277 39.8
      vertex -5.1881 14.4998 4
      vertex -5.89332 14.2277 4
    endloop
  endfacet
  facet normal 0.653246 0.757146 -0
    outer loop
      vertex 10.342 11.4106 4
      vertex 9.76966 11.9044 39.8
      vertex 10.342 11.4106 39.8
    endloop
  endfacet
  facet normal 0.653246 0.757146 0
    outer loop
      vertex 9.76966 11.9044 39.8
      vertex 10.342 11.4106 4
      vertex 9.76966 11.9044 4
    endloop
  endfacet
  facet normal -0.997291 -0.073558 0
    outer loop
      vertex -15.3258 -1.50946 4
      vertex -15.3814 -0.755642 39.8
      vertex -15.3814 -0.755642 4
    endloop
  endfacet
  facet normal -0.997291 -0.073558 0
    outer loop
      vertex -15.3814 -0.755642 39.8
      vertex -15.3258 -1.50946 4
      vertex -15.3258 -1.50946 39.8
    endloop
  endfacet
  facet normal -0.17093 0.985283 0
    outer loop
      vertex -2.25965 15.2333 4
      vertex -3.00439 15.1041 39.8
      vertex -2.25965 15.2333 39.8
    endloop
  endfacet
  facet normal -0.17093 0.985283 0
    outer loop
      vertex -3.00439 15.1041 39.8
      vertex -2.25965 15.2333 4
      vertex -3.00439 15.1041 4
    endloop
  endfacet
  facet normal -0.757146 0.653246 0
    outer loop
      vertex -11.9044 9.76966 4
      vertex -11.4106 10.342 39.8
      vertex -11.4106 10.342 4
    endloop
  endfacet
  facet normal -0.757146 0.653246 0
    outer loop
      vertex -11.4106 10.342 39.8
      vertex -11.9044 9.76966 4
      vertex -11.9044 9.76966 39.8
    endloop
  endfacet
  facet normal 0.313679 -0.949529 0
    outer loop
      vertex 4.47038 -14.7369 4
      vertex 5.1881 -14.4998 39.8
      vertex 4.47038 -14.7369 39.8
    endloop
  endfacet
  facet normal 0.313679 -0.949529 0
    outer loop
      vertex 5.1881 -14.4998 39.8
      vertex 4.47038 -14.7369 4
      vertex 5.1881 -14.4998 4
    endloop
  endfacet
  facet normal -0.653246 0.757146 0
    outer loop
      vertex -9.76966 11.9044 4
      vertex -10.342 11.4106 39.8
      vertex -9.76966 11.9044 39.8
    endloop
  endfacet
  facet normal -0.653246 0.757146 0
    outer loop
      vertex -10.342 11.4106 39.8
      vertex -9.76966 11.9044 4
      vertex -10.342 11.4106 4
    endloop
  endfacet
  facet normal 0.914216 0.405227 0
    outer loop
      vertex 14.2277 5.89332 39.8
      vertex 13.9214 6.58435 4
      vertex 13.9214 6.58435 39.8
    endloop
  endfacet
  facet normal 0.914216 0.405227 0
    outer loop
      vertex 13.9214 6.58435 4
      vertex 14.2277 5.89332 39.8
      vertex 14.2277 5.89332 4
    endloop
  endfacet
  facet normal -0.449562 0.893249 0
    outer loop
      vertex -6.58435 13.9214 4
      vertex -7.25951 13.5816 39.8
      vertex -6.58435 13.9214 39.8
    endloop
  endfacet
  facet normal -0.449562 0.893249 0
    outer loop
      vertex -7.25951 13.5816 39.8
      vertex -6.58435 13.9214 4
      vertex -7.25951 13.5816 4
    endloop
  endfacet
  facet normal 0.914216 -0.405227 0
    outer loop
      vertex 13.9214 -6.58435 39.8
      vertex 14.2277 -5.89332 4
      vertex 14.2277 -5.89332 39.8
    endloop
  endfacet
  facet normal 0.914216 -0.405227 0
    outer loop
      vertex 14.2277 -5.89332 4
      vertex 13.9214 -6.58435 39.8
      vertex 13.9214 -6.58435 4
    endloop
  endfacet
  facet normal -0.870067 0.492933 0
    outer loop
      vertex -13.5816 7.25951 4
      vertex -13.209 7.91718 39.8
      vertex -13.209 7.91718 4
    endloop
  endfacet
  facet normal -0.870067 0.492933 0
    outer loop
      vertex -13.209 7.91718 39.8
      vertex -13.5816 7.25951 4
      vertex -13.5816 7.25951 39.8
    endloop
  endfacet
  facet normal 0.689563 -0.724226 0
    outer loop
      vertex 10.342 -11.4106 4
      vertex 10.8894 -10.8894 39.8
      vertex 10.342 -11.4106 39.8
    endloop
  endfacet
  facet normal 0.689563 -0.724226 0
    outer loop
      vertex 10.8894 -10.8894 39.8
      vertex 10.342 -11.4106 4
      vertex 10.8894 -10.8894 4
    endloop
  endfacet
  facet normal -0.0246074 0.999697 0
    outer loop
      vertex 0 15.4 4
      vertex -0.755642 15.3814 39.8
      vertex 0 15.4 39.8
    endloop
  endfacet
  facet normal -0.0246074 0.999697 0
    outer loop
      vertex -0.755642 15.3814 39.8
      vertex 0 15.4 4
      vertex -0.755642 15.3814 4
    endloop
  endfacet
  facet normal -0.975705 0.219087 0
    outer loop
      vertex -15.1041 3.00439 4
      vertex -14.9385 3.74189 39.8
      vertex -14.9385 3.74189 4
    endloop
  endfacet
  facet normal -0.975705 0.219087 0
    outer loop
      vertex -14.9385 3.74189 39.8
      vertex -15.1041 3.00439 4
      vertex -15.1041 3.00439 39.8
    endloop
  endfacet
  facet normal -0.0246074 -0.999697 0
    outer loop
      vertex -0.755642 -15.3814 4
      vertex 0 -15.4 39.8
      vertex -0.755642 -15.3814 39.8
    endloop
  endfacet
  facet normal -0.0246074 -0.999697 -0
    outer loop
      vertex 0 -15.4 39.8
      vertex -0.755642 -15.3814 4
      vertex 0 -15.4 4
    endloop
  endfacet
  facet normal 0.689563 0.724226 -0
    outer loop
      vertex 10.8894 10.8894 4
      vertex 10.342 11.4106 39.8
      vertex 10.8894 10.8894 39.8
    endloop
  endfacet
  facet normal 0.689563 0.724226 0
    outer loop
      vertex 10.342 11.4106 39.8
      vertex 10.8894 10.8894 4
      vertex 10.342 11.4106 4
    endloop
  endfacet
  facet normal -0.985283 -0.17093 0
    outer loop
      vertex -15.1041 -3.00439 4
      vertex -15.2333 -2.25965 39.8
      vertex -15.2333 -2.25965 4
    endloop
  endfacet
  facet normal -0.985283 -0.17093 0
    outer loop
      vertex -15.2333 -2.25965 39.8
      vertex -15.1041 -3.00439 4
      vertex -15.1041 -3.00439 39.8
    endloop
  endfacet
  facet normal 0.449562 0.893249 -0
    outer loop
      vertex 7.25951 13.5816 4
      vertex 6.58435 13.9214 39.8
      vertex 7.25951 13.5816 39.8
    endloop
  endfacet
  facet normal 0.449562 0.893249 0
    outer loop
      vertex 6.58435 13.9214 39.8
      vertex 7.25951 13.5816 4
      vertex 6.58435 13.9214 4
    endloop
  endfacet
  facet normal -0.575775 -0.817608 0
    outer loop
      vertex -9.17377 -12.3694 4
      vertex -8.55578 -12.8046 39.8
      vertex -9.17377 -12.3694 39.8
    endloop
  endfacet
  facet normal -0.575775 -0.817608 -0
    outer loop
      vertex -8.55578 -12.8046 39.8
      vertex -9.17377 -12.3694 4
      vertex -8.55578 -12.8046 4
    endloop
  endfacet
  facet normal -0.219087 -0.975705 0
    outer loop
      vertex -3.74189 -14.9385 4
      vertex -3.00439 -15.1041 39.8
      vertex -3.74189 -14.9385 39.8
    endloop
  endfacet
  facet normal -0.219087 -0.975705 -0
    outer loop
      vertex -3.00439 -15.1041 39.8
      vertex -3.74189 -14.9385 4
      vertex -3.00439 -15.1041 4
    endloop
  endfacet
  facet normal -0.949529 0.313679 0
    outer loop
      vertex -14.7369 4.47038 4
      vertex -14.4998 5.1881 39.8
      vertex -14.4998 5.1881 4
    endloop
  endfacet
  facet normal -0.949529 0.313679 0
    outer loop
      vertex -14.4998 5.1881 39.8
      vertex -14.7369 4.47038 4
      vertex -14.7369 4.47038 39.8
    endloop
  endfacet
  facet normal 0.266712 -0.963776 0
    outer loop
      vertex 3.74189 -14.9385 4
      vertex 4.47038 -14.7369 39.8
      vertex 3.74189 -14.9385 39.8
    endloop
  endfacet
  facet normal 0.266712 -0.963776 0
    outer loop
      vertex 4.47038 -14.7369 39.8
      vertex 3.74189 -14.9385 4
      vertex 4.47038 -14.7369 4
    endloop
  endfacet
  facet normal 0.893249 -0.449562 0
    outer loop
      vertex 13.5816 -7.25951 39.8
      vertex 13.9214 -6.58435 4
      vertex 13.9214 -6.58435 39.8
    endloop
  endfacet
  facet normal 0.893249 -0.449562 0
    outer loop
      vertex 13.9214 -6.58435 4
      vertex 13.5816 -7.25951 39.8
      vertex 13.5816 -7.25951 4
    endloop
  endfacet
  facet normal 0.073558 0.997291 -0
    outer loop
      vertex 1.50946 15.3258 4
      vertex 0.755642 15.3814 39.8
      vertex 1.50946 15.3258 39.8
    endloop
  endfacet
  facet normal 0.073558 0.997291 0
    outer loop
      vertex 0.755642 15.3814 39.8
      vertex 1.50946 15.3258 4
      vertex 0.755642 15.3814 4
    endloop
  endfacet
  facet normal -0.844847 0.535008 0
    outer loop
      vertex -13.209 7.91718 4
      vertex -12.8046 8.55578 39.8
      vertex -12.8046 8.55578 4
    endloop
  endfacet
  facet normal -0.844847 0.535008 0
    outer loop
      vertex -12.8046 8.55578 39.8
      vertex -13.209 7.91718 4
      vertex -13.209 7.91718 39.8
    endloop
  endfacet
  facet normal -0.492933 0.870067 0
    outer loop
      vertex -7.25951 13.5816 4
      vertex -7.91718 13.209 39.8
      vertex -7.25951 13.5816 39.8
    endloop
  endfacet
  facet normal -0.492933 0.870067 0
    outer loop
      vertex -7.91718 13.209 39.8
      vertex -7.25951 13.5816 4
      vertex -7.91718 13.209 4
    endloop
  endfacet
  facet normal -0.219087 0.975705 0
    outer loop
      vertex -3.00439 15.1041 4
      vertex -3.74189 14.9385 39.8
      vertex -3.00439 15.1041 39.8
    endloop
  endfacet
  facet normal -0.219087 0.975705 0
    outer loop
      vertex -3.74189 14.9385 39.8
      vertex -3.00439 15.1041 4
      vertex -3.74189 14.9385 4
    endloop
  endfacet
  facet normal -0.985283 0.17093 0
    outer loop
      vertex -15.2333 2.25965 4
      vertex -15.1041 3.00439 39.8
      vertex -15.1041 3.00439 4
    endloop
  endfacet
  facet normal -0.985283 0.17093 0
    outer loop
      vertex -15.1041 3.00439 39.8
      vertex -15.2333 2.25965 4
      vertex -15.2333 2.25965 39.8
    endloop
  endfacet
  facet normal -0.992484 0.122375 0
    outer loop
      vertex -15.3258 1.50946 4
      vertex -15.2333 2.25965 39.8
      vertex -15.2333 2.25965 4
    endloop
  endfacet
  facet normal -0.992484 0.122375 0
    outer loop
      vertex -15.2333 2.25965 39.8
      vertex -15.3258 1.50946 4
      vertex -15.3258 1.50946 39.8
    endloop
  endfacet
  facet normal 0.757146 0.653246 0
    outer loop
      vertex 11.9044 9.76966 39.8
      vertex 11.4106 10.342 4
      vertex 11.4106 10.342 39.8
    endloop
  endfacet
  facet normal 0.757146 0.653246 0
    outer loop
      vertex 11.4106 10.342 4
      vertex 11.9044 9.76966 39.8
      vertex 11.9044 9.76966 4
    endloop
  endfacet
  facet normal -0.122375 -0.992484 0
    outer loop
      vertex -2.25965 -15.2333 4
      vertex -1.50946 -15.3258 39.8
      vertex -2.25965 -15.2333 39.8
    endloop
  endfacet
  facet normal -0.122375 -0.992484 -0
    outer loop
      vertex -1.50946 -15.3258 39.8
      vertex -2.25965 -15.2333 4
      vertex -1.50946 -15.3258 4
    endloop
  endfacet
  facet normal 0.78837 -0.615201 0
    outer loop
      vertex 11.9044 -9.76966 39.8
      vertex 12.3694 -9.17377 4
      vertex 12.3694 -9.17377 39.8
    endloop
  endfacet
  facet normal 0.78837 -0.615201 0
    outer loop
      vertex 12.3694 -9.17377 4
      vertex 11.9044 -9.76966 39.8
      vertex 11.9044 -9.76966 4
    endloop
  endfacet
  facet normal -0.073558 -0.997291 0
    outer loop
      vertex -1.50946 -15.3258 4
      vertex -0.755642 -15.3814 39.8
      vertex -1.50946 -15.3258 39.8
    endloop
  endfacet
  facet normal -0.073558 -0.997291 -0
    outer loop
      vertex -0.755642 -15.3814 39.8
      vertex -1.50946 -15.3258 4
      vertex -0.755642 -15.3814 4
    endloop
  endfacet
  facet normal -0.266712 0.963776 0
    outer loop
      vertex -3.74189 14.9385 4
      vertex -4.47038 14.7369 39.8
      vertex -3.74189 14.9385 39.8
    endloop
  endfacet
  facet normal -0.266712 0.963776 0
    outer loop
      vertex -4.47038 14.7369 39.8
      vertex -3.74189 14.9385 4
      vertex -4.47038 14.7369 4
    endloop
  endfacet
  facet normal -0.449562 -0.893249 0
    outer loop
      vertex -7.25951 -13.5816 4
      vertex -6.58435 -13.9214 39.8
      vertex -7.25951 -13.5816 39.8
    endloop
  endfacet
  facet normal -0.449562 -0.893249 -0
    outer loop
      vertex -6.58435 -13.9214 39.8
      vertex -7.25951 -13.5816 4
      vertex -6.58435 -13.9214 4
    endloop
  endfacet
  facet normal -0.78837 0.615201 0
    outer loop
      vertex -12.3694 9.17377 4
      vertex -11.9044 9.76966 39.8
      vertex -11.9044 9.76966 4
    endloop
  endfacet
  facet normal -0.78837 0.615201 0
    outer loop
      vertex -11.9044 9.76966 39.8
      vertex -12.3694 9.17377 4
      vertex -12.3694 9.17377 39.8
    endloop
  endfacet
  facet normal -0.817608 -0.575775 0
    outer loop
      vertex -12.3694 -9.17377 4
      vertex -12.8046 -8.55578 39.8
      vertex -12.8046 -8.55578 4
    endloop
  endfacet
  facet normal -0.817608 -0.575775 0
    outer loop
      vertex -12.8046 -8.55578 39.8
      vertex -12.3694 -9.17377 4
      vertex -12.3694 -9.17377 39.8
    endloop
  endfacet
  facet normal 0.17093 0.985283 -0
    outer loop
      vertex 3.00439 15.1041 4
      vertex 2.25965 15.2333 39.8
      vertex 3.00439 15.1041 39.8
    endloop
  endfacet
  facet normal 0.17093 0.985283 0
    outer loop
      vertex 2.25965 15.2333 39.8
      vertex 3.00439 15.1041 4
      vertex 2.25965 15.2333 4
    endloop
  endfacet
  facet normal -0.963776 0.266712 0
    outer loop
      vertex -14.9385 3.74189 4
      vertex -14.7369 4.47038 39.8
      vertex -14.7369 4.47038 4
    endloop
  endfacet
  facet normal -0.963776 0.266712 0
    outer loop
      vertex -14.7369 4.47038 39.8
      vertex -14.9385 3.74189 4
      vertex -14.9385 3.74189 39.8
    endloop
  endfacet
  facet normal -0.724226 0.689563 0
    outer loop
      vertex -11.4106 10.342 4
      vertex -10.8894 10.8894 39.8
      vertex -10.8894 10.8894 4
    endloop
  endfacet
  facet normal -0.724226 0.689563 0
    outer loop
      vertex -10.8894 10.8894 39.8
      vertex -11.4106 10.342 4
      vertex -11.4106 10.342 39.8
    endloop
  endfacet
  facet normal 0.219087 0.975705 -0
    outer loop
      vertex 3.74189 14.9385 4
      vertex 3.00439 15.1041 39.8
      vertex 3.74189 14.9385 39.8
    endloop
  endfacet
  facet normal 0.219087 0.975705 0
    outer loop
      vertex 3.00439 15.1041 39.8
      vertex 3.74189 14.9385 4
      vertex 3.00439 15.1041 4
    endloop
  endfacet
  facet normal 0.219087 -0.975705 0
    outer loop
      vertex 3.00439 -15.1041 4
      vertex 3.74189 -14.9385 39.8
      vertex 3.00439 -15.1041 39.8
    endloop
  endfacet
  facet normal 0.219087 -0.975705 0
    outer loop
      vertex 3.74189 -14.9385 39.8
      vertex 3.00439 -15.1041 4
      vertex 3.74189 -14.9385 4
    endloop
  endfacet
  facet normal -0.963776 -0.266712 0
    outer loop
      vertex -14.7369 -4.47038 4
      vertex -14.9385 -3.74189 39.8
      vertex -14.9385 -3.74189 4
    endloop
  endfacet
  facet normal -0.963776 -0.266712 0
    outer loop
      vertex -14.9385 -3.74189 39.8
      vertex -14.7369 -4.47038 4
      vertex -14.7369 -4.47038 39.8
    endloop
  endfacet
  facet normal -0.914216 0.405227 0
    outer loop
      vertex -14.2277 5.89332 4
      vertex -13.9214 6.58435 39.8
      vertex -13.9214 6.58435 4
    endloop
  endfacet
  facet normal -0.914216 0.405227 0
    outer loop
      vertex -13.9214 6.58435 39.8
      vertex -14.2277 5.89332 4
      vertex -14.2277 5.89332 39.8
    endloop
  endfacet
  facet normal -0.405227 0.914216 0
    outer loop
      vertex -5.89332 14.2277 4
      vertex -6.58435 13.9214 39.8
      vertex -5.89332 14.2277 39.8
    endloop
  endfacet
  facet normal -0.405227 0.914216 0
    outer loop
      vertex -6.58435 13.9214 39.8
      vertex -5.89332 14.2277 4
      vertex -6.58435 13.9214 4
    endloop
  endfacet
  facet normal -0.893249 -0.449562 0
    outer loop
      vertex -13.5816 -7.25951 4
      vertex -13.9214 -6.58435 39.8
      vertex -13.9214 -6.58435 4
    endloop
  endfacet
  facet normal -0.893249 -0.449562 0
    outer loop
      vertex -13.9214 -6.58435 39.8
      vertex -13.5816 -7.25951 4
      vertex -13.5816 -7.25951 39.8
    endloop
  endfacet
  facet normal -0.405227 -0.914216 0
    outer loop
      vertex -6.58435 -13.9214 4
      vertex -5.89332 -14.2277 39.8
      vertex -6.58435 -13.9214 39.8
    endloop
  endfacet
  facet normal -0.405227 -0.914216 -0
    outer loop
      vertex -5.89332 -14.2277 39.8
      vertex -6.58435 -13.9214 4
      vertex -5.89332 -14.2277 4
    endloop
  endfacet
  facet normal 0.707 0.0174027 0.707
    outer loop
      vertex 15.3814 0.755642 39.8
      vertex 14.4 0 40.8
      vertex 15.4 0 39.8
    endloop
  endfacet
  facet normal 0.0520237 -0.705331 0.706967
    outer loop
      vertex 1.50946 -15.3258 39.8
      vertex 0.706574 -14.3827 40.8
      vertex 0.755642 -15.3814 39.8
    endloop
  endfacet
  facet normal 0.286581 0.646542 0.707004
    outer loop
      vertex 6.58435 13.9214 39.8
      vertex 5.89332 14.2277 39.8
      vertex 6.15679 13.0174 40.8
    endloop
  endfacet
  facet normal -0.615335 0.348607 0.706991
    outer loop
      vertex -12.3513 7.40308 40.8
      vertex -13.209 7.91718 39.8
      vertex -12.6997 6.78811 40.8
    endloop
  endfacet
  facet normal -0.578225 -0.407197 0.706998
    outer loop
      vertex -11.5662 -8.57807 40.8
      vertex -12.8046 -8.55578 39.8
      vertex -12.3694 -9.17377 39.8
    endloop
  endfacet
  facet normal -0.512194 -0.487679 0.706985
    outer loop
      vertex -10.6697 -9.67045 40.8
      vertex -11.4106 -10.342 39.8
      vertex -10.8894 -10.8894 39.8
    endloop
  endfacet
  facet normal 0.120873 -0.696802 0.707005
    outer loop
      vertex 2.8093 -14.1233 40.8
      vertex 2.11292 -14.2441 40.8
      vertex 3.00439 -15.1041 39.8
    endloop
  endfacet
  facet normal -0.154991 -0.690016 0.707005
    outer loop
      vertex -2.8093 -14.1233 40.8
      vertex -3.49891 -13.9684 40.8
      vertex -3.00439 -15.1041 39.8
    endloop
  endfacet
  facet normal 0.37837 0.597495 0.706991
    outer loop
      vertex 7.91718 13.209 39.8
      vertex 7.40308 12.3513 40.8
      vertex 8.55578 12.8046 39.8
    endloop
  endfacet
  facet normal 0.25457 0.659787 0.707018
    outer loop
      vertex 5.1881 14.4998 39.8
      vertex 4.85121 13.5582 40.8
      vertex 5.89332 14.2277 39.8
    endloop
  endfacet
  facet normal -0.557547 0.435079 0.706999
    outer loop
      vertex -11.9044 9.76966 39.8
      vertex -12.3694 9.17377 39.8
      vertex -11.5662 8.57807 40.8
    endloop
  endfacet
  facet normal 0.37837 -0.597495 0.706991
    outer loop
      vertex 8.55578 -12.8046 39.8
      vertex 7.40308 -12.3513 40.8
      vertex 7.91718 -13.209 39.8
    endloop
  endfacet
  facet normal 0.317939 -0.631724 0.706994
    outer loop
      vertex 6.78811 -12.6997 40.8
      vertex 6.58435 -13.9214 39.8
      vertex 7.25951 -13.5816 39.8
    endloop
  endfacet
  facet normal -0.487695 -0.51216 0.706998
    outer loop
      vertex -10.1823 -10.1823 40.8
      vertex -10.8894 -10.8894 39.8
      vertex -9.67045 -10.6697 40.8
    endloop
  endfacet
  facet normal -0.37837 -0.597495 0.706991
    outer loop
      vertex -7.40308 -12.3513 40.8
      vertex -8.55578 -12.8046 39.8
      vertex -7.91718 -13.209 39.8
    endloop
  endfacet
  facet normal 0.659787 0.25457 0.707018
    outer loop
      vertex 14.2277 5.89332 39.8
      vertex 13.5582 4.85121 40.8
      vertex 14.4998 5.1881 39.8
    endloop
  endfacet
  facet normal -0.348612 -0.615329 0.706994
    outer loop
      vertex -6.78811 -12.6997 40.8
      vertex -7.91718 -13.209 39.8
      vertex -7.25951 -13.5816 39.8
    endloop
  endfacet
  facet normal -0.671503 0.22183 0.707019
    outer loop
      vertex -13.5582 4.85121 40.8
      vertex -14.4998 5.1881 39.8
      vertex -13.7799 4.1801 40.8
    endloop
  endfacet
  facet normal -0.317905 -0.631728 0.707005
    outer loop
      vertex -6.15679 -13.0174 40.8
      vertex -6.78811 -12.6997 40.8
      vertex -6.58435 -13.9214 39.8
    endloop
  endfacet
  facet normal 0.487695 0.51216 0.706998
    outer loop
      vertex 10.8894 10.8894 39.8
      vertex 9.67045 10.6697 40.8
      vertex 10.1823 10.1823 40.8
    endloop
  endfacet
  facet normal -0.0173113 -0.707036 0.706966
    outer loop
      vertex -0.706574 -14.3827 40.8
      vertex -0.755642 -15.3814 39.8
      vertex 0 -14.4 40.8
    endloop
  endfacet
  facet normal 0.221832 0.671501 0.70702
    outer loop
      vertex 4.47038 14.7369 39.8
      vertex 4.1801 13.7799 40.8
      vertex 5.1881 14.4998 39.8
    endloop
  endfacet
  facet normal 0.221832 -0.671501 0.70702
    outer loop
      vertex 5.1881 -14.4998 39.8
      vertex 4.1801 -13.7799 40.8
      vertex 4.47038 -14.7369 39.8
    endloop
  endfacet
  facet normal 0.681576 -0.188617 0.70702
    outer loop
      vertex 14.9385 -3.74189 39.8
      vertex 13.7799 -4.1801 40.8
      vertex 14.7369 -4.47038 39.8
    endloop
  endfacet
  facet normal -0.286581 -0.646542 0.707004
    outer loop
      vertex -6.15679 -13.0174 40.8
      vertex -6.58435 -13.9214 39.8
      vertex -5.89332 -14.2277 39.8
    endloop
  endfacet
  facet normal -0.0865445 0.70189 0.707008
    outer loop
      vertex -1.50946 15.3258 39.8
      vertex -2.25965 15.2333 39.8
      vertex -2.11292 14.2441 40.8
    endloop
  endfacet
  facet normal -0.701916 0.086655 0.706969
    outer loop
      vertex -14.2441 2.11292 40.8
      vertex -15.3258 1.50946 39.8
      vertex -14.3307 1.41145 40.8
    endloop
  endfacet
  facet normal 0.681576 0.188617 0.70702
    outer loop
      vertex 14.7369 4.47038 39.8
      vertex 13.7799 4.1801 40.8
      vertex 14.9385 3.74189 39.8
    endloop
  endfacet
  facet normal 0.348612 0.615329 0.706994
    outer loop
      vertex 7.25951 13.5816 39.8
      vertex 6.78811 12.6997 40.8
      vertex 7.91718 13.209 39.8
    endloop
  endfacet
  facet normal 0.512194 -0.487679 0.706985
    outer loop
      vertex 11.4106 -10.342 39.8
      vertex 10.6697 -9.67045 40.8
      vertex 10.8894 -10.8894 39.8
    endloop
  endfacet
  facet normal -0.659787 -0.25457 0.707018
    outer loop
      vertex -13.5582 -4.85121 40.8
      vertex -14.4998 -5.1881 39.8
      vertex -14.2277 -5.89332 39.8
    endloop
  endfacet
  facet normal 0.659874 0.254471 0.706973
    outer loop
      vertex 14.2277 5.89332 39.8
      vertex 13.3039 5.51064 40.8
      vertex 13.5582 4.85121 40.8
    endloop
  endfacet
  facet normal 0.461958 -0.535489 0.706999
    outer loop
      vertex 9.67045 -10.6697 40.8
      vertex 9.13526 -11.1314 40.8
      vertex 9.76966 -11.9044 39.8
    endloop
  endfacet
  facet normal 0.188607 0.681575 0.707024
    outer loop
      vertex 3.74189 14.9385 39.8
      vertex 3.49891 13.9684 40.8
      vertex 4.1801 13.7799 40.8
    endloop
  endfacet
  facet normal -0.646542 -0.286581 0.707004
    outer loop
      vertex -13.0174 -6.15679 40.8
      vertex -14.2277 -5.89332 39.8
      vertex -13.9214 -6.58435 39.8
    endloop
  endfacet
  facet normal -0.707036 0.0173113 0.706966
    outer loop
      vertex -14.3827 0.706574 40.8
      vertex -15.3814 0.755642 39.8
      vertex -14.4 0 40.8
    endloop
  endfacet
  facet normal -0.707 -0.0174027 0.707
    outer loop
      vertex -14.4 0 40.8
      vertex -15.4 0 39.8
      vertex -15.3814 -0.755642 39.8
    endloop
  endfacet
  facet normal 0.461994 -0.535475 0.706985
    outer loop
      vertex 10.342 -11.4106 39.8
      vertex 9.67045 -10.6697 40.8
      vertex 9.76966 -11.9044 39.8
    endloop
  endfacet
  facet normal -0.512194 0.487679 0.706985
    outer loop
      vertex -10.8894 10.8894 39.8
      vertex -11.4106 10.342 39.8
      vertex -10.6697 9.67045 40.8
    endloop
  endfacet
  facet normal -0.705327 0.0520332 0.70697
    outer loop
      vertex -14.3307 1.41145 40.8
      vertex -15.3258 1.50946 39.8
      vertex -14.3827 0.706574 40.8
    endloop
  endfacet
  facet normal 0.407197 0.578225 0.706998
    outer loop
      vertex 9.17377 12.3694 39.8
      vertex 8.55578 12.8046 39.8
      vertex 8.57807 11.5662 40.8
    endloop
  endfacet
  facet normal 0.51216 -0.487695 0.706998
    outer loop
      vertex 10.6697 -9.67045 40.8
      vertex 10.1823 -10.1823 40.8
      vertex 10.8894 -10.8894 39.8
    endloop
  endfacet
  facet normal -0.51216 0.487695 0.706998
    outer loop
      vertex -10.1823 10.1823 40.8
      vertex -10.8894 10.8894 39.8
      vertex -10.6697 9.67045 40.8
    endloop
  endfacet
  facet normal -0.0520332 0.705327 0.70697
    outer loop
      vertex -0.706574 14.3827 40.8
      vertex -1.50946 15.3258 39.8
      vertex -1.41145 14.3307 40.8
    endloop
  endfacet
  facet normal -0.597495 -0.37837 0.706991
    outer loop
      vertex -12.3513 -7.40308 40.8
      vertex -13.209 -7.91718 39.8
      vertex -12.8046 -8.55578 39.8
    endloop
  endfacet
  facet normal -0.435079 0.557548 0.706998
    outer loop
      vertex -8.57807 11.5662 40.8
      vertex -9.76966 11.9044 39.8
      vertex -9.13526 11.1314 40.8
    endloop
  endfacet
  facet normal 0.512194 0.487679 0.706985
    outer loop
      vertex 10.8894 10.8894 39.8
      vertex 10.6697 9.67045 40.8
      vertex 11.4106 10.342 39.8
    endloop
  endfacet
  facet normal 0.317939 0.631724 0.706994
    outer loop
      vertex 7.25951 13.5816 39.8
      vertex 6.58435 13.9214 39.8
      vertex 6.78811 12.6997 40.8
    endloop
  endfacet
  facet normal -0.407248 -0.578212 0.70698
    outer loop
      vertex -8.00021 -11.9732 40.8
      vertex -8.57807 -11.5662 40.8
      vertex -8.55578 -12.8046 39.8
    endloop
  endfacet
  facet normal -0.286671 0.646536 0.706973
    outer loop
      vertex -5.89332 14.2277 39.8
      vertex -6.15679 13.0174 40.8
      vertex -5.51064 13.3039 40.8
    endloop
  endfacet
  facet normal -0.0865445 -0.70189 0.707008
    outer loop
      vertex -2.11292 -14.2441 40.8
      vertex -2.25965 -15.2333 39.8
      vertex -1.50946 -15.3258 39.8
    endloop
  endfacet
  facet normal -0.407248 0.578212 0.70698
    outer loop
      vertex -8.55578 12.8046 39.8
      vertex -8.57807 11.5662 40.8
      vertex -8.00021 11.9732 40.8
    endloop
  endfacet
  facet normal -0.317939 0.631724 0.706994
    outer loop
      vertex -6.58435 13.9214 39.8
      vertex -7.25951 13.5816 39.8
      vertex -6.78811 12.6997 40.8
    endloop
  endfacet
  facet normal 0.690009 -0.154936 0.707024
    outer loop
      vertex 15.1041 -3.00439 39.8
      vertex 13.9684 -3.49891 40.8
      vertex 14.9385 -3.74189 39.8
    endloop
  endfacet
  facet normal -0.681575 0.188607 0.707024
    outer loop
      vertex -13.7799 4.1801 40.8
      vertex -14.9385 3.74189 39.8
      vertex -13.9684 3.49891 40.8
    endloop
  endfacet
  facet normal -0.646542 0.286581 0.707004
    outer loop
      vertex -13.9214 6.58435 39.8
      vertex -14.2277 5.89332 39.8
      vertex -13.0174 6.15679 40.8
    endloop
  endfacet
  facet normal 0.557547 0.435079 0.706999
    outer loop
      vertex 11.9044 9.76966 39.8
      vertex 11.5662 8.57807 40.8
      vertex 12.3694 9.17377 39.8
    endloop
  endfacet
  facet normal -0.348612 0.615329 0.706994
    outer loop
      vertex -7.25951 13.5816 39.8
      vertex -7.91718 13.209 39.8
      vertex -6.78811 12.6997 40.8
    endloop
  endfacet
  facet normal 0.707 -0.0174027 0.707
    outer loop
      vertex 15.4 0 39.8
      vertex 14.4 0 40.8
      vertex 15.3814 -0.755642 39.8
    endloop
  endfacet
  facet normal -0.597495 0.37837 0.706991
    outer loop
      vertex -12.8046 8.55578 39.8
      vertex -13.209 7.91718 39.8
      vertex -12.3513 7.40308 40.8
    endloop
  endfacet
  facet normal 0.461958 0.535489 0.706999
    outer loop
      vertex 9.76966 11.9044 39.8
      vertex 9.13526 11.1314 40.8
      vertex 9.67045 10.6697 40.8
    endloop
  endfacet
  facet normal 0.51216 0.487695 0.706998
    outer loop
      vertex 10.8894 10.8894 39.8
      vertex 10.1823 10.1823 40.8
      vertex 10.6697 9.67045 40.8
    endloop
  endfacet
  facet normal -0.086655 0.701916 0.706969
    outer loop
      vertex -1.50946 15.3258 39.8
      vertex -2.11292 14.2441 40.8
      vertex -1.41145 14.3307 40.8
    endloop
  endfacet
  facet normal -0.317939 -0.631724 0.706994
    outer loop
      vertex -6.78811 -12.6997 40.8
      vertex -7.25951 -13.5816 39.8
      vertex -6.58435 -13.9214 39.8
    endloop
  endfacet
  facet normal 0.254471 0.659874 0.706973
    outer loop
      vertex 5.89332 14.2277 39.8
      vertex 4.85121 13.5582 40.8
      vertex 5.51064 13.3039 40.8
    endloop
  endfacet
  facet normal -0.0520332 -0.705327 0.70697
    outer loop
      vertex -1.41145 -14.3307 40.8
      vertex -1.50946 -15.3258 39.8
      vertex -0.706574 -14.3827 40.8
    endloop
  endfacet
  facet normal 0.696797 -0.120883 0.707009
    outer loop
      vertex 15.2333 -2.25965 39.8
      vertex 14.2441 -2.11292 40.8
      vertex 15.1041 -3.00439 39.8
    endloop
  endfacet
  facet normal -0.631724 0.317939 0.706994
    outer loop
      vertex -13.5816 7.25951 39.8
      vertex -13.9214 6.58435 39.8
      vertex -12.6997 6.78811 40.8
    endloop
  endfacet
  facet normal 0.631728 0.317905 0.707005
    outer loop
      vertex 13.9214 6.58435 39.8
      vertex 12.6997 6.78811 40.8
      vertex 13.0174 6.15679 40.8
    endloop
  endfacet
  facet normal 0.681575 0.188607 0.707024
    outer loop
      vertex 14.9385 3.74189 39.8
      vertex 13.7799 4.1801 40.8
      vertex 13.9684 3.49891 40.8
    endloop
  endfacet
  facet normal -0.286671 -0.646536 0.706973
    outer loop
      vertex -5.51064 -13.3039 40.8
      vertex -6.15679 -13.0174 40.8
      vertex -5.89332 -14.2277 39.8
    endloop
  endfacet
  facet normal 0.487679 -0.512194 0.706985
    outer loop
      vertex 10.8894 -10.8894 39.8
      vertex 9.67045 -10.6697 40.8
      vertex 10.342 -11.4106 39.8
    endloop
  endfacet
  facet normal -0.120873 0.696802 0.707005
    outer loop
      vertex -2.11292 14.2441 40.8
      vertex -3.00439 15.1041 39.8
      vertex -2.8093 14.1233 40.8
    endloop
  endfacet
  facet normal -0.535475 0.461994 0.706985
    outer loop
      vertex -11.4106 10.342 39.8
      vertex -11.9044 9.76966 39.8
      vertex -10.6697 9.67045 40.8
    endloop
  endfacet
  facet normal 0.535489 -0.461958 0.706999
    outer loop
      vertex 11.1314 -9.13526 40.8
      vertex 10.6697 -9.67045 40.8
      vertex 11.9044 -9.76966 39.8
    endloop
  endfacet
  facet normal 0.646536 0.286671 0.706973
    outer loop
      vertex 14.2277 5.89332 39.8
      vertex 13.0174 6.15679 40.8
      vertex 13.3039 5.51064 40.8
    endloop
  endfacet
  facet normal -0.407197 0.578225 0.706998
    outer loop
      vertex -8.55578 12.8046 39.8
      vertex -9.17377 12.3694 39.8
      vertex -8.57807 11.5662 40.8
    endloop
  endfacet
  facet normal -0.461994 0.535475 0.706985
    outer loop
      vertex -9.76966 11.9044 39.8
      vertex -10.342 11.4106 39.8
      vertex -9.67045 10.6697 40.8
    endloop
  endfacet
  facet normal -0.286581 0.646542 0.707004
    outer loop
      vertex -5.89332 14.2277 39.8
      vertex -6.58435 13.9214 39.8
      vertex -6.15679 13.0174 40.8
    endloop
  endfacet
  facet normal -0.578225 0.407197 0.706998
    outer loop
      vertex -12.3694 9.17377 39.8
      vertex -12.8046 8.55578 39.8
      vertex -11.5662 8.57807 40.8
    endloop
  endfacet
  facet normal -0.37837 0.597495 0.706991
    outer loop
      vertex -7.91718 13.209 39.8
      vertex -8.55578 12.8046 39.8
      vertex -7.40308 12.3513 40.8
    endloop
  endfacet
  facet normal 0.690009 0.154936 0.707024
    outer loop
      vertex 14.9385 3.74189 39.8
      vertex 13.9684 3.49891 40.8
      vertex 15.1041 3.00439 39.8
    endloop
  endfacet
  facet normal 0.348607 0.615335 0.706991
    outer loop
      vertex 7.91718 13.209 39.8
      vertex 6.78811 12.6997 40.8
      vertex 7.40308 12.3513 40.8
    endloop
  endfacet
  facet normal 0.435079 0.557547 0.706999
    outer loop
      vertex 9.17377 12.3694 39.8
      vertex 8.57807 11.5662 40.8
      vertex 9.76966 11.9044 39.8
    endloop
  endfacet
  facet normal 0.407197 -0.578225 0.706998
    outer loop
      vertex 8.57807 -11.5662 40.8
      vertex 8.55578 -12.8046 39.8
      vertex 9.17377 -12.3694 39.8
    endloop
  endfacet
  facet normal 0.690016 -0.154991 0.707005
    outer loop
      vertex 14.1233 -2.8093 40.8
      vertex 13.9684 -3.49891 40.8
      vertex 15.1041 -3.00439 39.8
    endloop
  endfacet
  facet normal 0.378348 0.597522 0.706979
    outer loop
      vertex 8.55578 12.8046 39.8
      vertex 7.40308 12.3513 40.8
      vertex 8.00021 11.9732 40.8
    endloop
  endfacet
  facet normal -0.378348 -0.597522 0.706979
    outer loop
      vertex -8.00021 -11.9732 40.8
      vertex -8.55578 -12.8046 39.8
      vertex -7.40308 -12.3513 40.8
    endloop
  endfacet
  facet normal 0.435079 0.557548 0.706998
    outer loop
      vertex 9.76966 11.9044 39.8
      vertex 8.57807 11.5662 40.8
      vertex 9.13526 11.1314 40.8
    endloop
  endfacet
  facet normal -0.348607 0.615335 0.706991
    outer loop
      vertex -6.78811 12.6997 40.8
      vertex -7.91718 13.209 39.8
      vertex -7.40308 12.3513 40.8
    endloop
  endfacet
  facet normal 0.535475 0.461994 0.706985
    outer loop
      vertex 11.4106 10.342 39.8
      vertex 10.6697 9.67045 40.8
      vertex 11.9044 9.76966 39.8
    endloop
  endfacet
  facet normal -0.25457 0.659787 0.707018
    outer loop
      vertex -5.1881 14.4998 39.8
      vertex -5.89332 14.2277 39.8
      vertex -4.85121 13.5582 40.8
    endloop
  endfacet
  facet normal -0.646536 0.286671 0.706973
    outer loop
      vertex -13.0174 6.15679 40.8
      vertex -14.2277 5.89332 39.8
      vertex -13.3039 5.51064 40.8
    endloop
  endfacet
  facet normal 0.671501 0.221832 0.70702
    outer loop
      vertex 14.4998 5.1881 39.8
      vertex 13.7799 4.1801 40.8
      vertex 14.7369 4.47038 39.8
    endloop
  endfacet
  facet normal -0.705331 0.0520237 0.706967
    outer loop
      vertex -15.3258 1.50946 39.8
      vertex -15.3814 0.755642 39.8
      vertex -14.3827 0.706574 40.8
    endloop
  endfacet
  facet normal -0.51216 -0.487695 0.706998
    outer loop
      vertex -10.6697 -9.67045 40.8
      vertex -10.8894 -10.8894 39.8
      vertex -10.1823 -10.1823 40.8
    endloop
  endfacet
  facet normal -0.0520237 -0.705331 0.706967
    outer loop
      vertex -0.706574 -14.3827 40.8
      vertex -1.50946 -15.3258 39.8
      vertex -0.755642 -15.3814 39.8
    endloop
  endfacet
  facet normal -0.696797 0.120883 0.707009
    outer loop
      vertex -15.1041 3.00439 39.8
      vertex -15.2333 2.25965 39.8
      vertex -14.2441 2.11292 40.8
    endloop
  endfacet
  facet normal 0.578225 0.407197 0.706998
    outer loop
      vertex 12.3694 9.17377 39.8
      vertex 11.5662 8.57807 40.8
      vertex 12.8046 8.55578 39.8
    endloop
  endfacet
  facet normal -0.659874 0.254471 0.706973
    outer loop
      vertex -13.3039 5.51064 40.8
      vertex -14.2277 5.89332 39.8
      vertex -13.5582 4.85121 40.8
    endloop
  endfacet
  facet normal -0.487695 0.51216 0.706998
    outer loop
      vertex -9.67045 10.6697 40.8
      vertex -10.8894 10.8894 39.8
      vertex -10.1823 10.1823 40.8
    endloop
  endfacet
  facet normal -0.461958 0.535489 0.706999
    outer loop
      vertex -9.13526 11.1314 40.8
      vertex -9.76966 11.9044 39.8
      vertex -9.67045 10.6697 40.8
    endloop
  endfacet
  facet normal 0.597495 0.37837 0.706991
    outer loop
      vertex 12.8046 8.55578 39.8
      vertex 12.3513 7.40308 40.8
      vertex 13.209 7.91718 39.8
    endloop
  endfacet
  facet normal 0.659787 -0.25457 0.707018
    outer loop
      vertex 14.4998 -5.1881 39.8
      vertex 13.5582 -4.85121 40.8
      vertex 14.2277 -5.89332 39.8
    endloop
  endfacet
  facet normal -0.681576 0.188617 0.70702
    outer loop
      vertex -14.7369 4.47038 39.8
      vertex -14.9385 3.74189 39.8
      vertex -13.7799 4.1801 40.8
    endloop
  endfacet
  facet normal 0.597522 -0.378348 0.706979
    outer loop
      vertex 12.3513 -7.40308 40.8
      vertex 11.9732 -8.00021 40.8
      vertex 12.8046 -8.55578 39.8
    endloop
  endfacet
  facet normal -0.631728 0.317905 0.707005
    outer loop
      vertex -12.6997 6.78811 40.8
      vertex -13.9214 6.58435 39.8
      vertex -13.0174 6.15679 40.8
    endloop
  endfacet
  facet normal -0.461994 -0.535475 0.706985
    outer loop
      vertex -9.67045 -10.6697 40.8
      vertex -10.342 -11.4106 39.8
      vertex -9.76966 -11.9044 39.8
    endloop
  endfacet
  facet normal -0.221832 -0.671501 0.70702
    outer loop
      vertex -4.1801 -13.7799 40.8
      vertex -5.1881 -14.4998 39.8
      vertex -4.47038 -14.7369 39.8
    endloop
  endfacet
  facet normal 0.461994 0.535475 0.706985
    outer loop
      vertex 9.76966 11.9044 39.8
      vertex 9.67045 10.6697 40.8
      vertex 10.342 11.4106 39.8
    endloop
  endfacet
  facet normal -0.696802 0.120873 0.707005
    outer loop
      vertex -14.1233 2.8093 40.8
      vertex -15.1041 3.00439 39.8
      vertex -14.2441 2.11292 40.8
    endloop
  endfacet
  facet normal -0.681576 -0.188617 0.70702
    outer loop
      vertex -13.7799 -4.1801 40.8
      vertex -14.9385 -3.74189 39.8
      vertex -14.7369 -4.47038 39.8
    endloop
  endfacet
  facet normal 0.701916 0.086655 0.706969
    outer loop
      vertex 15.3258 1.50946 39.8
      vertex 14.2441 2.11292 40.8
      vertex 14.3307 1.41145 40.8
    endloop
  endfacet
  facet normal 0.286671 0.646536 0.706973
    outer loop
      vertex 5.89332 14.2277 39.8
      vertex 5.51064 13.3039 40.8
      vertex 6.15679 13.0174 40.8
    endloop
  endfacet
  facet normal 0.671503 0.22183 0.707019
    outer loop
      vertex 14.4998 5.1881 39.8
      vertex 13.5582 4.85121 40.8
      vertex 13.7799 4.1801 40.8
    endloop
  endfacet
  facet normal -0.378348 0.597522 0.706979
    outer loop
      vertex -7.40308 12.3513 40.8
      vertex -8.55578 12.8046 39.8
      vertex -8.00021 11.9732 40.8
    endloop
  endfacet
  facet normal -0.487679 0.512194 0.706985
    outer loop
      vertex -10.342 11.4106 39.8
      vertex -10.8894 10.8894 39.8
      vertex -9.67045 10.6697 40.8
    endloop
  endfacet
  facet normal -0.705327 -0.0520332 0.70697
    outer loop
      vertex -14.3827 -0.706574 40.8
      vertex -15.3258 -1.50946 39.8
      vertex -14.3307 -1.41145 40.8
    endloop
  endfacet
  facet normal 0.254471 -0.659874 0.706973
    outer loop
      vertex 5.51064 -13.3039 40.8
      vertex 4.85121 -13.5582 40.8
      vertex 5.89332 -14.2277 39.8
    endloop
  endfacet
  facet normal 0.70189 -0.0865445 0.707008
    outer loop
      vertex 15.3258 -1.50946 39.8
      vertex 14.2441 -2.11292 40.8
      vertex 15.2333 -2.25965 39.8
    endloop
  endfacet
  facet normal -0.435079 0.557547 0.706999
    outer loop
      vertex -9.17377 12.3694 39.8
      vertex -9.76966 11.9044 39.8
      vertex -8.57807 11.5662 40.8
    endloop
  endfacet
  facet normal -0.696797 -0.120883 0.707009
    outer loop
      vertex -14.2441 -2.11292 40.8
      vertex -15.2333 -2.25965 39.8
      vertex -15.1041 -3.00439 39.8
    endloop
  endfacet
  facet normal -0.681575 -0.188607 0.707024
    outer loop
      vertex -13.9684 -3.49891 40.8
      vertex -14.9385 -3.74189 39.8
      vertex -13.7799 -4.1801 40.8
    endloop
  endfacet
  facet normal 0.681575 -0.188607 0.707024
    outer loop
      vertex 13.9684 -3.49891 40.8
      vertex 13.7799 -4.1801 40.8
      vertex 14.9385 -3.74189 39.8
    endloop
  endfacet
  facet normal 0.705331 0.0520237 0.706967
    outer loop
      vertex 15.3258 1.50946 39.8
      vertex 14.3827 0.706574 40.8
      vertex 15.3814 0.755642 39.8
    endloop
  endfacet
  facet normal 0.696797 0.120883 0.707009
    outer loop
      vertex 15.1041 3.00439 39.8
      vertex 14.2441 2.11292 40.8
      vertex 15.2333 2.25965 39.8
    endloop
  endfacet
  facet normal -0.0174027 -0.707 0.707
    outer loop
      vertex 0 -14.4 40.8
      vertex -0.755642 -15.3814 39.8
      vertex 0 -15.4 39.8
    endloop
  endfacet
  facet normal -0.557547 -0.435079 0.706999
    outer loop
      vertex -11.5662 -8.57807 40.8
      vertex -12.3694 -9.17377 39.8
      vertex -11.9044 -9.76966 39.8
    endloop
  endfacet
  facet normal 0.705331 -0.0520237 0.706967
    outer loop
      vertex 15.3814 -0.755642 39.8
      vertex 14.3827 -0.706574 40.8
      vertex 15.3258 -1.50946 39.8
    endloop
  endfacet
  facet normal 0.707036 -0.0173113 0.706966
    outer loop
      vertex 14.4 0 40.8
      vertex 14.3827 -0.706574 40.8
      vertex 15.3814 -0.755642 39.8
    endloop
  endfacet
  facet normal -0.659787 0.25457 0.707018
    outer loop
      vertex -14.2277 5.89332 39.8
      vertex -14.4998 5.1881 39.8
      vertex -13.5582 4.85121 40.8
    endloop
  endfacet
  facet normal 0.0520332 0.705327 0.70697
    outer loop
      vertex 1.50946 15.3258 39.8
      vertex 0.706574 14.3827 40.8
      vertex 1.41145 14.3307 40.8
    endloop
  endfacet
  facet normal -0.0520237 0.705331 0.706967
    outer loop
      vertex -0.755642 15.3814 39.8
      vertex -1.50946 15.3258 39.8
      vertex -0.706574 14.3827 40.8
    endloop
  endfacet
  facet normal -0.0173113 0.707036 0.706966
    outer loop
      vertex 0 14.4 40.8
      vertex -0.755642 15.3814 39.8
      vertex -0.706574 14.3827 40.8
    endloop
  endfacet
  facet normal -0.535489 0.461958 0.706999
    outer loop
      vertex -10.6697 9.67045 40.8
      vertex -11.9044 9.76966 39.8
      vertex -11.1314 9.13526 40.8
    endloop
  endfacet
  facet normal 0.0865445 0.70189 0.707008
    outer loop
      vertex 2.25965 15.2333 39.8
      vertex 1.50946 15.3258 39.8
      vertex 2.11292 14.2441 40.8
    endloop
  endfacet
  facet normal -0.0174027 0.707 0.707
    outer loop
      vertex 0 15.4 39.8
      vertex -0.755642 15.3814 39.8
      vertex 0 14.4 40.8
    endloop
  endfacet
  facet normal 0.407248 -0.578212 0.70698
    outer loop
      vertex 8.57807 -11.5662 40.8
      vertex 8.00021 -11.9732 40.8
      vertex 8.55578 -12.8046 39.8
    endloop
  endfacet
  facet normal -0.597522 -0.378348 0.706979
    outer loop
      vertex -12.3513 -7.40308 40.8
      vertex -12.8046 -8.55578 39.8
      vertex -11.9732 -8.00021 40.8
    endloop
  endfacet
  facet normal 0.671503 -0.22183 0.707019
    outer loop
      vertex 13.7799 -4.1801 40.8
      vertex 13.5582 -4.85121 40.8
      vertex 14.4998 -5.1881 39.8
    endloop
  endfacet
  facet normal -0.154991 0.690016 0.707005
    outer loop
      vertex -3.00439 15.1041 39.8
      vertex -3.49891 13.9684 40.8
      vertex -2.8093 14.1233 40.8
    endloop
  endfacet
  facet normal -0.557548 0.435079 0.706998
    outer loop
      vertex -11.1314 9.13526 40.8
      vertex -11.9044 9.76966 39.8
      vertex -11.5662 8.57807 40.8
    endloop
  endfacet
  facet normal -0.615329 0.348612 0.706994
    outer loop
      vertex -13.209 7.91718 39.8
      vertex -13.5816 7.25951 39.8
      vertex -12.6997 6.78811 40.8
    endloop
  endfacet
  facet normal -0.254471 0.659874 0.706973
    outer loop
      vertex -4.85121 13.5582 40.8
      vertex -5.89332 14.2277 39.8
      vertex -5.51064 13.3039 40.8
    endloop
  endfacet
  facet normal -0.535475 -0.461994 0.706985
    outer loop
      vertex -10.6697 -9.67045 40.8
      vertex -11.9044 -9.76966 39.8
      vertex -11.4106 -10.342 39.8
    endloop
  endfacet
  facet normal -0.254471 -0.659874 0.706973
    outer loop
      vertex -5.51064 -13.3039 40.8
      vertex -5.89332 -14.2277 39.8
      vertex -4.85121 -13.5582 40.8
    endloop
  endfacet
  facet normal 0.578212 0.407248 0.70698
    outer loop
      vertex 12.8046 8.55578 39.8
      vertex 11.5662 8.57807 40.8
      vertex 11.9732 8.00021 40.8
    endloop
  endfacet
  facet normal -0.578212 0.407248 0.70698
    outer loop
      vertex -11.5662 8.57807 40.8
      vertex -12.8046 8.55578 39.8
      vertex -11.9732 8.00021 40.8
    endloop
  endfacet
  facet normal -0.597522 0.378348 0.706979
    outer loop
      vertex -11.9732 8.00021 40.8
      vertex -12.8046 8.55578 39.8
      vertex -12.3513 7.40308 40.8
    endloop
  endfacet
  facet normal -0.707 0.0174027 0.707
    outer loop
      vertex -15.3814 0.755642 39.8
      vertex -15.4 0 39.8
      vertex -14.4 0 40.8
    endloop
  endfacet
  facet normal 0.154936 -0.690009 0.707024
    outer loop
      vertex 3.49891 -13.9684 40.8
      vertex 3.00439 -15.1041 39.8
      vertex 3.74189 -14.9385 39.8
    endloop
  endfacet
  facet normal -0.407197 -0.578225 0.706998
    outer loop
      vertex -8.57807 -11.5662 40.8
      vertex -9.17377 -12.3694 39.8
      vertex -8.55578 -12.8046 39.8
    endloop
  endfacet
  facet normal -0.615335 -0.348607 0.706991
    outer loop
      vertex -12.6997 -6.78811 40.8
      vertex -13.209 -7.91718 39.8
      vertex -12.3513 -7.40308 40.8
    endloop
  endfacet
  facet normal 0.120883 0.696797 0.707009
    outer loop
      vertex 2.25965 15.2333 39.8
      vertex 2.11292 14.2441 40.8
      vertex 3.00439 15.1041 39.8
    endloop
  endfacet
  facet normal -0.461958 -0.535489 0.706999
    outer loop
      vertex -9.67045 -10.6697 40.8
      vertex -9.76966 -11.9044 39.8
      vertex -9.13526 -11.1314 40.8
    endloop
  endfacet
  facet normal 0.557548 0.435079 0.706998
    outer loop
      vertex 11.9044 9.76966 39.8
      vertex 11.1314 9.13526 40.8
      vertex 11.5662 8.57807 40.8
    endloop
  endfacet
  facet normal 0.317905 0.631728 0.707005
    outer loop
      vertex 6.58435 13.9214 39.8
      vertex 6.15679 13.0174 40.8
      vertex 6.78811 12.6997 40.8
    endloop
  endfacet
  facet normal 0.696802 -0.120873 0.707005
    outer loop
      vertex 14.2441 -2.11292 40.8
      vertex 14.1233 -2.8093 40.8
      vertex 15.1041 -3.00439 39.8
    endloop
  endfacet
  facet normal -0.696802 -0.120873 0.707005
    outer loop
      vertex -14.2441 -2.11292 40.8
      vertex -15.1041 -3.00439 39.8
      vertex -14.1233 -2.8093 40.8
    endloop
  endfacet
  facet normal 0.22183 0.671503 0.707019
    outer loop
      vertex 5.1881 14.4998 39.8
      vertex 4.1801 13.7799 40.8
      vertex 4.85121 13.5582 40.8
    endloop
  endfacet
  facet normal 0.0173113 0.707036 0.706966
    outer loop
      vertex 0.755642 15.3814 39.8
      vertex 0 14.4 40.8
      vertex 0.706574 14.3827 40.8
    endloop
  endfacet
  facet normal 0.701916 -0.086655 0.706969
    outer loop
      vertex 14.3307 -1.41145 40.8
      vertex 14.2441 -2.11292 40.8
      vertex 15.3258 -1.50946 39.8
    endloop
  endfacet
  facet normal 0.615329 0.348612 0.706994
    outer loop
      vertex 13.209 7.91718 39.8
      vertex 12.6997 6.78811 40.8
      vertex 13.5816 7.25951 39.8
    endloop
  endfacet
  facet normal 0.631724 0.317939 0.706994
    outer loop
      vertex 13.5816 7.25951 39.8
      vertex 12.6997 6.78811 40.8
      vertex 13.9214 6.58435 39.8
    endloop
  endfacet
  facet normal 0.188607 -0.681575 0.707024
    outer loop
      vertex 4.1801 -13.7799 40.8
      vertex 3.49891 -13.9684 40.8
      vertex 3.74189 -14.9385 39.8
    endloop
  endfacet
  facet normal -0.631728 -0.317905 0.707005
    outer loop
      vertex -13.0174 -6.15679 40.8
      vertex -13.9214 -6.58435 39.8
      vertex -12.6997 -6.78811 40.8
    endloop
  endfacet
  facet normal -0.646536 -0.286671 0.706973
    outer loop
      vertex -13.3039 -5.51064 40.8
      vertex -14.2277 -5.89332 39.8
      vertex -13.0174 -6.15679 40.8
    endloop
  endfacet
  facet normal 0.154936 0.690009 0.707024
    outer loop
      vertex 3.74189 14.9385 39.8
      vertex 3.00439 15.1041 39.8
      vertex 3.49891 13.9684 40.8
    endloop
  endfacet
  facet normal 0.671501 -0.221832 0.70702
    outer loop
      vertex 14.7369 -4.47038 39.8
      vertex 13.7799 -4.1801 40.8
      vertex 14.4998 -5.1881 39.8
    endloop
  endfacet
  facet normal -0.487679 -0.512194 0.706985
    outer loop
      vertex -9.67045 -10.6697 40.8
      vertex -10.8894 -10.8894 39.8
      vertex -10.342 -11.4106 39.8
    endloop
  endfacet
  facet normal -0.188607 -0.681575 0.707024
    outer loop
      vertex -3.49891 -13.9684 40.8
      vertex -4.1801 -13.7799 40.8
      vertex -3.74189 -14.9385 39.8
    endloop
  endfacet
  facet normal 0.615335 0.348607 0.706991
    outer loop
      vertex 13.209 7.91718 39.8
      vertex 12.3513 7.40308 40.8
      vertex 12.6997 6.78811 40.8
    endloop
  endfacet
  facet normal -0.705331 -0.0520237 0.706967
    outer loop
      vertex -14.3827 -0.706574 40.8
      vertex -15.3814 -0.755642 39.8
      vertex -15.3258 -1.50946 39.8
    endloop
  endfacet
  facet normal 0.487679 0.512194 0.706985
    outer loop
      vertex 10.342 11.4106 39.8
      vertex 9.67045 10.6697 40.8
      vertex 10.8894 10.8894 39.8
    endloop
  endfacet
  facet normal -0.690009 0.154936 0.707024
    outer loop
      vertex -14.9385 3.74189 39.8
      vertex -15.1041 3.00439 39.8
      vertex -13.9684 3.49891 40.8
    endloop
  endfacet
  facet normal -0.659874 -0.254471 0.706973
    outer loop
      vertex -13.5582 -4.85121 40.8
      vertex -14.2277 -5.89332 39.8
      vertex -13.3039 -5.51064 40.8
    endloop
  endfacet
  facet normal -0.690016 -0.154991 0.707005
    outer loop
      vertex -14.1233 -2.8093 40.8
      vertex -15.1041 -3.00439 39.8
      vertex -13.9684 -3.49891 40.8
    endloop
  endfacet
  facet normal -0.25457 -0.659787 0.707018
    outer loop
      vertex -4.85121 -13.5582 40.8
      vertex -5.89332 -14.2277 39.8
      vertex -5.1881 -14.4998 39.8
    endloop
  endfacet
  facet normal -0.671501 -0.221832 0.70702
    outer loop
      vertex -13.7799 -4.1801 40.8
      vertex -14.7369 -4.47038 39.8
      vertex -14.4998 -5.1881 39.8
    endloop
  endfacet
  facet normal 0.086655 -0.701916 0.706969
    outer loop
      vertex 2.11292 -14.2441 40.8
      vertex 1.41145 -14.3307 40.8
      vertex 1.50946 -15.3258 39.8
    endloop
  endfacet
  facet normal -0.435079 -0.557547 0.706999
    outer loop
      vertex -8.57807 -11.5662 40.8
      vertex -9.76966 -11.9044 39.8
      vertex -9.17377 -12.3694 39.8
    endloop
  endfacet
  facet normal -0.70189 -0.0865445 0.707008
    outer loop
      vertex -14.2441 -2.11292 40.8
      vertex -15.3258 -1.50946 39.8
      vertex -15.2333 -2.25965 39.8
    endloop
  endfacet
  facet normal 0.646542 0.286581 0.707004
    outer loop
      vertex 13.9214 6.58435 39.8
      vertex 13.0174 6.15679 40.8
      vertex 14.2277 5.89332 39.8
    endloop
  endfacet
  facet normal 0.696802 0.120873 0.707005
    outer loop
      vertex 15.1041 3.00439 39.8
      vertex 14.1233 2.8093 40.8
      vertex 14.2441 2.11292 40.8
    endloop
  endfacet
  facet normal 0.188617 0.681576 0.70702
    outer loop
      vertex 4.47038 14.7369 39.8
      vertex 3.74189 14.9385 39.8
      vertex 4.1801 13.7799 40.8
    endloop
  endfacet
  facet normal 0.646536 -0.286671 0.706973
    outer loop
      vertex 13.3039 -5.51064 40.8
      vertex 13.0174 -6.15679 40.8
      vertex 14.2277 -5.89332 39.8
    endloop
  endfacet
  facet normal 0.659874 -0.254471 0.706973
    outer loop
      vertex 13.5582 -4.85121 40.8
      vertex 13.3039 -5.51064 40.8
      vertex 14.2277 -5.89332 39.8
    endloop
  endfacet
  facet normal -0.671501 0.221832 0.70702
    outer loop
      vertex -14.4998 5.1881 39.8
      vertex -14.7369 4.47038 39.8
      vertex -13.7799 4.1801 40.8
    endloop
  endfacet
  facet normal -0.671503 -0.22183 0.707019
    outer loop
      vertex -13.7799 -4.1801 40.8
      vertex -14.4998 -5.1881 39.8
      vertex -13.5582 -4.85121 40.8
    endloop
  endfacet
  facet normal 0.70189 0.0865445 0.707008
    outer loop
      vertex 15.2333 2.25965 39.8
      vertex 14.2441 2.11292 40.8
      vertex 15.3258 1.50946 39.8
    endloop
  endfacet
  facet normal 0.705327 0.0520332 0.70697
    outer loop
      vertex 15.3258 1.50946 39.8
      vertex 14.3307 1.41145 40.8
      vertex 14.3827 0.706574 40.8
    endloop
  endfacet
  facet normal 0.597495 -0.37837 0.706991
    outer loop
      vertex 13.209 -7.91718 39.8
      vertex 12.3513 -7.40308 40.8
      vertex 12.8046 -8.55578 39.8
    endloop
  endfacet
  facet normal 0.690016 0.154991 0.707005
    outer loop
      vertex 15.1041 3.00439 39.8
      vertex 13.9684 3.49891 40.8
      vertex 14.1233 2.8093 40.8
    endloop
  endfacet
  facet normal 0.487695 -0.51216 0.706998
    outer loop
      vertex 10.1823 -10.1823 40.8
      vertex 9.67045 -10.6697 40.8
      vertex 10.8894 -10.8894 39.8
    endloop
  endfacet
  facet normal 0.707036 0.0173113 0.706966
    outer loop
      vertex 15.3814 0.755642 39.8
      vertex 14.3827 0.706574 40.8
      vertex 14.4 0 40.8
    endloop
  endfacet
  facet normal -0.154936 -0.690009 0.707024
    outer loop
      vertex -3.49891 -13.9684 40.8
      vertex -3.74189 -14.9385 39.8
      vertex -3.00439 -15.1041 39.8
    endloop
  endfacet
  facet normal 0.286671 -0.646536 0.706973
    outer loop
      vertex 6.15679 -13.0174 40.8
      vertex 5.51064 -13.3039 40.8
      vertex 5.89332 -14.2277 39.8
    endloop
  endfacet
  facet normal 0.705327 -0.0520332 0.70697
    outer loop
      vertex 14.3827 -0.706574 40.8
      vertex 14.3307 -1.41145 40.8
      vertex 15.3258 -1.50946 39.8
    endloop
  endfacet
  facet normal 0.348612 -0.615329 0.706994
    outer loop
      vertex 7.91718 -13.209 39.8
      vertex 6.78811 -12.6997 40.8
      vertex 7.25951 -13.5816 39.8
    endloop
  endfacet
  facet normal -0.120883 0.696797 0.707009
    outer loop
      vertex -2.25965 15.2333 39.8
      vertex -3.00439 15.1041 39.8
      vertex -2.11292 14.2441 40.8
    endloop
  endfacet
  facet normal -0.348607 -0.615335 0.706991
    outer loop
      vertex -7.40308 -12.3513 40.8
      vertex -7.91718 -13.209 39.8
      vertex -6.78811 -12.6997 40.8
    endloop
  endfacet
  facet normal -0.435079 -0.557548 0.706998
    outer loop
      vertex -9.13526 -11.1314 40.8
      vertex -9.76966 -11.9044 39.8
      vertex -8.57807 -11.5662 40.8
    endloop
  endfacet
  facet normal 0.535475 -0.461994 0.706985
    outer loop
      vertex 11.9044 -9.76966 39.8
      vertex 10.6697 -9.67045 40.8
      vertex 11.4106 -10.342 39.8
    endloop
  endfacet
  facet normal -0.615329 -0.348612 0.706994
    outer loop
      vertex -12.6997 -6.78811 40.8
      vertex -13.5816 -7.25951 39.8
      vertex -13.209 -7.91718 39.8
    endloop
  endfacet
  facet normal -0.557548 -0.435079 0.706998
    outer loop
      vertex -11.5662 -8.57807 40.8
      vertex -11.9044 -9.76966 39.8
      vertex -11.1314 -9.13526 40.8
    endloop
  endfacet
  facet normal 0.086655 0.701916 0.706969
    outer loop
      vertex 1.50946 15.3258 39.8
      vertex 1.41145 14.3307 40.8
      vertex 2.11292 14.2441 40.8
    endloop
  endfacet
  facet normal 0.0865445 -0.70189 0.707008
    outer loop
      vertex 2.11292 -14.2441 40.8
      vertex 1.50946 -15.3258 39.8
      vertex 2.25965 -15.2333 39.8
    endloop
  endfacet
  facet normal -0.707036 -0.0173113 0.706966
    outer loop
      vertex -14.4 0 40.8
      vertex -15.3814 -0.755642 39.8
      vertex -14.3827 -0.706574 40.8
    endloop
  endfacet
  facet normal 0.631728 -0.317905 0.707005
    outer loop
      vertex 13.0174 -6.15679 40.8
      vertex 12.6997 -6.78811 40.8
      vertex 13.9214 -6.58435 39.8
    endloop
  endfacet
  facet normal -0.690009 -0.154936 0.707024
    outer loop
      vertex -13.9684 -3.49891 40.8
      vertex -15.1041 -3.00439 39.8
      vertex -14.9385 -3.74189 39.8
    endloop
  endfacet
  facet normal 0.120883 -0.696797 0.707009
    outer loop
      vertex 3.00439 -15.1041 39.8
      vertex 2.11292 -14.2441 40.8
      vertex 2.25965 -15.2333 39.8
    endloop
  endfacet
  facet normal -0.22183 0.671503 0.707019
    outer loop
      vertex -4.1801 13.7799 40.8
      vertex -5.1881 14.4998 39.8
      vertex -4.85121 13.5582 40.8
    endloop
  endfacet
  facet normal -0.120873 -0.696802 0.707005
    outer loop
      vertex -2.8093 -14.1233 40.8
      vertex -3.00439 -15.1041 39.8
      vertex -2.11292 -14.2441 40.8
    endloop
  endfacet
  facet normal -0.120883 -0.696797 0.707009
    outer loop
      vertex -2.11292 -14.2441 40.8
      vertex -3.00439 -15.1041 39.8
      vertex -2.25965 -15.2333 39.8
    endloop
  endfacet
  facet normal -0.70189 0.0865445 0.707008
    outer loop
      vertex -15.2333 2.25965 39.8
      vertex -15.3258 1.50946 39.8
      vertex -14.2441 2.11292 40.8
    endloop
  endfacet
  facet normal 0.0174027 0.707 0.707
    outer loop
      vertex 0 15.4 39.8
      vertex 0 14.4 40.8
      vertex 0.755642 15.3814 39.8
    endloop
  endfacet
  facet normal 0.597522 0.378348 0.706979
    outer loop
      vertex 12.8046 8.55578 39.8
      vertex 11.9732 8.00021 40.8
      vertex 12.3513 7.40308 40.8
    endloop
  endfacet
  facet normal 0.120873 0.696802 0.707005
    outer loop
      vertex 3.00439 15.1041 39.8
      vertex 2.11292 14.2441 40.8
      vertex 2.8093 14.1233 40.8
    endloop
  endfacet
  facet normal 0.557547 -0.435079 0.706999
    outer loop
      vertex 12.3694 -9.17377 39.8
      vertex 11.5662 -8.57807 40.8
      vertex 11.9044 -9.76966 39.8
    endloop
  endfacet
  facet normal 0.407248 0.578212 0.70698
    outer loop
      vertex 8.55578 12.8046 39.8
      vertex 8.00021 11.9732 40.8
      vertex 8.57807 11.5662 40.8
    endloop
  endfacet
  facet normal 0.615335 -0.348607 0.706991
    outer loop
      vertex 12.6997 -6.78811 40.8
      vertex 12.3513 -7.40308 40.8
      vertex 13.209 -7.91718 39.8
    endloop
  endfacet
  facet normal 0.286581 -0.646542 0.707004
    outer loop
      vertex 6.15679 -13.0174 40.8
      vertex 5.89332 -14.2277 39.8
      vertex 6.58435 -13.9214 39.8
    endloop
  endfacet
  facet normal 0.535489 0.461958 0.706999
    outer loop
      vertex 11.9044 9.76966 39.8
      vertex 10.6697 9.67045 40.8
      vertex 11.1314 9.13526 40.8
    endloop
  endfacet
  facet normal -0.631724 -0.317939 0.706994
    outer loop
      vertex -12.6997 -6.78811 40.8
      vertex -13.9214 -6.58435 39.8
      vertex -13.5816 -7.25951 39.8
    endloop
  endfacet
  facet normal 0.0174027 -0.707 0.707
    outer loop
      vertex 0 -14.4 40.8
      vertex 0 -15.4 39.8
      vertex 0.755642 -15.3814 39.8
    endloop
  endfacet
  facet normal -0.086655 -0.701916 0.706969
    outer loop
      vertex -1.41145 -14.3307 40.8
      vertex -2.11292 -14.2441 40.8
      vertex -1.50946 -15.3258 39.8
    endloop
  endfacet
  facet normal -0.188617 0.681576 0.70702
    outer loop
      vertex -3.74189 14.9385 39.8
      vertex -4.47038 14.7369 39.8
      vertex -4.1801 13.7799 40.8
    endloop
  endfacet
  facet normal -0.154936 0.690009 0.707024
    outer loop
      vertex -3.00439 15.1041 39.8
      vertex -3.74189 14.9385 39.8
      vertex -3.49891 13.9684 40.8
    endloop
  endfacet
  facet normal 0.578225 -0.407197 0.706998
    outer loop
      vertex 12.8046 -8.55578 39.8
      vertex 11.5662 -8.57807 40.8
      vertex 12.3694 -9.17377 39.8
    endloop
  endfacet
  facet normal 0.578212 -0.407248 0.70698
    outer loop
      vertex 11.9732 -8.00021 40.8
      vertex 11.5662 -8.57807 40.8
      vertex 12.8046 -8.55578 39.8
    endloop
  endfacet
  facet normal 0.25457 -0.659787 0.707018
    outer loop
      vertex 5.89332 -14.2277 39.8
      vertex 4.85121 -13.5582 40.8
      vertex 5.1881 -14.4998 39.8
    endloop
  endfacet
  facet normal 0.646542 -0.286581 0.707004
    outer loop
      vertex 14.2277 -5.89332 39.8
      vertex 13.0174 -6.15679 40.8
      vertex 13.9214 -6.58435 39.8
    endloop
  endfacet
  facet normal 0.188617 -0.681576 0.70702
    outer loop
      vertex 4.1801 -13.7799 40.8
      vertex 3.74189 -14.9385 39.8
      vertex 4.47038 -14.7369 39.8
    endloop
  endfacet
  facet normal 0.154991 -0.690016 0.707005
    outer loop
      vertex 3.49891 -13.9684 40.8
      vertex 2.8093 -14.1233 40.8
      vertex 3.00439 -15.1041 39.8
    endloop
  endfacet
  facet normal -0.221832 0.671501 0.70702
    outer loop
      vertex -4.47038 14.7369 39.8
      vertex -5.1881 14.4998 39.8
      vertex -4.1801 13.7799 40.8
    endloop
  endfacet
  facet normal -0.690016 0.154991 0.707005
    outer loop
      vertex -13.9684 3.49891 40.8
      vertex -15.1041 3.00439 39.8
      vertex -14.1233 2.8093 40.8
    endloop
  endfacet
  facet normal -0.578212 -0.407248 0.70698
    outer loop
      vertex -11.9732 -8.00021 40.8
      vertex -12.8046 -8.55578 39.8
      vertex -11.5662 -8.57807 40.8
    endloop
  endfacet
  facet normal 0.378348 -0.597522 0.706979
    outer loop
      vertex 8.00021 -11.9732 40.8
      vertex 7.40308 -12.3513 40.8
      vertex 8.55578 -12.8046 39.8
    endloop
  endfacet
  facet normal -0.188617 -0.681576 0.70702
    outer loop
      vertex -4.1801 -13.7799 40.8
      vertex -4.47038 -14.7369 39.8
      vertex -3.74189 -14.9385 39.8
    endloop
  endfacet
  facet normal 0 0 1
    outer loop
      vertex 13 0 40.8
      vertex 14.4 0 40.8
      vertex 14.3827 0.706574 40.8
    endloop
  endfacet
  facet normal 0 0 1
    outer loop
      vertex 12.9843 0.637879 40.8
      vertex 14.3827 0.706574 40.8
      vertex 14.3307 1.41145 40.8
    endloop
  endfacet
  facet normal 0 0 1
    outer loop
      vertex 14.4 0 40.8
      vertex 13 0 40.8
      vertex 14.3827 -0.706574 40.8
    endloop
  endfacet
  facet normal 0 0 1
    outer loop
      vertex 12.9374 1.27422 40.8
      vertex 14.3307 1.41145 40.8
      vertex 14.2441 2.11292 40.8
    endloop
  endfacet
  facet normal -0 0 1
    outer loop
      vertex 12.9843 -0.637879 40.8
      vertex 14.3827 -0.706574 40.8
      vertex 13 0 40.8
    endloop
  endfacet
  facet normal 0 0 1
    outer loop
      vertex 12.8593 1.9075 40.8
      vertex 14.2441 2.11292 40.8
      vertex 14.1233 2.8093 40.8
    endloop
  endfacet
  facet normal 0 0 1
    outer loop
      vertex 14.3827 -0.706574 40.8
      vertex 12.9843 -0.637879 40.8
      vertex 14.3307 -1.41145 40.8
    endloop
  endfacet
  facet normal 0 0 1
    outer loop
      vertex 12.7502 2.53617 40.8
      vertex 14.1233 2.8093 40.8
      vertex 13.9684 3.49891 40.8
    endloop
  endfacet
  facet normal -0 0 1
    outer loop
      vertex 12.9374 -1.27422 40.8
      vertex 14.3307 -1.41145 40.8
      vertex 12.9843 -0.637879 40.8
    endloop
  endfacet
  facet normal 0 0 1
    outer loop
      vertex 12.6104 3.15874 40.8
      vertex 13.9684 3.49891 40.8
      vertex 13.7799 4.1801 40.8
    endloop
  endfacet
  facet normal 0 0 1
    outer loop
      vertex 14.3307 -1.41145 40.8
      vertex 12.9374 -1.27422 40.8
      vertex 14.2441 -2.11292 40.8
    endloop
  endfacet
  facet normal 0 0 1
    outer loop
      vertex 12.4402 3.7737 40.8
      vertex 13.7799 4.1801 40.8
      vertex 13.5582 4.85121 40.8
    endloop
  endfacet
  facet normal -0 0 1
    outer loop
      vertex 12.8593 -1.9075 40.8
      vertex 14.2441 -2.11292 40.8
      vertex 12.9374 -1.27422 40.8
    endloop
  endfacet
  facet normal 0 0 1
    outer loop
      vertex 12.2401 4.37957 40.8
      vertex 13.5582 4.85121 40.8
      vertex 13.3039 5.51064 40.8
    endloop
  endfacet
  facet normal 0 0 1
    outer loop
      vertex 14.2441 -2.11292 40.8
      vertex 12.8593 -1.9075 40.8
      vertex 14.1233 -2.8093 40.8
    endloop
  endfacet
  facet normal 0 0 1
    outer loop
      vertex 12.0104 4.97488 40.8
      vertex 13.3039 5.51064 40.8
      vertex 13.0174 6.15679 40.8
    endloop
  endfacet
  facet normal -0 0 1
    outer loop
      vertex 12.7502 -2.53617 40.8
      vertex 14.1233 -2.8093 40.8
      vertex 12.8593 -1.9075 40.8
    endloop
  endfacet
  facet normal 0 0 1
    outer loop
      vertex 14.1233 -2.8093 40.8
      vertex 12.7502 -2.53617 40.8
      vertex 13.9684 -3.49891 40.8
    endloop
  endfacet
  facet normal 0 0 1
    outer loop
      vertex 14.3827 0.706574 40.8
      vertex 12.9843 0.637879 40.8
      vertex 13 0 40.8
    endloop
  endfacet
  facet normal 0 0 1
    outer loop
      vertex 14.3307 1.41145 40.8
      vertex 12.9374 1.27422 40.8
      vertex 12.9843 0.637879 40.8
    endloop
  endfacet
  facet normal 0 0 1
    outer loop
      vertex 14.2441 2.11292 40.8
      vertex 12.8593 1.9075 40.8
      vertex 12.9374 1.27422 40.8
    endloop
  endfacet
  facet normal 0 0 1
    outer loop
      vertex 14.1233 2.8093 40.8
      vertex 12.7502 2.53617 40.8
      vertex 12.8593 1.9075 40.8
    endloop
  endfacet
  facet normal 0 0 1
    outer loop
      vertex 11.7519 5.55822 40.8
      vertex 13.0174 6.15679 40.8
      vertex 12.6997 6.78811 40.8
    endloop
  endfacet
  facet normal 0 0 1
    outer loop
      vertex 13.9684 3.49891 40.8
      vertex 12.6104 3.15874 40.8
      vertex 12.7502 2.53617 40.8
    endloop
  endfacet
  facet normal 0 0 1
    outer loop
      vertex 13.7799 4.1801 40.8
      vertex 12.4402 3.7737 40.8
      vertex 12.6104 3.15874 40.8
    endloop
  endfacet
  facet normal 0 0 1
    outer loop
      vertex 11.465 6.12816 40.8
      vertex 12.6997 6.78811 40.8
      vertex 12.3513 7.40308 40.8
    endloop
  endfacet
  facet normal 0 0 1
    outer loop
      vertex 13.5582 4.85121 40.8
      vertex 12.2401 4.37957 40.8
      vertex 12.4402 3.7737 40.8
    endloop
  endfacet
  facet normal 0 0 1
    outer loop
      vertex 13.3039 5.51064 40.8
      vertex 12.0104 4.97488 40.8
      vertex 12.2401 4.37957 40.8
    endloop
  endfacet
  facet normal 0 0 1
    outer loop
      vertex 11.1505 6.68334 40.8
      vertex 12.3513 7.40308 40.8
      vertex 11.9732 8.00021 40.8
    endloop
  endfacet
  facet normal 0 0 1
    outer loop
      vertex 13.0174 6.15679 40.8
      vertex 11.7519 5.55822 40.8
      vertex 12.0104 4.97488 40.8
    endloop
  endfacet
  facet normal 0 0 1
    outer loop
      vertex 10.8091 7.22241 40.8
      vertex 11.9732 8.00021 40.8
      vertex 11.5662 8.57807 40.8
    endloop
  endfacet
  facet normal 0 0 1
    outer loop
      vertex 12.6997 6.78811 40.8
      vertex 11.465 6.12816 40.8
      vertex 11.7519 5.55822 40.8
    endloop
  endfacet
  facet normal 0 0 1
    outer loop
      vertex 12.3513 7.40308 40.8
      vertex 11.1505 6.68334 40.8
      vertex 11.465 6.12816 40.8
    endloop
  endfacet
  facet normal 0 0 1
    outer loop
      vertex 10.4417 7.74409 40.8
      vertex 11.5662 8.57807 40.8
      vertex 11.1314 9.13526 40.8
    endloop
  endfacet
  facet normal 0 0 1
    outer loop
      vertex 11.9732 8.00021 40.8
      vertex 10.8091 7.22241 40.8
      vertex 11.1505 6.68334 40.8
    endloop
  endfacet
  facet normal 0 0 1
    outer loop
      vertex 10.0491 8.24711 40.8
      vertex 11.1314 9.13526 40.8
      vertex 10.6697 9.67045 40.8
    endloop
  endfacet
  facet normal 0 0 1
    outer loop
      vertex 11.5662 8.57807 40.8
      vertex 10.4417 7.74409 40.8
      vertex 10.8091 7.22241 40.8
    endloop
  endfacet
  facet normal 0 0 1
    outer loop
      vertex 9.63236 8.73027 40.8
      vertex 10.6697 9.67045 40.8
      vertex 10.1823 10.1823 40.8
    endloop
  endfacet
  facet normal 0 0 1
    outer loop
      vertex 11.1314 9.13526 40.8
      vertex 10.0491 8.24711 40.8
      vertex 10.4417 7.74409 40.8
    endloop
  endfacet
  facet normal 0 0 1
    outer loop
      vertex 9.19239 9.19239 40.8
      vertex 10.1823 10.1823 40.8
      vertex 9.67045 10.6697 40.8
    endloop
  endfacet
  facet normal 0 0 1
    outer loop
      vertex 10.6697 9.67045 40.8
      vertex 9.63236 8.73027 40.8
      vertex 10.0491 8.24711 40.8
    endloop
  endfacet
  facet normal 0 0 1
    outer loop
      vertex 10.1823 10.1823 40.8
      vertex 9.19239 9.19239 40.8
      vertex 9.63236 8.73027 40.8
    endloop
  endfacet
  facet normal 0 0 1
    outer loop
      vertex 8.73027 9.63236 40.8
      vertex 9.67045 10.6697 40.8
      vertex 9.13526 11.1314 40.8
    endloop
  endfacet
  facet normal 0 0 1
    outer loop
      vertex 9.67045 10.6697 40.8
      vertex 8.73027 9.63236 40.8
      vertex 9.19239 9.19239 40.8
    endloop
  endfacet
  facet normal 0 0 1
    outer loop
      vertex 8.24711 10.0491 40.8
      vertex 9.13526 11.1314 40.8
      vertex 8.57807 11.5662 40.8
    endloop
  endfacet
  facet normal 0 0 1
    outer loop
      vertex 9.13526 11.1314 40.8
      vertex 8.24711 10.0491 40.8
      vertex 8.73027 9.63236 40.8
    endloop
  endfacet
  facet normal 0 0 1
    outer loop
      vertex 7.74409 10.4417 40.8
      vertex 8.57807 11.5662 40.8
      vertex 8.00021 11.9732 40.8
    endloop
  endfacet
  facet normal 0 0 1
    outer loop
      vertex 8.57807 11.5662 40.8
      vertex 7.74409 10.4417 40.8
      vertex 8.24711 10.0491 40.8
    endloop
  endfacet
  facet normal 0 0 1
    outer loop
      vertex 7.22241 10.8091 40.8
      vertex 8.00021 11.9732 40.8
      vertex 7.40308 12.3513 40.8
    endloop
  endfacet
  facet normal 0 0 1
    outer loop
      vertex 8.00021 11.9732 40.8
      vertex 7.22241 10.8091 40.8
      vertex 7.74409 10.4417 40.8
    endloop
  endfacet
  facet normal 0 0 1
    outer loop
      vertex 6.68334 11.1505 40.8
      vertex 7.40308 12.3513 40.8
      vertex 6.78811 12.6997 40.8
    endloop
  endfacet
  facet normal 0 0 1
    outer loop
      vertex 7.40308 12.3513 40.8
      vertex 6.68334 11.1505 40.8
      vertex 7.22241 10.8091 40.8
    endloop
  endfacet
  facet normal 0 0 1
    outer loop
      vertex 6.12816 11.465 40.8
      vertex 6.78811 12.6997 40.8
      vertex 6.15679 13.0174 40.8
    endloop
  endfacet
  facet normal 0 0 1
    outer loop
      vertex 6.78811 12.6997 40.8
      vertex 6.12816 11.465 40.8
      vertex 6.68334 11.1505 40.8
    endloop
  endfacet
  facet normal 0 0 1
    outer loop
      vertex 6.15679 13.0174 40.8
      vertex 5.55822 11.7519 40.8
      vertex 6.12816 11.465 40.8
    endloop
  endfacet
  facet normal 0 0 1
    outer loop
      vertex 5.51064 13.3039 40.8
      vertex 5.55822 11.7519 40.8
      vertex 6.15679 13.0174 40.8
    endloop
  endfacet
  facet normal 0 0 1
    outer loop
      vertex 5.51064 13.3039 40.8
      vertex 4.97488 12.0104 40.8
      vertex 5.55822 11.7519 40.8
    endloop
  endfacet
  facet normal 0 0 1
    outer loop
      vertex 4.85121 13.5582 40.8
      vertex 4.97488 12.0104 40.8
      vertex 5.51064 13.3039 40.8
    endloop
  endfacet
  facet normal 0 0 1
    outer loop
      vertex 4.85121 13.5582 40.8
      vertex 4.37957 12.2401 40.8
      vertex 4.97488 12.0104 40.8
    endloop
  endfacet
  facet normal 0 0 1
    outer loop
      vertex 4.1801 13.7799 40.8
      vertex 4.37957 12.2401 40.8
      vertex 4.85121 13.5582 40.8
    endloop
  endfacet
  facet normal 0 0 1
    outer loop
      vertex 4.1801 13.7799 40.8
      vertex 3.7737 12.4402 40.8
      vertex 4.37957 12.2401 40.8
    endloop
  endfacet
  facet normal 0 0 1
    outer loop
      vertex 3.49891 13.9684 40.8
      vertex 3.7737 12.4402 40.8
      vertex 4.1801 13.7799 40.8
    endloop
  endfacet
  facet normal 0 0 1
    outer loop
      vertex 3.49891 13.9684 40.8
      vertex 3.15874 12.6104 40.8
      vertex 3.7737 12.4402 40.8
    endloop
  endfacet
  facet normal 0 0 1
    outer loop
      vertex 2.8093 14.1233 40.8
      vertex 3.15874 12.6104 40.8
      vertex 3.49891 13.9684 40.8
    endloop
  endfacet
  facet normal 0 0 1
    outer loop
      vertex 2.8093 14.1233 40.8
      vertex 2.53617 12.7502 40.8
      vertex 3.15874 12.6104 40.8
    endloop
  endfacet
  facet normal 0 0 1
    outer loop
      vertex 2.11292 14.2441 40.8
      vertex 2.53617 12.7502 40.8
      vertex 2.8093 14.1233 40.8
    endloop
  endfacet
  facet normal 0 0 1
    outer loop
      vertex 2.11292 14.2441 40.8
      vertex 1.9075 12.8593 40.8
      vertex 2.53617 12.7502 40.8
    endloop
  endfacet
  facet normal 0 0 1
    outer loop
      vertex 1.41145 14.3307 40.8
      vertex 1.9075 12.8593 40.8
      vertex 2.11292 14.2441 40.8
    endloop
  endfacet
  facet normal 0 0 1
    outer loop
      vertex 1.41145 14.3307 40.8
      vertex 1.27422 12.9374 40.8
      vertex 1.9075 12.8593 40.8
    endloop
  endfacet
  facet normal 0 0 1
    outer loop
      vertex 0.706574 14.3827 40.8
      vertex 1.27422 12.9374 40.8
      vertex 1.41145 14.3307 40.8
    endloop
  endfacet
  facet normal 0 0 1
    outer loop
      vertex 0.706574 14.3827 40.8
      vertex 0.637879 12.9843 40.8
      vertex 1.27422 12.9374 40.8
    endloop
  endfacet
  facet normal 0 0 1
    outer loop
      vertex 0 14.4 40.8
      vertex 0.637879 12.9843 40.8
      vertex 0.706574 14.3827 40.8
    endloop
  endfacet
  facet normal 0 0 1
    outer loop
      vertex 0 14.4 40.8
      vertex 0 13 40.8
      vertex 0.637879 12.9843 40.8
    endloop
  endfacet
  facet normal 0 0 1
    outer loop
      vertex 0 14.4 40.8
      vertex -0.637879 12.9843 40.8
      vertex 0 13 40.8
    endloop
  endfacet
  facet normal -0 0 1
    outer loop
      vertex -0.706574 14.3827 40.8
      vertex -0.637879 12.9843 40.8
      vertex 0 14.4 40.8
    endloop
  endfacet
  facet normal 0 0 1
    outer loop
      vertex -0.706574 14.3827 40.8
      vertex -1.27422 12.9374 40.8
      vertex -0.637879 12.9843 40.8
    endloop
  endfacet
  facet normal -0 0 1
    outer loop
      vertex -1.41145 14.3307 40.8
      vertex -1.27422 12.9374 40.8
      vertex -0.706574 14.3827 40.8
    endloop
  endfacet
  facet normal 0 0 1
    outer loop
      vertex -1.41145 14.3307 40.8
      vertex -1.9075 12.8593 40.8
      vertex -1.27422 12.9374 40.8
    endloop
  endfacet
  facet normal -0 0 1
    outer loop
      vertex -2.11292 14.2441 40.8
      vertex -1.9075 12.8593 40.8
      vertex -1.41145 14.3307 40.8
    endloop
  endfacet
  facet normal 0 0 1
    outer loop
      vertex -2.11292 14.2441 40.8
      vertex -2.53617 12.7502 40.8
      vertex -1.9075 12.8593 40.8
    endloop
  endfacet
  facet normal -0 0 1
    outer loop
      vertex -2.8093 14.1233 40.8
      vertex -2.53617 12.7502 40.8
      vertex -2.11292 14.2441 40.8
    endloop
  endfacet
  facet normal 0 0 1
    outer loop
      vertex -2.8093 14.1233 40.8
      vertex -3.15874 12.6104 40.8
      vertex -2.53617 12.7502 40.8
    endloop
  endfacet
  facet normal -0 0 1
    outer loop
      vertex -3.49891 13.9684 40.8
      vertex -3.15874 12.6104 40.8
      vertex -2.8093 14.1233 40.8
    endloop
  endfacet
  facet normal 0 0 1
    outer loop
      vertex -3.49891 13.9684 40.8
      vertex -3.7737 12.4402 40.8
      vertex -3.15874 12.6104 40.8
    endloop
  endfacet
  facet normal -0 0 1
    outer loop
      vertex -4.1801 13.7799 40.8
      vertex -3.7737 12.4402 40.8
      vertex -3.49891 13.9684 40.8
    endloop
  endfacet
  facet normal 0 0 1
    outer loop
      vertex -4.1801 13.7799 40.8
      vertex -4.37957 12.2401 40.8
      vertex -3.7737 12.4402 40.8
    endloop
  endfacet
  facet normal -0 0 1
    outer loop
      vertex -4.85121 13.5582 40.8
      vertex -4.37957 12.2401 40.8
      vertex -4.1801 13.7799 40.8
    endloop
  endfacet
  facet normal 0 0 1
    outer loop
      vertex -4.85121 13.5582 40.8
      vertex -4.97488 12.0104 40.8
      vertex -4.37957 12.2401 40.8
    endloop
  endfacet
  facet normal -0 0 1
    outer loop
      vertex -5.51064 13.3039 40.8
      vertex -4.97488 12.0104 40.8
      vertex -4.85121 13.5582 40.8
    endloop
  endfacet
  facet normal 0 0 1
    outer loop
      vertex -5.51064 13.3039 40.8
      vertex -5.55822 11.7519 40.8
      vertex -4.97488 12.0104 40.8
    endloop
  endfacet
  facet normal -0 0 1
    outer loop
      vertex -6.15679 13.0174 40.8
      vertex -5.55822 11.7519 40.8
      vertex -5.51064 13.3039 40.8
    endloop
  endfacet
  facet normal 0 0 1
    outer loop
      vertex -5.55822 11.7519 40.8
      vertex -6.15679 13.0174 40.8
      vertex -6.12816 11.465 40.8
    endloop
  endfacet
  facet normal -0 0 1
    outer loop
      vertex -6.78811 12.6997 40.8
      vertex -6.12816 11.465 40.8
      vertex -6.15679 13.0174 40.8
    endloop
  endfacet
  facet normal 0 0 1
    outer loop
      vertex -6.12816 11.465 40.8
      vertex -6.78811 12.6997 40.8
      vertex -6.68334 11.1505 40.8
    endloop
  endfacet
  facet normal -0 0 1
    outer loop
      vertex -7.40308 12.3513 40.8
      vertex -6.68334 11.1505 40.8
      vertex -6.78811 12.6997 40.8
    endloop
  endfacet
  facet normal 0 0 1
    outer loop
      vertex -6.68334 11.1505 40.8
      vertex -7.40308 12.3513 40.8
      vertex -7.22241 10.8091 40.8
    endloop
  endfacet
  facet normal -0 0 1
    outer loop
      vertex -8.00021 11.9732 40.8
      vertex -7.22241 10.8091 40.8
      vertex -7.40308 12.3513 40.8
    endloop
  endfacet
  facet normal 0 0 1
    outer loop
      vertex -7.22241 10.8091 40.8
      vertex -8.00021 11.9732 40.8
      vertex -7.74409 10.4417 40.8
    endloop
  endfacet
  facet normal -0 0 1
    outer loop
      vertex -8.57807 11.5662 40.8
      vertex -7.74409 10.4417 40.8
      vertex -8.00021 11.9732 40.8
    endloop
  endfacet
  facet normal 0 0 1
    outer loop
      vertex -7.74409 10.4417 40.8
      vertex -8.57807 11.5662 40.8
      vertex -8.24711 10.0491 40.8
    endloop
  endfacet
  facet normal -0 0 1
    outer loop
      vertex -9.13526 11.1314 40.8
      vertex -8.24711 10.0491 40.8
      vertex -8.57807 11.5662 40.8
    endloop
  endfacet
  facet normal 0 0 1
    outer loop
      vertex -8.24711 10.0491 40.8
      vertex -9.13526 11.1314 40.8
      vertex -8.73027 9.63236 40.8
    endloop
  endfacet
  facet normal -0 0 1
    outer loop
      vertex -9.67045 10.6697 40.8
      vertex -8.73027 9.63236 40.8
      vertex -9.13526 11.1314 40.8
    endloop
  endfacet
  facet normal 0 0 1
    outer loop
      vertex -8.73027 9.63236 40.8
      vertex -9.67045 10.6697 40.8
      vertex -9.19239 9.19239 40.8
    endloop
  endfacet
  facet normal -0 0 1
    outer loop
      vertex -10.1823 10.1823 40.8
      vertex -9.19239 9.19239 40.8
      vertex -9.67045 10.6697 40.8
    endloop
  endfacet
  facet normal 0 0 1
    outer loop
      vertex -9.19239 9.19239 40.8
      vertex -10.1823 10.1823 40.8
      vertex -9.63236 8.73027 40.8
    endloop
  endfacet
  facet normal -0 0 1
    outer loop
      vertex -10.6697 9.67045 40.8
      vertex -9.63236 8.73027 40.8
      vertex -10.1823 10.1823 40.8
    endloop
  endfacet
  facet normal 0 0 1
    outer loop
      vertex -9.63236 8.73027 40.8
      vertex -10.6697 9.67045 40.8
      vertex -10.0491 8.24711 40.8
    endloop
  endfacet
  facet normal -0 0 1
    outer loop
      vertex -11.1314 9.13526 40.8
      vertex -10.0491 8.24711 40.8
      vertex -10.6697 9.67045 40.8
    endloop
  endfacet
  facet normal 0 0 1
    outer loop
      vertex -10.0491 8.24711 40.8
      vertex -11.1314 9.13526 40.8
      vertex -10.4417 7.74409 40.8
    endloop
  endfacet
  facet normal -0 0 1
    outer loop
      vertex -11.5662 8.57807 40.8
      vertex -10.4417 7.74409 40.8
      vertex -11.1314 9.13526 40.8
    endloop
  endfacet
  facet normal 0 0 1
    outer loop
      vertex -10.4417 7.74409 40.8
      vertex -11.5662 8.57807 40.8
      vertex -10.8091 7.22241 40.8
    endloop
  endfacet
  facet normal -0 0 1
    outer loop
      vertex -11.9732 8.00021 40.8
      vertex -10.8091 7.22241 40.8
      vertex -11.5662 8.57807 40.8
    endloop
  endfacet
  facet normal 0 0 1
    outer loop
      vertex -10.8091 7.22241 40.8
      vertex -11.9732 8.00021 40.8
      vertex -11.1505 6.68334 40.8
    endloop
  endfacet
  facet normal -0 0 1
    outer loop
      vertex -12.3513 7.40308 40.8
      vertex -11.1505 6.68334 40.8
      vertex -11.9732 8.00021 40.8
    endloop
  endfacet
  facet normal 0 0 1
    outer loop
      vertex -11.1505 6.68334 40.8
      vertex -12.3513 7.40308 40.8
      vertex -11.465 6.12816 40.8
    endloop
  endfacet
  facet normal -0 0 1
    outer loop
      vertex -12.6997 6.78811 40.8
      vertex -11.465 6.12816 40.8
      vertex -12.3513 7.40308 40.8
    endloop
  endfacet
  facet normal 0 0 1
    outer loop
      vertex -11.465 6.12816 40.8
      vertex -12.6997 6.78811 40.8
      vertex -11.7519 5.55822 40.8
    endloop
  endfacet
  facet normal -0 0 1
    outer loop
      vertex -13.0174 6.15679 40.8
      vertex -11.7519 5.55822 40.8
      vertex -12.6997 6.78811 40.8
    endloop
  endfacet
  facet normal 0 0 1
    outer loop
      vertex -11.7519 5.55822 40.8
      vertex -13.0174 6.15679 40.8
      vertex -12.0104 4.97488 40.8
    endloop
  endfacet
  facet normal -0 0 1
    outer loop
      vertex -13.3039 5.51064 40.8
      vertex -12.0104 4.97488 40.8
      vertex -13.0174 6.15679 40.8
    endloop
  endfacet
  facet normal 0 0 1
    outer loop
      vertex -12.0104 4.97488 40.8
      vertex -13.3039 5.51064 40.8
      vertex -12.2401 4.37957 40.8
    endloop
  endfacet
  facet normal -0 0 1
    outer loop
      vertex -13.5582 4.85121 40.8
      vertex -12.2401 4.37957 40.8
      vertex -13.3039 5.51064 40.8
    endloop
  endfacet
  facet normal 0 0 1
    outer loop
      vertex -12.2401 4.37957 40.8
      vertex -13.5582 4.85121 40.8
      vertex -12.4402 3.7737 40.8
    endloop
  endfacet
  facet normal -0 0 1
    outer loop
      vertex -13.7799 4.1801 40.8
      vertex -12.4402 3.7737 40.8
      vertex -13.5582 4.85121 40.8
    endloop
  endfacet
  facet normal 0 0 1
    outer loop
      vertex -12.4402 3.7737 40.8
      vertex -13.7799 4.1801 40.8
      vertex -12.6104 3.15874 40.8
    endloop
  endfacet
  facet normal 0 0 1
    outer loop
      vertex -12.6104 3.15874 40.8
      vertex -13.9684 3.49891 40.8
      vertex -12.7502 2.53617 40.8
    endloop
  endfacet
  facet normal -0 0 1
    outer loop
      vertex -13.9684 3.49891 40.8
      vertex -12.6104 3.15874 40.8
      vertex -13.7799 4.1801 40.8
    endloop
  endfacet
  facet normal -0 0 1
    outer loop
      vertex 12.6104 -3.15874 40.8
      vertex 13.9684 -3.49891 40.8
      vertex 12.7502 -2.53617 40.8
    endloop
  endfacet
  facet normal 0 0 1
    outer loop
      vertex 13.9684 -3.49891 40.8
      vertex 12.6104 -3.15874 40.8
      vertex 13.7799 -4.1801 40.8
    endloop
  endfacet
  facet normal -0 0 1
    outer loop
      vertex 12.4402 -3.7737 40.8
      vertex 13.7799 -4.1801 40.8
      vertex 12.6104 -3.15874 40.8
    endloop
  endfacet
  facet normal 0 0 1
    outer loop
      vertex 13.7799 -4.1801 40.8
      vertex 12.4402 -3.7737 40.8
      vertex 13.5582 -4.85121 40.8
    endloop
  endfacet
  facet normal -0 0 1
    outer loop
      vertex 12.2401 -4.37957 40.8
      vertex 13.5582 -4.85121 40.8
      vertex 12.4402 -3.7737 40.8
    endloop
  endfacet
  facet normal 0 0 1
    outer loop
      vertex 13.5582 -4.85121 40.8
      vertex 12.2401 -4.37957 40.8
      vertex 13.3039 -5.51064 40.8
    endloop
  endfacet
  facet normal -0 0 1
    outer loop
      vertex 12.0104 -4.97488 40.8
      vertex 13.3039 -5.51064 40.8
      vertex 12.2401 -4.37957 40.8
    endloop
  endfacet
  facet normal 0 0 1
    outer loop
      vertex 13.3039 -5.51064 40.8
      vertex 12.0104 -4.97488 40.8
      vertex 13.0174 -6.15679 40.8
    endloop
  endfacet
  facet normal -0 0 1
    outer loop
      vertex 11.7519 -5.55822 40.8
      vertex 13.0174 -6.15679 40.8
      vertex 12.0104 -4.97488 40.8
    endloop
  endfacet
  facet normal 0 0 1
    outer loop
      vertex 13.0174 -6.15679 40.8
      vertex 11.7519 -5.55822 40.8
      vertex 12.6997 -6.78811 40.8
    endloop
  endfacet
  facet normal -0 0 1
    outer loop
      vertex 11.465 -6.12816 40.8
      vertex 12.6997 -6.78811 40.8
      vertex 11.7519 -5.55822 40.8
    endloop
  endfacet
  facet normal 0 0 1
    outer loop
      vertex 12.6997 -6.78811 40.8
      vertex 11.465 -6.12816 40.8
      vertex 12.3513 -7.40308 40.8
    endloop
  endfacet
  facet normal -0 0 1
    outer loop
      vertex 11.1505 -6.68334 40.8
      vertex 12.3513 -7.40308 40.8
      vertex 11.465 -6.12816 40.8
    endloop
  endfacet
  facet normal 0 0 1
    outer loop
      vertex 12.3513 -7.40308 40.8
      vertex 11.1505 -6.68334 40.8
      vertex 11.9732 -8.00021 40.8
    endloop
  endfacet
  facet normal -0 0 1
    outer loop
      vertex 10.8091 -7.22241 40.8
      vertex 11.9732 -8.00021 40.8
      vertex 11.1505 -6.68334 40.8
    endloop
  endfacet
  facet normal 0 0 1
    outer loop
      vertex 11.9732 -8.00021 40.8
      vertex 10.8091 -7.22241 40.8
      vertex 11.5662 -8.57807 40.8
    endloop
  endfacet
  facet normal -0 0 1
    outer loop
      vertex 10.4417 -7.74409 40.8
      vertex 11.5662 -8.57807 40.8
      vertex 10.8091 -7.22241 40.8
    endloop
  endfacet
  facet normal 0 0 1
    outer loop
      vertex 11.5662 -8.57807 40.8
      vertex 10.4417 -7.74409 40.8
      vertex 11.1314 -9.13526 40.8
    endloop
  endfacet
  facet normal -0 0 1
    outer loop
      vertex 10.0491 -8.24711 40.8
      vertex 11.1314 -9.13526 40.8
      vertex 10.4417 -7.74409 40.8
    endloop
  endfacet
  facet normal 0 0 1
    outer loop
      vertex 11.1314 -9.13526 40.8
      vertex 10.0491 -8.24711 40.8
      vertex 10.6697 -9.67045 40.8
    endloop
  endfacet
  facet normal -0 0 1
    outer loop
      vertex 9.63236 -8.73027 40.8
      vertex 10.6697 -9.67045 40.8
      vertex 10.0491 -8.24711 40.8
    endloop
  endfacet
  facet normal 0 0 1
    outer loop
      vertex 10.6697 -9.67045 40.8
      vertex 9.63236 -8.73027 40.8
      vertex 10.1823 -10.1823 40.8
    endloop
  endfacet
  facet normal -0 0 1
    outer loop
      vertex 9.19239 -9.19239 40.8
      vertex 10.1823 -10.1823 40.8
      vertex 9.63236 -8.73027 40.8
    endloop
  endfacet
  facet normal 0 0 1
    outer loop
      vertex 10.1823 -10.1823 40.8
      vertex 9.19239 -9.19239 40.8
      vertex 9.67045 -10.6697 40.8
    endloop
  endfacet
  facet normal -0 0 1
    outer loop
      vertex 8.73027 -9.63236 40.8
      vertex 9.67045 -10.6697 40.8
      vertex 9.19239 -9.19239 40.8
    endloop
  endfacet
  facet normal 0 0 1
    outer loop
      vertex 9.67045 -10.6697 40.8
      vertex 8.73027 -9.63236 40.8
      vertex 9.13526 -11.1314 40.8
    endloop
  endfacet
  facet normal -0 0 1
    outer loop
      vertex 8.24711 -10.0491 40.8
      vertex 9.13526 -11.1314 40.8
      vertex 8.73027 -9.63236 40.8
    endloop
  endfacet
  facet normal 0 0 1
    outer loop
      vertex 9.13526 -11.1314 40.8
      vertex 8.24711 -10.0491 40.8
      vertex 8.57807 -11.5662 40.8
    endloop
  endfacet
  facet normal -0 0 1
    outer loop
      vertex 7.74409 -10.4417 40.8
      vertex 8.57807 -11.5662 40.8
      vertex 8.24711 -10.0491 40.8
    endloop
  endfacet
  facet normal 0 0 1
    outer loop
      vertex 8.57807 -11.5662 40.8
      vertex 7.74409 -10.4417 40.8
      vertex 8.00021 -11.9732 40.8
    endloop
  endfacet
  facet normal -0 0 1
    outer loop
      vertex 7.22241 -10.8091 40.8
      vertex 8.00021 -11.9732 40.8
      vertex 7.74409 -10.4417 40.8
    endloop
  endfacet
  facet normal 0 0 1
    outer loop
      vertex 8.00021 -11.9732 40.8
      vertex 7.22241 -10.8091 40.8
      vertex 7.40308 -12.3513 40.8
    endloop
  endfacet
  facet normal -0 0 1
    outer loop
      vertex 6.68334 -11.1505 40.8
      vertex 7.40308 -12.3513 40.8
      vertex 7.22241 -10.8091 40.8
    endloop
  endfacet
  facet normal 0 0 1
    outer loop
      vertex 7.40308 -12.3513 40.8
      vertex 6.68334 -11.1505 40.8
      vertex 6.78811 -12.6997 40.8
    endloop
  endfacet
  facet normal -0 0 1
    outer loop
      vertex 6.12816 -11.465 40.8
      vertex 6.78811 -12.6997 40.8
      vertex 6.68334 -11.1505 40.8
    endloop
  endfacet
  facet normal 0 0 1
    outer loop
      vertex 6.78811 -12.6997 40.8
      vertex 6.12816 -11.465 40.8
      vertex 6.15679 -13.0174 40.8
    endloop
  endfacet
  facet normal -0 0 1
    outer loop
      vertex 5.55822 -11.7519 40.8
      vertex 6.15679 -13.0174 40.8
      vertex 6.12816 -11.465 40.8
    endloop
  endfacet
  facet normal 0 0 1
    outer loop
      vertex 5.55822 -11.7519 40.8
      vertex 5.51064 -13.3039 40.8
      vertex 6.15679 -13.0174 40.8
    endloop
  endfacet
  facet normal -0 0 1
    outer loop
      vertex 4.97488 -12.0104 40.8
      vertex 5.51064 -13.3039 40.8
      vertex 5.55822 -11.7519 40.8
    endloop
  endfacet
  facet normal 0 0 1
    outer loop
      vertex 4.97488 -12.0104 40.8
      vertex 4.85121 -13.5582 40.8
      vertex 5.51064 -13.3039 40.8
    endloop
  endfacet
  facet normal -0 0 1
    outer loop
      vertex 4.37957 -12.2401 40.8
      vertex 4.85121 -13.5582 40.8
      vertex 4.97488 -12.0104 40.8
    endloop
  endfacet
  facet normal 0 0 1
    outer loop
      vertex 4.37957 -12.2401 40.8
      vertex 4.1801 -13.7799 40.8
      vertex 4.85121 -13.5582 40.8
    endloop
  endfacet
  facet normal -0 0 1
    outer loop
      vertex 3.7737 -12.4402 40.8
      vertex 4.1801 -13.7799 40.8
      vertex 4.37957 -12.2401 40.8
    endloop
  endfacet
  facet normal 0 0 1
    outer loop
      vertex 3.7737 -12.4402 40.8
      vertex 3.49891 -13.9684 40.8
      vertex 4.1801 -13.7799 40.8
    endloop
  endfacet
  facet normal -0 0 1
    outer loop
      vertex 3.15874 -12.6104 40.8
      vertex 3.49891 -13.9684 40.8
      vertex 3.7737 -12.4402 40.8
    endloop
  endfacet
  facet normal 0 0 1
    outer loop
      vertex 3.15874 -12.6104 40.8
      vertex 2.8093 -14.1233 40.8
      vertex 3.49891 -13.9684 40.8
    endloop
  endfacet
  facet normal -0 0 1
    outer loop
      vertex 2.53617 -12.7502 40.8
      vertex 2.8093 -14.1233 40.8
      vertex 3.15874 -12.6104 40.8
    endloop
  endfacet
  facet normal 0 0 1
    outer loop
      vertex 2.53617 -12.7502 40.8
      vertex 2.11292 -14.2441 40.8
      vertex 2.8093 -14.1233 40.8
    endloop
  endfacet
  facet normal -0 0 1
    outer loop
      vertex 1.9075 -12.8593 40.8
      vertex 2.11292 -14.2441 40.8
      vertex 2.53617 -12.7502 40.8
    endloop
  endfacet
  facet normal 0 0 1
    outer loop
      vertex 1.9075 -12.8593 40.8
      vertex 1.41145 -14.3307 40.8
      vertex 2.11292 -14.2441 40.8
    endloop
  endfacet
  facet normal -0 0 1
    outer loop
      vertex 1.27422 -12.9374 40.8
      vertex 1.41145 -14.3307 40.8
      vertex 1.9075 -12.8593 40.8
    endloop
  endfacet
  facet normal 0 0 1
    outer loop
      vertex 1.27422 -12.9374 40.8
      vertex 0.706574 -14.3827 40.8
      vertex 1.41145 -14.3307 40.8
    endloop
  endfacet
  facet normal -0 0 1
    outer loop
      vertex 0.637879 -12.9843 40.8
      vertex 0.706574 -14.3827 40.8
      vertex 1.27422 -12.9374 40.8
    endloop
  endfacet
  facet normal -0 0 1
    outer loop
      vertex 0 -13 40.8
      vertex 0.706574 -14.3827 40.8
      vertex 0.637879 -12.9843 40.8
    endloop
  endfacet
  facet normal 0 0 1
    outer loop
      vertex 0 -13 40.8
      vertex 0 -14.4 40.8
      vertex 0.706574 -14.3827 40.8
    endloop
  endfacet
  facet normal 0 0 1
    outer loop
      vertex -0.637879 -12.9843 40.8
      vertex 0 -14.4 40.8
      vertex 0 -13 40.8
    endloop
  endfacet
  facet normal 0 0 1
    outer loop
      vertex -0.637879 -12.9843 40.8
      vertex -0.706574 -14.3827 40.8
      vertex 0 -14.4 40.8
    endloop
  endfacet
  facet normal 0 0 1
    outer loop
      vertex -1.27422 -12.9374 40.8
      vertex -0.706574 -14.3827 40.8
      vertex -0.637879 -12.9843 40.8
    endloop
  endfacet
  facet normal 0 0 1
    outer loop
      vertex -1.27422 -12.9374 40.8
      vertex -1.41145 -14.3307 40.8
      vertex -0.706574 -14.3827 40.8
    endloop
  endfacet
  facet normal 0 0 1
    outer loop
      vertex -1.9075 -12.8593 40.8
      vertex -1.41145 -14.3307 40.8
      vertex -1.27422 -12.9374 40.8
    endloop
  endfacet
  facet normal 0 0 1
    outer loop
      vertex -1.9075 -12.8593 40.8
      vertex -2.11292 -14.2441 40.8
      vertex -1.41145 -14.3307 40.8
    endloop
  endfacet
  facet normal 0 0 1
    outer loop
      vertex -2.53617 -12.7502 40.8
      vertex -2.11292 -14.2441 40.8
      vertex -1.9075 -12.8593 40.8
    endloop
  endfacet
  facet normal 0 0 1
    outer loop
      vertex -2.53617 -12.7502 40.8
      vertex -2.8093 -14.1233 40.8
      vertex -2.11292 -14.2441 40.8
    endloop
  endfacet
  facet normal 0 0 1
    outer loop
      vertex -3.15874 -12.6104 40.8
      vertex -2.8093 -14.1233 40.8
      vertex -2.53617 -12.7502 40.8
    endloop
  endfacet
  facet normal 0 0 1
    outer loop
      vertex -3.15874 -12.6104 40.8
      vertex -3.49891 -13.9684 40.8
      vertex -2.8093 -14.1233 40.8
    endloop
  endfacet
  facet normal 0 0 1
    outer loop
      vertex -3.7737 -12.4402 40.8
      vertex -3.49891 -13.9684 40.8
      vertex -3.15874 -12.6104 40.8
    endloop
  endfacet
  facet normal 0 0 1
    outer loop
      vertex -3.7737 -12.4402 40.8
      vertex -4.1801 -13.7799 40.8
      vertex -3.49891 -13.9684 40.8
    endloop
  endfacet
  facet normal 0 0 1
    outer loop
      vertex -4.37957 -12.2401 40.8
      vertex -4.1801 -13.7799 40.8
      vertex -3.7737 -12.4402 40.8
    endloop
  endfacet
  facet normal 0 0 1
    outer loop
      vertex -4.37957 -12.2401 40.8
      vertex -4.85121 -13.5582 40.8
      vertex -4.1801 -13.7799 40.8
    endloop
  endfacet
  facet normal 0 0 1
    outer loop
      vertex -4.97488 -12.0104 40.8
      vertex -4.85121 -13.5582 40.8
      vertex -4.37957 -12.2401 40.8
    endloop
  endfacet
  facet normal 0 0 1
    outer loop
      vertex -4.97488 -12.0104 40.8
      vertex -5.51064 -13.3039 40.8
      vertex -4.85121 -13.5582 40.8
    endloop
  endfacet
  facet normal 0 0 1
    outer loop
      vertex -5.55822 -11.7519 40.8
      vertex -5.51064 -13.3039 40.8
      vertex -4.97488 -12.0104 40.8
    endloop
  endfacet
  facet normal 0 0 1
    outer loop
      vertex -6.15679 -13.0174 40.8
      vertex -5.55822 -11.7519 40.8
      vertex -6.12816 -11.465 40.8
    endloop
  endfacet
  facet normal 0 0 1
    outer loop
      vertex -5.55822 -11.7519 40.8
      vertex -6.15679 -13.0174 40.8
      vertex -5.51064 -13.3039 40.8
    endloop
  endfacet
  facet normal 0 0 1
    outer loop
      vertex -6.78811 -12.6997 40.8
      vertex -6.12816 -11.465 40.8
      vertex -6.68334 -11.1505 40.8
    endloop
  endfacet
  facet normal 0 0 1
    outer loop
      vertex -6.12816 -11.465 40.8
      vertex -6.78811 -12.6997 40.8
      vertex -6.15679 -13.0174 40.8
    endloop
  endfacet
  facet normal 0 0 1
    outer loop
      vertex -7.40308 -12.3513 40.8
      vertex -6.68334 -11.1505 40.8
      vertex -7.22241 -10.8091 40.8
    endloop
  endfacet
  facet normal 0 0 1
    outer loop
      vertex -6.68334 -11.1505 40.8
      vertex -7.40308 -12.3513 40.8
      vertex -6.78811 -12.6997 40.8
    endloop
  endfacet
  facet normal 0 0 1
    outer loop
      vertex -8.00021 -11.9732 40.8
      vertex -7.22241 -10.8091 40.8
      vertex -7.74409 -10.4417 40.8
    endloop
  endfacet
  facet normal 0 0 1
    outer loop
      vertex -7.22241 -10.8091 40.8
      vertex -8.00021 -11.9732 40.8
      vertex -7.40308 -12.3513 40.8
    endloop
  endfacet
  facet normal 0 0 1
    outer loop
      vertex -8.57807 -11.5662 40.8
      vertex -7.74409 -10.4417 40.8
      vertex -8.24711 -10.0491 40.8
    endloop
  endfacet
  facet normal 0 0 1
    outer loop
      vertex -7.74409 -10.4417 40.8
      vertex -8.57807 -11.5662 40.8
      vertex -8.00021 -11.9732 40.8
    endloop
  endfacet
  facet normal 0 0 1
    outer loop
      vertex -9.13526 -11.1314 40.8
      vertex -8.24711 -10.0491 40.8
      vertex -8.73027 -9.63236 40.8
    endloop
  endfacet
  facet normal 0 0 1
    outer loop
      vertex -8.24711 -10.0491 40.8
      vertex -9.13526 -11.1314 40.8
      vertex -8.57807 -11.5662 40.8
    endloop
  endfacet
  facet normal 0 0 1
    outer loop
      vertex -9.67045 -10.6697 40.8
      vertex -8.73027 -9.63236 40.8
      vertex -9.19239 -9.19239 40.8
    endloop
  endfacet
  facet normal 0 0 1
    outer loop
      vertex -10.1823 -10.1823 40.8
      vertex -9.19239 -9.19239 40.8
      vertex -9.63236 -8.73027 40.8
    endloop
  endfacet
  facet normal 0 0 1
    outer loop
      vertex -8.73027 -9.63236 40.8
      vertex -9.67045 -10.6697 40.8
      vertex -9.13526 -11.1314 40.8
    endloop
  endfacet
  facet normal 0 0 1
    outer loop
      vertex -10.6697 -9.67045 40.8
      vertex -9.63236 -8.73027 40.8
      vertex -10.0491 -8.24711 40.8
    endloop
  endfacet
  facet normal 0 0 1
    outer loop
      vertex -9.19239 -9.19239 40.8
      vertex -10.1823 -10.1823 40.8
      vertex -9.67045 -10.6697 40.8
    endloop
  endfacet
  facet normal 0 0 1
    outer loop
      vertex -11.1314 -9.13526 40.8
      vertex -10.0491 -8.24711 40.8
      vertex -10.4417 -7.74409 40.8
    endloop
  endfacet
  facet normal 0 0 1
    outer loop
      vertex -9.63236 -8.73027 40.8
      vertex -10.6697 -9.67045 40.8
      vertex -10.1823 -10.1823 40.8
    endloop
  endfacet
  facet normal 0 0 1
    outer loop
      vertex -11.5662 -8.57807 40.8
      vertex -10.4417 -7.74409 40.8
      vertex -10.8091 -7.22241 40.8
    endloop
  endfacet
  facet normal 0 0 1
    outer loop
      vertex -10.0491 -8.24711 40.8
      vertex -11.1314 -9.13526 40.8
      vertex -10.6697 -9.67045 40.8
    endloop
  endfacet
  facet normal 0 0 1
    outer loop
      vertex -11.9732 -8.00021 40.8
      vertex -10.8091 -7.22241 40.8
      vertex -11.1505 -6.68334 40.8
    endloop
  endfacet
  facet normal 0 0 1
    outer loop
      vertex -12.3513 -7.40308 40.8
      vertex -11.1505 -6.68334 40.8
      vertex -11.465 -6.12816 40.8
    endloop
  endfacet
  facet normal 0 0 1
    outer loop
      vertex -10.4417 -7.74409 40.8
      vertex -11.5662 -8.57807 40.8
      vertex -11.1314 -9.13526 40.8
    endloop
  endfacet
  facet normal 0 0 1
    outer loop
      vertex -12.6997 -6.78811 40.8
      vertex -11.465 -6.12816 40.8
      vertex -11.7519 -5.55822 40.8
    endloop
  endfacet
  facet normal 0 0 1
    outer loop
      vertex -10.8091 -7.22241 40.8
      vertex -11.9732 -8.00021 40.8
      vertex -11.5662 -8.57807 40.8
    endloop
  endfacet
  facet normal 0 0 1
    outer loop
      vertex -13.0174 -6.15679 40.8
      vertex -11.7519 -5.55822 40.8
      vertex -12.0104 -4.97488 40.8
    endloop
  endfacet
  facet normal 0 0 1
    outer loop
      vertex -13.3039 -5.51064 40.8
      vertex -12.0104 -4.97488 40.8
      vertex -12.2401 -4.37957 40.8
    endloop
  endfacet
  facet normal 0 0 1
    outer loop
      vertex -11.1505 -6.68334 40.8
      vertex -12.3513 -7.40308 40.8
      vertex -11.9732 -8.00021 40.8
    endloop
  endfacet
  facet normal 0 0 1
    outer loop
      vertex -13.5582 -4.85121 40.8
      vertex -12.2401 -4.37957 40.8
      vertex -12.4402 -3.7737 40.8
    endloop
  endfacet
  facet normal 0 0 1
    outer loop
      vertex -13.7799 -4.1801 40.8
      vertex -12.4402 -3.7737 40.8
      vertex -12.6104 -3.15874 40.8
    endloop
  endfacet
  facet normal 0 0 1
    outer loop
      vertex -11.465 -6.12816 40.8
      vertex -12.6997 -6.78811 40.8
      vertex -12.3513 -7.40308 40.8
    endloop
  endfacet
  facet normal 0 0 1
    outer loop
      vertex -13.9684 -3.49891 40.8
      vertex -12.6104 -3.15874 40.8
      vertex -12.7502 -2.53617 40.8
    endloop
  endfacet
  facet normal 0 0 1
    outer loop
      vertex -14.1233 -2.8093 40.8
      vertex -12.7502 -2.53617 40.8
      vertex -12.8593 -1.9075 40.8
    endloop
  endfacet
  facet normal 0 0 1
    outer loop
      vertex -14.2441 -2.11292 40.8
      vertex -12.8593 -1.9075 40.8
      vertex -12.9374 -1.27422 40.8
    endloop
  endfacet
  facet normal 0 0 1
    outer loop
      vertex -14.3307 -1.41145 40.8
      vertex -12.9374 -1.27422 40.8
      vertex -12.9843 -0.637879 40.8
    endloop
  endfacet
  facet normal 0 0 1
    outer loop
      vertex -11.7519 -5.55822 40.8
      vertex -13.0174 -6.15679 40.8
      vertex -12.6997 -6.78811 40.8
    endloop
  endfacet
  facet normal 0 0 1
    outer loop
      vertex -14.3827 -0.706574 40.8
      vertex -12.9843 -0.637879 40.8
      vertex -13 0 40.8
    endloop
  endfacet
  facet normal -0 0 1
    outer loop
      vertex -14.1233 2.8093 40.8
      vertex -12.7502 2.53617 40.8
      vertex -13.9684 3.49891 40.8
    endloop
  endfacet
  facet normal 0 0 1
    outer loop
      vertex -12.7502 2.53617 40.8
      vertex -14.1233 2.8093 40.8
      vertex -12.8593 1.9075 40.8
    endloop
  endfacet
  facet normal 0 0 1
    outer loop
      vertex -12.0104 -4.97488 40.8
      vertex -13.3039 -5.51064 40.8
      vertex -13.0174 -6.15679 40.8
    endloop
  endfacet
  facet normal -0 0 1
    outer loop
      vertex -14.2441 2.11292 40.8
      vertex -12.8593 1.9075 40.8
      vertex -14.1233 2.8093 40.8
    endloop
  endfacet
  facet normal 0 0 1
    outer loop
      vertex -12.2401 -4.37957 40.8
      vertex -13.5582 -4.85121 40.8
      vertex -13.3039 -5.51064 40.8
    endloop
  endfacet
  facet normal 0 0 1
    outer loop
      vertex -12.8593 1.9075 40.8
      vertex -14.2441 2.11292 40.8
      vertex -12.9374 1.27422 40.8
    endloop
  endfacet
  facet normal 0 0 1
    outer loop
      vertex -12.4402 -3.7737 40.8
      vertex -13.7799 -4.1801 40.8
      vertex -13.5582 -4.85121 40.8
    endloop
  endfacet
  facet normal -0 0 1
    outer loop
      vertex -14.3307 1.41145 40.8
      vertex -12.9374 1.27422 40.8
      vertex -14.2441 2.11292 40.8
    endloop
  endfacet
  facet normal 0 0 1
    outer loop
      vertex -12.6104 -3.15874 40.8
      vertex -13.9684 -3.49891 40.8
      vertex -13.7799 -4.1801 40.8
    endloop
  endfacet
  facet normal 0 0 1
    outer loop
      vertex -12.9374 1.27422 40.8
      vertex -14.3307 1.41145 40.8
      vertex -12.9843 0.637879 40.8
    endloop
  endfacet
  facet normal 0 0 1
    outer loop
      vertex -12.7502 -2.53617 40.8
      vertex -14.1233 -2.8093 40.8
      vertex -13.9684 -3.49891 40.8
    endloop
  endfacet
  facet normal -0 0 1
    outer loop
      vertex -14.3827 0.706574 40.8
      vertex -12.9843 0.637879 40.8
      vertex -14.3307 1.41145 40.8
    endloop
  endfacet
  facet normal 0 0 1
    outer loop
      vertex -12.8593 -1.9075 40.8
      vertex -14.2441 -2.11292 40.8
      vertex -14.1233 -2.8093 40.8
    endloop
  endfacet
  facet normal 0 0 1
    outer loop
      vertex -12.9843 0.637879 40.8
      vertex -14.3827 0.706574 40.8
      vertex -13 0 40.8
    endloop
  endfacet
  facet normal 0 0 1
    outer loop
      vertex -12.9374 -1.27422 40.8
      vertex -14.3307 -1.41145 40.8
      vertex -14.2441 -2.11292 40.8
    endloop
  endfacet
  facet normal 0 0 1
    outer loop
      vertex -14.4 0 40.8
      vertex -13 0 40.8
      vertex -14.3827 0.706574 40.8
    endloop
  endfacet
  facet normal 0 0 1
    outer loop
      vertex -12.9843 -0.637879 40.8
      vertex -14.3827 -0.706574 40.8
      vertex -14.3307 -1.41145 40.8
    endloop
  endfacet
  facet normal 0 0 1
    outer loop
      vertex -13 0 40.8
      vertex -14.4 0 40.8
      vertex -14.3827 -0.706574 40.8
    endloop
  endfacet
  facet normal 0.615329 -0.348612 0.706994
    outer loop
      vertex 13.5816 -7.25951 39.8
      vertex 12.6997 -6.78811 40.8
      vertex 13.209 -7.91718 39.8
    endloop
  endfacet
  facet normal 0.631724 -0.317939 0.706994
    outer loop
      vertex 13.9214 -6.58435 39.8
      vertex 12.6997 -6.78811 40.8
      vertex 13.5816 -7.25951 39.8
    endloop
  endfacet
  facet normal -0.535489 -0.461958 0.706999
    outer loop
      vertex -11.1314 -9.13526 40.8
      vertex -11.9044 -9.76966 39.8
      vertex -10.6697 -9.67045 40.8
    endloop
  endfacet
  facet normal -0.317905 0.631728 0.707005
    outer loop
      vertex -6.58435 13.9214 39.8
      vertex -6.78811 12.6997 40.8
      vertex -6.15679 13.0174 40.8
    endloop
  endfacet
  facet normal 0.0520237 0.705331 0.706967
    outer loop
      vertex 0.755642 15.3814 39.8
      vertex 0.706574 14.3827 40.8
      vertex 1.50946 15.3258 39.8
    endloop
  endfacet
  facet normal 0.435079 -0.557547 0.706999
    outer loop
      vertex 9.76966 -11.9044 39.8
      vertex 8.57807 -11.5662 40.8
      vertex 9.17377 -12.3694 39.8
    endloop
  endfacet
  facet normal 0.435079 -0.557548 0.706998
    outer loop
      vertex 9.13526 -11.1314 40.8
      vertex 8.57807 -11.5662 40.8
      vertex 9.76966 -11.9044 39.8
    endloop
  endfacet
  facet normal -0.701916 -0.086655 0.706969
    outer loop
      vertex -14.3307 -1.41145 40.8
      vertex -15.3258 -1.50946 39.8
      vertex -14.2441 -2.11292 40.8
    endloop
  endfacet
  facet normal 0.348607 -0.615335 0.706991
    outer loop
      vertex 7.40308 -12.3513 40.8
      vertex 6.78811 -12.6997 40.8
      vertex 7.91718 -13.209 39.8
    endloop
  endfacet
  facet normal 0.0520332 -0.705327 0.70697
    outer loop
      vertex 1.41145 -14.3307 40.8
      vertex 0.706574 -14.3827 40.8
      vertex 1.50946 -15.3258 39.8
    endloop
  endfacet
  facet normal 0.317905 -0.631728 0.707005
    outer loop
      vertex 6.78811 -12.6997 40.8
      vertex 6.15679 -13.0174 40.8
      vertex 6.58435 -13.9214 39.8
    endloop
  endfacet
  facet normal -0.188607 0.681575 0.707024
    outer loop
      vertex -3.74189 14.9385 39.8
      vertex -4.1801 13.7799 40.8
      vertex -3.49891 13.9684 40.8
    endloop
  endfacet
  facet normal 0.557548 -0.435079 0.706998
    outer loop
      vertex 11.5662 -8.57807 40.8
      vertex 11.1314 -9.13526 40.8
      vertex 11.9044 -9.76966 39.8
    endloop
  endfacet
  facet normal 0.154991 0.690016 0.707005
    outer loop
      vertex 3.00439 15.1041 39.8
      vertex 2.8093 14.1233 40.8
      vertex 3.49891 13.9684 40.8
    endloop
  endfacet
  facet normal -0.22183 -0.671503 0.707019
    outer loop
      vertex -4.85121 -13.5582 40.8
      vertex -5.1881 -14.4998 39.8
      vertex -4.1801 -13.7799 40.8
    endloop
  endfacet
  facet normal 0.22183 -0.671503 0.707019
    outer loop
      vertex 4.85121 -13.5582 40.8
      vertex 4.1801 -13.7799 40.8
      vertex 5.1881 -14.4998 39.8
    endloop
  endfacet
  facet normal 0.0173113 -0.707036 0.706966
    outer loop
      vertex 0.706574 -14.3827 40.8
      vertex 0 -14.4 40.8
      vertex 0.755642 -15.3814 39.8
    endloop
  endfacet
  facet normal 0.61527 -0.788317 0
    outer loop
      vertex -8.24711 10.0491 4
      vertex -7.74409 10.4417 40.8
      vertex -8.24711 10.0491 40.8
    endloop
  endfacet
  facet normal 0.61527 -0.788317 0
    outer loop
      vertex -7.74409 10.4417 40.8
      vertex -8.24711 10.0491 4
      vertex -7.74409 10.4417 4
    endloop
  endfacet
  facet normal 0.997295 -0.0735033 0
    outer loop
      vertex -12.9843 0.637879 40.8
      vertex -12.9374 1.27422 4
      vertex -12.9374 1.27422 40.8
    endloop
  endfacet
  facet normal 0.997295 -0.0735033 0
    outer loop
      vertex -12.9374 1.27422 4
      vertex -12.9843 0.637879 40.8
      vertex -12.9843 0.637879 4
    endloop
  endfacet
  facet normal -0.997295 -0.0735033 0
    outer loop
      vertex 12.9843 0.637879 4
      vertex 12.9374 1.27422 40.8
      vertex 12.9374 1.27422 4
    endloop
  endfacet
  facet normal -0.997295 -0.0735033 0
    outer loop
      vertex 12.9374 1.27422 40.8
      vertex 12.9843 0.637879 4
      vertex 12.9843 0.637879 40.8
    endloop
  endfacet
  facet normal -0.999697 -0.0246054 0
    outer loop
      vertex 13 0 4
      vertex 12.9843 0.637879 40.8
      vertex 12.9843 0.637879 4
    endloop
  endfacet
  facet normal -0.999697 -0.0246054 0
    outer loop
      vertex 12.9843 0.637879 40.8
      vertex 13 0 4
      vertex 13 0 40.8
    endloop
  endfacet
  facet normal -0.992481 -0.122399 0
    outer loop
      vertex 12.9374 1.27422 4
      vertex 12.8593 1.9075 40.8
      vertex 12.8593 1.9075 4
    endloop
  endfacet
  facet normal -0.992481 -0.122399 0
    outer loop
      vertex 12.8593 1.9075 40.8
      vertex 12.9374 1.27422 4
      vertex 12.9374 1.27422 40.8
    endloop
  endfacet
  facet normal 0.992481 -0.122399 0
    outer loop
      vertex -12.9374 1.27422 40.8
      vertex -12.8593 1.9075 4
      vertex -12.8593 1.9075 40.8
    endloop
  endfacet
  facet normal 0.992481 -0.122399 0
    outer loop
      vertex -12.8593 1.9075 4
      vertex -12.9374 1.27422 40.8
      vertex -12.9374 1.27422 4
    endloop
  endfacet
  facet normal -0.0735033 0.997295 0
    outer loop
      vertex 1.27422 -12.9374 4
      vertex 0.637879 -12.9843 40.8
      vertex 1.27422 -12.9374 40.8
    endloop
  endfacet
  facet normal -0.0735033 0.997295 0
    outer loop
      vertex 0.637879 -12.9843 40.8
      vertex 1.27422 -12.9374 4
      vertex 0.637879 -12.9843 4
    endloop
  endfacet
  facet normal -0.844827 -0.53504 0
    outer loop
      vertex 11.1505 6.68334 4
      vertex 10.8091 7.22241 40.8
      vertex 10.8091 7.22241 4
    endloop
  endfacet
  facet normal -0.844827 -0.53504 0
    outer loop
      vertex 10.8091 7.22241 40.8
      vertex 11.1505 6.68334 4
      vertex 11.1505 6.68334 40.8
    endloop
  endfacet
  facet normal 0.949553 -0.313608 0
    outer loop
      vertex -12.4402 3.7737 40.8
      vertex -12.2401 4.37957 4
      vertex -12.2401 4.37957 40.8
    endloop
  endfacet
  facet normal 0.949553 -0.313608 0
    outer loop
      vertex -12.2401 4.37957 4
      vertex -12.4402 3.7737 40.8
      vertex -12.4402 3.7737 4
    endloop
  endfacet
  facet normal 0.844827 0.53504 0
    outer loop
      vertex -10.8091 -7.22241 40.8
      vertex -11.1505 -6.68334 4
      vertex -11.1505 -6.68334 40.8
    endloop
  endfacet
  facet normal 0.844827 0.53504 0
    outer loop
      vertex -11.1505 -6.68334 4
      vertex -10.8091 -7.22241 40.8
      vertex -10.8091 -7.22241 4
    endloop
  endfacet
  facet normal -0.65314 -0.757237 0
    outer loop
      vertex 8.24711 10.0491 4
      vertex 8.73027 9.63236 40.8
      vertex 8.24711 10.0491 40.8
    endloop
  endfacet
  facet normal -0.65314 -0.757237 -0
    outer loop
      vertex 8.73027 9.63236 40.8
      vertex 8.24711 10.0491 4
      vertex 8.73027 9.63236 4
    endloop
  endfacet
  facet normal 0.963769 -0.266738 0
    outer loop
      vertex -12.6104 3.15874 40.8
      vertex -12.4402 3.7737 4
      vertex -12.4402 3.7737 40.8
    endloop
  endfacet
  facet normal 0.963769 -0.266738 0
    outer loop
      vertex -12.4402 3.7737 4
      vertex -12.6104 3.15874 40.8
      vertex -12.6104 3.15874 4
    endloop
  endfacet
  facet normal 0 0 1
    outer loop
      vertex 12.9843 0.637879 4
      vertex 12.9843 -0.637879 4
      vertex 13 0 4
    endloop
  endfacet
  facet normal 0 0 1
    outer loop
      vertex 12.9374 1.27422 4
      vertex 12.9843 -0.637879 4
      vertex 12.9843 0.637879 4
    endloop
  endfacet
  facet normal 0 0 1
    outer loop
      vertex 12.9374 1.27422 4
      vertex 12.9374 -1.27422 4
      vertex 12.9843 -0.637879 4
    endloop
  endfacet
  facet normal 0 0 1
    outer loop
      vertex 12.8593 1.9075 4
      vertex 12.9374 -1.27422 4
      vertex 12.9374 1.27422 4
    endloop
  endfacet
  facet normal 0 0 1
    outer loop
      vertex 12.8593 1.9075 4
      vertex 12.8593 -1.9075 4
      vertex 12.9374 -1.27422 4
    endloop
  endfacet
  facet normal 0 0 1
    outer loop
      vertex 12.7502 2.53617 4
      vertex 12.8593 -1.9075 4
      vertex 12.8593 1.9075 4
    endloop
  endfacet
  facet normal 0 0 1
    outer loop
      vertex 12.7502 2.53617 4
      vertex 12.7502 -2.53617 4
      vertex 12.8593 -1.9075 4
    endloop
  endfacet
  facet normal 0 0 1
    outer loop
      vertex 12.6104 3.15874 4
      vertex 12.7502 -2.53617 4
      vertex 12.7502 2.53617 4
    endloop
  endfacet
  facet normal 0 0 1
    outer loop
      vertex 12.6104 3.15874 4
      vertex 12.6104 -3.15874 4
      vertex 12.7502 -2.53617 4
    endloop
  endfacet
  facet normal 0 0 1
    outer loop
      vertex 12.4402 3.7737 4
      vertex 12.6104 -3.15874 4
      vertex 12.6104 3.15874 4
    endloop
  endfacet
  facet normal 0 0 1
    outer loop
      vertex 12.4402 3.7737 4
      vertex 12.4402 -3.7737 4
      vertex 12.6104 -3.15874 4
    endloop
  endfacet
  facet normal 0 0 1
    outer loop
      vertex 12.2401 4.37957 4
      vertex 12.4402 -3.7737 4
      vertex 12.4402 3.7737 4
    endloop
  endfacet
  facet normal 0 0 1
    outer loop
      vertex 12.2401 4.37957 4
      vertex 12.2401 -4.37957 4
      vertex 12.4402 -3.7737 4
    endloop
  endfacet
  facet normal 0 0 1
    outer loop
      vertex 12.0104 4.97488 4
      vertex 12.2401 -4.37957 4
      vertex 12.2401 4.37957 4
    endloop
  endfacet
  facet normal 0 0 1
    outer loop
      vertex 12.0104 4.97488 4
      vertex 12.0104 -4.97488 4
      vertex 12.2401 -4.37957 4
    endloop
  endfacet
  facet normal 0 0 1
    outer loop
      vertex 11.7519 5.55822 4
      vertex 12.0104 -4.97488 4
      vertex 12.0104 4.97488 4
    endloop
  endfacet
  facet normal 0 0 1
    outer loop
      vertex 11.7519 5.55822 4
      vertex 11.7519 -5.55822 4
      vertex 12.0104 -4.97488 4
    endloop
  endfacet
  facet normal 0 0 1
    outer loop
      vertex 11.465 6.12816 4
      vertex 11.7519 -5.55822 4
      vertex 11.7519 5.55822 4
    endloop
  endfacet
  facet normal 0 0 1
    outer loop
      vertex 11.465 6.12816 4
      vertex 11.465 -6.12816 4
      vertex 11.7519 -5.55822 4
    endloop
  endfacet
  facet normal 0 0 1
    outer loop
      vertex 11.1505 6.68334 4
      vertex 11.465 -6.12816 4
      vertex 11.465 6.12816 4
    endloop
  endfacet
  facet normal 0 0 1
    outer loop
      vertex 11.1505 6.68334 4
      vertex 11.1505 -6.68334 4
      vertex 11.465 -6.12816 4
    endloop
  endfacet
  facet normal 0 0 1
    outer loop
      vertex 10.8091 7.22241 4
      vertex 11.1505 -6.68334 4
      vertex 11.1505 6.68334 4
    endloop
  endfacet
  facet normal 0 0 1
    outer loop
      vertex 10.8091 7.22241 4
      vertex 10.8091 -7.22241 4
      vertex 11.1505 -6.68334 4
    endloop
  endfacet
  facet normal 0 0 1
    outer loop
      vertex 10.4417 7.74409 4
      vertex 10.8091 -7.22241 4
      vertex 10.8091 7.22241 4
    endloop
  endfacet
  facet normal 0 0 1
    outer loop
      vertex 10.4417 7.74409 4
      vertex 10.4417 -7.74409 4
      vertex 10.8091 -7.22241 4
    endloop
  endfacet
  facet normal 0 0 1
    outer loop
      vertex 10.0491 8.24711 4
      vertex 10.4417 -7.74409 4
      vertex 10.4417 7.74409 4
    endloop
  endfacet
  facet normal 0 0 1
    outer loop
      vertex 10.0491 8.24711 4
      vertex 10.0491 -8.24711 4
      vertex 10.4417 -7.74409 4
    endloop
  endfacet
  facet normal 0 0 1
    outer loop
      vertex 9.63236 8.73027 4
      vertex 10.0491 -8.24711 4
      vertex 10.0491 8.24711 4
    endloop
  endfacet
  facet normal 0 0 1
    outer loop
      vertex 9.63236 8.73027 4
      vertex 9.63236 -8.73027 4
      vertex 10.0491 -8.24711 4
    endloop
  endfacet
  facet normal 0 0 1
    outer loop
      vertex 9.19239 9.19239 4
      vertex 9.63236 -8.73027 4
      vertex 9.63236 8.73027 4
    endloop
  endfacet
  facet normal 0 0 1
    outer loop
      vertex 9.19239 9.19239 4
      vertex 9.19239 -9.19239 4
      vertex 9.63236 -8.73027 4
    endloop
  endfacet
  facet normal 0 0 1
    outer loop
      vertex 8.73027 9.63236 4
      vertex 9.19239 -9.19239 4
      vertex 9.19239 9.19239 4
    endloop
  endfacet
  facet normal 0 0 1
    outer loop
      vertex 8.73027 9.63236 4
      vertex 8.73027 -9.63236 4
      vertex 9.19239 -9.19239 4
    endloop
  endfacet
  facet normal 0 0 1
    outer loop
      vertex 8.24711 10.0491 4
      vertex 8.73027 -9.63236 4
      vertex 8.73027 9.63236 4
    endloop
  endfacet
  facet normal 0 0 1
    outer loop
      vertex 8.24711 10.0491 4
      vertex 8.24711 -10.0491 4
      vertex 8.73027 -9.63236 4
    endloop
  endfacet
  facet normal 0 0 1
    outer loop
      vertex 7.74409 10.4417 4
      vertex 8.24711 -10.0491 4
      vertex 8.24711 10.0491 4
    endloop
  endfacet
  facet normal 0 0 1
    outer loop
      vertex 7.74409 10.4417 4
      vertex 7.74409 -10.4417 4
      vertex 8.24711 -10.0491 4
    endloop
  endfacet
  facet normal 0 0 1
    outer loop
      vertex 7.22241 10.8091 4
      vertex 7.74409 -10.4417 4
      vertex 7.74409 10.4417 4
    endloop
  endfacet
  facet normal 0 0 1
    outer loop
      vertex 7.22241 10.8091 4
      vertex 7.22241 -10.8091 4
      vertex 7.74409 -10.4417 4
    endloop
  endfacet
  facet normal 0 0 1
    outer loop
      vertex 6.68334 11.1505 4
      vertex 7.22241 -10.8091 4
      vertex 7.22241 10.8091 4
    endloop
  endfacet
  facet normal 0 0 1
    outer loop
      vertex 6.68334 11.1505 4
      vertex 6.68334 -11.1505 4
      vertex 7.22241 -10.8091 4
    endloop
  endfacet
  facet normal 0 0 1
    outer loop
      vertex 6.12816 11.465 4
      vertex 6.68334 -11.1505 4
      vertex 6.68334 11.1505 4
    endloop
  endfacet
  facet normal 0 0 1
    outer loop
      vertex 6.12816 11.465 4
      vertex 6.12816 -11.465 4
      vertex 6.68334 -11.1505 4
    endloop
  endfacet
  facet normal 0 0 1
    outer loop
      vertex 5.55822 11.7519 4
      vertex 6.12816 -11.465 4
      vertex 6.12816 11.465 4
    endloop
  endfacet
  facet normal 0 0 1
    outer loop
      vertex 5.55822 11.7519 4
      vertex 5.55822 -11.7519 4
      vertex 6.12816 -11.465 4
    endloop
  endfacet
  facet normal 0 0 1
    outer loop
      vertex 4.97488 12.0104 4
      vertex 5.55822 -11.7519 4
      vertex 5.55822 11.7519 4
    endloop
  endfacet
  facet normal 0 0 1
    outer loop
      vertex 4.97488 12.0104 4
      vertex 4.97488 -12.0104 4
      vertex 5.55822 -11.7519 4
    endloop
  endfacet
  facet normal 0 0 1
    outer loop
      vertex 4.37957 12.2401 4
      vertex 4.97488 -12.0104 4
      vertex 4.97488 12.0104 4
    endloop
  endfacet
  facet normal 0 0 1
    outer loop
      vertex 4.37957 12.2401 4
      vertex 4.37957 -12.2401 4
      vertex 4.97488 -12.0104 4
    endloop
  endfacet
  facet normal 0 0 1
    outer loop
      vertex 3.7737 12.4402 4
      vertex 4.37957 -12.2401 4
      vertex 4.37957 12.2401 4
    endloop
  endfacet
  facet normal 0 0 1
    outer loop
      vertex 3.7737 12.4402 4
      vertex 3.7737 -12.4402 4
      vertex 4.37957 -12.2401 4
    endloop
  endfacet
  facet normal 0 0 1
    outer loop
      vertex 3.15874 12.6104 4
      vertex 3.7737 -12.4402 4
      vertex 3.7737 12.4402 4
    endloop
  endfacet
  facet normal 0 0 1
    outer loop
      vertex 3.15874 12.6104 4
      vertex 3.15874 -12.6104 4
      vertex 3.7737 -12.4402 4
    endloop
  endfacet
  facet normal 0 0 1
    outer loop
      vertex 2.53617 12.7502 4
      vertex 3.15874 -12.6104 4
      vertex 3.15874 12.6104 4
    endloop
  endfacet
  facet normal 0 0 1
    outer loop
      vertex 2.53617 12.7502 4
      vertex 2.53617 -12.7502 4
      vertex 3.15874 -12.6104 4
    endloop
  endfacet
  facet normal 0 0 1
    outer loop
      vertex 1.9075 12.8593 4
      vertex 2.53617 -12.7502 4
      vertex 2.53617 12.7502 4
    endloop
  endfacet
  facet normal 0 0 1
    outer loop
      vertex 1.9075 12.8593 4
      vertex 1.9075 -12.8593 4
      vertex 2.53617 -12.7502 4
    endloop
  endfacet
  facet normal 0 0 1
    outer loop
      vertex 1.27422 12.9374 4
      vertex 1.9075 -12.8593 4
      vertex 1.9075 12.8593 4
    endloop
  endfacet
  facet normal 0 0 1
    outer loop
      vertex 1.27422 12.9374 4
      vertex 1.27422 -12.9374 4
      vertex 1.9075 -12.8593 4
    endloop
  endfacet
  facet normal 0 0 1
    outer loop
      vertex 0.637879 12.9843 4
      vertex 1.27422 -12.9374 4
      vertex 1.27422 12.9374 4
    endloop
  endfacet
  facet normal 0 0 1
    outer loop
      vertex 0.637879 12.9843 4
      vertex 0.637879 -12.9843 4
      vertex 1.27422 -12.9374 4
    endloop
  endfacet
  facet normal 0 0 1
    outer loop
      vertex 0 13 4
      vertex 0.637879 -12.9843 4
      vertex 0.637879 12.9843 4
    endloop
  endfacet
  facet normal 0 0 1
    outer loop
      vertex 0 13 4
      vertex 0 -13 4
      vertex 0.637879 -12.9843 4
    endloop
  endfacet
  facet normal -0 0 1
    outer loop
      vertex -0.637879 12.9843 4
      vertex 0 -13 4
      vertex 0 13 4
    endloop
  endfacet
  facet normal 0 0 1
    outer loop
      vertex -0.637879 12.9843 4
      vertex -0.637879 -12.9843 4
      vertex 0 -13 4
    endloop
  endfacet
  facet normal -0 0 1
    outer loop
      vertex -1.27422 12.9374 4
      vertex -0.637879 -12.9843 4
      vertex -0.637879 12.9843 4
    endloop
  endfacet
  facet normal 0 0 1
    outer loop
      vertex -1.27422 12.9374 4
      vertex -1.27422 -12.9374 4
      vertex -0.637879 -12.9843 4
    endloop
  endfacet
  facet normal -0 0 1
    outer loop
      vertex -1.9075 12.8593 4
      vertex -1.27422 -12.9374 4
      vertex -1.27422 12.9374 4
    endloop
  endfacet
  facet normal 0 0 1
    outer loop
      vertex -1.9075 12.8593 4
      vertex -1.9075 -12.8593 4
      vertex -1.27422 -12.9374 4
    endloop
  endfacet
  facet normal -0 0 1
    outer loop
      vertex -2.53617 12.7502 4
      vertex -1.9075 -12.8593 4
      vertex -1.9075 12.8593 4
    endloop
  endfacet
  facet normal 0 0 1
    outer loop
      vertex -2.53617 12.7502 4
      vertex -2.53617 -12.7502 4
      vertex -1.9075 -12.8593 4
    endloop
  endfacet
  facet normal -0 0 1
    outer loop
      vertex -3.15874 12.6104 4
      vertex -2.53617 -12.7502 4
      vertex -2.53617 12.7502 4
    endloop
  endfacet
  facet normal 0 0 1
    outer loop
      vertex -3.15874 12.6104 4
      vertex -3.15874 -12.6104 4
      vertex -2.53617 -12.7502 4
    endloop
  endfacet
  facet normal -0 0 1
    outer loop
      vertex -3.7737 12.4402 4
      vertex -3.15874 -12.6104 4
      vertex -3.15874 12.6104 4
    endloop
  endfacet
  facet normal 0 0 1
    outer loop
      vertex -3.7737 12.4402 4
      vertex -3.7737 -12.4402 4
      vertex -3.15874 -12.6104 4
    endloop
  endfacet
  facet normal -0 0 1
    outer loop
      vertex -4.37957 12.2401 4
      vertex -3.7737 -12.4402 4
      vertex -3.7737 12.4402 4
    endloop
  endfacet
  facet normal 0 0 1
    outer loop
      vertex -4.37957 12.2401 4
      vertex -4.37957 -12.2401 4
      vertex -3.7737 -12.4402 4
    endloop
  endfacet
  facet normal -0 0 1
    outer loop
      vertex -4.97488 12.0104 4
      vertex -4.37957 -12.2401 4
      vertex -4.37957 12.2401 4
    endloop
  endfacet
  facet normal 0 0 1
    outer loop
      vertex -4.97488 12.0104 4
      vertex -4.97488 -12.0104 4
      vertex -4.37957 -12.2401 4
    endloop
  endfacet
  facet normal -0 0 1
    outer loop
      vertex -5.55822 11.7519 4
      vertex -4.97488 -12.0104 4
      vertex -4.97488 12.0104 4
    endloop
  endfacet
  facet normal 0 0 1
    outer loop
      vertex -5.55822 11.7519 4
      vertex -5.55822 -11.7519 4
      vertex -4.97488 -12.0104 4
    endloop
  endfacet
  facet normal -0 0 1
    outer loop
      vertex -6.12816 11.465 4
      vertex -5.55822 -11.7519 4
      vertex -5.55822 11.7519 4
    endloop
  endfacet
  facet normal 0 0 1
    outer loop
      vertex -6.12816 11.465 4
      vertex -6.12816 -11.465 4
      vertex -5.55822 -11.7519 4
    endloop
  endfacet
  facet normal -0 0 1
    outer loop
      vertex -6.68334 11.1505 4
      vertex -6.12816 -11.465 4
      vertex -6.12816 11.465 4
    endloop
  endfacet
  facet normal 0 0 1
    outer loop
      vertex -6.68334 11.1505 4
      vertex -6.68334 -11.1505 4
      vertex -6.12816 -11.465 4
    endloop
  endfacet
  facet normal -0 0 1
    outer loop
      vertex -7.22241 10.8091 4
      vertex -6.68334 -11.1505 4
      vertex -6.68334 11.1505 4
    endloop
  endfacet
  facet normal 0 0 1
    outer loop
      vertex -7.22241 10.8091 4
      vertex -7.22241 -10.8091 4
      vertex -6.68334 -11.1505 4
    endloop
  endfacet
  facet normal -0 0 1
    outer loop
      vertex -7.74409 10.4417 4
      vertex -7.22241 -10.8091 4
      vertex -7.22241 10.8091 4
    endloop
  endfacet
  facet normal 0 0 1
    outer loop
      vertex -7.74409 10.4417 4
      vertex -7.74409 -10.4417 4
      vertex -7.22241 -10.8091 4
    endloop
  endfacet
  facet normal -0 0 1
    outer loop
      vertex -8.24711 10.0491 4
      vertex -7.74409 -10.4417 4
      vertex -7.74409 10.4417 4
    endloop
  endfacet
  facet normal 0 0 1
    outer loop
      vertex -8.24711 10.0491 4
      vertex -8.24711 -10.0491 4
      vertex -7.74409 -10.4417 4
    endloop
  endfacet
  facet normal -0 0 1
    outer loop
      vertex -8.73027 9.63236 4
      vertex -8.24711 -10.0491 4
      vertex -8.24711 10.0491 4
    endloop
  endfacet
  facet normal 0 0 1
    outer loop
      vertex -8.73027 9.63236 4
      vertex -8.73027 -9.63236 4
      vertex -8.24711 -10.0491 4
    endloop
  endfacet
  facet normal -0 0 1
    outer loop
      vertex -9.19239 9.19239 4
      vertex -8.73027 -9.63236 4
      vertex -8.73027 9.63236 4
    endloop
  endfacet
  facet normal 0 0 1
    outer loop
      vertex -9.19239 9.19239 4
      vertex -9.19239 -9.19239 4
      vertex -8.73027 -9.63236 4
    endloop
  endfacet
  facet normal -0 0 1
    outer loop
      vertex -9.63236 8.73027 4
      vertex -9.19239 -9.19239 4
      vertex -9.19239 9.19239 4
    endloop
  endfacet
  facet normal 0 0 1
    outer loop
      vertex -9.63236 8.73027 4
      vertex -9.63236 -8.73027 4
      vertex -9.19239 -9.19239 4
    endloop
  endfacet
  facet normal -0 0 1
    outer loop
      vertex -10.0491 8.24711 4
      vertex -9.63236 -8.73027 4
      vertex -9.63236 8.73027 4
    endloop
  endfacet
  facet normal 0 0 1
    outer loop
      vertex -10.0491 8.24711 4
      vertex -10.0491 -8.24711 4
      vertex -9.63236 -8.73027 4
    endloop
  endfacet
  facet normal -0 0 1
    outer loop
      vertex -10.4417 7.74409 4
      vertex -10.0491 -8.24711 4
      vertex -10.0491 8.24711 4
    endloop
  endfacet
  facet normal 0 0 1
    outer loop
      vertex -10.4417 7.74409 4
      vertex -10.4417 -7.74409 4
      vertex -10.0491 -8.24711 4
    endloop
  endfacet
  facet normal -0 0 1
    outer loop
      vertex -10.8091 7.22241 4
      vertex -10.4417 -7.74409 4
      vertex -10.4417 7.74409 4
    endloop
  endfacet
  facet normal 0 0 1
    outer loop
      vertex -10.8091 7.22241 4
      vertex -10.8091 -7.22241 4
      vertex -10.4417 -7.74409 4
    endloop
  endfacet
  facet normal -0 0 1
    outer loop
      vertex -11.1505 6.68334 4
      vertex -10.8091 -7.22241 4
      vertex -10.8091 7.22241 4
    endloop
  endfacet
  facet normal 0 0 1
    outer loop
      vertex -11.1505 6.68334 4
      vertex -11.1505 -6.68334 4
      vertex -10.8091 -7.22241 4
    endloop
  endfacet
  facet normal -0 0 1
    outer loop
      vertex -11.465 6.12816 4
      vertex -11.1505 -6.68334 4
      vertex -11.1505 6.68334 4
    endloop
  endfacet
  facet normal 0 0 1
    outer loop
      vertex -11.465 6.12816 4
      vertex -11.465 -6.12816 4
      vertex -11.1505 -6.68334 4
    endloop
  endfacet
  facet normal -0 0 1
    outer loop
      vertex -11.7519 5.55822 4
      vertex -11.465 -6.12816 4
      vertex -11.465 6.12816 4
    endloop
  endfacet
  facet normal 0 0 1
    outer loop
      vertex -11.7519 5.55822 4
      vertex -11.7519 -5.55822 4
      vertex -11.465 -6.12816 4
    endloop
  endfacet
  facet normal -0 0 1
    outer loop
      vertex -12.0104 4.97488 4
      vertex -11.7519 -5.55822 4
      vertex -11.7519 5.55822 4
    endloop
  endfacet
  facet normal 0 0 1
    outer loop
      vertex -12.0104 4.97488 4
      vertex -12.0104 -4.97488 4
      vertex -11.7519 -5.55822 4
    endloop
  endfacet
  facet normal -0 0 1
    outer loop
      vertex -12.2401 4.37957 4
      vertex -12.0104 -4.97488 4
      vertex -12.0104 4.97488 4
    endloop
  endfacet
  facet normal 0 0 1
    outer loop
      vertex -12.2401 4.37957 4
      vertex -12.2401 -4.37957 4
      vertex -12.0104 -4.97488 4
    endloop
  endfacet
  facet normal -0 0 1
    outer loop
      vertex -12.4402 3.7737 4
      vertex -12.2401 -4.37957 4
      vertex -12.2401 4.37957 4
    endloop
  endfacet
  facet normal 0 0 1
    outer loop
      vertex -12.4402 3.7737 4
      vertex -12.4402 -3.7737 4
      vertex -12.2401 -4.37957 4
    endloop
  endfacet
  facet normal -0 0 1
    outer loop
      vertex -12.6104 3.15874 4
      vertex -12.4402 -3.7737 4
      vertex -12.4402 3.7737 4
    endloop
  endfacet
  facet normal 0 0 1
    outer loop
      vertex -12.6104 3.15874 4
      vertex -12.6104 -3.15874 4
      vertex -12.4402 -3.7737 4
    endloop
  endfacet
  facet normal -0 0 1
    outer loop
      vertex -12.7502 2.53617 4
      vertex -12.6104 -3.15874 4
      vertex -12.6104 3.15874 4
    endloop
  endfacet
  facet normal 0 0 1
    outer loop
      vertex -12.7502 2.53617 4
      vertex -12.7502 -2.53617 4
      vertex -12.6104 -3.15874 4
    endloop
  endfacet
  facet normal -0 0 1
    outer loop
      vertex -12.8593 1.9075 4
      vertex -12.7502 -2.53617 4
      vertex -12.7502 2.53617 4
    endloop
  endfacet
  facet normal 0 0 1
    outer loop
      vertex -12.8593 1.9075 4
      vertex -12.8593 -1.9075 4
      vertex -12.7502 -2.53617 4
    endloop
  endfacet
  facet normal -0 0 1
    outer loop
      vertex -12.9374 1.27422 4
      vertex -12.8593 -1.9075 4
      vertex -12.8593 1.9075 4
    endloop
  endfacet
  facet normal 0 0 1
    outer loop
      vertex -12.9374 1.27422 4
      vertex -12.9374 -1.27422 4
      vertex -12.8593 -1.9075 4
    endloop
  endfacet
  facet normal -0 0 1
    outer loop
      vertex -12.9843 0.637879 4
      vertex -12.9374 -1.27422 4
      vertex -12.9374 1.27422 4
    endloop
  endfacet
  facet normal 0 0 1
    outer loop
      vertex -12.9843 0.637879 4
      vertex -12.9843 -0.637879 4
      vertex -12.9374 -1.27422 4
    endloop
  endfacet
  facet normal 0 -0 1
    outer loop
      vertex -12.9843 -0.637879 4
      vertex -12.9843 0.637879 4
      vertex -13 0 4
    endloop
  endfacet
  facet normal 0.0735033 0.997295 -0
    outer loop
      vertex -0.637879 -12.9843 4
      vertex -1.27422 -12.9374 40.8
      vertex -0.637879 -12.9843 40.8
    endloop
  endfacet
  facet normal 0.0735033 0.997295 0
    outer loop
      vertex -1.27422 -12.9374 40.8
      vertex -0.637879 -12.9843 4
      vertex -1.27422 -12.9374 4
    endloop
  endfacet
  facet normal -0.932959 0.359982 0
    outer loop
      vertex 12.0104 -4.97488 4
      vertex 12.2401 -4.37957 40.8
      vertex 12.2401 -4.37957 4
    endloop
  endfacet
  facet normal -0.932959 0.359982 0
    outer loop
      vertex 12.2401 -4.37957 40.8
      vertex 12.0104 -4.97488 4
      vertex 12.0104 -4.97488 40.8
    endloop
  endfacet
  facet normal 0.219097 -0.975703 0
    outer loop
      vertex -3.15874 12.6104 4
      vertex -2.53617 12.7502 40.8
      vertex -3.15874 12.6104 40.8
    endloop
  endfacet
  facet normal 0.219097 -0.975703 0
    outer loop
      vertex -2.53617 12.7502 40.8
      vertex -3.15874 12.6104 4
      vertex -2.53617 12.7502 4
    endloop
  endfacet
  facet normal -0.975703 0.219097 0
    outer loop
      vertex 12.6104 -3.15874 4
      vertex 12.7502 -2.53617 40.8
      vertex 12.7502 -2.53617 4
    endloop
  endfacet
  facet normal -0.975703 0.219097 0
    outer loop
      vertex 12.7502 -2.53617 40.8
      vertex 12.6104 -3.15874 4
      vertex 12.6104 -3.15874 40.8
    endloop
  endfacet
  facet normal -0.985274 0.170985 0
    outer loop
      vertex 12.7502 -2.53617 4
      vertex 12.8593 -1.9075 40.8
      vertex 12.8593 -1.9075 4
    endloop
  endfacet
  facet normal -0.985274 0.170985 0
    outer loop
      vertex 12.8593 -1.9075 40.8
      vertex 12.7502 -2.53617 4
      vertex 12.7502 -2.53617 40.8
    endloop
  endfacet
  facet normal -0.949553 -0.313608 0
    outer loop
      vertex 12.4402 3.7737 4
      vertex 12.2401 4.37957 40.8
      vertex 12.2401 4.37957 4
    endloop
  endfacet
  facet normal -0.949553 -0.313608 0
    outer loop
      vertex 12.2401 4.37957 40.8
      vertex 12.4402 3.7737 4
      vertex 12.4402 3.7737 40.8
    endloop
  endfacet
  facet normal -0.788317 0.61527 0
    outer loop
      vertex 10.0491 -8.24711 4
      vertex 10.4417 -7.74409 40.8
      vertex 10.4417 -7.74409 4
    endloop
  endfacet
  facet normal -0.788317 0.61527 0
    outer loop
      vertex 10.4417 -7.74409 40.8
      vertex 10.0491 -8.24711 4
      vertex 10.0491 -8.24711 40.8
    endloop
  endfacet
  facet normal -0.893214 0.449632 0
    outer loop
      vertex 11.465 -6.12816 4
      vertex 11.7519 -5.55822 40.8
      vertex 11.7519 -5.55822 4
    endloop
  endfacet
  facet normal -0.893214 0.449632 0
    outer loop
      vertex 11.7519 -5.55822 40.8
      vertex 11.465 -6.12816 4
      vertex 11.465 -6.12816 40.8
    endloop
  endfacet
  facet normal -0.405141 0.914254 0
    outer loop
      vertex 5.55822 -11.7519 4
      vertex 4.97488 -12.0104 40.8
      vertex 5.55822 -11.7519 40.8
    endloop
  endfacet
  facet normal -0.405141 0.914254 0
    outer loop
      vertex 4.97488 -12.0104 40.8
      vertex 5.55822 -11.7519 4
      vertex 4.97488 -12.0104 4
    endloop
  endfacet
  facet normal -0.870091 -0.492892 0
    outer loop
      vertex 11.465 6.12816 4
      vertex 11.1505 6.68334 40.8
      vertex 11.1505 6.68334 4
    endloop
  endfacet
  facet normal -0.870091 -0.492892 0
    outer loop
      vertex 11.1505 6.68334 40.8
      vertex 11.465 6.12816 4
      vertex 11.465 6.12816 40.8
    endloop
  endfacet
  facet normal -0.757237 0.65314 0
    outer loop
      vertex 9.63236 -8.73027 4
      vertex 10.0491 -8.24711 40.8
      vertex 10.0491 -8.24711 4
    endloop
  endfacet
  facet normal -0.757237 0.65314 0
    outer loop
      vertex 10.0491 -8.24711 40.8
      vertex 9.63236 -8.73027 4
      vertex 9.63236 -8.73027 40.8
    endloop
  endfacet
  facet normal -0.963769 0.266738 0
    outer loop
      vertex 12.4402 -3.7737 4
      vertex 12.6104 -3.15874 40.8
      vertex 12.6104 -3.15874 4
    endloop
  endfacet
  facet normal -0.963769 0.266738 0
    outer loop
      vertex 12.6104 -3.15874 40.8
      vertex 12.4402 -3.7737 4
      vertex 12.4402 -3.7737 40.8
    endloop
  endfacet
  facet normal 0.757237 -0.65314 0
    outer loop
      vertex -10.0491 8.24711 40.8
      vertex -9.63236 8.73027 4
      vertex -9.63236 8.73027 40.8
    endloop
  endfacet
  facet normal 0.757237 -0.65314 0
    outer loop
      vertex -9.63236 8.73027 4
      vertex -10.0491 8.24711 40.8
      vertex -10.0491 8.24711 4
    endloop
  endfacet
  facet normal 0.689537 -0.724251 0
    outer loop
      vertex -9.19239 9.19239 4
      vertex -8.73027 9.63236 40.8
      vertex -9.19239 9.19239 40.8
    endloop
  endfacet
  facet normal 0.689537 -0.724251 0
    outer loop
      vertex -8.73027 9.63236 40.8
      vertex -9.19239 9.19239 4
      vertex -8.73027 9.63236 4
    endloop
  endfacet
  facet normal -0.170985 -0.985274 0
    outer loop
      vertex 1.9075 12.8593 4
      vertex 2.53617 12.7502 40.8
      vertex 1.9075 12.8593 40.8
    endloop
  endfacet
  facet normal -0.170985 -0.985274 -0
    outer loop
      vertex 2.53617 12.7502 40.8
      vertex 1.9075 12.8593 4
      vertex 2.53617 12.7502 4
    endloop
  endfacet
  facet normal 0.870091 0.492892 0
    outer loop
      vertex -11.1505 -6.68334 40.8
      vertex -11.465 -6.12816 4
      vertex -11.465 -6.12816 40.8
    endloop
  endfacet
  facet normal 0.870091 0.492892 0
    outer loop
      vertex -11.465 -6.12816 4
      vertex -11.1505 -6.68334 40.8
      vertex -11.1505 -6.68334 4
    endloop
  endfacet
  facet normal 0.0735033 -0.997295 0
    outer loop
      vertex -1.27422 12.9374 4
      vertex -0.637879 12.9843 40.8
      vertex -1.27422 12.9374 40.8
    endloop
  endfacet
  facet normal 0.0735033 -0.997295 0
    outer loop
      vertex -0.637879 12.9843 40.8
      vertex -1.27422 12.9374 4
      vertex -0.637879 12.9843 4
    endloop
  endfacet
  facet normal 0.757237 0.65314 0
    outer loop
      vertex -9.63236 -8.73027 40.8
      vertex -10.0491 -8.24711 4
      vertex -10.0491 -8.24711 40.8
    endloop
  endfacet
  facet normal 0.757237 0.65314 0
    outer loop
      vertex -10.0491 -8.24711 4
      vertex -9.63236 -8.73027 40.8
      vertex -9.63236 -8.73027 4
    endloop
  endfacet
  facet normal -0.266738 0.963769 0
    outer loop
      vertex 3.7737 -12.4402 4
      vertex 3.15874 -12.6104 40.8
      vertex 3.7737 -12.4402 40.8
    endloop
  endfacet
  facet normal -0.266738 0.963769 0
    outer loop
      vertex 3.15874 -12.6104 40.8
      vertex 3.7737 -12.4402 4
      vertex 3.15874 -12.6104 4
    endloop
  endfacet
  facet normal -0.985274 -0.170985 0
    outer loop
      vertex 12.8593 1.9075 4
      vertex 12.7502 2.53617 40.8
      vertex 12.7502 2.53617 4
    endloop
  endfacet
  facet normal -0.985274 -0.170985 0
    outer loop
      vertex 12.7502 2.53617 40.8
      vertex 12.8593 1.9075 4
      vertex 12.8593 1.9075 40.8
    endloop
  endfacet
  facet normal 0.122399 -0.992481 0
    outer loop
      vertex -1.9075 12.8593 4
      vertex -1.27422 12.9374 40.8
      vertex -1.9075 12.8593 40.8
    endloop
  endfacet
  facet normal 0.122399 -0.992481 0
    outer loop
      vertex -1.27422 12.9374 40.8
      vertex -1.9075 12.8593 4
      vertex -1.27422 12.9374 4
    endloop
  endfacet
  facet normal 0.65314 0.757237 -0
    outer loop
      vertex -8.24711 -10.0491 4
      vertex -8.73027 -9.63236 40.8
      vertex -8.24711 -10.0491 40.8
    endloop
  endfacet
  facet normal 0.65314 0.757237 0
    outer loop
      vertex -8.73027 -9.63236 40.8
      vertex -8.24711 -10.0491 4
      vertex -8.73027 -9.63236 4
    endloop
  endfacet
  facet normal -0.689537 -0.724251 0
    outer loop
      vertex 8.73027 9.63236 4
      vertex 9.19239 9.19239 40.8
      vertex 8.73027 9.63236 40.8
    endloop
  endfacet
  facet normal -0.689537 -0.724251 -0
    outer loop
      vertex 9.19239 9.19239 40.8
      vertex 8.73027 9.63236 4
      vertex 9.19239 9.19239 4
    endloop
  endfacet
  facet normal 0.170985 0.985274 -0
    outer loop
      vertex -1.9075 -12.8593 4
      vertex -2.53617 -12.7502 40.8
      vertex -1.9075 -12.8593 40.8
    endloop
  endfacet
  facet normal 0.170985 0.985274 0
    outer loop
      vertex -2.53617 -12.7502 40.8
      vertex -1.9075 -12.8593 4
      vertex -2.53617 -12.7502 4
    endloop
  endfacet
  facet normal -0.870091 0.492892 0
    outer loop
      vertex 11.1505 -6.68334 4
      vertex 11.465 -6.12816 40.8
      vertex 11.465 -6.12816 4
    endloop
  endfacet
  facet normal -0.870091 0.492892 0
    outer loop
      vertex 11.465 -6.12816 40.8
      vertex 11.1505 -6.68334 4
      vertex 11.1505 -6.68334 40.8
    endloop
  endfacet
  facet normal 0.724251 -0.689537 0
    outer loop
      vertex -9.63236 8.73027 40.8
      vertex -9.19239 9.19239 4
      vertex -9.19239 9.19239 40.8
    endloop
  endfacet
  facet normal 0.724251 -0.689537 0
    outer loop
      vertex -9.19239 9.19239 4
      vertex -9.63236 8.73027 40.8
      vertex -9.63236 8.73027 4
    endloop
  endfacet
  facet normal -0.992481 0.122399 0
    outer loop
      vertex 12.8593 -1.9075 4
      vertex 12.9374 -1.27422 40.8
      vertex 12.9374 -1.27422 4
    endloop
  endfacet
  facet normal -0.992481 0.122399 0
    outer loop
      vertex 12.9374 -1.27422 40.8
      vertex 12.8593 -1.9075 4
      vertex 12.8593 -1.9075 40.8
    endloop
  endfacet
  facet normal 0.949553 0.313608 0
    outer loop
      vertex -12.2401 -4.37957 40.8
      vertex -12.4402 -3.7737 4
      vertex -12.4402 -3.7737 40.8
    endloop
  endfacet
  facet normal 0.949553 0.313608 0
    outer loop
      vertex -12.4402 -3.7737 4
      vertex -12.2401 -4.37957 40.8
      vertex -12.2401 -4.37957 4
    endloop
  endfacet
  facet normal 0.932959 -0.359982 0
    outer loop
      vertex -12.2401 4.37957 40.8
      vertex -12.0104 4.97488 4
      vertex -12.0104 4.97488 40.8
    endloop
  endfacet
  facet normal 0.932959 -0.359982 0
    outer loop
      vertex -12.0104 4.97488 4
      vertex -12.2401 4.37957 40.8
      vertex -12.2401 4.37957 4
    endloop
  endfacet
  facet normal 0.999697 -0.0246054 0
    outer loop
      vertex -13 0 40.8
      vertex -12.9843 0.637879 4
      vertex -12.9843 0.637879 40.8
    endloop
  endfacet
  facet normal 0.999697 -0.0246054 0
    outer loop
      vertex -12.9843 0.637879 4
      vertex -13 0 40.8
      vertex -13 0 4
    endloop
  endfacet
  facet normal -0.405141 -0.914254 0
    outer loop
      vertex 4.97488 12.0104 4
      vertex 5.55822 11.7519 40.8
      vertex 4.97488 12.0104 40.8
    endloop
  endfacet
  facet normal -0.405141 -0.914254 -0
    outer loop
      vertex 5.55822 11.7519 40.8
      vertex 4.97488 12.0104 4
      vertex 5.55822 11.7519 4
    endloop
  endfacet
  facet normal 0.689537 0.724251 -0
    outer loop
      vertex -8.73027 -9.63236 4
      vertex -9.19239 -9.19239 40.8
      vertex -8.73027 -9.63236 40.8
    endloop
  endfacet
  facet normal 0.689537 0.724251 0
    outer loop
      vertex -9.19239 -9.19239 40.8
      vertex -8.73027 -9.63236 4
      vertex -9.19239 -9.19239 4
    endloop
  endfacet
  facet normal 0.997295 0.0735033 0
    outer loop
      vertex -12.9374 -1.27422 40.8
      vertex -12.9843 -0.637879 4
      vertex -12.9843 -0.637879 40.8
    endloop
  endfacet
  facet normal 0.997295 0.0735033 0
    outer loop
      vertex -12.9843 -0.637879 4
      vertex -12.9374 -1.27422 40.8
      vertex -12.9374 -1.27422 4
    endloop
  endfacet
  facet normal -0.757237 -0.65314 0
    outer loop
      vertex 10.0491 8.24711 4
      vertex 9.63236 8.73027 40.8
      vertex 9.63236 8.73027 4
    endloop
  endfacet
  facet normal -0.757237 -0.65314 0
    outer loop
      vertex 9.63236 8.73027 40.8
      vertex 10.0491 8.24711 4
      vertex 10.0491 8.24711 40.8
    endloop
  endfacet
  facet normal 0.492892 0.870091 -0
    outer loop
      vertex -6.12816 -11.465 4
      vertex -6.68334 -11.1505 40.8
      vertex -6.12816 -11.465 40.8
    endloop
  endfacet
  facet normal 0.492892 0.870091 0
    outer loop
      vertex -6.68334 -11.1505 40.8
      vertex -6.12816 -11.465 4
      vertex -6.68334 -11.1505 4
    endloop
  endfacet
  facet normal -0.949553 0.313608 0
    outer loop
      vertex 12.2401 -4.37957 4
      vertex 12.4402 -3.7737 40.8
      vertex 12.4402 -3.7737 4
    endloop
  endfacet
  facet normal -0.949553 0.313608 0
    outer loop
      vertex 12.4402 -3.7737 40.8
      vertex 12.2401 -4.37957 4
      vertex 12.2401 -4.37957 40.8
    endloop
  endfacet
  facet normal -0.266738 -0.963769 0
    outer loop
      vertex 3.15874 12.6104 4
      vertex 3.7737 12.4402 40.8
      vertex 3.15874 12.6104 40.8
    endloop
  endfacet
  facet normal -0.266738 -0.963769 -0
    outer loop
      vertex 3.7737 12.4402 40.8
      vertex 3.15874 12.6104 4
      vertex 3.7737 12.4402 4
    endloop
  endfacet
  facet normal -0.724251 -0.689537 0
    outer loop
      vertex 9.63236 8.73027 4
      vertex 9.19239 9.19239 40.8
      vertex 9.19239 9.19239 4
    endloop
  endfacet
  facet normal -0.724251 -0.689537 0
    outer loop
      vertex 9.19239 9.19239 40.8
      vertex 9.63236 8.73027 4
      vertex 9.63236 8.73027 40.8
    endloop
  endfacet
  facet normal -0.997295 0.0735033 0
    outer loop
      vertex 12.9374 -1.27422 4
      vertex 12.9843 -0.637879 40.8
      vertex 12.9843 -0.637879 4
    endloop
  endfacet
  facet normal -0.997295 0.0735033 0
    outer loop
      vertex 12.9843 -0.637879 40.8
      vertex 12.9374 -1.27422 4
      vertex 12.9374 -1.27422 40.8
    endloop
  endfacet
  facet normal 0.0246054 0.999697 -0
    outer loop
      vertex 0 -13 4
      vertex -0.637879 -12.9843 40.8
      vertex 0 -13 40.8
    endloop
  endfacet
  facet normal 0.0246054 0.999697 0
    outer loop
      vertex -0.637879 -12.9843 40.8
      vertex 0 -13 4
      vertex -0.637879 -12.9843 4
    endloop
  endfacet
  facet normal -0.0246054 0.999697 0
    outer loop
      vertex 0.637879 -12.9843 4
      vertex 0 -13 40.8
      vertex 0.637879 -12.9843 40.8
    endloop
  endfacet
  facet normal -0.0246054 0.999697 0
    outer loop
      vertex 0 -13 40.8
      vertex 0.637879 -12.9843 4
      vertex 0 -13 4
    endloop
  endfacet
  facet normal 0.975703 0.219097 0
    outer loop
      vertex -12.6104 -3.15874 40.8
      vertex -12.7502 -2.53617 4
      vertex -12.7502 -2.53617 40.8
    endloop
  endfacet
  facet normal 0.975703 0.219097 0
    outer loop
      vertex -12.7502 -2.53617 4
      vertex -12.6104 -3.15874 40.8
      vertex -12.6104 -3.15874 4
    endloop
  endfacet
  facet normal -0.914254 0.405141 0
    outer loop
      vertex 11.7519 -5.55822 4
      vertex 12.0104 -4.97488 40.8
      vertex 12.0104 -4.97488 4
    endloop
  endfacet
  facet normal -0.914254 0.405141 0
    outer loop
      vertex 12.0104 -4.97488 40.8
      vertex 11.7519 -5.55822 4
      vertex 11.7519 -5.55822 40.8
    endloop
  endfacet
  facet normal 0.359982 0.932959 -0
    outer loop
      vertex -4.37957 -12.2401 4
      vertex -4.97488 -12.0104 40.8
      vertex -4.37957 -12.2401 40.8
    endloop
  endfacet
  facet normal 0.359982 0.932959 0
    outer loop
      vertex -4.97488 -12.0104 40.8
      vertex -4.37957 -12.2401 4
      vertex -4.97488 -12.0104 4
    endloop
  endfacet
  facet normal -0.449632 -0.893214 0
    outer loop
      vertex 5.55822 11.7519 4
      vertex 6.12816 11.465 40.8
      vertex 5.55822 11.7519 40.8
    endloop
  endfacet
  facet normal -0.449632 -0.893214 -0
    outer loop
      vertex 6.12816 11.465 40.8
      vertex 5.55822 11.7519 4
      vertex 6.12816 11.465 4
    endloop
  endfacet
  facet normal 0.449632 0.893214 -0
    outer loop
      vertex -5.55822 -11.7519 4
      vertex -6.12816 -11.465 40.8
      vertex -5.55822 -11.7519 40.8
    endloop
  endfacet
  facet normal 0.449632 0.893214 0
    outer loop
      vertex -6.12816 -11.465 40.8
      vertex -5.55822 -11.7519 4
      vertex -6.12816 -11.465 4
    endloop
  endfacet
  facet normal -0.817591 0.575799 0
    outer loop
      vertex 10.4417 -7.74409 4
      vertex 10.8091 -7.22241 40.8
      vertex 10.8091 -7.22241 4
    endloop
  endfacet
  facet normal -0.817591 0.575799 0
    outer loop
      vertex 10.8091 -7.22241 40.8
      vertex 10.4417 -7.74409 4
      vertex 10.4417 -7.74409 40.8
    endloop
  endfacet
  facet normal 0.985274 -0.170985 0
    outer loop
      vertex -12.8593 1.9075 40.8
      vertex -12.7502 2.53617 4
      vertex -12.7502 2.53617 40.8
    endloop
  endfacet
  facet normal 0.985274 -0.170985 0
    outer loop
      vertex -12.7502 2.53617 4
      vertex -12.8593 1.9075 40.8
      vertex -12.8593 1.9075 4
    endloop
  endfacet
  facet normal -0.313608 -0.949553 0
    outer loop
      vertex 3.7737 12.4402 4
      vertex 4.37957 12.2401 40.8
      vertex 3.7737 12.4402 40.8
    endloop
  endfacet
  facet normal -0.313608 -0.949553 -0
    outer loop
      vertex 4.37957 12.2401 40.8
      vertex 3.7737 12.4402 4
      vertex 4.37957 12.2401 4
    endloop
  endfacet
  facet normal -0.65314 0.757237 0
    outer loop
      vertex 8.73027 -9.63236 4
      vertex 8.24711 -10.0491 40.8
      vertex 8.73027 -9.63236 40.8
    endloop
  endfacet
  facet normal -0.65314 0.757237 0
    outer loop
      vertex 8.24711 -10.0491 40.8
      vertex 8.73027 -9.63236 4
      vertex 8.24711 -10.0491 4
    endloop
  endfacet
  facet normal 0.313608 -0.949553 0
    outer loop
      vertex -4.37957 12.2401 4
      vertex -3.7737 12.4402 40.8
      vertex -4.37957 12.2401 40.8
    endloop
  endfacet
  facet normal 0.313608 -0.949553 0
    outer loop
      vertex -3.7737 12.4402 40.8
      vertex -4.37957 12.2401 4
      vertex -3.7737 12.4402 4
    endloop
  endfacet
  facet normal -0.122399 -0.992481 0
    outer loop
      vertex 1.27422 12.9374 4
      vertex 1.9075 12.8593 40.8
      vertex 1.27422 12.9374 40.8
    endloop
  endfacet
  facet normal -0.122399 -0.992481 -0
    outer loop
      vertex 1.9075 12.8593 40.8
      vertex 1.27422 12.9374 4
      vertex 1.9075 12.8593 4
    endloop
  endfacet
  facet normal 0.985274 0.170985 0
    outer loop
      vertex -12.7502 -2.53617 40.8
      vertex -12.8593 -1.9075 4
      vertex -12.8593 -1.9075 40.8
    endloop
  endfacet
  facet normal 0.985274 0.170985 0
    outer loop
      vertex -12.8593 -1.9075 4
      vertex -12.7502 -2.53617 40.8
      vertex -12.7502 -2.53617 4
    endloop
  endfacet
  facet normal -0.575799 0.817591 0
    outer loop
      vertex 7.74409 -10.4417 4
      vertex 7.22241 -10.8091 40.8
      vertex 7.74409 -10.4417 40.8
    endloop
  endfacet
  facet normal -0.575799 0.817591 0
    outer loop
      vertex 7.22241 -10.8091 40.8
      vertex 7.74409 -10.4417 4
      vertex 7.22241 -10.8091 4
    endloop
  endfacet
  facet normal 0.724251 0.689537 0
    outer loop
      vertex -9.19239 -9.19239 40.8
      vertex -9.63236 -8.73027 4
      vertex -9.63236 -8.73027 40.8
    endloop
  endfacet
  facet normal 0.724251 0.689537 0
    outer loop
      vertex -9.63236 -8.73027 4
      vertex -9.19239 -9.19239 40.8
      vertex -9.19239 -9.19239 4
    endloop
  endfacet
  facet normal -0.817591 -0.575799 0
    outer loop
      vertex 10.8091 7.22241 4
      vertex 10.4417 7.74409 40.8
      vertex 10.4417 7.74409 4
    endloop
  endfacet
  facet normal -0.817591 -0.575799 0
    outer loop
      vertex 10.4417 7.74409 40.8
      vertex 10.8091 7.22241 4
      vertex 10.8091 7.22241 40.8
    endloop
  endfacet
  facet normal 0.53504 0.844827 -0
    outer loop
      vertex -6.68334 -11.1505 4
      vertex -7.22241 -10.8091 40.8
      vertex -6.68334 -11.1505 40.8
    endloop
  endfacet
  facet normal 0.53504 0.844827 0
    outer loop
      vertex -7.22241 -10.8091 40.8
      vertex -6.68334 -11.1505 4
      vertex -7.22241 -10.8091 4
    endloop
  endfacet
  facet normal -0.893214 -0.449632 0
    outer loop
      vertex 11.7519 5.55822 4
      vertex 11.465 6.12816 40.8
      vertex 11.465 6.12816 4
    endloop
  endfacet
  facet normal -0.893214 -0.449632 0
    outer loop
      vertex 11.465 6.12816 40.8
      vertex 11.7519 5.55822 4
      vertex 11.7519 5.55822 40.8
    endloop
  endfacet
  facet normal -0.724251 0.689537 0
    outer loop
      vertex 9.19239 -9.19239 4
      vertex 9.63236 -8.73027 40.8
      vertex 9.63236 -8.73027 4
    endloop
  endfacet
  facet normal -0.724251 0.689537 0
    outer loop
      vertex 9.63236 -8.73027 40.8
      vertex 9.19239 -9.19239 4
      vertex 9.19239 -9.19239 40.8
    endloop
  endfacet
  facet normal 0.999697 0.0246054 0
    outer loop
      vertex -12.9843 -0.637879 40.8
      vertex -13 0 4
      vertex -13 0 40.8
    endloop
  endfacet
  facet normal 0.999697 0.0246054 0
    outer loop
      vertex -13 0 4
      vertex -12.9843 -0.637879 40.8
      vertex -12.9843 -0.637879 4
    endloop
  endfacet
  facet normal -0.932959 -0.359982 0
    outer loop
      vertex 12.2401 4.37957 4
      vertex 12.0104 4.97488 40.8
      vertex 12.0104 4.97488 4
    endloop
  endfacet
  facet normal -0.932959 -0.359982 0
    outer loop
      vertex 12.0104 4.97488 40.8
      vertex 12.2401 4.37957 4
      vertex 12.2401 4.37957 40.8
    endloop
  endfacet
  facet normal -0.999697 0.0246054 0
    outer loop
      vertex 12.9843 -0.637879 4
      vertex 13 0 40.8
      vertex 13 0 4
    endloop
  endfacet
  facet normal -0.999697 0.0246054 0
    outer loop
      vertex 13 0 40.8
      vertex 12.9843 -0.637879 4
      vertex 12.9843 -0.637879 40.8
    endloop
  endfacet
  facet normal 0.817591 -0.575799 0
    outer loop
      vertex -10.8091 7.22241 40.8
      vertex -10.4417 7.74409 4
      vertex -10.4417 7.74409 40.8
    endloop
  endfacet
  facet normal 0.817591 -0.575799 0
    outer loop
      vertex -10.4417 7.74409 4
      vertex -10.8091 7.22241 40.8
      vertex -10.8091 7.22241 4
    endloop
  endfacet
  facet normal -0.0735033 -0.997295 0
    outer loop
      vertex 0.637879 12.9843 4
      vertex 1.27422 12.9374 40.8
      vertex 0.637879 12.9843 40.8
    endloop
  endfacet
  facet normal -0.0735033 -0.997295 -0
    outer loop
      vertex 1.27422 12.9374 40.8
      vertex 0.637879 12.9843 4
      vertex 1.27422 12.9374 4
    endloop
  endfacet
  facet normal -0.689537 0.724251 0
    outer loop
      vertex 9.19239 -9.19239 4
      vertex 8.73027 -9.63236 40.8
      vertex 9.19239 -9.19239 40.8
    endloop
  endfacet
  facet normal -0.689537 0.724251 0
    outer loop
      vertex 8.73027 -9.63236 40.8
      vertex 9.19239 -9.19239 4
      vertex 8.73027 -9.63236 4
    endloop
  endfacet
  facet normal 0.992481 0.122399 0
    outer loop
      vertex -12.8593 -1.9075 40.8
      vertex -12.9374 -1.27422 4
      vertex -12.9374 -1.27422 40.8
    endloop
  endfacet
  facet normal 0.992481 0.122399 0
    outer loop
      vertex -12.9374 -1.27422 4
      vertex -12.8593 -1.9075 40.8
      vertex -12.8593 -1.9075 4
    endloop
  endfacet
  facet normal -0.975703 -0.219097 0
    outer loop
      vertex 12.7502 2.53617 4
      vertex 12.6104 3.15874 40.8
      vertex 12.6104 3.15874 4
    endloop
  endfacet
  facet normal -0.975703 -0.219097 0
    outer loop
      vertex 12.6104 3.15874 40.8
      vertex 12.7502 2.53617 4
      vertex 12.7502 2.53617 40.8
    endloop
  endfacet
  facet normal -0.914254 -0.405141 0
    outer loop
      vertex 12.0104 4.97488 4
      vertex 11.7519 5.55822 40.8
      vertex 11.7519 5.55822 4
    endloop
  endfacet
  facet normal -0.914254 -0.405141 0
    outer loop
      vertex 11.7519 5.55822 40.8
      vertex 12.0104 4.97488 4
      vertex 12.0104 4.97488 40.8
    endloop
  endfacet
  facet normal -0.963769 -0.266738 0
    outer loop
      vertex 12.6104 3.15874 4
      vertex 12.4402 3.7737 40.8
      vertex 12.4402 3.7737 4
    endloop
  endfacet
  facet normal -0.963769 -0.266738 0
    outer loop
      vertex 12.4402 3.7737 40.8
      vertex 12.6104 3.15874 4
      vertex 12.6104 3.15874 40.8
    endloop
  endfacet
  facet normal -0.219097 -0.975703 0
    outer loop
      vertex 2.53617 12.7502 4
      vertex 3.15874 12.6104 40.8
      vertex 2.53617 12.7502 40.8
    endloop
  endfacet
  facet normal -0.219097 -0.975703 -0
    outer loop
      vertex 3.15874 12.6104 40.8
      vertex 2.53617 12.7502 4
      vertex 3.15874 12.6104 4
    endloop
  endfacet
  facet normal -0.53504 0.844827 0
    outer loop
      vertex 7.22241 -10.8091 4
      vertex 6.68334 -11.1505 40.8
      vertex 7.22241 -10.8091 40.8
    endloop
  endfacet
  facet normal -0.53504 0.844827 0
    outer loop
      vertex 6.68334 -11.1505 40.8
      vertex 7.22241 -10.8091 4
      vertex 6.68334 -11.1505 4
    endloop
  endfacet
  facet normal -0.575799 -0.817591 0
    outer loop
      vertex 7.22241 10.8091 4
      vertex 7.74409 10.4417 40.8
      vertex 7.22241 10.8091 40.8
    endloop
  endfacet
  facet normal -0.575799 -0.817591 -0
    outer loop
      vertex 7.74409 10.4417 40.8
      vertex 7.22241 10.8091 4
      vertex 7.74409 10.4417 4
    endloop
  endfacet
  facet normal 0.359982 -0.932959 0
    outer loop
      vertex -4.97488 12.0104 4
      vertex -4.37957 12.2401 40.8
      vertex -4.97488 12.0104 40.8
    endloop
  endfacet
  facet normal 0.359982 -0.932959 0
    outer loop
      vertex -4.37957 12.2401 40.8
      vertex -4.97488 12.0104 4
      vertex -4.37957 12.2401 4
    endloop
  endfacet
  facet normal 0.0246054 -0.999697 0
    outer loop
      vertex -0.637879 12.9843 4
      vertex 0 13 40.8
      vertex -0.637879 12.9843 40.8
    endloop
  endfacet
  facet normal 0.0246054 -0.999697 0
    outer loop
      vertex 0 13 40.8
      vertex -0.637879 12.9843 4
      vertex 0 13 4
    endloop
  endfacet
  facet normal -0.61527 -0.788317 0
    outer loop
      vertex 7.74409 10.4417 4
      vertex 8.24711 10.0491 40.8
      vertex 7.74409 10.4417 40.8
    endloop
  endfacet
  facet normal -0.61527 -0.788317 -0
    outer loop
      vertex 8.24711 10.0491 40.8
      vertex 7.74409 10.4417 4
      vertex 8.24711 10.0491 4
    endloop
  endfacet
  facet normal 0.313608 0.949553 -0
    outer loop
      vertex -3.7737 -12.4402 4
      vertex -4.37957 -12.2401 40.8
      vertex -3.7737 -12.4402 40.8
    endloop
  endfacet
  facet normal 0.313608 0.949553 0
    outer loop
      vertex -4.37957 -12.2401 40.8
      vertex -3.7737 -12.4402 4
      vertex -4.37957 -12.2401 4
    endloop
  endfacet
  facet normal 0.65314 -0.757237 0
    outer loop
      vertex -8.73027 9.63236 4
      vertex -8.24711 10.0491 40.8
      vertex -8.73027 9.63236 40.8
    endloop
  endfacet
  facet normal 0.65314 -0.757237 0
    outer loop
      vertex -8.24711 10.0491 40.8
      vertex -8.73027 9.63236 4
      vertex -8.24711 10.0491 4
    endloop
  endfacet
  facet normal 0.170985 -0.985274 0
    outer loop
      vertex -2.53617 12.7502 4
      vertex -1.9075 12.8593 40.8
      vertex -2.53617 12.7502 40.8
    endloop
  endfacet
  facet normal 0.170985 -0.985274 0
    outer loop
      vertex -1.9075 12.8593 40.8
      vertex -2.53617 12.7502 4
      vertex -1.9075 12.8593 4
    endloop
  endfacet
  facet normal 0.932959 0.359982 0
    outer loop
      vertex -12.0104 -4.97488 40.8
      vertex -12.2401 -4.37957 4
      vertex -12.2401 -4.37957 40.8
    endloop
  endfacet
  facet normal 0.932959 0.359982 0
    outer loop
      vertex -12.2401 -4.37957 4
      vertex -12.0104 -4.97488 40.8
      vertex -12.0104 -4.97488 4
    endloop
  endfacet
  facet normal 0.266738 0.963769 -0
    outer loop
      vertex -3.15874 -12.6104 4
      vertex -3.7737 -12.4402 40.8
      vertex -3.15874 -12.6104 40.8
    endloop
  endfacet
  facet normal 0.266738 0.963769 0
    outer loop
      vertex -3.7737 -12.4402 40.8
      vertex -3.15874 -12.6104 4
      vertex -3.7737 -12.4402 4
    endloop
  endfacet
  facet normal 0.219097 0.975703 -0
    outer loop
      vertex -2.53617 -12.7502 4
      vertex -3.15874 -12.6104 40.8
      vertex -2.53617 -12.7502 40.8
    endloop
  endfacet
  facet normal 0.219097 0.975703 0
    outer loop
      vertex -3.15874 -12.6104 40.8
      vertex -2.53617 -12.7502 4
      vertex -3.15874 -12.6104 4
    endloop
  endfacet
  facet normal -0.844827 0.53504 0
    outer loop
      vertex 10.8091 -7.22241 4
      vertex 11.1505 -6.68334 40.8
      vertex 11.1505 -6.68334 4
    endloop
  endfacet
  facet normal -0.844827 0.53504 0
    outer loop
      vertex 11.1505 -6.68334 40.8
      vertex 10.8091 -7.22241 4
      vertex 10.8091 -7.22241 40.8
    endloop
  endfacet
  facet normal -0.122399 0.992481 0
    outer loop
      vertex 1.9075 -12.8593 4
      vertex 1.27422 -12.9374 40.8
      vertex 1.9075 -12.8593 40.8
    endloop
  endfacet
  facet normal -0.122399 0.992481 0
    outer loop
      vertex 1.27422 -12.9374 40.8
      vertex 1.9075 -12.8593 4
      vertex 1.27422 -12.9374 4
    endloop
  endfacet
  facet normal 0.575799 -0.817591 0
    outer loop
      vertex -7.74409 10.4417 4
      vertex -7.22241 10.8091 40.8
      vertex -7.74409 10.4417 40.8
    endloop
  endfacet
  facet normal 0.575799 -0.817591 0
    outer loop
      vertex -7.22241 10.8091 40.8
      vertex -7.74409 10.4417 4
      vertex -7.22241 10.8091 4
    endloop
  endfacet
  facet normal -0.492892 0.870091 0
    outer loop
      vertex 6.68334 -11.1505 4
      vertex 6.12816 -11.465 40.8
      vertex 6.68334 -11.1505 40.8
    endloop
  endfacet
  facet normal -0.492892 0.870091 0
    outer loop
      vertex 6.12816 -11.465 40.8
      vertex 6.68334 -11.1505 4
      vertex 6.12816 -11.465 4
    endloop
  endfacet
  facet normal 0.844827 -0.53504 0
    outer loop
      vertex -11.1505 6.68334 40.8
      vertex -10.8091 7.22241 4
      vertex -10.8091 7.22241 40.8
    endloop
  endfacet
  facet normal 0.844827 -0.53504 0
    outer loop
      vertex -10.8091 7.22241 4
      vertex -11.1505 6.68334 40.8
      vertex -11.1505 6.68334 4
    endloop
  endfacet
  facet normal -0.313608 0.949553 0
    outer loop
      vertex 4.37957 -12.2401 4
      vertex 3.7737 -12.4402 40.8
      vertex 4.37957 -12.2401 40.8
    endloop
  endfacet
  facet normal -0.313608 0.949553 0
    outer loop
      vertex 3.7737 -12.4402 40.8
      vertex 4.37957 -12.2401 4
      vertex 3.7737 -12.4402 4
    endloop
  endfacet
  facet normal -0.449632 0.893214 0
    outer loop
      vertex 6.12816 -11.465 4
      vertex 5.55822 -11.7519 40.8
      vertex 6.12816 -11.465 40.8
    endloop
  endfacet
  facet normal -0.449632 0.893214 0
    outer loop
      vertex 5.55822 -11.7519 40.8
      vertex 6.12816 -11.465 4
      vertex 5.55822 -11.7519 4
    endloop
  endfacet
  facet normal 0.893214 0.449632 0
    outer loop
      vertex -11.465 -6.12816 40.8
      vertex -11.7519 -5.55822 4
      vertex -11.7519 -5.55822 40.8
    endloop
  endfacet
  facet normal 0.893214 0.449632 0
    outer loop
      vertex -11.7519 -5.55822 4
      vertex -11.465 -6.12816 40.8
      vertex -11.465 -6.12816 4
    endloop
  endfacet
  facet normal 0.788317 -0.61527 0
    outer loop
      vertex -10.4417 7.74409 40.8
      vertex -10.0491 8.24711 4
      vertex -10.0491 8.24711 40.8
    endloop
  endfacet
  facet normal 0.788317 -0.61527 0
    outer loop
      vertex -10.0491 8.24711 4
      vertex -10.4417 7.74409 40.8
      vertex -10.4417 7.74409 4
    endloop
  endfacet
  facet normal 0.975703 -0.219097 0
    outer loop
      vertex -12.7502 2.53617 40.8
      vertex -12.6104 3.15874 4
      vertex -12.6104 3.15874 40.8
    endloop
  endfacet
  facet normal 0.975703 -0.219097 0
    outer loop
      vertex -12.6104 3.15874 4
      vertex -12.7502 2.53617 40.8
      vertex -12.7502 2.53617 4
    endloop
  endfacet
  facet normal -0.61527 0.788317 0
    outer loop
      vertex 8.24711 -10.0491 4
      vertex 7.74409 -10.4417 40.8
      vertex 8.24711 -10.0491 40.8
    endloop
  endfacet
  facet normal -0.61527 0.788317 0
    outer loop
      vertex 7.74409 -10.4417 40.8
      vertex 8.24711 -10.0491 4
      vertex 7.74409 -10.4417 4
    endloop
  endfacet
  facet normal 0.449632 -0.893214 0
    outer loop
      vertex -6.12816 11.465 4
      vertex -5.55822 11.7519 40.8
      vertex -6.12816 11.465 40.8
    endloop
  endfacet
  facet normal 0.449632 -0.893214 0
    outer loop
      vertex -5.55822 11.7519 40.8
      vertex -6.12816 11.465 4
      vertex -5.55822 11.7519 4
    endloop
  endfacet
  facet normal -0.492892 -0.870091 0
    outer loop
      vertex 6.12816 11.465 4
      vertex 6.68334 11.1505 40.8
      vertex 6.12816 11.465 40.8
    endloop
  endfacet
  facet normal -0.492892 -0.870091 -0
    outer loop
      vertex 6.68334 11.1505 40.8
      vertex 6.12816 11.465 4
      vertex 6.68334 11.1505 4
    endloop
  endfacet
  facet normal -0.53504 -0.844827 0
    outer loop
      vertex 6.68334 11.1505 4
      vertex 7.22241 10.8091 40.8
      vertex 6.68334 11.1505 40.8
    endloop
  endfacet
  facet normal -0.53504 -0.844827 -0
    outer loop
      vertex 7.22241 10.8091 40.8
      vertex 6.68334 11.1505 4
      vertex 7.22241 10.8091 4
    endloop
  endfacet
  facet normal -0.0246054 -0.999697 0
    outer loop
      vertex 0 13 4
      vertex 0.637879 12.9843 40.8
      vertex 0 13 40.8
    endloop
  endfacet
  facet normal -0.0246054 -0.999697 -0
    outer loop
      vertex 0.637879 12.9843 40.8
      vertex 0 13 4
      vertex 0.637879 12.9843 4
    endloop
  endfacet
  facet normal 0.492892 -0.870091 0
    outer loop
      vertex -6.68334 11.1505 4
      vertex -6.12816 11.465 40.8
      vertex -6.68334 11.1505 40.8
    endloop
  endfacet
  facet normal 0.492892 -0.870091 0
    outer loop
      vertex -6.12816 11.465 40.8
      vertex -6.68334 11.1505 4
      vertex -6.12816 11.465 4
    endloop
  endfacet
  facet normal 0.53504 -0.844827 0
    outer loop
      vertex -7.22241 10.8091 4
      vertex -6.68334 11.1505 40.8
      vertex -7.22241 10.8091 40.8
    endloop
  endfacet
  facet normal 0.53504 -0.844827 0
    outer loop
      vertex -6.68334 11.1505 40.8
      vertex -7.22241 10.8091 4
      vertex -6.68334 11.1505 4
    endloop
  endfacet
  facet normal 0.122399 0.992481 -0
    outer loop
      vertex -1.27422 -12.9374 4
      vertex -1.9075 -12.8593 40.8
      vertex -1.27422 -12.9374 40.8
    endloop
  endfacet
  facet normal 0.122399 0.992481 0
    outer loop
      vertex -1.9075 -12.8593 40.8
      vertex -1.27422 -12.9374 4
      vertex -1.9075 -12.8593 4
    endloop
  endfacet
  facet normal 0.61527 0.788317 -0
    outer loop
      vertex -7.74409 -10.4417 4
      vertex -8.24711 -10.0491 40.8
      vertex -7.74409 -10.4417 40.8
    endloop
  endfacet
  facet normal 0.61527 0.788317 0
    outer loop
      vertex -8.24711 -10.0491 40.8
      vertex -7.74409 -10.4417 4
      vertex -8.24711 -10.0491 4
    endloop
  endfacet
  facet normal -0.359982 -0.932959 0
    outer loop
      vertex 4.37957 12.2401 4
      vertex 4.97488 12.0104 40.8
      vertex 4.37957 12.2401 40.8
    endloop
  endfacet
  facet normal -0.359982 -0.932959 -0
    outer loop
      vertex 4.97488 12.0104 40.8
      vertex 4.37957 12.2401 4
      vertex 4.97488 12.0104 4
    endloop
  endfacet
  facet normal 0.914254 0.405141 0
    outer loop
      vertex -11.7519 -5.55822 40.8
      vertex -12.0104 -4.97488 4
      vertex -12.0104 -4.97488 40.8
    endloop
  endfacet
  facet normal 0.914254 0.405141 0
    outer loop
      vertex -12.0104 -4.97488 4
      vertex -11.7519 -5.55822 40.8
      vertex -11.7519 -5.55822 4
    endloop
  endfacet
  facet normal -0.359982 0.932959 0
    outer loop
      vertex 4.97488 -12.0104 4
      vertex 4.37957 -12.2401 40.8
      vertex 4.97488 -12.0104 40.8
    endloop
  endfacet
  facet normal -0.359982 0.932959 0
    outer loop
      vertex 4.37957 -12.2401 40.8
      vertex 4.97488 -12.0104 4
      vertex 4.37957 -12.2401 4
    endloop
  endfacet
  facet normal 0.266738 -0.963769 0
    outer loop
      vertex -3.7737 12.4402 4
      vertex -3.15874 12.6104 40.8
      vertex -3.7737 12.4402 40.8
    endloop
  endfacet
  facet normal 0.266738 -0.963769 0
    outer loop
      vertex -3.15874 12.6104 40.8
      vertex -3.7737 12.4402 4
      vertex -3.15874 12.6104 4
    endloop
  endfacet
  facet normal 0.788317 0.61527 0
    outer loop
      vertex -10.0491 -8.24711 40.8
      vertex -10.4417 -7.74409 4
      vertex -10.4417 -7.74409 40.8
    endloop
  endfacet
  facet normal 0.788317 0.61527 0
    outer loop
      vertex -10.4417 -7.74409 4
      vertex -10.0491 -8.24711 40.8
      vertex -10.0491 -8.24711 4
    endloop
  endfacet
  facet normal 0.817591 0.575799 0
    outer loop
      vertex -10.4417 -7.74409 40.8
      vertex -10.8091 -7.22241 4
      vertex -10.8091 -7.22241 40.8
    endloop
  endfacet
  facet normal 0.817591 0.575799 0
    outer loop
      vertex -10.8091 -7.22241 4
      vertex -10.4417 -7.74409 40.8
      vertex -10.4417 -7.74409 4
    endloop
  endfacet
  facet normal 0.893214 -0.449632 0
    outer loop
      vertex -11.7519 5.55822 40.8
      vertex -11.465 6.12816 4
      vertex -11.465 6.12816 40.8
    endloop
  endfacet
  facet normal 0.893214 -0.449632 0
    outer loop
      vertex -11.465 6.12816 4
      vertex -11.7519 5.55822 40.8
      vertex -11.7519 5.55822 4
    endloop
  endfacet
  facet normal -0.788317 -0.61527 0
    outer loop
      vertex 10.4417 7.74409 4
      vertex 10.0491 8.24711 40.8
      vertex 10.0491 8.24711 4
    endloop
  endfacet
  facet normal -0.788317 -0.61527 0
    outer loop
      vertex 10.0491 8.24711 40.8
      vertex 10.4417 7.74409 4
      vertex 10.4417 7.74409 40.8
    endloop
  endfacet
  facet normal 0.914254 -0.405141 0
    outer loop
      vertex -12.0104 4.97488 40.8
      vertex -11.7519 5.55822 4
      vertex -11.7519 5.55822 40.8
    endloop
  endfacet
  facet normal 0.914254 -0.405141 0
    outer loop
      vertex -11.7519 5.55822 4
      vertex -12.0104 4.97488 40.8
      vertex -12.0104 4.97488 4
    endloop
  endfacet
  facet normal 0.963769 0.266738 0
    outer loop
      vertex -12.4402 -3.7737 40.8
      vertex -12.6104 -3.15874 4
      vertex -12.6104 -3.15874 40.8
    endloop
  endfacet
  facet normal 0.963769 0.266738 0
    outer loop
      vertex -12.6104 -3.15874 4
      vertex -12.4402 -3.7737 40.8
      vertex -12.4402 -3.7737 4
    endloop
  endfacet
  facet normal -0.170985 0.985274 0
    outer loop
      vertex 2.53617 -12.7502 4
      vertex 1.9075 -12.8593 40.8
      vertex 2.53617 -12.7502 40.8
    endloop
  endfacet
  facet normal -0.170985 0.985274 0
    outer loop
      vertex 1.9075 -12.8593 40.8
      vertex 2.53617 -12.7502 4
      vertex 1.9075 -12.8593 4
    endloop
  endfacet
  facet normal 0.405141 0.914254 -0
    outer loop
      vertex -4.97488 -12.0104 4
      vertex -5.55822 -11.7519 40.8
      vertex -4.97488 -12.0104 40.8
    endloop
  endfacet
  facet normal 0.405141 0.914254 0
    outer loop
      vertex -5.55822 -11.7519 40.8
      vertex -4.97488 -12.0104 4
      vertex -5.55822 -11.7519 4
    endloop
  endfacet
  facet normal -0.219097 0.975703 0
    outer loop
      vertex 3.15874 -12.6104 4
      vertex 2.53617 -12.7502 40.8
      vertex 3.15874 -12.6104 40.8
    endloop
  endfacet
  facet normal -0.219097 0.975703 0
    outer loop
      vertex 2.53617 -12.7502 40.8
      vertex 3.15874 -12.6104 4
      vertex 2.53617 -12.7502 4
    endloop
  endfacet
  facet normal 0.870091 -0.492892 0
    outer loop
      vertex -11.465 6.12816 40.8
      vertex -11.1505 6.68334 4
      vertex -11.1505 6.68334 40.8
    endloop
  endfacet
  facet normal 0.870091 -0.492892 0
    outer loop
      vertex -11.1505 6.68334 4
      vertex -11.465 6.12816 40.8
      vertex -11.465 6.12816 4
    endloop
  endfacet
  facet normal 0.405141 -0.914254 0
    outer loop
      vertex -5.55822 11.7519 4
      vertex -4.97488 12.0104 40.8
      vertex -5.55822 11.7519 40.8
    endloop
  endfacet
  facet normal 0.405141 -0.914254 0
    outer loop
      vertex -4.97488 12.0104 40.8
      vertex -5.55822 11.7519 4
      vertex -4.97488 12.0104 4
    endloop
  endfacet
  facet normal 0.575799 0.817591 -0
    outer loop
      vertex -7.22241 -10.8091 4
      vertex -7.74409 -10.4417 40.8
      vertex -7.22241 -10.8091 40.8
    endloop
  endfacet
  facet normal 0.575799 0.817591 0
    outer loop
      vertex -7.74409 -10.4417 40.8
      vertex -7.22241 -10.8091 4
      vertex -7.74409 -10.4417 4
    endloop
  endfacet
endsolid OpenSCAD_Model
