solid OpenSCAD_Model
  facet normal 0.707 0.0173332 -0.707001
    outer loop
      vertex 20.2 0 0
      vertex 20.1757 0.991166 0
      vertex 21 0 0.799999
    endloop
  endfacet
  facet normal 0.0520687 -0.70527 -0.707024
    outer loop
      vertex 2.05836 -20.8989 0.799999
      vertex 0.991166 -20.1757 0
      vertex 1.97995 -20.1027 0
    endloop
  endfacet
  facet normal 0.286594 0.646541 -0.707
    outer loop
      vertex 8.97866 18.9838 0.799999
      vertex 7.7302 18.6624 0
      vertex 8.03635 19.4015 0.799999
    endloop
  endfacet
  facet normal 0.690003 0.154923 -0.707032
    outer loop
      vertex 20.5965 4.0969 0.799999
      vertex 19.5946 4.9082 0
      vertex 20.3707 5.10258 0.799999
    endloop
  endfacet
  facet normal 0.348575 0.61533 -0.707011
    outer loop
      vertex 10.3849 17.3261 0
      vertex 9.52221 17.8148 0
      vertex 10.7962 18.0123 0.799999
    endloop
  endfacet
  facet normal 0.659831 -0.254508 -0.707
    outer loop
      vertex 19.4015 -8.03635 0.799999
      vertex 18.6624 -7.7302 0
      vertex 19.0192 -6.80517 0
    endloop
  endfacet
  facet normal -0.631691 0.318017 -0.706987
    outer loop
      vertex -17.8148 9.52221 0
      vertex -18.9838 8.97866 0.799999
      vertex -18.5203 9.89933 0.799999
    endloop
  endfacet
  facet normal 0.671536 0.22183 -0.706987
    outer loop
      vertex 20.0957 6.09598 0.799999
      vertex 19.0192 6.80517 0
      vertex 19.7724 7.07469 0.799999
    endloop
  endfacet
  facet normal -0.681549 0.188671 -0.707031
    outer loop
      vertex -19.5946 4.9082 0
      vertex -20.3707 5.10258 0.799999
      vertex -20.0957 6.09598 0.799999
    endloop
  endfacet
  facet normal 0.69682 -0.120899 -0.706983
    outer loop
      vertex 20.5965 -4.0969 0.799999
      vertex 19.9814 -2.96395 0
      vertex 20.7727 -3.08134 0.799999
    endloop
  endfacet
  facet normal 0.221844 0.67154 -0.706979
    outer loop
      vertex 6.80517 19.0192 0
      vertex 5.86375 19.3302 0
      vertex 6.09598 20.0957 0.799999
    endloop
  endfacet
  facet normal 0.348554 -0.615369 -0.706988
    outer loop
      vertex 9.89933 -18.5203 0.799999
      vertex 9.52221 -17.8148 0
      vertex 10.7962 -18.0123 0.799999
    endloop
  endfacet
  facet normal 0.681623 0.188605 -0.706978
    outer loop
      vertex 19.5946 4.9082 0
      vertex 19.3302 5.86375 0
      vertex 20.0957 6.09598 0.799999
    endloop
  endfacet
  facet normal 0.597476 -0.378345 -0.70702
    outer loop
      vertex 17.4609 -11.667 0.799999
      vertex 16.7957 -11.2225 0
      vertex 17.3261 -10.3849 0
    endloop
  endfacet
  facet normal -0.512174 -0.48768 -0.706998
    outer loop
      vertex -14.8492 -14.8492 0.799999
      vertex -15.56 -14.1027 0.799999
      vertex -14.9672 -13.5655 0
    endloop
  endfacet
  facet normal -0.557497 -0.435103 -0.707023
    outer loop
      vertex -16.2332 -13.3223 0.799999
      vertex -16.8674 -12.5097 0.799999
      vertex -16.2248 -12.0331 0
    endloop
  endfacet
  facet normal 0.254508 0.659831 -0.707
    outer loop
      vertex 7.7302 18.6624 0
      vertex 6.80517 19.0192 0
      vertex 8.03635 19.4015 0.799999
    endloop
  endfacet
  facet normal 0.70527 -0.0520687 -0.707024
    outer loop
      vertex 20.8989 -2.05836 0.799999
      vertex 20.1027 -1.97995 0
      vertex 20.1757 -0.991166 0
    endloop
  endfacet
  facet normal 0.707016 -0.0173594 -0.706985
    outer loop
      vertex 20.9747 -1.03042 0.799999
      vertex 20.1757 -0.991166 0
      vertex 21 0 0.799999
    endloop
  endfacet
  facet normal -0.646541 0.286594 -0.707
    outer loop
      vertex -18.6624 7.7302 0
      vertex -19.4015 8.03635 0.799999
      vertex -18.9838 8.97866 0.799999
    endloop
  endfacet
  facet normal -0.535501 -0.461941 -0.707
    outer loop
      vertex -15.56 -14.1027 0.799999
      vertex -16.2332 -13.3223 0.799999
      vertex -14.9672 -13.5655 0
    endloop
  endfacet
  facet normal 0.512267 0.487656 -0.706947
    outer loop
      vertex 14.9672 13.5655 0
      vertex 14.2836 14.2836 0
      vertex 14.8492 14.8492 0.799999
    endloop
  endfacet
  facet normal 0.487656 -0.512267 -0.706947
    outer loop
      vertex 14.8492 -14.8492 0.799999
      vertex 13.5655 -14.9672 0
      vertex 14.2836 -14.2836 0
    endloop
  endfacet
  facet normal 0.69003 -0.155 -0.706989
    outer loop
      vertex 20.5965 -4.0969 0.799999
      vertex 19.5946 -4.9082 0
      vertex 19.8119 -3.94082 0
    endloop
  endfacet
  facet normal -0.707016 -0.0173594 -0.706985
    outer loop
      vertex -20.9747 -1.03042 0.799999
      vertex -21 0 0.799999
      vertex -20.1757 -0.991166 0
    endloop
  endfacet
  facet normal 0.646541 0.286594 -0.707
    outer loop
      vertex 19.4015 8.03635 0.799999
      vertex 18.6624 7.7302 0
      vertex 18.9838 8.97866 0.799999
    endloop
  endfacet
  facet normal 0.557497 0.435103 -0.707023
    outer loop
      vertex 16.8674 12.5097 0.799999
      vertex 16.2248 12.0331 0
      vertex 16.2332 13.3223 0.799999
    endloop
  endfacet
  facet normal 0.512267 -0.487656 -0.706947
    outer loop
      vertex 14.8492 -14.8492 0.799999
      vertex 14.2836 -14.2836 0
      vertex 14.9672 -13.5655 0
    endloop
  endfacet
  facet normal 0.22183 -0.671536 -0.706987
    outer loop
      vertex 7.07469 -19.7724 0.799999
      vertex 6.09598 -20.0957 0.799999
      vertex 6.80517 -19.0192 0
    endloop
  endfacet
  facet normal -0.646532 -0.2866 -0.707005
    outer loop
      vertex -18.2606 -8.63661 0
      vertex -18.9838 -8.97866 0.799999
      vertex -18.6624 -7.7302 0
    endloop
  endfacet
  facet normal 0.67154 -0.221844 -0.706979
    outer loop
      vertex 20.0957 -6.09598 0.799999
      vertex 19.0192 -6.80517 0
      vertex 19.3302 -5.86375 0
    endloop
  endfacet
  facet normal 0.254508 -0.659831 -0.707
    outer loop
      vertex 8.03635 -19.4015 0.799999
      vertex 6.80517 -19.0192 0
      vertex 7.7302 -18.6624 0
    endloop
  endfacet
  facet normal 0.254495 0.659849 -0.706988
    outer loop
      vertex 8.03635 19.4015 0.799999
      vertex 6.80517 19.0192 0
      vertex 7.07469 19.7724 0.799999
    endloop
  endfacet
  facet normal -0.120906 0.696813 -0.706989
    outer loop
      vertex -3.94082 19.8119 0
      vertex -4.0969 20.5965 0.799999
      vertex -2.96395 19.9814 0
    endloop
  endfacet
  facet normal 0.0865911 0.701909 -0.706983
    outer loop
      vertex 2.96395 19.9814 0
      vertex 2.05836 20.8989 0.799999
      vertex 3.08134 20.7727 0.799999
    endloop
  endfacet
  facet normal -0.318017 0.631691 -0.706987
    outer loop
      vertex -9.52221 17.8148 0
      vertex -9.89933 18.5203 0.799999
      vertex -8.97866 18.9838 0.799999
    endloop
  endfacet
  facet normal 0.317984 -0.631688 -0.707005
    outer loop
      vertex 8.97866 -18.9838 0.799999
      vertex 8.63661 -18.2606 0
      vertex 9.52221 -17.8148 0
    endloop
  endfacet
  facet normal 0.0520096 0.705314 -0.706985
    outer loop
      vertex 2.05836 20.8989 0.799999
      vertex 0.991166 20.1757 0
      vertex 1.03042 20.9747 0.799999
    endloop
  endfacet
  facet normal -0.659831 0.254508 -0.707
    outer loop
      vertex -19.0192 6.80517 0
      vertex -19.4015 8.03635 0.799999
      vertex -18.6624 7.7302 0
    endloop
  endfacet
  facet normal -0.69682 0.120899 -0.706983
    outer loop
      vertex -19.9814 2.96395 0
      vertex -20.7727 3.08134 0.799999
      vertex -20.5965 4.0969 0.799999
    endloop
  endfacet
  facet normal -0.188671 0.681549 -0.707031
    outer loop
      vertex -4.9082 19.5946 0
      vertex -6.09598 20.0957 0.799999
      vertex -5.10258 20.3707 0.799999
    endloop
  endfacet
  facet normal -0.701909 -0.0865911 -0.706983
    outer loop
      vertex -20.7727 -3.08134 0.799999
      vertex -20.8989 -2.05836 0.799999
      vertex -19.9814 -2.96395 0
    endloop
  endfacet
  facet normal 0.705314 0.0520096 -0.706985
    outer loop
      vertex 20.9747 1.03042 0.799999
      vertex 20.1757 0.991166 0
      vertex 20.8989 2.05836 0.799999
    endloop
  endfacet
  facet normal 0.188605 -0.681623 -0.706978
    outer loop
      vertex 6.09598 -20.0957 0.799999
      vertex 4.9082 -19.5946 0
      vertex 5.86375 -19.3302 0
    endloop
  endfacet
  facet normal -0.705314 0.0520096 -0.706985
    outer loop
      vertex -20.1757 0.991166 0
      vertex -20.9747 1.03042 0.799999
      vertex -20.8989 2.05836 0.799999
    endloop
  endfacet
  facet normal -0.690003 -0.154923 -0.707032
    outer loop
      vertex -20.3707 -5.10258 0.799999
      vertex -20.5965 -4.0969 0.799999
      vertex -19.5946 -4.9082 0
    endloop
  endfacet
  facet normal -0.254495 -0.659849 -0.706988
    outer loop
      vertex -7.07469 -19.7724 0.799999
      vertex -8.03635 -19.4015 0.799999
      vertex -6.80517 -19.0192 0
    endloop
  endfacet
  facet normal 0.0173594 -0.707016 -0.706985
    outer loop
      vertex 1.03042 -20.9747 0.799999
      vertex 0 -21 0.799999
      vertex 0.991166 -20.1757 0
    endloop
  endfacet
  facet normal 0.671536 -0.22183 -0.706987
    outer loop
      vertex 19.7724 -7.07469 0.799999
      vertex 19.0192 -6.80517 0
      vertex 20.0957 -6.09598 0.799999
    endloop
  endfacet
  facet normal 0.407213 -0.578187 -0.707021
    outer loop
      vertex 11.667 -17.4609 0.799999
      vertex 11.2225 -16.7957 0
      vertex 12.0331 -16.2248 0
    endloop
  endfacet
  facet normal 0.557501 -0.435102 -0.707021
    outer loop
      vertex 16.2332 -13.3223 0.799999
      vertex 15.6148 -12.8147 0
      vertex 16.2248 -12.0331 0
    endloop
  endfacet
  facet normal 0.690003 -0.154923 -0.707032
    outer loop
      vertex 20.3707 -5.10258 0.799999
      vertex 19.5946 -4.9082 0
      vertex 20.5965 -4.0969 0.799999
    endloop
  endfacet
  facet normal -0.48768 0.512174 -0.706998
    outer loop
      vertex -13.5655 14.9672 0
      vertex -14.8492 14.8492 0.799999
      vertex -14.1027 15.56 0.799999
    endloop
  endfacet
  facet normal 0.659849 -0.254495 -0.706988
    outer loop
      vertex 19.4015 -8.03635 0.799999
      vertex 19.0192 -6.80517 0
      vertex 19.7724 -7.07469 0.799999
    endloop
  endfacet
  facet normal 0.317984 0.631688 -0.707005
    outer loop
      vertex 9.52221 17.8148 0
      vertex 8.63661 18.2606 0
      vertex 8.97866 18.9838 0.799999
    endloop
  endfacet
  facet normal -0.631688 0.317984 -0.707005
    outer loop
      vertex -18.2606 8.63661 0
      vertex -18.9838 8.97866 0.799999
      vertex -17.8148 9.52221 0
    endloop
  endfacet
  facet normal 0.22183 0.671536 -0.706987
    outer loop
      vertex 6.80517 19.0192 0
      vertex 6.09598 20.0957 0.799999
      vertex 7.07469 19.7724 0.799999
    endloop
  endfacet
  facet normal -0.188605 0.681623 -0.706978
    outer loop
      vertex -5.86375 19.3302 0
      vertex -6.09598 20.0957 0.799999
      vertex -4.9082 19.5946 0
    endloop
  endfacet
  facet normal -0.120899 0.69682 -0.706983
    outer loop
      vertex -2.96395 19.9814 0
      vertex -4.0969 20.5965 0.799999
      vertex -3.08134 20.7727 0.799999
    endloop
  endfacet
  facet normal -0.407213 0.578187 -0.707021
    outer loop
      vertex -11.2225 16.7957 0
      vertex -12.0331 16.2248 0
      vertex -11.667 17.4609 0.799999
    endloop
  endfacet
  facet normal -0.535507 -0.4619 -0.707023
    outer loop
      vertex -14.9672 -13.5655 0
      vertex -16.2332 -13.3223 0.799999
      vertex -15.6148 -12.8147 0
    endloop
  endfacet
  facet normal 0.0865911 -0.701909 -0.706983
    outer loop
      vertex 3.08134 -20.7727 0.799999
      vertex 2.05836 -20.8989 0.799999
      vertex 2.96395 -19.9814 0
    endloop
  endfacet
  facet normal -0.578187 0.407208 -0.707023
    outer loop
      vertex -16.2248 12.0331 0
      vertex -17.4609 11.667 0.799999
      vertex -16.8674 12.5097 0.799999
    endloop
  endfacet
  facet normal 0.0520096 -0.705314 -0.706985
    outer loop
      vertex 1.03042 -20.9747 0.799999
      vertex 0.991166 -20.1757 0
      vertex 2.05836 -20.8989 0.799999
    endloop
  endfacet
  facet normal -0.0520096 0.705314 -0.706985
    outer loop
      vertex -0.991166 20.1757 0
      vertex -2.05836 20.8989 0.799999
      vertex -1.03042 20.9747 0.799999
    endloop
  endfacet
  facet normal -0.707016 0.0173594 -0.706985
    outer loop
      vertex -20.1757 0.991166 0
      vertex -21 0 0.799999
      vertex -20.9747 1.03042 0.799999
    endloop
  endfacet
  facet normal 0.615369 -0.348554 -0.706988
    outer loop
      vertex 18.0123 -10.7962 0.799999
      vertex 17.8148 -9.52221 0
      vertex 18.5203 -9.89933 0.799999
    endloop
  endfacet
  facet normal -0.671536 -0.22183 -0.706987
    outer loop
      vertex -19.7724 -7.07469 0.799999
      vertex -20.0957 -6.09598 0.799999
      vertex -19.0192 -6.80517 0
    endloop
  endfacet
  facet normal -0.487656 0.512267 -0.706947
    outer loop
      vertex -14.2836 14.2836 0
      vertex -14.8492 14.8492 0.799999
      vertex -13.5655 14.9672 0
    endloop
  endfacet
  facet normal -0.120899 -0.69682 -0.706983
    outer loop
      vertex -3.08134 -20.7727 0.799999
      vertex -4.0969 -20.5965 0.799999
      vertex -2.96395 -19.9814 0
    endloop
  endfacet
  facet normal -0.22183 0.671536 -0.706987
    outer loop
      vertex -6.80517 19.0192 0
      vertex -7.07469 19.7724 0.799999
      vertex -6.09598 20.0957 0.799999
    endloop
  endfacet
  facet normal -0.597491 0.378338 -0.707012
    outer loop
      vertex -17.3261 10.3849 0
      vertex -18.0123 10.7962 0.799999
      vertex -17.4609 11.667 0.799999
    endloop
  endfacet
  facet normal 0.0173594 0.707016 -0.706985
    outer loop
      vertex 0.991166 20.1757 0
      vertex 0 21 0.799999
      vertex 1.03042 20.9747 0.799999
    endloop
  endfacet
  facet normal 0.318017 0.631691 -0.706987
    outer loop
      vertex 9.52221 17.8148 0
      vertex 8.97866 18.9838 0.799999
      vertex 9.89933 18.5203 0.799999
    endloop
  endfacet
  facet normal 0.69682 0.120899 -0.706983
    outer loop
      vertex 20.7727 3.08134 0.799999
      vertex 19.9814 2.96395 0
      vertex 20.5965 4.0969 0.799999
    endloop
  endfacet
  facet normal -0.512267 -0.487656 -0.706947
    outer loop
      vertex -14.8492 -14.8492 0.799999
      vertex -14.9672 -13.5655 0
      vertex -14.2836 -14.2836 0
    endloop
  endfacet
  facet normal 0.707016 0.0173594 -0.706985
    outer loop
      vertex 21 0 0.799999
      vertex 20.1757 0.991166 0
      vertex 20.9747 1.03042 0.799999
    endloop
  endfacet
  facet normal -0.659849 -0.254495 -0.706988
    outer loop
      vertex -19.4015 -8.03635 0.799999
      vertex -19.7724 -7.07469 0.799999
      vertex -19.0192 -6.80517 0
    endloop
  endfacet
  facet normal 0.707 -0.0173332 -0.707001
    outer loop
      vertex 21 0 0.799999
      vertex 20.1757 -0.991166 0
      vertex 20.2 0 0
    endloop
  endfacet
  facet normal -0.348575 -0.61533 -0.707011
    outer loop
      vertex -9.52221 -17.8148 0
      vertex -10.7962 -18.0123 0.799999
      vertex -10.3849 -17.3261 0
    endloop
  endfacet
  facet normal -0.2866 -0.646532 -0.707005
    outer loop
      vertex -7.7302 -18.6624 0
      vertex -8.97866 -18.9838 0.799999
      vertex -8.63661 -18.2606 0
    endloop
  endfacet
  facet normal -0.378345 -0.597476 -0.70702
    outer loop
      vertex -10.3849 -17.3261 0
      vertex -11.667 -17.4609 0.799999
      vertex -11.2225 -16.7957 0
    endloop
  endfacet
  facet normal -0.67154 0.221844 -0.706979
    outer loop
      vertex -19.3302 5.86375 0
      vertex -20.0957 6.09598 0.799999
      vertex -19.0192 6.80517 0
    endloop
  endfacet
  facet normal -0.461941 0.535501 -0.707
    outer loop
      vertex -13.5655 14.9672 0
      vertex -14.1027 15.56 0.799999
      vertex -13.3223 16.2332 0.799999
    endloop
  endfacet
  facet normal -0.317984 0.631688 -0.707005
    outer loop
      vertex -8.63661 18.2606 0
      vertex -9.52221 17.8148 0
      vertex -8.97866 18.9838 0.799999
    endloop
  endfacet
  facet normal -0.535501 0.461941 -0.707
    outer loop
      vertex -14.9672 13.5655 0
      vertex -16.2332 13.3223 0.799999
      vertex -15.56 14.1027 0.799999
    endloop
  endfacet
  facet normal 0.512174 0.48768 -0.706998
    outer loop
      vertex 14.9672 13.5655 0
      vertex 14.8492 14.8492 0.799999
      vertex 15.56 14.1027 0.799999
    endloop
  endfacet
  facet normal -0.597476 -0.378345 -0.70702
    outer loop
      vertex -16.7957 -11.2225 0
      vertex -17.4609 -11.667 0.799999
      vertex -17.3261 -10.3849 0
    endloop
  endfacet
  facet normal -0.48768 -0.512174 -0.706998
    outer loop
      vertex -14.1027 -15.56 0.799999
      vertex -14.8492 -14.8492 0.799999
      vertex -13.5655 -14.9672 0
    endloop
  endfacet
  facet normal 0.254495 -0.659849 -0.706988
    outer loop
      vertex 7.07469 -19.7724 0.799999
      vertex 6.80517 -19.0192 0
      vertex 8.03635 -19.4015 0.799999
    endloop
  endfacet
  facet normal 0.696813 0.120906 -0.706989
    outer loop
      vertex 19.9814 2.96395 0
      vertex 19.8119 3.94082 0
      vertex 20.5965 4.0969 0.799999
    endloop
  endfacet
  facet normal -0.348554 0.615369 -0.706988
    outer loop
      vertex -9.52221 17.8148 0
      vertex -10.7962 18.0123 0.799999
      vertex -9.89933 18.5203 0.799999
    endloop
  endfacet
  facet normal -0.435103 0.557497 -0.707023
    outer loop
      vertex -12.0331 16.2248 0
      vertex -13.3223 16.2332 0.799999
      vertex -12.5097 16.8674 0.799999
    endloop
  endfacet
  facet normal -0.435102 0.557501 -0.707021
    outer loop
      vertex -12.8147 15.6148 0
      vertex -13.3223 16.2332 0.799999
      vertex -12.0331 16.2248 0
    endloop
  endfacet
  facet normal 0.597491 0.378338 -0.707012
    outer loop
      vertex 18.0123 10.7962 0.799999
      vertex 17.3261 10.3849 0
      vertex 17.4609 11.667 0.799999
    endloop
  endfacet
  facet normal 0.378338 0.597491 -0.707012
    outer loop
      vertex 11.667 17.4609 0.799999
      vertex 10.3849 17.3261 0
      vertex 10.7962 18.0123 0.799999
    endloop
  endfacet
  facet normal -0.378338 -0.597491 -0.707012
    outer loop
      vertex -10.7962 -18.0123 0.799999
      vertex -11.667 -17.4609 0.799999
      vertex -10.3849 -17.3261 0
    endloop
  endfacet
  facet normal 0.535501 0.461941 -0.707
    outer loop
      vertex 16.2332 13.3223 0.799999
      vertex 14.9672 13.5655 0
      vertex 15.56 14.1027 0.799999
    endloop
  endfacet
  facet normal -0.659849 0.254495 -0.706988
    outer loop
      vertex -19.0192 6.80517 0
      vertex -19.7724 7.07469 0.799999
      vertex -19.4015 8.03635 0.799999
    endloop
  endfacet
  facet normal 0.578187 -0.407208 -0.707023
    outer loop
      vertex 16.8674 -12.5097 0.799999
      vertex 16.2248 -12.0331 0
      vertex 17.4609 -11.667 0.799999
    endloop
  endfacet
  facet normal -0.0520687 0.70527 -0.707024
    outer loop
      vertex -1.97995 20.1027 0
      vertex -2.05836 20.8989 0.799999
      vertex -0.991166 20.1757 0
    endloop
  endfacet
  facet normal -0.578187 0.407213 -0.707021
    outer loop
      vertex -16.7957 11.2225 0
      vertex -17.4609 11.667 0.799999
      vertex -16.2248 12.0331 0
    endloop
  endfacet
  facet normal 0.578187 0.407208 -0.707023
    outer loop
      vertex 17.4609 11.667 0.799999
      vertex 16.2248 12.0331 0
      vertex 16.8674 12.5097 0.799999
    endloop
  endfacet
  facet normal -0.707 -0.0173332 -0.707001
    outer loop
      vertex -20.1757 -0.991166 0
      vertex -21 0 0.799999
      vertex -20.2 0 0
    endloop
  endfacet
  facet normal 0.646541 -0.286594 -0.707
    outer loop
      vertex 18.9838 -8.97866 0.799999
      vertex 18.6624 -7.7302 0
      vertex 19.4015 -8.03635 0.799999
    endloop
  endfacet
  facet normal 0.61533 -0.348575 -0.707011
    outer loop
      vertex 18.0123 -10.7962 0.799999
      vertex 17.3261 -10.3849 0
      vertex 17.8148 -9.52221 0
    endloop
  endfacet
  facet normal 0.221844 -0.67154 -0.706979
    outer loop
      vertex 6.09598 -20.0957 0.799999
      vertex 5.86375 -19.3302 0
      vertex 6.80517 -19.0192 0
    endloop
  endfacet
  facet normal -0.69003 -0.155 -0.706989
    outer loop
      vertex -19.5946 -4.9082 0
      vertex -20.5965 -4.0969 0.799999
      vertex -19.8119 -3.94082 0
    endloop
  endfacet
  facet normal 0.701877 -0.086522 -0.707024
    outer loop
      vertex 20.8989 -2.05836 0.799999
      vertex 19.9814 -2.96395 0
      vertex 20.1027 -1.97995 0
    endloop
  endfacet
  facet normal 0.120906 0.696813 -0.706989
    outer loop
      vertex 3.94082 19.8119 0
      vertex 2.96395 19.9814 0
      vertex 4.0969 20.5965 0.799999
    endloop
  endfacet
  facet normal -0.681623 -0.188605 -0.706978
    outer loop
      vertex -19.3302 -5.86375 0
      vertex -20.0957 -6.09598 0.799999
      vertex -19.5946 -4.9082 0
    endloop
  endfacet
  facet normal -0.0173594 -0.707016 -0.706985
    outer loop
      vertex 0 -21 0.799999
      vertex -1.03042 -20.9747 0.799999
      vertex -0.991166 -20.1757 0
    endloop
  endfacet
  facet normal -0.70527 -0.0520687 -0.707024
    outer loop
      vertex -20.1027 -1.97995 0
      vertex -20.8989 -2.05836 0.799999
      vertex -20.1757 -0.991166 0
    endloop
  endfacet
  facet normal 0.348575 -0.61533 -0.707011
    outer loop
      vertex 10.7962 -18.0123 0.799999
      vertex 9.52221 -17.8148 0
      vertex 10.3849 -17.3261 0
    endloop
  endfacet
  facet normal 0.2866 -0.646532 -0.707005
    outer loop
      vertex 8.97866 -18.9838 0.799999
      vertex 7.7302 -18.6624 0
      vertex 8.63661 -18.2606 0
    endloop
  endfacet
  facet normal -0.705314 -0.0520096 -0.706985
    outer loop
      vertex -20.8989 -2.05836 0.799999
      vertex -20.9747 -1.03042 0.799999
      vertex -20.1757 -0.991166 0
    endloop
  endfacet
  facet normal -0.317984 -0.631688 -0.707005
    outer loop
      vertex -8.97866 -18.9838 0.799999
      vertex -9.52221 -17.8148 0
      vertex -8.63661 -18.2606 0
    endloop
  endfacet
  facet normal 0.120899 -0.69682 -0.706983
    outer loop
      vertex 3.08134 -20.7727 0.799999
      vertex 2.96395 -19.9814 0
      vertex 4.0969 -20.5965 0.799999
    endloop
  endfacet
  facet normal 0.705314 -0.0520096 -0.706985
    outer loop
      vertex 20.8989 -2.05836 0.799999
      vertex 20.1757 -0.991166 0
      vertex 20.9747 -1.03042 0.799999
    endloop
  endfacet
  facet normal -0.2866 0.646532 -0.707005
    outer loop
      vertex -8.63661 18.2606 0
      vertex -8.97866 18.9838 0.799999
      vertex -7.7302 18.6624 0
    endloop
  endfacet
  facet normal 0.701909 0.0865911 -0.706983
    outer loop
      vertex 20.8989 2.05836 0.799999
      vertex 19.9814 2.96395 0
      vertex 20.7727 3.08134 0.799999
    endloop
  endfacet
  facet normal -0.221844 -0.67154 -0.706979
    outer loop
      vertex -6.09598 -20.0957 0.799999
      vertex -6.80517 -19.0192 0
      vertex -5.86375 -19.3302 0
    endloop
  endfacet
  facet normal 0.67154 0.221844 -0.706979
    outer loop
      vertex 19.3302 5.86375 0
      vertex 19.0192 6.80517 0
      vertex 20.0957 6.09598 0.799999
    endloop
  endfacet
  facet normal -0.461941 -0.535501 -0.707
    outer loop
      vertex -13.3223 -16.2332 0.799999
      vertex -14.1027 -15.56 0.799999
      vertex -13.5655 -14.9672 0
    endloop
  endfacet
  facet normal -0.701909 0.0865911 -0.706983
    outer loop
      vertex -19.9814 2.96395 0
      vertex -20.8989 2.05836 0.799999
      vertex -20.7727 3.08134 0.799999
    endloop
  endfacet
  facet normal 0.154923 -0.690003 -0.707032
    outer loop
      vertex 5.10258 -20.3707 0.799999
      vertex 4.0969 -20.5965 0.799999
      vertex 4.9082 -19.5946 0
    endloop
  endfacet
  facet normal 0.378345 0.597476 -0.70702
    outer loop
      vertex 11.2225 16.7957 0
      vertex 10.3849 17.3261 0
      vertex 11.667 17.4609 0.799999
    endloop
  endfacet
  facet normal 0.155 0.69003 -0.706989
    outer loop
      vertex 4.9082 19.5946 0
      vertex 3.94082 19.8119 0
      vertex 4.0969 20.5965 0.799999
    endloop
  endfacet
  facet normal -0.707 0.0173332 -0.707001
    outer loop
      vertex -20.2 0 0
      vertex -21 0 0.799999
      vertex -20.1757 0.991166 0
    endloop
  endfacet
  facet normal -0.378345 0.597476 -0.70702
    outer loop
      vertex -11.2225 16.7957 0
      vertex -11.667 17.4609 0.799999
      vertex -10.3849 17.3261 0
    endloop
  endfacet
  facet normal -0.221844 0.67154 -0.706979
    outer loop
      vertex -5.86375 19.3302 0
      vertex -6.80517 19.0192 0
      vertex -6.09598 20.0957 0.799999
    endloop
  endfacet
  facet normal -0.61533 0.348575 -0.707011
    outer loop
      vertex -17.8148 9.52221 0
      vertex -18.0123 10.7962 0.799999
      vertex -17.3261 10.3849 0
    endloop
  endfacet
  facet normal 0.435102 -0.557501 -0.707021
    outer loop
      vertex 13.3223 -16.2332 0.799999
      vertex 12.0331 -16.2248 0
      vertex 12.8147 -15.6148 0
    endloop
  endfacet
  facet normal 0.2866 0.646532 -0.707005
    outer loop
      vertex 8.63661 18.2606 0
      vertex 7.7302 18.6624 0
      vertex 8.97866 18.9838 0.799999
    endloop
  endfacet
  facet normal -0.378338 0.597491 -0.707012
    outer loop
      vertex -10.3849 17.3261 0
      vertex -11.667 17.4609 0.799999
      vertex -10.7962 18.0123 0.799999
    endloop
  endfacet
  facet normal -0.086522 0.701877 -0.707024
    outer loop
      vertex -1.97995 20.1027 0
      vertex -2.96395 19.9814 0
      vertex -2.05836 20.8989 0.799999
    endloop
  endfacet
  facet normal -0.254508 -0.659831 -0.707
    outer loop
      vertex -6.80517 -19.0192 0
      vertex -8.03635 -19.4015 0.799999
      vertex -7.7302 -18.6624 0
    endloop
  endfacet
  facet normal -0.154923 -0.690003 -0.707032
    outer loop
      vertex -4.0969 -20.5965 0.799999
      vertex -5.10258 -20.3707 0.799999
      vertex -4.9082 -19.5946 0
    endloop
  endfacet
  facet normal -0.188605 -0.681623 -0.706978
    outer loop
      vertex -4.9082 -19.5946 0
      vertex -6.09598 -20.0957 0.799999
      vertex -5.86375 -19.3302 0
    endloop
  endfacet
  facet normal 0.0520687 0.70527 -0.707024
    outer loop
      vertex 1.97995 20.1027 0
      vertex 0.991166 20.1757 0
      vertex 2.05836 20.8989 0.799999
    endloop
  endfacet
  facet normal -0.487656 -0.512267 -0.706947
    outer loop
      vertex -13.5655 -14.9672 0
      vertex -14.8492 -14.8492 0.799999
      vertex -14.2836 -14.2836 0
    endloop
  endfacet
  facet normal 0.407213 0.578187 -0.707021
    outer loop
      vertex 12.0331 16.2248 0
      vertex 11.2225 16.7957 0
      vertex 11.667 17.4609 0.799999
    endloop
  endfacet
  facet normal -0.22183 -0.671536 -0.706987
    outer loop
      vertex -6.09598 -20.0957 0.799999
      vertex -7.07469 -19.7724 0.799999
      vertex -6.80517 -19.0192 0
    endloop
  endfacet
  facet normal -0.70527 0.0520687 -0.707024
    outer loop
      vertex -20.1757 0.991166 0
      vertex -20.8989 2.05836 0.799999
      vertex -20.1027 1.97995 0
    endloop
  endfacet
  facet normal 0.348554 0.615369 -0.706988
    outer loop
      vertex 10.7962 18.0123 0.799999
      vertex 9.52221 17.8148 0
      vertex 9.89933 18.5203 0.799999
    endloop
  endfacet
  facet normal -0.671536 0.22183 -0.706987
    outer loop
      vertex -19.0192 6.80517 0
      vertex -20.0957 6.09598 0.799999
      vertex -19.7724 7.07469 0.799999
    endloop
  endfacet
  facet normal 0.0173332 -0.707 -0.707001
    outer loop
      vertex 0.991166 -20.1757 0
      vertex 0 -21 0.799999
      vertex 0 -20.2 0
    endloop
  endfacet
  facet normal 0.0173332 0.707 -0.707001
    outer loop
      vertex 0.991166 20.1757 0
      vertex 0 20.2 0
      vertex 0 21 0.799999
    endloop
  endfacet
  facet normal 0.535507 0.4619 -0.707023
    outer loop
      vertex 15.6148 12.8147 0
      vertex 14.9672 13.5655 0
      vertex 16.2332 13.3223 0.799999
    endloop
  endfacet
  facet normal -0.615369 -0.348554 -0.706988
    outer loop
      vertex -18.0123 -10.7962 0.799999
      vertex -18.5203 -9.89933 0.799999
      vertex -17.8148 -9.52221 0
    endloop
  endfacet
  facet normal 0.188671 -0.681549 -0.707031
    outer loop
      vertex 5.10258 -20.3707 0.799999
      vertex 4.9082 -19.5946 0
      vertex 6.09598 -20.0957 0.799999
    endloop
  endfacet
  facet normal -0.0865911 0.701909 -0.706983
    outer loop
      vertex -2.96395 19.9814 0
      vertex -3.08134 20.7727 0.799999
      vertex -2.05836 20.8989 0.799999
    endloop
  endfacet
  facet normal 0.48768 -0.512174 -0.706998
    outer loop
      vertex 14.1027 -15.56 0.799999
      vertex 13.5655 -14.9672 0
      vertex 14.8492 -14.8492 0.799999
    endloop
  endfacet
  facet normal 0.378338 -0.597491 -0.707012
    outer loop
      vertex 10.7962 -18.0123 0.799999
      vertex 10.3849 -17.3261 0
      vertex 11.667 -17.4609 0.799999
    endloop
  endfacet
  facet normal -0.681549 -0.188671 -0.707031
    outer loop
      vertex -20.0957 -6.09598 0.799999
      vertex -20.3707 -5.10258 0.799999
      vertex -19.5946 -4.9082 0
    endloop
  endfacet
  facet normal 0.407208 -0.578187 -0.707023
    outer loop
      vertex 12.5097 -16.8674 0.799999
      vertex 11.667 -17.4609 0.799999
      vertex 12.0331 -16.2248 0
    endloop
  endfacet
  facet normal 0.557501 0.435102 -0.707021
    outer loop
      vertex 16.2248 12.0331 0
      vertex 15.6148 12.8147 0
      vertex 16.2332 13.3223 0.799999
    endloop
  endfacet
  facet normal 0.557497 -0.435103 -0.707023
    outer loop
      vertex 16.2332 -13.3223 0.799999
      vertex 16.2248 -12.0331 0
      vertex 16.8674 -12.5097 0.799999
    endloop
  endfacet
  facet normal -0.535507 0.4619 -0.707023
    outer loop
      vertex -15.6148 12.8147 0
      vertex -16.2332 13.3223 0.799999
      vertex -14.9672 13.5655 0
    endloop
  endfacet
  facet normal -0.646532 0.2866 -0.707005
    outer loop
      vertex -18.6624 7.7302 0
      vertex -18.9838 8.97866 0.799999
      vertex -18.2606 8.63661 0
    endloop
  endfacet
  facet normal -0.631688 -0.317984 -0.707005
    outer loop
      vertex -17.8148 -9.52221 0
      vertex -18.9838 -8.97866 0.799999
      vertex -18.2606 -8.63661 0
    endloop
  endfacet
  facet normal 0.286594 -0.646541 -0.707
    outer loop
      vertex 8.03635 -19.4015 0.799999
      vertex 7.7302 -18.6624 0
      vertex 8.97866 -18.9838 0.799999
    endloop
  endfacet
  facet normal -0.557497 0.435103 -0.707023
    outer loop
      vertex -16.2248 12.0331 0
      vertex -16.8674 12.5097 0.799999
      vertex -16.2332 13.3223 0.799999
    endloop
  endfacet
  facet normal 0.681623 -0.188605 -0.706978
    outer loop
      vertex 20.0957 -6.09598 0.799999
      vertex 19.3302 -5.86375 0
      vertex 19.5946 -4.9082 0
    endloop
  endfacet
  facet normal 0.681549 -0.188671 -0.707031
    outer loop
      vertex 20.0957 -6.09598 0.799999
      vertex 19.5946 -4.9082 0
      vertex 20.3707 -5.10258 0.799999
    endloop
  endfacet
  facet normal 0.512174 -0.48768 -0.706998
    outer loop
      vertex 15.56 -14.1027 0.799999
      vertex 14.8492 -14.8492 0.799999
      vertex 14.9672 -13.5655 0
    endloop
  endfacet
  facet normal 0.535501 -0.461941 -0.707
    outer loop
      vertex 15.56 -14.1027 0.799999
      vertex 14.9672 -13.5655 0
      vertex 16.2332 -13.3223 0.799999
    endloop
  endfacet
  facet normal -0.696813 0.120906 -0.706989
    outer loop
      vertex -19.9814 2.96395 0
      vertex -20.5965 4.0969 0.799999
      vertex -19.8119 3.94082 0
    endloop
  endfacet
  facet normal 0.120906 -0.696813 -0.706989
    outer loop
      vertex 4.0969 -20.5965 0.799999
      vertex 2.96395 -19.9814 0
      vertex 3.94082 -19.8119 0
    endloop
  endfacet
  facet normal -0.435103 -0.557497 -0.707023
    outer loop
      vertex -12.5097 -16.8674 0.799999
      vertex -13.3223 -16.2332 0.799999
      vertex -12.0331 -16.2248 0
    endloop
  endfacet
  facet normal 0.597476 0.378345 -0.70702
    outer loop
      vertex 17.3261 10.3849 0
      vertex 16.7957 11.2225 0
      vertex 17.4609 11.667 0.799999
    endloop
  endfacet
  facet normal 0.578187 0.407213 -0.707021
    outer loop
      vertex 16.7957 11.2225 0
      vertex 16.2248 12.0331 0
      vertex 17.4609 11.667 0.799999
    endloop
  endfacet
  facet normal 0.4619 0.535507 -0.707023
    outer loop
      vertex 13.5655 14.9672 0
      vertex 12.8147 15.6148 0
      vertex 13.3223 16.2332 0.799999
    endloop
  endfacet
  facet normal 0.597491 -0.378338 -0.707012
    outer loop
      vertex 17.4609 -11.667 0.799999
      vertex 17.3261 -10.3849 0
      vertex 18.0123 -10.7962 0.799999
    endloop
  endfacet
  facet normal -0.286594 -0.646541 -0.707
    outer loop
      vertex -8.03635 -19.4015 0.799999
      vertex -8.97866 -18.9838 0.799999
      vertex -7.7302 -18.6624 0
    endloop
  endfacet
  facet normal -0.254508 0.659831 -0.707
    outer loop
      vertex -7.7302 18.6624 0
      vertex -8.03635 19.4015 0.799999
      vertex -6.80517 19.0192 0
    endloop
  endfacet
  facet normal -0.69003 0.155 -0.706989
    outer loop
      vertex -19.8119 3.94082 0
      vertex -20.5965 4.0969 0.799999
      vertex -19.5946 4.9082 0
    endloop
  endfacet
  facet normal -0.69682 -0.120899 -0.706983
    outer loop
      vertex -20.5965 -4.0969 0.799999
      vertex -20.7727 -3.08134 0.799999
      vertex -19.9814 -2.96395 0
    endloop
  endfacet
  facet normal 0.578187 -0.407213 -0.707021
    outer loop
      vertex 17.4609 -11.667 0.799999
      vertex 16.2248 -12.0331 0
      vertex 16.7957 -11.2225 0
    endloop
  endfacet
  facet normal 0.681549 0.188671 -0.707031
    outer loop
      vertex 20.3707 5.10258 0.799999
      vertex 19.5946 4.9082 0
      vertex 20.0957 6.09598 0.799999
    endloop
  endfacet
  facet normal 0.701909 -0.0865911 -0.706983
    outer loop
      vertex 20.7727 -3.08134 0.799999
      vertex 19.9814 -2.96395 0
      vertex 20.8989 -2.05836 0.799999
    endloop
  endfacet
  facet normal 0.696813 -0.120906 -0.706989
    outer loop
      vertex 20.5965 -4.0969 0.799999
      vertex 19.8119 -3.94082 0
      vertex 19.9814 -2.96395 0
    endloop
  endfacet
  facet normal 0.631691 0.318017 -0.706987
    outer loop
      vertex 18.9838 8.97866 0.799999
      vertex 17.8148 9.52221 0
      vertex 18.5203 9.89933 0.799999
    endloop
  endfacet
  facet normal -0.188671 -0.681549 -0.707031
    outer loop
      vertex -5.10258 -20.3707 0.799999
      vertex -6.09598 -20.0957 0.799999
      vertex -4.9082 -19.5946 0
    endloop
  endfacet
  facet normal 0.659831 0.254508 -0.707
    outer loop
      vertex 19.0192 6.80517 0
      vertex 18.6624 7.7302 0
      vertex 19.4015 8.03635 0.799999
    endloop
  endfacet
  facet normal 0.659849 0.254495 -0.706988
    outer loop
      vertex 19.7724 7.07469 0.799999
      vertex 19.0192 6.80517 0
      vertex 19.4015 8.03635 0.799999
    endloop
  endfacet
  facet normal -0.578187 -0.407208 -0.707023
    outer loop
      vertex -16.8674 -12.5097 0.799999
      vertex -17.4609 -11.667 0.799999
      vertex -16.2248 -12.0331 0
    endloop
  endfacet
  facet normal -0.696813 -0.120906 -0.706989
    outer loop
      vertex -19.8119 -3.94082 0
      vertex -20.5965 -4.0969 0.799999
      vertex -19.9814 -2.96395 0
    endloop
  endfacet
  facet normal -0.286594 0.646541 -0.707
    outer loop
      vertex -7.7302 18.6624 0
      vertex -8.97866 18.9838 0.799999
      vertex -8.03635 19.4015 0.799999
    endloop
  endfacet
  facet normal -0.407213 -0.578187 -0.707021
    outer loop
      vertex -11.667 -17.4609 0.799999
      vertex -12.0331 -16.2248 0
      vertex -11.2225 -16.7957 0
    endloop
  endfacet
  facet normal -0.578187 -0.407213 -0.707021
    outer loop
      vertex -16.2248 -12.0331 0
      vertex -17.4609 -11.667 0.799999
      vertex -16.7957 -11.2225 0
    endloop
  endfacet
  facet normal 0.188671 0.681549 -0.707031
    outer loop
      vertex 6.09598 20.0957 0.799999
      vertex 4.9082 19.5946 0
      vertex 5.10258 20.3707 0.799999
    endloop
  endfacet
  facet normal 0.631691 -0.318017 -0.706987
    outer loop
      vertex 18.5203 -9.89933 0.799999
      vertex 17.8148 -9.52221 0
      vertex 18.9838 -8.97866 0.799999
    endloop
  endfacet
  facet normal -0.0173332 -0.707 -0.707001
    outer loop
      vertex 0 -21 0.799999
      vertex -0.991166 -20.1757 0
      vertex 0 -20.2 0
    endloop
  endfacet
  facet normal -0.597476 0.378345 -0.70702
    outer loop
      vertex -17.3261 10.3849 0
      vertex -17.4609 11.667 0.799999
      vertex -16.7957 11.2225 0
    endloop
  endfacet
  facet normal -0.701877 0.086522 -0.707024
    outer loop
      vertex -20.1027 1.97995 0
      vertex -20.8989 2.05836 0.799999
      vertex -19.9814 2.96395 0
    endloop
  endfacet
  facet normal -0.557501 0.435102 -0.707021
    outer loop
      vertex -16.2248 12.0331 0
      vertex -16.2332 13.3223 0.799999
      vertex -15.6148 12.8147 0
    endloop
  endfacet
  facet normal -0.154923 0.690003 -0.707032
    outer loop
      vertex -4.9082 19.5946 0
      vertex -5.10258 20.3707 0.799999
      vertex -4.0969 20.5965 0.799999
    endloop
  endfacet
  facet normal -0.4619 -0.535507 -0.707023
    outer loop
      vertex -13.3223 -16.2332 0.799999
      vertex -13.5655 -14.9672 0
      vertex -12.8147 -15.6148 0
    endloop
  endfacet
  facet normal -0.512267 0.487656 -0.706947
    outer loop
      vertex -14.2836 14.2836 0
      vertex -14.9672 13.5655 0
      vertex -14.8492 14.8492 0.799999
    endloop
  endfacet
  facet normal 0.646532 -0.2866 -0.707005
    outer loop
      vertex 18.9838 -8.97866 0.799999
      vertex 18.2606 -8.63661 0
      vertex 18.6624 -7.7302 0
    endloop
  endfacet
  facet normal -0.701877 -0.086522 -0.707024
    outer loop
      vertex -19.9814 -2.96395 0
      vertex -20.8989 -2.05836 0.799999
      vertex -20.1027 -1.97995 0
    endloop
  endfacet
  facet normal 0.086522 0.701877 -0.707024
    outer loop
      vertex 2.96395 19.9814 0
      vertex 1.97995 20.1027 0
      vertex 2.05836 20.8989 0.799999
    endloop
  endfacet
  facet normal 0.120899 0.69682 -0.706983
    outer loop
      vertex 4.0969 20.5965 0.799999
      vertex 2.96395 19.9814 0
      vertex 3.08134 20.7727 0.799999
    endloop
  endfacet
  facet normal -0.0173332 0.707 -0.707001
    outer loop
      vertex 0 20.2 0
      vertex -0.991166 20.1757 0
      vertex 0 21 0.799999
    endloop
  endfacet
  facet normal -0.0173594 0.707016 -0.706985
    outer loop
      vertex -0.991166 20.1757 0
      vertex -1.03042 20.9747 0.799999
      vertex 0 21 0.799999
    endloop
  endfacet
  facet normal 0.435103 -0.557497 -0.707023
    outer loop
      vertex 12.5097 -16.8674 0.799999
      vertex 12.0331 -16.2248 0
      vertex 13.3223 -16.2332 0.799999
    endloop
  endfacet
  facet normal -0.407208 -0.578187 -0.707023
    outer loop
      vertex -11.667 -17.4609 0.799999
      vertex -12.5097 -16.8674 0.799999
      vertex -12.0331 -16.2248 0
    endloop
  endfacet
  facet normal -0.512174 0.48768 -0.706998
    outer loop
      vertex -14.9672 13.5655 0
      vertex -15.56 14.1027 0.799999
      vertex -14.8492 14.8492 0.799999
    endloop
  endfacet
  facet normal -0.254495 0.659849 -0.706988
    outer loop
      vertex -6.80517 19.0192 0
      vertex -8.03635 19.4015 0.799999
      vertex -7.07469 19.7724 0.799999
    endloop
  endfacet
  facet normal -0.597491 -0.378338 -0.707012
    outer loop
      vertex -17.4609 -11.667 0.799999
      vertex -18.0123 -10.7962 0.799999
      vertex -17.3261 -10.3849 0
    endloop
  endfacet
  facet normal 0.154923 0.690003 -0.707032
    outer loop
      vertex 4.9082 19.5946 0
      vertex 4.0969 20.5965 0.799999
      vertex 5.10258 20.3707 0.799999
    endloop
  endfacet
  facet normal 0.535507 -0.4619 -0.707023
    outer loop
      vertex 16.2332 -13.3223 0.799999
      vertex 14.9672 -13.5655 0
      vertex 15.6148 -12.8147 0
    endloop
  endfacet
  facet normal -0.690003 0.154923 -0.707032
    outer loop
      vertex -19.5946 4.9082 0
      vertex -20.5965 4.0969 0.799999
      vertex -20.3707 5.10258 0.799999
    endloop
  endfacet
  facet normal -0.681623 0.188605 -0.706978
    outer loop
      vertex -19.5946 4.9082 0
      vertex -20.0957 6.09598 0.799999
      vertex -19.3302 5.86375 0
    endloop
  endfacet
  facet normal 0.155 -0.69003 -0.706989
    outer loop
      vertex 4.0969 -20.5965 0.799999
      vertex 3.94082 -19.8119 0
      vertex 4.9082 -19.5946 0
    endloop
  endfacet
  facet normal 0.188605 0.681623 -0.706978
    outer loop
      vertex 5.86375 19.3302 0
      vertex 4.9082 19.5946 0
      vertex 6.09598 20.0957 0.799999
    endloop
  endfacet
  facet normal -0.348554 -0.615369 -0.706988
    outer loop
      vertex -9.89933 -18.5203 0.799999
      vertex -10.7962 -18.0123 0.799999
      vertex -9.52221 -17.8148 0
    endloop
  endfacet
  facet normal -0.61533 -0.348575 -0.707011
    outer loop
      vertex -17.3261 -10.3849 0
      vertex -18.0123 -10.7962 0.799999
      vertex -17.8148 -9.52221 0
    endloop
  endfacet
  facet normal 0.378345 -0.597476 -0.70702
    outer loop
      vertex 11.667 -17.4609 0.799999
      vertex 10.3849 -17.3261 0
      vertex 11.2225 -16.7957 0
    endloop
  endfacet
  facet normal 0.407208 0.578187 -0.707023
    outer loop
      vertex 12.0331 16.2248 0
      vertex 11.667 17.4609 0.799999
      vertex 12.5097 16.8674 0.799999
    endloop
  endfacet
  facet normal 0.086522 -0.701877 -0.707024
    outer loop
      vertex 2.05836 -20.8989 0.799999
      vertex 1.97995 -20.1027 0
      vertex 2.96395 -19.9814 0
    endloop
  endfacet
  facet normal 0.435103 0.557497 -0.707023
    outer loop
      vertex 13.3223 16.2332 0.799999
      vertex 12.0331 16.2248 0
      vertex 12.5097 16.8674 0.799999
    endloop
  endfacet
  facet normal 0.435102 0.557501 -0.707021
    outer loop
      vertex 12.8147 15.6148 0
      vertex 12.0331 16.2248 0
      vertex 13.3223 16.2332 0.799999
    endloop
  endfacet
  facet normal 0.318017 -0.631691 -0.706987
    outer loop
      vertex 9.89933 -18.5203 0.799999
      vertex 8.97866 -18.9838 0.799999
      vertex 9.52221 -17.8148 0
    endloop
  endfacet
  facet normal 0.70527 0.0520687 -0.707024
    outer loop
      vertex 20.1757 0.991166 0
      vertex 20.1027 1.97995 0
      vertex 20.8989 2.05836 0.799999
    endloop
  endfacet
  facet normal 0.701877 0.086522 -0.707024
    outer loop
      vertex 20.1027 1.97995 0
      vertex 19.9814 2.96395 0
      vertex 20.8989 2.05836 0.799999
    endloop
  endfacet
  facet normal -0.407208 0.578187 -0.707023
    outer loop
      vertex -12.0331 16.2248 0
      vertex -12.5097 16.8674 0.799999
      vertex -11.667 17.4609 0.799999
    endloop
  endfacet
  facet normal -0.435102 -0.557501 -0.707021
    outer loop
      vertex -12.0331 -16.2248 0
      vertex -13.3223 -16.2332 0.799999
      vertex -12.8147 -15.6148 0
    endloop
  endfacet
  facet normal 0.631688 -0.317984 -0.707005
    outer loop
      vertex 18.9838 -8.97866 0.799999
      vertex 17.8148 -9.52221 0
      vertex 18.2606 -8.63661 0
    endloop
  endfacet
  facet normal 0.69003 0.155 -0.706989
    outer loop
      vertex 19.8119 3.94082 0
      vertex 19.5946 4.9082 0
      vertex 20.5965 4.0969 0.799999
    endloop
  endfacet
  facet normal 0.61533 0.348575 -0.707011
    outer loop
      vertex 17.8148 9.52221 0
      vertex 17.3261 10.3849 0
      vertex 18.0123 10.7962 0.799999
    endloop
  endfacet
  facet normal 0.615369 0.348554 -0.706988
    outer loop
      vertex 18.5203 9.89933 0.799999
      vertex 17.8148 9.52221 0
      vertex 18.0123 10.7962 0.799999
    endloop
  endfacet
  facet normal -0.318017 -0.631691 -0.706987
    outer loop
      vertex -8.97866 -18.9838 0.799999
      vertex -9.89933 -18.5203 0.799999
      vertex -9.52221 -17.8148 0
    endloop
  endfacet
  facet normal 0.48768 0.512174 -0.706998
    outer loop
      vertex 14.8492 14.8492 0.799999
      vertex 13.5655 14.9672 0
      vertex 14.1027 15.56 0.799999
    endloop
  endfacet
  facet normal -0.646541 -0.286594 -0.707
    outer loop
      vertex -18.9838 -8.97866 0.799999
      vertex -19.4015 -8.03635 0.799999
      vertex -18.6624 -7.7302 0
    endloop
  endfacet
  facet normal -0.4619 0.535507 -0.707023
    outer loop
      vertex -12.8147 15.6148 0
      vertex -13.5655 14.9672 0
      vertex -13.3223 16.2332 0.799999
    endloop
  endfacet
  facet normal 0.461941 0.535501 -0.707
    outer loop
      vertex 13.5655 14.9672 0
      vertex 13.3223 16.2332 0.799999
      vertex 14.1027 15.56 0.799999
    endloop
  endfacet
  facet normal -0.0865911 -0.701909 -0.706983
    outer loop
      vertex -2.05836 -20.8989 0.799999
      vertex -3.08134 -20.7727 0.799999
      vertex -2.96395 -19.9814 0
    endloop
  endfacet
  facet normal -0.615369 0.348554 -0.706988
    outer loop
      vertex -17.8148 9.52221 0
      vertex -18.5203 9.89933 0.799999
      vertex -18.0123 10.7962 0.799999
    endloop
  endfacet
  facet normal -0.557501 -0.435102 -0.707021
    outer loop
      vertex -15.6148 -12.8147 0
      vertex -16.2332 -13.3223 0.799999
      vertex -16.2248 -12.0331 0
    endloop
  endfacet
  facet normal -0.67154 -0.221844 -0.706979
    outer loop
      vertex -19.0192 -6.80517 0
      vertex -20.0957 -6.09598 0.799999
      vertex -19.3302 -5.86375 0
    endloop
  endfacet
  facet normal 0.461941 -0.535501 -0.707
    outer loop
      vertex 14.1027 -15.56 0.799999
      vertex 13.3223 -16.2332 0.799999
      vertex 13.5655 -14.9672 0
    endloop
  endfacet
  facet normal -0.631691 -0.318017 -0.706987
    outer loop
      vertex -18.5203 -9.89933 0.799999
      vertex -18.9838 -8.97866 0.799999
      vertex -17.8148 -9.52221 0
    endloop
  endfacet
  facet normal 0.487656 0.512267 -0.706947
    outer loop
      vertex 14.2836 14.2836 0
      vertex 13.5655 14.9672 0
      vertex 14.8492 14.8492 0.799999
    endloop
  endfacet
  facet normal -0.659831 -0.254508 -0.707
    outer loop
      vertex -18.6624 -7.7302 0
      vertex -19.4015 -8.03635 0.799999
      vertex -19.0192 -6.80517 0
    endloop
  endfacet
  facet normal -0.348575 0.61533 -0.707011
    outer loop
      vertex -10.3849 17.3261 0
      vertex -10.7962 18.0123 0.799999
      vertex -9.52221 17.8148 0
    endloop
  endfacet
  facet normal -0.155 0.69003 -0.706989
    outer loop
      vertex -3.94082 19.8119 0
      vertex -4.9082 19.5946 0
      vertex -4.0969 20.5965 0.799999
    endloop
  endfacet
  facet normal -0.086522 -0.701877 -0.707024
    outer loop
      vertex -2.05836 -20.8989 0.799999
      vertex -2.96395 -19.9814 0
      vertex -1.97995 -20.1027 0
    endloop
  endfacet
  facet normal -0.155 -0.69003 -0.706989
    outer loop
      vertex -4.0969 -20.5965 0.799999
      vertex -4.9082 -19.5946 0
      vertex -3.94082 -19.8119 0
    endloop
  endfacet
  facet normal -0.120906 -0.696813 -0.706989
    outer loop
      vertex -2.96395 -19.9814 0
      vertex -4.0969 -20.5965 0.799999
      vertex -3.94082 -19.8119 0
    endloop
  endfacet
  facet normal 0 0 -1
    outer loop
      vertex 20.1757 -0.991166 0
      vertex 20.1757 0.991166 0
      vertex 20.2 0 0
    endloop
  endfacet
  facet normal 0 0 -1
    outer loop
      vertex 20.1027 -1.97995 0
      vertex 20.1757 0.991166 0
      vertex 20.1757 -0.991166 0
    endloop
  endfacet
  facet normal 0 0 -1
    outer loop
      vertex 20.1027 -1.97995 0
      vertex 20.1027 1.97995 0
      vertex 20.1757 0.991166 0
    endloop
  endfacet
  facet normal 0 0 -1
    outer loop
      vertex 19.9814 -2.96395 0
      vertex 20.1027 1.97995 0
      vertex 20.1027 -1.97995 0
    endloop
  endfacet
  facet normal 0 0 -1
    outer loop
      vertex 19.9814 -2.96395 0
      vertex 19.9814 2.96395 0
      vertex 20.1027 1.97995 0
    endloop
  endfacet
  facet normal 0 0 -1
    outer loop
      vertex 19.8119 -3.94082 0
      vertex 19.9814 2.96395 0
      vertex 19.9814 -2.96395 0
    endloop
  endfacet
  facet normal 0 0 -1
    outer loop
      vertex 19.8119 -3.94082 0
      vertex 19.8119 3.94082 0
      vertex 19.9814 2.96395 0
    endloop
  endfacet
  facet normal 0 0 -1
    outer loop
      vertex 19.5946 -4.9082 0
      vertex 19.8119 3.94082 0
      vertex 19.8119 -3.94082 0
    endloop
  endfacet
  facet normal 0 0 -1
    outer loop
      vertex 19.5946 -4.9082 0
      vertex 19.5946 4.9082 0
      vertex 19.8119 3.94082 0
    endloop
  endfacet
  facet normal 0 0 -1
    outer loop
      vertex 19.3302 -5.86375 0
      vertex 19.5946 4.9082 0
      vertex 19.5946 -4.9082 0
    endloop
  endfacet
  facet normal 0 0 -1
    outer loop
      vertex 19.3302 -5.86375 0
      vertex 19.3302 5.86375 0
      vertex 19.5946 4.9082 0
    endloop
  endfacet
  facet normal 0 0 -1
    outer loop
      vertex 19.0192 -6.80517 0
      vertex 19.3302 5.86375 0
      vertex 19.3302 -5.86375 0
    endloop
  endfacet
  facet normal 0 0 -1
    outer loop
      vertex 19.0192 -6.80517 0
      vertex 19.0192 6.80517 0
      vertex 19.3302 5.86375 0
    endloop
  endfacet
  facet normal 0 0 -1
    outer loop
      vertex 18.6624 -7.7302 0
      vertex 19.0192 6.80517 0
      vertex 19.0192 -6.80517 0
    endloop
  endfacet
  facet normal 0 0 -1
    outer loop
      vertex 18.6624 -7.7302 0
      vertex 18.6624 7.7302 0
      vertex 19.0192 6.80517 0
    endloop
  endfacet
  facet normal 0 0 -1
    outer loop
      vertex 18.2606 -8.63661 0
      vertex 18.6624 7.7302 0
      vertex 18.6624 -7.7302 0
    endloop
  endfacet
  facet normal 0 0 -1
    outer loop
      vertex 18.2606 -8.63661 0
      vertex 18.2606 8.63661 0
      vertex 18.6624 7.7302 0
    endloop
  endfacet
  facet normal 0 0 -1
    outer loop
      vertex 17.8148 -9.52221 0
      vertex 18.2606 8.63661 0
      vertex 18.2606 -8.63661 0
    endloop
  endfacet
  facet normal 0 0 -1
    outer loop
      vertex 17.8148 -9.52221 0
      vertex 17.8148 9.52221 0
      vertex 18.2606 8.63661 0
    endloop
  endfacet
  facet normal 0 0 -1
    outer loop
      vertex 17.3261 -10.3849 0
      vertex 17.8148 9.52221 0
      vertex 17.8148 -9.52221 0
    endloop
  endfacet
  facet normal 0 0 -1
    outer loop
      vertex 17.3261 -10.3849 0
      vertex 17.3261 10.3849 0
      vertex 17.8148 9.52221 0
    endloop
  endfacet
  facet normal 0 0 -1
    outer loop
      vertex 16.7957 -11.2225 0
      vertex 17.3261 10.3849 0
      vertex 17.3261 -10.3849 0
    endloop
  endfacet
  facet normal 0 0 -1
    outer loop
      vertex 16.7957 -11.2225 0
      vertex 16.7957 11.2225 0
      vertex 17.3261 10.3849 0
    endloop
  endfacet
  facet normal 0 0 -1
    outer loop
      vertex 16.2248 -12.0331 0
      vertex 16.7957 11.2225 0
      vertex 16.7957 -11.2225 0
    endloop
  endfacet
  facet normal 0 0 -1
    outer loop
      vertex 16.2248 -12.0331 0
      vertex 16.2248 12.0331 0
      vertex 16.7957 11.2225 0
    endloop
  endfacet
  facet normal 0 0 -1
    outer loop
      vertex 15.6148 -12.8147 0
      vertex 16.2248 12.0331 0
      vertex 16.2248 -12.0331 0
    endloop
  endfacet
  facet normal 0 0 -1
    outer loop
      vertex 15.6148 -12.8147 0
      vertex 15.6148 12.8147 0
      vertex 16.2248 12.0331 0
    endloop
  endfacet
  facet normal 0 0 -1
    outer loop
      vertex 14.9672 -13.5655 0
      vertex 15.6148 12.8147 0
      vertex 15.6148 -12.8147 0
    endloop
  endfacet
  facet normal 0 0 -1
    outer loop
      vertex 14.9672 -13.5655 0
      vertex 14.9672 13.5655 0
      vertex 15.6148 12.8147 0
    endloop
  endfacet
  facet normal 0 0 -1
    outer loop
      vertex 14.2836 -14.2836 0
      vertex 14.9672 13.5655 0
      vertex 14.9672 -13.5655 0
    endloop
  endfacet
  facet normal 0 0 -1
    outer loop
      vertex 14.2836 -14.2836 0
      vertex 14.2836 14.2836 0
      vertex 14.9672 13.5655 0
    endloop
  endfacet
  facet normal 0 0 -1
    outer loop
      vertex 13.5655 -14.9672 0
      vertex 14.2836 14.2836 0
      vertex 14.2836 -14.2836 0
    endloop
  endfacet
  facet normal 0 0 -1
    outer loop
      vertex 13.5655 -14.9672 0
      vertex 13.5655 14.9672 0
      vertex 14.2836 14.2836 0
    endloop
  endfacet
  facet normal 0 0 -1
    outer loop
      vertex 12.8147 -15.6148 0
      vertex 13.5655 14.9672 0
      vertex 13.5655 -14.9672 0
    endloop
  endfacet
  facet normal 0 0 -1
    outer loop
      vertex 12.8147 -15.6148 0
      vertex 12.8147 15.6148 0
      vertex 13.5655 14.9672 0
    endloop
  endfacet
  facet normal 0 0 -1
    outer loop
      vertex 12.0331 -16.2248 0
      vertex 12.8147 15.6148 0
      vertex 12.8147 -15.6148 0
    endloop
  endfacet
  facet normal 0 0 -1
    outer loop
      vertex 12.0331 -16.2248 0
      vertex 12.0331 16.2248 0
      vertex 12.8147 15.6148 0
    endloop
  endfacet
  facet normal 0 0 -1
    outer loop
      vertex 11.2225 -16.7957 0
      vertex 12.0331 16.2248 0
      vertex 12.0331 -16.2248 0
    endloop
  endfacet
  facet normal 0 0 -1
    outer loop
      vertex 11.2225 -16.7957 0
      vertex 11.2225 16.7957 0
      vertex 12.0331 16.2248 0
    endloop
  endfacet
  facet normal 0 0 -1
    outer loop
      vertex 10.3849 -17.3261 0
      vertex 11.2225 16.7957 0
      vertex 11.2225 -16.7957 0
    endloop
  endfacet
  facet normal 0 0 -1
    outer loop
      vertex 10.3849 -17.3261 0
      vertex 10.3849 17.3261 0
      vertex 11.2225 16.7957 0
    endloop
  endfacet
  facet normal 0 0 -1
    outer loop
      vertex 9.52221 -17.8148 0
      vertex 10.3849 17.3261 0
      vertex 10.3849 -17.3261 0
    endloop
  endfacet
  facet normal 0 0 -1
    outer loop
      vertex 9.52221 -17.8148 0
      vertex 9.52221 17.8148 0
      vertex 10.3849 17.3261 0
    endloop
  endfacet
  facet normal 0 0 -1
    outer loop
      vertex 8.63661 -18.2606 0
      vertex 9.52221 17.8148 0
      vertex 9.52221 -17.8148 0
    endloop
  endfacet
  facet normal 0 0 -1
    outer loop
      vertex 8.63661 -18.2606 0
      vertex 8.63661 18.2606 0
      vertex 9.52221 17.8148 0
    endloop
  endfacet
  facet normal 0 0 -1
    outer loop
      vertex 7.7302 -18.6624 0
      vertex 8.63661 18.2606 0
      vertex 8.63661 -18.2606 0
    endloop
  endfacet
  facet normal 0 0 -1
    outer loop
      vertex 7.7302 -18.6624 0
      vertex 7.7302 18.6624 0
      vertex 8.63661 18.2606 0
    endloop
  endfacet
  facet normal 0 0 -1
    outer loop
      vertex 6.80517 -19.0192 0
      vertex 7.7302 18.6624 0
      vertex 7.7302 -18.6624 0
    endloop
  endfacet
  facet normal 0 0 -1
    outer loop
      vertex 6.80517 -19.0192 0
      vertex 6.80517 19.0192 0
      vertex 7.7302 18.6624 0
    endloop
  endfacet
  facet normal 0 0 -1
    outer loop
      vertex 5.86375 -19.3302 0
      vertex 6.80517 19.0192 0
      vertex 6.80517 -19.0192 0
    endloop
  endfacet
  facet normal 0 0 -1
    outer loop
      vertex 5.86375 -19.3302 0
      vertex 5.86375 19.3302 0
      vertex 6.80517 19.0192 0
    endloop
  endfacet
  facet normal 0 0 -1
    outer loop
      vertex 4.9082 -19.5946 0
      vertex 5.86375 19.3302 0
      vertex 5.86375 -19.3302 0
    endloop
  endfacet
  facet normal 0 0 -1
    outer loop
      vertex 4.9082 -19.5946 0
      vertex 4.9082 19.5946 0
      vertex 5.86375 19.3302 0
    endloop
  endfacet
  facet normal 0 0 -1
    outer loop
      vertex 3.94082 -19.8119 0
      vertex 4.9082 19.5946 0
      vertex 4.9082 -19.5946 0
    endloop
  endfacet
  facet normal 0 0 -1
    outer loop
      vertex 3.94082 -19.8119 0
      vertex 3.94082 19.8119 0
      vertex 4.9082 19.5946 0
    endloop
  endfacet
  facet normal 0 0 -1
    outer loop
      vertex 2.96395 -19.9814 0
      vertex 3.94082 19.8119 0
      vertex 3.94082 -19.8119 0
    endloop
  endfacet
  facet normal 0 0 -1
    outer loop
      vertex 2.96395 -19.9814 0
      vertex 2.96395 19.9814 0
      vertex 3.94082 19.8119 0
    endloop
  endfacet
  facet normal 0 0 -1
    outer loop
      vertex 1.97995 -20.1027 0
      vertex 2.96395 19.9814 0
      vertex 2.96395 -19.9814 0
    endloop
  endfacet
  facet normal 0 0 -1
    outer loop
      vertex 1.97995 -20.1027 0
      vertex 1.97995 20.1027 0
      vertex 2.96395 19.9814 0
    endloop
  endfacet
  facet normal 0 0 -1
    outer loop
      vertex 0.991166 -20.1757 0
      vertex 1.97995 20.1027 0
      vertex 1.97995 -20.1027 0
    endloop
  endfacet
  facet normal 0 0 -1
    outer loop
      vertex 0.991166 -20.1757 0
      vertex 0.991166 20.1757 0
      vertex 1.97995 20.1027 0
    endloop
  endfacet
  facet normal 0 0 -1
    outer loop
      vertex 0 -20.2 0
      vertex 0.991166 20.1757 0
      vertex 0.991166 -20.1757 0
    endloop
  endfacet
  facet normal 0 0 -1
    outer loop
      vertex 0 -20.2 0
      vertex 0 20.2 0
      vertex 0.991166 20.1757 0
    endloop
  endfacet
  facet normal 0 0 -1
    outer loop
      vertex -0.991166 -20.1757 0
      vertex 0 20.2 0
      vertex 0 -20.2 0
    endloop
  endfacet
  facet normal 0 0 -1
    outer loop
      vertex -0.991166 -20.1757 0
      vertex -0.991166 20.1757 0
      vertex 0 20.2 0
    endloop
  endfacet
  facet normal 0 0 -1
    outer loop
      vertex -1.97995 -20.1027 0
      vertex -0.991166 20.1757 0
      vertex -0.991166 -20.1757 0
    endloop
  endfacet
  facet normal 0 0 -1
    outer loop
      vertex -1.97995 -20.1027 0
      vertex -1.97995 20.1027 0
      vertex -0.991166 20.1757 0
    endloop
  endfacet
  facet normal 0 0 -1
    outer loop
      vertex -2.96395 -19.9814 0
      vertex -1.97995 20.1027 0
      vertex -1.97995 -20.1027 0
    endloop
  endfacet
  facet normal 0 0 -1
    outer loop
      vertex -2.96395 -19.9814 0
      vertex -2.96395 19.9814 0
      vertex -1.97995 20.1027 0
    endloop
  endfacet
  facet normal 0 0 -1
    outer loop
      vertex -3.94082 -19.8119 0
      vertex -2.96395 19.9814 0
      vertex -2.96395 -19.9814 0
    endloop
  endfacet
  facet normal 0 0 -1
    outer loop
      vertex -3.94082 -19.8119 0
      vertex -3.94082 19.8119 0
      vertex -2.96395 19.9814 0
    endloop
  endfacet
  facet normal 0 0 -1
    outer loop
      vertex -4.9082 -19.5946 0
      vertex -3.94082 19.8119 0
      vertex -3.94082 -19.8119 0
    endloop
  endfacet
  facet normal 0 0 -1
    outer loop
      vertex -4.9082 -19.5946 0
      vertex -4.9082 19.5946 0
      vertex -3.94082 19.8119 0
    endloop
  endfacet
  facet normal 0 0 -1
    outer loop
      vertex -5.86375 -19.3302 0
      vertex -4.9082 19.5946 0
      vertex -4.9082 -19.5946 0
    endloop
  endfacet
  facet normal 0 0 -1
    outer loop
      vertex -5.86375 -19.3302 0
      vertex -5.86375 19.3302 0
      vertex -4.9082 19.5946 0
    endloop
  endfacet
  facet normal 0 0 -1
    outer loop
      vertex -6.80517 -19.0192 0
      vertex -5.86375 19.3302 0
      vertex -5.86375 -19.3302 0
    endloop
  endfacet
  facet normal 0 0 -1
    outer loop
      vertex -6.80517 -19.0192 0
      vertex -6.80517 19.0192 0
      vertex -5.86375 19.3302 0
    endloop
  endfacet
  facet normal 0 0 -1
    outer loop
      vertex -7.7302 -18.6624 0
      vertex -6.80517 19.0192 0
      vertex -6.80517 -19.0192 0
    endloop
  endfacet
  facet normal 0 0 -1
    outer loop
      vertex -7.7302 -18.6624 0
      vertex -7.7302 18.6624 0
      vertex -6.80517 19.0192 0
    endloop
  endfacet
  facet normal 0 0 -1
    outer loop
      vertex -8.63661 -18.2606 0
      vertex -7.7302 18.6624 0
      vertex -7.7302 -18.6624 0
    endloop
  endfacet
  facet normal 0 0 -1
    outer loop
      vertex -8.63661 -18.2606 0
      vertex -8.63661 18.2606 0
      vertex -7.7302 18.6624 0
    endloop
  endfacet
  facet normal 0 0 -1
    outer loop
      vertex -9.52221 -17.8148 0
      vertex -8.63661 18.2606 0
      vertex -8.63661 -18.2606 0
    endloop
  endfacet
  facet normal 0 0 -1
    outer loop
      vertex -9.52221 -17.8148 0
      vertex -9.52221 17.8148 0
      vertex -8.63661 18.2606 0
    endloop
  endfacet
  facet normal 0 0 -1
    outer loop
      vertex -10.3849 -17.3261 0
      vertex -9.52221 17.8148 0
      vertex -9.52221 -17.8148 0
    endloop
  endfacet
  facet normal 0 0 -1
    outer loop
      vertex -10.3849 -17.3261 0
      vertex -10.3849 17.3261 0
      vertex -9.52221 17.8148 0
    endloop
  endfacet
  facet normal 0 0 -1
    outer loop
      vertex -11.2225 -16.7957 0
      vertex -10.3849 17.3261 0
      vertex -10.3849 -17.3261 0
    endloop
  endfacet
  facet normal 0 0 -1
    outer loop
      vertex -11.2225 -16.7957 0
      vertex -11.2225 16.7957 0
      vertex -10.3849 17.3261 0
    endloop
  endfacet
  facet normal 0 0 -1
    outer loop
      vertex -12.0331 -16.2248 0
      vertex -11.2225 16.7957 0
      vertex -11.2225 -16.7957 0
    endloop
  endfacet
  facet normal 0 0 -1
    outer loop
      vertex -12.0331 -16.2248 0
      vertex -12.0331 16.2248 0
      vertex -11.2225 16.7957 0
    endloop
  endfacet
  facet normal 0 0 -1
    outer loop
      vertex -12.8147 -15.6148 0
      vertex -12.0331 16.2248 0
      vertex -12.0331 -16.2248 0
    endloop
  endfacet
  facet normal 0 0 -1
    outer loop
      vertex -12.8147 -15.6148 0
      vertex -12.8147 15.6148 0
      vertex -12.0331 16.2248 0
    endloop
  endfacet
  facet normal 0 0 -1
    outer loop
      vertex -13.5655 -14.9672 0
      vertex -12.8147 15.6148 0
      vertex -12.8147 -15.6148 0
    endloop
  endfacet
  facet normal 0 0 -1
    outer loop
      vertex -13.5655 -14.9672 0
      vertex -13.5655 14.9672 0
      vertex -12.8147 15.6148 0
    endloop
  endfacet
  facet normal 0 0 -1
    outer loop
      vertex -14.2836 -14.2836 0
      vertex -13.5655 14.9672 0
      vertex -13.5655 -14.9672 0
    endloop
  endfacet
  facet normal 0 0 -1
    outer loop
      vertex -14.2836 -14.2836 0
      vertex -14.2836 14.2836 0
      vertex -13.5655 14.9672 0
    endloop
  endfacet
  facet normal 0 0 -1
    outer loop
      vertex -14.9672 -13.5655 0
      vertex -14.2836 14.2836 0
      vertex -14.2836 -14.2836 0
    endloop
  endfacet
  facet normal 0 0 -1
    outer loop
      vertex -14.9672 -13.5655 0
      vertex -14.9672 13.5655 0
      vertex -14.2836 14.2836 0
    endloop
  endfacet
  facet normal 0 0 -1
    outer loop
      vertex -15.6148 -12.8147 0
      vertex -14.9672 13.5655 0
      vertex -14.9672 -13.5655 0
    endloop
  endfacet
  facet normal 0 0 -1
    outer loop
      vertex -15.6148 -12.8147 0
      vertex -15.6148 12.8147 0
      vertex -14.9672 13.5655 0
    endloop
  endfacet
  facet normal 0 0 -1
    outer loop
      vertex -16.2248 -12.0331 0
      vertex -15.6148 12.8147 0
      vertex -15.6148 -12.8147 0
    endloop
  endfacet
  facet normal 0 0 -1
    outer loop
      vertex -16.2248 -12.0331 0
      vertex -16.2248 12.0331 0
      vertex -15.6148 12.8147 0
    endloop
  endfacet
  facet normal 0 0 -1
    outer loop
      vertex -16.7957 -11.2225 0
      vertex -16.2248 12.0331 0
      vertex -16.2248 -12.0331 0
    endloop
  endfacet
  facet normal 0 0 -1
    outer loop
      vertex -16.7957 -11.2225 0
      vertex -16.7957 11.2225 0
      vertex -16.2248 12.0331 0
    endloop
  endfacet
  facet normal 0 0 -1
    outer loop
      vertex -17.3261 -10.3849 0
      vertex -16.7957 11.2225 0
      vertex -16.7957 -11.2225 0
    endloop
  endfacet
  facet normal 0 0 -1
    outer loop
      vertex -17.3261 -10.3849 0
      vertex -17.3261 10.3849 0
      vertex -16.7957 11.2225 0
    endloop
  endfacet
  facet normal 0 0 -1
    outer loop
      vertex -17.8148 -9.52221 0
      vertex -17.3261 10.3849 0
      vertex -17.3261 -10.3849 0
    endloop
  endfacet
  facet normal 0 0 -1
    outer loop
      vertex -17.8148 -9.52221 0
      vertex -17.8148 9.52221 0
      vertex -17.3261 10.3849 0
    endloop
  endfacet
  facet normal 0 0 -1
    outer loop
      vertex -18.2606 -8.63661 0
      vertex -17.8148 9.52221 0
      vertex -17.8148 -9.52221 0
    endloop
  endfacet
  facet normal 0 0 -1
    outer loop
      vertex -18.2606 -8.63661 0
      vertex -18.2606 8.63661 0
      vertex -17.8148 9.52221 0
    endloop
  endfacet
  facet normal 0 0 -1
    outer loop
      vertex -18.6624 -7.7302 0
      vertex -18.2606 8.63661 0
      vertex -18.2606 -8.63661 0
    endloop
  endfacet
  facet normal 0 0 -1
    outer loop
      vertex -18.6624 -7.7302 0
      vertex -18.6624 7.7302 0
      vertex -18.2606 8.63661 0
    endloop
  endfacet
  facet normal 0 0 -1
    outer loop
      vertex -19.0192 -6.80517 0
      vertex -18.6624 7.7302 0
      vertex -18.6624 -7.7302 0
    endloop
  endfacet
  facet normal 0 0 -1
    outer loop
      vertex -19.0192 -6.80517 0
      vertex -19.0192 6.80517 0
      vertex -18.6624 7.7302 0
    endloop
  endfacet
  facet normal 0 0 -1
    outer loop
      vertex -19.3302 -5.86375 0
      vertex -19.0192 6.80517 0
      vertex -19.0192 -6.80517 0
    endloop
  endfacet
  facet normal 0 0 -1
    outer loop
      vertex -19.3302 -5.86375 0
      vertex -19.3302 5.86375 0
      vertex -19.0192 6.80517 0
    endloop
  endfacet
  facet normal 0 0 -1
    outer loop
      vertex -19.5946 -4.9082 0
      vertex -19.3302 5.86375 0
      vertex -19.3302 -5.86375 0
    endloop
  endfacet
  facet normal 0 0 -1
    outer loop
      vertex -19.5946 -4.9082 0
      vertex -19.5946 4.9082 0
      vertex -19.3302 5.86375 0
    endloop
  endfacet
  facet normal 0 0 -1
    outer loop
      vertex -19.8119 -3.94082 0
      vertex -19.5946 4.9082 0
      vertex -19.5946 -4.9082 0
    endloop
  endfacet
  facet normal 0 0 -1
    outer loop
      vertex -19.8119 -3.94082 0
      vertex -19.8119 3.94082 0
      vertex -19.5946 4.9082 0
    endloop
  endfacet
  facet normal 0 0 -1
    outer loop
      vertex -19.9814 -2.96395 0
      vertex -19.8119 3.94082 0
      vertex -19.8119 -3.94082 0
    endloop
  endfacet
  facet normal 0 0 -1
    outer loop
      vertex -19.9814 -2.96395 0
      vertex -19.9814 2.96395 0
      vertex -19.8119 3.94082 0
    endloop
  endfacet
  facet normal 0 0 -1
    outer loop
      vertex -20.1027 -1.97995 0
      vertex -19.9814 2.96395 0
      vertex -19.9814 -2.96395 0
    endloop
  endfacet
  facet normal 0 0 -1
    outer loop
      vertex -20.1027 -1.97995 0
      vertex -20.1027 1.97995 0
      vertex -19.9814 2.96395 0
    endloop
  endfacet
  facet normal 0 0 -1
    outer loop
      vertex -20.1757 -0.991166 0
      vertex -20.1027 1.97995 0
      vertex -20.1027 -1.97995 0
    endloop
  endfacet
  facet normal 0 0 -1
    outer loop
      vertex -20.1757 -0.991166 0
      vertex -20.1757 0.991166 0
      vertex -20.1027 1.97995 0
    endloop
  endfacet
  facet normal 0 -0 -1
    outer loop
      vertex -20.1757 0.991166 0
      vertex -20.1757 -0.991166 0
      vertex -20.2 0 0
    endloop
  endfacet
  facet normal 0.4619 -0.535507 -0.707023
    outer loop
      vertex 13.3223 -16.2332 0.799999
      vertex 12.8147 -15.6148 0
      vertex 13.5655 -14.9672 0
    endloop
  endfacet
  facet normal 0.631688 0.317984 -0.707005
    outer loop
      vertex 18.2606 8.63661 0
      vertex 17.8148 9.52221 0
      vertex 18.9838 8.97866 0.799999
    endloop
  endfacet
  facet normal 0.646532 0.2866 -0.707005
    outer loop
      vertex 18.6624 7.7302 0
      vertex 18.2606 8.63661 0
      vertex 18.9838 8.97866 0.799999
    endloop
  endfacet
  facet normal -0.0520687 -0.70527 -0.707024
    outer loop
      vertex -0.991166 -20.1757 0
      vertex -2.05836 -20.8989 0.799999
      vertex -1.97995 -20.1027 0
    endloop
  endfacet
  facet normal -0.0520096 -0.705314 -0.706985
    outer loop
      vertex -1.03042 -20.9747 0.799999
      vertex -2.05836 -20.8989 0.799999
      vertex -0.991166 -20.1757 0
    endloop
  endfacet
  facet normal -0.999699 0.0245457 0
    outer loop
      vertex -21 0 0.799999
      vertex -20.9747 1.03042 3.2
      vertex -20.9747 1.03042 0.799999
    endloop
  endfacet
  facet normal -0.999699 0.0245457 0
    outer loop
      vertex -20.9747 1.03042 3.2
      vertex -21 0 0.799999
      vertex -21 0 3.2
    endloop
  endfacet
  facet normal 0.997292 0.07354 0
    outer loop
      vertex 20.9747 1.03042 3.2
      vertex 20.8989 2.05836 0.799999
      vertex 20.8989 2.05836 3.2
    endloop
  endfacet
  facet normal 0.997292 0.07354 0
    outer loop
      vertex 20.8989 2.05836 0.799999
      vertex 20.9747 1.03042 3.2
      vertex 20.9747 1.03042 0.799999
    endloop
  endfacet
  facet normal 0.999699 0.0245457 0
    outer loop
      vertex 21 0 3.2
      vertex 20.9747 1.03042 0.799999
      vertex 20.9747 1.03042 3.2
    endloop
  endfacet
  facet normal 0.999699 0.0245457 0
    outer loop
      vertex 20.9747 1.03042 0.799999
      vertex 21 0 3.2
      vertex 21 0 0.799999
    endloop
  endfacet
  facet normal 0.992476 0.122437 0
    outer loop
      vertex 20.8989 2.05836 3.2
      vertex 20.7727 3.08134 0.799999
      vertex 20.7727 3.08134 3.2
    endloop
  endfacet
  facet normal 0.992476 0.122437 0
    outer loop
      vertex 20.7727 3.08134 0.799999
      vertex 20.8989 2.05836 3.2
      vertex 20.8989 2.05836 0.799999
    endloop
  endfacet
  facet normal 0.817583 -0.575811 0
    outer loop
      vertex 16.8674 -12.5097 3.2
      vertex 17.4609 -11.667 0.799999
      vertex 17.4609 -11.667 3.2
    endloop
  endfacet
  facet normal 0.817583 -0.575811 0
    outer loop
      vertex 17.4609 -11.667 0.799999
      vertex 16.8674 -12.5097 3.2
      vertex 16.8674 -12.5097 0.799999
    endloop
  endfacet
  facet normal 0.07354 -0.997292 0
    outer loop
      vertex 1.03042 -20.9747 0.799999
      vertex 2.05836 -20.8989 3.2
      vertex 1.03042 -20.9747 3.2
    endloop
  endfacet
  facet normal 0.07354 -0.997292 0
    outer loop
      vertex 2.05836 -20.8989 3.2
      vertex 1.03042 -20.9747 0.799999
      vertex 2.05836 -20.8989 0.799999
    endloop
  endfacet
  facet normal 0.844866 0.534978 0
    outer loop
      vertex 18.0123 10.7962 3.2
      vertex 17.4609 11.667 0.799999
      vertex 17.4609 11.667 3.2
    endloop
  endfacet
  facet normal 0.844866 0.534978 0
    outer loop
      vertex 17.4609 11.667 0.799999
      vertex 18.0123 10.7962 3.2
      vertex 18.0123 10.7962 0.799999
    endloop
  endfacet
  facet normal 0.653185 0.757198 -0
    outer loop
      vertex 14.1027 15.56 0.799999
      vertex 13.3223 16.2332 3.2
      vertex 14.1027 15.56 3.2
    endloop
  endfacet
  facet normal 0.653185 0.757198 0
    outer loop
      vertex 13.3223 16.2332 3.2
      vertex 14.1027 15.56 0.799999
      vertex 13.3223 16.2332 0.799999
    endloop
  endfacet
  facet normal -0.963754 0.266793 0
    outer loop
      vertex -20.3707 5.10258 0.799999
      vertex -20.0957 6.09598 3.2
      vertex -20.0957 6.09598 0.799999
    endloop
  endfacet
  facet normal -0.963754 0.266793 0
    outer loop
      vertex -20.0957 6.09598 3.2
      vertex -20.3707 5.10258 0.799999
      vertex -20.3707 5.10258 3.2
    endloop
  endfacet
  facet normal 0.975709 -0.219071 0
    outer loop
      vertex 20.3707 -5.10258 3.2
      vertex 20.5965 -4.0969 0.799999
      vertex 20.5965 -4.0969 3.2
    endloop
  endfacet
  facet normal 0.975709 -0.219071 0
    outer loop
      vertex 20.5965 -4.0969 0.799999
      vertex 20.3707 -5.10258 3.2
      vertex 20.3707 -5.10258 0.799999
    endloop
  endfacet
  facet normal 0.949535 0.313662 0
    outer loop
      vertex 20.0957 6.09598 3.2
      vertex 19.7724 7.07469 0.799999
      vertex 19.7724 7.07469 3.2
    endloop
  endfacet
  facet normal 0.949535 0.313662 0
    outer loop
      vertex 19.7724 7.07469 0.799999
      vertex 20.0957 6.09598 3.2
      vertex 20.0957 6.09598 0.799999
    endloop
  endfacet
  facet normal -0.975709 -0.219071 0
    outer loop
      vertex -20.3707 -5.10258 0.799999
      vertex -20.5965 -4.0969 3.2
      vertex -20.5965 -4.0969 0.799999
    endloop
  endfacet
  facet normal -0.975709 -0.219071 0
    outer loop
      vertex -20.5965 -4.0969 3.2
      vertex -20.3707 -5.10258 0.799999
      vertex -20.3707 -5.10258 3.2
    endloop
  endfacet
  facet normal 0.757198 -0.653185 0
    outer loop
      vertex 15.56 -14.1027 3.2
      vertex 16.2332 -13.3223 0.799999
      vertex 16.2332 -13.3223 3.2
    endloop
  endfacet
  facet normal 0.757198 -0.653185 0
    outer loop
      vertex 16.2332 -13.3223 0.799999
      vertex 15.56 -14.1027 3.2
      vertex 15.56 -14.1027 0.799999
    endloop
  endfacet
  facet normal 0.893196 -0.449668 0
    outer loop
      vertex 18.5203 -9.89933 3.2
      vertex 18.9838 -8.97866 0.799999
      vertex 18.9838 -8.97866 3.2
    endloop
  endfacet
  facet normal 0.893196 -0.449668 0
    outer loop
      vertex 18.9838 -8.97866 0.799999
      vertex 18.5203 -9.89933 3.2
      vertex 18.5203 -9.89933 0.799999
    endloop
  endfacet
  facet normal -0.0245457 -0.999699 0
    outer loop
      vertex -1.03042 -20.9747 0.799999
      vertex 0 -21 3.2
      vertex -1.03042 -20.9747 3.2
    endloop
  endfacet
  facet normal -0.0245457 -0.999699 -0
    outer loop
      vertex 0 -21 3.2
      vertex -1.03042 -20.9747 0.799999
      vertex 0 -21 0.799999
    endloop
  endfacet
  facet normal 0.914209 -0.405244 0
    outer loop
      vertex 18.9838 -8.97866 3.2
      vertex 19.4015 -8.03635 0.799999
      vertex 19.4015 -8.03635 3.2
    endloop
  endfacet
  facet normal 0.914209 -0.405244 0
    outer loop
      vertex 19.4015 -8.03635 0.799999
      vertex 18.9838 -8.97866 3.2
      vertex 18.9838 -8.97866 0.799999
    endloop
  endfacet
  facet normal 0.870116 0.492846 0
    outer loop
      vertex 18.5203 9.89933 3.2
      vertex 18.0123 10.7962 0.799999
      vertex 18.0123 10.7962 3.2
    endloop
  endfacet
  facet normal 0.870116 0.492846 0
    outer loop
      vertex 18.0123 10.7962 0.799999
      vertex 18.5203 9.89933 3.2
      vertex 18.5203 9.89933 0.799999
    endloop
  endfacet
  facet normal 0.724212 -0.689578 0
    outer loop
      vertex 14.8492 -14.8492 3.2
      vertex 15.56 -14.1027 0.799999
      vertex 15.56 -14.1027 3.2
    endloop
  endfacet
  facet normal 0.724212 -0.689578 0
    outer loop
      vertex 15.56 -14.1027 0.799999
      vertex 14.8492 -14.8492 3.2
      vertex 14.8492 -14.8492 0.799999
    endloop
  endfacet
  facet normal 0.313662 0.949535 -0
    outer loop
      vertex 7.07469 19.7724 0.799999
      vertex 6.09598 20.0957 3.2
      vertex 7.07469 19.7724 3.2
    endloop
  endfacet
  facet normal 0.313662 0.949535 0
    outer loop
      vertex 6.09598 20.0957 3.2
      vertex 7.07469 19.7724 0.799999
      vertex 6.09598 20.0957 0.799999
    endloop
  endfacet
  facet normal -0.788327 0.615256 0
    outer loop
      vertex -16.8674 12.5097 0.799999
      vertex -16.2332 13.3223 3.2
      vertex -16.2332 13.3223 0.799999
    endloop
  endfacet
  facet normal -0.788327 0.615256 0
    outer loop
      vertex -16.2332 13.3223 3.2
      vertex -16.8674 12.5097 0.799999
      vertex -16.8674 12.5097 3.2
    endloop
  endfacet
  facet normal -0.817583 0.575811 0
    outer loop
      vertex -17.4609 11.667 0.799999
      vertex -16.8674 12.5097 3.2
      vertex -16.8674 12.5097 0.799999
    endloop
  endfacet
  facet normal -0.817583 0.575811 0
    outer loop
      vertex -16.8674 12.5097 3.2
      vertex -17.4609 11.667 0.799999
      vertex -17.4609 11.667 3.2
    endloop
  endfacet
  facet normal 0.963754 -0.266793 0
    outer loop
      vertex 20.0957 -6.09598 3.2
      vertex 20.3707 -5.10258 0.799999
      vertex 20.3707 -5.10258 3.2
    endloop
  endfacet
  facet normal 0.963754 -0.266793 0
    outer loop
      vertex 20.3707 -5.10258 0.799999
      vertex 20.0957 -6.09598 3.2
      vertex 20.0957 -6.09598 0.799999
    endloop
  endfacet
  facet normal -0.492846 0.870116 0
    outer loop
      vertex -9.89933 18.5203 0.799999
      vertex -10.7962 18.0123 3.2
      vertex -9.89933 18.5203 3.2
    endloop
  endfacet
  facet normal -0.492846 0.870116 0
    outer loop
      vertex -10.7962 18.0123 3.2
      vertex -9.89933 18.5203 0.799999
      vertex -10.7962 18.0123 0.799999
    endloop
  endfacet
  facet normal -0.757198 0.653185 0
    outer loop
      vertex -16.2332 13.3223 0.799999
      vertex -15.56 14.1027 3.2
      vertex -15.56 14.1027 0.799999
    endloop
  endfacet
  facet normal -0.757198 0.653185 0
    outer loop
      vertex -15.56 14.1027 3.2
      vertex -16.2332 13.3223 0.799999
      vertex -16.2332 13.3223 3.2
    endloop
  endfacet
  facet normal -0.689578 0.724212 0
    outer loop
      vertex -14.1027 15.56 0.799999
      vertex -14.8492 14.8492 3.2
      vertex -14.1027 15.56 3.2
    endloop
  endfacet
  facet normal -0.689578 0.724212 0
    outer loop
      vertex -14.8492 14.8492 3.2
      vertex -14.1027 15.56 0.799999
      vertex -14.8492 14.8492 0.799999
    endloop
  endfacet
  facet normal -0.170946 -0.98528 0
    outer loop
      vertex -4.0969 -20.5965 0.799999
      vertex -3.08134 -20.7727 3.2
      vertex -4.0969 -20.5965 3.2
    endloop
  endfacet
  facet normal -0.170946 -0.98528 -0
    outer loop
      vertex -3.08134 -20.7727 3.2
      vertex -4.0969 -20.5965 0.799999
      vertex -3.08134 -20.7727 0.799999
    endloop
  endfacet
  facet normal -0.07354 0.997292 0
    outer loop
      vertex -1.03042 20.9747 0.799999
      vertex -2.05836 20.8989 3.2
      vertex -1.03042 20.9747 3.2
    endloop
  endfacet
  facet normal -0.07354 0.997292 0
    outer loop
      vertex -2.05836 20.8989 3.2
      vertex -1.03042 20.9747 0.799999
      vertex -2.05836 20.8989 0.799999
    endloop
  endfacet
  facet normal -0.757198 -0.653185 0
    outer loop
      vertex -15.56 -14.1027 0.799999
      vertex -16.2332 -13.3223 3.2
      vertex -16.2332 -13.3223 0.799999
    endloop
  endfacet
  facet normal -0.757198 -0.653185 0
    outer loop
      vertex -16.2332 -13.3223 3.2
      vertex -15.56 -14.1027 0.799999
      vertex -15.56 -14.1027 3.2
    endloop
  endfacet
  facet normal 0.219071 -0.975709 0
    outer loop
      vertex 4.0969 -20.5965 0.799999
      vertex 5.10258 -20.3707 3.2
      vertex 4.0969 -20.5965 3.2
    endloop
  endfacet
  facet normal 0.219071 -0.975709 0
    outer loop
      vertex 5.10258 -20.3707 3.2
      vertex 4.0969 -20.5965 0.799999
      vertex 5.10258 -20.3707 0.799999
    endloop
  endfacet
  facet normal 0.93301 0.35985 0
    outer loop
      vertex 19.7724 7.07469 3.2
      vertex 19.4015 8.03635 0.799999
      vertex 19.4015 8.03635 3.2
    endloop
  endfacet
  facet normal 0.93301 0.35985 0
    outer loop
      vertex 19.4015 8.03635 0.799999
      vertex 19.7724 7.07469 3.2
      vertex 19.7724 7.07469 0.799999
    endloop
  endfacet
  facet normal -0.122437 0.992476 0
    outer loop
      vertex -2.05836 20.8989 0.799999
      vertex -3.08134 20.7727 3.2
      vertex -2.05836 20.8989 3.2
    endloop
  endfacet
  facet normal -0.122437 0.992476 0
    outer loop
      vertex -3.08134 20.7727 3.2
      vertex -2.05836 20.8989 0.799999
      vertex -3.08134 20.7727 0.799999
    endloop
  endfacet
  facet normal -0.653185 -0.757198 0
    outer loop
      vertex -14.1027 -15.56 0.799999
      vertex -13.3223 -16.2332 3.2
      vertex -14.1027 -15.56 3.2
    endloop
  endfacet
  facet normal -0.653185 -0.757198 -0
    outer loop
      vertex -13.3223 -16.2332 3.2
      vertex -14.1027 -15.56 0.799999
      vertex -13.3223 -16.2332 0.799999
    endloop
  endfacet
  facet normal -0.534978 0.844866 0
    outer loop
      vertex -10.7962 18.0123 0.799999
      vertex -11.667 17.4609 3.2
      vertex -10.7962 18.0123 3.2
    endloop
  endfacet
  facet normal -0.534978 0.844866 0
    outer loop
      vertex -11.667 17.4609 3.2
      vertex -10.7962 18.0123 0.799999
      vertex -11.667 17.4609 0.799999
    endloop
  endfacet
  facet normal 0.689578 0.724212 -0
    outer loop
      vertex 14.8492 14.8492 0.799999
      vertex 14.1027 15.56 3.2
      vertex 14.8492 14.8492 3.2
    endloop
  endfacet
  facet normal 0.689578 0.724212 0
    outer loop
      vertex 14.1027 15.56 3.2
      vertex 14.8492 14.8492 0.799999
      vertex 14.1027 15.56 0.799999
    endloop
  endfacet
  facet normal -0.492846 -0.870116 0
    outer loop
      vertex -10.7962 -18.0123 0.799999
      vertex -9.89933 -18.5203 3.2
      vertex -10.7962 -18.0123 3.2
    endloop
  endfacet
  facet normal -0.492846 -0.870116 -0
    outer loop
      vertex -9.89933 -18.5203 3.2
      vertex -10.7962 -18.0123 0.799999
      vertex -9.89933 -18.5203 0.799999
    endloop
  endfacet
  facet normal 0.870116 -0.492846 0
    outer loop
      vertex 18.0123 -10.7962 3.2
      vertex 18.5203 -9.89933 0.799999
      vertex 18.5203 -9.89933 3.2
    endloop
  endfacet
  facet normal 0.870116 -0.492846 0
    outer loop
      vertex 18.5203 -9.89933 0.799999
      vertex 18.0123 -10.7962 3.2
      vertex 18.0123 -10.7962 0.799999
    endloop
  endfacet
  facet normal 0.992476 -0.122437 0
    outer loop
      vertex 20.7727 -3.08134 3.2
      vertex 20.8989 -2.05836 0.799999
      vertex 20.8989 -2.05836 3.2
    endloop
  endfacet
  facet normal 0.992476 -0.122437 0
    outer loop
      vertex 20.8989 -2.05836 0.799999
      vertex 20.7727 -3.08134 3.2
      vertex 20.7727 -3.08134 0.799999
    endloop
  endfacet
  facet normal -0.949535 -0.313662 0
    outer loop
      vertex -19.7724 -7.07469 0.799999
      vertex -20.0957 -6.09598 3.2
      vertex -20.0957 -6.09598 0.799999
    endloop
  endfacet
  facet normal -0.949535 -0.313662 0
    outer loop
      vertex -20.0957 -6.09598 3.2
      vertex -19.7724 -7.07469 0.799999
      vertex -19.7724 -7.07469 3.2
    endloop
  endfacet
  facet normal -0.949535 0.313662 0
    outer loop
      vertex -20.0957 6.09598 0.799999
      vertex -19.7724 7.07469 3.2
      vertex -19.7724 7.07469 0.799999
    endloop
  endfacet
  facet normal -0.949535 0.313662 0
    outer loop
      vertex -19.7724 7.07469 3.2
      vertex -20.0957 6.09598 0.799999
      vertex -20.0957 6.09598 3.2
    endloop
  endfacet
  facet normal -0.219071 0.975709 0
    outer loop
      vertex -4.0969 20.5965 0.799999
      vertex -5.10258 20.3707 3.2
      vertex -4.0969 20.5965 3.2
    endloop
  endfacet
  facet normal -0.219071 0.975709 0
    outer loop
      vertex -5.10258 20.3707 3.2
      vertex -4.0969 20.5965 0.799999
      vertex -5.10258 20.3707 0.799999
    endloop
  endfacet
  facet normal 0.405244 0.914209 -0
    outer loop
      vertex 8.97866 18.9838 0.799999
      vertex 8.03635 19.4015 3.2
      vertex 8.97866 18.9838 3.2
    endloop
  endfacet
  facet normal 0.405244 0.914209 0
    outer loop
      vertex 8.03635 19.4015 3.2
      vertex 8.97866 18.9838 0.799999
      vertex 8.03635 19.4015 0.799999
    endloop
  endfacet
  facet normal 0.170946 -0.98528 0
    outer loop
      vertex 3.08134 -20.7727 0.799999
      vertex 4.0969 -20.5965 3.2
      vertex 3.08134 -20.7727 3.2
    endloop
  endfacet
  facet normal 0.170946 -0.98528 0
    outer loop
      vertex 4.0969 -20.5965 3.2
      vertex 3.08134 -20.7727 0.799999
      vertex 4.0969 -20.5965 0.799999
    endloop
  endfacet
  facet normal -0.997292 -0.07354 0
    outer loop
      vertex -20.8989 -2.05836 0.799999
      vertex -20.9747 -1.03042 3.2
      vertex -20.9747 -1.03042 0.799999
    endloop
  endfacet
  facet normal -0.997292 -0.07354 0
    outer loop
      vertex -20.9747 -1.03042 3.2
      vertex -20.8989 -2.05836 0.799999
      vertex -20.8989 -2.05836 3.2
    endloop
  endfacet
  facet normal 0.170946 0.98528 -0
    outer loop
      vertex 4.0969 20.5965 0.799999
      vertex 3.08134 20.7727 3.2
      vertex 4.0969 20.5965 3.2
    endloop
  endfacet
  facet normal 0.170946 0.98528 0
    outer loop
      vertex 3.08134 20.7727 3.2
      vertex 4.0969 20.5965 0.799999
      vertex 3.08134 20.7727 0.799999
    endloop
  endfacet
  facet normal 0.122437 0.992476 -0
    outer loop
      vertex 3.08134 20.7727 0.799999
      vertex 2.05836 20.8989 3.2
      vertex 3.08134 20.7727 3.2
    endloop
  endfacet
  facet normal 0.122437 0.992476 0
    outer loop
      vertex 2.05836 20.8989 3.2
      vertex 3.08134 20.7727 0.799999
      vertex 2.05836 20.8989 0.799999
    endloop
  endfacet
  facet normal 0.93301 -0.35985 0
    outer loop
      vertex 19.4015 -8.03635 3.2
      vertex 19.7724 -7.07469 0.799999
      vertex 19.7724 -7.07469 3.2
    endloop
  endfacet
  facet normal 0.93301 -0.35985 0
    outer loop
      vertex 19.7724 -7.07469 0.799999
      vertex 19.4015 -8.03635 3.2
      vertex 19.4015 -8.03635 0.799999
    endloop
  endfacet
  facet normal -0.405244 -0.914209 0
    outer loop
      vertex -8.97866 -18.9838 0.799999
      vertex -8.03635 -19.4015 3.2
      vertex -8.97866 -18.9838 3.2
    endloop
  endfacet
  facet normal -0.405244 -0.914209 -0
    outer loop
      vertex -8.03635 -19.4015 3.2
      vertex -8.97866 -18.9838 0.799999
      vertex -8.03635 -19.4015 0.799999
    endloop
  endfacet
  facet normal 0.35985 -0.93301 0
    outer loop
      vertex 7.07469 -19.7724 0.799999
      vertex 8.03635 -19.4015 3.2
      vertex 7.07469 -19.7724 3.2
    endloop
  endfacet
  facet normal 0.35985 -0.93301 0
    outer loop
      vertex 8.03635 -19.4015 3.2
      vertex 7.07469 -19.7724 0.799999
      vertex 8.03635 -19.4015 0.799999
    endloop
  endfacet
  facet normal 0.949535 -0.313662 0
    outer loop
      vertex 19.7724 -7.07469 3.2
      vertex 20.0957 -6.09598 0.799999
      vertex 20.0957 -6.09598 3.2
    endloop
  endfacet
  facet normal 0.949535 -0.313662 0
    outer loop
      vertex 20.0957 -6.09598 0.799999
      vertex 19.7724 -7.07469 3.2
      vertex 19.7724 -7.07469 0.799999
    endloop
  endfacet
  facet normal -0.93301 0.35985 0
    outer loop
      vertex -19.7724 7.07469 0.799999
      vertex -19.4015 8.03635 3.2
      vertex -19.4015 8.03635 0.799999
    endloop
  endfacet
  facet normal -0.93301 0.35985 0
    outer loop
      vertex -19.4015 8.03635 3.2
      vertex -19.7724 7.07469 0.799999
      vertex -19.7724 7.07469 3.2
    endloop
  endfacet
  facet normal 0.997292 -0.07354 0
    outer loop
      vertex 20.8989 -2.05836 3.2
      vertex 20.9747 -1.03042 0.799999
      vertex 20.9747 -1.03042 3.2
    endloop
  endfacet
  facet normal 0.997292 -0.07354 0
    outer loop
      vertex 20.9747 -1.03042 0.799999
      vertex 20.8989 -2.05836 3.2
      vertex 20.8989 -2.05836 0.799999
    endloop
  endfacet
  facet normal 0.0245457 -0.999699 0
    outer loop
      vertex 0 -21 0.799999
      vertex 1.03042 -20.9747 3.2
      vertex 0 -21 3.2
    endloop
  endfacet
  facet normal 0.0245457 -0.999699 0
    outer loop
      vertex 1.03042 -20.9747 3.2
      vertex 0 -21 0.799999
      vertex 1.03042 -20.9747 0.799999
    endloop
  endfacet
  facet normal 0.724212 0.689578 0
    outer loop
      vertex 15.56 14.1027 3.2
      vertex 14.8492 14.8492 0.799999
      vertex 14.8492 14.8492 3.2
    endloop
  endfacet
  facet normal 0.724212 0.689578 0
    outer loop
      vertex 14.8492 14.8492 0.799999
      vertex 15.56 14.1027 3.2
      vertex 15.56 14.1027 0.799999
    endloop
  endfacet
  facet normal 0.575811 -0.817583 0
    outer loop
      vertex 11.667 -17.4609 0.799999
      vertex 12.5097 -16.8674 3.2
      vertex 11.667 -17.4609 3.2
    endloop
  endfacet
  facet normal 0.575811 -0.817583 0
    outer loop
      vertex 12.5097 -16.8674 3.2
      vertex 11.667 -17.4609 0.799999
      vertex 12.5097 -16.8674 0.799999
    endloop
  endfacet
  facet normal 0.449668 0.893196 -0
    outer loop
      vertex 9.89933 18.5203 0.799999
      vertex 8.97866 18.9838 3.2
      vertex 9.89933 18.5203 3.2
    endloop
  endfacet
  facet normal 0.449668 0.893196 0
    outer loop
      vertex 8.97866 18.9838 3.2
      vertex 9.89933 18.5203 0.799999
      vertex 8.97866 18.9838 0.799999
    endloop
  endfacet
  facet normal -0.992476 0.122437 0
    outer loop
      vertex -20.8989 2.05836 0.799999
      vertex -20.7727 3.08134 3.2
      vertex -20.7727 3.08134 0.799999
    endloop
  endfacet
  facet normal -0.992476 0.122437 0
    outer loop
      vertex -20.7727 3.08134 3.2
      vertex -20.8989 2.05836 0.799999
      vertex -20.8989 2.05836 3.2
    endloop
  endfacet
  facet normal 0.653185 -0.757198 0
    outer loop
      vertex 13.3223 -16.2332 0.799999
      vertex 14.1027 -15.56 3.2
      vertex 13.3223 -16.2332 3.2
    endloop
  endfacet
  facet normal 0.653185 -0.757198 0
    outer loop
      vertex 14.1027 -15.56 3.2
      vertex 13.3223 -16.2332 0.799999
      vertex 14.1027 -15.56 0.799999
    endloop
  endfacet
  facet normal -0.07354 -0.997292 0
    outer loop
      vertex -2.05836 -20.8989 0.799999
      vertex -1.03042 -20.9747 3.2
      vertex -2.05836 -20.8989 3.2
    endloop
  endfacet
  facet normal -0.07354 -0.997292 -0
    outer loop
      vertex -1.03042 -20.9747 3.2
      vertex -2.05836 -20.8989 0.799999
      vertex -1.03042 -20.9747 0.799999
    endloop
  endfacet
  facet normal 0.788327 -0.615256 0
    outer loop
      vertex 16.2332 -13.3223 3.2
      vertex 16.8674 -12.5097 0.799999
      vertex 16.8674 -12.5097 3.2
    endloop
  endfacet
  facet normal 0.788327 -0.615256 0
    outer loop
      vertex 16.8674 -12.5097 0.799999
      vertex 16.2332 -13.3223 3.2
      vertex 16.2332 -13.3223 0.799999
    endloop
  endfacet
  facet normal -0.313662 0.949535 0
    outer loop
      vertex -6.09598 20.0957 0.799999
      vertex -7.07469 19.7724 3.2
      vertex -6.09598 20.0957 3.2
    endloop
  endfacet
  facet normal -0.313662 0.949535 0
    outer loop
      vertex -7.07469 19.7724 3.2
      vertex -6.09598 20.0957 0.799999
      vertex -7.07469 19.7724 0.799999
    endloop
  endfacet
  facet normal -0.98528 -0.170946 0
    outer loop
      vertex -20.5965 -4.0969 0.799999
      vertex -20.7727 -3.08134 3.2
      vertex -20.7727 -3.08134 0.799999
    endloop
  endfacet
  facet normal -0.98528 -0.170946 0
    outer loop
      vertex -20.7727 -3.08134 3.2
      vertex -20.5965 -4.0969 0.799999
      vertex -20.5965 -4.0969 3.2
    endloop
  endfacet
  facet normal 0.534978 -0.844866 0
    outer loop
      vertex 10.7962 -18.0123 0.799999
      vertex 11.667 -17.4609 3.2
      vertex 10.7962 -18.0123 3.2
    endloop
  endfacet
  facet normal 0.534978 -0.844866 0
    outer loop
      vertex 11.667 -17.4609 3.2
      vertex 10.7962 -18.0123 0.799999
      vertex 11.667 -17.4609 0.799999
    endloop
  endfacet
  facet normal -0.724212 -0.689578 0
    outer loop
      vertex -14.8492 -14.8492 0.799999
      vertex -15.56 -14.1027 3.2
      vertex -15.56 -14.1027 0.799999
    endloop
  endfacet
  facet normal -0.724212 -0.689578 0
    outer loop
      vertex -15.56 -14.1027 3.2
      vertex -14.8492 -14.8492 0.799999
      vertex -14.8492 -14.8492 3.2
    endloop
  endfacet
  facet normal 0.757198 0.653185 0
    outer loop
      vertex 16.2332 13.3223 3.2
      vertex 15.56 14.1027 0.799999
      vertex 15.56 14.1027 3.2
    endloop
  endfacet
  facet normal 0.757198 0.653185 0
    outer loop
      vertex 15.56 14.1027 0.799999
      vertex 16.2332 13.3223 3.2
      vertex 16.2332 13.3223 0.799999
    endloop
  endfacet
  facet normal 0.492846 0.870116 -0
    outer loop
      vertex 10.7962 18.0123 0.799999
      vertex 9.89933 18.5203 3.2
      vertex 10.7962 18.0123 3.2
    endloop
  endfacet
  facet normal 0.492846 0.870116 0
    outer loop
      vertex 9.89933 18.5203 3.2
      vertex 10.7962 18.0123 0.799999
      vertex 9.89933 18.5203 0.799999
    endloop
  endfacet
  facet normal 0.893196 0.449668 0
    outer loop
      vertex 18.9838 8.97866 3.2
      vertex 18.5203 9.89933 0.799999
      vertex 18.5203 9.89933 3.2
    endloop
  endfacet
  facet normal 0.893196 0.449668 0
    outer loop
      vertex 18.5203 9.89933 0.799999
      vertex 18.9838 8.97866 3.2
      vertex 18.9838 8.97866 0.799999
    endloop
  endfacet
  facet normal -0.870116 -0.492846 0
    outer loop
      vertex -18.0123 -10.7962 0.799999
      vertex -18.5203 -9.89933 3.2
      vertex -18.5203 -9.89933 0.799999
    endloop
  endfacet
  facet normal -0.870116 -0.492846 0
    outer loop
      vertex -18.5203 -9.89933 3.2
      vertex -18.0123 -10.7962 0.799999
      vertex -18.0123 -10.7962 3.2
    endloop
  endfacet
  facet normal 0.98528 0.170946 0
    outer loop
      vertex 20.7727 3.08134 3.2
      vertex 20.5965 4.0969 0.799999
      vertex 20.5965 4.0969 3.2
    endloop
  endfacet
  facet normal 0.98528 0.170946 0
    outer loop
      vertex 20.5965 4.0969 0.799999
      vertex 20.7727 3.08134 3.2
      vertex 20.7727 3.08134 0.799999
    endloop
  endfacet
  facet normal 0.689578 -0.724212 0
    outer loop
      vertex 14.1027 -15.56 0.799999
      vertex 14.8492 -14.8492 3.2
      vertex 14.1027 -15.56 3.2
    endloop
  endfacet
  facet normal 0.689578 -0.724212 0
    outer loop
      vertex 14.8492 -14.8492 3.2
      vertex 14.1027 -15.56 0.799999
      vertex 14.8492 -14.8492 0.799999
    endloop
  endfacet
  facet normal -0.844866 -0.534978 0
    outer loop
      vertex -17.4609 -11.667 0.799999
      vertex -18.0123 -10.7962 3.2
      vertex -18.0123 -10.7962 0.799999
    endloop
  endfacet
  facet normal -0.844866 -0.534978 0
    outer loop
      vertex -18.0123 -10.7962 3.2
      vertex -17.4609 -11.667 0.799999
      vertex -17.4609 -11.667 3.2
    endloop
  endfacet
  facet normal -0.999699 -0.0245457 0
    outer loop
      vertex -20.9747 -1.03042 0.799999
      vertex -21 0 3.2
      vertex -21 0 0.799999
    endloop
  endfacet
  facet normal -0.999699 -0.0245457 0
    outer loop
      vertex -21 0 3.2
      vertex -20.9747 -1.03042 0.799999
      vertex -20.9747 -1.03042 3.2
    endloop
  endfacet
  facet normal 0.999699 -0.0245457 0
    outer loop
      vertex 20.9747 -1.03042 3.2
      vertex 21 0 0.799999
      vertex 21 0 3.2
    endloop
  endfacet
  facet normal 0.999699 -0.0245457 0
    outer loop
      vertex 21 0 0.799999
      vertex 20.9747 -1.03042 3.2
      vertex 20.9747 -1.03042 0.799999
    endloop
  endfacet
  facet normal 0.35985 0.93301 -0
    outer loop
      vertex 8.03635 19.4015 0.799999
      vertex 7.07469 19.7724 3.2
      vertex 8.03635 19.4015 3.2
    endloop
  endfacet
  facet normal 0.35985 0.93301 0
    outer loop
      vertex 7.07469 19.7724 3.2
      vertex 8.03635 19.4015 0.799999
      vertex 7.07469 19.7724 0.799999
    endloop
  endfacet
  facet normal -0.893196 0.449668 0
    outer loop
      vertex -18.9838 8.97866 0.799999
      vertex -18.5203 9.89933 3.2
      vertex -18.5203 9.89933 0.799999
    endloop
  endfacet
  facet normal -0.893196 0.449668 0
    outer loop
      vertex -18.5203 9.89933 3.2
      vertex -18.9838 8.97866 0.799999
      vertex -18.9838 8.97866 3.2
    endloop
  endfacet
  facet normal -0.122437 -0.992476 0
    outer loop
      vertex -3.08134 -20.7727 0.799999
      vertex -2.05836 -20.8989 3.2
      vertex -3.08134 -20.7727 3.2
    endloop
  endfacet
  facet normal -0.122437 -0.992476 -0
    outer loop
      vertex -2.05836 -20.8989 3.2
      vertex -3.08134 -20.7727 0.799999
      vertex -2.05836 -20.8989 0.799999
    endloop
  endfacet
  facet normal -0.35985 -0.93301 0
    outer loop
      vertex -8.03635 -19.4015 0.799999
      vertex -7.07469 -19.7724 3.2
      vertex -8.03635 -19.4015 3.2
    endloop
  endfacet
  facet normal -0.35985 -0.93301 -0
    outer loop
      vertex -7.07469 -19.7724 3.2
      vertex -8.03635 -19.4015 0.799999
      vertex -7.07469 -19.7724 0.799999
    endloop
  endfacet
  facet normal -0.992476 -0.122437 0
    outer loop
      vertex -20.7727 -3.08134 0.799999
      vertex -20.8989 -2.05836 3.2
      vertex -20.8989 -2.05836 0.799999
    endloop
  endfacet
  facet normal -0.992476 -0.122437 0
    outer loop
      vertex -20.8989 -2.05836 3.2
      vertex -20.7727 -3.08134 0.799999
      vertex -20.7727 -3.08134 3.2
    endloop
  endfacet
  facet normal 0.975709 0.219071 0
    outer loop
      vertex 20.5965 4.0969 3.2
      vertex 20.3707 5.10258 0.799999
      vertex 20.3707 5.10258 3.2
    endloop
  endfacet
  facet normal 0.975709 0.219071 0
    outer loop
      vertex 20.3707 5.10258 0.799999
      vertex 20.5965 4.0969 3.2
      vertex 20.5965 4.0969 0.799999
    endloop
  endfacet
  facet normal 0.817583 0.575811 0
    outer loop
      vertex 17.4609 11.667 3.2
      vertex 16.8674 12.5097 0.799999
      vertex 16.8674 12.5097 3.2
    endloop
  endfacet
  facet normal 0.817583 0.575811 0
    outer loop
      vertex 16.8674 12.5097 0.799999
      vertex 17.4609 11.667 3.2
      vertex 17.4609 11.667 0.799999
    endloop
  endfacet
  facet normal 0.963754 0.266793 0
    outer loop
      vertex 20.3707 5.10258 3.2
      vertex 20.0957 6.09598 0.799999
      vertex 20.0957 6.09598 3.2
    endloop
  endfacet
  facet normal 0.963754 0.266793 0
    outer loop
      vertex 20.0957 6.09598 0.799999
      vertex 20.3707 5.10258 3.2
      vertex 20.3707 5.10258 0.799999
    endloop
  endfacet
  facet normal 0.313662 -0.949535 0
    outer loop
      vertex 6.09598 -20.0957 0.799999
      vertex 7.07469 -19.7724 3.2
      vertex 6.09598 -20.0957 3.2
    endloop
  endfacet
  facet normal 0.313662 -0.949535 0
    outer loop
      vertex 7.07469 -19.7724 3.2
      vertex 6.09598 -20.0957 0.799999
      vertex 7.07469 -19.7724 0.799999
    endloop
  endfacet
  facet normal 0.492846 -0.870116 0
    outer loop
      vertex 9.89933 -18.5203 0.799999
      vertex 10.7962 -18.0123 3.2
      vertex 9.89933 -18.5203 3.2
    endloop
  endfacet
  facet normal 0.492846 -0.870116 0
    outer loop
      vertex 10.7962 -18.0123 3.2
      vertex 9.89933 -18.5203 0.799999
      vertex 10.7962 -18.0123 0.799999
    endloop
  endfacet
  facet normal 0.575811 0.817583 -0
    outer loop
      vertex 12.5097 16.8674 0.799999
      vertex 11.667 17.4609 3.2
      vertex 12.5097 16.8674 3.2
    endloop
  endfacet
  facet normal 0.575811 0.817583 0
    outer loop
      vertex 11.667 17.4609 3.2
      vertex 12.5097 16.8674 0.799999
      vertex 11.667 17.4609 0.799999
    endloop
  endfacet
  facet normal -0.615256 0.788327 0
    outer loop
      vertex -12.5097 16.8674 0.799999
      vertex -13.3223 16.2332 3.2
      vertex -12.5097 16.8674 3.2
    endloop
  endfacet
  facet normal -0.615256 0.788327 0
    outer loop
      vertex -13.3223 16.2332 3.2
      vertex -12.5097 16.8674 0.799999
      vertex -13.3223 16.2332 0.799999
    endloop
  endfacet
  facet normal -0.35985 0.93301 0
    outer loop
      vertex -7.07469 19.7724 0.799999
      vertex -8.03635 19.4015 3.2
      vertex -7.07469 19.7724 3.2
    endloop
  endfacet
  facet normal -0.35985 0.93301 0
    outer loop
      vertex -8.03635 19.4015 3.2
      vertex -7.07469 19.7724 0.799999
      vertex -8.03635 19.4015 0.799999
    endloop
  endfacet
  facet normal -0.0245457 0.999699 0
    outer loop
      vertex 0 21 0.799999
      vertex -1.03042 20.9747 3.2
      vertex 0 21 3.2
    endloop
  endfacet
  facet normal -0.0245457 0.999699 0
    outer loop
      vertex -1.03042 20.9747 3.2
      vertex 0 21 0.799999
      vertex -1.03042 20.9747 0.799999
    endloop
  endfacet
  facet normal 0.914209 0.405244 0
    outer loop
      vertex 19.4015 8.03635 3.2
      vertex 18.9838 8.97866 0.799999
      vertex 18.9838 8.97866 3.2
    endloop
  endfacet
  facet normal 0.914209 0.405244 0
    outer loop
      vertex 18.9838 8.97866 0.799999
      vertex 19.4015 8.03635 3.2
      vertex 19.4015 8.03635 0.799999
    endloop
  endfacet
  facet normal 0.615256 0.788327 -0
    outer loop
      vertex 13.3223 16.2332 0.799999
      vertex 12.5097 16.8674 3.2
      vertex 13.3223 16.2332 3.2
    endloop
  endfacet
  facet normal 0.615256 0.788327 0
    outer loop
      vertex 12.5097 16.8674 3.2
      vertex 13.3223 16.2332 0.799999
      vertex 12.5097 16.8674 0.799999
    endloop
  endfacet
  facet normal -0.575811 0.817583 0
    outer loop
      vertex -11.667 17.4609 0.799999
      vertex -12.5097 16.8674 3.2
      vertex -11.667 17.4609 3.2
    endloop
  endfacet
  facet normal -0.575811 0.817583 0
    outer loop
      vertex -12.5097 16.8674 3.2
      vertex -11.667 17.4609 0.799999
      vertex -12.5097 16.8674 0.799999
    endloop
  endfacet
  facet normal -0.653185 0.757198 0
    outer loop
      vertex -13.3223 16.2332 0.799999
      vertex -14.1027 15.56 3.2
      vertex -13.3223 16.2332 3.2
    endloop
  endfacet
  facet normal -0.653185 0.757198 0
    outer loop
      vertex -14.1027 15.56 3.2
      vertex -13.3223 16.2332 0.799999
      vertex -14.1027 15.56 0.799999
    endloop
  endfacet
  facet normal -0.170946 0.98528 0
    outer loop
      vertex -3.08134 20.7727 0.799999
      vertex -4.0969 20.5965 3.2
      vertex -3.08134 20.7727 3.2
    endloop
  endfacet
  facet normal -0.170946 0.98528 0
    outer loop
      vertex -4.0969 20.5965 3.2
      vertex -3.08134 20.7727 0.799999
      vertex -4.0969 20.5965 0.799999
    endloop
  endfacet
  facet normal 0.615256 -0.788327 0
    outer loop
      vertex 12.5097 -16.8674 0.799999
      vertex 13.3223 -16.2332 3.2
      vertex 12.5097 -16.8674 3.2
    endloop
  endfacet
  facet normal 0.615256 -0.788327 0
    outer loop
      vertex 13.3223 -16.2332 3.2
      vertex 12.5097 -16.8674 0.799999
      vertex 13.3223 -16.2332 0.799999
    endloop
  endfacet
  facet normal 0.788327 0.615256 0
    outer loop
      vertex 16.8674 12.5097 3.2
      vertex 16.2332 13.3223 0.799999
      vertex 16.2332 13.3223 3.2
    endloop
  endfacet
  facet normal 0.788327 0.615256 0
    outer loop
      vertex 16.2332 13.3223 0.799999
      vertex 16.8674 12.5097 3.2
      vertex 16.8674 12.5097 0.799999
    endloop
  endfacet
  facet normal -0.93301 -0.35985 0
    outer loop
      vertex -19.4015 -8.03635 0.799999
      vertex -19.7724 -7.07469 3.2
      vertex -19.7724 -7.07469 0.799999
    endloop
  endfacet
  facet normal -0.93301 -0.35985 0
    outer loop
      vertex -19.7724 -7.07469 3.2
      vertex -19.4015 -8.03635 0.799999
      vertex -19.4015 -8.03635 3.2
    endloop
  endfacet
  facet normal -0.817583 -0.575811 0
    outer loop
      vertex -16.8674 -12.5097 0.799999
      vertex -17.4609 -11.667 3.2
      vertex -17.4609 -11.667 0.799999
    endloop
  endfacet
  facet normal -0.817583 -0.575811 0
    outer loop
      vertex -17.4609 -11.667 3.2
      vertex -16.8674 -12.5097 0.799999
      vertex -16.8674 -12.5097 3.2
    endloop
  endfacet
  facet normal -0.266793 -0.963754 0
    outer loop
      vertex -6.09598 -20.0957 0.799999
      vertex -5.10258 -20.3707 3.2
      vertex -6.09598 -20.0957 3.2
    endloop
  endfacet
  facet normal -0.266793 -0.963754 -0
    outer loop
      vertex -5.10258 -20.3707 3.2
      vertex -6.09598 -20.0957 0.799999
      vertex -5.10258 -20.3707 0.799999
    endloop
  endfacet
  facet normal 0.266793 0.963754 -0
    outer loop
      vertex 6.09598 20.0957 0.799999
      vertex 5.10258 20.3707 3.2
      vertex 6.09598 20.0957 3.2
    endloop
  endfacet
  facet normal 0.266793 0.963754 0
    outer loop
      vertex 5.10258 20.3707 3.2
      vertex 6.09598 20.0957 0.799999
      vertex 5.10258 20.3707 0.799999
    endloop
  endfacet
  facet normal -0.914209 -0.405244 0
    outer loop
      vertex -18.9838 -8.97866 0.799999
      vertex -19.4015 -8.03635 3.2
      vertex -19.4015 -8.03635 0.799999
    endloop
  endfacet
  facet normal -0.914209 -0.405244 0
    outer loop
      vertex -19.4015 -8.03635 3.2
      vertex -18.9838 -8.97866 0.799999
      vertex -18.9838 -8.97866 3.2
    endloop
  endfacet
  facet normal 0.219071 0.975709 -0
    outer loop
      vertex 5.10258 20.3707 0.799999
      vertex 4.0969 20.5965 3.2
      vertex 5.10258 20.3707 3.2
    endloop
  endfacet
  facet normal 0.219071 0.975709 0
    outer loop
      vertex 4.0969 20.5965 3.2
      vertex 5.10258 20.3707 0.799999
      vertex 4.0969 20.5965 0.799999
    endloop
  endfacet
  facet normal -0.219071 -0.975709 0
    outer loop
      vertex -5.10258 -20.3707 0.799999
      vertex -4.0969 -20.5965 3.2
      vertex -5.10258 -20.3707 3.2
    endloop
  endfacet
  facet normal -0.219071 -0.975709 -0
    outer loop
      vertex -4.0969 -20.5965 3.2
      vertex -5.10258 -20.3707 0.799999
      vertex -4.0969 -20.5965 0.799999
    endloop
  endfacet
  facet normal 0.844866 -0.534978 0
    outer loop
      vertex 17.4609 -11.667 3.2
      vertex 18.0123 -10.7962 0.799999
      vertex 18.0123 -10.7962 3.2
    endloop
  endfacet
  facet normal 0.844866 -0.534978 0
    outer loop
      vertex 18.0123 -10.7962 0.799999
      vertex 17.4609 -11.667 3.2
      vertex 17.4609 -11.667 0.799999
    endloop
  endfacet
  facet normal 0.122437 -0.992476 0
    outer loop
      vertex 2.05836 -20.8989 0.799999
      vertex 3.08134 -20.7727 3.2
      vertex 2.05836 -20.8989 3.2
    endloop
  endfacet
  facet normal 0.122437 -0.992476 0
    outer loop
      vertex 3.08134 -20.7727 3.2
      vertex 2.05836 -20.8989 0.799999
      vertex 3.08134 -20.7727 0.799999
    endloop
  endfacet
  facet normal -0.724212 0.689578 0
    outer loop
      vertex -15.56 14.1027 0.799999
      vertex -14.8492 14.8492 3.2
      vertex -14.8492 14.8492 0.799999
    endloop
  endfacet
  facet normal -0.724212 0.689578 0
    outer loop
      vertex -14.8492 14.8492 3.2
      vertex -15.56 14.1027 0.799999
      vertex -15.56 14.1027 3.2
    endloop
  endfacet
  facet normal 0.449668 -0.893196 0
    outer loop
      vertex 8.97866 -18.9838 0.799999
      vertex 9.89933 -18.5203 3.2
      vertex 8.97866 -18.9838 3.2
    endloop
  endfacet
  facet normal 0.449668 -0.893196 0
    outer loop
      vertex 9.89933 -18.5203 3.2
      vertex 8.97866 -18.9838 0.799999
      vertex 9.89933 -18.5203 0.799999
    endloop
  endfacet
  facet normal -0.914209 0.405244 0
    outer loop
      vertex -19.4015 8.03635 0.799999
      vertex -18.9838 8.97866 3.2
      vertex -18.9838 8.97866 0.799999
    endloop
  endfacet
  facet normal -0.914209 0.405244 0
    outer loop
      vertex -18.9838 8.97866 3.2
      vertex -19.4015 8.03635 0.799999
      vertex -19.4015 8.03635 3.2
    endloop
  endfacet
  facet normal -0.844866 0.534978 0
    outer loop
      vertex -18.0123 10.7962 0.799999
      vertex -17.4609 11.667 3.2
      vertex -17.4609 11.667 0.799999
    endloop
  endfacet
  facet normal -0.844866 0.534978 0
    outer loop
      vertex -17.4609 11.667 3.2
      vertex -18.0123 10.7962 0.799999
      vertex -18.0123 10.7962 3.2
    endloop
  endfacet
  facet normal 0.266793 -0.963754 0
    outer loop
      vertex 5.10258 -20.3707 0.799999
      vertex 6.09598 -20.0957 3.2
      vertex 5.10258 -20.3707 3.2
    endloop
  endfacet
  facet normal 0.266793 -0.963754 0
    outer loop
      vertex 6.09598 -20.0957 3.2
      vertex 5.10258 -20.3707 0.799999
      vertex 6.09598 -20.0957 0.799999
    endloop
  endfacet
  facet normal 0.405244 -0.914209 0
    outer loop
      vertex 8.03635 -19.4015 0.799999
      vertex 8.97866 -18.9838 3.2
      vertex 8.03635 -19.4015 3.2
    endloop
  endfacet
  facet normal 0.405244 -0.914209 0
    outer loop
      vertex 8.97866 -18.9838 3.2
      vertex 8.03635 -19.4015 0.799999
      vertex 8.97866 -18.9838 0.799999
    endloop
  endfacet
  facet normal -0.975709 0.219071 0
    outer loop
      vertex -20.5965 4.0969 0.799999
      vertex -20.3707 5.10258 3.2
      vertex -20.3707 5.10258 0.799999
    endloop
  endfacet
  facet normal -0.975709 0.219071 0
    outer loop
      vertex -20.3707 5.10258 3.2
      vertex -20.5965 4.0969 0.799999
      vertex -20.5965 4.0969 3.2
    endloop
  endfacet
  facet normal -0.893196 -0.449668 0
    outer loop
      vertex -18.5203 -9.89933 0.799999
      vertex -18.9838 -8.97866 3.2
      vertex -18.9838 -8.97866 0.799999
    endloop
  endfacet
  facet normal -0.893196 -0.449668 0
    outer loop
      vertex -18.9838 -8.97866 3.2
      vertex -18.5203 -9.89933 0.799999
      vertex -18.5203 -9.89933 3.2
    endloop
  endfacet
  facet normal -0.615256 -0.788327 0
    outer loop
      vertex -13.3223 -16.2332 0.799999
      vertex -12.5097 -16.8674 3.2
      vertex -13.3223 -16.2332 3.2
    endloop
  endfacet
  facet normal -0.615256 -0.788327 -0
    outer loop
      vertex -12.5097 -16.8674 3.2
      vertex -13.3223 -16.2332 0.799999
      vertex -12.5097 -16.8674 0.799999
    endloop
  endfacet
  facet normal -0.689578 -0.724212 0
    outer loop
      vertex -14.8492 -14.8492 0.799999
      vertex -14.1027 -15.56 3.2
      vertex -14.8492 -14.8492 3.2
    endloop
  endfacet
  facet normal -0.689578 -0.724212 -0
    outer loop
      vertex -14.1027 -15.56 3.2
      vertex -14.8492 -14.8492 0.799999
      vertex -14.1027 -15.56 0.799999
    endloop
  endfacet
  facet normal 0.0245457 0.999699 -0
    outer loop
      vertex 1.03042 20.9747 0.799999
      vertex 0 21 3.2
      vertex 1.03042 20.9747 3.2
    endloop
  endfacet
  facet normal 0.0245457 0.999699 0
    outer loop
      vertex 0 21 3.2
      vertex 1.03042 20.9747 0.799999
      vertex 0 21 0.799999
    endloop
  endfacet
  facet normal 0.07354 0.997292 -0
    outer loop
      vertex 2.05836 20.8989 0.799999
      vertex 1.03042 20.9747 3.2
      vertex 2.05836 20.8989 3.2
    endloop
  endfacet
  facet normal 0.07354 0.997292 0
    outer loop
      vertex 1.03042 20.9747 3.2
      vertex 2.05836 20.8989 0.799999
      vertex 1.03042 20.9747 0.799999
    endloop
  endfacet
  facet normal 0.98528 -0.170946 0
    outer loop
      vertex 20.5965 -4.0969 3.2
      vertex 20.7727 -3.08134 0.799999
      vertex 20.7727 -3.08134 3.2
    endloop
  endfacet
  facet normal 0.98528 -0.170946 0
    outer loop
      vertex 20.7727 -3.08134 0.799999
      vertex 20.5965 -4.0969 3.2
      vertex 20.5965 -4.0969 0.799999
    endloop
  endfacet
  facet normal -0.449668 0.893196 0
    outer loop
      vertex -8.97866 18.9838 0.799999
      vertex -9.89933 18.5203 3.2
      vertex -8.97866 18.9838 3.2
    endloop
  endfacet
  facet normal -0.449668 0.893196 0
    outer loop
      vertex -9.89933 18.5203 3.2
      vertex -8.97866 18.9838 0.799999
      vertex -9.89933 18.5203 0.799999
    endloop
  endfacet
  facet normal 0.534978 0.844866 -0
    outer loop
      vertex 11.667 17.4609 0.799999
      vertex 10.7962 18.0123 3.2
      vertex 11.667 17.4609 3.2
    endloop
  endfacet
  facet normal 0.534978 0.844866 0
    outer loop
      vertex 10.7962 18.0123 3.2
      vertex 11.667 17.4609 0.799999
      vertex 10.7962 18.0123 0.799999
    endloop
  endfacet
  facet normal -0.313662 -0.949535 0
    outer loop
      vertex -7.07469 -19.7724 0.799999
      vertex -6.09598 -20.0957 3.2
      vertex -7.07469 -19.7724 3.2
    endloop
  endfacet
  facet normal -0.313662 -0.949535 -0
    outer loop
      vertex -6.09598 -20.0957 3.2
      vertex -7.07469 -19.7724 0.799999
      vertex -6.09598 -20.0957 0.799999
    endloop
  endfacet
  facet normal -0.997292 0.07354 0
    outer loop
      vertex -20.9747 1.03042 0.799999
      vertex -20.8989 2.05836 3.2
      vertex -20.8989 2.05836 0.799999
    endloop
  endfacet
  facet normal -0.997292 0.07354 0
    outer loop
      vertex -20.8989 2.05836 3.2
      vertex -20.9747 1.03042 0.799999
      vertex -20.9747 1.03042 3.2
    endloop
  endfacet
  facet normal -0.98528 0.170946 0
    outer loop
      vertex -20.7727 3.08134 0.799999
      vertex -20.5965 4.0969 3.2
      vertex -20.5965 4.0969 0.799999
    endloop
  endfacet
  facet normal -0.98528 0.170946 0
    outer loop
      vertex -20.5965 4.0969 3.2
      vertex -20.7727 3.08134 0.799999
      vertex -20.7727 3.08134 3.2
    endloop
  endfacet
  facet normal -0.266793 0.963754 0
    outer loop
      vertex -5.10258 20.3707 0.799999
      vertex -6.09598 20.0957 3.2
      vertex -5.10258 20.3707 3.2
    endloop
  endfacet
  facet normal -0.266793 0.963754 0
    outer loop
      vertex -6.09598 20.0957 3.2
      vertex -5.10258 20.3707 0.799999
      vertex -6.09598 20.0957 0.799999
    endloop
  endfacet
  facet normal -0.788327 -0.615256 0
    outer loop
      vertex -16.2332 -13.3223 0.799999
      vertex -16.8674 -12.5097 3.2
      vertex -16.8674 -12.5097 0.799999
    endloop
  endfacet
  facet normal -0.788327 -0.615256 0
    outer loop
      vertex -16.8674 -12.5097 3.2
      vertex -16.2332 -13.3223 0.799999
      vertex -16.2332 -13.3223 3.2
    endloop
  endfacet
  facet normal -0.963754 -0.266793 0
    outer loop
      vertex -20.0957 -6.09598 0.799999
      vertex -20.3707 -5.10258 3.2
      vertex -20.3707 -5.10258 0.799999
    endloop
  endfacet
  facet normal -0.963754 -0.266793 0
    outer loop
      vertex -20.3707 -5.10258 3.2
      vertex -20.0957 -6.09598 0.799999
      vertex -20.0957 -6.09598 3.2
    endloop
  endfacet
  facet normal -0.449668 -0.893196 0
    outer loop
      vertex -9.89933 -18.5203 0.799999
      vertex -8.97866 -18.9838 3.2
      vertex -9.89933 -18.5203 3.2
    endloop
  endfacet
  facet normal -0.449668 -0.893196 -0
    outer loop
      vertex -8.97866 -18.9838 3.2
      vertex -9.89933 -18.5203 0.799999
      vertex -8.97866 -18.9838 0.799999
    endloop
  endfacet
  facet normal -0.870116 0.492846 0
    outer loop
      vertex -18.5203 9.89933 0.799999
      vertex -18.0123 10.7962 3.2
      vertex -18.0123 10.7962 0.799999
    endloop
  endfacet
  facet normal -0.870116 0.492846 0
    outer loop
      vertex -18.0123 10.7962 3.2
      vertex -18.5203 9.89933 0.799999
      vertex -18.5203 9.89933 3.2
    endloop
  endfacet
  facet normal -0.405244 0.914209 0
    outer loop
      vertex -8.03635 19.4015 0.799999
      vertex -8.97866 18.9838 3.2
      vertex -8.03635 19.4015 3.2
    endloop
  endfacet
  facet normal -0.405244 0.914209 0
    outer loop
      vertex -8.97866 18.9838 3.2
      vertex -8.03635 19.4015 0.799999
      vertex -8.97866 18.9838 0.799999
    endloop
  endfacet
  facet normal -0.575811 -0.817583 0
    outer loop
      vertex -12.5097 -16.8674 0.799999
      vertex -11.667 -17.4609 3.2
      vertex -12.5097 -16.8674 3.2
    endloop
  endfacet
  facet normal -0.575811 -0.817583 -0
    outer loop
      vertex -11.667 -17.4609 3.2
      vertex -12.5097 -16.8674 0.799999
      vertex -11.667 -17.4609 0.799999
    endloop
  endfacet
  facet normal -0.534978 -0.844866 0
    outer loop
      vertex -11.667 -17.4609 0.799999
      vertex -10.7962 -18.0123 3.2
      vertex -11.667 -17.4609 3.2
    endloop
  endfacet
  facet normal -0.534978 -0.844866 -0
    outer loop
      vertex -10.7962 -18.0123 3.2
      vertex -11.667 -17.4609 0.799999
      vertex -10.7962 -18.0123 0.799999
    endloop
  endfacet
  facet normal 0.0173332 -0.707001 0.707001
    outer loop
      vertex 0 -20.2 4
      vertex 0 -21 3.2
      vertex 0.991166 -20.1757 4
    endloop
  endfacet
  facet normal 0.61533 0.348575 0.707011
    outer loop
      vertex 18.0123 10.7962 3.2
      vertex 17.3261 10.3849 4
      vertex 17.8148 9.52221 4
    endloop
  endfacet
  facet normal 0.707001 0.0173332 0.707001
    outer loop
      vertex 21 0 3.2
      vertex 20.1757 0.991166 4
      vertex 20.2 0 4
    endloop
  endfacet
  facet normal 0.707016 0.0173594 0.706984
    outer loop
      vertex 20.9747 1.03042 3.2
      vertex 20.1757 0.991166 4
      vertex 21 0 3.2
    endloop
  endfacet
  facet normal -0.646541 -0.286594 0.706999
    outer loop
      vertex -18.6624 -7.7302 4
      vertex -19.4015 -8.03635 3.2
      vertex -18.9838 -8.97866 3.2
    endloop
  endfacet
  facet normal 0.671537 -0.221831 0.706986
    outer loop
      vertex 20.0957 -6.09598 3.2
      vertex 19.0192 -6.80517 4
      vertex 19.7724 -7.07469 3.2
    endloop
  endfacet
  facet normal 0.0865221 -0.701877 0.707024
    outer loop
      vertex 2.96395 -19.9814 4
      vertex 1.97995 -20.1027 4
      vertex 2.05836 -20.8989 3.2
    endloop
  endfacet
  facet normal -0.671537 -0.221831 0.706986
    outer loop
      vertex -19.0192 -6.80517 4
      vertex -20.0957 -6.09598 3.2
      vertex -19.7724 -7.07469 3.2
    endloop
  endfacet
  facet normal 0.690031 0.155 0.706988
    outer loop
      vertex 20.5965 4.0969 3.2
      vertex 19.5946 4.9082 4
      vertex 19.8119 3.94082 4
    endloop
  endfacet
  facet normal -0.690031 -0.155 0.706988
    outer loop
      vertex -19.8119 -3.94082 4
      vertex -20.5965 -4.0969 3.2
      vertex -19.5946 -4.9082 4
    endloop
  endfacet
  facet normal 0.0520687 -0.70527 0.707024
    outer loop
      vertex 1.97995 -20.1027 4
      vertex 0.991166 -20.1757 4
      vertex 2.05836 -20.8989 3.2
    endloop
  endfacet
  facet normal 0.155 -0.690031 0.706988
    outer loop
      vertex 4.9082 -19.5946 4
      vertex 3.94082 -19.8119 4
      vertex 4.0969 -20.5965 3.2
    endloop
  endfacet
  facet normal 0.535501 -0.461942 0.707
    outer loop
      vertex 16.2332 -13.3223 3.2
      vertex 14.9672 -13.5655 4
      vertex 15.56 -14.1027 3.2
    endloop
  endfacet
  facet normal -0.155 0.690031 0.706988
    outer loop
      vertex -4.0969 20.5965 3.2
      vertex -4.9082 19.5946 4
      vertex -3.94082 19.8119 4
    endloop
  endfacet
  facet normal -0.188671 -0.68155 0.707031
    outer loop
      vertex -4.9082 -19.5946 4
      vertex -6.09598 -20.0957 3.2
      vertex -5.10258 -20.3707 3.2
    endloop
  endfacet
  facet normal -0.707001 -0.0173332 0.707001
    outer loop
      vertex -20.2 0 4
      vertex -21 0 3.2
      vertex -20.1757 -0.991166 4
    endloop
  endfacet
  facet normal 0.69682 -0.120899 0.706983
    outer loop
      vertex 20.7727 -3.08134 3.2
      vertex 19.9814 -2.96395 4
      vertex 20.5965 -4.0969 3.2
    endloop
  endfacet
  facet normal 0.2866 0.646533 0.707005
    outer loop
      vertex 8.97866 18.9838 3.2
      vertex 7.7302 18.6624 4
      vertex 8.63661 18.2606 4
    endloop
  endfacet
  facet normal 0.318018 0.631692 0.706987
    outer loop
      vertex 9.89933 18.5203 3.2
      vertex 8.97866 18.9838 3.2
      vertex 9.52221 17.8148 4
    endloop
  endfacet
  facet normal 0.154923 -0.690003 0.707032
    outer loop
      vertex 4.9082 -19.5946 4
      vertex 4.0969 -20.5965 3.2
      vertex 5.10258 -20.3707 3.2
    endloop
  endfacet
  facet normal -0.705314 0.0520097 0.706984
    outer loop
      vertex -20.8989 2.05836 3.2
      vertex -20.9747 1.03042 3.2
      vertex -20.1757 0.991166 4
    endloop
  endfacet
  facet normal -0.67154 0.221845 0.706979
    outer loop
      vertex -19.0192 6.80517 4
      vertex -20.0957 6.09598 3.2
      vertex -19.3302 5.86375 4
    endloop
  endfacet
  facet normal 0.70191 -0.0865912 0.706983
    outer loop
      vertex 20.8989 -2.05836 3.2
      vertex 19.9814 -2.96395 4
      vertex 20.7727 -3.08134 3.2
    endloop
  endfacet
  facet normal 0.631692 -0.318018 0.706987
    outer loop
      vertex 18.9838 -8.97866 3.2
      vertex 17.8148 -9.52221 4
      vertex 18.5203 -9.89933 3.2
    endloop
  endfacet
  facet normal -0.681623 -0.188605 0.706978
    outer loop
      vertex -19.5946 -4.9082 4
      vertex -20.0957 -6.09598 3.2
      vertex -19.3302 -5.86375 4
    endloop
  endfacet
  facet normal -0.435103 0.557498 0.707023
    outer loop
      vertex -12.5097 16.8674 3.2
      vertex -13.3223 16.2332 3.2
      vertex -12.0331 16.2248 4
    endloop
  endfacet
  facet normal -0.707016 -0.0173594 0.706984
    outer loop
      vertex -20.1757 -0.991166 4
      vertex -21 0 3.2
      vertex -20.9747 -1.03042 3.2
    endloop
  endfacet
  facet normal 0.631689 0.317984 0.707005
    outer loop
      vertex 18.9838 8.97866 3.2
      vertex 17.8148 9.52221 4
      vertex 18.2606 8.63661 4
    endloop
  endfacet
  facet normal -0.0520097 0.705314 0.706984
    outer loop
      vertex -1.03042 20.9747 3.2
      vertex -2.05836 20.8989 3.2
      vertex -0.991166 20.1757 4
    endloop
  endfacet
  facet normal 0.407208 -0.578187 0.707023
    outer loop
      vertex 12.0331 -16.2248 4
      vertex 11.667 -17.4609 3.2
      vertex 12.5097 -16.8674 3.2
    endloop
  endfacet
  facet normal 0.48768 0.512174 0.706998
    outer loop
      vertex 14.1027 15.56 3.2
      vertex 13.5655 14.9672 4
      vertex 14.8492 14.8492 3.2
    endloop
  endfacet
  facet normal -0.317984 -0.631689 0.707005
    outer loop
      vertex -8.63661 -18.2606 4
      vertex -9.52221 -17.8148 4
      vertex -8.97866 -18.9838 3.2
    endloop
  endfacet
  facet normal 0.254508 0.659832 0.706999
    outer loop
      vertex 8.03635 19.4015 3.2
      vertex 6.80517 19.0192 4
      vertex 7.7302 18.6624 4
    endloop
  endfacet
  facet normal 0.461942 0.535501 0.707
    outer loop
      vertex 14.1027 15.56 3.2
      vertex 13.3223 16.2332 3.2
      vertex 13.5655 14.9672 4
    endloop
  endfacet
  facet normal 0.435102 -0.557501 0.707021
    outer loop
      vertex 12.8147 -15.6148 4
      vertex 12.0331 -16.2248 4
      vertex 13.3223 -16.2332 3.2
    endloop
  endfacet
  facet normal 0.120899 0.69682 0.706983
    outer loop
      vertex 3.08134 20.7727 3.2
      vertex 2.96395 19.9814 4
      vertex 4.0969 20.5965 3.2
    endloop
  endfacet
  facet normal -0.70191 -0.0865912 0.706983
    outer loop
      vertex -19.9814 -2.96395 4
      vertex -20.8989 -2.05836 3.2
      vertex -20.7727 -3.08134 3.2
    endloop
  endfacet
  facet normal 0.690003 0.154923 0.707032
    outer loop
      vertex 20.3707 5.10258 3.2
      vertex 19.5946 4.9082 4
      vertex 20.5965 4.0969 3.2
    endloop
  endfacet
  facet normal -0.48768 0.512174 0.706998
    outer loop
      vertex -14.1027 15.56 3.2
      vertex -14.8492 14.8492 3.2
      vertex -13.5655 14.9672 4
    endloop
  endfacet
  facet normal 0.69682 0.120899 0.706983
    outer loop
      vertex 20.5965 4.0969 3.2
      vertex 19.9814 2.96395 4
      vertex 20.7727 3.08134 3.2
    endloop
  endfacet
  facet normal -0.348575 -0.61533 0.707011
    outer loop
      vertex -10.3849 -17.3261 4
      vertex -10.7962 -18.0123 3.2
      vertex -9.52221 -17.8148 4
    endloop
  endfacet
  facet normal 0.659832 -0.254508 0.706999
    outer loop
      vertex 19.0192 -6.80517 4
      vertex 18.6624 -7.7302 4
      vertex 19.4015 -8.03635 3.2
    endloop
  endfacet
  facet normal 0.0520097 0.705314 0.706984
    outer loop
      vertex 1.03042 20.9747 3.2
      vertex 0.991166 20.1757 4
      vertex 2.05836 20.8989 3.2
    endloop
  endfacet
  facet normal -0.254495 0.659849 0.706987
    outer loop
      vertex -7.07469 19.7724 3.2
      vertex -8.03635 19.4015 3.2
      vertex -6.80517 19.0192 4
    endloop
  endfacet
  facet normal 0.67154 -0.221845 0.706979
    outer loop
      vertex 19.3302 -5.86375 4
      vertex 19.0192 -6.80517 4
      vertex 20.0957 -6.09598 3.2
    endloop
  endfacet
  facet normal 0.286594 -0.646541 0.706999
    outer loop
      vertex 8.97866 -18.9838 3.2
      vertex 7.7302 -18.6624 4
      vertex 8.03635 -19.4015 3.2
    endloop
  endfacet
  facet normal 0.378338 0.597491 0.707011
    outer loop
      vertex 10.7962 18.0123 3.2
      vertex 10.3849 17.3261 4
      vertex 11.667 17.4609 3.2
    endloop
  endfacet
  facet normal -0.154923 -0.690003 0.707032
    outer loop
      vertex -4.9082 -19.5946 4
      vertex -5.10258 -20.3707 3.2
      vertex -4.0969 -20.5965 3.2
    endloop
  endfacet
  facet normal 0.348554 -0.615369 0.706987
    outer loop
      vertex 10.7962 -18.0123 3.2
      vertex 9.52221 -17.8148 4
      vertex 9.89933 -18.5203 3.2
    endloop
  endfacet
  facet normal 0.535507 -0.4619 0.707022
    outer loop
      vertex 15.6148 -12.8147 4
      vertex 14.9672 -13.5655 4
      vertex 16.2332 -13.3223 3.2
    endloop
  endfacet
  facet normal -0.487656 -0.512268 0.706946
    outer loop
      vertex -14.2836 -14.2836 4
      vertex -14.8492 -14.8492 3.2
      vertex -13.5655 -14.9672 4
    endloop
  endfacet
  facet normal 0.70527 0.0520687 0.707024
    outer loop
      vertex 20.8989 2.05836 3.2
      vertex 20.1027 1.97995 4
      vertex 20.1757 0.991166 4
    endloop
  endfacet
  facet normal -0.120899 0.69682 0.706983
    outer loop
      vertex -3.08134 20.7727 3.2
      vertex -4.0969 20.5965 3.2
      vertex -2.96395 19.9814 4
    endloop
  endfacet
  facet normal 0.348554 0.615369 0.706987
    outer loop
      vertex 9.89933 18.5203 3.2
      vertex 9.52221 17.8148 4
      vertex 10.7962 18.0123 3.2
    endloop
  endfacet
  facet normal -0.512174 -0.48768 0.706998
    outer loop
      vertex -14.9672 -13.5655 4
      vertex -15.56 -14.1027 3.2
      vertex -14.8492 -14.8492 3.2
    endloop
  endfacet
  facet normal -0.597491 0.378338 0.707011
    outer loop
      vertex -17.4609 11.667 3.2
      vertex -18.0123 10.7962 3.2
      vertex -17.3261 10.3849 4
    endloop
  endfacet
  facet normal 0.487656 0.512268 0.706946
    outer loop
      vertex 14.8492 14.8492 3.2
      vertex 13.5655 14.9672 4
      vertex 14.2836 14.2836 4
    endloop
  endfacet
  facet normal 0.120906 0.696813 0.706989
    outer loop
      vertex 4.0969 20.5965 3.2
      vertex 2.96395 19.9814 4
      vertex 3.94082 19.8119 4
    endloop
  endfacet
  facet normal 0.681623 -0.188605 0.706978
    outer loop
      vertex 19.5946 -4.9082 4
      vertex 19.3302 -5.86375 4
      vertex 20.0957 -6.09598 3.2
    endloop
  endfacet
  facet normal 0.68155 -0.188671 0.707031
    outer loop
      vertex 20.3707 -5.10258 3.2
      vertex 19.5946 -4.9082 4
      vertex 20.0957 -6.09598 3.2
    endloop
  endfacet
  facet normal 0.67154 0.221845 0.706979
    outer loop
      vertex 20.0957 6.09598 3.2
      vertex 19.0192 6.80517 4
      vertex 19.3302 5.86375 4
    endloop
  endfacet
  facet normal -0.4619 0.535507 0.707022
    outer loop
      vertex -13.3223 16.2332 3.2
      vertex -13.5655 14.9672 4
      vertex -12.8147 15.6148 4
    endloop
  endfacet
  facet normal 0.557498 0.435103 0.707023
    outer loop
      vertex 16.2332 13.3223 3.2
      vertex 16.2248 12.0331 4
      vertex 16.8674 12.5097 3.2
    endloop
  endfacet
  facet normal -0.407208 -0.578187 0.707023
    outer loop
      vertex -12.0331 -16.2248 4
      vertex -12.5097 -16.8674 3.2
      vertex -11.667 -17.4609 3.2
    endloop
  endfacet
  facet normal 0.348575 -0.61533 0.707011
    outer loop
      vertex 10.3849 -17.3261 4
      vertex 9.52221 -17.8148 4
      vertex 10.7962 -18.0123 3.2
    endloop
  endfacet
  facet normal -0.0173594 -0.707016 0.706984
    outer loop
      vertex -0.991166 -20.1757 4
      vertex -1.03042 -20.9747 3.2
      vertex 0 -21 3.2
    endloop
  endfacet
  facet normal 0.407213 0.578187 0.70702
    outer loop
      vertex 11.667 17.4609 3.2
      vertex 11.2225 16.7957 4
      vertex 12.0331 16.2248 4
    endloop
  endfacet
  facet normal 0.70191 0.0865912 0.706983
    outer loop
      vertex 20.7727 3.08134 3.2
      vertex 19.9814 2.96395 4
      vertex 20.8989 2.05836 3.2
    endloop
  endfacet
  facet normal 0.705314 0.0520097 0.706984
    outer loop
      vertex 20.8989 2.05836 3.2
      vertex 20.1757 0.991166 4
      vertex 20.9747 1.03042 3.2
    endloop
  endfacet
  facet normal 0.4619 0.535507 0.707022
    outer loop
      vertex 13.3223 16.2332 3.2
      vertex 12.8147 15.6148 4
      vertex 13.5655 14.9672 4
    endloop
  endfacet
  facet normal 0.681623 0.188605 0.706978
    outer loop
      vertex 20.0957 6.09598 3.2
      vertex 19.3302 5.86375 4
      vertex 19.5946 4.9082 4
    endloop
  endfacet
  facet normal 0.659849 -0.254495 0.706987
    outer loop
      vertex 19.7724 -7.07469 3.2
      vertex 19.0192 -6.80517 4
      vertex 19.4015 -8.03635 3.2
    endloop
  endfacet
  facet normal -0.487656 0.512268 0.706946
    outer loop
      vertex -13.5655 14.9672 4
      vertex -14.8492 14.8492 3.2
      vertex -14.2836 14.2836 4
    endloop
  endfacet
  facet normal -0.512268 -0.487656 0.706946
    outer loop
      vertex -14.2836 -14.2836 4
      vertex -14.9672 -13.5655 4
      vertex -14.8492 -14.8492 3.2
    endloop
  endfacet
  facet normal 0.0865912 -0.70191 0.706983
    outer loop
      vertex 2.96395 -19.9814 4
      vertex 2.05836 -20.8989 3.2
      vertex 3.08134 -20.7727 3.2
    endloop
  endfacet
  facet normal -0.188671 0.68155 0.707031
    outer loop
      vertex -5.10258 20.3707 3.2
      vertex -6.09598 20.0957 3.2
      vertex -4.9082 19.5946 4
    endloop
  endfacet
  facet normal -0.646541 0.286594 0.706999
    outer loop
      vertex -18.9838 8.97866 3.2
      vertex -19.4015 8.03635 3.2
      vertex -18.6624 7.7302 4
    endloop
  endfacet
  facet normal 0.188671 -0.68155 0.707031
    outer loop
      vertex 6.09598 -20.0957 3.2
      vertex 4.9082 -19.5946 4
      vertex 5.10258 -20.3707 3.2
    endloop
  endfacet
  facet normal -0.705314 -0.0520097 0.706984
    outer loop
      vertex -20.1757 -0.991166 4
      vertex -20.9747 -1.03042 3.2
      vertex -20.8989 -2.05836 3.2
    endloop
  endfacet
  facet normal 0.696813 -0.120906 0.706989
    outer loop
      vertex 19.9814 -2.96395 4
      vertex 19.8119 -3.94082 4
      vertex 20.5965 -4.0969 3.2
    endloop
  endfacet
  facet normal 0.705314 -0.0520097 0.706984
    outer loop
      vertex 20.9747 -1.03042 3.2
      vertex 20.1757 -0.991166 4
      vertex 20.8989 -2.05836 3.2
    endloop
  endfacet
  facet normal 0.631689 -0.317984 0.707005
    outer loop
      vertex 18.2606 -8.63661 4
      vertex 17.8148 -9.52221 4
      vertex 18.9838 -8.97866 3.2
    endloop
  endfacet
  facet normal -0.286594 -0.646541 0.706999
    outer loop
      vertex -7.7302 -18.6624 4
      vertex -8.97866 -18.9838 3.2
      vertex -8.03635 -19.4015 3.2
    endloop
  endfacet
  facet normal 0.578187 -0.407208 0.707023
    outer loop
      vertex 17.4609 -11.667 3.2
      vertex 16.2248 -12.0331 4
      vertex 16.8674 -12.5097 3.2
    endloop
  endfacet
  facet normal -0.254508 -0.659832 0.706999
    outer loop
      vertex -7.7302 -18.6624 4
      vertex -8.03635 -19.4015 3.2
      vertex -6.80517 -19.0192 4
    endloop
  endfacet
  facet normal 0.120899 -0.69682 0.706983
    outer loop
      vertex 4.0969 -20.5965 3.2
      vertex 2.96395 -19.9814 4
      vertex 3.08134 -20.7727 3.2
    endloop
  endfacet
  facet normal 0.461942 -0.535501 0.707
    outer loop
      vertex 13.5655 -14.9672 4
      vertex 13.3223 -16.2332 3.2
      vertex 14.1027 -15.56 3.2
    endloop
  endfacet
  facet normal -0.557498 0.435103 0.707023
    outer loop
      vertex -16.2332 13.3223 3.2
      vertex -16.8674 12.5097 3.2
      vertex -16.2248 12.0331 4
    endloop
  endfacet
  facet normal -0.535501 0.461942 0.707
    outer loop
      vertex -15.56 14.1027 3.2
      vertex -16.2332 13.3223 3.2
      vertex -14.9672 13.5655 4
    endloop
  endfacet
  facet normal -0.61533 -0.348575 0.707011
    outer loop
      vertex -17.8148 -9.52221 4
      vertex -18.0123 -10.7962 3.2
      vertex -17.3261 -10.3849 4
    endloop
  endfacet
  facet normal 0.701877 0.0865221 0.707024
    outer loop
      vertex 20.8989 2.05836 3.2
      vertex 19.9814 2.96395 4
      vertex 20.1027 1.97995 4
    endloop
  endfacet
  facet normal 0.435103 0.557498 0.707023
    outer loop
      vertex 12.5097 16.8674 3.2
      vertex 12.0331 16.2248 4
      vertex 13.3223 16.2332 3.2
    endloop
  endfacet
  facet normal 0.578187 -0.407213 0.70702
    outer loop
      vertex 16.7957 -11.2225 4
      vertex 16.2248 -12.0331 4
      vertex 17.4609 -11.667 3.2
    endloop
  endfacet
  facet normal -0.69682 -0.120899 0.706983
    outer loop
      vertex -19.9814 -2.96395 4
      vertex -20.7727 -3.08134 3.2
      vertex -20.5965 -4.0969 3.2
    endloop
  endfacet
  facet normal 0.707016 -0.0173594 0.706984
    outer loop
      vertex 21 0 3.2
      vertex 20.1757 -0.991166 4
      vertex 20.9747 -1.03042 3.2
    endloop
  endfacet
  facet normal 0.707001 -0.0173332 0.707001
    outer loop
      vertex 20.2 0 4
      vertex 20.1757 -0.991166 4
      vertex 21 0 3.2
    endloop
  endfacet
  facet normal 0.188605 -0.681623 0.706978
    outer loop
      vertex 5.86375 -19.3302 4
      vertex 4.9082 -19.5946 4
      vertex 6.09598 -20.0957 3.2
    endloop
  endfacet
  facet normal 0.487656 -0.512268 0.706946
    outer loop
      vertex 14.2836 -14.2836 4
      vertex 13.5655 -14.9672 4
      vertex 14.8492 -14.8492 3.2
    endloop
  endfacet
  facet normal 0.512268 -0.487656 0.706946
    outer loop
      vertex 14.9672 -13.5655 4
      vertex 14.2836 -14.2836 4
      vertex 14.8492 -14.8492 3.2
    endloop
  endfacet
  facet normal -0.70527 -0.0520687 0.707024
    outer loop
      vertex -20.1757 -0.991166 4
      vertex -20.8989 -2.05836 3.2
      vertex -20.1027 -1.97995 4
    endloop
  endfacet
  facet normal 0.597491 0.378338 0.707011
    outer loop
      vertex 17.4609 11.667 3.2
      vertex 17.3261 10.3849 4
      vertex 18.0123 10.7962 3.2
    endloop
  endfacet
  facet normal -0.68155 -0.188671 0.707031
    outer loop
      vertex -19.5946 -4.9082 4
      vertex -20.3707 -5.10258 3.2
      vertex -20.0957 -6.09598 3.2
    endloop
  endfacet
  facet normal 0.120906 -0.696813 0.706989
    outer loop
      vertex 3.94082 -19.8119 4
      vertex 2.96395 -19.9814 4
      vertex 4.0969 -20.5965 3.2
    endloop
  endfacet
  facet normal -0.2866 0.646533 0.707005
    outer loop
      vertex -7.7302 18.6624 4
      vertex -8.97866 18.9838 3.2
      vertex -8.63661 18.2606 4
    endloop
  endfacet
  facet normal 0.557498 -0.435103 0.707023
    outer loop
      vertex 16.8674 -12.5097 3.2
      vertex 16.2248 -12.0331 4
      vertex 16.2332 -13.3223 3.2
    endloop
  endfacet
  facet normal -0.696813 -0.120906 0.706989
    outer loop
      vertex -19.9814 -2.96395 4
      vertex -20.5965 -4.0969 3.2
      vertex -19.8119 -3.94082 4
    endloop
  endfacet
  facet normal -0.435102 -0.557501 0.707021
    outer loop
      vertex -12.8147 -15.6148 4
      vertex -13.3223 -16.2332 3.2
      vertex -12.0331 -16.2248 4
    endloop
  endfacet
  facet normal 0.615369 -0.348554 0.706987
    outer loop
      vertex 18.5203 -9.89933 3.2
      vertex 17.8148 -9.52221 4
      vertex 18.0123 -10.7962 3.2
    endloop
  endfacet
  facet normal 0.0173332 0.707001 0.707001
    outer loop
      vertex 0 21 3.2
      vertex 0 20.2 4
      vertex 0.991166 20.1757 4
    endloop
  endfacet
  facet normal -0.557501 -0.435102 0.707021
    outer loop
      vertex -16.2248 -12.0331 4
      vertex -16.2332 -13.3223 3.2
      vertex -15.6148 -12.8147 4
    endloop
  endfacet
  facet normal -0.690003 -0.154923 0.707032
    outer loop
      vertex -19.5946 -4.9082 4
      vertex -20.5965 -4.0969 3.2
      vertex -20.3707 -5.10258 3.2
    endloop
  endfacet
  facet normal -0.254508 0.659832 0.706999
    outer loop
      vertex -6.80517 19.0192 4
      vertex -8.03635 19.4015 3.2
      vertex -7.7302 18.6624 4
    endloop
  endfacet
  facet normal 0.407213 -0.578187 0.70702
    outer loop
      vertex 12.0331 -16.2248 4
      vertex 11.2225 -16.7957 4
      vertex 11.667 -17.4609 3.2
    endloop
  endfacet
  facet normal 0.696813 0.120906 0.706989
    outer loop
      vertex 20.5965 4.0969 3.2
      vertex 19.8119 3.94082 4
      vertex 19.9814 2.96395 4
    endloop
  endfacet
  facet normal 0.0173594 0.707016 0.706984
    outer loop
      vertex 1.03042 20.9747 3.2
      vertex 0 21 3.2
      vertex 0.991166 20.1757 4
    endloop
  endfacet
  facet normal 0.0173594 -0.707016 0.706984
    outer loop
      vertex 0.991166 -20.1757 4
      vertex 0 -21 3.2
      vertex 1.03042 -20.9747 3.2
    endloop
  endfacet
  facet normal 0.0520097 -0.705314 0.706984
    outer loop
      vertex 2.05836 -20.8989 3.2
      vertex 0.991166 -20.1757 4
      vertex 1.03042 -20.9747 3.2
    endloop
  endfacet
  facet normal -0.0520097 -0.705314 0.706984
    outer loop
      vertex -0.991166 -20.1757 4
      vertex -2.05836 -20.8989 3.2
      vertex -1.03042 -20.9747 3.2
    endloop
  endfacet
  facet normal -0.631689 -0.317984 0.707005
    outer loop
      vertex -18.2606 -8.63661 4
      vertex -18.9838 -8.97866 3.2
      vertex -17.8148 -9.52221 4
    endloop
  endfacet
  facet normal -0.61533 0.348575 0.707011
    outer loop
      vertex -17.3261 10.3849 4
      vertex -18.0123 10.7962 3.2
      vertex -17.8148 9.52221 4
    endloop
  endfacet
  facet normal -0.0173594 0.707016 0.706984
    outer loop
      vertex 0 21 3.2
      vertex -1.03042 20.9747 3.2
      vertex -0.991166 20.1757 4
    endloop
  endfacet
  facet normal 0.646533 -0.2866 0.707005
    outer loop
      vertex 18.6624 -7.7302 4
      vertex 18.2606 -8.63661 4
      vertex 18.9838 -8.97866 3.2
    endloop
  endfacet
  facet normal -0.631692 -0.318018 0.706987
    outer loop
      vertex -17.8148 -9.52221 4
      vertex -18.9838 -8.97866 3.2
      vertex -18.5203 -9.89933 3.2
    endloop
  endfacet
  facet normal 0.61533 -0.348575 0.707011
    outer loop
      vertex 17.8148 -9.52221 4
      vertex 17.3261 -10.3849 4
      vertex 18.0123 -10.7962 3.2
    endloop
  endfacet
  facet normal -0.70191 0.0865912 0.706983
    outer loop
      vertex -20.7727 3.08134 3.2
      vertex -20.8989 2.05836 3.2
      vertex -19.9814 2.96395 4
    endloop
  endfacet
  facet normal -0.0173332 0.707001 0.707001
    outer loop
      vertex 0 21 3.2
      vertex -0.991166 20.1757 4
      vertex 0 20.2 4
    endloop
  endfacet
  facet normal 0.4619 -0.535507 0.707022
    outer loop
      vertex 13.5655 -14.9672 4
      vertex 12.8147 -15.6148 4
      vertex 13.3223 -16.2332 3.2
    endloop
  endfacet
  facet normal 0.435103 -0.557498 0.707023
    outer loop
      vertex 13.3223 -16.2332 3.2
      vertex 12.0331 -16.2248 4
      vertex 12.5097 -16.8674 3.2
    endloop
  endfacet
  facet normal -0.378338 0.597491 0.707011
    outer loop
      vertex -10.7962 18.0123 3.2
      vertex -11.667 17.4609 3.2
      vertex -10.3849 17.3261 4
    endloop
  endfacet
  facet normal -0.188605 -0.681623 0.706978
    outer loop
      vertex -5.86375 -19.3302 4
      vertex -6.09598 -20.0957 3.2
      vertex -4.9082 -19.5946 4
    endloop
  endfacet
  facet normal -0.578187 -0.407208 0.707023
    outer loop
      vertex -16.2248 -12.0331 4
      vertex -17.4609 -11.667 3.2
      vertex -16.8674 -12.5097 3.2
    endloop
  endfacet
  facet normal -0.701877 -0.0865221 0.707024
    outer loop
      vertex -20.1027 -1.97995 4
      vertex -20.8989 -2.05836 3.2
      vertex -19.9814 -2.96395 4
    endloop
  endfacet
  facet normal 0.659849 0.254495 0.706987
    outer loop
      vertex 19.4015 8.03635 3.2
      vertex 19.0192 6.80517 4
      vertex 19.7724 7.07469 3.2
    endloop
  endfacet
  facet normal -0.435103 -0.557498 0.707023
    outer loop
      vertex -12.0331 -16.2248 4
      vertex -13.3223 -16.2332 3.2
      vertex -12.5097 -16.8674 3.2
    endloop
  endfacet
  facet normal -0.707001 0.0173332 0.707001
    outer loop
      vertex -20.1757 0.991166 4
      vertex -21 0 3.2
      vertex -20.2 0 4
    endloop
  endfacet
  facet normal -0.512268 0.487656 0.706946
    outer loop
      vertex -14.8492 14.8492 3.2
      vertex -14.9672 13.5655 4
      vertex -14.2836 14.2836 4
    endloop
  endfacet
  facet normal -0.512174 0.48768 0.706998
    outer loop
      vertex -14.8492 14.8492 3.2
      vertex -15.56 14.1027 3.2
      vertex -14.9672 13.5655 4
    endloop
  endfacet
  facet normal 0.188605 0.681623 0.706978
    outer loop
      vertex 6.09598 20.0957 3.2
      vertex 4.9082 19.5946 4
      vertex 5.86375 19.3302 4
    endloop
  endfacet
  facet normal 0.701877 -0.0865221 0.707024
    outer loop
      vertex 20.1027 -1.97995 4
      vertex 19.9814 -2.96395 4
      vertex 20.8989 -2.05836 3.2
    endloop
  endfacet
  facet normal -0.407208 0.578187 0.707023
    outer loop
      vertex -11.667 17.4609 3.2
      vertex -12.5097 16.8674 3.2
      vertex -12.0331 16.2248 4
    endloop
  endfacet
  facet normal 0.254508 -0.659832 0.706999
    outer loop
      vertex 7.7302 -18.6624 4
      vertex 6.80517 -19.0192 4
      vertex 8.03635 -19.4015 3.2
    endloop
  endfacet
  facet normal 0.690003 -0.154923 0.707032
    outer loop
      vertex 20.5965 -4.0969 3.2
      vertex 19.5946 -4.9082 4
      vertex 20.3707 -5.10258 3.2
    endloop
  endfacet
  facet normal 0.646541 0.286594 0.706999
    outer loop
      vertex 18.9838 8.97866 3.2
      vertex 18.6624 7.7302 4
      vertex 19.4015 8.03635 3.2
    endloop
  endfacet
  facet normal -0.221845 -0.67154 0.706979
    outer loop
      vertex -5.86375 -19.3302 4
      vertex -6.80517 -19.0192 4
      vertex -6.09598 -20.0957 3.2
    endloop
  endfacet
  facet normal -0.70527 0.0520687 0.707024
    outer loop
      vertex -20.1027 1.97995 4
      vertex -20.8989 2.05836 3.2
      vertex -20.1757 0.991166 4
    endloop
  endfacet
  facet normal 0.318018 -0.631692 0.706987
    outer loop
      vertex 9.52221 -17.8148 4
      vertex 8.97866 -18.9838 3.2
      vertex 9.89933 -18.5203 3.2
    endloop
  endfacet
  facet normal 0.68155 0.188671 0.707031
    outer loop
      vertex 20.0957 6.09598 3.2
      vertex 19.5946 4.9082 4
      vertex 20.3707 5.10258 3.2
    endloop
  endfacet
  facet normal -0.646533 -0.2866 0.707005
    outer loop
      vertex -18.6624 -7.7302 4
      vertex -18.9838 -8.97866 3.2
      vertex -18.2606 -8.63661 4
    endloop
  endfacet
  facet normal 0.512174 -0.48768 0.706998
    outer loop
      vertex 14.9672 -13.5655 4
      vertex 14.8492 -14.8492 3.2
      vertex 15.56 -14.1027 3.2
    endloop
  endfacet
  facet normal 0.2866 -0.646533 0.707005
    outer loop
      vertex 8.63661 -18.2606 4
      vertex 7.7302 -18.6624 4
      vertex 8.97866 -18.9838 3.2
    endloop
  endfacet
  facet normal 0.535501 0.461942 0.707
    outer loop
      vertex 15.56 14.1027 3.2
      vertex 14.9672 13.5655 4
      vertex 16.2332 13.3223 3.2
    endloop
  endfacet
  facet normal 0.0865912 0.70191 0.706983
    outer loop
      vertex 3.08134 20.7727 3.2
      vertex 2.05836 20.8989 3.2
      vertex 2.96395 19.9814 4
    endloop
  endfacet
  facet normal -0.0520687 -0.70527 0.707024
    outer loop
      vertex -1.97995 -20.1027 4
      vertex -2.05836 -20.8989 3.2
      vertex -0.991166 -20.1757 4
    endloop
  endfacet
  facet normal -0.0865221 -0.701877 0.707024
    outer loop
      vertex -1.97995 -20.1027 4
      vertex -2.96395 -19.9814 4
      vertex -2.05836 -20.8989 3.2
    endloop
  endfacet
  facet normal -0.535501 -0.461942 0.707
    outer loop
      vertex -14.9672 -13.5655 4
      vertex -16.2332 -13.3223 3.2
      vertex -15.56 -14.1027 3.2
    endloop
  endfacet
  facet normal -0.221831 -0.671537 0.706986
    outer loop
      vertex -6.80517 -19.0192 4
      vertex -7.07469 -19.7724 3.2
      vertex -6.09598 -20.0957 3.2
    endloop
  endfacet
  facet normal -0.696813 0.120906 0.706989
    outer loop
      vertex -19.8119 3.94082 4
      vertex -20.5965 4.0969 3.2
      vertex -19.9814 2.96395 4
    endloop
  endfacet
  facet normal 0.690031 -0.155 0.706988
    outer loop
      vertex 19.8119 -3.94082 4
      vertex 19.5946 -4.9082 4
      vertex 20.5965 -4.0969 3.2
    endloop
  endfacet
  facet normal 0.646541 -0.286594 0.706999
    outer loop
      vertex 19.4015 -8.03635 3.2
      vertex 18.6624 -7.7302 4
      vertex 18.9838 -8.97866 3.2
    endloop
  endfacet
  facet normal -0.535507 0.4619 0.707022
    outer loop
      vertex -14.9672 13.5655 4
      vertex -16.2332 13.3223 3.2
      vertex -15.6148 12.8147 4
    endloop
  endfacet
  facet normal 0.317984 -0.631689 0.707005
    outer loop
      vertex 9.52221 -17.8148 4
      vertex 8.63661 -18.2606 4
      vertex 8.97866 -18.9838 3.2
    endloop
  endfacet
  facet normal 0.70527 -0.0520687 0.707024
    outer loop
      vertex 20.1757 -0.991166 4
      vertex 20.1027 -1.97995 4
      vertex 20.8989 -2.05836 3.2
    endloop
  endfacet
  facet normal -0.254495 -0.659849 0.706987
    outer loop
      vertex -6.80517 -19.0192 4
      vertex -8.03635 -19.4015 3.2
      vertex -7.07469 -19.7724 3.2
    endloop
  endfacet
  facet normal 0.646533 0.2866 0.707005
    outer loop
      vertex 18.9838 8.97866 3.2
      vertex 18.2606 8.63661 4
      vertex 18.6624 7.7302 4
    endloop
  endfacet
  facet normal 0.631692 0.318018 0.706987
    outer loop
      vertex 18.5203 9.89933 3.2
      vertex 17.8148 9.52221 4
      vertex 18.9838 8.97866 3.2
    endloop
  endfacet
  facet normal 0.512174 0.48768 0.706998
    outer loop
      vertex 15.56 14.1027 3.2
      vertex 14.8492 14.8492 3.2
      vertex 14.9672 13.5655 4
    endloop
  endfacet
  facet normal -0.348575 0.61533 0.707011
    outer loop
      vertex -9.52221 17.8148 4
      vertex -10.7962 18.0123 3.2
      vertex -10.3849 17.3261 4
    endloop
  endfacet
  facet normal -0.154923 0.690003 0.707032
    outer loop
      vertex -4.0969 20.5965 3.2
      vertex -5.10258 20.3707 3.2
      vertex -4.9082 19.5946 4
    endloop
  endfacet
  facet normal -0.2866 -0.646533 0.707005
    outer loop
      vertex -8.63661 -18.2606 4
      vertex -8.97866 -18.9838 3.2
      vertex -7.7302 -18.6624 4
    endloop
  endfacet
  facet normal -0.348554 0.615369 0.706987
    outer loop
      vertex -9.89933 18.5203 3.2
      vertex -10.7962 18.0123 3.2
      vertex -9.52221 17.8148 4
    endloop
  endfacet
  facet normal 0.48768 -0.512174 0.706998
    outer loop
      vertex 14.8492 -14.8492 3.2
      vertex 13.5655 -14.9672 4
      vertex 14.1027 -15.56 3.2
    endloop
  endfacet
  facet normal -0.0865221 0.701877 0.707024
    outer loop
      vertex -2.05836 20.8989 3.2
      vertex -2.96395 19.9814 4
      vertex -1.97995 20.1027 4
    endloop
  endfacet
  facet normal -0.659832 0.254508 0.706999
    outer loop
      vertex -18.6624 7.7302 4
      vertex -19.4015 8.03635 3.2
      vertex -19.0192 6.80517 4
    endloop
  endfacet
  facet normal 0.597491 -0.378338 0.707011
    outer loop
      vertex 18.0123 -10.7962 3.2
      vertex 17.3261 -10.3849 4
      vertex 17.4609 -11.667 3.2
    endloop
  endfacet
  facet normal -0.69682 0.120899 0.706983
    outer loop
      vertex -20.5965 4.0969 3.2
      vertex -20.7727 3.08134 3.2
      vertex -19.9814 2.96395 4
    endloop
  endfacet
  facet normal 0.0520687 0.70527 0.707024
    outer loop
      vertex 2.05836 20.8989 3.2
      vertex 0.991166 20.1757 4
      vertex 1.97995 20.1027 4
    endloop
  endfacet
  facet normal -0.597477 0.378345 0.70702
    outer loop
      vertex -16.7957 11.2225 4
      vertex -17.4609 11.667 3.2
      vertex -17.3261 10.3849 4
    endloop
  endfacet
  facet normal -0.48768 -0.512174 0.706998
    outer loop
      vertex -13.5655 -14.9672 4
      vertex -14.8492 -14.8492 3.2
      vertex -14.1027 -15.56 3.2
    endloop
  endfacet
  facet normal 0.435102 0.557501 0.707021
    outer loop
      vertex 13.3223 16.2332 3.2
      vertex 12.0331 16.2248 4
      vertex 12.8147 15.6148 4
    endloop
  endfacet
  facet normal -0.120906 0.696813 0.706989
    outer loop
      vertex -2.96395 19.9814 4
      vertex -4.0969 20.5965 3.2
      vertex -3.94082 19.8119 4
    endloop
  endfacet
  facet normal -0.701877 0.0865221 0.707024
    outer loop
      vertex -19.9814 2.96395 4
      vertex -20.8989 2.05836 3.2
      vertex -20.1027 1.97995 4
    endloop
  endfacet
  facet normal 0.557501 0.435102 0.707021
    outer loop
      vertex 16.2332 13.3223 3.2
      vertex 15.6148 12.8147 4
      vertex 16.2248 12.0331 4
    endloop
  endfacet
  facet normal 0.578187 0.407208 0.707023
    outer loop
      vertex 16.8674 12.5097 3.2
      vertex 16.2248 12.0331 4
      vertex 17.4609 11.667 3.2
    endloop
  endfacet
  facet normal -0.557498 -0.435103 0.707023
    outer loop
      vertex -16.2248 -12.0331 4
      vertex -16.8674 -12.5097 3.2
      vertex -16.2332 -13.3223 3.2
    endloop
  endfacet
  facet normal -0.646533 0.2866 0.707005
    outer loop
      vertex -18.2606 8.63661 4
      vertex -18.9838 8.97866 3.2
      vertex -18.6624 7.7302 4
    endloop
  endfacet
  facet normal -0.707016 0.0173594 0.706984
    outer loop
      vertex -20.9747 1.03042 3.2
      vertex -21 0 3.2
      vertex -20.1757 0.991166 4
    endloop
  endfacet
  facet normal 0.407208 0.578187 0.707023
    outer loop
      vertex 12.5097 16.8674 3.2
      vertex 11.667 17.4609 3.2
      vertex 12.0331 16.2248 4
    endloop
  endfacet
  facet normal -0.221831 0.671537 0.706986
    outer loop
      vertex -6.09598 20.0957 3.2
      vertex -7.07469 19.7724 3.2
      vertex -6.80517 19.0192 4
    endloop
  endfacet
  facet normal -0.120899 -0.69682 0.706983
    outer loop
      vertex -2.96395 -19.9814 4
      vertex -4.0969 -20.5965 3.2
      vertex -3.08134 -20.7727 3.2
    endloop
  endfacet
  facet normal -0.0865912 -0.70191 0.706983
    outer loop
      vertex -2.96395 -19.9814 4
      vertex -3.08134 -20.7727 3.2
      vertex -2.05836 -20.8989 3.2
    endloop
  endfacet
  facet normal -0.659832 -0.254508 0.706999
    outer loop
      vertex -19.0192 -6.80517 4
      vertex -19.4015 -8.03635 3.2
      vertex -18.6624 -7.7302 4
    endloop
  endfacet
  facet normal -0.67154 -0.221845 0.706979
    outer loop
      vertex -19.3302 -5.86375 4
      vertex -20.0957 -6.09598 3.2
      vertex -19.0192 -6.80517 4
    endloop
  endfacet
  facet normal -0.597491 -0.378338 0.707011
    outer loop
      vertex -17.3261 -10.3849 4
      vertex -18.0123 -10.7962 3.2
      vertex -17.4609 -11.667 3.2
    endloop
  endfacet
  facet normal -0.659849 0.254495 0.706987
    outer loop
      vertex -19.4015 8.03635 3.2
      vertex -19.7724 7.07469 3.2
      vertex -19.0192 6.80517 4
    endloop
  endfacet
  facet normal -0.671537 0.221831 0.706986
    outer loop
      vertex -19.7724 7.07469 3.2
      vertex -20.0957 6.09598 3.2
      vertex -19.0192 6.80517 4
    endloop
  endfacet
  facet normal 0.597477 -0.378345 0.70702
    outer loop
      vertex 17.3261 -10.3849 4
      vertex 16.7957 -11.2225 4
      vertex 17.4609 -11.667 3.2
    endloop
  endfacet
  facet normal -0.0173332 -0.707001 0.707001
    outer loop
      vertex 0 -20.2 4
      vertex -0.991166 -20.1757 4
      vertex 0 -21 3.2
    endloop
  endfacet
  facet normal -0.659849 -0.254495 0.706987
    outer loop
      vertex -19.0192 -6.80517 4
      vertex -19.7724 -7.07469 3.2
      vertex -19.4015 -8.03635 3.2
    endloop
  endfacet
  facet normal -0.535507 -0.4619 0.707022
    outer loop
      vertex -15.6148 -12.8147 4
      vertex -16.2332 -13.3223 3.2
      vertex -14.9672 -13.5655 4
    endloop
  endfacet
  facet normal 0.378345 0.597477 0.70702
    outer loop
      vertex 11.667 17.4609 3.2
      vertex 10.3849 17.3261 4
      vertex 11.2225 16.7957 4
    endloop
  endfacet
  facet normal -0.120906 -0.696813 0.706989
    outer loop
      vertex -3.94082 -19.8119 4
      vertex -4.0969 -20.5965 3.2
      vertex -2.96395 -19.9814 4
    endloop
  endfacet
  facet normal 0.378338 -0.597491 0.707011
    outer loop
      vertex 11.667 -17.4609 3.2
      vertex 10.3849 -17.3261 4
      vertex 10.7962 -18.0123 3.2
    endloop
  endfacet
  facet normal -0.557501 0.435102 0.707021
    outer loop
      vertex -15.6148 12.8147 4
      vertex -16.2332 13.3223 3.2
      vertex -16.2248 12.0331 4
    endloop
  endfacet
  facet normal 0.221845 -0.67154 0.706979
    outer loop
      vertex 6.80517 -19.0192 4
      vertex 5.86375 -19.3302 4
      vertex 6.09598 -20.0957 3.2
    endloop
  endfacet
  facet normal -0.0865912 0.70191 0.706983
    outer loop
      vertex -2.05836 20.8989 3.2
      vertex -3.08134 20.7727 3.2
      vertex -2.96395 19.9814 4
    endloop
  endfacet
  facet normal 0.254495 0.659849 0.706987
    outer loop
      vertex 7.07469 19.7724 3.2
      vertex 6.80517 19.0192 4
      vertex 8.03635 19.4015 3.2
    endloop
  endfacet
  facet normal -0.378338 -0.597491 0.707011
    outer loop
      vertex -10.3849 -17.3261 4
      vertex -11.667 -17.4609 3.2
      vertex -10.7962 -18.0123 3.2
    endloop
  endfacet
  facet normal 0.286594 0.646541 0.706999
    outer loop
      vertex 8.03635 19.4015 3.2
      vertex 7.7302 18.6624 4
      vertex 8.97866 18.9838 3.2
    endloop
  endfacet
  facet normal -0.578187 -0.407213 0.70702
    outer loop
      vertex -16.7957 -11.2225 4
      vertex -17.4609 -11.667 3.2
      vertex -16.2248 -12.0331 4
    endloop
  endfacet
  facet normal -0.597477 -0.378345 0.70702
    outer loop
      vertex -17.3261 -10.3849 4
      vertex -17.4609 -11.667 3.2
      vertex -16.7957 -11.2225 4
    endloop
  endfacet
  facet normal 0.154923 0.690003 0.707032
    outer loop
      vertex 5.10258 20.3707 3.2
      vertex 4.0969 20.5965 3.2
      vertex 4.9082 19.5946 4
    endloop
  endfacet
  facet normal 0.348575 0.61533 0.707011
    outer loop
      vertex 10.7962 18.0123 3.2
      vertex 9.52221 17.8148 4
      vertex 10.3849 17.3261 4
    endloop
  endfacet
  facet normal 0.659832 0.254508 0.706999
    outer loop
      vertex 19.4015 8.03635 3.2
      vertex 18.6624 7.7302 4
      vertex 19.0192 6.80517 4
    endloop
  endfacet
  facet normal -0.286594 0.646541 0.706999
    outer loop
      vertex -8.03635 19.4015 3.2
      vertex -8.97866 18.9838 3.2
      vertex -7.7302 18.6624 4
    endloop
  endfacet
  facet normal -0.318018 0.631692 0.706987
    outer loop
      vertex -8.97866 18.9838 3.2
      vertex -9.89933 18.5203 3.2
      vertex -9.52221 17.8148 4
    endloop
  endfacet
  facet normal 0.557501 -0.435102 0.707021
    outer loop
      vertex 16.2248 -12.0331 4
      vertex 15.6148 -12.8147 4
      vertex 16.2332 -13.3223 3.2
    endloop
  endfacet
  facet normal -0.435102 0.557501 0.707021
    outer loop
      vertex -12.0331 16.2248 4
      vertex -13.3223 16.2332 3.2
      vertex -12.8147 15.6148 4
    endloop
  endfacet
  facet normal 0.671537 0.221831 0.706986
    outer loop
      vertex 19.7724 7.07469 3.2
      vertex 19.0192 6.80517 4
      vertex 20.0957 6.09598 3.2
    endloop
  endfacet
  facet normal 0.254495 -0.659849 0.706987
    outer loop
      vertex 8.03635 -19.4015 3.2
      vertex 6.80517 -19.0192 4
      vertex 7.07469 -19.7724 3.2
    endloop
  endfacet
  facet normal 0.221831 -0.671537 0.706986
    outer loop
      vertex 6.80517 -19.0192 4
      vertex 6.09598 -20.0957 3.2
      vertex 7.07469 -19.7724 3.2
    endloop
  endfacet
  facet normal -0.615369 -0.348554 0.706987
    outer loop
      vertex -17.8148 -9.52221 4
      vertex -18.5203 -9.89933 3.2
      vertex -18.0123 -10.7962 3.2
    endloop
  endfacet
  facet normal 0.221831 0.671537 0.706986
    outer loop
      vertex 7.07469 19.7724 3.2
      vertex 6.09598 20.0957 3.2
      vertex 6.80517 19.0192 4
    endloop
  endfacet
  facet normal 0.512268 0.487656 0.706946
    outer loop
      vertex 14.8492 14.8492 3.2
      vertex 14.2836 14.2836 4
      vertex 14.9672 13.5655 4
    endloop
  endfacet
  facet normal -0.188605 0.681623 0.706978
    outer loop
      vertex -4.9082 19.5946 4
      vertex -6.09598 20.0957 3.2
      vertex -5.86375 19.3302 4
    endloop
  endfacet
  facet normal -0.221845 0.67154 0.706979
    outer loop
      vertex -6.09598 20.0957 3.2
      vertex -6.80517 19.0192 4
      vertex -5.86375 19.3302 4
    endloop
  endfacet
  facet normal -0.631692 0.318018 0.706987
    outer loop
      vertex -18.5203 9.89933 3.2
      vertex -18.9838 8.97866 3.2
      vertex -17.8148 9.52221 4
    endloop
  endfacet
  facet normal -0.461942 0.535501 0.707
    outer loop
      vertex -13.3223 16.2332 3.2
      vertex -14.1027 15.56 3.2
      vertex -13.5655 14.9672 4
    endloop
  endfacet
  facet normal -0.378345 0.597477 0.70702
    outer loop
      vertex -10.3849 17.3261 4
      vertex -11.667 17.4609 3.2
      vertex -11.2225 16.7957 4
    endloop
  endfacet
  facet normal 0.0865221 0.701877 0.707024
    outer loop
      vertex 2.05836 20.8989 3.2
      vertex 1.97995 20.1027 4
      vertex 2.96395 19.9814 4
    endloop
  endfacet
  facet normal 0.615369 0.348554 0.706987
    outer loop
      vertex 18.0123 10.7962 3.2
      vertex 17.8148 9.52221 4
      vertex 18.5203 9.89933 3.2
    endloop
  endfacet
  facet normal -0.407213 0.578187 0.70702
    outer loop
      vertex -11.667 17.4609 3.2
      vertex -12.0331 16.2248 4
      vertex -11.2225 16.7957 4
    endloop
  endfacet
  facet normal -0.681623 0.188605 0.706978
    outer loop
      vertex -19.3302 5.86375 4
      vertex -20.0957 6.09598 3.2
      vertex -19.5946 4.9082 4
    endloop
  endfacet
  facet normal 0.535507 0.4619 0.707022
    outer loop
      vertex 16.2332 13.3223 3.2
      vertex 14.9672 13.5655 4
      vertex 15.6148 12.8147 4
    endloop
  endfacet
  facet normal 0.378345 -0.597477 0.70702
    outer loop
      vertex 11.2225 -16.7957 4
      vertex 10.3849 -17.3261 4
      vertex 11.667 -17.4609 3.2
    endloop
  endfacet
  facet normal 0.578187 0.407213 0.70702
    outer loop
      vertex 17.4609 11.667 3.2
      vertex 16.2248 12.0331 4
      vertex 16.7957 11.2225 4
    endloop
  endfacet
  facet normal 0.597477 0.378345 0.70702
    outer loop
      vertex 17.4609 11.667 3.2
      vertex 16.7957 11.2225 4
      vertex 17.3261 10.3849 4
    endloop
  endfacet
  facet normal -0.348554 -0.615369 0.706987
    outer loop
      vertex -9.52221 -17.8148 4
      vertex -10.7962 -18.0123 3.2
      vertex -9.89933 -18.5203 3.2
    endloop
  endfacet
  facet normal -0.615369 0.348554 0.706987
    outer loop
      vertex -18.0123 10.7962 3.2
      vertex -18.5203 9.89933 3.2
      vertex -17.8148 9.52221 4
    endloop
  endfacet
  facet normal -0.0520687 0.70527 0.707024
    outer loop
      vertex -0.991166 20.1757 4
      vertex -2.05836 20.8989 3.2
      vertex -1.97995 20.1027 4
    endloop
  endfacet
  facet normal -0.155 -0.690031 0.706988
    outer loop
      vertex -3.94082 -19.8119 4
      vertex -4.9082 -19.5946 4
      vertex -4.0969 -20.5965 3.2
    endloop
  endfacet
  facet normal -0.690003 0.154923 0.707032
    outer loop
      vertex -20.3707 5.10258 3.2
      vertex -20.5965 4.0969 3.2
      vertex -19.5946 4.9082 4
    endloop
  endfacet
  facet normal -0.68155 0.188671 0.707031
    outer loop
      vertex -20.0957 6.09598 3.2
      vertex -20.3707 5.10258 3.2
      vertex -19.5946 4.9082 4
    endloop
  endfacet
  facet normal -0.318018 -0.631692 0.706987
    outer loop
      vertex -9.52221 -17.8148 4
      vertex -9.89933 -18.5203 3.2
      vertex -8.97866 -18.9838 3.2
    endloop
  endfacet
  facet normal -0.407213 -0.578187 0.70702
    outer loop
      vertex -11.2225 -16.7957 4
      vertex -12.0331 -16.2248 4
      vertex -11.667 -17.4609 3.2
    endloop
  endfacet
  facet normal -0.378345 -0.597477 0.70702
    outer loop
      vertex -11.2225 -16.7957 4
      vertex -11.667 -17.4609 3.2
      vertex -10.3849 -17.3261 4
    endloop
  endfacet
  facet normal -0.690031 0.155 0.706988
    outer loop
      vertex -19.5946 4.9082 4
      vertex -20.5965 4.0969 3.2
      vertex -19.8119 3.94082 4
    endloop
  endfacet
  facet normal -0.461942 -0.535501 0.707
    outer loop
      vertex -13.5655 -14.9672 4
      vertex -14.1027 -15.56 3.2
      vertex -13.3223 -16.2332 3.2
    endloop
  endfacet
  facet normal -0.578187 0.407213 0.70702
    outer loop
      vertex -16.2248 12.0331 4
      vertex -17.4609 11.667 3.2
      vertex -16.7957 11.2225 4
    endloop
  endfacet
  facet normal -0.631689 0.317984 0.707005
    outer loop
      vertex -17.8148 9.52221 4
      vertex -18.9838 8.97866 3.2
      vertex -18.2606 8.63661 4
    endloop
  endfacet
  facet normal -0.317984 0.631689 0.707005
    outer loop
      vertex -8.97866 18.9838 3.2
      vertex -9.52221 17.8148 4
      vertex -8.63661 18.2606 4
    endloop
  endfacet
  facet normal 0.317984 0.631689 0.707005
    outer loop
      vertex 8.97866 18.9838 3.2
      vertex 8.63661 18.2606 4
      vertex 9.52221 17.8148 4
    endloop
  endfacet
  facet normal -0.578187 0.407208 0.707023
    outer loop
      vertex -16.8674 12.5097 3.2
      vertex -17.4609 11.667 3.2
      vertex -16.2248 12.0331 4
    endloop
  endfacet
  facet normal 0 0 1
    outer loop
      vertex 15.8 0 4
      vertex 20.2 0 4
      vertex 20.1757 0.991166 4
    endloop
  endfacet
  facet normal 0 0 1
    outer loop
      vertex 15.781 0.775269 4
      vertex 20.1757 0.991166 4
      vertex 20.1027 1.97995 4
    endloop
  endfacet
  facet normal 0 0 1
    outer loop
      vertex 20.2 0 4
      vertex 15.8 0 4
      vertex 20.1757 -0.991166 4
    endloop
  endfacet
  facet normal 0 0 1
    outer loop
      vertex 15.7239 1.54867 4
      vertex 20.1027 1.97995 4
      vertex 19.9814 2.96395 4
    endloop
  endfacet
  facet normal -0 0 1
    outer loop
      vertex 15.781 -0.775269 4
      vertex 20.1757 -0.991166 4
      vertex 15.8 0 4
    endloop
  endfacet
  facet normal 0 0 1
    outer loop
      vertex 15.629 2.31834 4
      vertex 19.9814 2.96395 4
      vertex 19.8119 3.94082 4
    endloop
  endfacet
  facet normal 0 0 1
    outer loop
      vertex 20.1757 -0.991166 4
      vertex 15.781 -0.775269 4
      vertex 20.1027 -1.97995 4
    endloop
  endfacet
  facet normal 0 0 1
    outer loop
      vertex 15.4964 3.08243 4
      vertex 19.8119 3.94082 4
      vertex 19.5946 4.9082 4
    endloop
  endfacet
  facet normal -0 0 1
    outer loop
      vertex 15.7239 -1.54867 4
      vertex 20.1027 -1.97995 4
      vertex 15.781 -0.775269 4
    endloop
  endfacet
  facet normal 0 0 1
    outer loop
      vertex 15.3265 3.83909 4
      vertex 19.5946 4.9082 4
      vertex 19.3302 5.86375 4
    endloop
  endfacet
  facet normal 0 0 1
    outer loop
      vertex 20.1027 -1.97995 4
      vertex 15.7239 -1.54867 4
      vertex 19.9814 -2.96395 4
    endloop
  endfacet
  facet normal 0 0 1
    outer loop
      vertex 15.1197 4.5865 4
      vertex 19.3302 5.86375 4
      vertex 19.0192 6.80517 4
    endloop
  endfacet
  facet normal -0 0 1
    outer loop
      vertex 15.629 -2.31834 4
      vertex 19.9814 -2.96395 4
      vertex 15.7239 -1.54867 4
    endloop
  endfacet
  facet normal 0 0 1
    outer loop
      vertex 14.8764 5.32286 4
      vertex 19.0192 6.80517 4
      vertex 18.6624 7.7302 4
    endloop
  endfacet
  facet normal 0 0 1
    outer loop
      vertex 19.9814 -2.96395 4
      vertex 15.629 -2.31834 4
      vertex 19.8119 -3.94082 4
    endloop
  endfacet
  facet normal 0 0 1
    outer loop
      vertex 14.5973 6.0464 4
      vertex 18.6624 7.7302 4
      vertex 18.2606 8.63661 4
    endloop
  endfacet
  facet normal -0 0 1
    outer loop
      vertex 15.4964 -3.08243 4
      vertex 19.8119 -3.94082 4
      vertex 15.629 -2.31834 4
    endloop
  endfacet
  facet normal 0 0 1
    outer loop
      vertex 14.283 6.75537 4
      vertex 18.2606 8.63661 4
      vertex 17.8148 9.52221 4
    endloop
  endfacet
  facet normal 0 0 1
    outer loop
      vertex 19.8119 -3.94082 4
      vertex 15.4964 -3.08243 4
      vertex 19.5946 -4.9082 4
    endloop
  endfacet
  facet normal 0 0 1
    outer loop
      vertex 13.9344 7.44807 4
      vertex 17.8148 9.52221 4
      vertex 17.3261 10.3849 4
    endloop
  endfacet
  facet normal -0 0 1
    outer loop
      vertex 15.3265 -3.83909 4
      vertex 19.5946 -4.9082 4
      vertex 15.4964 -3.08243 4
    endloop
  endfacet
  facet normal 0 0 1
    outer loop
      vertex 13.5521 8.12282 4
      vertex 17.3261 10.3849 4
      vertex 16.7957 11.2225 4
    endloop
  endfacet
  facet normal 0 0 1
    outer loop
      vertex 19.5946 -4.9082 4
      vertex 15.3265 -3.83909 4
      vertex 19.3302 -5.86375 4
    endloop
  endfacet
  facet normal 0 0 1
    outer loop
      vertex 13.1372 8.77801 4
      vertex 16.7957 11.2225 4
      vertex 16.2248 12.0331 4
    endloop
  endfacet
  facet normal -0 0 1
    outer loop
      vertex 15.1197 -4.5865 4
      vertex 19.3302 -5.86375 4
      vertex 15.3265 -3.83909 4
    endloop
  endfacet
  facet normal 0 0 1
    outer loop
      vertex 19.3302 -5.86375 4
      vertex 15.1197 -4.5865 4
      vertex 19.0192 -6.80517 4
    endloop
  endfacet
  facet normal 0 0 1
    outer loop
      vertex 20.1757 0.991166 4
      vertex 15.781 0.775269 4
      vertex 15.8 0 4
    endloop
  endfacet
  facet normal 0 0 1
    outer loop
      vertex 20.1027 1.97995 4
      vertex 15.7239 1.54867 4
      vertex 15.781 0.775269 4
    endloop
  endfacet
  facet normal 0 0 1
    outer loop
      vertex 19.9814 2.96395 4
      vertex 15.629 2.31834 4
      vertex 15.7239 1.54867 4
    endloop
  endfacet
  facet normal 0 0 1
    outer loop
      vertex 12.6907 9.41205 4
      vertex 16.2248 12.0331 4
      vertex 15.6148 12.8147 4
    endloop
  endfacet
  facet normal 0 0 1
    outer loop
      vertex 19.8119 3.94082 4
      vertex 15.4964 3.08243 4
      vertex 15.629 2.31834 4
    endloop
  endfacet
  facet normal 0 0 1
    outer loop
      vertex 19.5946 4.9082 4
      vertex 15.3265 3.83909 4
      vertex 15.4964 3.08243 4
    endloop
  endfacet
  facet normal 0 0 1
    outer loop
      vertex 19.3302 5.86375 4
      vertex 15.1197 4.5865 4
      vertex 15.3265 3.83909 4
    endloop
  endfacet
  facet normal 0 0 1
    outer loop
      vertex 12.2136 10.0234 4
      vertex 15.6148 12.8147 4
      vertex 14.9672 13.5655 4
    endloop
  endfacet
  facet normal 0 0 1
    outer loop
      vertex 19.0192 6.80517 4
      vertex 14.8764 5.32286 4
      vertex 15.1197 4.5865 4
    endloop
  endfacet
  facet normal 0 0 1
    outer loop
      vertex 18.6624 7.7302 4
      vertex 14.5973 6.0464 4
      vertex 14.8764 5.32286 4
    endloop
  endfacet
  facet normal 0 0 1
    outer loop
      vertex 11.707 10.6106 4
      vertex 14.9672 13.5655 4
      vertex 14.2836 14.2836 4
    endloop
  endfacet
  facet normal 0 0 1
    outer loop
      vertex 18.2606 8.63661 4
      vertex 14.283 6.75537 4
      vertex 14.5973 6.0464 4
    endloop
  endfacet
  facet normal 0 0 1
    outer loop
      vertex 17.8148 9.52221 4
      vertex 13.9344 7.44807 4
      vertex 14.283 6.75537 4
    endloop
  endfacet
  facet normal 0 0 1
    outer loop
      vertex 11.1723 11.1723 4
      vertex 14.2836 14.2836 4
      vertex 13.5655 14.9672 4
    endloop
  endfacet
  facet normal 0 0 1
    outer loop
      vertex 17.3261 10.3849 4
      vertex 13.5521 8.12282 4
      vertex 13.9344 7.44807 4
    endloop
  endfacet
  facet normal 0 0 1
    outer loop
      vertex 16.7957 11.2225 4
      vertex 13.1372 8.77801 4
      vertex 13.5521 8.12282 4
    endloop
  endfacet
  facet normal 0 0 1
    outer loop
      vertex 10.6106 11.707 4
      vertex 13.5655 14.9672 4
      vertex 12.8147 15.6148 4
    endloop
  endfacet
  facet normal 0 0 1
    outer loop
      vertex 16.2248 12.0331 4
      vertex 12.6907 9.41205 4
      vertex 13.1372 8.77801 4
    endloop
  endfacet
  facet normal 0 0 1
    outer loop
      vertex 15.6148 12.8147 4
      vertex 12.2136 10.0234 4
      vertex 12.6907 9.41205 4
    endloop
  endfacet
  facet normal 0 0 1
    outer loop
      vertex 10.0234 12.2136 4
      vertex 12.8147 15.6148 4
      vertex 12.0331 16.2248 4
    endloop
  endfacet
  facet normal 0 0 1
    outer loop
      vertex 14.9672 13.5655 4
      vertex 11.707 10.6106 4
      vertex 12.2136 10.0234 4
    endloop
  endfacet
  facet normal 0 0 1
    outer loop
      vertex 9.41205 12.6907 4
      vertex 12.0331 16.2248 4
      vertex 11.2225 16.7957 4
    endloop
  endfacet
  facet normal 0 0 1
    outer loop
      vertex 14.2836 14.2836 4
      vertex 11.1723 11.1723 4
      vertex 11.707 10.6106 4
    endloop
  endfacet
  facet normal 0 0 1
    outer loop
      vertex 13.5655 14.9672 4
      vertex 10.6106 11.707 4
      vertex 11.1723 11.1723 4
    endloop
  endfacet
  facet normal 0 0 1
    outer loop
      vertex 8.77801 13.1372 4
      vertex 11.2225 16.7957 4
      vertex 10.3849 17.3261 4
    endloop
  endfacet
  facet normal 0 0 1
    outer loop
      vertex 12.8147 15.6148 4
      vertex 10.0234 12.2136 4
      vertex 10.6106 11.707 4
    endloop
  endfacet
  facet normal 0 0 1
    outer loop
      vertex 8.12282 13.5521 4
      vertex 10.3849 17.3261 4
      vertex 9.52221 17.8148 4
    endloop
  endfacet
  facet normal 0 0 1
    outer loop
      vertex 12.0331 16.2248 4
      vertex 9.41205 12.6907 4
      vertex 10.0234 12.2136 4
    endloop
  endfacet
  facet normal 0 0 1
    outer loop
      vertex 11.2225 16.7957 4
      vertex 8.77801 13.1372 4
      vertex 9.41205 12.6907 4
    endloop
  endfacet
  facet normal 0 0 1
    outer loop
      vertex 7.44807 13.9344 4
      vertex 9.52221 17.8148 4
      vertex 8.63661 18.2606 4
    endloop
  endfacet
  facet normal 0 0 1
    outer loop
      vertex 10.3849 17.3261 4
      vertex 8.12282 13.5521 4
      vertex 8.77801 13.1372 4
    endloop
  endfacet
  facet normal 0 0 1
    outer loop
      vertex 6.75537 14.283 4
      vertex 8.63661 18.2606 4
      vertex 7.7302 18.6624 4
    endloop
  endfacet
  facet normal 0 0 1
    outer loop
      vertex 9.52221 17.8148 4
      vertex 7.44807 13.9344 4
      vertex 8.12282 13.5521 4
    endloop
  endfacet
  facet normal 0 0 1
    outer loop
      vertex 6.0464 14.5973 4
      vertex 7.7302 18.6624 4
      vertex 6.80517 19.0192 4
    endloop
  endfacet
  facet normal 0 0 1
    outer loop
      vertex 8.63661 18.2606 4
      vertex 6.75537 14.283 4
      vertex 7.44807 13.9344 4
    endloop
  endfacet
  facet normal 0 0 1
    outer loop
      vertex 7.7302 18.6624 4
      vertex 6.0464 14.5973 4
      vertex 6.75537 14.283 4
    endloop
  endfacet
  facet normal 0 0 1
    outer loop
      vertex 5.32286 14.8764 4
      vertex 6.80517 19.0192 4
      vertex 5.86375 19.3302 4
    endloop
  endfacet
  facet normal 0 0 1
    outer loop
      vertex 6.80517 19.0192 4
      vertex 5.32286 14.8764 4
      vertex 6.0464 14.5973 4
    endloop
  endfacet
  facet normal 0 0 1
    outer loop
      vertex 4.5865 15.1197 4
      vertex 5.86375 19.3302 4
      vertex 4.9082 19.5946 4
    endloop
  endfacet
  facet normal 0 0 1
    outer loop
      vertex 5.86375 19.3302 4
      vertex 4.5865 15.1197 4
      vertex 5.32286 14.8764 4
    endloop
  endfacet
  facet normal 0 0 1
    outer loop
      vertex 3.83909 15.3265 4
      vertex 4.9082 19.5946 4
      vertex 3.94082 19.8119 4
    endloop
  endfacet
  facet normal 0 0 1
    outer loop
      vertex 4.9082 19.5946 4
      vertex 3.83909 15.3265 4
      vertex 4.5865 15.1197 4
    endloop
  endfacet
  facet normal 0 0 1
    outer loop
      vertex 3.94082 19.8119 4
      vertex 3.08243 15.4964 4
      vertex 3.83909 15.3265 4
    endloop
  endfacet
  facet normal 0 0 1
    outer loop
      vertex 2.96395 19.9814 4
      vertex 3.08243 15.4964 4
      vertex 3.94082 19.8119 4
    endloop
  endfacet
  facet normal 0 0 1
    outer loop
      vertex 2.96395 19.9814 4
      vertex 2.31834 15.629 4
      vertex 3.08243 15.4964 4
    endloop
  endfacet
  facet normal 0 0 1
    outer loop
      vertex 1.97995 20.1027 4
      vertex 2.31834 15.629 4
      vertex 2.96395 19.9814 4
    endloop
  endfacet
  facet normal 0 0 1
    outer loop
      vertex 1.97995 20.1027 4
      vertex 1.54867 15.7239 4
      vertex 2.31834 15.629 4
    endloop
  endfacet
  facet normal 0 0 1
    outer loop
      vertex 0.991166 20.1757 4
      vertex 1.54867 15.7239 4
      vertex 1.97995 20.1027 4
    endloop
  endfacet
  facet normal 0 0 1
    outer loop
      vertex 0.991166 20.1757 4
      vertex 0.775269 15.781 4
      vertex 1.54867 15.7239 4
    endloop
  endfacet
  facet normal 0 0 1
    outer loop
      vertex 0 20.2 4
      vertex 0.775269 15.781 4
      vertex 0.991166 20.1757 4
    endloop
  endfacet
  facet normal 0 0 1
    outer loop
      vertex 0 20.2 4
      vertex 0 15.8 4
      vertex 0.775269 15.781 4
    endloop
  endfacet
  facet normal 0 0 1
    outer loop
      vertex 0 20.2 4
      vertex -0.775269 15.781 4
      vertex 0 15.8 4
    endloop
  endfacet
  facet normal -0 0 1
    outer loop
      vertex -0.991166 20.1757 4
      vertex -0.775269 15.781 4
      vertex 0 20.2 4
    endloop
  endfacet
  facet normal 0 0 1
    outer loop
      vertex -0.991166 20.1757 4
      vertex -1.54867 15.7239 4
      vertex -0.775269 15.781 4
    endloop
  endfacet
  facet normal -0 0 1
    outer loop
      vertex -1.97995 20.1027 4
      vertex -1.54867 15.7239 4
      vertex -0.991166 20.1757 4
    endloop
  endfacet
  facet normal 0 0 1
    outer loop
      vertex -1.97995 20.1027 4
      vertex -2.31834 15.629 4
      vertex -1.54867 15.7239 4
    endloop
  endfacet
  facet normal -0 0 1
    outer loop
      vertex -2.96395 19.9814 4
      vertex -2.31834 15.629 4
      vertex -1.97995 20.1027 4
    endloop
  endfacet
  facet normal 0 0 1
    outer loop
      vertex -2.96395 19.9814 4
      vertex -3.08243 15.4964 4
      vertex -2.31834 15.629 4
    endloop
  endfacet
  facet normal -0 0 1
    outer loop
      vertex -3.94082 19.8119 4
      vertex -3.08243 15.4964 4
      vertex -2.96395 19.9814 4
    endloop
  endfacet
  facet normal 0 0 1
    outer loop
      vertex -3.08243 15.4964 4
      vertex -3.94082 19.8119 4
      vertex -3.83909 15.3265 4
    endloop
  endfacet
  facet normal -0 0 1
    outer loop
      vertex -4.9082 19.5946 4
      vertex -3.83909 15.3265 4
      vertex -3.94082 19.8119 4
    endloop
  endfacet
  facet normal 0 0 1
    outer loop
      vertex -3.83909 15.3265 4
      vertex -4.9082 19.5946 4
      vertex -4.5865 15.1197 4
    endloop
  endfacet
  facet normal -0 0 1
    outer loop
      vertex -5.86375 19.3302 4
      vertex -4.5865 15.1197 4
      vertex -4.9082 19.5946 4
    endloop
  endfacet
  facet normal 0 0 1
    outer loop
      vertex -4.5865 15.1197 4
      vertex -5.86375 19.3302 4
      vertex -5.32286 14.8764 4
    endloop
  endfacet
  facet normal -0 0 1
    outer loop
      vertex -6.80517 19.0192 4
      vertex -5.32286 14.8764 4
      vertex -5.86375 19.3302 4
    endloop
  endfacet
  facet normal 0 0 1
    outer loop
      vertex -5.32286 14.8764 4
      vertex -6.80517 19.0192 4
      vertex -6.0464 14.5973 4
    endloop
  endfacet
  facet normal -0 0 1
    outer loop
      vertex -7.7302 18.6624 4
      vertex -6.0464 14.5973 4
      vertex -6.80517 19.0192 4
    endloop
  endfacet
  facet normal 0 0 1
    outer loop
      vertex -6.0464 14.5973 4
      vertex -7.7302 18.6624 4
      vertex -6.75537 14.283 4
    endloop
  endfacet
  facet normal -0 0 1
    outer loop
      vertex -8.63661 18.2606 4
      vertex -6.75537 14.283 4
      vertex -7.7302 18.6624 4
    endloop
  endfacet
  facet normal 0 0 1
    outer loop
      vertex -6.75537 14.283 4
      vertex -8.63661 18.2606 4
      vertex -7.44807 13.9344 4
    endloop
  endfacet
  facet normal -0 0 1
    outer loop
      vertex -9.52221 17.8148 4
      vertex -7.44807 13.9344 4
      vertex -8.63661 18.2606 4
    endloop
  endfacet
  facet normal 0 0 1
    outer loop
      vertex -7.44807 13.9344 4
      vertex -9.52221 17.8148 4
      vertex -8.12282 13.5521 4
    endloop
  endfacet
  facet normal -0 0 1
    outer loop
      vertex -10.3849 17.3261 4
      vertex -8.12282 13.5521 4
      vertex -9.52221 17.8148 4
    endloop
  endfacet
  facet normal 0 0 1
    outer loop
      vertex -8.12282 13.5521 4
      vertex -10.3849 17.3261 4
      vertex -8.77801 13.1372 4
    endloop
  endfacet
  facet normal -0 0 1
    outer loop
      vertex -11.2225 16.7957 4
      vertex -8.77801 13.1372 4
      vertex -10.3849 17.3261 4
    endloop
  endfacet
  facet normal 0 0 1
    outer loop
      vertex -8.77801 13.1372 4
      vertex -11.2225 16.7957 4
      vertex -9.41205 12.6907 4
    endloop
  endfacet
  facet normal -0 0 1
    outer loop
      vertex -12.0331 16.2248 4
      vertex -9.41205 12.6907 4
      vertex -11.2225 16.7957 4
    endloop
  endfacet
  facet normal 0 0 1
    outer loop
      vertex -9.41205 12.6907 4
      vertex -12.0331 16.2248 4
      vertex -10.0234 12.2136 4
    endloop
  endfacet
  facet normal -0 0 1
    outer loop
      vertex -12.8147 15.6148 4
      vertex -10.0234 12.2136 4
      vertex -12.0331 16.2248 4
    endloop
  endfacet
  facet normal 0 0 1
    outer loop
      vertex -10.0234 12.2136 4
      vertex -12.8147 15.6148 4
      vertex -10.6106 11.707 4
    endloop
  endfacet
  facet normal -0 0 1
    outer loop
      vertex -13.5655 14.9672 4
      vertex -10.6106 11.707 4
      vertex -12.8147 15.6148 4
    endloop
  endfacet
  facet normal 0 0 1
    outer loop
      vertex -10.6106 11.707 4
      vertex -13.5655 14.9672 4
      vertex -11.1723 11.1723 4
    endloop
  endfacet
  facet normal -0 0 1
    outer loop
      vertex -14.2836 14.2836 4
      vertex -11.1723 11.1723 4
      vertex -13.5655 14.9672 4
    endloop
  endfacet
  facet normal 0 0 1
    outer loop
      vertex -11.1723 11.1723 4
      vertex -14.2836 14.2836 4
      vertex -11.707 10.6106 4
    endloop
  endfacet
  facet normal -0 0 1
    outer loop
      vertex -14.9672 13.5655 4
      vertex -11.707 10.6106 4
      vertex -14.2836 14.2836 4
    endloop
  endfacet
  facet normal 0 0 1
    outer loop
      vertex -11.707 10.6106 4
      vertex -14.9672 13.5655 4
      vertex -12.2136 10.0234 4
    endloop
  endfacet
  facet normal -0 0 1
    outer loop
      vertex -15.6148 12.8147 4
      vertex -12.2136 10.0234 4
      vertex -14.9672 13.5655 4
    endloop
  endfacet
  facet normal 0 0 1
    outer loop
      vertex -12.2136 10.0234 4
      vertex -15.6148 12.8147 4
      vertex -12.6907 9.41205 4
    endloop
  endfacet
  facet normal -0 0 1
    outer loop
      vertex -16.2248 12.0331 4
      vertex -12.6907 9.41205 4
      vertex -15.6148 12.8147 4
    endloop
  endfacet
  facet normal 0 0 1
    outer loop
      vertex -12.6907 9.41205 4
      vertex -16.2248 12.0331 4
      vertex -13.1372 8.77801 4
    endloop
  endfacet
  facet normal -0 0 1
    outer loop
      vertex -16.7957 11.2225 4
      vertex -13.1372 8.77801 4
      vertex -16.2248 12.0331 4
    endloop
  endfacet
  facet normal 0 0 1
    outer loop
      vertex -13.1372 8.77801 4
      vertex -16.7957 11.2225 4
      vertex -13.5521 8.12282 4
    endloop
  endfacet
  facet normal -0 0 1
    outer loop
      vertex -17.3261 10.3849 4
      vertex -13.5521 8.12282 4
      vertex -16.7957 11.2225 4
    endloop
  endfacet
  facet normal 0 0 1
    outer loop
      vertex -13.5521 8.12282 4
      vertex -17.3261 10.3849 4
      vertex -13.9344 7.44807 4
    endloop
  endfacet
  facet normal -0 0 1
    outer loop
      vertex -17.8148 9.52221 4
      vertex -13.9344 7.44807 4
      vertex -17.3261 10.3849 4
    endloop
  endfacet
  facet normal 0 0 1
    outer loop
      vertex -13.9344 7.44807 4
      vertex -17.8148 9.52221 4
      vertex -14.283 6.75537 4
    endloop
  endfacet
  facet normal -0 0 1
    outer loop
      vertex -18.2606 8.63661 4
      vertex -14.283 6.75537 4
      vertex -17.8148 9.52221 4
    endloop
  endfacet
  facet normal 0 0 1
    outer loop
      vertex -14.283 6.75537 4
      vertex -18.2606 8.63661 4
      vertex -14.5973 6.0464 4
    endloop
  endfacet
  facet normal -0 0 1
    outer loop
      vertex -18.6624 7.7302 4
      vertex -14.5973 6.0464 4
      vertex -18.2606 8.63661 4
    endloop
  endfacet
  facet normal 0 0 1
    outer loop
      vertex -14.5973 6.0464 4
      vertex -18.6624 7.7302 4
      vertex -14.8764 5.32286 4
    endloop
  endfacet
  facet normal -0 0 1
    outer loop
      vertex -19.0192 6.80517 4
      vertex -14.8764 5.32286 4
      vertex -18.6624 7.7302 4
    endloop
  endfacet
  facet normal 0 0 1
    outer loop
      vertex -14.8764 5.32286 4
      vertex -19.0192 6.80517 4
      vertex -15.1197 4.5865 4
    endloop
  endfacet
  facet normal -0 0 1
    outer loop
      vertex 14.8764 -5.32286 4
      vertex 19.0192 -6.80517 4
      vertex 15.1197 -4.5865 4
    endloop
  endfacet
  facet normal 0 0 1
    outer loop
      vertex 19.0192 -6.80517 4
      vertex 14.8764 -5.32286 4
      vertex 18.6624 -7.7302 4
    endloop
  endfacet
  facet normal -0 0 1
    outer loop
      vertex 14.5973 -6.0464 4
      vertex 18.6624 -7.7302 4
      vertex 14.8764 -5.32286 4
    endloop
  endfacet
  facet normal 0 0 1
    outer loop
      vertex 18.6624 -7.7302 4
      vertex 14.5973 -6.0464 4
      vertex 18.2606 -8.63661 4
    endloop
  endfacet
  facet normal -0 0 1
    outer loop
      vertex 14.283 -6.75537 4
      vertex 18.2606 -8.63661 4
      vertex 14.5973 -6.0464 4
    endloop
  endfacet
  facet normal 0 0 1
    outer loop
      vertex 18.2606 -8.63661 4
      vertex 14.283 -6.75537 4
      vertex 17.8148 -9.52221 4
    endloop
  endfacet
  facet normal -0 0 1
    outer loop
      vertex 13.9344 -7.44807 4
      vertex 17.8148 -9.52221 4
      vertex 14.283 -6.75537 4
    endloop
  endfacet
  facet normal 0 0 1
    outer loop
      vertex 17.8148 -9.52221 4
      vertex 13.9344 -7.44807 4
      vertex 17.3261 -10.3849 4
    endloop
  endfacet
  facet normal -0 0 1
    outer loop
      vertex 13.5521 -8.12282 4
      vertex 17.3261 -10.3849 4
      vertex 13.9344 -7.44807 4
    endloop
  endfacet
  facet normal 0 0 1
    outer loop
      vertex 17.3261 -10.3849 4
      vertex 13.5521 -8.12282 4
      vertex 16.7957 -11.2225 4
    endloop
  endfacet
  facet normal -0 0 1
    outer loop
      vertex 13.1372 -8.77801 4
      vertex 16.7957 -11.2225 4
      vertex 13.5521 -8.12282 4
    endloop
  endfacet
  facet normal 0 0 1
    outer loop
      vertex 16.7957 -11.2225 4
      vertex 13.1372 -8.77801 4
      vertex 16.2248 -12.0331 4
    endloop
  endfacet
  facet normal -0 0 1
    outer loop
      vertex 12.6907 -9.41205 4
      vertex 16.2248 -12.0331 4
      vertex 13.1372 -8.77801 4
    endloop
  endfacet
  facet normal 0 0 1
    outer loop
      vertex 16.2248 -12.0331 4
      vertex 12.6907 -9.41205 4
      vertex 15.6148 -12.8147 4
    endloop
  endfacet
  facet normal -0 0 1
    outer loop
      vertex 12.2136 -10.0234 4
      vertex 15.6148 -12.8147 4
      vertex 12.6907 -9.41205 4
    endloop
  endfacet
  facet normal 0 0 1
    outer loop
      vertex 15.6148 -12.8147 4
      vertex 12.2136 -10.0234 4
      vertex 14.9672 -13.5655 4
    endloop
  endfacet
  facet normal -0 0 1
    outer loop
      vertex 11.707 -10.6106 4
      vertex 14.9672 -13.5655 4
      vertex 12.2136 -10.0234 4
    endloop
  endfacet
  facet normal 0 0 1
    outer loop
      vertex 14.9672 -13.5655 4
      vertex 11.707 -10.6106 4
      vertex 14.2836 -14.2836 4
    endloop
  endfacet
  facet normal -0 0 1
    outer loop
      vertex 11.1723 -11.1723 4
      vertex 14.2836 -14.2836 4
      vertex 11.707 -10.6106 4
    endloop
  endfacet
  facet normal 0 0 1
    outer loop
      vertex 14.2836 -14.2836 4
      vertex 11.1723 -11.1723 4
      vertex 13.5655 -14.9672 4
    endloop
  endfacet
  facet normal -0 0 1
    outer loop
      vertex 10.6106 -11.707 4
      vertex 13.5655 -14.9672 4
      vertex 11.1723 -11.1723 4
    endloop
  endfacet
  facet normal 0 0 1
    outer loop
      vertex 13.5655 -14.9672 4
      vertex 10.6106 -11.707 4
      vertex 12.8147 -15.6148 4
    endloop
  endfacet
  facet normal -0 0 1
    outer loop
      vertex 10.0234 -12.2136 4
      vertex 12.8147 -15.6148 4
      vertex 10.6106 -11.707 4
    endloop
  endfacet
  facet normal 0 0 1
    outer loop
      vertex 12.8147 -15.6148 4
      vertex 10.0234 -12.2136 4
      vertex 12.0331 -16.2248 4
    endloop
  endfacet
  facet normal -0 0 1
    outer loop
      vertex 9.41205 -12.6907 4
      vertex 12.0331 -16.2248 4
      vertex 10.0234 -12.2136 4
    endloop
  endfacet
  facet normal 0 0 1
    outer loop
      vertex 12.0331 -16.2248 4
      vertex 9.41205 -12.6907 4
      vertex 11.2225 -16.7957 4
    endloop
  endfacet
  facet normal -0 0 1
    outer loop
      vertex 8.77801 -13.1372 4
      vertex 11.2225 -16.7957 4
      vertex 9.41205 -12.6907 4
    endloop
  endfacet
  facet normal 0 0 1
    outer loop
      vertex 11.2225 -16.7957 4
      vertex 8.77801 -13.1372 4
      vertex 10.3849 -17.3261 4
    endloop
  endfacet
  facet normal -0 0 1
    outer loop
      vertex 8.12282 -13.5521 4
      vertex 10.3849 -17.3261 4
      vertex 8.77801 -13.1372 4
    endloop
  endfacet
  facet normal 0 0 1
    outer loop
      vertex 10.3849 -17.3261 4
      vertex 8.12282 -13.5521 4
      vertex 9.52221 -17.8148 4
    endloop
  endfacet
  facet normal -0 0 1
    outer loop
      vertex 7.44807 -13.9344 4
      vertex 9.52221 -17.8148 4
      vertex 8.12282 -13.5521 4
    endloop
  endfacet
  facet normal 0 0 1
    outer loop
      vertex 9.52221 -17.8148 4
      vertex 7.44807 -13.9344 4
      vertex 8.63661 -18.2606 4
    endloop
  endfacet
  facet normal -0 0 1
    outer loop
      vertex 6.75537 -14.283 4
      vertex 8.63661 -18.2606 4
      vertex 7.44807 -13.9344 4
    endloop
  endfacet
  facet normal 0 0 1
    outer loop
      vertex 8.63661 -18.2606 4
      vertex 6.75537 -14.283 4
      vertex 7.7302 -18.6624 4
    endloop
  endfacet
  facet normal -0 0 1
    outer loop
      vertex 6.0464 -14.5973 4
      vertex 7.7302 -18.6624 4
      vertex 6.75537 -14.283 4
    endloop
  endfacet
  facet normal 0 0 1
    outer loop
      vertex 7.7302 -18.6624 4
      vertex 6.0464 -14.5973 4
      vertex 6.80517 -19.0192 4
    endloop
  endfacet
  facet normal -0 0 1
    outer loop
      vertex 5.32286 -14.8764 4
      vertex 6.80517 -19.0192 4
      vertex 6.0464 -14.5973 4
    endloop
  endfacet
  facet normal 0 0 1
    outer loop
      vertex 6.80517 -19.0192 4
      vertex 5.32286 -14.8764 4
      vertex 5.86375 -19.3302 4
    endloop
  endfacet
  facet normal -0 0 1
    outer loop
      vertex 4.5865 -15.1197 4
      vertex 5.86375 -19.3302 4
      vertex 5.32286 -14.8764 4
    endloop
  endfacet
  facet normal 0 0 1
    outer loop
      vertex 5.86375 -19.3302 4
      vertex 4.5865 -15.1197 4
      vertex 4.9082 -19.5946 4
    endloop
  endfacet
  facet normal -0 0 1
    outer loop
      vertex 3.83909 -15.3265 4
      vertex 4.9082 -19.5946 4
      vertex 4.5865 -15.1197 4
    endloop
  endfacet
  facet normal 0 0 1
    outer loop
      vertex 4.9082 -19.5946 4
      vertex 3.83909 -15.3265 4
      vertex 3.94082 -19.8119 4
    endloop
  endfacet
  facet normal -0 0 1
    outer loop
      vertex 3.08243 -15.4964 4
      vertex 3.94082 -19.8119 4
      vertex 3.83909 -15.3265 4
    endloop
  endfacet
  facet normal 0 0 1
    outer loop
      vertex 3.08243 -15.4964 4
      vertex 2.96395 -19.9814 4
      vertex 3.94082 -19.8119 4
    endloop
  endfacet
  facet normal -0 0 1
    outer loop
      vertex 2.31834 -15.629 4
      vertex 2.96395 -19.9814 4
      vertex 3.08243 -15.4964 4
    endloop
  endfacet
  facet normal 0 0 1
    outer loop
      vertex 2.31834 -15.629 4
      vertex 1.97995 -20.1027 4
      vertex 2.96395 -19.9814 4
    endloop
  endfacet
  facet normal -0 0 1
    outer loop
      vertex 1.54867 -15.7239 4
      vertex 1.97995 -20.1027 4
      vertex 2.31834 -15.629 4
    endloop
  endfacet
  facet normal 0 0 1
    outer loop
      vertex 1.54867 -15.7239 4
      vertex 0.991166 -20.1757 4
      vertex 1.97995 -20.1027 4
    endloop
  endfacet
  facet normal -0 0 1
    outer loop
      vertex 0.775269 -15.781 4
      vertex 0.991166 -20.1757 4
      vertex 1.54867 -15.7239 4
    endloop
  endfacet
  facet normal -0 0 1
    outer loop
      vertex 0 -15.8 4
      vertex 0.991166 -20.1757 4
      vertex 0.775269 -15.781 4
    endloop
  endfacet
  facet normal 0 0 1
    outer loop
      vertex 0 -15.8 4
      vertex 0 -20.2 4
      vertex 0.991166 -20.1757 4
    endloop
  endfacet
  facet normal 0 0 1
    outer loop
      vertex -0.775269 -15.781 4
      vertex 0 -20.2 4
      vertex 0 -15.8 4
    endloop
  endfacet
  facet normal 0 0 1
    outer loop
      vertex -0.775269 -15.781 4
      vertex -0.991166 -20.1757 4
      vertex 0 -20.2 4
    endloop
  endfacet
  facet normal 0 0 1
    outer loop
      vertex -1.54867 -15.7239 4
      vertex -0.991166 -20.1757 4
      vertex -0.775269 -15.781 4
    endloop
  endfacet
  facet normal 0 0 1
    outer loop
      vertex -1.54867 -15.7239 4
      vertex -1.97995 -20.1027 4
      vertex -0.991166 -20.1757 4
    endloop
  endfacet
  facet normal 0 0 1
    outer loop
      vertex -2.31834 -15.629 4
      vertex -1.97995 -20.1027 4
      vertex -1.54867 -15.7239 4
    endloop
  endfacet
  facet normal 0 0 1
    outer loop
      vertex -2.31834 -15.629 4
      vertex -2.96395 -19.9814 4
      vertex -1.97995 -20.1027 4
    endloop
  endfacet
  facet normal 0 0 1
    outer loop
      vertex -3.08243 -15.4964 4
      vertex -2.96395 -19.9814 4
      vertex -2.31834 -15.629 4
    endloop
  endfacet
  facet normal 0 0 1
    outer loop
      vertex -3.94082 -19.8119 4
      vertex -3.08243 -15.4964 4
      vertex -3.83909 -15.3265 4
    endloop
  endfacet
  facet normal 0 0 1
    outer loop
      vertex -3.08243 -15.4964 4
      vertex -3.94082 -19.8119 4
      vertex -2.96395 -19.9814 4
    endloop
  endfacet
  facet normal 0 0 1
    outer loop
      vertex -4.9082 -19.5946 4
      vertex -3.83909 -15.3265 4
      vertex -4.5865 -15.1197 4
    endloop
  endfacet
  facet normal 0 0 1
    outer loop
      vertex -3.83909 -15.3265 4
      vertex -4.9082 -19.5946 4
      vertex -3.94082 -19.8119 4
    endloop
  endfacet
  facet normal 0 0 1
    outer loop
      vertex -5.86375 -19.3302 4
      vertex -4.5865 -15.1197 4
      vertex -5.32286 -14.8764 4
    endloop
  endfacet
  facet normal 0 0 1
    outer loop
      vertex -4.5865 -15.1197 4
      vertex -5.86375 -19.3302 4
      vertex -4.9082 -19.5946 4
    endloop
  endfacet
  facet normal 0 0 1
    outer loop
      vertex -6.80517 -19.0192 4
      vertex -5.32286 -14.8764 4
      vertex -6.0464 -14.5973 4
    endloop
  endfacet
  facet normal 0 0 1
    outer loop
      vertex -7.7302 -18.6624 4
      vertex -6.0464 -14.5973 4
      vertex -6.75537 -14.283 4
    endloop
  endfacet
  facet normal 0 0 1
    outer loop
      vertex -5.32286 -14.8764 4
      vertex -6.80517 -19.0192 4
      vertex -5.86375 -19.3302 4
    endloop
  endfacet
  facet normal 0 0 1
    outer loop
      vertex -8.63661 -18.2606 4
      vertex -6.75537 -14.283 4
      vertex -7.44807 -13.9344 4
    endloop
  endfacet
  facet normal 0 0 1
    outer loop
      vertex -6.0464 -14.5973 4
      vertex -7.7302 -18.6624 4
      vertex -6.80517 -19.0192 4
    endloop
  endfacet
  facet normal 0 0 1
    outer loop
      vertex -9.52221 -17.8148 4
      vertex -7.44807 -13.9344 4
      vertex -8.12282 -13.5521 4
    endloop
  endfacet
  facet normal 0 0 1
    outer loop
      vertex -6.75537 -14.283 4
      vertex -8.63661 -18.2606 4
      vertex -7.7302 -18.6624 4
    endloop
  endfacet
  facet normal 0 0 1
    outer loop
      vertex -10.3849 -17.3261 4
      vertex -8.12282 -13.5521 4
      vertex -8.77801 -13.1372 4
    endloop
  endfacet
  facet normal 0 0 1
    outer loop
      vertex -11.2225 -16.7957 4
      vertex -8.77801 -13.1372 4
      vertex -9.41205 -12.6907 4
    endloop
  endfacet
  facet normal 0 0 1
    outer loop
      vertex -7.44807 -13.9344 4
      vertex -9.52221 -17.8148 4
      vertex -8.63661 -18.2606 4
    endloop
  endfacet
  facet normal 0 0 1
    outer loop
      vertex -12.0331 -16.2248 4
      vertex -9.41205 -12.6907 4
      vertex -10.0234 -12.2136 4
    endloop
  endfacet
  facet normal 0 0 1
    outer loop
      vertex -8.12282 -13.5521 4
      vertex -10.3849 -17.3261 4
      vertex -9.52221 -17.8148 4
    endloop
  endfacet
  facet normal 0 0 1
    outer loop
      vertex -12.8147 -15.6148 4
      vertex -10.0234 -12.2136 4
      vertex -10.6106 -11.707 4
    endloop
  endfacet
  facet normal 0 0 1
    outer loop
      vertex -13.5655 -14.9672 4
      vertex -10.6106 -11.707 4
      vertex -11.1723 -11.1723 4
    endloop
  endfacet
  facet normal 0 0 1
    outer loop
      vertex -8.77801 -13.1372 4
      vertex -11.2225 -16.7957 4
      vertex -10.3849 -17.3261 4
    endloop
  endfacet
  facet normal 0 0 1
    outer loop
      vertex -14.2836 -14.2836 4
      vertex -11.1723 -11.1723 4
      vertex -11.707 -10.6106 4
    endloop
  endfacet
  facet normal 0 0 1
    outer loop
      vertex -9.41205 -12.6907 4
      vertex -12.0331 -16.2248 4
      vertex -11.2225 -16.7957 4
    endloop
  endfacet
  facet normal 0 0 1
    outer loop
      vertex -14.9672 -13.5655 4
      vertex -11.707 -10.6106 4
      vertex -12.2136 -10.0234 4
    endloop
  endfacet
  facet normal 0 0 1
    outer loop
      vertex -15.6148 -12.8147 4
      vertex -12.2136 -10.0234 4
      vertex -12.6907 -9.41205 4
    endloop
  endfacet
  facet normal 0 0 1
    outer loop
      vertex -10.0234 -12.2136 4
      vertex -12.8147 -15.6148 4
      vertex -12.0331 -16.2248 4
    endloop
  endfacet
  facet normal 0 0 1
    outer loop
      vertex -16.2248 -12.0331 4
      vertex -12.6907 -9.41205 4
      vertex -13.1372 -8.77801 4
    endloop
  endfacet
  facet normal 0 0 1
    outer loop
      vertex -16.7957 -11.2225 4
      vertex -13.1372 -8.77801 4
      vertex -13.5521 -8.12282 4
    endloop
  endfacet
  facet normal 0 0 1
    outer loop
      vertex -10.6106 -11.707 4
      vertex -13.5655 -14.9672 4
      vertex -12.8147 -15.6148 4
    endloop
  endfacet
  facet normal 0 0 1
    outer loop
      vertex -17.3261 -10.3849 4
      vertex -13.5521 -8.12282 4
      vertex -13.9344 -7.44807 4
    endloop
  endfacet
  facet normal 0 0 1
    outer loop
      vertex -17.8148 -9.52221 4
      vertex -13.9344 -7.44807 4
      vertex -14.283 -6.75537 4
    endloop
  endfacet
  facet normal 0 0 1
    outer loop
      vertex -11.1723 -11.1723 4
      vertex -14.2836 -14.2836 4
      vertex -13.5655 -14.9672 4
    endloop
  endfacet
  facet normal 0 0 1
    outer loop
      vertex -18.2606 -8.63661 4
      vertex -14.283 -6.75537 4
      vertex -14.5973 -6.0464 4
    endloop
  endfacet
  facet normal 0 0 1
    outer loop
      vertex -18.6624 -7.7302 4
      vertex -14.5973 -6.0464 4
      vertex -14.8764 -5.32286 4
    endloop
  endfacet
  facet normal 0 0 1
    outer loop
      vertex -11.707 -10.6106 4
      vertex -14.9672 -13.5655 4
      vertex -14.2836 -14.2836 4
    endloop
  endfacet
  facet normal 0 0 1
    outer loop
      vertex -19.0192 -6.80517 4
      vertex -14.8764 -5.32286 4
      vertex -15.1197 -4.5865 4
    endloop
  endfacet
  facet normal 0 0 1
    outer loop
      vertex -19.3302 -5.86375 4
      vertex -15.1197 -4.5865 4
      vertex -15.3265 -3.83909 4
    endloop
  endfacet
  facet normal 0 0 1
    outer loop
      vertex -19.5946 -4.9082 4
      vertex -15.3265 -3.83909 4
      vertex -15.4964 -3.08243 4
    endloop
  endfacet
  facet normal 0 0 1
    outer loop
      vertex -12.2136 -10.0234 4
      vertex -15.6148 -12.8147 4
      vertex -14.9672 -13.5655 4
    endloop
  endfacet
  facet normal 0 0 1
    outer loop
      vertex -19.8119 -3.94082 4
      vertex -15.4964 -3.08243 4
      vertex -15.629 -2.31834 4
    endloop
  endfacet
  facet normal 0 0 1
    outer loop
      vertex -19.9814 -2.96395 4
      vertex -15.629 -2.31834 4
      vertex -15.7239 -1.54867 4
    endloop
  endfacet
  facet normal 0 0 1
    outer loop
      vertex -20.1027 -1.97995 4
      vertex -15.7239 -1.54867 4
      vertex -15.781 -0.775269 4
    endloop
  endfacet
  facet normal 0 0 1
    outer loop
      vertex -20.1757 -0.991166 4
      vertex -15.781 -0.775269 4
      vertex -15.8 0 4
    endloop
  endfacet
  facet normal -0 0 1
    outer loop
      vertex -19.3302 5.86375 4
      vertex -15.1197 4.5865 4
      vertex -19.0192 6.80517 4
    endloop
  endfacet
  facet normal 0 0 1
    outer loop
      vertex -12.6907 -9.41205 4
      vertex -16.2248 -12.0331 4
      vertex -15.6148 -12.8147 4
    endloop
  endfacet
  facet normal 0 0 1
    outer loop
      vertex -15.1197 4.5865 4
      vertex -19.3302 5.86375 4
      vertex -15.3265 3.83909 4
    endloop
  endfacet
  facet normal 0 0 1
    outer loop
      vertex -13.1372 -8.77801 4
      vertex -16.7957 -11.2225 4
      vertex -16.2248 -12.0331 4
    endloop
  endfacet
  facet normal -0 0 1
    outer loop
      vertex -19.5946 4.9082 4
      vertex -15.3265 3.83909 4
      vertex -19.3302 5.86375 4
    endloop
  endfacet
  facet normal 0 0 1
    outer loop
      vertex -13.5521 -8.12282 4
      vertex -17.3261 -10.3849 4
      vertex -16.7957 -11.2225 4
    endloop
  endfacet
  facet normal 0 0 1
    outer loop
      vertex -15.3265 3.83909 4
      vertex -19.5946 4.9082 4
      vertex -15.4964 3.08243 4
    endloop
  endfacet
  facet normal 0 0 1
    outer loop
      vertex -13.9344 -7.44807 4
      vertex -17.8148 -9.52221 4
      vertex -17.3261 -10.3849 4
    endloop
  endfacet
  facet normal -0 0 1
    outer loop
      vertex -19.8119 3.94082 4
      vertex -15.4964 3.08243 4
      vertex -19.5946 4.9082 4
    endloop
  endfacet
  facet normal 0 0 1
    outer loop
      vertex -14.283 -6.75537 4
      vertex -18.2606 -8.63661 4
      vertex -17.8148 -9.52221 4
    endloop
  endfacet
  facet normal 0 0 1
    outer loop
      vertex -15.4964 3.08243 4
      vertex -19.8119 3.94082 4
      vertex -15.629 2.31834 4
    endloop
  endfacet
  facet normal 0 0 1
    outer loop
      vertex -14.5973 -6.0464 4
      vertex -18.6624 -7.7302 4
      vertex -18.2606 -8.63661 4
    endloop
  endfacet
  facet normal -0 0 1
    outer loop
      vertex -19.9814 2.96395 4
      vertex -15.629 2.31834 4
      vertex -19.8119 3.94082 4
    endloop
  endfacet
  facet normal 0 0 1
    outer loop
      vertex -14.8764 -5.32286 4
      vertex -19.0192 -6.80517 4
      vertex -18.6624 -7.7302 4
    endloop
  endfacet
  facet normal 0 0 1
    outer loop
      vertex -15.629 2.31834 4
      vertex -19.9814 2.96395 4
      vertex -15.7239 1.54867 4
    endloop
  endfacet
  facet normal 0 0 1
    outer loop
      vertex -15.1197 -4.5865 4
      vertex -19.3302 -5.86375 4
      vertex -19.0192 -6.80517 4
    endloop
  endfacet
  facet normal -0 0 1
    outer loop
      vertex -20.1027 1.97995 4
      vertex -15.7239 1.54867 4
      vertex -19.9814 2.96395 4
    endloop
  endfacet
  facet normal 0 0 1
    outer loop
      vertex -15.3265 -3.83909 4
      vertex -19.5946 -4.9082 4
      vertex -19.3302 -5.86375 4
    endloop
  endfacet
  facet normal 0 0 1
    outer loop
      vertex -15.7239 1.54867 4
      vertex -20.1027 1.97995 4
      vertex -15.781 0.775269 4
    endloop
  endfacet
  facet normal 0 0 1
    outer loop
      vertex -15.4964 -3.08243 4
      vertex -19.8119 -3.94082 4
      vertex -19.5946 -4.9082 4
    endloop
  endfacet
  facet normal -0 0 1
    outer loop
      vertex -20.1757 0.991166 4
      vertex -15.781 0.775269 4
      vertex -20.1027 1.97995 4
    endloop
  endfacet
  facet normal 0 0 1
    outer loop
      vertex -15.629 -2.31834 4
      vertex -19.9814 -2.96395 4
      vertex -19.8119 -3.94082 4
    endloop
  endfacet
  facet normal 0 0 1
    outer loop
      vertex -15.781 0.775269 4
      vertex -20.1757 0.991166 4
      vertex -15.8 0 4
    endloop
  endfacet
  facet normal 0 0 1
    outer loop
      vertex -15.7239 -1.54867 4
      vertex -20.1027 -1.97995 4
      vertex -19.9814 -2.96395 4
    endloop
  endfacet
  facet normal 0 0 1
    outer loop
      vertex -20.2 0 4
      vertex -15.8 0 4
      vertex -20.1757 0.991166 4
    endloop
  endfacet
  facet normal 0 0 1
    outer loop
      vertex -15.781 -0.775269 4
      vertex -20.1757 -0.991166 4
      vertex -20.1027 -1.97995 4
    endloop
  endfacet
  facet normal 0 0 1
    outer loop
      vertex -15.8 0 4
      vertex -20.2 0 4
      vertex -20.1757 -0.991166 4
    endloop
  endfacet
  facet normal 0.155 0.690031 0.706988
    outer loop
      vertex 4.0969 20.5965 3.2
      vertex 3.94082 19.8119 4
      vertex 4.9082 19.5946 4
    endloop
  endfacet
  facet normal 0.188671 0.68155 0.707031
    outer loop
      vertex 5.10258 20.3707 3.2
      vertex 4.9082 19.5946 4
      vertex 6.09598 20.0957 3.2
    endloop
  endfacet
  facet normal -0.4619 -0.535507 0.707022
    outer loop
      vertex -12.8147 -15.6148 4
      vertex -13.5655 -14.9672 4
      vertex -13.3223 -16.2332 3.2
    endloop
  endfacet
  facet normal 0.221845 0.67154 0.706979
    outer loop
      vertex 6.09598 20.0957 3.2
      vertex 5.86375 19.3302 4
      vertex 6.80517 19.0192 4
    endloop
  endfacet
  facet normal -0.81761 0.575773 0
    outer loop
      vertex -13.1372 8.77801 4
      vertex -12.6907 9.41205 42
      vertex -12.6907 9.41205 4
    endloop
  endfacet
  facet normal -0.81761 0.575773 0
    outer loop
      vertex -12.6907 9.41205 42
      vertex -13.1372 8.77801 4
      vertex -13.1372 8.77801 42
    endloop
  endfacet
  facet normal 0.997286 0.0736293 0
    outer loop
      vertex 15.781 0.775269 42
      vertex 15.7239 1.54867 4
      vertex 15.7239 1.54867 42
    endloop
  endfacet
  facet normal 0.997286 0.0736293 0
    outer loop
      vertex 15.7239 1.54867 4
      vertex 15.781 0.775269 42
      vertex 15.781 0.775269 4
    endloop
  endfacet
  facet normal 0.9997 0.0245003 0
    outer loop
      vertex 15.8 0 42
      vertex 15.781 0.775269 4
      vertex 15.781 0.775269 42
    endloop
  endfacet
  facet normal 0.9997 0.0245003 0
    outer loop
      vertex 15.781 0.775269 4
      vertex 15.8 0 42
      vertex 15.8 0 4
    endloop
  endfacet
  facet normal 0.992484 0.122373 0
    outer loop
      vertex 15.7239 1.54867 42
      vertex 15.629 2.31834 4
      vertex 15.629 2.31834 42
    endloop
  endfacet
  facet normal 0.992484 0.122373 0
    outer loop
      vertex 15.629 2.31834 4
      vertex 15.7239 1.54867 42
      vertex 15.7239 1.54867 4
    endloop
  endfacet
  facet normal 0.170984 -0.985274 0
    outer loop
      vertex 2.31834 -15.629 4
      vertex 3.08243 -15.4964 42
      vertex 2.31834 -15.629 42
    endloop
  endfacet
  facet normal 0.170984 -0.985274 0
    outer loop
      vertex 3.08243 -15.4964 42
      vertex 2.31834 -15.629 4
      vertex 3.08243 -15.4964 4
    endloop
  endfacet
  facet normal -0.313728 -0.949513 0
    outer loop
      vertex -5.32286 -14.8764 4
      vertex -4.5865 -15.1197 42
      vertex -5.32286 -14.8764 42
    endloop
  endfacet
  facet normal -0.313728 -0.949513 -0
    outer loop
      vertex -4.5865 -15.1197 42
      vertex -5.32286 -14.8764 4
      vertex -4.5865 -15.1197 4
    endloop
  endfacet
  facet normal -0.870054 -0.492956 0
    outer loop
      vertex -13.5521 -8.12282 4
      vertex -13.9344 -7.44807 42
      vertex -13.9344 -7.44807 4
    endloop
  endfacet
  facet normal -0.870054 -0.492956 0
    outer loop
      vertex -13.9344 -7.44807 42
      vertex -13.5521 -8.12282 4
      vertex -13.5521 -8.12282 42
    endloop
  endfacet
  facet normal 0.219084 -0.975706 0
    outer loop
      vertex 3.08243 -15.4964 4
      vertex 3.83909 -15.3265 42
      vertex 3.08243 -15.4964 42
    endloop
  endfacet
  facet normal 0.219084 -0.975706 0
    outer loop
      vertex 3.83909 -15.3265 42
      vertex 3.08243 -15.4964 4
      vertex 3.83909 -15.3265 4
    endloop
  endfacet
  facet normal -0.449533 0.893264 0
    outer loop
      vertex -6.75537 14.283 4
      vertex -7.44807 13.9344 42
      vertex -6.75537 14.283 42
    endloop
  endfacet
  facet normal -0.449533 0.893264 0
    outer loop
      vertex -7.44807 13.9344 42
      vertex -6.75537 14.283 4
      vertex -7.44807 13.9344 4
    endloop
  endfacet
  facet normal -0.359895 -0.932993 0
    outer loop
      vertex -6.0464 -14.5973 4
      vertex -5.32286 -14.8764 42
      vertex -6.0464 -14.5973 42
    endloop
  endfacet
  facet normal -0.359895 -0.932993 -0
    outer loop
      vertex -5.32286 -14.8764 42
      vertex -6.0464 -14.5973 4
      vertex -5.32286 -14.8764 4
    endloop
  endfacet
  facet normal 0.313728 -0.949513 0
    outer loop
      vertex 4.5865 -15.1197 4
      vertex 5.32286 -14.8764 42
      vertex 4.5865 -15.1197 42
    endloop
  endfacet
  facet normal 0.313728 -0.949513 0
    outer loop
      vertex 5.32286 -14.8764 42
      vertex 4.5865 -15.1197 4
      vertex 5.32286 -14.8764 4
    endloop
  endfacet
  facet normal -0.266669 -0.963788 0
    outer loop
      vertex -4.5865 -15.1197 4
      vertex -3.83909 -15.3265 42
      vertex -4.5865 -15.1197 42
    endloop
  endfacet
  facet normal -0.266669 -0.963788 -0
    outer loop
      vertex -3.83909 -15.3265 42
      vertex -4.5865 -15.1197 4
      vertex -3.83909 -15.3265 4
    endloop
  endfacet
  facet normal 0.65323 -0.757159 0
    outer loop
      vertex 10.0234 -12.2136 4
      vertex 10.6106 -11.707 42
      vertex 10.0234 -12.2136 42
    endloop
  endfacet
  facet normal 0.65323 -0.757159 0
    outer loop
      vertex 10.6106 -11.707 42
      vertex 10.0234 -12.2136 4
      vertex 10.6106 -11.707 4
    endloop
  endfacet
  facet normal 0.449533 -0.893264 0
    outer loop
      vertex 6.75537 -14.283 4
      vertex 7.44807 -13.9344 42
      vertex 6.75537 -14.283 42
    endloop
  endfacet
  facet normal 0.449533 -0.893264 0
    outer loop
      vertex 7.44807 -13.9344 42
      vertex 6.75537 -14.283 4
      vertex 7.44807 -13.9344 4
    endloop
  endfacet
  facet normal 0.359895 -0.932993 0
    outer loop
      vertex 5.32286 -14.8764 4
      vertex 6.0464 -14.5973 42
      vertex 5.32286 -14.8764 42
    endloop
  endfacet
  facet normal 0.359895 -0.932993 0
    outer loop
      vertex 6.0464 -14.5973 42
      vertex 5.32286 -14.8764 4
      vertex 6.0464 -14.5973 4
    endloop
  endfacet
  facet normal -0.0736293 0.997286 0
    outer loop
      vertex -0.775269 15.781 4
      vertex -1.54867 15.7239 42
      vertex -0.775269 15.781 42
    endloop
  endfacet
  facet normal -0.0736293 0.997286 0
    outer loop
      vertex -1.54867 15.7239 42
      vertex -0.775269 15.781 4
      vertex -1.54867 15.7239 4
    endloop
  endfacet
  facet normal -0.0245003 0.9997 0
    outer loop
      vertex 0 15.8 4
      vertex -0.775269 15.781 42
      vertex 0 15.8 42
    endloop
  endfacet
  facet normal -0.0245003 0.9997 0
    outer loop
      vertex -0.775269 15.781 42
      vertex 0 15.8 4
      vertex -0.775269 15.781 4
    endloop
  endfacet
  facet normal 0.0245003 -0.9997 0
    outer loop
      vertex 0 -15.8 4
      vertex 0.775269 -15.781 42
      vertex 0 -15.8 42
    endloop
  endfacet
  facet normal 0.0245003 -0.9997 0
    outer loop
      vertex 0.775269 -15.781 42
      vertex 0 -15.8 4
      vertex 0.775269 -15.781 4
    endloop
  endfacet
  facet normal -0.359895 0.932993 0
    outer loop
      vertex -5.32286 14.8764 4
      vertex -6.0464 14.5973 42
      vertex -5.32286 14.8764 42
    endloop
  endfacet
  facet normal -0.359895 0.932993 0
    outer loop
      vertex -6.0464 14.5973 42
      vertex -5.32286 14.8764 4
      vertex -6.0464 14.5973 4
    endloop
  endfacet
  facet normal -0.405279 -0.914193 0
    outer loop
      vertex -6.75537 -14.283 4
      vertex -6.0464 -14.5973 42
      vertex -6.75537 -14.283 42
    endloop
  endfacet
  facet normal -0.405279 -0.914193 -0
    outer loop
      vertex -6.0464 -14.5973 42
      vertex -6.75537 -14.283 4
      vertex -6.0464 -14.5973 4
    endloop
  endfacet
  facet normal -0.992484 0.122373 0
    outer loop
      vertex -15.7239 1.54867 4
      vertex -15.629 2.31834 42
      vertex -15.629 2.31834 4
    endloop
  endfacet
  facet normal -0.992484 0.122373 0
    outer loop
      vertex -15.629 2.31834 42
      vertex -15.7239 1.54867 4
      vertex -15.7239 1.54867 42
    endloop
  endfacet
  facet normal -0.870054 0.492956 0
    outer loop
      vertex -13.9344 7.44807 4
      vertex -13.5521 8.12282 42
      vertex -13.5521 8.12282 4
    endloop
  endfacet
  facet normal -0.870054 0.492956 0
    outer loop
      vertex -13.5521 8.12282 42
      vertex -13.9344 7.44807 4
      vertex -13.9344 7.44807 42
    endloop
  endfacet
  facet normal 0.893264 -0.449533 0
    outer loop
      vertex 13.9344 -7.44807 42
      vertex 14.283 -6.75537 4
      vertex 14.283 -6.75537 42
    endloop
  endfacet
  facet normal 0.893264 -0.449533 0
    outer loop
      vertex 14.283 -6.75537 4
      vertex 13.9344 -7.44807 42
      vertex 13.9344 -7.44807 4
    endloop
  endfacet
  facet normal 0.788348 0.61523 0
    outer loop
      vertex 12.6907 9.41205 42
      vertex 12.2136 10.0234 4
      vertex 12.2136 10.0234 42
    endloop
  endfacet
  facet normal 0.788348 0.61523 0
    outer loop
      vertex 12.2136 10.0234 4
      vertex 12.6907 9.41205 42
      vertex 12.6907 9.41205 4
    endloop
  endfacet
  facet normal 0.870054 -0.492956 0
    outer loop
      vertex 13.5521 -8.12282 42
      vertex 13.9344 -7.44807 4
      vertex 13.9344 -7.44807 42
    endloop
  endfacet
  facet normal 0.870054 -0.492956 0
    outer loop
      vertex 13.9344 -7.44807 4
      vertex 13.5521 -8.12282 42
      vertex 13.5521 -8.12282 4
    endloop
  endfacet
  facet normal 0.893264 0.449533 0
    outer loop
      vertex 14.283 6.75537 42
      vertex 13.9344 7.44807 4
      vertex 13.9344 7.44807 42
    endloop
  endfacet
  facet normal 0.893264 0.449533 0
    outer loop
      vertex 13.9344 7.44807 4
      vertex 14.283 6.75537 42
      vertex 14.283 6.75537 4
    endloop
  endfacet
  facet normal -0.757159 -0.65323 0
    outer loop
      vertex -11.707 -10.6106 4
      vertex -12.2136 -10.0234 42
      vertex -12.2136 -10.0234 4
    endloop
  endfacet
  facet normal -0.757159 -0.65323 0
    outer loop
      vertex -12.2136 -10.0234 42
      vertex -11.707 -10.6106 4
      vertex -11.707 -10.6106 42
    endloop
  endfacet
  facet normal 0.81761 0.575773 0
    outer loop
      vertex 13.1372 8.77801 42
      vertex 12.6907 9.41205 4
      vertex 12.6907 9.41205 42
    endloop
  endfacet
  facet normal 0.81761 0.575773 0
    outer loop
      vertex 12.6907 9.41205 4
      vertex 13.1372 8.77801 42
      vertex 13.1372 8.77801 4
    endloop
  endfacet
  facet normal -0.985274 -0.170984 0
    outer loop
      vertex -15.4964 -3.08243 4
      vertex -15.629 -2.31834 42
      vertex -15.629 -2.31834 4
    endloop
  endfacet
  facet normal -0.985274 -0.170984 0
    outer loop
      vertex -15.629 -2.31834 42
      vertex -15.4964 -3.08243 4
      vertex -15.4964 -3.08243 42
    endloop
  endfacet
  facet normal 0.122373 -0.992484 0
    outer loop
      vertex 1.54867 -15.7239 4
      vertex 2.31834 -15.629 42
      vertex 1.54867 -15.7239 42
    endloop
  endfacet
  facet normal 0.122373 -0.992484 0
    outer loop
      vertex 2.31834 -15.629 42
      vertex 1.54867 -15.7239 4
      vertex 2.31834 -15.629 4
    endloop
  endfacet
  facet normal -0.788348 0.61523 0
    outer loop
      vertex -12.6907 9.41205 4
      vertex -12.2136 10.0234 42
      vertex -12.2136 10.0234 4
    endloop
  endfacet
  facet normal -0.788348 0.61523 0
    outer loop
      vertex -12.2136 10.0234 42
      vertex -12.6907 9.41205 4
      vertex -12.6907 9.41205 42
    endloop
  endfacet
  facet normal 0.61523 0.788348 -0
    outer loop
      vertex 10.0234 12.2136 4
      vertex 9.41205 12.6907 42
      vertex 10.0234 12.2136 42
    endloop
  endfacet
  facet normal 0.61523 0.788348 0
    outer loop
      vertex 9.41205 12.6907 42
      vertex 10.0234 12.2136 4
      vertex 9.41205 12.6907 4
    endloop
  endfacet
  facet normal 0.219084 0.975706 -0
    outer loop
      vertex 3.83909 15.3265 4
      vertex 3.08243 15.4964 42
      vertex 3.83909 15.3265 42
    endloop
  endfacet
  facet normal 0.219084 0.975706 0
    outer loop
      vertex 3.08243 15.4964 42
      vertex 3.83909 15.3265 4
      vertex 3.08243 15.4964 4
    endloop
  endfacet
  facet normal -0.689485 0.7243 0
    outer loop
      vertex -10.6106 11.707 4
      vertex -11.1723 11.1723 42
      vertex -10.6106 11.707 42
    endloop
  endfacet
  facet normal -0.689485 0.7243 0
    outer loop
      vertex -11.1723 11.1723 42
      vertex -10.6106 11.707 4
      vertex -11.1723 11.1723 4
    endloop
  endfacet
  facet normal -0.975706 -0.219084 0
    outer loop
      vertex -15.3265 -3.83909 4
      vertex -15.4964 -3.08243 42
      vertex -15.4964 -3.08243 4
    endloop
  endfacet
  facet normal -0.975706 -0.219084 0
    outer loop
      vertex -15.4964 -3.08243 42
      vertex -15.3265 -3.83909 4
      vertex -15.3265 -3.83909 42
    endloop
  endfacet
  facet normal 0.932993 0.359895 0
    outer loop
      vertex 14.8764 5.32286 42
      vertex 14.5973 6.0464 4
      vertex 14.5973 6.0464 42
    endloop
  endfacet
  facet normal 0.932993 0.359895 0
    outer loop
      vertex 14.5973 6.0464 4
      vertex 14.8764 5.32286 42
      vertex 14.8764 5.32286 4
    endloop
  endfacet
  facet normal 0.7243 0.689485 0
    outer loop
      vertex 11.707 10.6106 42
      vertex 11.1723 11.1723 4
      vertex 11.1723 11.1723 42
    endloop
  endfacet
  facet normal 0.7243 0.689485 0
    outer loop
      vertex 11.1723 11.1723 4
      vertex 11.707 10.6106 42
      vertex 11.707 10.6106 4
    endloop
  endfacet
  facet normal 0.575773 -0.81761 0
    outer loop
      vertex 8.77801 -13.1372 4
      vertex 9.41205 -12.6907 42
      vertex 8.77801 -13.1372 42
    endloop
  endfacet
  facet normal 0.575773 -0.81761 0
    outer loop
      vertex 9.41205 -12.6907 42
      vertex 8.77801 -13.1372 4
      vertex 9.41205 -12.6907 4
    endloop
  endfacet
  facet normal -0.313728 0.949513 0
    outer loop
      vertex -4.5865 15.1197 4
      vertex -5.32286 14.8764 42
      vertex -4.5865 15.1197 42
    endloop
  endfacet
  facet normal -0.313728 0.949513 0
    outer loop
      vertex -5.32286 14.8764 42
      vertex -4.5865 15.1197 4
      vertex -5.32286 14.8764 4
    endloop
  endfacet
  facet normal -0.84485 0.535003 0
    outer loop
      vertex -13.5521 8.12282 4
      vertex -13.1372 8.77801 42
      vertex -13.1372 8.77801 4
    endloop
  endfacet
  facet normal -0.84485 0.535003 0
    outer loop
      vertex -13.1372 8.77801 42
      vertex -13.5521 8.12282 4
      vertex -13.5521 8.12282 42
    endloop
  endfacet
  facet normal -0.219084 0.975706 0
    outer loop
      vertex -3.08243 15.4964 4
      vertex -3.83909 15.3265 42
      vertex -3.08243 15.4964 42
    endloop
  endfacet
  facet normal -0.219084 0.975706 0
    outer loop
      vertex -3.83909 15.3265 42
      vertex -3.08243 15.4964 4
      vertex -3.83909 15.3265 4
    endloop
  endfacet
  facet normal 0.7243 -0.689485 0
    outer loop
      vertex 11.1723 -11.1723 42
      vertex 11.707 -10.6106 4
      vertex 11.707 -10.6106 42
    endloop
  endfacet
  facet normal 0.7243 -0.689485 0
    outer loop
      vertex 11.707 -10.6106 4
      vertex 11.1723 -11.1723 42
      vertex 11.1723 -11.1723 4
    endloop
  endfacet
  facet normal 0.492956 0.870054 -0
    outer loop
      vertex 8.12282 13.5521 4
      vertex 7.44807 13.9344 42
      vertex 8.12282 13.5521 42
    endloop
  endfacet
  facet normal 0.492956 0.870054 0
    outer loop
      vertex 7.44807 13.9344 42
      vertex 8.12282 13.5521 4
      vertex 7.44807 13.9344 4
    endloop
  endfacet
  facet normal 0.975706 0.219084 0
    outer loop
      vertex 15.4964 3.08243 42
      vertex 15.3265 3.83909 4
      vertex 15.3265 3.83909 42
    endloop
  endfacet
  facet normal 0.975706 0.219084 0
    outer loop
      vertex 15.3265 3.83909 4
      vertex 15.4964 3.08243 42
      vertex 15.4964 3.08243 4
    endloop
  endfacet
  facet normal 0.0736293 -0.997286 0
    outer loop
      vertex 0.775269 -15.781 4
      vertex 1.54867 -15.7239 42
      vertex 0.775269 -15.781 42
    endloop
  endfacet
  facet normal 0.0736293 -0.997286 0
    outer loop
      vertex 1.54867 -15.7239 42
      vertex 0.775269 -15.781 4
      vertex 1.54867 -15.7239 4
    endloop
  endfacet
  facet normal 0.535003 -0.84485 0
    outer loop
      vertex 8.12282 -13.5521 4
      vertex 8.77801 -13.1372 42
      vertex 8.12282 -13.5521 42
    endloop
  endfacet
  facet normal 0.535003 -0.84485 0
    outer loop
      vertex 8.77801 -13.1372 42
      vertex 8.12282 -13.5521 4
      vertex 8.77801 -13.1372 4
    endloop
  endfacet
  facet normal -0.405279 0.914193 0
    outer loop
      vertex -6.0464 14.5973 4
      vertex -6.75537 14.283 42
      vertex -6.0464 14.5973 42
    endloop
  endfacet
  facet normal -0.405279 0.914193 0
    outer loop
      vertex -6.75537 14.283 42
      vertex -6.0464 14.5973 4
      vertex -6.75537 14.283 4
    endloop
  endfacet
  facet normal 0.914193 0.405279 0
    outer loop
      vertex 14.5973 6.0464 42
      vertex 14.283 6.75537 4
      vertex 14.283 6.75537 42
    endloop
  endfacet
  facet normal 0.914193 0.405279 0
    outer loop
      vertex 14.283 6.75537 4
      vertex 14.5973 6.0464 42
      vertex 14.5973 6.0464 4
    endloop
  endfacet
  facet normal -0.949513 -0.313728 0
    outer loop
      vertex -14.8764 -5.32286 4
      vertex -15.1197 -4.5865 42
      vertex -15.1197 -4.5865 4
    endloop
  endfacet
  facet normal -0.949513 -0.313728 0
    outer loop
      vertex -15.1197 -4.5865 42
      vertex -14.8764 -5.32286 4
      vertex -14.8764 -5.32286 42
    endloop
  endfacet
  facet normal 0.975706 -0.219084 0
    outer loop
      vertex 15.3265 -3.83909 42
      vertex 15.4964 -3.08243 4
      vertex 15.4964 -3.08243 42
    endloop
  endfacet
  facet normal 0.975706 -0.219084 0
    outer loop
      vertex 15.4964 -3.08243 4
      vertex 15.3265 -3.83909 42
      vertex 15.3265 -3.83909 4
    endloop
  endfacet
  facet normal 0.689485 0.7243 -0
    outer loop
      vertex 11.1723 11.1723 4
      vertex 10.6106 11.707 42
      vertex 11.1723 11.1723 42
    endloop
  endfacet
  facet normal 0.689485 0.7243 0
    outer loop
      vertex 10.6106 11.707 42
      vertex 11.1723 11.1723 4
      vertex 10.6106 11.707 4
    endloop
  endfacet
  facet normal 0.992484 -0.122373 0
    outer loop
      vertex 15.629 -2.31834 42
      vertex 15.7239 -1.54867 4
      vertex 15.7239 -1.54867 42
    endloop
  endfacet
  facet normal 0.992484 -0.122373 0
    outer loop
      vertex 15.7239 -1.54867 4
      vertex 15.629 -2.31834 42
      vertex 15.629 -2.31834 4
    endloop
  endfacet
  facet normal 0.9997 -0.0245003 0
    outer loop
      vertex 15.781 -0.775269 42
      vertex 15.8 0 4
      vertex 15.8 0 42
    endloop
  endfacet
  facet normal 0.9997 -0.0245003 0
    outer loop
      vertex 15.8 0 4
      vertex 15.781 -0.775269 42
      vertex 15.781 -0.775269 4
    endloop
  endfacet
  facet normal -0.492956 0.870054 0
    outer loop
      vertex -7.44807 13.9344 4
      vertex -8.12282 13.5521 42
      vertex -7.44807 13.9344 42
    endloop
  endfacet
  facet normal -0.492956 0.870054 0
    outer loop
      vertex -8.12282 13.5521 42
      vertex -7.44807 13.9344 4
      vertex -8.12282 13.5521 4
    endloop
  endfacet
  facet normal 0.359895 0.932993 -0
    outer loop
      vertex 6.0464 14.5973 4
      vertex 5.32286 14.8764 42
      vertex 6.0464 14.5973 42
    endloop
  endfacet
  facet normal 0.359895 0.932993 0
    outer loop
      vertex 5.32286 14.8764 42
      vertex 6.0464 14.5973 4
      vertex 5.32286 14.8764 4
    endloop
  endfacet
  facet normal 0.0736293 0.997286 -0
    outer loop
      vertex 1.54867 15.7239 4
      vertex 0.775269 15.781 42
      vertex 1.54867 15.7239 42
    endloop
  endfacet
  facet normal 0.0736293 0.997286 0
    outer loop
      vertex 0.775269 15.781 42
      vertex 1.54867 15.7239 4
      vertex 0.775269 15.781 4
    endloop
  endfacet
  facet normal -0.65323 -0.757159 0
    outer loop
      vertex -10.6106 -11.707 4
      vertex -10.0234 -12.2136 42
      vertex -10.6106 -11.707 42
    endloop
  endfacet
  facet normal -0.65323 -0.757159 -0
    outer loop
      vertex -10.0234 -12.2136 42
      vertex -10.6106 -11.707 4
      vertex -10.0234 -12.2136 4
    endloop
  endfacet
  facet normal -0.219084 -0.975706 0
    outer loop
      vertex -3.83909 -15.3265 4
      vertex -3.08243 -15.4964 42
      vertex -3.83909 -15.3265 42
    endloop
  endfacet
  facet normal -0.219084 -0.975706 -0
    outer loop
      vertex -3.08243 -15.4964 42
      vertex -3.83909 -15.3265 4
      vertex -3.08243 -15.4964 4
    endloop
  endfacet
  facet normal 0.997286 -0.0736293 0
    outer loop
      vertex 15.7239 -1.54867 42
      vertex 15.781 -0.775269 4
      vertex 15.781 -0.775269 42
    endloop
  endfacet
  facet normal 0.997286 -0.0736293 0
    outer loop
      vertex 15.781 -0.775269 4
      vertex 15.7239 -1.54867 42
      vertex 15.7239 -1.54867 4
    endloop
  endfacet
  facet normal -0.757159 0.65323 0
    outer loop
      vertex -12.2136 10.0234 4
      vertex -11.707 10.6106 42
      vertex -11.707 10.6106 4
    endloop
  endfacet
  facet normal -0.757159 0.65323 0
    outer loop
      vertex -11.707 10.6106 42
      vertex -12.2136 10.0234 4
      vertex -12.2136 10.0234 42
    endloop
  endfacet
  facet normal 0.985274 0.170984 0
    outer loop
      vertex 15.629 2.31834 42
      vertex 15.4964 3.08243 4
      vertex 15.4964 3.08243 42
    endloop
  endfacet
  facet normal 0.985274 0.170984 0
    outer loop
      vertex 15.4964 3.08243 4
      vertex 15.629 2.31834 42
      vertex 15.629 2.31834 4
    endloop
  endfacet
  facet normal 0.84485 -0.535003 0
    outer loop
      vertex 13.1372 -8.77801 42
      vertex 13.5521 -8.12282 4
      vertex 13.5521 -8.12282 42
    endloop
  endfacet
  facet normal 0.84485 -0.535003 0
    outer loop
      vertex 13.5521 -8.12282 4
      vertex 13.1372 -8.77801 42
      vertex 13.1372 -8.77801 4
    endloop
  endfacet
  facet normal 0.405279 0.914193 -0
    outer loop
      vertex 6.75537 14.283 4
      vertex 6.0464 14.5973 42
      vertex 6.75537 14.283 42
    endloop
  endfacet
  facet normal 0.405279 0.914193 0
    outer loop
      vertex 6.0464 14.5973 42
      vertex 6.75537 14.283 4
      vertex 6.0464 14.5973 4
    endloop
  endfacet
  facet normal 0.65323 0.757159 -0
    outer loop
      vertex 10.6106 11.707 4
      vertex 10.0234 12.2136 42
      vertex 10.6106 11.707 42
    endloop
  endfacet
  facet normal 0.65323 0.757159 0
    outer loop
      vertex 10.0234 12.2136 42
      vertex 10.6106 11.707 4
      vertex 10.0234 12.2136 4
    endloop
  endfacet
  facet normal 0.788348 -0.61523 0
    outer loop
      vertex 12.2136 -10.0234 42
      vertex 12.6907 -9.41205 4
      vertex 12.6907 -9.41205 42
    endloop
  endfacet
  facet normal 0.788348 -0.61523 0
    outer loop
      vertex 12.6907 -9.41205 4
      vertex 12.2136 -10.0234 42
      vertex 12.2136 -10.0234 4
    endloop
  endfacet
  facet normal 0.689485 -0.7243 0
    outer loop
      vertex 10.6106 -11.707 4
      vertex 11.1723 -11.1723 42
      vertex 10.6106 -11.707 42
    endloop
  endfacet
  facet normal 0.689485 -0.7243 0
    outer loop
      vertex 11.1723 -11.1723 42
      vertex 10.6106 -11.707 4
      vertex 11.1723 -11.1723 4
    endloop
  endfacet
  facet normal 0.81761 -0.575773 0
    outer loop
      vertex 12.6907 -9.41205 42
      vertex 13.1372 -8.77801 4
      vertex 13.1372 -8.77801 42
    endloop
  endfacet
  facet normal 0.81761 -0.575773 0
    outer loop
      vertex 13.1372 -8.77801 4
      vertex 12.6907 -9.41205 42
      vertex 12.6907 -9.41205 4
    endloop
  endfacet
  facet normal -0.9997 0.0245003 0
    outer loop
      vertex -15.8 0 4
      vertex -15.781 0.775269 42
      vertex -15.781 0.775269 4
    endloop
  endfacet
  facet normal -0.9997 0.0245003 0
    outer loop
      vertex -15.781 0.775269 42
      vertex -15.8 0 4
      vertex -15.8 0 42
    endloop
  endfacet
  facet normal -0.997286 0.0736293 0
    outer loop
      vertex -15.781 0.775269 4
      vertex -15.7239 1.54867 42
      vertex -15.7239 1.54867 4
    endloop
  endfacet
  facet normal -0.997286 0.0736293 0
    outer loop
      vertex -15.7239 1.54867 42
      vertex -15.781 0.775269 4
      vertex -15.781 0.775269 42
    endloop
  endfacet
  facet normal 0.949513 0.313728 0
    outer loop
      vertex 15.1197 4.5865 42
      vertex 14.8764 5.32286 4
      vertex 14.8764 5.32286 42
    endloop
  endfacet
  facet normal 0.949513 0.313728 0
    outer loop
      vertex 14.8764 5.32286 4
      vertex 15.1197 4.5865 42
      vertex 15.1197 4.5865 4
    endloop
  endfacet
  facet normal 0.963788 -0.266669 0
    outer loop
      vertex 15.1197 -4.5865 42
      vertex 15.3265 -3.83909 4
      vertex 15.3265 -3.83909 42
    endloop
  endfacet
  facet normal 0.963788 -0.266669 0
    outer loop
      vertex 15.3265 -3.83909 4
      vertex 15.1197 -4.5865 42
      vertex 15.1197 -4.5865 4
    endloop
  endfacet
  facet normal -0.985274 0.170984 0
    outer loop
      vertex -15.629 2.31834 4
      vertex -15.4964 3.08243 42
      vertex -15.4964 3.08243 4
    endloop
  endfacet
  facet normal -0.985274 0.170984 0
    outer loop
      vertex -15.4964 3.08243 42
      vertex -15.629 2.31834 4
      vertex -15.629 2.31834 42
    endloop
  endfacet
  facet normal -0.535003 -0.84485 0
    outer loop
      vertex -8.77801 -13.1372 4
      vertex -8.12282 -13.5521 42
      vertex -8.77801 -13.1372 42
    endloop
  endfacet
  facet normal -0.535003 -0.84485 -0
    outer loop
      vertex -8.12282 -13.5521 42
      vertex -8.77801 -13.1372 4
      vertex -8.12282 -13.5521 4
    endloop
  endfacet
  facet normal 0.84485 0.535003 0
    outer loop
      vertex 13.5521 8.12282 42
      vertex 13.1372 8.77801 4
      vertex 13.1372 8.77801 42
    endloop
  endfacet
  facet normal 0.84485 0.535003 0
    outer loop
      vertex 13.1372 8.77801 4
      vertex 13.5521 8.12282 42
      vertex 13.5521 8.12282 4
    endloop
  endfacet
  facet normal 0.405279 -0.914193 0
    outer loop
      vertex 6.0464 -14.5973 4
      vertex 6.75537 -14.283 42
      vertex 6.0464 -14.5973 42
    endloop
  endfacet
  facet normal 0.405279 -0.914193 0
    outer loop
      vertex 6.75537 -14.283 42
      vertex 6.0464 -14.5973 4
      vertex 6.75537 -14.283 4
    endloop
  endfacet
  facet normal 0.870054 0.492956 0
    outer loop
      vertex 13.9344 7.44807 42
      vertex 13.5521 8.12282 4
      vertex 13.5521 8.12282 42
    endloop
  endfacet
  facet normal 0.870054 0.492956 0
    outer loop
      vertex 13.5521 8.12282 4
      vertex 13.9344 7.44807 42
      vertex 13.9344 7.44807 4
    endloop
  endfacet
  facet normal -0.914193 -0.405279 0
    outer loop
      vertex -14.283 -6.75537 4
      vertex -14.5973 -6.0464 42
      vertex -14.5973 -6.0464 4
    endloop
  endfacet
  facet normal -0.914193 -0.405279 0
    outer loop
      vertex -14.5973 -6.0464 42
      vertex -14.283 -6.75537 4
      vertex -14.283 -6.75537 42
    endloop
  endfacet
  facet normal 0.492956 -0.870054 0
    outer loop
      vertex 7.44807 -13.9344 4
      vertex 8.12282 -13.5521 42
      vertex 7.44807 -13.9344 42
    endloop
  endfacet
  facet normal 0.492956 -0.870054 0
    outer loop
      vertex 8.12282 -13.5521 42
      vertex 7.44807 -13.9344 4
      vertex 8.12282 -13.5521 4
    endloop
  endfacet
  facet normal -0.0245003 -0.9997 0
    outer loop
      vertex -0.775269 -15.781 4
      vertex 0 -15.8 42
      vertex -0.775269 -15.781 42
    endloop
  endfacet
  facet normal -0.0245003 -0.9997 -0
    outer loop
      vertex 0 -15.8 42
      vertex -0.775269 -15.781 4
      vertex 0 -15.8 4
    endloop
  endfacet
  facet normal 0.535003 0.84485 -0
    outer loop
      vertex 8.77801 13.1372 4
      vertex 8.12282 13.5521 42
      vertex 8.77801 13.1372 42
    endloop
  endfacet
  facet normal 0.535003 0.84485 0
    outer loop
      vertex 8.12282 13.5521 42
      vertex 8.77801 13.1372 4
      vertex 8.12282 13.5521 4
    endloop
  endfacet
  facet normal 0.963788 0.266669 0
    outer loop
      vertex 15.3265 3.83909 42
      vertex 15.1197 4.5865 4
      vertex 15.1197 4.5865 42
    endloop
  endfacet
  facet normal 0.963788 0.266669 0
    outer loop
      vertex 15.1197 4.5865 4
      vertex 15.3265 3.83909 42
      vertex 15.3265 3.83909 4
    endloop
  endfacet
  facet normal 0.575773 0.81761 -0
    outer loop
      vertex 9.41205 12.6907 4
      vertex 8.77801 13.1372 42
      vertex 9.41205 12.6907 42
    endloop
  endfacet
  facet normal 0.575773 0.81761 0
    outer loop
      vertex 8.77801 13.1372 42
      vertex 9.41205 12.6907 4
      vertex 8.77801 13.1372 4
    endloop
  endfacet
  facet normal 0.985274 -0.170984 0
    outer loop
      vertex 15.4964 -3.08243 42
      vertex 15.629 -2.31834 4
      vertex 15.629 -2.31834 42
    endloop
  endfacet
  facet normal 0.985274 -0.170984 0
    outer loop
      vertex 15.629 -2.31834 4
      vertex 15.4964 -3.08243 42
      vertex 15.4964 -3.08243 4
    endloop
  endfacet
  facet normal -0.975706 0.219084 0
    outer loop
      vertex -15.4964 3.08243 4
      vertex -15.3265 3.83909 42
      vertex -15.3265 3.83909 4
    endloop
  endfacet
  facet normal -0.975706 0.219084 0
    outer loop
      vertex -15.3265 3.83909 42
      vertex -15.4964 3.08243 4
      vertex -15.4964 3.08243 42
    endloop
  endfacet
  facet normal -0.61523 0.788348 0
    outer loop
      vertex -9.41205 12.6907 4
      vertex -10.0234 12.2136 42
      vertex -9.41205 12.6907 42
    endloop
  endfacet
  facet normal -0.61523 0.788348 0
    outer loop
      vertex -10.0234 12.2136 42
      vertex -9.41205 12.6907 4
      vertex -10.0234 12.2136 4
    endloop
  endfacet
  facet normal -0.122373 -0.992484 0
    outer loop
      vertex -2.31834 -15.629 4
      vertex -1.54867 -15.7239 42
      vertex -2.31834 -15.629 42
    endloop
  endfacet
  facet normal -0.122373 -0.992484 -0
    outer loop
      vertex -1.54867 -15.7239 42
      vertex -2.31834 -15.629 4
      vertex -1.54867 -15.7239 4
    endloop
  endfacet
  facet normal -0.122373 0.992484 0
    outer loop
      vertex -1.54867 15.7239 4
      vertex -2.31834 15.629 42
      vertex -1.54867 15.7239 42
    endloop
  endfacet
  facet normal -0.122373 0.992484 0
    outer loop
      vertex -2.31834 15.629 42
      vertex -1.54867 15.7239 4
      vertex -2.31834 15.629 4
    endloop
  endfacet
  facet normal -0.535003 0.84485 0
    outer loop
      vertex -8.12282 13.5521 4
      vertex -8.77801 13.1372 42
      vertex -8.12282 13.5521 42
    endloop
  endfacet
  facet normal -0.535003 0.84485 0
    outer loop
      vertex -8.77801 13.1372 42
      vertex -8.12282 13.5521 4
      vertex -8.77801 13.1372 4
    endloop
  endfacet
  facet normal 0.757159 -0.65323 0
    outer loop
      vertex 11.707 -10.6106 42
      vertex 12.2136 -10.0234 4
      vertex 12.2136 -10.0234 42
    endloop
  endfacet
  facet normal 0.757159 -0.65323 0
    outer loop
      vertex 12.2136 -10.0234 4
      vertex 11.707 -10.6106 42
      vertex 11.707 -10.6106 4
    endloop
  endfacet
  facet normal -0.7243 -0.689485 0
    outer loop
      vertex -11.1723 -11.1723 4
      vertex -11.707 -10.6106 42
      vertex -11.707 -10.6106 4
    endloop
  endfacet
  facet normal -0.7243 -0.689485 0
    outer loop
      vertex -11.707 -10.6106 42
      vertex -11.1723 -11.1723 4
      vertex -11.1723 -11.1723 42
    endloop
  endfacet
  facet normal -0.170984 0.985274 0
    outer loop
      vertex -2.31834 15.629 4
      vertex -3.08243 15.4964 42
      vertex -2.31834 15.629 42
    endloop
  endfacet
  facet normal -0.170984 0.985274 0
    outer loop
      vertex -3.08243 15.4964 42
      vertex -2.31834 15.629 4
      vertex -3.08243 15.4964 4
    endloop
  endfacet
  facet normal -0.997286 -0.0736293 0
    outer loop
      vertex -15.7239 -1.54867 4
      vertex -15.781 -0.775269 42
      vertex -15.781 -0.775269 4
    endloop
  endfacet
  facet normal -0.997286 -0.0736293 0
    outer loop
      vertex -15.781 -0.775269 42
      vertex -15.7239 -1.54867 4
      vertex -15.7239 -1.54867 42
    endloop
  endfacet
  facet normal -0.9997 -0.0245003 0
    outer loop
      vertex -15.781 -0.775269 4
      vertex -15.8 0 42
      vertex -15.8 0 4
    endloop
  endfacet
  facet normal -0.9997 -0.0245003 0
    outer loop
      vertex -15.8 0 42
      vertex -15.781 -0.775269 4
      vertex -15.781 -0.775269 42
    endloop
  endfacet
  facet normal -0.65323 0.757159 0
    outer loop
      vertex -10.0234 12.2136 4
      vertex -10.6106 11.707 42
      vertex -10.0234 12.2136 42
    endloop
  endfacet
  facet normal -0.65323 0.757159 0
    outer loop
      vertex -10.6106 11.707 42
      vertex -10.0234 12.2136 4
      vertex -10.6106 11.707 4
    endloop
  endfacet
  facet normal 0.949513 -0.313728 0
    outer loop
      vertex 14.8764 -5.32286 42
      vertex 15.1197 -4.5865 4
      vertex 15.1197 -4.5865 42
    endloop
  endfacet
  facet normal 0.949513 -0.313728 0
    outer loop
      vertex 15.1197 -4.5865 4
      vertex 14.8764 -5.32286 42
      vertex 14.8764 -5.32286 4
    endloop
  endfacet
  facet normal -0.932993 -0.359895 0
    outer loop
      vertex -14.5973 -6.0464 4
      vertex -14.8764 -5.32286 42
      vertex -14.8764 -5.32286 4
    endloop
  endfacet
  facet normal -0.932993 -0.359895 0
    outer loop
      vertex -14.8764 -5.32286 42
      vertex -14.5973 -6.0464 4
      vertex -14.5973 -6.0464 42
    endloop
  endfacet
  facet normal 0.122373 0.992484 -0
    outer loop
      vertex 2.31834 15.629 4
      vertex 1.54867 15.7239 42
      vertex 2.31834 15.629 42
    endloop
  endfacet
  facet normal 0.122373 0.992484 0
    outer loop
      vertex 1.54867 15.7239 42
      vertex 2.31834 15.629 4
      vertex 1.54867 15.7239 4
    endloop
  endfacet
  facet normal -0.893264 -0.449533 0
    outer loop
      vertex -13.9344 -7.44807 4
      vertex -14.283 -6.75537 42
      vertex -14.283 -6.75537 4
    endloop
  endfacet
  facet normal -0.893264 -0.449533 0
    outer loop
      vertex -14.283 -6.75537 42
      vertex -13.9344 -7.44807 4
      vertex -13.9344 -7.44807 42
    endloop
  endfacet
  facet normal -0.963788 0.266669 0
    outer loop
      vertex -15.3265 3.83909 4
      vertex -15.1197 4.5865 42
      vertex -15.1197 4.5865 4
    endloop
  endfacet
  facet normal -0.963788 0.266669 0
    outer loop
      vertex -15.1197 4.5865 42
      vertex -15.3265 3.83909 4
      vertex -15.3265 3.83909 42
    endloop
  endfacet
  facet normal -0.932993 0.359895 0
    outer loop
      vertex -14.8764 5.32286 4
      vertex -14.5973 6.0464 42
      vertex -14.5973 6.0464 4
    endloop
  endfacet
  facet normal -0.932993 0.359895 0
    outer loop
      vertex -14.5973 6.0464 42
      vertex -14.8764 5.32286 4
      vertex -14.8764 5.32286 42
    endloop
  endfacet
  facet normal 0.266669 -0.963788 0
    outer loop
      vertex 3.83909 -15.3265 4
      vertex 4.5865 -15.1197 42
      vertex 3.83909 -15.3265 42
    endloop
  endfacet
  facet normal 0.266669 -0.963788 0
    outer loop
      vertex 4.5865 -15.1197 42
      vertex 3.83909 -15.3265 4
      vertex 4.5865 -15.1197 4
    endloop
  endfacet
  facet normal -0.992484 -0.122373 0
    outer loop
      vertex -15.629 -2.31834 4
      vertex -15.7239 -1.54867 42
      vertex -15.7239 -1.54867 4
    endloop
  endfacet
  facet normal -0.992484 -0.122373 0
    outer loop
      vertex -15.7239 -1.54867 42
      vertex -15.629 -2.31834 4
      vertex -15.629 -2.31834 42
    endloop
  endfacet
  facet normal -0.949513 0.313728 0
    outer loop
      vertex -15.1197 4.5865 4
      vertex -14.8764 5.32286 42
      vertex -14.8764 5.32286 4
    endloop
  endfacet
  facet normal -0.949513 0.313728 0
    outer loop
      vertex -14.8764 5.32286 42
      vertex -15.1197 4.5865 4
      vertex -15.1197 4.5865 42
    endloop
  endfacet
  facet normal -0.266669 0.963788 0
    outer loop
      vertex -3.83909 15.3265 4
      vertex -4.5865 15.1197 42
      vertex -3.83909 15.3265 42
    endloop
  endfacet
  facet normal -0.266669 0.963788 0
    outer loop
      vertex -4.5865 15.1197 42
      vertex -3.83909 15.3265 4
      vertex -4.5865 15.1197 4
    endloop
  endfacet
  facet normal -0.575773 0.81761 0
    outer loop
      vertex -8.77801 13.1372 4
      vertex -9.41205 12.6907 42
      vertex -8.77801 13.1372 42
    endloop
  endfacet
  facet normal -0.575773 0.81761 0
    outer loop
      vertex -9.41205 12.6907 42
      vertex -8.77801 13.1372 4
      vertex -9.41205 12.6907 4
    endloop
  endfacet
  facet normal -0.170984 -0.985274 0
    outer loop
      vertex -3.08243 -15.4964 4
      vertex -2.31834 -15.629 42
      vertex -3.08243 -15.4964 42
    endloop
  endfacet
  facet normal -0.170984 -0.985274 -0
    outer loop
      vertex -2.31834 -15.629 42
      vertex -3.08243 -15.4964 4
      vertex -2.31834 -15.629 4
    endloop
  endfacet
  facet normal -0.914193 0.405279 0
    outer loop
      vertex -14.5973 6.0464 4
      vertex -14.283 6.75537 42
      vertex -14.283 6.75537 4
    endloop
  endfacet
  facet normal -0.914193 0.405279 0
    outer loop
      vertex -14.283 6.75537 42
      vertex -14.5973 6.0464 4
      vertex -14.5973 6.0464 42
    endloop
  endfacet
  facet normal -0.7243 0.689485 0
    outer loop
      vertex -11.707 10.6106 4
      vertex -11.1723 11.1723 42
      vertex -11.1723 11.1723 4
    endloop
  endfacet
  facet normal -0.7243 0.689485 0
    outer loop
      vertex -11.1723 11.1723 42
      vertex -11.707 10.6106 4
      vertex -11.707 10.6106 42
    endloop
  endfacet
  facet normal 0.757159 0.65323 0
    outer loop
      vertex 12.2136 10.0234 42
      vertex 11.707 10.6106 4
      vertex 11.707 10.6106 42
    endloop
  endfacet
  facet normal 0.757159 0.65323 0
    outer loop
      vertex 11.707 10.6106 4
      vertex 12.2136 10.0234 42
      vertex 12.2136 10.0234 4
    endloop
  endfacet
  facet normal 0.449533 0.893264 -0
    outer loop
      vertex 7.44807 13.9344 4
      vertex 6.75537 14.283 42
      vertex 7.44807 13.9344 42
    endloop
  endfacet
  facet normal 0.449533 0.893264 0
    outer loop
      vertex 6.75537 14.283 42
      vertex 7.44807 13.9344 4
      vertex 6.75537 14.283 4
    endloop
  endfacet
  facet normal 0.0245003 0.9997 -0
    outer loop
      vertex 0.775269 15.781 4
      vertex 0 15.8 42
      vertex 0.775269 15.781 42
    endloop
  endfacet
  facet normal 0.0245003 0.9997 0
    outer loop
      vertex 0 15.8 42
      vertex 0.775269 15.781 4
      vertex 0 15.8 4
    endloop
  endfacet
  facet normal 0.170984 0.985274 -0
    outer loop
      vertex 3.08243 15.4964 4
      vertex 2.31834 15.629 42
      vertex 3.08243 15.4964 42
    endloop
  endfacet
  facet normal 0.170984 0.985274 0
    outer loop
      vertex 2.31834 15.629 42
      vertex 3.08243 15.4964 4
      vertex 2.31834 15.629 4
    endloop
  endfacet
  facet normal -0.0736293 -0.997286 0
    outer loop
      vertex -1.54867 -15.7239 4
      vertex -0.775269 -15.781 42
      vertex -1.54867 -15.7239 42
    endloop
  endfacet
  facet normal -0.0736293 -0.997286 -0
    outer loop
      vertex -0.775269 -15.781 42
      vertex -1.54867 -15.7239 4
      vertex -0.775269 -15.781 4
    endloop
  endfacet
  facet normal 0.914193 -0.405279 0
    outer loop
      vertex 14.283 -6.75537 42
      vertex 14.5973 -6.0464 4
      vertex 14.5973 -6.0464 42
    endloop
  endfacet
  facet normal 0.914193 -0.405279 0
    outer loop
      vertex 14.5973 -6.0464 4
      vertex 14.283 -6.75537 42
      vertex 14.283 -6.75537 4
    endloop
  endfacet
  facet normal 0.932993 -0.359895 0
    outer loop
      vertex 14.5973 -6.0464 42
      vertex 14.8764 -5.32286 4
      vertex 14.8764 -5.32286 42
    endloop
  endfacet
  facet normal 0.932993 -0.359895 0
    outer loop
      vertex 14.8764 -5.32286 4
      vertex 14.5973 -6.0464 42
      vertex 14.5973 -6.0464 4
    endloop
  endfacet
  facet normal -0.893264 0.449533 0
    outer loop
      vertex -14.283 6.75537 4
      vertex -13.9344 7.44807 42
      vertex -13.9344 7.44807 4
    endloop
  endfacet
  facet normal -0.893264 0.449533 0
    outer loop
      vertex -13.9344 7.44807 42
      vertex -14.283 6.75537 4
      vertex -14.283 6.75537 42
    endloop
  endfacet
  facet normal 0.61523 -0.788348 0
    outer loop
      vertex 9.41205 -12.6907 4
      vertex 10.0234 -12.2136 42
      vertex 9.41205 -12.6907 42
    endloop
  endfacet
  facet normal 0.61523 -0.788348 0
    outer loop
      vertex 10.0234 -12.2136 42
      vertex 9.41205 -12.6907 4
      vertex 10.0234 -12.2136 4
    endloop
  endfacet
  facet normal -0.84485 -0.535003 0
    outer loop
      vertex -13.1372 -8.77801 4
      vertex -13.5521 -8.12282 42
      vertex -13.5521 -8.12282 4
    endloop
  endfacet
  facet normal -0.84485 -0.535003 0
    outer loop
      vertex -13.5521 -8.12282 42
      vertex -13.1372 -8.77801 4
      vertex -13.1372 -8.77801 42
    endloop
  endfacet
  facet normal -0.788348 -0.61523 0
    outer loop
      vertex -12.2136 -10.0234 4
      vertex -12.6907 -9.41205 42
      vertex -12.6907 -9.41205 4
    endloop
  endfacet
  facet normal -0.788348 -0.61523 0
    outer loop
      vertex -12.6907 -9.41205 42
      vertex -12.2136 -10.0234 4
      vertex -12.2136 -10.0234 42
    endloop
  endfacet
  facet normal 0.313728 0.949513 -0
    outer loop
      vertex 5.32286 14.8764 4
      vertex 4.5865 15.1197 42
      vertex 5.32286 14.8764 42
    endloop
  endfacet
  facet normal 0.313728 0.949513 0
    outer loop
      vertex 4.5865 15.1197 42
      vertex 5.32286 14.8764 4
      vertex 4.5865 15.1197 4
    endloop
  endfacet
  facet normal -0.81761 -0.575773 0
    outer loop
      vertex -12.6907 -9.41205 4
      vertex -13.1372 -8.77801 42
      vertex -13.1372 -8.77801 4
    endloop
  endfacet
  facet normal -0.81761 -0.575773 0
    outer loop
      vertex -13.1372 -8.77801 42
      vertex -12.6907 -9.41205 4
      vertex -12.6907 -9.41205 42
    endloop
  endfacet
  facet normal 0.266669 0.963788 -0
    outer loop
      vertex 4.5865 15.1197 4
      vertex 3.83909 15.3265 42
      vertex 4.5865 15.1197 42
    endloop
  endfacet
  facet normal 0.266669 0.963788 0
    outer loop
      vertex 3.83909 15.3265 42
      vertex 4.5865 15.1197 4
      vertex 3.83909 15.3265 4
    endloop
  endfacet
  facet normal -0.689485 -0.7243 0
    outer loop
      vertex -11.1723 -11.1723 4
      vertex -10.6106 -11.707 42
      vertex -11.1723 -11.1723 42
    endloop
  endfacet
  facet normal -0.689485 -0.7243 -0
    outer loop
      vertex -10.6106 -11.707 42
      vertex -11.1723 -11.1723 4
      vertex -10.6106 -11.707 4
    endloop
  endfacet
  facet normal -0.575773 -0.81761 0
    outer loop
      vertex -9.41205 -12.6907 4
      vertex -8.77801 -13.1372 42
      vertex -9.41205 -12.6907 42
    endloop
  endfacet
  facet normal -0.575773 -0.81761 -0
    outer loop
      vertex -8.77801 -13.1372 42
      vertex -9.41205 -12.6907 4
      vertex -8.77801 -13.1372 4
    endloop
  endfacet
  facet normal -0.61523 -0.788348 0
    outer loop
      vertex -10.0234 -12.2136 4
      vertex -9.41205 -12.6907 42
      vertex -10.0234 -12.2136 42
    endloop
  endfacet
  facet normal -0.61523 -0.788348 -0
    outer loop
      vertex -9.41205 -12.6907 42
      vertex -10.0234 -12.2136 4
      vertex -9.41205 -12.6907 4
    endloop
  endfacet
  facet normal -0.963788 -0.266669 0
    outer loop
      vertex -15.1197 -4.5865 4
      vertex -15.3265 -3.83909 42
      vertex -15.3265 -3.83909 4
    endloop
  endfacet
  facet normal -0.963788 -0.266669 0
    outer loop
      vertex -15.3265 -3.83909 42
      vertex -15.1197 -4.5865 4
      vertex -15.1197 -4.5865 42
    endloop
  endfacet
  facet normal -0.449533 -0.893264 0
    outer loop
      vertex -7.44807 -13.9344 4
      vertex -6.75537 -14.283 42
      vertex -7.44807 -13.9344 42
    endloop
  endfacet
  facet normal -0.449533 -0.893264 -0
    outer loop
      vertex -6.75537 -14.283 42
      vertex -7.44807 -13.9344 4
      vertex -6.75537 -14.283 4
    endloop
  endfacet
  facet normal -0.492956 -0.870054 0
    outer loop
      vertex -8.12282 -13.5521 4
      vertex -7.44807 -13.9344 42
      vertex -8.12282 -13.5521 42
    endloop
  endfacet
  facet normal -0.492956 -0.870054 -0
    outer loop
      vertex -7.44807 -13.9344 42
      vertex -8.12282 -13.5521 4
      vertex -7.44807 -13.9344 4
    endloop
  endfacet
  facet normal 0.707001 0.0173269 0.707001
    outer loop
      vertex 15.781 0.775269 42
      vertex 14.8 0 43
      vertex 15.8 0 42
    endloop
  endfacet
  facet normal -0.487646 0.512208 0.706997
    outer loop
      vertex -9.93907 10.9661 43
      vertex -11.1723 11.1723 42
      vertex -10.4652 10.4652 43
    endloop
  endfacet
  facet normal 0.0520849 -0.705286 0.707006
    outer loop
      vertex 1.45065 -14.7287 43
      vertex 0.726201 -14.7822 43
      vertex 1.54867 -15.7239 42
    endloop
  endfacet
  facet normal -0.646523 -0.286616 0.707007
    outer loop
      vertex -13.6734 -5.66371 43
      vertex -14.5973 -6.0464 42
      vertex -14.283 -6.75537 42
    endloop
  endfacet
  facet normal -0.512249 -0.487626 0.706981
    outer loop
      vertex -10.9661 -9.93907 43
      vertex -11.707 -10.6106 42
      vertex -11.1723 -11.1723 42
    endloop
  endfacet
  facet normal -0.701892 0.0865487 0.707006
    outer loop
      vertex -14.6398 2.17161 43
      vertex -15.7239 1.54867 42
      vertex -14.7287 1.45065 43
    endloop
  endfacet
  facet normal -0.0865487 0.701892 0.707006
    outer loop
      vertex -1.54867 15.7239 42
      vertex -2.17161 14.6398 43
      vertex -1.45065 14.7287 43
    endloop
  endfacet
  facet normal 0.0173294 -0.707 0.707002
    outer loop
      vertex 0.726201 -14.7822 43
      vertex 0 -14.8 43
      vertex 0.775269 -15.781 42
    endloop
  endfacet
  facet normal -0.512249 0.487626 0.706981
    outer loop
      vertex -11.1723 11.1723 42
      vertex -11.707 10.6106 42
      vertex -10.9661 9.93907 43
    endloop
  endfacet
  facet normal 0.696792 -0.120914 0.707008
    outer loop
      vertex 14.6398 -2.17161 43
      vertex 14.5156 -2.88734 43
      vertex 15.629 -2.31834 42
    endloop
  endfacet
  facet normal 0.0520849 0.705286 0.707006
    outer loop
      vertex 1.54867 15.7239 42
      vertex 0.726201 14.7822 43
      vertex 1.45065 14.7287 43
    endloop
  endfacet
  facet normal -0.578235 0.407163 0.70701
    outer loop
      vertex -11.8875 8.81635 43
      vertex -13.1372 8.77801 42
      vertex -12.3057 8.22244 43
    endloop
  endfacet
  facet normal -0.705293 0.0520716 0.707001
    outer loop
      vertex -15.7239 1.54867 42
      vertex -15.781 0.775269 42
      vertex -14.7822 0.726201 43
    endloop
  endfacet
  facet normal 0.615367 0.348551 0.70699
    outer loop
      vertex 13.5521 8.12282 42
      vertex 12.6944 7.60872 43
      vertex 13.0524 6.97667 43
    endloop
  endfacet
  facet normal 0.407195 0.578227 0.706998
    outer loop
      vertex 9.41205 12.6907 42
      vertex 8.77801 13.1372 42
      vertex 8.81635 11.8875 43
    endloop
  endfacet
  facet normal -0.512208 0.487646 0.706997
    outer loop
      vertex -10.4652 10.4652 43
      vertex -11.1723 11.1723 42
      vertex -10.9661 9.93907 43
    endloop
  endfacet
  facet normal 0.646531 -0.286607 0.707003
    outer loop
      vertex 13.6734 -5.66371 43
      vertex 13.379 -6.32782 43
      vertex 14.283 -6.75537 42
    endloop
  endfacet
  facet normal -0.631699 0.317967 0.707003
    outer loop
      vertex -13.0524 6.97667 43
      vertex -14.283 6.75537 42
      vertex -13.379 6.32782 43
    endloop
  endfacet
  facet normal -0.671553 0.221787 0.706985
    outer loop
      vertex -13.9349 4.98597 43
      vertex -14.8764 5.32286 42
      vertex -14.1627 4.29621 43
    endloop
  endfacet
  facet normal -0.378409 -0.597471 0.706991
    outer loop
      vertex -7.60872 -12.6944 43
      vertex -8.22244 -12.3057 43
      vertex -8.12282 -13.5521 42
    endloop
  endfacet
  facet normal -0.659838 0.254528 0.706986
    outer loop
      vertex -14.5973 6.0464 42
      vertex -14.8764 5.32286 42
      vertex -13.9349 4.98597 43
    endloop
  endfacet
  facet normal 0.690027 0.154938 0.707005
    outer loop
      vertex 15.3265 3.83909 42
      vertex 14.5156 2.88734 43
      vertex 15.4964 3.08243 42
    endloop
  endfacet
  facet normal -0.701892 -0.0865487 0.707006
    outer loop
      vertex -14.7287 -1.45065 43
      vertex -15.7239 -1.54867 42
      vertex -14.6398 -2.17161 43
    endloop
  endfacet
  facet normal 0.154938 -0.690027 0.707005
    outer loop
      vertex 3.83909 -15.3265 42
      vertex 2.88734 -14.5156 43
      vertex 3.08243 -15.4964 42
    endloop
  endfacet
  facet normal 0.487646 0.512208 0.706997
    outer loop
      vertex 11.1723 11.1723 42
      vertex 9.93907 10.9661 43
      vertex 10.4652 10.4652 43
    endloop
  endfacet
  facet normal -0.631699 -0.317967 0.707003
    outer loop
      vertex -13.379 -6.32782 43
      vertex -14.283 -6.75537 42
      vertex -13.0524 -6.97667 43
    endloop
  endfacet
  facet normal 0.557532 0.4351 0.706998
    outer loop
      vertex 12.2136 10.0234 42
      vertex 11.8875 8.81635 43
      vertex 12.6907 9.41205 42
    endloop
  endfacet
  facet normal -0.659838 -0.254528 0.706986
    outer loop
      vertex -13.9349 -4.98597 43
      vertex -14.8764 -5.32286 42
      vertex -14.5973 -6.0464 42
    endloop
  endfacet
  facet normal 0.188587 0.681584 0.707021
    outer loop
      vertex 4.5865 15.1197 42
      vertex 3.83909 15.3265 42
      vertex 4.29621 14.1627 43
    endloop
  endfacet
  facet normal 0.690027 -0.154938 0.707005
    outer loop
      vertex 15.4964 -3.08243 42
      vertex 14.5156 -2.88734 43
      vertex 15.3265 -3.83909 42
    endloop
  endfacet
  facet normal 0.286616 -0.646523 0.707007
    outer loop
      vertex 6.75537 -14.283 42
      vertex 5.66371 -13.6734 43
      vertex 6.0464 -14.5973 42
    endloop
  endfacet
  facet normal 0.671489 -0.221866 0.70702
    outer loop
      vertex 15.1197 -4.5865 42
      vertex 14.1627 -4.29621 43
      vertex 14.8764 -5.32286 42
    endloop
  endfacet
  facet normal -0.707 -0.0173294 0.707002
    outer loop
      vertex -14.8 0 43
      vertex -15.781 -0.775269 42
      vertex -14.7822 -0.726201 43
    endloop
  endfacet
  facet normal 0.631699 -0.317967 0.707003
    outer loop
      vertex 13.379 -6.32782 43
      vertex 13.0524 -6.97667 43
      vertex 14.283 -6.75537 42
    endloop
  endfacet
  facet normal 0.578235 0.407163 0.70701
    outer loop
      vertex 13.1372 8.77801 42
      vertex 11.8875 8.81635 43
      vertex 12.3057 8.22244 43
    endloop
  endfacet
  facet normal 0.681584 0.188587 0.707021
    outer loop
      vertex 15.1197 4.5865 42
      vertex 14.1627 4.29621 43
      vertex 15.3265 3.83909 42
    endloop
  endfacet
  facet normal -0.461959 0.535512 0.70698
    outer loop
      vertex -9.38902 11.4406 43
      vertex -10.6106 11.707 42
      vertex -9.93907 10.9661 43
    endloop
  endfacet
  facet normal 0.671553 -0.221787 0.706985
    outer loop
      vertex 14.1627 -4.29621 43
      vertex 13.9349 -4.98597 43
      vertex 14.8764 -5.32286 42
    endloop
  endfacet
  facet normal -0.659795 0.254576 0.707009
    outer loop
      vertex -13.6734 5.66371 43
      vertex -14.5973 6.0464 42
      vertex -13.9349 4.98597 43
    endloop
  endfacet
  facet normal -0.578235 -0.407163 0.70701
    outer loop
      vertex -12.3057 -8.22244 43
      vertex -13.1372 -8.77801 42
      vertex -11.8875 -8.81635 43
    endloop
  endfacet
  facet normal -0.671553 -0.221787 0.706985
    outer loop
      vertex -14.1627 -4.29621 43
      vertex -14.8764 -5.32286 42
      vertex -13.9349 -4.98597 43
    endloop
  endfacet
  facet normal 0 0 1
    outer loop
      vertex 13.4 0 43
      vertex 14.8 0 43
      vertex 14.7822 0.726201 43
    endloop
  endfacet
  facet normal 0 0 1
    outer loop
      vertex 13.3839 0.657506 43
      vertex 14.7822 0.726201 43
      vertex 14.7287 1.45065 43
    endloop
  endfacet
  facet normal 0 0 1
    outer loop
      vertex 14.8 0 43
      vertex 13.4 0 43
      vertex 14.7822 -0.726201 43
    endloop
  endfacet
  facet normal 0 0 1
    outer loop
      vertex 13.3355 1.31343 43
      vertex 14.7287 1.45065 43
      vertex 14.6398 2.17161 43
    endloop
  endfacet
  facet normal -0 0 1
    outer loop
      vertex 13.3839 -0.657506 43
      vertex 14.7822 -0.726201 43
      vertex 13.4 0 43
    endloop
  endfacet
  facet normal 0 0 1
    outer loop
      vertex 13.255 1.96619 43
      vertex 14.6398 2.17161 43
      vertex 14.5156 2.88734 43
    endloop
  endfacet
  facet normal 0 0 1
    outer loop
      vertex 14.7822 -0.726201 43
      vertex 13.3839 -0.657506 43
      vertex 14.7287 -1.45065 43
    endloop
  endfacet
  facet normal 0 0 1
    outer loop
      vertex 13.1425 2.61421 43
      vertex 14.5156 2.88734 43
      vertex 14.3565 3.59611 43
    endloop
  endfacet
  facet normal -0 0 1
    outer loop
      vertex 13.3355 -1.31343 43
      vertex 14.7287 -1.45065 43
      vertex 13.3839 -0.657506 43
    endloop
  endfacet
  facet normal 0 0 1
    outer loop
      vertex 12.9984 3.25593 43
      vertex 14.3565 3.59611 43
      vertex 14.1627 4.29621 43
    endloop
  endfacet
  facet normal 0 0 1
    outer loop
      vertex 14.7287 -1.45065 43
      vertex 13.3355 -1.31343 43
      vertex 14.6398 -2.17161 43
    endloop
  endfacet
  facet normal 0 0 1
    outer loop
      vertex 12.823 3.88981 43
      vertex 14.1627 4.29621 43
      vertex 13.9349 4.98597 43
    endloop
  endfacet
  facet normal -0 0 1
    outer loop
      vertex 13.255 -1.96619 43
      vertex 14.6398 -2.17161 43
      vertex 13.3355 -1.31343 43
    endloop
  endfacet
  facet normal 0 0 1
    outer loop
      vertex 12.6167 4.51432 43
      vertex 13.9349 4.98597 43
      vertex 13.6734 5.66371 43
    endloop
  endfacet
  facet normal 0 0 1
    outer loop
      vertex 14.6398 -2.17161 43
      vertex 13.255 -1.96619 43
      vertex 14.5156 -2.88734 43
    endloop
  endfacet
  facet normal -0 0 1
    outer loop
      vertex 13.1425 -2.61421 43
      vertex 14.5156 -2.88734 43
      vertex 13.255 -1.96619 43
    endloop
  endfacet
  facet normal 0 0 1
    outer loop
      vertex 14.7822 0.726201 43
      vertex 13.3839 0.657506 43
      vertex 13.4 0 43
    endloop
  endfacet
  facet normal 0 0 1
    outer loop
      vertex 12.38 5.12796 43
      vertex 13.6734 5.66371 43
      vertex 13.379 6.32782 43
    endloop
  endfacet
  facet normal 0 0 1
    outer loop
      vertex 14.7287 1.45065 43
      vertex 13.3355 1.31343 43
      vertex 13.3839 0.657506 43
    endloop
  endfacet
  facet normal 0 0 1
    outer loop
      vertex 14.6398 2.17161 43
      vertex 13.255 1.96619 43
      vertex 13.3355 1.31343 43
    endloop
  endfacet
  facet normal 0 0 1
    outer loop
      vertex 14.5156 2.88734 43
      vertex 13.1425 2.61421 43
      vertex 13.255 1.96619 43
    endloop
  endfacet
  facet normal 0 0 1
    outer loop
      vertex 12.1135 5.72924 43
      vertex 13.379 6.32782 43
      vertex 13.0524 6.97667 43
    endloop
  endfacet
  facet normal 0 0 1
    outer loop
      vertex 14.3565 3.59611 43
      vertex 12.9984 3.25593 43
      vertex 13.1425 2.61421 43
    endloop
  endfacet
  facet normal 0 0 1
    outer loop
      vertex 14.1627 4.29621 43
      vertex 12.823 3.88981 43
      vertex 12.9984 3.25593 43
    endloop
  endfacet
  facet normal 0 0 1
    outer loop
      vertex 11.8177 6.31672 43
      vertex 13.0524 6.97667 43
      vertex 12.6944 7.60872 43
    endloop
  endfacet
  facet normal 0 0 1
    outer loop
      vertex 13.9349 4.98597 43
      vertex 12.6167 4.51432 43
      vertex 12.823 3.88981 43
    endloop
  endfacet
  facet normal 0 0 1
    outer loop
      vertex 13.6734 5.66371 43
      vertex 12.38 5.12796 43
      vertex 12.6167 4.51432 43
    endloop
  endfacet
  facet normal 0 0 1
    outer loop
      vertex 11.4936 6.88898 43
      vertex 12.6944 7.60872 43
      vertex 12.3057 8.22244 43
    endloop
  endfacet
  facet normal 0 0 1
    outer loop
      vertex 13.379 6.32782 43
      vertex 12.1135 5.72924 43
      vertex 12.38 5.12796 43
    endloop
  endfacet
  facet normal 0 0 1
    outer loop
      vertex 11.1417 7.44464 43
      vertex 12.3057 8.22244 43
      vertex 11.8875 8.81635 43
    endloop
  endfacet
  facet normal 0 0 1
    outer loop
      vertex 13.0524 6.97667 43
      vertex 11.8177 6.31672 43
      vertex 12.1135 5.72924 43
    endloop
  endfacet
  facet normal 0 0 1
    outer loop
      vertex 12.6944 7.60872 43
      vertex 11.4936 6.88898 43
      vertex 11.8177 6.31672 43
    endloop
  endfacet
  facet normal 0 0 1
    outer loop
      vertex 10.763 7.98237 43
      vertex 11.8875 8.81635 43
      vertex 11.4406 9.38902 43
    endloop
  endfacet
  facet normal 0 0 1
    outer loop
      vertex 12.3057 8.22244 43
      vertex 11.1417 7.44464 43
      vertex 11.4936 6.88898 43
    endloop
  endfacet
  facet normal 0 0 1
    outer loop
      vertex 10.3583 8.50087 43
      vertex 11.4406 9.38902 43
      vertex 10.9661 9.93907 43
    endloop
  endfacet
  facet normal 0 0 1
    outer loop
      vertex 11.8875 8.81635 43
      vertex 10.763 7.98237 43
      vertex 11.1417 7.44464 43
    endloop
  endfacet
  facet normal 0 0 1
    outer loop
      vertex 9.92874 8.99889 43
      vertex 10.9661 9.93907 43
      vertex 10.4652 10.4652 43
    endloop
  endfacet
  facet normal 0 0 1
    outer loop
      vertex 11.4406 9.38902 43
      vertex 10.3583 8.50087 43
      vertex 10.763 7.98237 43
    endloop
  endfacet
  facet normal 0 0 1
    outer loop
      vertex 9.47523 9.47523 43
      vertex 10.4652 10.4652 43
      vertex 9.93907 10.9661 43
    endloop
  endfacet
  facet normal 0 0 1
    outer loop
      vertex 10.9661 9.93907 43
      vertex 9.92874 8.99889 43
      vertex 10.3583 8.50087 43
    endloop
  endfacet
  facet normal 0 0 1
    outer loop
      vertex 10.4652 10.4652 43
      vertex 9.47523 9.47523 43
      vertex 9.92874 8.99889 43
    endloop
  endfacet
  facet normal 0 0 1
    outer loop
      vertex 8.99889 9.92874 43
      vertex 9.93907 10.9661 43
      vertex 9.38902 11.4406 43
    endloop
  endfacet
  facet normal 0 0 1
    outer loop
      vertex 9.93907 10.9661 43
      vertex 8.99889 9.92874 43
      vertex 9.47523 9.47523 43
    endloop
  endfacet
  facet normal 0 0 1
    outer loop
      vertex 8.50087 10.3583 43
      vertex 9.38902 11.4406 43
      vertex 8.81635 11.8875 43
    endloop
  endfacet
  facet normal 0 0 1
    outer loop
      vertex 9.38902 11.4406 43
      vertex 8.50087 10.3583 43
      vertex 8.99889 9.92874 43
    endloop
  endfacet
  facet normal 0 0 1
    outer loop
      vertex 7.98237 10.763 43
      vertex 8.81635 11.8875 43
      vertex 8.22244 12.3057 43
    endloop
  endfacet
  facet normal 0 0 1
    outer loop
      vertex 8.81635 11.8875 43
      vertex 7.98237 10.763 43
      vertex 8.50087 10.3583 43
    endloop
  endfacet
  facet normal 0 0 1
    outer loop
      vertex 7.44464 11.1417 43
      vertex 8.22244 12.3057 43
      vertex 7.60872 12.6944 43
    endloop
  endfacet
  facet normal 0 0 1
    outer loop
      vertex 8.22244 12.3057 43
      vertex 7.44464 11.1417 43
      vertex 7.98237 10.763 43
    endloop
  endfacet
  facet normal 0 0 1
    outer loop
      vertex 6.88898 11.4936 43
      vertex 7.60872 12.6944 43
      vertex 6.97667 13.0524 43
    endloop
  endfacet
  facet normal 0 0 1
    outer loop
      vertex 7.60872 12.6944 43
      vertex 6.88898 11.4936 43
      vertex 7.44464 11.1417 43
    endloop
  endfacet
  facet normal 0 0 1
    outer loop
      vertex 6.31672 11.8177 43
      vertex 6.97667 13.0524 43
      vertex 6.32782 13.379 43
    endloop
  endfacet
  facet normal 0 0 1
    outer loop
      vertex 6.97667 13.0524 43
      vertex 6.31672 11.8177 43
      vertex 6.88898 11.4936 43
    endloop
  endfacet
  facet normal 0 0 1
    outer loop
      vertex 6.32782 13.379 43
      vertex 5.72924 12.1135 43
      vertex 6.31672 11.8177 43
    endloop
  endfacet
  facet normal 0 0 1
    outer loop
      vertex 5.66371 13.6734 43
      vertex 5.72924 12.1135 43
      vertex 6.32782 13.379 43
    endloop
  endfacet
  facet normal 0 0 1
    outer loop
      vertex 5.66371 13.6734 43
      vertex 5.12796 12.38 43
      vertex 5.72924 12.1135 43
    endloop
  endfacet
  facet normal 0 0 1
    outer loop
      vertex 4.98597 13.9349 43
      vertex 5.12796 12.38 43
      vertex 5.66371 13.6734 43
    endloop
  endfacet
  facet normal 0 0 1
    outer loop
      vertex 4.98597 13.9349 43
      vertex 4.51432 12.6167 43
      vertex 5.12796 12.38 43
    endloop
  endfacet
  facet normal 0 0 1
    outer loop
      vertex 4.29621 14.1627 43
      vertex 4.51432 12.6167 43
      vertex 4.98597 13.9349 43
    endloop
  endfacet
  facet normal 0 0 1
    outer loop
      vertex 4.29621 14.1627 43
      vertex 3.88981 12.823 43
      vertex 4.51432 12.6167 43
    endloop
  endfacet
  facet normal 0 0 1
    outer loop
      vertex 3.59611 14.3565 43
      vertex 3.88981 12.823 43
      vertex 4.29621 14.1627 43
    endloop
  endfacet
  facet normal 0 0 1
    outer loop
      vertex 3.59611 14.3565 43
      vertex 3.25593 12.9984 43
      vertex 3.88981 12.823 43
    endloop
  endfacet
  facet normal 0 0 1
    outer loop
      vertex 2.88734 14.5156 43
      vertex 3.25593 12.9984 43
      vertex 3.59611 14.3565 43
    endloop
  endfacet
  facet normal 0 0 1
    outer loop
      vertex 2.88734 14.5156 43
      vertex 2.61421 13.1425 43
      vertex 3.25593 12.9984 43
    endloop
  endfacet
  facet normal 0 0 1
    outer loop
      vertex 2.17161 14.6398 43
      vertex 2.61421 13.1425 43
      vertex 2.88734 14.5156 43
    endloop
  endfacet
  facet normal 0 0 1
    outer loop
      vertex 2.17161 14.6398 43
      vertex 1.96619 13.255 43
      vertex 2.61421 13.1425 43
    endloop
  endfacet
  facet normal 0 0 1
    outer loop
      vertex 1.45065 14.7287 43
      vertex 1.96619 13.255 43
      vertex 2.17161 14.6398 43
    endloop
  endfacet
  facet normal 0 0 1
    outer loop
      vertex 1.45065 14.7287 43
      vertex 1.31343 13.3355 43
      vertex 1.96619 13.255 43
    endloop
  endfacet
  facet normal 0 0 1
    outer loop
      vertex 0.726201 14.7822 43
      vertex 1.31343 13.3355 43
      vertex 1.45065 14.7287 43
    endloop
  endfacet
  facet normal 0 0 1
    outer loop
      vertex 0.726201 14.7822 43
      vertex 0.657506 13.3839 43
      vertex 1.31343 13.3355 43
    endloop
  endfacet
  facet normal 0 0 1
    outer loop
      vertex 0 14.8 43
      vertex 0.657506 13.3839 43
      vertex 0.726201 14.7822 43
    endloop
  endfacet
  facet normal 0 0 1
    outer loop
      vertex 0 14.8 43
      vertex 0 13.4 43
      vertex 0.657506 13.3839 43
    endloop
  endfacet
  facet normal 0 0 1
    outer loop
      vertex 0 14.8 43
      vertex -0.657506 13.3839 43
      vertex 0 13.4 43
    endloop
  endfacet
  facet normal -0 0 1
    outer loop
      vertex -0.726201 14.7822 43
      vertex -0.657506 13.3839 43
      vertex 0 14.8 43
    endloop
  endfacet
  facet normal 0 0 1
    outer loop
      vertex -0.726201 14.7822 43
      vertex -1.31343 13.3355 43
      vertex -0.657506 13.3839 43
    endloop
  endfacet
  facet normal -0 0 1
    outer loop
      vertex -1.45065 14.7287 43
      vertex -1.31343 13.3355 43
      vertex -0.726201 14.7822 43
    endloop
  endfacet
  facet normal 0 0 1
    outer loop
      vertex -1.45065 14.7287 43
      vertex -1.96619 13.255 43
      vertex -1.31343 13.3355 43
    endloop
  endfacet
  facet normal -0 0 1
    outer loop
      vertex -2.17161 14.6398 43
      vertex -1.96619 13.255 43
      vertex -1.45065 14.7287 43
    endloop
  endfacet
  facet normal 0 0 1
    outer loop
      vertex -2.17161 14.6398 43
      vertex -2.61421 13.1425 43
      vertex -1.96619 13.255 43
    endloop
  endfacet
  facet normal -0 0 1
    outer loop
      vertex -2.88734 14.5156 43
      vertex -2.61421 13.1425 43
      vertex -2.17161 14.6398 43
    endloop
  endfacet
  facet normal 0 0 1
    outer loop
      vertex -2.88734 14.5156 43
      vertex -3.25593 12.9984 43
      vertex -2.61421 13.1425 43
    endloop
  endfacet
  facet normal -0 0 1
    outer loop
      vertex -3.59611 14.3565 43
      vertex -3.25593 12.9984 43
      vertex -2.88734 14.5156 43
    endloop
  endfacet
  facet normal 0 0 1
    outer loop
      vertex -3.59611 14.3565 43
      vertex -3.88981 12.823 43
      vertex -3.25593 12.9984 43
    endloop
  endfacet
  facet normal -0 0 1
    outer loop
      vertex -4.29621 14.1627 43
      vertex -3.88981 12.823 43
      vertex -3.59611 14.3565 43
    endloop
  endfacet
  facet normal 0 0 1
    outer loop
      vertex -4.29621 14.1627 43
      vertex -4.51432 12.6167 43
      vertex -3.88981 12.823 43
    endloop
  endfacet
  facet normal -0 0 1
    outer loop
      vertex -4.98597 13.9349 43
      vertex -4.51432 12.6167 43
      vertex -4.29621 14.1627 43
    endloop
  endfacet
  facet normal 0 0 1
    outer loop
      vertex -4.98597 13.9349 43
      vertex -5.12796 12.38 43
      vertex -4.51432 12.6167 43
    endloop
  endfacet
  facet normal -0 0 1
    outer loop
      vertex -5.66371 13.6734 43
      vertex -5.12796 12.38 43
      vertex -4.98597 13.9349 43
    endloop
  endfacet
  facet normal 0 0 1
    outer loop
      vertex -5.66371 13.6734 43
      vertex -5.72924 12.1135 43
      vertex -5.12796 12.38 43
    endloop
  endfacet
  facet normal -0 0 1
    outer loop
      vertex -6.32782 13.379 43
      vertex -5.72924 12.1135 43
      vertex -5.66371 13.6734 43
    endloop
  endfacet
  facet normal 0 0 1
    outer loop
      vertex -5.72924 12.1135 43
      vertex -6.32782 13.379 43
      vertex -6.31672 11.8177 43
    endloop
  endfacet
  facet normal -0 0 1
    outer loop
      vertex -6.97667 13.0524 43
      vertex -6.31672 11.8177 43
      vertex -6.32782 13.379 43
    endloop
  endfacet
  facet normal 0 0 1
    outer loop
      vertex -6.31672 11.8177 43
      vertex -6.97667 13.0524 43
      vertex -6.88898 11.4936 43
    endloop
  endfacet
  facet normal -0 0 1
    outer loop
      vertex -7.60872 12.6944 43
      vertex -6.88898 11.4936 43
      vertex -6.97667 13.0524 43
    endloop
  endfacet
  facet normal 0 0 1
    outer loop
      vertex -6.88898 11.4936 43
      vertex -7.60872 12.6944 43
      vertex -7.44464 11.1417 43
    endloop
  endfacet
  facet normal -0 0 1
    outer loop
      vertex -8.22244 12.3057 43
      vertex -7.44464 11.1417 43
      vertex -7.60872 12.6944 43
    endloop
  endfacet
  facet normal 0 0 1
    outer loop
      vertex -7.44464 11.1417 43
      vertex -8.22244 12.3057 43
      vertex -7.98237 10.763 43
    endloop
  endfacet
  facet normal -0 0 1
    outer loop
      vertex -8.81635 11.8875 43
      vertex -7.98237 10.763 43
      vertex -8.22244 12.3057 43
    endloop
  endfacet
  facet normal 0 0 1
    outer loop
      vertex -7.98237 10.763 43
      vertex -8.81635 11.8875 43
      vertex -8.50087 10.3583 43
    endloop
  endfacet
  facet normal -0 0 1
    outer loop
      vertex -9.38902 11.4406 43
      vertex -8.50087 10.3583 43
      vertex -8.81635 11.8875 43
    endloop
  endfacet
  facet normal 0 0 1
    outer loop
      vertex -8.50087 10.3583 43
      vertex -9.38902 11.4406 43
      vertex -8.99889 9.92874 43
    endloop
  endfacet
  facet normal -0 0 1
    outer loop
      vertex -9.93907 10.9661 43
      vertex -8.99889 9.92874 43
      vertex -9.38902 11.4406 43
    endloop
  endfacet
  facet normal 0 0 1
    outer loop
      vertex -8.99889 9.92874 43
      vertex -9.93907 10.9661 43
      vertex -9.47523 9.47523 43
    endloop
  endfacet
  facet normal -0 0 1
    outer loop
      vertex -10.4652 10.4652 43
      vertex -9.47523 9.47523 43
      vertex -9.93907 10.9661 43
    endloop
  endfacet
  facet normal 0 0 1
    outer loop
      vertex -9.47523 9.47523 43
      vertex -10.4652 10.4652 43
      vertex -9.92874 8.99889 43
    endloop
  endfacet
  facet normal -0 0 1
    outer loop
      vertex -10.9661 9.93907 43
      vertex -9.92874 8.99889 43
      vertex -10.4652 10.4652 43
    endloop
  endfacet
  facet normal 0 0 1
    outer loop
      vertex -9.92874 8.99889 43
      vertex -10.9661 9.93907 43
      vertex -10.3583 8.50087 43
    endloop
  endfacet
  facet normal -0 0 1
    outer loop
      vertex -11.4406 9.38902 43
      vertex -10.3583 8.50087 43
      vertex -10.9661 9.93907 43
    endloop
  endfacet
  facet normal 0 0 1
    outer loop
      vertex -10.3583 8.50087 43
      vertex -11.4406 9.38902 43
      vertex -10.763 7.98237 43
    endloop
  endfacet
  facet normal -0 0 1
    outer loop
      vertex -11.8875 8.81635 43
      vertex -10.763 7.98237 43
      vertex -11.4406 9.38902 43
    endloop
  endfacet
  facet normal 0 0 1
    outer loop
      vertex -10.763 7.98237 43
      vertex -11.8875 8.81635 43
      vertex -11.1417 7.44464 43
    endloop
  endfacet
  facet normal -0 0 1
    outer loop
      vertex -12.3057 8.22244 43
      vertex -11.1417 7.44464 43
      vertex -11.8875 8.81635 43
    endloop
  endfacet
  facet normal 0 0 1
    outer loop
      vertex -11.1417 7.44464 43
      vertex -12.3057 8.22244 43
      vertex -11.4936 6.88898 43
    endloop
  endfacet
  facet normal -0 0 1
    outer loop
      vertex -12.6944 7.60872 43
      vertex -11.4936 6.88898 43
      vertex -12.3057 8.22244 43
    endloop
  endfacet
  facet normal 0 0 1
    outer loop
      vertex -11.4936 6.88898 43
      vertex -12.6944 7.60872 43
      vertex -11.8177 6.31672 43
    endloop
  endfacet
  facet normal -0 0 1
    outer loop
      vertex -13.0524 6.97667 43
      vertex -11.8177 6.31672 43
      vertex -12.6944 7.60872 43
    endloop
  endfacet
  facet normal 0 0 1
    outer loop
      vertex -11.8177 6.31672 43
      vertex -13.0524 6.97667 43
      vertex -12.1135 5.72924 43
    endloop
  endfacet
  facet normal -0 0 1
    outer loop
      vertex -13.379 6.32782 43
      vertex -12.1135 5.72924 43
      vertex -13.0524 6.97667 43
    endloop
  endfacet
  facet normal 0 0 1
    outer loop
      vertex -12.1135 5.72924 43
      vertex -13.379 6.32782 43
      vertex -12.38 5.12796 43
    endloop
  endfacet
  facet normal -0 0 1
    outer loop
      vertex -13.6734 5.66371 43
      vertex -12.38 5.12796 43
      vertex -13.379 6.32782 43
    endloop
  endfacet
  facet normal 0 0 1
    outer loop
      vertex -12.38 5.12796 43
      vertex -13.6734 5.66371 43
      vertex -12.6167 4.51432 43
    endloop
  endfacet
  facet normal -0 0 1
    outer loop
      vertex -13.9349 4.98597 43
      vertex -12.6167 4.51432 43
      vertex -13.6734 5.66371 43
    endloop
  endfacet
  facet normal 0 0 1
    outer loop
      vertex -12.6167 4.51432 43
      vertex -13.9349 4.98597 43
      vertex -12.823 3.88981 43
    endloop
  endfacet
  facet normal -0 0 1
    outer loop
      vertex -14.1627 4.29621 43
      vertex -12.823 3.88981 43
      vertex -13.9349 4.98597 43
    endloop
  endfacet
  facet normal 0 0 1
    outer loop
      vertex -12.823 3.88981 43
      vertex -14.1627 4.29621 43
      vertex -12.9984 3.25593 43
    endloop
  endfacet
  facet normal -0 0 1
    outer loop
      vertex -14.3565 3.59611 43
      vertex -12.9984 3.25593 43
      vertex -14.1627 4.29621 43
    endloop
  endfacet
  facet normal 0 0 1
    outer loop
      vertex -12.9984 3.25593 43
      vertex -14.3565 3.59611 43
      vertex -13.1425 2.61421 43
    endloop
  endfacet
  facet normal -0 0 1
    outer loop
      vertex -14.5156 2.88734 43
      vertex -13.1425 2.61421 43
      vertex -14.3565 3.59611 43
    endloop
  endfacet
  facet normal 0 0 1
    outer loop
      vertex 14.5156 -2.88734 43
      vertex 13.1425 -2.61421 43
      vertex 14.3565 -3.59611 43
    endloop
  endfacet
  facet normal -0 0 1
    outer loop
      vertex 12.9984 -3.25593 43
      vertex 14.3565 -3.59611 43
      vertex 13.1425 -2.61421 43
    endloop
  endfacet
  facet normal 0 0 1
    outer loop
      vertex 14.3565 -3.59611 43
      vertex 12.9984 -3.25593 43
      vertex 14.1627 -4.29621 43
    endloop
  endfacet
  facet normal -0 0 1
    outer loop
      vertex 12.823 -3.88981 43
      vertex 14.1627 -4.29621 43
      vertex 12.9984 -3.25593 43
    endloop
  endfacet
  facet normal 0 0 1
    outer loop
      vertex 14.1627 -4.29621 43
      vertex 12.823 -3.88981 43
      vertex 13.9349 -4.98597 43
    endloop
  endfacet
  facet normal -0 0 1
    outer loop
      vertex 12.6167 -4.51432 43
      vertex 13.9349 -4.98597 43
      vertex 12.823 -3.88981 43
    endloop
  endfacet
  facet normal 0 0 1
    outer loop
      vertex 13.9349 -4.98597 43
      vertex 12.6167 -4.51432 43
      vertex 13.6734 -5.66371 43
    endloop
  endfacet
  facet normal -0 0 1
    outer loop
      vertex 12.38 -5.12796 43
      vertex 13.6734 -5.66371 43
      vertex 12.6167 -4.51432 43
    endloop
  endfacet
  facet normal 0 0 1
    outer loop
      vertex 13.6734 -5.66371 43
      vertex 12.38 -5.12796 43
      vertex 13.379 -6.32782 43
    endloop
  endfacet
  facet normal -0 0 1
    outer loop
      vertex 12.1135 -5.72924 43
      vertex 13.379 -6.32782 43
      vertex 12.38 -5.12796 43
    endloop
  endfacet
  facet normal 0 0 1
    outer loop
      vertex 13.379 -6.32782 43
      vertex 12.1135 -5.72924 43
      vertex 13.0524 -6.97667 43
    endloop
  endfacet
  facet normal -0 0 1
    outer loop
      vertex 11.8177 -6.31672 43
      vertex 13.0524 -6.97667 43
      vertex 12.1135 -5.72924 43
    endloop
  endfacet
  facet normal 0 0 1
    outer loop
      vertex 13.0524 -6.97667 43
      vertex 11.8177 -6.31672 43
      vertex 12.6944 -7.60872 43
    endloop
  endfacet
  facet normal -0 0 1
    outer loop
      vertex 11.4936 -6.88898 43
      vertex 12.6944 -7.60872 43
      vertex 11.8177 -6.31672 43
    endloop
  endfacet
  facet normal 0 0 1
    outer loop
      vertex 12.6944 -7.60872 43
      vertex 11.4936 -6.88898 43
      vertex 12.3057 -8.22244 43
    endloop
  endfacet
  facet normal -0 0 1
    outer loop
      vertex 11.1417 -7.44464 43
      vertex 12.3057 -8.22244 43
      vertex 11.4936 -6.88898 43
    endloop
  endfacet
  facet normal 0 0 1
    outer loop
      vertex 12.3057 -8.22244 43
      vertex 11.1417 -7.44464 43
      vertex 11.8875 -8.81635 43
    endloop
  endfacet
  facet normal -0 0 1
    outer loop
      vertex 10.763 -7.98237 43
      vertex 11.8875 -8.81635 43
      vertex 11.1417 -7.44464 43
    endloop
  endfacet
  facet normal 0 0 1
    outer loop
      vertex 11.8875 -8.81635 43
      vertex 10.763 -7.98237 43
      vertex 11.4406 -9.38902 43
    endloop
  endfacet
  facet normal -0 0 1
    outer loop
      vertex 10.3583 -8.50087 43
      vertex 11.4406 -9.38902 43
      vertex 10.763 -7.98237 43
    endloop
  endfacet
  facet normal 0 0 1
    outer loop
      vertex 11.4406 -9.38902 43
      vertex 10.3583 -8.50087 43
      vertex 10.9661 -9.93907 43
    endloop
  endfacet
  facet normal -0 0 1
    outer loop
      vertex 9.92874 -8.99889 43
      vertex 10.9661 -9.93907 43
      vertex 10.3583 -8.50087 43
    endloop
  endfacet
  facet normal 0 0 1
    outer loop
      vertex 10.9661 -9.93907 43
      vertex 9.92874 -8.99889 43
      vertex 10.4652 -10.4652 43
    endloop
  endfacet
  facet normal -0 0 1
    outer loop
      vertex 9.47523 -9.47523 43
      vertex 10.4652 -10.4652 43
      vertex 9.92874 -8.99889 43
    endloop
  endfacet
  facet normal 0 0 1
    outer loop
      vertex 10.4652 -10.4652 43
      vertex 9.47523 -9.47523 43
      vertex 9.93907 -10.9661 43
    endloop
  endfacet
  facet normal -0 0 1
    outer loop
      vertex 8.99889 -9.92874 43
      vertex 9.93907 -10.9661 43
      vertex 9.47523 -9.47523 43
    endloop
  endfacet
  facet normal 0 0 1
    outer loop
      vertex 9.93907 -10.9661 43
      vertex 8.99889 -9.92874 43
      vertex 9.38902 -11.4406 43
    endloop
  endfacet
  facet normal -0 0 1
    outer loop
      vertex 8.50087 -10.3583 43
      vertex 9.38902 -11.4406 43
      vertex 8.99889 -9.92874 43
    endloop
  endfacet
  facet normal 0 0 1
    outer loop
      vertex 9.38902 -11.4406 43
      vertex 8.50087 -10.3583 43
      vertex 8.81635 -11.8875 43
    endloop
  endfacet
  facet normal -0 0 1
    outer loop
      vertex 7.98237 -10.763 43
      vertex 8.81635 -11.8875 43
      vertex 8.50087 -10.3583 43
    endloop
  endfacet
  facet normal 0 0 1
    outer loop
      vertex 8.81635 -11.8875 43
      vertex 7.98237 -10.763 43
      vertex 8.22244 -12.3057 43
    endloop
  endfacet
  facet normal -0 0 1
    outer loop
      vertex 7.44464 -11.1417 43
      vertex 8.22244 -12.3057 43
      vertex 7.98237 -10.763 43
    endloop
  endfacet
  facet normal 0 0 1
    outer loop
      vertex 8.22244 -12.3057 43
      vertex 7.44464 -11.1417 43
      vertex 7.60872 -12.6944 43
    endloop
  endfacet
  facet normal -0 0 1
    outer loop
      vertex 6.88898 -11.4936 43
      vertex 7.60872 -12.6944 43
      vertex 7.44464 -11.1417 43
    endloop
  endfacet
  facet normal 0 0 1
    outer loop
      vertex 7.60872 -12.6944 43
      vertex 6.88898 -11.4936 43
      vertex 6.97667 -13.0524 43
    endloop
  endfacet
  facet normal -0 0 1
    outer loop
      vertex 6.31672 -11.8177 43
      vertex 6.97667 -13.0524 43
      vertex 6.88898 -11.4936 43
    endloop
  endfacet
  facet normal 0 0 1
    outer loop
      vertex 6.97667 -13.0524 43
      vertex 6.31672 -11.8177 43
      vertex 6.32782 -13.379 43
    endloop
  endfacet
  facet normal -0 0 1
    outer loop
      vertex 5.72924 -12.1135 43
      vertex 6.32782 -13.379 43
      vertex 6.31672 -11.8177 43
    endloop
  endfacet
  facet normal 0 0 1
    outer loop
      vertex 5.72924 -12.1135 43
      vertex 5.66371 -13.6734 43
      vertex 6.32782 -13.379 43
    endloop
  endfacet
  facet normal -0 0 1
    outer loop
      vertex 5.12796 -12.38 43
      vertex 5.66371 -13.6734 43
      vertex 5.72924 -12.1135 43
    endloop
  endfacet
  facet normal 0 0 1
    outer loop
      vertex 5.12796 -12.38 43
      vertex 4.98597 -13.9349 43
      vertex 5.66371 -13.6734 43
    endloop
  endfacet
  facet normal -0 0 1
    outer loop
      vertex 4.51432 -12.6167 43
      vertex 4.98597 -13.9349 43
      vertex 5.12796 -12.38 43
    endloop
  endfacet
  facet normal 0 0 1
    outer loop
      vertex 4.51432 -12.6167 43
      vertex 4.29621 -14.1627 43
      vertex 4.98597 -13.9349 43
    endloop
  endfacet
  facet normal -0 0 1
    outer loop
      vertex 3.88981 -12.823 43
      vertex 4.29621 -14.1627 43
      vertex 4.51432 -12.6167 43
    endloop
  endfacet
  facet normal 0 0 1
    outer loop
      vertex 3.88981 -12.823 43
      vertex 3.59611 -14.3565 43
      vertex 4.29621 -14.1627 43
    endloop
  endfacet
  facet normal -0 0 1
    outer loop
      vertex 3.25593 -12.9984 43
      vertex 3.59611 -14.3565 43
      vertex 3.88981 -12.823 43
    endloop
  endfacet
  facet normal 0 0 1
    outer loop
      vertex 3.25593 -12.9984 43
      vertex 2.88734 -14.5156 43
      vertex 3.59611 -14.3565 43
    endloop
  endfacet
  facet normal -0 0 1
    outer loop
      vertex 2.61421 -13.1425 43
      vertex 2.88734 -14.5156 43
      vertex 3.25593 -12.9984 43
    endloop
  endfacet
  facet normal 0 0 1
    outer loop
      vertex 2.61421 -13.1425 43
      vertex 2.17161 -14.6398 43
      vertex 2.88734 -14.5156 43
    endloop
  endfacet
  facet normal -0 0 1
    outer loop
      vertex 1.96619 -13.255 43
      vertex 2.17161 -14.6398 43
      vertex 2.61421 -13.1425 43
    endloop
  endfacet
  facet normal 0 0 1
    outer loop
      vertex 1.96619 -13.255 43
      vertex 1.45065 -14.7287 43
      vertex 2.17161 -14.6398 43
    endloop
  endfacet
  facet normal -0 0 1
    outer loop
      vertex 1.31343 -13.3355 43
      vertex 1.45065 -14.7287 43
      vertex 1.96619 -13.255 43
    endloop
  endfacet
  facet normal 0 0 1
    outer loop
      vertex 1.31343 -13.3355 43
      vertex 0.726201 -14.7822 43
      vertex 1.45065 -14.7287 43
    endloop
  endfacet
  facet normal -0 0 1
    outer loop
      vertex 0.657506 -13.3839 43
      vertex 0.726201 -14.7822 43
      vertex 1.31343 -13.3355 43
    endloop
  endfacet
  facet normal -0 0 1
    outer loop
      vertex 0 -13.4 43
      vertex 0.726201 -14.7822 43
      vertex 0.657506 -13.3839 43
    endloop
  endfacet
  facet normal 0 0 1
    outer loop
      vertex 0 -13.4 43
      vertex 0 -14.8 43
      vertex 0.726201 -14.7822 43
    endloop
  endfacet
  facet normal 0 0 1
    outer loop
      vertex -0.657506 -13.3839 43
      vertex 0 -14.8 43
      vertex 0 -13.4 43
    endloop
  endfacet
  facet normal 0 0 1
    outer loop
      vertex -0.657506 -13.3839 43
      vertex -0.726201 -14.7822 43
      vertex 0 -14.8 43
    endloop
  endfacet
  facet normal 0 0 1
    outer loop
      vertex -1.31343 -13.3355 43
      vertex -0.726201 -14.7822 43
      vertex -0.657506 -13.3839 43
    endloop
  endfacet
  facet normal 0 0 1
    outer loop
      vertex -1.31343 -13.3355 43
      vertex -1.45065 -14.7287 43
      vertex -0.726201 -14.7822 43
    endloop
  endfacet
  facet normal 0 0 1
    outer loop
      vertex -1.96619 -13.255 43
      vertex -1.45065 -14.7287 43
      vertex -1.31343 -13.3355 43
    endloop
  endfacet
  facet normal 0 0 1
    outer loop
      vertex -1.96619 -13.255 43
      vertex -2.17161 -14.6398 43
      vertex -1.45065 -14.7287 43
    endloop
  endfacet
  facet normal 0 0 1
    outer loop
      vertex -2.61421 -13.1425 43
      vertex -2.17161 -14.6398 43
      vertex -1.96619 -13.255 43
    endloop
  endfacet
  facet normal 0 0 1
    outer loop
      vertex -2.61421 -13.1425 43
      vertex -2.88734 -14.5156 43
      vertex -2.17161 -14.6398 43
    endloop
  endfacet
  facet normal 0 0 1
    outer loop
      vertex -3.25593 -12.9984 43
      vertex -2.88734 -14.5156 43
      vertex -2.61421 -13.1425 43
    endloop
  endfacet
  facet normal 0 0 1
    outer loop
      vertex -3.25593 -12.9984 43
      vertex -3.59611 -14.3565 43
      vertex -2.88734 -14.5156 43
    endloop
  endfacet
  facet normal 0 0 1
    outer loop
      vertex -3.88981 -12.823 43
      vertex -3.59611 -14.3565 43
      vertex -3.25593 -12.9984 43
    endloop
  endfacet
  facet normal 0 0 1
    outer loop
      vertex -3.88981 -12.823 43
      vertex -4.29621 -14.1627 43
      vertex -3.59611 -14.3565 43
    endloop
  endfacet
  facet normal 0 0 1
    outer loop
      vertex -4.51432 -12.6167 43
      vertex -4.29621 -14.1627 43
      vertex -3.88981 -12.823 43
    endloop
  endfacet
  facet normal 0 0 1
    outer loop
      vertex -4.51432 -12.6167 43
      vertex -4.98597 -13.9349 43
      vertex -4.29621 -14.1627 43
    endloop
  endfacet
  facet normal 0 0 1
    outer loop
      vertex -5.12796 -12.38 43
      vertex -4.98597 -13.9349 43
      vertex -4.51432 -12.6167 43
    endloop
  endfacet
  facet normal 0 0 1
    outer loop
      vertex -5.12796 -12.38 43
      vertex -5.66371 -13.6734 43
      vertex -4.98597 -13.9349 43
    endloop
  endfacet
  facet normal 0 0 1
    outer loop
      vertex -5.72924 -12.1135 43
      vertex -5.66371 -13.6734 43
      vertex -5.12796 -12.38 43
    endloop
  endfacet
  facet normal 0 0 1
    outer loop
      vertex -6.32782 -13.379 43
      vertex -5.72924 -12.1135 43
      vertex -6.31672 -11.8177 43
    endloop
  endfacet
  facet normal 0 0 1
    outer loop
      vertex -5.72924 -12.1135 43
      vertex -6.32782 -13.379 43
      vertex -5.66371 -13.6734 43
    endloop
  endfacet
  facet normal 0 0 1
    outer loop
      vertex -6.97667 -13.0524 43
      vertex -6.31672 -11.8177 43
      vertex -6.88898 -11.4936 43
    endloop
  endfacet
  facet normal 0 0 1
    outer loop
      vertex -6.31672 -11.8177 43
      vertex -6.97667 -13.0524 43
      vertex -6.32782 -13.379 43
    endloop
  endfacet
  facet normal 0 0 1
    outer loop
      vertex -7.60872 -12.6944 43
      vertex -6.88898 -11.4936 43
      vertex -7.44464 -11.1417 43
    endloop
  endfacet
  facet normal 0 0 1
    outer loop
      vertex -6.88898 -11.4936 43
      vertex -7.60872 -12.6944 43
      vertex -6.97667 -13.0524 43
    endloop
  endfacet
  facet normal 0 0 1
    outer loop
      vertex -8.22244 -12.3057 43
      vertex -7.44464 -11.1417 43
      vertex -7.98237 -10.763 43
    endloop
  endfacet
  facet normal 0 0 1
    outer loop
      vertex -7.44464 -11.1417 43
      vertex -8.22244 -12.3057 43
      vertex -7.60872 -12.6944 43
    endloop
  endfacet
  facet normal 0 0 1
    outer loop
      vertex -8.81635 -11.8875 43
      vertex -7.98237 -10.763 43
      vertex -8.50087 -10.3583 43
    endloop
  endfacet
  facet normal 0 0 1
    outer loop
      vertex -7.98237 -10.763 43
      vertex -8.81635 -11.8875 43
      vertex -8.22244 -12.3057 43
    endloop
  endfacet
  facet normal 0 0 1
    outer loop
      vertex -9.38902 -11.4406 43
      vertex -8.50087 -10.3583 43
      vertex -8.99889 -9.92874 43
    endloop
  endfacet
  facet normal 0 0 1
    outer loop
      vertex -8.50087 -10.3583 43
      vertex -9.38902 -11.4406 43
      vertex -8.81635 -11.8875 43
    endloop
  endfacet
  facet normal 0 0 1
    outer loop
      vertex -9.93907 -10.9661 43
      vertex -8.99889 -9.92874 43
      vertex -9.47523 -9.47523 43
    endloop
  endfacet
  facet normal 0 0 1
    outer loop
      vertex -10.4652 -10.4652 43
      vertex -9.47523 -9.47523 43
      vertex -9.92874 -8.99889 43
    endloop
  endfacet
  facet normal 0 0 1
    outer loop
      vertex -8.99889 -9.92874 43
      vertex -9.93907 -10.9661 43
      vertex -9.38902 -11.4406 43
    endloop
  endfacet
  facet normal 0 0 1
    outer loop
      vertex -10.9661 -9.93907 43
      vertex -9.92874 -8.99889 43
      vertex -10.3583 -8.50087 43
    endloop
  endfacet
  facet normal 0 0 1
    outer loop
      vertex -9.47523 -9.47523 43
      vertex -10.4652 -10.4652 43
      vertex -9.93907 -10.9661 43
    endloop
  endfacet
  facet normal 0 0 1
    outer loop
      vertex -11.4406 -9.38902 43
      vertex -10.3583 -8.50087 43
      vertex -10.763 -7.98237 43
    endloop
  endfacet
  facet normal 0 0 1
    outer loop
      vertex -9.92874 -8.99889 43
      vertex -10.9661 -9.93907 43
      vertex -10.4652 -10.4652 43
    endloop
  endfacet
  facet normal 0 0 1
    outer loop
      vertex -11.8875 -8.81635 43
      vertex -10.763 -7.98237 43
      vertex -11.1417 -7.44464 43
    endloop
  endfacet
  facet normal 0 0 1
    outer loop
      vertex -10.3583 -8.50087 43
      vertex -11.4406 -9.38902 43
      vertex -10.9661 -9.93907 43
    endloop
  endfacet
  facet normal 0 0 1
    outer loop
      vertex -12.3057 -8.22244 43
      vertex -11.1417 -7.44464 43
      vertex -11.4936 -6.88898 43
    endloop
  endfacet
  facet normal 0 0 1
    outer loop
      vertex -12.6944 -7.60872 43
      vertex -11.4936 -6.88898 43
      vertex -11.8177 -6.31672 43
    endloop
  endfacet
  facet normal 0 0 1
    outer loop
      vertex -10.763 -7.98237 43
      vertex -11.8875 -8.81635 43
      vertex -11.4406 -9.38902 43
    endloop
  endfacet
  facet normal 0 0 1
    outer loop
      vertex -13.0524 -6.97667 43
      vertex -11.8177 -6.31672 43
      vertex -12.1135 -5.72924 43
    endloop
  endfacet
  facet normal 0 0 1
    outer loop
      vertex -11.1417 -7.44464 43
      vertex -12.3057 -8.22244 43
      vertex -11.8875 -8.81635 43
    endloop
  endfacet
  facet normal 0 0 1
    outer loop
      vertex -13.379 -6.32782 43
      vertex -12.1135 -5.72924 43
      vertex -12.38 -5.12796 43
    endloop
  endfacet
  facet normal 0 0 1
    outer loop
      vertex -13.6734 -5.66371 43
      vertex -12.38 -5.12796 43
      vertex -12.6167 -4.51432 43
    endloop
  endfacet
  facet normal 0 0 1
    outer loop
      vertex -11.4936 -6.88898 43
      vertex -12.6944 -7.60872 43
      vertex -12.3057 -8.22244 43
    endloop
  endfacet
  facet normal 0 0 1
    outer loop
      vertex -13.9349 -4.98597 43
      vertex -12.6167 -4.51432 43
      vertex -12.823 -3.88981 43
    endloop
  endfacet
  facet normal 0 0 1
    outer loop
      vertex -14.1627 -4.29621 43
      vertex -12.823 -3.88981 43
      vertex -12.9984 -3.25593 43
    endloop
  endfacet
  facet normal 0 0 1
    outer loop
      vertex -11.8177 -6.31672 43
      vertex -13.0524 -6.97667 43
      vertex -12.6944 -7.60872 43
    endloop
  endfacet
  facet normal 0 0 1
    outer loop
      vertex -14.3565 -3.59611 43
      vertex -12.9984 -3.25593 43
      vertex -13.1425 -2.61421 43
    endloop
  endfacet
  facet normal 0 0 1
    outer loop
      vertex -14.5156 -2.88734 43
      vertex -13.1425 -2.61421 43
      vertex -13.255 -1.96619 43
    endloop
  endfacet
  facet normal 0 0 1
    outer loop
      vertex -14.6398 -2.17161 43
      vertex -13.255 -1.96619 43
      vertex -13.3355 -1.31343 43
    endloop
  endfacet
  facet normal 0 0 1
    outer loop
      vertex -12.1135 -5.72924 43
      vertex -13.379 -6.32782 43
      vertex -13.0524 -6.97667 43
    endloop
  endfacet
  facet normal 0 0 1
    outer loop
      vertex -14.7287 -1.45065 43
      vertex -13.3355 -1.31343 43
      vertex -13.3839 -0.657506 43
    endloop
  endfacet
  facet normal 0 0 1
    outer loop
      vertex -14.7822 -0.726201 43
      vertex -13.3839 -0.657506 43
      vertex -13.4 0 43
    endloop
  endfacet
  facet normal 0 0 1
    outer loop
      vertex -13.1425 2.61421 43
      vertex -14.5156 2.88734 43
      vertex -13.255 1.96619 43
    endloop
  endfacet
  facet normal 0 0 1
    outer loop
      vertex -12.38 -5.12796 43
      vertex -13.6734 -5.66371 43
      vertex -13.379 -6.32782 43
    endloop
  endfacet
  facet normal -0 0 1
    outer loop
      vertex -14.6398 2.17161 43
      vertex -13.255 1.96619 43
      vertex -14.5156 2.88734 43
    endloop
  endfacet
  facet normal 0 0 1
    outer loop
      vertex -12.6167 -4.51432 43
      vertex -13.9349 -4.98597 43
      vertex -13.6734 -5.66371 43
    endloop
  endfacet
  facet normal 0 0 1
    outer loop
      vertex -13.255 1.96619 43
      vertex -14.6398 2.17161 43
      vertex -13.3355 1.31343 43
    endloop
  endfacet
  facet normal 0 0 1
    outer loop
      vertex -12.823 -3.88981 43
      vertex -14.1627 -4.29621 43
      vertex -13.9349 -4.98597 43
    endloop
  endfacet
  facet normal -0 0 1
    outer loop
      vertex -14.7287 1.45065 43
      vertex -13.3355 1.31343 43
      vertex -14.6398 2.17161 43
    endloop
  endfacet
  facet normal 0 0 1
    outer loop
      vertex -12.9984 -3.25593 43
      vertex -14.3565 -3.59611 43
      vertex -14.1627 -4.29621 43
    endloop
  endfacet
  facet normal 0 0 1
    outer loop
      vertex -13.3355 1.31343 43
      vertex -14.7287 1.45065 43
      vertex -13.3839 0.657506 43
    endloop
  endfacet
  facet normal 0 0 1
    outer loop
      vertex -13.1425 -2.61421 43
      vertex -14.5156 -2.88734 43
      vertex -14.3565 -3.59611 43
    endloop
  endfacet
  facet normal -0 0 1
    outer loop
      vertex -14.7822 0.726201 43
      vertex -13.3839 0.657506 43
      vertex -14.7287 1.45065 43
    endloop
  endfacet
  facet normal 0 0 1
    outer loop
      vertex -13.255 -1.96619 43
      vertex -14.6398 -2.17161 43
      vertex -14.5156 -2.88734 43
    endloop
  endfacet
  facet normal 0 0 1
    outer loop
      vertex -13.3839 0.657506 43
      vertex -14.7822 0.726201 43
      vertex -13.4 0 43
    endloop
  endfacet
  facet normal 0 0 1
    outer loop
      vertex -13.3355 -1.31343 43
      vertex -14.7287 -1.45065 43
      vertex -14.6398 -2.17161 43
    endloop
  endfacet
  facet normal 0 0 1
    outer loop
      vertex -14.8 0 43
      vertex -13.4 0 43
      vertex -14.7822 0.726201 43
    endloop
  endfacet
  facet normal 0 0 1
    outer loop
      vertex -13.3839 -0.657506 43
      vertex -14.7822 -0.726201 43
      vertex -14.7287 -1.45065 43
    endloop
  endfacet
  facet normal 0 0 1
    outer loop
      vertex -13.4 0 43
      vertex -14.8 0 43
      vertex -14.7822 -0.726201 43
    endloop
  endfacet
  facet normal 0.70189 -0.0865428 0.707008
    outer loop
      vertex 15.7239 -1.54867 42
      vertex 14.6398 -2.17161 43
      vertex 15.629 -2.31834 42
    endloop
  endfacet
  facet normal -0.461977 -0.535478 0.706994
    outer loop
      vertex -9.38902 -11.4406 43
      vertex -10.6106 -11.707 42
      vertex -10.0234 -12.2136 42
    endloop
  endfacet
  facet normal 0.221866 0.671489 0.70702
    outer loop
      vertex 4.5865 15.1197 42
      vertex 4.29621 14.1627 43
      vertex 5.32286 14.8764 42
    endloop
  endfacet
  facet normal -0.597471 0.378409 0.706991
    outer loop
      vertex -12.3057 8.22244 43
      vertex -13.5521 8.12282 42
      vertex -12.6944 7.60872 43
    endloop
  endfacet
  facet normal 0.557541 -0.435094 0.706994
    outer loop
      vertex 11.8875 -8.81635 43
      vertex 11.4406 -9.38902 43
      vertex 12.2136 -10.0234 42
    endloop
  endfacet
  facet normal 0.0865428 0.70189 0.707008
    outer loop
      vertex 2.31834 15.629 42
      vertex 1.54867 15.7239 42
      vertex 2.17161 14.6398 43
    endloop
  endfacet
  facet normal -0.378356 0.597482 0.707009
    outer loop
      vertex -8.12282 13.5521 42
      vertex -8.77801 13.1372 42
      vertex -8.22244 12.3057 43
    endloop
  endfacet
  facet normal 0.487646 -0.512208 0.706997
    outer loop
      vertex 10.4652 -10.4652 43
      vertex 9.93907 -10.9661 43
      vertex 11.1723 -11.1723 42
    endloop
  endfacet
  facet normal -0.487646 -0.512208 0.706997
    outer loop
      vertex -10.4652 -10.4652 43
      vertex -11.1723 -11.1723 42
      vertex -9.93907 -10.9661 43
    endloop
  endfacet
  facet normal 0.254576 0.659795 0.707009
    outer loop
      vertex 6.0464 14.5973 42
      vertex 4.98597 13.9349 43
      vertex 5.66371 13.6734 43
    endloop
  endfacet
  facet normal -0.690027 -0.154938 0.707005
    outer loop
      vertex -14.5156 -2.88734 43
      vertex -15.4964 -3.08243 42
      vertex -15.3265 -3.83909 42
    endloop
  endfacet
  facet normal 0.696793 -0.120921 0.707006
    outer loop
      vertex 15.629 -2.31834 42
      vertex 14.5156 -2.88734 43
      vertex 15.4964 -3.08243 42
    endloop
  endfacet
  facet normal -0.0865428 -0.70189 0.707008
    outer loop
      vertex -2.17161 -14.6398 43
      vertex -2.31834 -15.629 42
      vertex -1.54867 -15.7239 42
    endloop
  endfacet
  facet normal -0.707001 0.0173269 0.707001
    outer loop
      vertex -15.781 0.775269 42
      vertex -15.8 0 42
      vertex -14.8 0 43
    endloop
  endfacet
  facet normal -0.154938 -0.690027 0.707005
    outer loop
      vertex -2.88734 -14.5156 43
      vertex -3.83909 -15.3265 42
      vertex -3.08243 -15.4964 42
    endloop
  endfacet
  facet normal 0.461959 -0.535512 0.70698
    outer loop
      vertex 9.93907 -10.9661 43
      vertex 9.38902 -11.4406 43
      vertex 10.6106 -11.707 42
    endloop
  endfacet
  facet normal 0.707001 -0.0173269 0.707001
    outer loop
      vertex 15.8 0 42
      vertex 14.8 0 43
      vertex 15.781 -0.775269 42
    endloop
  endfacet
  facet normal 0.631699 0.317967 0.707003
    outer loop
      vertex 14.283 6.75537 42
      vertex 13.0524 6.97667 43
      vertex 13.379 6.32782 43
    endloop
  endfacet
  facet normal -0.317905 -0.631706 0.707025
    outer loop
      vertex -6.97667 -13.0524 43
      vertex -7.44807 -13.9344 42
      vertex -6.75537 -14.283 42
    endloop
  endfacet
  facet normal -0.557532 0.4351 0.706998
    outer loop
      vertex -12.2136 10.0234 42
      vertex -12.6907 9.41205 42
      vertex -11.8875 8.81635 43
    endloop
  endfacet
  facet normal -0.0865428 0.70189 0.707008
    outer loop
      vertex -1.54867 15.7239 42
      vertex -2.31834 15.629 42
      vertex -2.17161 14.6398 43
    endloop
  endfacet
  facet normal -0.705286 -0.0520849 0.707006
    outer loop
      vertex -14.7822 -0.726201 43
      vertex -15.7239 -1.54867 42
      vertex -14.7287 -1.45065 43
    endloop
  endfacet
  facet normal -0.0173269 -0.707001 0.707001
    outer loop
      vertex 0 -14.8 43
      vertex -0.775269 -15.781 42
      vertex 0 -15.8 42
    endloop
  endfacet
  facet normal -0.120921 -0.696793 0.707006
    outer loop
      vertex -2.88734 -14.5156 43
      vertex -3.08243 -15.4964 42
      vertex -2.31834 -15.629 42
    endloop
  endfacet
  facet normal -0.317905 0.631706 0.707025
    outer loop
      vertex -6.75537 14.283 42
      vertex -7.44807 13.9344 42
      vertex -6.97667 13.0524 43
    endloop
  endfacet
  facet normal 0.0520716 -0.705293 0.707001
    outer loop
      vertex 1.54867 -15.7239 42
      vertex 0.726201 -14.7822 43
      vertex 0.775269 -15.781 42
    endloop
  endfacet
  facet normal -0.317967 -0.631699 0.707003
    outer loop
      vertex -6.32782 -13.379 43
      vertex -6.97667 -13.0524 43
      vertex -6.75537 -14.283 42
    endloop
  endfacet
  facet normal 0.597482 -0.378356 0.707009
    outer loop
      vertex 13.5521 -8.12282 42
      vertex 12.3057 -8.22244 43
      vertex 13.1372 -8.77801 42
    endloop
  endfacet
  facet normal -0.188587 -0.681584 0.707021
    outer loop
      vertex -4.29621 -14.1627 43
      vertex -4.5865 -15.1197 42
      vertex -3.83909 -15.3265 42
    endloop
  endfacet
  facet normal 0.681592 0.188677 0.706989
    outer loop
      vertex 15.3265 3.83909 42
      vertex 14.1627 4.29621 43
      vertex 14.3565 3.59611 43
    endloop
  endfacet
  facet normal 0.435094 0.557541 0.706994
    outer loop
      vertex 10.0234 12.2136 42
      vertex 8.81635 11.8875 43
      vertex 9.38902 11.4406 43
    endloop
  endfacet
  facet normal -0.631706 -0.317905 0.707025
    outer loop
      vertex -13.0524 -6.97667 43
      vertex -14.283 -6.75537 42
      vertex -13.9344 -7.44807 42
    endloop
  endfacet
  facet normal 0.690053 0.154899 0.706989
    outer loop
      vertex 15.3265 3.83909 42
      vertex 14.3565 3.59611 43
      vertex 14.5156 2.88734 43
    endloop
  endfacet
  facet normal -0.597482 -0.378356 0.707009
    outer loop
      vertex -12.3057 -8.22244 43
      vertex -13.5521 -8.12282 42
      vertex -13.1372 -8.77801 42
    endloop
  endfacet
  facet normal 0.154899 0.690053 0.706989
    outer loop
      vertex 3.83909 15.3265 42
      vertex 2.88734 14.5156 43
      vertex 3.59611 14.3565 43
    endloop
  endfacet
  facet normal -0.696793 0.120921 0.707006
    outer loop
      vertex -15.4964 3.08243 42
      vertex -15.629 2.31834 42
      vertex -14.5156 2.88734 43
    endloop
  endfacet
  facet normal 0.671489 0.221866 0.70702
    outer loop
      vertex 14.8764 5.32286 42
      vertex 14.1627 4.29621 43
      vertex 15.1197 4.5865 42
    endloop
  endfacet
  facet normal 0.317905 -0.631706 0.707025
    outer loop
      vertex 6.97667 -13.0524 43
      vertex 6.75537 -14.283 42
      vertex 7.44807 -13.9344 42
    endloop
  endfacet
  facet normal -0.535512 0.461959 0.70698
    outer loop
      vertex -10.9661 9.93907 43
      vertex -11.707 10.6106 42
      vertex -11.4406 9.38902 43
    endloop
  endfacet
  facet normal -0.435094 -0.557541 0.706994
    outer loop
      vertex -9.38902 -11.4406 43
      vertex -10.0234 -12.2136 42
      vertex -8.81635 -11.8875 43
    endloop
  endfacet
  facet normal 0.701892 0.0865487 0.707006
    outer loop
      vertex 15.7239 1.54867 42
      vertex 14.6398 2.17161 43
      vertex 14.7287 1.45065 43
    endloop
  endfacet
  facet normal -0.487626 0.512249 0.706981
    outer loop
      vertex -10.6106 11.707 42
      vertex -11.1723 11.1723 42
      vertex -9.93907 10.9661 43
    endloop
  endfacet
  facet normal 0.512208 -0.487646 0.706997
    outer loop
      vertex 10.9661 -9.93907 43
      vertex 10.4652 -10.4652 43
      vertex 11.1723 -11.1723 42
    endloop
  endfacet
  facet normal -0.348613 -0.615293 0.707024
    outer loop
      vertex -6.97667 -13.0524 43
      vertex -8.12282 -13.5521 42
      vertex -7.44807 -13.9344 42
    endloop
  endfacet
  facet normal 0.578227 0.407195 0.706998
    outer loop
      vertex 12.6907 9.41205 42
      vertex 11.8875 8.81635 43
      vertex 13.1372 8.77801 42
    endloop
  endfacet
  facet normal 0.597482 0.378356 0.707009
    outer loop
      vertex 13.1372 8.77801 42
      vertex 12.3057 8.22244 43
      vertex 13.5521 8.12282 42
    endloop
  endfacet
  facet normal 0.188677 -0.681592 0.706989
    outer loop
      vertex 4.29621 -14.1627 43
      vertex 3.59611 -14.3565 43
      vertex 3.83909 -15.3265 42
    endloop
  endfacet
  facet normal -0.597482 0.378356 0.707009
    outer loop
      vertex -13.1372 8.77801 42
      vertex -13.5521 8.12282 42
      vertex -12.3057 8.22244 43
    endloop
  endfacet
  facet normal 0.188587 -0.681584 0.707021
    outer loop
      vertex 4.29621 -14.1627 43
      vertex 3.83909 -15.3265 42
      vertex 4.5865 -15.1197 42
    endloop
  endfacet
  facet normal 0.407163 0.578235 0.70701
    outer loop
      vertex 8.77801 13.1372 42
      vertex 8.22244 12.3057 43
      vertex 8.81635 11.8875 43
    endloop
  endfacet
  facet normal 0.254528 0.659838 0.706986
    outer loop
      vertex 5.32286 14.8764 42
      vertex 4.98597 13.9349 43
      vertex 6.0464 14.5973 42
    endloop
  endfacet
  facet normal -0.348551 -0.615367 0.70699
    outer loop
      vertex -7.60872 -12.6944 43
      vertex -8.12282 -13.5521 42
      vertex -6.97667 -13.0524 43
    endloop
  endfacet
  facet normal -0.0520716 0.705293 0.707001
    outer loop
      vertex -0.775269 15.781 42
      vertex -1.54867 15.7239 42
      vertex -0.726201 14.7822 43
    endloop
  endfacet
  facet normal 0.0865487 -0.701892 0.707006
    outer loop
      vertex 2.17161 -14.6398 43
      vertex 1.45065 -14.7287 43
      vertex 1.54867 -15.7239 42
    endloop
  endfacet
  facet normal -0.535478 0.461977 0.706994
    outer loop
      vertex -11.707 10.6106 42
      vertex -12.2136 10.0234 42
      vertex -11.4406 9.38902 43
    endloop
  endfacet
  facet normal -0.378409 0.597471 0.706991
    outer loop
      vertex -8.12282 13.5521 42
      vertex -8.22244 12.3057 43
      vertex -7.60872 12.6944 43
    endloop
  endfacet
  facet normal 0.286616 0.646523 0.707007
    outer loop
      vertex 6.0464 14.5973 42
      vertex 5.66371 13.6734 43
      vertex 6.75537 14.283 42
    endloop
  endfacet
  facet normal 0.4351 0.557532 0.706998
    outer loop
      vertex 9.41205 12.6907 42
      vertex 8.81635 11.8875 43
      vertex 10.0234 12.2136 42
    endloop
  endfacet
  facet normal -0.70189 -0.0865428 0.707008
    outer loop
      vertex -14.6398 -2.17161 43
      vertex -15.7239 -1.54867 42
      vertex -15.629 -2.31834 42
    endloop
  endfacet
  facet normal -0.4351 0.557532 0.706998
    outer loop
      vertex -9.41205 12.6907 42
      vertex -10.0234 12.2136 42
      vertex -8.81635 11.8875 43
    endloop
  endfacet
  facet normal -0.188677 0.681592 0.706989
    outer loop
      vertex -3.83909 15.3265 42
      vertex -4.29621 14.1627 43
      vertex -3.59611 14.3565 43
    endloop
  endfacet
  facet normal 0.154938 0.690027 0.707005
    outer loop
      vertex 3.08243 15.4964 42
      vertex 2.88734 14.5156 43
      vertex 3.83909 15.3265 42
    endloop
  endfacet
  facet normal 0.461977 0.535478 0.706994
    outer loop
      vertex 10.0234 12.2136 42
      vertex 9.38902 11.4406 43
      vertex 10.6106 11.707 42
    endloop
  endfacet
  facet normal 0.0520716 0.705293 0.707001
    outer loop
      vertex 0.775269 15.781 42
      vertex 0.726201 14.7822 43
      vertex 1.54867 15.7239 42
    endloop
  endfacet
  facet normal -0.557532 -0.4351 0.706998
    outer loop
      vertex -11.8875 -8.81635 43
      vertex -12.6907 -9.41205 42
      vertex -12.2136 -10.0234 42
    endloop
  endfacet
  facet normal -0.254528 -0.659838 0.706986
    outer loop
      vertex -4.98597 -13.9349 43
      vertex -6.0464 -14.5973 42
      vertex -5.32286 -14.8764 42
    endloop
  endfacet
  facet normal -0.154899 -0.690053 0.706989
    outer loop
      vertex -3.59611 -14.3565 43
      vertex -3.83909 -15.3265 42
      vertex -2.88734 -14.5156 43
    endloop
  endfacet
  facet normal -0.646531 0.286607 0.707003
    outer loop
      vertex -13.379 6.32782 43
      vertex -14.283 6.75537 42
      vertex -13.6734 5.66371 43
    endloop
  endfacet
  facet normal -0.0520716 -0.705293 0.707001
    outer loop
      vertex -0.726201 -14.7822 43
      vertex -1.54867 -15.7239 42
      vertex -0.775269 -15.781 42
    endloop
  endfacet
  facet normal -0.512208 -0.487646 0.706997
    outer loop
      vertex -10.9661 -9.93907 43
      vertex -11.1723 -11.1723 42
      vertex -10.4652 -10.4652 43
    endloop
  endfacet
  facet normal -0.535478 -0.461977 0.706994
    outer loop
      vertex -11.4406 -9.38902 43
      vertex -12.2136 -10.0234 42
      vertex -11.707 -10.6106 42
    endloop
  endfacet
  facet normal 0.659838 0.254528 0.706986
    outer loop
      vertex 14.5973 6.0464 42
      vertex 13.9349 4.98597 43
      vertex 14.8764 5.32286 42
    endloop
  endfacet
  facet normal -0.154899 0.690053 0.706989
    outer loop
      vertex -2.88734 14.5156 43
      vertex -3.83909 15.3265 42
      vertex -3.59611 14.3565 43
    endloop
  endfacet
  facet normal 0.615367 -0.348551 0.70699
    outer loop
      vertex 13.0524 -6.97667 43
      vertex 12.6944 -7.60872 43
      vertex 13.5521 -8.12282 42
    endloop
  endfacet
  facet normal -0.154938 0.690027 0.707005
    outer loop
      vertex -3.08243 15.4964 42
      vertex -3.83909 15.3265 42
      vertex -2.88734 14.5156 43
    endloop
  endfacet
  facet normal -0.435094 0.557541 0.706994
    outer loop
      vertex -8.81635 11.8875 43
      vertex -10.0234 12.2136 42
      vertex -9.38902 11.4406 43
    endloop
  endfacet
  facet normal -0.286607 -0.646531 0.707003
    outer loop
      vertex -6.32782 -13.379 43
      vertex -6.75537 -14.283 42
      vertex -5.66371 -13.6734 43
    endloop
  endfacet
  facet normal -0.407195 0.578227 0.706998
    outer loop
      vertex -8.77801 13.1372 42
      vertex -9.41205 12.6907 42
      vertex -8.81635 11.8875 43
    endloop
  endfacet
  facet normal -0.461959 -0.535512 0.70698
    outer loop
      vertex -9.93907 -10.9661 43
      vertex -10.6106 -11.707 42
      vertex -9.38902 -11.4406 43
    endloop
  endfacet
  facet normal -0.70189 0.0865428 0.707008
    outer loop
      vertex -15.629 2.31834 42
      vertex -15.7239 1.54867 42
      vertex -14.6398 2.17161 43
    endloop
  endfacet
  facet normal 0.487626 -0.512249 0.706981
    outer loop
      vertex 11.1723 -11.1723 42
      vertex 9.93907 -10.9661 43
      vertex 10.6106 -11.707 42
    endloop
  endfacet
  facet normal 0.631706 0.317905 0.707025
    outer loop
      vertex 13.9344 7.44807 42
      vertex 13.0524 6.97667 43
      vertex 14.283 6.75537 42
    endloop
  endfacet
  facet normal 0.615293 0.348613 0.707024
    outer loop
      vertex 13.5521 8.12282 42
      vertex 13.0524 6.97667 43
      vertex 13.9344 7.44807 42
    endloop
  endfacet
  facet normal -0.615367 0.348551 0.70699
    outer loop
      vertex -12.6944 7.60872 43
      vertex -13.5521 8.12282 42
      vertex -13.0524 6.97667 43
    endloop
  endfacet
  facet normal 0.671553 0.221787 0.706985
    outer loop
      vertex 14.8764 5.32286 42
      vertex 13.9349 4.98597 43
      vertex 14.1627 4.29621 43
    endloop
  endfacet
  facet normal 0.659838 -0.254528 0.706986
    outer loop
      vertex 14.8764 -5.32286 42
      vertex 13.9349 -4.98597 43
      vertex 14.5973 -6.0464 42
    endloop
  endfacet
  facet normal 0.681584 -0.188587 0.707021
    outer loop
      vertex 15.3265 -3.83909 42
      vertex 14.1627 -4.29621 43
      vertex 15.1197 -4.5865 42
    endloop
  endfacet
  facet normal 0.705293 0.0520716 0.707001
    outer loop
      vertex 15.7239 1.54867 42
      vertex 14.7822 0.726201 43
      vertex 15.781 0.775269 42
    endloop
  endfacet
  facet normal 0.696793 0.120921 0.707006
    outer loop
      vertex 15.4964 3.08243 42
      vertex 14.5156 2.88734 43
      vertex 15.629 2.31834 42
    endloop
  endfacet
  facet normal 0.461959 0.535512 0.70698
    outer loop
      vertex 10.6106 11.707 42
      vertex 9.38902 11.4406 43
      vertex 9.93907 10.9661 43
    endloop
  endfacet
  facet normal -0.681584 -0.188587 0.707021
    outer loop
      vertex -14.1627 -4.29621 43
      vertex -15.3265 -3.83909 42
      vertex -15.1197 -4.5865 42
    endloop
  endfacet
  facet normal -0.705286 0.0520849 0.707006
    outer loop
      vertex -14.7287 1.45065 43
      vertex -15.7239 1.54867 42
      vertex -14.7822 0.726201 43
    endloop
  endfacet
  facet normal 0.701892 -0.0865487 0.707006
    outer loop
      vertex 14.7287 -1.45065 43
      vertex 14.6398 -2.17161 43
      vertex 15.7239 -1.54867 42
    endloop
  endfacet
  facet normal 0.317905 0.631706 0.707025
    outer loop
      vertex 7.44807 13.9344 42
      vertex 6.75537 14.283 42
      vertex 6.97667 13.0524 43
    endloop
  endfacet
  facet normal -0.461977 0.535478 0.706994
    outer loop
      vertex -10.0234 12.2136 42
      vertex -10.6106 11.707 42
      vertex -9.38902 11.4406 43
    endloop
  endfacet
  facet normal -0.557541 0.435094 0.706994
    outer loop
      vertex -11.4406 9.38902 43
      vertex -12.2136 10.0234 42
      vertex -11.8875 8.81635 43
    endloop
  endfacet
  facet normal 0.348551 -0.615367 0.70699
    outer loop
      vertex 7.60872 -12.6944 43
      vertex 6.97667 -13.0524 43
      vertex 8.12282 -13.5521 42
    endloop
  endfacet
  facet normal 0.461977 -0.535478 0.706994
    outer loop
      vertex 10.6106 -11.707 42
      vertex 9.38902 -11.4406 43
      vertex 10.0234 -12.2136 42
    endloop
  endfacet
  facet normal -0.188587 0.681584 0.707021
    outer loop
      vertex -3.83909 15.3265 42
      vertex -4.5865 15.1197 42
      vertex -4.29621 14.1627 43
    endloop
  endfacet
  facet normal 0.705293 -0.0520716 0.707001
    outer loop
      vertex 15.781 -0.775269 42
      vertex 14.7822 -0.726201 43
      vertex 15.7239 -1.54867 42
    endloop
  endfacet
  facet normal 0.707 -0.0173294 0.707002
    outer loop
      vertex 14.8 0 43
      vertex 14.7822 -0.726201 43
      vertex 15.781 -0.775269 42
    endloop
  endfacet
  facet normal -0.348613 0.615293 0.707024
    outer loop
      vertex -7.44807 13.9344 42
      vertex -8.12282 13.5521 42
      vertex -6.97667 13.0524 43
    endloop
  endfacet
  facet normal -0.0520849 -0.705286 0.707006
    outer loop
      vertex -1.45065 -14.7287 43
      vertex -1.54867 -15.7239 42
      vertex -0.726201 -14.7822 43
    endloop
  endfacet
  facet normal -0.348551 0.615367 0.70699
    outer loop
      vertex -6.97667 13.0524 43
      vertex -8.12282 13.5521 42
      vertex -7.60872 12.6944 43
    endloop
  endfacet
  facet normal -0.578227 0.407195 0.706998
    outer loop
      vertex -12.6907 9.41205 42
      vertex -13.1372 8.77801 42
      vertex -11.8875 8.81635 43
    endloop
  endfacet
  facet normal -0.671489 0.221866 0.70702
    outer loop
      vertex -14.8764 5.32286 42
      vertex -15.1197 4.5865 42
      vertex -14.1627 4.29621 43
    endloop
  endfacet
  facet normal 0.659795 0.254576 0.707009
    outer loop
      vertex 14.5973 6.0464 42
      vertex 13.6734 5.66371 43
      vertex 13.9349 4.98597 43
    endloop
  endfacet
  facet normal 0.348613 0.615293 0.707024
    outer loop
      vertex 7.44807 13.9344 42
      vertex 6.97667 13.0524 43
      vertex 8.12282 13.5521 42
    endloop
  endfacet
  facet normal -0.378356 -0.597482 0.707009
    outer loop
      vertex -8.22244 -12.3057 43
      vertex -8.77801 -13.1372 42
      vertex -8.12282 -13.5521 42
    endloop
  endfacet
  facet normal -0.0173294 0.707 0.707002
    outer loop
      vertex 0 14.8 43
      vertex -0.775269 15.781 42
      vertex -0.726201 14.7822 43
    endloop
  endfacet
  facet normal -0.221787 0.671553 0.706985
    outer loop
      vertex -4.29621 14.1627 43
      vertex -5.32286 14.8764 42
      vertex -4.98597 13.9349 43
    endloop
  endfacet
  facet normal 0.0173269 -0.707001 0.707001
    outer loop
      vertex 0 -14.8 43
      vertex 0 -15.8 42
      vertex 0.775269 -15.781 42
    endloop
  endfacet
  facet normal -0.631706 0.317905 0.707025
    outer loop
      vertex -13.9344 7.44807 42
      vertex -14.283 6.75537 42
      vertex -13.0524 6.97667 43
    endloop
  endfacet
  facet normal 0.221787 0.671553 0.706985
    outer loop
      vertex 5.32286 14.8764 42
      vertex 4.29621 14.1627 43
      vertex 4.98597 13.9349 43
    endloop
  endfacet
  facet normal -0.646531 -0.286607 0.707003
    outer loop
      vertex -13.6734 -5.66371 43
      vertex -14.283 -6.75537 42
      vertex -13.379 -6.32782 43
    endloop
  endfacet
  facet normal 0.512208 0.487646 0.706997
    outer loop
      vertex 11.1723 11.1723 42
      vertex 10.4652 10.4652 43
      vertex 10.9661 9.93907 43
    endloop
  endfacet
  facet normal 0.286607 -0.646531 0.707003
    outer loop
      vertex 6.32782 -13.379 43
      vertex 5.66371 -13.6734 43
      vertex 6.75537 -14.283 42
    endloop
  endfacet
  facet normal -0.578227 -0.407195 0.706998
    outer loop
      vertex -11.8875 -8.81635 43
      vertex -13.1372 -8.77801 42
      vertex -12.6907 -9.41205 42
    endloop
  endfacet
  facet normal 0.557541 0.435094 0.706994
    outer loop
      vertex 12.2136 10.0234 42
      vertex 11.4406 9.38902 43
      vertex 11.8875 8.81635 43
    endloop
  endfacet
  facet normal -0.615293 0.348613 0.707024
    outer loop
      vertex -13.5521 8.12282 42
      vertex -13.9344 7.44807 42
      vertex -13.0524 6.97667 43
    endloop
  endfacet
  facet normal -0.286616 -0.646523 0.707007
    outer loop
      vertex -5.66371 -13.6734 43
      vertex -6.75537 -14.283 42
      vertex -6.0464 -14.5973 42
    endloop
  endfacet
  facet normal -0.0173269 0.707001 0.707001
    outer loop
      vertex 0 15.8 42
      vertex -0.775269 15.781 42
      vertex 0 14.8 43
    endloop
  endfacet
  facet normal 0.120921 0.696793 0.707006
    outer loop
      vertex 3.08243 15.4964 42
      vertex 2.31834 15.629 42
      vertex 2.88734 14.5156 43
    endloop
  endfacet
  facet normal 0.659795 -0.254576 0.707009
    outer loop
      vertex 13.9349 -4.98597 43
      vertex 13.6734 -5.66371 43
      vertex 14.5973 -6.0464 42
    endloop
  endfacet
  facet normal 0.535512 -0.461959 0.70698
    outer loop
      vertex 11.4406 -9.38902 43
      vertex 10.9661 -9.93907 43
      vertex 11.707 -10.6106 42
    endloop
  endfacet
  facet normal 0.681592 -0.188677 0.706989
    outer loop
      vertex 14.3565 -3.59611 43
      vertex 14.1627 -4.29621 43
      vertex 15.3265 -3.83909 42
    endloop
  endfacet
  facet normal -0.221866 -0.671489 0.70702
    outer loop
      vertex -4.29621 -14.1627 43
      vertex -5.32286 -14.8764 42
      vertex -4.5865 -15.1197 42
    endloop
  endfacet
  facet normal -0.615293 -0.348613 0.707024
    outer loop
      vertex -13.0524 -6.97667 43
      vertex -13.9344 -7.44807 42
      vertex -13.5521 -8.12282 42
    endloop
  endfacet
  facet normal -0.557541 -0.435094 0.706994
    outer loop
      vertex -11.8875 -8.81635 43
      vertex -12.2136 -10.0234 42
      vertex -11.4406 -9.38902 43
    endloop
  endfacet
  facet normal -0.407163 0.578235 0.70701
    outer loop
      vertex -8.77801 13.1372 42
      vertex -8.81635 11.8875 43
      vertex -8.22244 12.3057 43
    endloop
  endfacet
  facet normal -0.0520849 0.705286 0.707006
    outer loop
      vertex -0.726201 14.7822 43
      vertex -1.54867 15.7239 42
      vertex -1.45065 14.7287 43
    endloop
  endfacet
  facet normal 0.0865428 -0.70189 0.707008
    outer loop
      vertex 2.17161 -14.6398 43
      vertex 1.54867 -15.7239 42
      vertex 2.31834 -15.629 42
    endloop
  endfacet
  facet normal -0.707 0.0173294 0.707002
    outer loop
      vertex -14.7822 0.726201 43
      vertex -15.781 0.775269 42
      vertex -14.8 0 43
    endloop
  endfacet
  facet normal 0.512249 -0.487626 0.706981
    outer loop
      vertex 11.707 -10.6106 42
      vertex 10.9661 -9.93907 43
      vertex 11.1723 -11.1723 42
    endloop
  endfacet
  facet normal -0.535512 -0.461959 0.70698
    outer loop
      vertex -11.4406 -9.38902 43
      vertex -11.707 -10.6106 42
      vertex -10.9661 -9.93907 43
    endloop
  endfacet
  facet normal 0.535478 0.461977 0.706994
    outer loop
      vertex 11.707 10.6106 42
      vertex 11.4406 9.38902 43
      vertex 12.2136 10.0234 42
    endloop
  endfacet
  facet normal 0.646531 0.286607 0.707003
    outer loop
      vertex 14.283 6.75537 42
      vertex 13.379 6.32782 43
      vertex 13.6734 5.66371 43
    endloop
  endfacet
  facet normal -0.0173294 -0.707 0.707002
    outer loop
      vertex -0.726201 -14.7822 43
      vertex -0.775269 -15.781 42
      vertex 0 -14.8 43
    endloop
  endfacet
  facet normal 0.154899 -0.690053 0.706989
    outer loop
      vertex 3.59611 -14.3565 43
      vertex 2.88734 -14.5156 43
      vertex 3.83909 -15.3265 42
    endloop
  endfacet
  facet normal -0.690053 0.154899 0.706989
    outer loop
      vertex -14.3565 3.59611 43
      vertex -15.3265 3.83909 42
      vertex -14.5156 2.88734 43
    endloop
  endfacet
  facet normal 0.378356 -0.597482 0.707009
    outer loop
      vertex 8.22244 -12.3057 43
      vertex 8.12282 -13.5521 42
      vertex 8.77801 -13.1372 42
    endloop
  endfacet
  facet normal 0.348613 -0.615293 0.707024
    outer loop
      vertex 8.12282 -13.5521 42
      vertex 6.97667 -13.0524 43
      vertex 7.44807 -13.9344 42
    endloop
  endfacet
  facet normal 0.631706 -0.317905 0.707025
    outer loop
      vertex 14.283 -6.75537 42
      vertex 13.0524 -6.97667 43
      vertex 13.9344 -7.44807 42
    endloop
  endfacet
  facet normal 0.188677 0.681592 0.706989
    outer loop
      vertex 3.83909 15.3265 42
      vertex 3.59611 14.3565 43
      vertex 4.29621 14.1627 43
    endloop
  endfacet
  facet normal 0.378356 0.597482 0.707009
    outer loop
      vertex 8.77801 13.1372 42
      vertex 8.12282 13.5521 42
      vertex 8.22244 12.3057 43
    endloop
  endfacet
  facet normal 0.696792 0.120914 0.707008
    outer loop
      vertex 15.629 2.31834 42
      vertex 14.5156 2.88734 43
      vertex 14.6398 2.17161 43
    endloop
  endfacet
  facet normal 0.646523 0.286616 0.707007
    outer loop
      vertex 14.283 6.75537 42
      vertex 13.6734 5.66371 43
      vertex 14.5973 6.0464 42
    endloop
  endfacet
  facet normal 0.615293 -0.348613 0.707024
    outer loop
      vertex 13.9344 -7.44807 42
      vertex 13.0524 -6.97667 43
      vertex 13.5521 -8.12282 42
    endloop
  endfacet
  facet normal -0.0865487 -0.701892 0.707006
    outer loop
      vertex -1.45065 -14.7287 43
      vertex -2.17161 -14.6398 43
      vertex -1.54867 -15.7239 42
    endloop
  endfacet
  facet normal 0.317967 0.631699 0.707003
    outer loop
      vertex 6.75537 14.283 42
      vertex 6.32782 13.379 43
      vertex 6.97667 13.0524 43
    endloop
  endfacet
  facet normal 0.70189 0.0865428 0.707008
    outer loop
      vertex 15.629 2.31834 42
      vertex 14.6398 2.17161 43
      vertex 15.7239 1.54867 42
    endloop
  endfacet
  facet normal 0.705286 0.0520849 0.707006
    outer loop
      vertex 15.7239 1.54867 42
      vertex 14.7287 1.45065 43
      vertex 14.7822 0.726201 43
    endloop
  endfacet
  facet normal -0.659795 -0.254576 0.707009
    outer loop
      vertex -13.9349 -4.98597 43
      vertex -14.5973 -6.0464 42
      vertex -13.6734 -5.66371 43
    endloop
  endfacet
  facet normal -0.696792 0.120914 0.707008
    outer loop
      vertex -14.5156 2.88734 43
      vertex -15.629 2.31834 42
      vertex -14.6398 2.17161 43
    endloop
  endfacet
  facet normal 0.707 0.0173294 0.707002
    outer loop
      vertex 15.781 0.775269 42
      vertex 14.7822 0.726201 43
      vertex 14.8 0 43
    endloop
  endfacet
  facet normal 0.0865487 0.701892 0.707006
    outer loop
      vertex 1.54867 15.7239 42
      vertex 1.45065 14.7287 43
      vertex 2.17161 14.6398 43
    endloop
  endfacet
  facet normal -0.221866 0.671489 0.70702
    outer loop
      vertex -4.5865 15.1197 42
      vertex -5.32286 14.8764 42
      vertex -4.29621 14.1627 43
    endloop
  endfacet
  facet normal 0.535512 0.461959 0.70698
    outer loop
      vertex 11.707 10.6106 42
      vertex 10.9661 9.93907 43
      vertex 11.4406 9.38902 43
    endloop
  endfacet
  facet normal -0.120914 -0.696792 0.707008
    outer loop
      vertex -2.17161 -14.6398 43
      vertex -2.88734 -14.5156 43
      vertex -2.31834 -15.629 42
    endloop
  endfacet
  facet normal -0.707001 -0.0173269 0.707001
    outer loop
      vertex -14.8 0 43
      vertex -15.8 0 42
      vertex -15.781 -0.775269 42
    endloop
  endfacet
  facet normal -0.705293 -0.0520716 0.707001
    outer loop
      vertex -14.7822 -0.726201 43
      vertex -15.781 -0.775269 42
      vertex -15.7239 -1.54867 42
    endloop
  endfacet
  facet normal 0.254528 -0.659838 0.706986
    outer loop
      vertex 6.0464 -14.5973 42
      vertex 4.98597 -13.9349 43
      vertex 5.32286 -14.8764 42
    endloop
  endfacet
  facet normal 0.646523 -0.286616 0.707007
    outer loop
      vertex 14.5973 -6.0464 42
      vertex 13.6734 -5.66371 43
      vertex 14.283 -6.75537 42
    endloop
  endfacet
  facet normal 0.705286 -0.0520849 0.707006
    outer loop
      vertex 14.7822 -0.726201 43
      vertex 14.7287 -1.45065 43
      vertex 15.7239 -1.54867 42
    endloop
  endfacet
  facet normal 0.120914 0.696792 0.707008
    outer loop
      vertex 2.31834 15.629 42
      vertex 2.17161 14.6398 43
      vertex 2.88734 14.5156 43
    endloop
  endfacet
  facet normal 0.317967 -0.631699 0.707003
    outer loop
      vertex 6.97667 -13.0524 43
      vertex 6.32782 -13.379 43
      vertex 6.75537 -14.283 42
    endloop
  endfacet
  facet normal -0.120914 0.696792 0.707008
    outer loop
      vertex -2.31834 15.629 42
      vertex -2.88734 14.5156 43
      vertex -2.17161 14.6398 43
    endloop
  endfacet
  facet normal -0.120921 0.696793 0.707006
    outer loop
      vertex -2.31834 15.629 42
      vertex -3.08243 15.4964 42
      vertex -2.88734 14.5156 43
    endloop
  endfacet
  facet normal 0.597471 -0.378409 0.706991
    outer loop
      vertex 12.6944 -7.60872 43
      vertex 12.3057 -8.22244 43
      vertex 13.5521 -8.12282 42
    endloop
  endfacet
  facet normal -0.615367 -0.348551 0.70699
    outer loop
      vertex -13.0524 -6.97667 43
      vertex -13.5521 -8.12282 42
      vertex -12.6944 -7.60872 43
    endloop
  endfacet
  facet normal -0.646523 0.286616 0.707007
    outer loop
      vertex -14.283 6.75537 42
      vertex -14.5973 6.0464 42
      vertex -13.6734 5.66371 43
    endloop
  endfacet
  facet normal 0.120921 -0.696793 0.707006
    outer loop
      vertex 2.88734 -14.5156 43
      vertex 2.31834 -15.629 42
      vertex 3.08243 -15.4964 42
    endloop
  endfacet
  facet normal 0.286607 0.646531 0.707003
    outer loop
      vertex 6.75537 14.283 42
      vertex 5.66371 13.6734 43
      vertex 6.32782 13.379 43
    endloop
  endfacet
  facet normal -0.597471 -0.378409 0.706991
    outer loop
      vertex -12.6944 -7.60872 43
      vertex -13.5521 -8.12282 42
      vertex -12.3057 -8.22244 43
    endloop
  endfacet
  facet normal -0.407163 -0.578235 0.70701
    outer loop
      vertex -8.22244 -12.3057 43
      vertex -8.81635 -11.8875 43
      vertex -8.77801 -13.1372 42
    endloop
  endfacet
  facet normal -0.690027 0.154938 0.707005
    outer loop
      vertex -15.3265 3.83909 42
      vertex -15.4964 3.08243 42
      vertex -14.5156 2.88734 43
    endloop
  endfacet
  facet normal -0.681584 0.188587 0.707021
    outer loop
      vertex -15.1197 4.5865 42
      vertex -15.3265 3.83909 42
      vertex -14.1627 4.29621 43
    endloop
  endfacet
  facet normal -0.690053 -0.154899 0.706989
    outer loop
      vertex -14.5156 -2.88734 43
      vertex -15.3265 -3.83909 42
      vertex -14.3565 -3.59611 43
    endloop
  endfacet
  facet normal -0.681592 -0.188677 0.706989
    outer loop
      vertex -14.3565 -3.59611 43
      vertex -15.3265 -3.83909 42
      vertex -14.1627 -4.29621 43
    endloop
  endfacet
  facet normal -0.671489 -0.221866 0.70702
    outer loop
      vertex -14.1627 -4.29621 43
      vertex -15.1197 -4.5865 42
      vertex -14.8764 -5.32286 42
    endloop
  endfacet
  facet normal 0.512249 0.487626 0.706981
    outer loop
      vertex 11.1723 11.1723 42
      vertex 10.9661 9.93907 43
      vertex 11.707 10.6106 42
    endloop
  endfacet
  facet normal -0.4351 -0.557532 0.706998
    outer loop
      vertex -8.81635 -11.8875 43
      vertex -10.0234 -12.2136 42
      vertex -9.41205 -12.6907 42
    endloop
  endfacet
  facet normal -0.407195 -0.578227 0.706998
    outer loop
      vertex -8.81635 -11.8875 43
      vertex -9.41205 -12.6907 42
      vertex -8.77801 -13.1372 42
    endloop
  endfacet
  facet normal -0.188677 -0.681592 0.706989
    outer loop
      vertex -3.59611 -14.3565 43
      vertex -4.29621 -14.1627 43
      vertex -3.83909 -15.3265 42
    endloop
  endfacet
  facet normal -0.681592 0.188677 0.706989
    outer loop
      vertex -14.1627 4.29621 43
      vertex -15.3265 3.83909 42
      vertex -14.3565 3.59611 43
    endloop
  endfacet
  facet normal 0.378409 -0.597471 0.706991
    outer loop
      vertex 8.22244 -12.3057 43
      vertex 7.60872 -12.6944 43
      vertex 8.12282 -13.5521 42
    endloop
  endfacet
  facet normal 0.435094 -0.557541 0.706994
    outer loop
      vertex 9.38902 -11.4406 43
      vertex 8.81635 -11.8875 43
      vertex 10.0234 -12.2136 42
    endloop
  endfacet
  facet normal 0.690053 -0.154899 0.706989
    outer loop
      vertex 14.5156 -2.88734 43
      vertex 14.3565 -3.59611 43
      vertex 15.3265 -3.83909 42
    endloop
  endfacet
  facet normal 0.487626 0.512249 0.706981
    outer loop
      vertex 10.6106 11.707 42
      vertex 9.93907 10.9661 43
      vertex 11.1723 11.1723 42
    endloop
  endfacet
  facet normal -0.286616 0.646523 0.707007
    outer loop
      vertex -6.0464 14.5973 42
      vertex -6.75537 14.283 42
      vertex -5.66371 13.6734 43
    endloop
  endfacet
  facet normal 0.578235 -0.407163 0.70701
    outer loop
      vertex 12.3057 -8.22244 43
      vertex 11.8875 -8.81635 43
      vertex 13.1372 -8.77801 42
    endloop
  endfacet
  facet normal -0.221787 -0.671553 0.706985
    outer loop
      vertex -4.98597 -13.9349 43
      vertex -5.32286 -14.8764 42
      vertex -4.29621 -14.1627 43
    endloop
  endfacet
  facet normal 0.0173269 0.707001 0.707001
    outer loop
      vertex 0 15.8 42
      vertex 0 14.8 43
      vertex 0.775269 15.781 42
    endloop
  endfacet
  facet normal 0.407195 -0.578227 0.706998
    outer loop
      vertex 8.81635 -11.8875 43
      vertex 8.77801 -13.1372 42
      vertex 9.41205 -12.6907 42
    endloop
  endfacet
  facet normal 0.557532 -0.4351 0.706998
    outer loop
      vertex 12.6907 -9.41205 42
      vertex 11.8875 -8.81635 43
      vertex 12.2136 -10.0234 42
    endloop
  endfacet
  facet normal 0.597471 0.378409 0.706991
    outer loop
      vertex 13.5521 8.12282 42
      vertex 12.3057 8.22244 43
      vertex 12.6944 7.60872 43
    endloop
  endfacet
  facet normal 0.578227 -0.407195 0.706998
    outer loop
      vertex 13.1372 -8.77801 42
      vertex 11.8875 -8.81635 43
      vertex 12.6907 -9.41205 42
    endloop
  endfacet
  facet normal -0.696792 -0.120914 0.707008
    outer loop
      vertex -14.6398 -2.17161 43
      vertex -15.629 -2.31834 42
      vertex -14.5156 -2.88734 43
    endloop
  endfacet
  facet normal 0.348551 0.615367 0.70699
    outer loop
      vertex 8.12282 13.5521 42
      vertex 6.97667 13.0524 43
      vertex 7.60872 12.6944 43
    endloop
  endfacet
  facet normal 0.378409 0.597471 0.706991
    outer loop
      vertex 8.12282 13.5521 42
      vertex 7.60872 12.6944 43
      vertex 8.22244 12.3057 43
    endloop
  endfacet
  facet normal 0.535478 -0.461977 0.706994
    outer loop
      vertex 12.2136 -10.0234 42
      vertex 11.4406 -9.38902 43
      vertex 11.707 -10.6106 42
    endloop
  endfacet
  facet normal -0.286607 0.646531 0.707003
    outer loop
      vertex -5.66371 13.6734 43
      vertex -6.75537 14.283 42
      vertex -6.32782 13.379 43
    endloop
  endfacet
  facet normal 0.120914 -0.696792 0.707008
    outer loop
      vertex 2.88734 -14.5156 43
      vertex 2.17161 -14.6398 43
      vertex 2.31834 -15.629 42
    endloop
  endfacet
  facet normal 0.254576 -0.659795 0.707009
    outer loop
      vertex 5.66371 -13.6734 43
      vertex 4.98597 -13.9349 43
      vertex 6.0464 -14.5973 42
    endloop
  endfacet
  facet normal -0.696793 -0.120921 0.707006
    outer loop
      vertex -14.5156 -2.88734 43
      vertex -15.629 -2.31834 42
      vertex -15.4964 -3.08243 42
    endloop
  endfacet
  facet normal -0.487626 -0.512249 0.706981
    outer loop
      vertex -9.93907 -10.9661 43
      vertex -11.1723 -11.1723 42
      vertex -10.6106 -11.707 42
    endloop
  endfacet
  facet normal -0.317967 0.631699 0.707003
    outer loop
      vertex -6.75537 14.283 42
      vertex -6.97667 13.0524 43
      vertex -6.32782 13.379 43
    endloop
  endfacet
  facet normal -0.254528 0.659838 0.706986
    outer loop
      vertex -5.32286 14.8764 42
      vertex -6.0464 14.5973 42
      vertex -4.98597 13.9349 43
    endloop
  endfacet
  facet normal -0.254576 0.659795 0.707009
    outer loop
      vertex -4.98597 13.9349 43
      vertex -6.0464 14.5973 42
      vertex -5.66371 13.6734 43
    endloop
  endfacet
  facet normal -0.254576 -0.659795 0.707009
    outer loop
      vertex -5.66371 -13.6734 43
      vertex -6.0464 -14.5973 42
      vertex -4.98597 -13.9349 43
    endloop
  endfacet
  facet normal 0.4351 -0.557532 0.706998
    outer loop
      vertex 10.0234 -12.2136 42
      vertex 8.81635 -11.8875 43
      vertex 9.41205 -12.6907 42
    endloop
  endfacet
  facet normal 0.407163 -0.578235 0.70701
    outer loop
      vertex 8.81635 -11.8875 43
      vertex 8.22244 -12.3057 43
      vertex 8.77801 -13.1372 42
    endloop
  endfacet
  facet normal 0.221866 -0.671489 0.70702
    outer loop
      vertex 5.32286 -14.8764 42
      vertex 4.29621 -14.1627 43
      vertex 4.5865 -15.1197 42
    endloop
  endfacet
  facet normal 0.0173294 0.707 0.707002
    outer loop
      vertex 0.775269 15.781 42
      vertex 0 14.8 43
      vertex 0.726201 14.7822 43
    endloop
  endfacet
  facet normal 0.221787 -0.671553 0.706985
    outer loop
      vertex 4.98597 -13.9349 43
      vertex 4.29621 -14.1627 43
      vertex 5.32286 -14.8764 42
    endloop
  endfacet
  facet normal -0.997289 -0.073589 0
    outer loop
      vertex 13.3839 0.657506 4
      vertex 13.3355 1.31343 43
      vertex 13.3355 1.31343 4
    endloop
  endfacet
  facet normal -0.997289 -0.073589 0
    outer loop
      vertex 13.3355 1.31343 43
      vertex 13.3839 0.657506 4
      vertex 13.3839 0.657506 43
    endloop
  endfacet
  facet normal -0.9997 -0.0244791 0
    outer loop
      vertex 13.4 0 4
      vertex 13.3839 0.657506 43
      vertex 13.3839 0.657506 4
    endloop
  endfacet
  facet normal -0.9997 -0.0244791 0
    outer loop
      vertex 13.3839 0.657506 43
      vertex 13.4 0 4
      vertex 13.4 0 43
    endloop
  endfacet
  facet normal -0.992481 -0.122395 0
    outer loop
      vertex 13.3355 1.31343 4
      vertex 13.255 1.96619 43
      vertex 13.255 1.96619 4
    endloop
  endfacet
  facet normal -0.992481 -0.122395 0
    outer loop
      vertex 13.255 1.96619 43
      vertex 13.3355 1.31343 4
      vertex 13.3355 1.31343 43
    endloop
  endfacet
  facet normal 0.073589 -0.997289 0
    outer loop
      vertex -1.31343 13.3355 4
      vertex -0.657506 13.3839 43
      vertex -1.31343 13.3355 43
    endloop
  endfacet
  facet normal 0.073589 -0.997289 0
    outer loop
      vertex -0.657506 13.3839 43
      vertex -1.31343 13.3355 4
      vertex -0.657506 13.3839 4
    endloop
  endfacet
  facet normal -0.073589 0.997289 0
    outer loop
      vertex 1.31343 -13.3355 4
      vertex 0.657506 -13.3839 43
      vertex 1.31343 -13.3355 43
    endloop
  endfacet
  facet normal -0.073589 0.997289 0
    outer loop
      vertex 0.657506 -13.3839 43
      vertex 1.31343 -13.3355 4
      vertex 0.657506 -13.3839 4
    endloop
  endfacet
  facet normal 0.313668 -0.949533 0
    outer loop
      vertex -4.51432 12.6167 4
      vertex -3.88981 12.823 43
      vertex -4.51432 12.6167 43
    endloop
  endfacet
  facet normal 0.313668 -0.949533 0
    outer loop
      vertex -3.88981 12.823 43
      vertex -4.51432 12.6167 4
      vertex -3.88981 12.823 4
    endloop
  endfacet
  facet normal -0.87014 -0.492805 0
    outer loop
      vertex 11.8177 6.31672 4
      vertex 11.4936 6.88898 43
      vertex 11.4936 6.88898 4
    endloop
  endfacet
  facet normal -0.87014 -0.492805 0
    outer loop
      vertex 11.4936 6.88898 43
      vertex 11.8177 6.31672 4
      vertex 11.8177 6.31672 43
    endloop
  endfacet
  facet normal -0.932996 0.359886 0
    outer loop
      vertex 12.38 -5.12796 4
      vertex 12.6167 -4.51432 43
      vertex 12.6167 -4.51432 4
    endloop
  endfacet
  facet normal -0.932996 0.359886 0
    outer loop
      vertex 12.6167 -4.51432 43
      vertex 12.38 -5.12796 4
      vertex 12.38 -5.12796 43
    endloop
  endfacet
  facet normal 0.992481 -0.122395 0
    outer loop
      vertex -13.3355 1.31343 43
      vertex -13.255 1.96619 4
      vertex -13.255 1.96619 43
    endloop
  endfacet
  facet normal 0.992481 -0.122395 0
    outer loop
      vertex -13.255 1.96619 4
      vertex -13.3355 1.31343 43
      vertex -13.3355 1.31343 4
    endloop
  endfacet
  facet normal 0.615287 0.788303 -0
    outer loop
      vertex -7.98237 -10.763 4
      vertex -8.50087 -10.3583 43
      vertex -7.98237 -10.763 43
    endloop
  endfacet
  facet normal 0.615287 0.788303 0
    outer loop
      vertex -8.50087 -10.3583 43
      vertex -7.98237 -10.763 4
      vertex -8.50087 -10.3583 4
    endloop
  endfacet
  facet normal -0.914226 -0.405204 0
    outer loop
      vertex 12.38 5.12796 4
      vertex 12.1135 5.72924 43
      vertex 12.1135 5.72924 4
    endloop
  endfacet
  facet normal -0.914226 -0.405204 0
    outer loop
      vertex 12.1135 5.72924 43
      vertex 12.38 5.12796 4
      vertex 12.38 5.12796 43
    endloop
  endfacet
  facet normal 0.72425 -0.689538 0
    outer loop
      vertex -9.92874 8.99889 43
      vertex -9.47523 9.47523 4
      vertex -9.47523 9.47523 43
    endloop
  endfacet
  facet normal 0.72425 -0.689538 0
    outer loop
      vertex -9.47523 9.47523 4
      vertex -9.92874 8.99889 43
      vertex -9.92874 8.99889 4
    endloop
  endfacet
  facet normal 0.359886 0.932996 -0
    outer loop
      vertex -4.51432 -12.6167 4
      vertex -5.12796 -12.38 43
      vertex -4.51432 -12.6167 43
    endloop
  endfacet
  facet normal 0.359886 0.932996 0
    outer loop
      vertex -5.12796 -12.38 43
      vertex -4.51432 -12.6167 4
      vertex -5.12796 -12.38 4
    endloop
  endfacet
  facet normal -0.405204 -0.914226 0
    outer loop
      vertex 5.12796 12.38 4
      vertex 5.72924 12.1135 43
      vertex 5.12796 12.38 43
    endloop
  endfacet
  facet normal -0.405204 -0.914226 -0
    outer loop
      vertex 5.72924 12.1135 43
      vertex 5.12796 12.38 4
      vertex 5.72924 12.1135 4
    endloop
  endfacet
  facet normal -0.975703 -0.219097 0
    outer loop
      vertex 13.1425 2.61421 4
      vertex 12.9984 3.25593 43
      vertex 12.9984 3.25593 4
    endloop
  endfacet
  facet normal -0.975703 -0.219097 0
    outer loop
      vertex 12.9984 3.25593 43
      vertex 13.1425 2.61421 4
      vertex 13.1425 2.61421 43
    endloop
  endfacet
  facet normal -0.575796 0.817594 0
    outer loop
      vertex 7.98237 -10.763 4
      vertex 7.44464 -11.1417 43
      vertex 7.98237 -10.763 43
    endloop
  endfacet
  facet normal -0.575796 0.817594 0
    outer loop
      vertex 7.44464 -11.1417 43
      vertex 7.98237 -10.763 4
      vertex 7.44464 -11.1417 4
    endloop
  endfacet
  facet normal -0.985263 -0.171047 0
    outer loop
      vertex 13.255 1.96619 4
      vertex 13.1425 2.61421 43
      vertex 13.1425 2.61421 4
    endloop
  endfacet
  facet normal -0.985263 -0.171047 0
    outer loop
      vertex 13.1425 2.61421 43
      vertex 13.255 1.96619 4
      vertex 13.255 1.96619 43
    endloop
  endfacet
  facet normal 0.985263 0.171047 0
    outer loop
      vertex -13.1425 -2.61421 43
      vertex -13.255 -1.96619 4
      vertex -13.255 -1.96619 43
    endloop
  endfacet
  facet normal 0.985263 0.171047 0
    outer loop
      vertex -13.255 -1.96619 4
      vertex -13.1425 -2.61421 43
      vertex -13.1425 -2.61421 4
    endloop
  endfacet
  facet normal -0.985263 0.171047 0
    outer loop
      vertex 13.1425 -2.61421 4
      vertex 13.255 -1.96619 43
      vertex 13.255 -1.96619 4
    endloop
  endfacet
  facet normal -0.985263 0.171047 0
    outer loop
      vertex 13.255 -1.96619 43
      vertex 13.1425 -2.61421 4
      vertex 13.1425 -2.61421 43
    endloop
  endfacet
  facet normal -0.893171 0.449717 0
    outer loop
      vertex 11.8177 -6.31672 4
      vertex 12.1135 -5.72924 43
      vertex 12.1135 -5.72924 4
    endloop
  endfacet
  facet normal -0.893171 0.449717 0
    outer loop
      vertex 12.1135 -5.72924 43
      vertex 11.8177 -6.31672 4
      vertex 11.8177 -6.31672 43
    endloop
  endfacet
  facet normal 0.963783 -0.266687 0
    outer loop
      vertex -12.9984 3.25593 43
      vertex -12.823 3.88981 4
      vertex -12.823 3.88981 43
    endloop
  endfacet
  facet normal 0.963783 -0.266687 0
    outer loop
      vertex -12.823 3.88981 4
      vertex -12.9984 3.25593 43
      vertex -12.9984 3.25593 4
    endloop
  endfacet
  facet normal 0.122395 -0.992481 0
    outer loop
      vertex -1.96619 13.255 4
      vertex -1.31343 13.3355 43
      vertex -1.96619 13.255 43
    endloop
  endfacet
  facet normal 0.122395 -0.992481 0
    outer loop
      vertex -1.31343 13.3355 43
      vertex -1.96619 13.255 4
      vertex -1.31343 13.3355 4
    endloop
  endfacet
  facet normal -0.949533 -0.313668 0
    outer loop
      vertex 12.823 3.88981 4
      vertex 12.6167 4.51432 43
      vertex 12.6167 4.51432 4
    endloop
  endfacet
  facet normal -0.949533 -0.313668 0
    outer loop
      vertex 12.6167 4.51432 43
      vertex 12.823 3.88981 4
      vertex 12.823 3.88981 43
    endloop
  endfacet
  facet normal -0.914226 0.405204 0
    outer loop
      vertex 12.1135 -5.72924 4
      vertex 12.38 -5.12796 43
      vertex 12.38 -5.12796 4
    endloop
  endfacet
  facet normal -0.914226 0.405204 0
    outer loop
      vertex 12.38 -5.12796 43
      vertex 12.1135 -5.72924 4
      vertex 12.1135 -5.72924 43
    endloop
  endfacet
  facet normal -0.757235 0.653142 0
    outer loop
      vertex 9.92874 -8.99889 4
      vertex 10.3583 -8.50087 43
      vertex 10.3583 -8.50087 4
    endloop
  endfacet
  facet normal -0.757235 0.653142 0
    outer loop
      vertex 10.3583 -8.50087 43
      vertex 9.92874 -8.99889 4
      vertex 9.92874 -8.99889 43
    endloop
  endfacet
  facet normal -0.949533 0.313668 0
    outer loop
      vertex 12.6167 -4.51432 4
      vertex 12.823 -3.88981 43
      vertex 12.823 -3.88981 4
    endloop
  endfacet
  facet normal -0.949533 0.313668 0
    outer loop
      vertex 12.823 -3.88981 43
      vertex 12.6167 -4.51432 4
      vertex 12.6167 -4.51432 43
    endloop
  endfacet
  facet normal 0.997289 -0.073589 0
    outer loop
      vertex -13.3839 0.657506 43
      vertex -13.3355 1.31343 4
      vertex -13.3355 1.31343 43
    endloop
  endfacet
  facet normal 0.997289 -0.073589 0
    outer loop
      vertex -13.3355 1.31343 4
      vertex -13.3839 0.657506 43
      vertex -13.3839 0.657506 4
    endloop
  endfacet
  facet normal 0.932996 -0.359886 0
    outer loop
      vertex -12.6167 4.51432 43
      vertex -12.38 5.12796 4
      vertex -12.38 5.12796 43
    endloop
  endfacet
  facet normal 0.932996 -0.359886 0
    outer loop
      vertex -12.38 5.12796 4
      vertex -12.6167 4.51432 43
      vertex -12.6167 4.51432 4
    endloop
  endfacet
  facet normal -0.171047 0.985263 0
    outer loop
      vertex 2.61421 -13.1425 4
      vertex 1.96619 -13.255 43
      vertex 2.61421 -13.1425 43
    endloop
  endfacet
  facet normal -0.171047 0.985263 0
    outer loop
      vertex 1.96619 -13.255 43
      vertex 2.61421 -13.1425 4
      vertex 1.96619 -13.255 4
    endloop
  endfacet
  facet normal 0.171047 0.985263 -0
    outer loop
      vertex -1.96619 -13.255 4
      vertex -2.61421 -13.1425 43
      vertex -1.96619 -13.255 43
    endloop
  endfacet
  facet normal 0.171047 0.985263 0
    outer loop
      vertex -2.61421 -13.1425 43
      vertex -1.96619 -13.255 4
      vertex -2.61421 -13.1425 4
    endloop
  endfacet
  facet normal 0.653142 -0.757235 0
    outer loop
      vertex -8.99889 9.92874 4
      vertex -8.50087 10.3583 43
      vertex -8.99889 9.92874 43
    endloop
  endfacet
  facet normal 0.653142 -0.757235 0
    outer loop
      vertex -8.50087 10.3583 43
      vertex -8.99889 9.92874 4
      vertex -8.50087 10.3583 4
    endloop
  endfacet
  facet normal 0.0244791 0.9997 -0
    outer loop
      vertex 0 -13.4 4
      vertex -0.657506 -13.3839 43
      vertex 0 -13.4 43
    endloop
  endfacet
  facet normal 0.0244791 0.9997 0
    outer loop
      vertex -0.657506 -13.3839 43
      vertex 0 -13.4 4
      vertex -0.657506 -13.3839 4
    endloop
  endfacet
  facet normal 0.449717 -0.893171 0
    outer loop
      vertex -6.31672 11.8177 4
      vertex -5.72924 12.1135 43
      vertex -6.31672 11.8177 43
    endloop
  endfacet
  facet normal 0.449717 -0.893171 0
    outer loop
      vertex -5.72924 12.1135 43
      vertex -6.31672 11.8177 4
      vertex -5.72924 12.1135 4
    endloop
  endfacet
  facet normal 0.817594 -0.575796 0
    outer loop
      vertex -11.1417 7.44464 43
      vertex -10.763 7.98237 4
      vertex -10.763 7.98237 43
    endloop
  endfacet
  facet normal 0.817594 -0.575796 0
    outer loop
      vertex -10.763 7.98237 4
      vertex -11.1417 7.44464 43
      vertex -11.1417 7.44464 4
    endloop
  endfacet
  facet normal -0.689538 -0.72425 0
    outer loop
      vertex 8.99889 9.92874 4
      vertex 9.47523 9.47523 43
      vertex 8.99889 9.92874 43
    endloop
  endfacet
  facet normal -0.689538 -0.72425 -0
    outer loop
      vertex 9.47523 9.47523 43
      vertex 8.99889 9.92874 4
      vertex 9.47523 9.47523 4
    endloop
  endfacet
  facet normal -0.817594 0.575796 0
    outer loop
      vertex 10.763 -7.98237 4
      vertex 11.1417 -7.44464 43
      vertex 11.1417 -7.44464 4
    endloop
  endfacet
  facet normal -0.817594 0.575796 0
    outer loop
      vertex 11.1417 -7.44464 43
      vertex 10.763 -7.98237 4
      vertex 10.763 -7.98237 43
    endloop
  endfacet
  facet normal 0.689538 -0.72425 0
    outer loop
      vertex -9.47523 9.47523 4
      vertex -8.99889 9.92874 43
      vertex -9.47523 9.47523 43
    endloop
  endfacet
  facet normal 0.689538 -0.72425 0
    outer loop
      vertex -8.99889 9.92874 43
      vertex -9.47523 9.47523 4
      vertex -8.99889 9.92874 4
    endloop
  endfacet
  facet normal -0.535033 0.844831 0
    outer loop
      vertex 7.44464 -11.1417 4
      vertex 6.88898 -11.4936 43
      vertex 7.44464 -11.1417 43
    endloop
  endfacet
  facet normal -0.535033 0.844831 0
    outer loop
      vertex 6.88898 -11.4936 43
      vertex 7.44464 -11.1417 4
      vertex 6.88898 -11.4936 4
    endloop
  endfacet
  facet normal -0.0244791 0.9997 0
    outer loop
      vertex 0.657506 -13.3839 4
      vertex 0 -13.4 43
      vertex 0.657506 -13.3839 43
    endloop
  endfacet
  facet normal -0.0244791 0.9997 0
    outer loop
      vertex 0 -13.4 43
      vertex 0.657506 -13.3839 4
      vertex 0 -13.4 4
    endloop
  endfacet
  facet normal 0.985263 -0.171047 0
    outer loop
      vertex -13.255 1.96619 43
      vertex -13.1425 2.61421 4
      vertex -13.1425 2.61421 43
    endloop
  endfacet
  facet normal 0.985263 -0.171047 0
    outer loop
      vertex -13.1425 2.61421 4
      vertex -13.255 1.96619 43
      vertex -13.255 1.96619 4
    endloop
  endfacet
  facet normal 0.9997 0.0244791 0
    outer loop
      vertex -13.3839 -0.657506 43
      vertex -13.4 0 4
      vertex -13.4 0 43
    endloop
  endfacet
  facet normal 0.9997 0.0244791 0
    outer loop
      vertex -13.4 0 4
      vertex -13.3839 -0.657506 43
      vertex -13.3839 -0.657506 4
    endloop
  endfacet
  facet normal 0.893171 0.449717 0
    outer loop
      vertex -11.8177 -6.31672 43
      vertex -12.1135 -5.72924 4
      vertex -12.1135 -5.72924 43
    endloop
  endfacet
  facet normal 0.893171 0.449717 0
    outer loop
      vertex -12.1135 -5.72924 4
      vertex -11.8177 -6.31672 43
      vertex -11.8177 -6.31672 4
    endloop
  endfacet
  facet normal 0.997289 0.073589 0
    outer loop
      vertex -13.3355 -1.31343 43
      vertex -13.3839 -0.657506 4
      vertex -13.3839 -0.657506 43
    endloop
  endfacet
  facet normal 0.997289 0.073589 0
    outer loop
      vertex -13.3839 -0.657506 4
      vertex -13.3355 -1.31343 43
      vertex -13.3355 -1.31343 4
    endloop
  endfacet
  facet normal -0.073589 -0.997289 0
    outer loop
      vertex 0.657506 13.3839 4
      vertex 1.31343 13.3355 43
      vertex 0.657506 13.3839 43
    endloop
  endfacet
  facet normal -0.073589 -0.997289 -0
    outer loop
      vertex 1.31343 13.3355 43
      vertex 0.657506 13.3839 4
      vertex 1.31343 13.3355 4
    endloop
  endfacet
  facet normal -0.405204 0.914226 0
    outer loop
      vertex 5.72924 -12.1135 4
      vertex 5.12796 -12.38 43
      vertex 5.72924 -12.1135 43
    endloop
  endfacet
  facet normal -0.405204 0.914226 0
    outer loop
      vertex 5.12796 -12.38 43
      vertex 5.72924 -12.1135 4
      vertex 5.12796 -12.38 4
    endloop
  endfacet
  facet normal 0.0244791 -0.9997 0
    outer loop
      vertex -0.657506 13.3839 4
      vertex 0 13.4 43
      vertex -0.657506 13.3839 43
    endloop
  endfacet
  facet normal 0.0244791 -0.9997 0
    outer loop
      vertex 0 13.4 43
      vertex -0.657506 13.3839 4
      vertex 0 13.4 4
    endloop
  endfacet
  facet normal -0.72425 -0.689538 0
    outer loop
      vertex 9.92874 8.99889 4
      vertex 9.47523 9.47523 43
      vertex 9.47523 9.47523 4
    endloop
  endfacet
  facet normal -0.72425 -0.689538 0
    outer loop
      vertex 9.47523 9.47523 43
      vertex 9.92874 8.99889 4
      vertex 9.92874 8.99889 43
    endloop
  endfacet
  facet normal -0.492805 -0.87014 0
    outer loop
      vertex 6.31672 11.8177 4
      vertex 6.88898 11.4936 43
      vertex 6.31672 11.8177 43
    endloop
  endfacet
  facet normal -0.492805 -0.87014 -0
    outer loop
      vertex 6.88898 11.4936 43
      vertex 6.31672 11.8177 4
      vertex 6.88898 11.4936 4
    endloop
  endfacet
  facet normal -0.653142 -0.757235 0
    outer loop
      vertex 8.50087 10.3583 4
      vertex 8.99889 9.92874 43
      vertex 8.50087 10.3583 43
    endloop
  endfacet
  facet normal -0.653142 -0.757235 -0
    outer loop
      vertex 8.99889 9.92874 43
      vertex 8.50087 10.3583 4
      vertex 8.99889 9.92874 4
    endloop
  endfacet
  facet normal 0.949533 -0.313668 0
    outer loop
      vertex -12.823 3.88981 43
      vertex -12.6167 4.51432 4
      vertex -12.6167 4.51432 43
    endloop
  endfacet
  facet normal 0.949533 -0.313668 0
    outer loop
      vertex -12.6167 4.51432 4
      vertex -12.823 3.88981 43
      vertex -12.823 3.88981 4
    endloop
  endfacet
  facet normal -0.992481 0.122395 0
    outer loop
      vertex 13.255 -1.96619 4
      vertex 13.3355 -1.31343 43
      vertex 13.3355 -1.31343 4
    endloop
  endfacet
  facet normal -0.992481 0.122395 0
    outer loop
      vertex 13.3355 -1.31343 43
      vertex 13.255 -1.96619 4
      vertex 13.255 -1.96619 43
    endloop
  endfacet
  facet normal 0.171047 -0.985263 0
    outer loop
      vertex -2.61421 13.1425 4
      vertex -1.96619 13.255 43
      vertex -2.61421 13.1425 43
    endloop
  endfacet
  facet normal 0.171047 -0.985263 0
    outer loop
      vertex -1.96619 13.255 43
      vertex -2.61421 13.1425 4
      vertex -1.96619 13.255 4
    endloop
  endfacet
  facet normal 0.992481 0.122395 0
    outer loop
      vertex -13.255 -1.96619 43
      vertex -13.3355 -1.31343 4
      vertex -13.3355 -1.31343 43
    endloop
  endfacet
  facet normal 0.992481 0.122395 0
    outer loop
      vertex -13.3355 -1.31343 4
      vertex -13.255 -1.96619 43
      vertex -13.255 -1.96619 4
    endloop
  endfacet
  facet normal 0.975703 0.219097 0
    outer loop
      vertex -12.9984 -3.25593 43
      vertex -13.1425 -2.61421 4
      vertex -13.1425 -2.61421 43
    endloop
  endfacet
  facet normal 0.975703 0.219097 0
    outer loop
      vertex -13.1425 -2.61421 4
      vertex -12.9984 -3.25593 43
      vertex -12.9984 -3.25593 4
    endloop
  endfacet
  facet normal -0.449717 -0.893171 0
    outer loop
      vertex 5.72924 12.1135 4
      vertex 6.31672 11.8177 43
      vertex 5.72924 12.1135 43
    endloop
  endfacet
  facet normal -0.449717 -0.893171 -0
    outer loop
      vertex 6.31672 11.8177 43
      vertex 5.72924 12.1135 4
      vertex 6.31672 11.8177 4
    endloop
  endfacet
  facet normal -0.997289 0.073589 0
    outer loop
      vertex 13.3355 -1.31343 4
      vertex 13.3839 -0.657506 43
      vertex 13.3839 -0.657506 4
    endloop
  endfacet
  facet normal -0.997289 0.073589 0
    outer loop
      vertex 13.3839 -0.657506 43
      vertex 13.3355 -1.31343 4
      vertex 13.3355 -1.31343 43
    endloop
  endfacet
  facet normal 0.219097 -0.975703 0
    outer loop
      vertex -3.25593 12.9984 4
      vertex -2.61421 13.1425 43
      vertex -3.25593 12.9984 43
    endloop
  endfacet
  facet normal 0.219097 -0.975703 0
    outer loop
      vertex -2.61421 13.1425 43
      vertex -3.25593 12.9984 4
      vertex -2.61421 13.1425 4
    endloop
  endfacet
  facet normal 0.87014 0.492805 0
    outer loop
      vertex -11.4936 -6.88898 43
      vertex -11.8177 -6.31672 4
      vertex -11.8177 -6.31672 43
    endloop
  endfacet
  facet normal 0.87014 0.492805 0
    outer loop
      vertex -11.8177 -6.31672 4
      vertex -11.4936 -6.88898 43
      vertex -11.4936 -6.88898 4
    endloop
  endfacet
  facet normal -0.689538 0.72425 0
    outer loop
      vertex 9.47523 -9.47523 4
      vertex 8.99889 -9.92874 43
      vertex 9.47523 -9.47523 43
    endloop
  endfacet
  facet normal -0.689538 0.72425 0
    outer loop
      vertex 8.99889 -9.92874 43
      vertex 9.47523 -9.47523 4
      vertex 8.99889 -9.92874 4
    endloop
  endfacet
  facet normal -0.266687 -0.963783 0
    outer loop
      vertex 3.25593 12.9984 4
      vertex 3.88981 12.823 43
      vertex 3.25593 12.9984 43
    endloop
  endfacet
  facet normal -0.266687 -0.963783 -0
    outer loop
      vertex 3.88981 12.823 43
      vertex 3.25593 12.9984 4
      vertex 3.88981 12.823 4
    endloop
  endfacet
  facet normal -0.844831 -0.535033 0
    outer loop
      vertex 11.4936 6.88898 4
      vertex 11.1417 7.44464 43
      vertex 11.1417 7.44464 4
    endloop
  endfacet
  facet normal -0.844831 -0.535033 0
    outer loop
      vertex 11.1417 7.44464 43
      vertex 11.4936 6.88898 4
      vertex 11.4936 6.88898 43
    endloop
  endfacet
  facet normal -0.817594 -0.575796 0
    outer loop
      vertex 11.1417 7.44464 4
      vertex 10.763 7.98237 43
      vertex 10.763 7.98237 4
    endloop
  endfacet
  facet normal -0.817594 -0.575796 0
    outer loop
      vertex 10.763 7.98237 43
      vertex 11.1417 7.44464 4
      vertex 11.1417 7.44464 43
    endloop
  endfacet
  facet normal 0.575796 -0.817594 0
    outer loop
      vertex -7.98237 10.763 4
      vertex -7.44464 11.1417 43
      vertex -7.98237 10.763 43
    endloop
  endfacet
  facet normal 0.575796 -0.817594 0
    outer loop
      vertex -7.44464 11.1417 43
      vertex -7.98237 10.763 4
      vertex -7.44464 11.1417 4
    endloop
  endfacet
  facet normal -0.87014 0.492805 0
    outer loop
      vertex 11.4936 -6.88898 4
      vertex 11.8177 -6.31672 43
      vertex 11.8177 -6.31672 4
    endloop
  endfacet
  facet normal -0.87014 0.492805 0
    outer loop
      vertex 11.8177 -6.31672 43
      vertex 11.4936 -6.88898 4
      vertex 11.4936 -6.88898 43
    endloop
  endfacet
  facet normal 0.359886 -0.932996 0
    outer loop
      vertex -5.12796 12.38 4
      vertex -4.51432 12.6167 43
      vertex -5.12796 12.38 43
    endloop
  endfacet
  facet normal 0.359886 -0.932996 0
    outer loop
      vertex -4.51432 12.6167 43
      vertex -5.12796 12.38 4
      vertex -4.51432 12.6167 4
    endloop
  endfacet
  facet normal 0.844831 0.535033 0
    outer loop
      vertex -11.1417 -7.44464 43
      vertex -11.4936 -6.88898 4
      vertex -11.4936 -6.88898 43
    endloop
  endfacet
  facet normal 0.844831 0.535033 0
    outer loop
      vertex -11.4936 -6.88898 4
      vertex -11.1417 -7.44464 43
      vertex -11.1417 -7.44464 4
    endloop
  endfacet
  facet normal 0.689538 0.72425 -0
    outer loop
      vertex -8.99889 -9.92874 4
      vertex -9.47523 -9.47523 43
      vertex -8.99889 -9.92874 43
    endloop
  endfacet
  facet normal 0.689538 0.72425 0
    outer loop
      vertex -9.47523 -9.47523 43
      vertex -8.99889 -9.92874 4
      vertex -9.47523 -9.47523 4
    endloop
  endfacet
  facet normal -0.0244791 -0.9997 0
    outer loop
      vertex 0 13.4 4
      vertex 0.657506 13.3839 43
      vertex 0 13.4 43
    endloop
  endfacet
  facet normal -0.0244791 -0.9997 -0
    outer loop
      vertex 0.657506 13.3839 43
      vertex 0 13.4 4
      vertex 0.657506 13.3839 4
    endloop
  endfacet
  facet normal -0.219097 0.975703 0
    outer loop
      vertex 3.25593 -12.9984 4
      vertex 2.61421 -13.1425 43
      vertex 3.25593 -12.9984 43
    endloop
  endfacet
  facet normal -0.219097 0.975703 0
    outer loop
      vertex 2.61421 -13.1425 43
      vertex 3.25593 -12.9984 4
      vertex 2.61421 -13.1425 4
    endloop
  endfacet
  facet normal -0.313668 0.949533 0
    outer loop
      vertex 4.51432 -12.6167 4
      vertex 3.88981 -12.823 43
      vertex 4.51432 -12.6167 43
    endloop
  endfacet
  facet normal -0.313668 0.949533 0
    outer loop
      vertex 3.88981 -12.823 43
      vertex 4.51432 -12.6167 4
      vertex 3.88981 -12.823 4
    endloop
  endfacet
  facet normal 0.975703 -0.219097 0
    outer loop
      vertex -13.1425 2.61421 43
      vertex -12.9984 3.25593 4
      vertex -12.9984 3.25593 43
    endloop
  endfacet
  facet normal 0.975703 -0.219097 0
    outer loop
      vertex -12.9984 3.25593 4
      vertex -13.1425 2.61421 43
      vertex -13.1425 2.61421 4
    endloop
  endfacet
  facet normal 0.914226 -0.405204 0
    outer loop
      vertex -12.38 5.12796 43
      vertex -12.1135 5.72924 4
      vertex -12.1135 5.72924 43
    endloop
  endfacet
  facet normal 0.914226 -0.405204 0
    outer loop
      vertex -12.1135 5.72924 4
      vertex -12.38 5.12796 43
      vertex -12.38 5.12796 4
    endloop
  endfacet
  facet normal -0.757235 -0.653142 0
    outer loop
      vertex 10.3583 8.50087 4
      vertex 9.92874 8.99889 43
      vertex 9.92874 8.99889 4
    endloop
  endfacet
  facet normal -0.757235 -0.653142 0
    outer loop
      vertex 9.92874 8.99889 43
      vertex 10.3583 8.50087 4
      vertex 10.3583 8.50087 43
    endloop
  endfacet
  facet normal -0.359886 -0.932996 0
    outer loop
      vertex 4.51432 12.6167 4
      vertex 5.12796 12.38 43
      vertex 4.51432 12.6167 43
    endloop
  endfacet
  facet normal -0.359886 -0.932996 -0
    outer loop
      vertex 5.12796 12.38 43
      vertex 4.51432 12.6167 4
      vertex 5.12796 12.38 4
    endloop
  endfacet
  facet normal -0.575796 -0.817594 0
    outer loop
      vertex 7.44464 11.1417 4
      vertex 7.98237 10.763 43
      vertex 7.44464 11.1417 43
    endloop
  endfacet
  facet normal -0.575796 -0.817594 -0
    outer loop
      vertex 7.98237 10.763 43
      vertex 7.44464 11.1417 4
      vertex 7.98237 10.763 4
    endloop
  endfacet
  facet normal -0.122395 -0.992481 0
    outer loop
      vertex 1.31343 13.3355 4
      vertex 1.96619 13.255 43
      vertex 1.31343 13.3355 43
    endloop
  endfacet
  facet normal -0.122395 -0.992481 -0
    outer loop
      vertex 1.96619 13.255 43
      vertex 1.31343 13.3355 4
      vertex 1.96619 13.255 4
    endloop
  endfacet
  facet normal 0.757235 -0.653142 0
    outer loop
      vertex -10.3583 8.50087 43
      vertex -9.92874 8.99889 4
      vertex -9.92874 8.99889 43
    endloop
  endfacet
  facet normal 0.757235 -0.653142 0
    outer loop
      vertex -9.92874 8.99889 4
      vertex -10.3583 8.50087 43
      vertex -10.3583 8.50087 4
    endloop
  endfacet
  facet normal -0.788303 0.615287 0
    outer loop
      vertex 10.3583 -8.50087 4
      vertex 10.763 -7.98237 43
      vertex 10.763 -7.98237 4
    endloop
  endfacet
  facet normal -0.788303 0.615287 0
    outer loop
      vertex 10.763 -7.98237 43
      vertex 10.3583 -8.50087 4
      vertex 10.3583 -8.50087 43
    endloop
  endfacet
  facet normal -0.963783 0.266687 0
    outer loop
      vertex 12.823 -3.88981 4
      vertex 12.9984 -3.25593 43
      vertex 12.9984 -3.25593 4
    endloop
  endfacet
  facet normal -0.963783 0.266687 0
    outer loop
      vertex 12.9984 -3.25593 43
      vertex 12.823 -3.88981 4
      vertex 12.823 -3.88981 43
    endloop
  endfacet
  facet normal -0.72425 0.689538 0
    outer loop
      vertex 9.47523 -9.47523 4
      vertex 9.92874 -8.99889 43
      vertex 9.92874 -8.99889 4
    endloop
  endfacet
  facet normal -0.72425 0.689538 0
    outer loop
      vertex 9.92874 -8.99889 43
      vertex 9.47523 -9.47523 4
      vertex 9.47523 -9.47523 43
    endloop
  endfacet
  facet normal -0.975703 0.219097 0
    outer loop
      vertex 12.9984 -3.25593 4
      vertex 13.1425 -2.61421 43
      vertex 13.1425 -2.61421 4
    endloop
  endfacet
  facet normal -0.975703 0.219097 0
    outer loop
      vertex 13.1425 -2.61421 43
      vertex 12.9984 -3.25593 4
      vertex 12.9984 -3.25593 43
    endloop
  endfacet
  facet normal -0.615287 0.788303 0
    outer loop
      vertex 8.50087 -10.3583 4
      vertex 7.98237 -10.763 43
      vertex 8.50087 -10.3583 43
    endloop
  endfacet
  facet normal -0.615287 0.788303 0
    outer loop
      vertex 7.98237 -10.763 43
      vertex 8.50087 -10.3583 4
      vertex 7.98237 -10.763 4
    endloop
  endfacet
  facet normal -0.893171 -0.449717 0
    outer loop
      vertex 12.1135 5.72924 4
      vertex 11.8177 6.31672 43
      vertex 11.8177 6.31672 4
    endloop
  endfacet
  facet normal -0.893171 -0.449717 0
    outer loop
      vertex 11.8177 6.31672 43
      vertex 12.1135 5.72924 4
      vertex 12.1135 5.72924 43
    endloop
  endfacet
  facet normal 0.9997 -0.0244791 0
    outer loop
      vertex -13.4 0 43
      vertex -13.3839 0.657506 4
      vertex -13.3839 0.657506 43
    endloop
  endfacet
  facet normal 0.9997 -0.0244791 0
    outer loop
      vertex -13.3839 0.657506 4
      vertex -13.4 0 43
      vertex -13.4 0 4
    endloop
  endfacet
  facet normal -0.171047 -0.985263 0
    outer loop
      vertex 1.96619 13.255 4
      vertex 2.61421 13.1425 43
      vertex 1.96619 13.255 43
    endloop
  endfacet
  facet normal -0.171047 -0.985263 -0
    outer loop
      vertex 2.61421 13.1425 43
      vertex 1.96619 13.255 4
      vertex 2.61421 13.1425 4
    endloop
  endfacet
  facet normal 0.073589 0.997289 -0
    outer loop
      vertex -0.657506 -13.3839 4
      vertex -1.31343 -13.3355 43
      vertex -0.657506 -13.3839 43
    endloop
  endfacet
  facet normal 0.073589 0.997289 0
    outer loop
      vertex -1.31343 -13.3355 43
      vertex -0.657506 -13.3839 4
      vertex -1.31343 -13.3355 4
    endloop
  endfacet
  facet normal 0.757235 0.653142 0
    outer loop
      vertex -9.92874 -8.99889 43
      vertex -10.3583 -8.50087 4
      vertex -10.3583 -8.50087 43
    endloop
  endfacet
  facet normal 0.757235 0.653142 0
    outer loop
      vertex -10.3583 -8.50087 4
      vertex -9.92874 -8.99889 43
      vertex -9.92874 -8.99889 4
    endloop
  endfacet
  facet normal -0.963783 -0.266687 0
    outer loop
      vertex 12.9984 3.25593 4
      vertex 12.823 3.88981 43
      vertex 12.823 3.88981 4
    endloop
  endfacet
  facet normal -0.963783 -0.266687 0
    outer loop
      vertex 12.823 3.88981 43
      vertex 12.9984 3.25593 4
      vertex 12.9984 3.25593 43
    endloop
  endfacet
  facet normal 0.535033 0.844831 -0
    outer loop
      vertex -6.88898 -11.4936 4
      vertex -7.44464 -11.1417 43
      vertex -6.88898 -11.4936 43
    endloop
  endfacet
  facet normal 0.535033 0.844831 0
    outer loop
      vertex -7.44464 -11.1417 43
      vertex -6.88898 -11.4936 4
      vertex -7.44464 -11.1417 4
    endloop
  endfacet
  facet normal 0.893171 -0.449717 0
    outer loop
      vertex -12.1135 5.72924 43
      vertex -11.8177 6.31672 4
      vertex -11.8177 6.31672 43
    endloop
  endfacet
  facet normal 0.893171 -0.449717 0
    outer loop
      vertex -11.8177 6.31672 4
      vertex -12.1135 5.72924 43
      vertex -12.1135 5.72924 4
    endloop
  endfacet
  facet normal 0.72425 0.689538 0
    outer loop
      vertex -9.47523 -9.47523 43
      vertex -9.92874 -8.99889 4
      vertex -9.92874 -8.99889 43
    endloop
  endfacet
  facet normal 0.72425 0.689538 0
    outer loop
      vertex -9.92874 -8.99889 4
      vertex -9.47523 -9.47523 43
      vertex -9.47523 -9.47523 4
    endloop
  endfacet
  facet normal 0.266687 0.963783 -0
    outer loop
      vertex -3.25593 -12.9984 4
      vertex -3.88981 -12.823 43
      vertex -3.25593 -12.9984 43
    endloop
  endfacet
  facet normal 0.266687 0.963783 0
    outer loop
      vertex -3.88981 -12.823 43
      vertex -3.25593 -12.9984 4
      vertex -3.88981 -12.823 4
    endloop
  endfacet
  facet normal -0.535033 -0.844831 0
    outer loop
      vertex 6.88898 11.4936 4
      vertex 7.44464 11.1417 43
      vertex 6.88898 11.4936 43
    endloop
  endfacet
  facet normal -0.535033 -0.844831 -0
    outer loop
      vertex 7.44464 11.1417 43
      vertex 6.88898 11.4936 4
      vertex 7.44464 11.1417 4
    endloop
  endfacet
  facet normal 0.405204 0.914226 -0
    outer loop
      vertex -5.12796 -12.38 4
      vertex -5.72924 -12.1135 43
      vertex -5.12796 -12.38 43
    endloop
  endfacet
  facet normal 0.405204 0.914226 0
    outer loop
      vertex -5.72924 -12.1135 43
      vertex -5.12796 -12.38 4
      vertex -5.72924 -12.1135 4
    endloop
  endfacet
  facet normal 0.492805 -0.87014 0
    outer loop
      vertex -6.88898 11.4936 4
      vertex -6.31672 11.8177 43
      vertex -6.88898 11.4936 43
    endloop
  endfacet
  facet normal 0.492805 -0.87014 0
    outer loop
      vertex -6.31672 11.8177 43
      vertex -6.88898 11.4936 4
      vertex -6.31672 11.8177 4
    endloop
  endfacet
  facet normal -0.615287 -0.788303 0
    outer loop
      vertex 7.98237 10.763 4
      vertex 8.50087 10.3583 43
      vertex 7.98237 10.763 43
    endloop
  endfacet
  facet normal -0.615287 -0.788303 -0
    outer loop
      vertex 8.50087 10.3583 43
      vertex 7.98237 10.763 4
      vertex 8.50087 10.3583 4
    endloop
  endfacet
  facet normal -0.788303 -0.615287 0
    outer loop
      vertex 10.763 7.98237 4
      vertex 10.3583 8.50087 43
      vertex 10.3583 8.50087 4
    endloop
  endfacet
  facet normal -0.788303 -0.615287 0
    outer loop
      vertex 10.3583 8.50087 43
      vertex 10.763 7.98237 4
      vertex 10.763 7.98237 43
    endloop
  endfacet
  facet normal 0.932996 0.359886 0
    outer loop
      vertex -12.38 -5.12796 43
      vertex -12.6167 -4.51432 4
      vertex -12.6167 -4.51432 43
    endloop
  endfacet
  facet normal 0.932996 0.359886 0
    outer loop
      vertex -12.6167 -4.51432 4
      vertex -12.38 -5.12796 43
      vertex -12.38 -5.12796 4
    endloop
  endfacet
  facet normal 0.949533 0.313668 0
    outer loop
      vertex -12.6167 -4.51432 43
      vertex -12.823 -3.88981 4
      vertex -12.823 -3.88981 43
    endloop
  endfacet
  facet normal 0.949533 0.313668 0
    outer loop
      vertex -12.823 -3.88981 4
      vertex -12.6167 -4.51432 43
      vertex -12.6167 -4.51432 4
    endloop
  endfacet
  facet normal -0.313668 -0.949533 0
    outer loop
      vertex 3.88981 12.823 4
      vertex 4.51432 12.6167 43
      vertex 3.88981 12.823 43
    endloop
  endfacet
  facet normal -0.313668 -0.949533 -0
    outer loop
      vertex 4.51432 12.6167 43
      vertex 3.88981 12.823 4
      vertex 4.51432 12.6167 4
    endloop
  endfacet
  facet normal 0 0 1
    outer loop
      vertex 13.3839 0.657506 4
      vertex 13.3839 -0.657506 4
      vertex 13.4 0 4
    endloop
  endfacet
  facet normal 0 0 1
    outer loop
      vertex 13.3355 1.31343 4
      vertex 13.3839 -0.657506 4
      vertex 13.3839 0.657506 4
    endloop
  endfacet
  facet normal 0 0 1
    outer loop
      vertex 13.3355 1.31343 4
      vertex 13.3355 -1.31343 4
      vertex 13.3839 -0.657506 4
    endloop
  endfacet
  facet normal 0 0 1
    outer loop
      vertex 13.255 1.96619 4
      vertex 13.3355 -1.31343 4
      vertex 13.3355 1.31343 4
    endloop
  endfacet
  facet normal 0 0 1
    outer loop
      vertex 13.255 1.96619 4
      vertex 13.255 -1.96619 4
      vertex 13.3355 -1.31343 4
    endloop
  endfacet
  facet normal 0 0 1
    outer loop
      vertex 13.1425 2.61421 4
      vertex 13.255 -1.96619 4
      vertex 13.255 1.96619 4
    endloop
  endfacet
  facet normal 0 0 1
    outer loop
      vertex 13.1425 2.61421 4
      vertex 13.1425 -2.61421 4
      vertex 13.255 -1.96619 4
    endloop
  endfacet
  facet normal 0 0 1
    outer loop
      vertex 12.9984 3.25593 4
      vertex 13.1425 -2.61421 4
      vertex 13.1425 2.61421 4
    endloop
  endfacet
  facet normal 0 0 1
    outer loop
      vertex 12.9984 3.25593 4
      vertex 12.9984 -3.25593 4
      vertex 13.1425 -2.61421 4
    endloop
  endfacet
  facet normal 0 0 1
    outer loop
      vertex 12.823 3.88981 4
      vertex 12.9984 -3.25593 4
      vertex 12.9984 3.25593 4
    endloop
  endfacet
  facet normal 0 0 1
    outer loop
      vertex 12.823 3.88981 4
      vertex 12.823 -3.88981 4
      vertex 12.9984 -3.25593 4
    endloop
  endfacet
  facet normal 0 0 1
    outer loop
      vertex 12.6167 4.51432 4
      vertex 12.823 -3.88981 4
      vertex 12.823 3.88981 4
    endloop
  endfacet
  facet normal 0 0 1
    outer loop
      vertex 12.6167 4.51432 4
      vertex 12.6167 -4.51432 4
      vertex 12.823 -3.88981 4
    endloop
  endfacet
  facet normal 0 0 1
    outer loop
      vertex 12.38 5.12796 4
      vertex 12.6167 -4.51432 4
      vertex 12.6167 4.51432 4
    endloop
  endfacet
  facet normal 0 0 1
    outer loop
      vertex 12.38 5.12796 4
      vertex 12.38 -5.12796 4
      vertex 12.6167 -4.51432 4
    endloop
  endfacet
  facet normal 0 0 1
    outer loop
      vertex 12.1135 5.72924 4
      vertex 12.38 -5.12796 4
      vertex 12.38 5.12796 4
    endloop
  endfacet
  facet normal 0 0 1
    outer loop
      vertex 12.1135 5.72924 4
      vertex 12.1135 -5.72924 4
      vertex 12.38 -5.12796 4
    endloop
  endfacet
  facet normal 0 0 1
    outer loop
      vertex 11.8177 6.31672 4
      vertex 12.1135 -5.72924 4
      vertex 12.1135 5.72924 4
    endloop
  endfacet
  facet normal 0 0 1
    outer loop
      vertex 11.8177 6.31672 4
      vertex 11.8177 -6.31672 4
      vertex 12.1135 -5.72924 4
    endloop
  endfacet
  facet normal 0 0 1
    outer loop
      vertex 11.4936 6.88898 4
      vertex 11.8177 -6.31672 4
      vertex 11.8177 6.31672 4
    endloop
  endfacet
  facet normal 0 0 1
    outer loop
      vertex 11.4936 6.88898 4
      vertex 11.4936 -6.88898 4
      vertex 11.8177 -6.31672 4
    endloop
  endfacet
  facet normal 0 0 1
    outer loop
      vertex 11.1417 7.44464 4
      vertex 11.4936 -6.88898 4
      vertex 11.4936 6.88898 4
    endloop
  endfacet
  facet normal 0 0 1
    outer loop
      vertex 11.1417 7.44464 4
      vertex 11.1417 -7.44464 4
      vertex 11.4936 -6.88898 4
    endloop
  endfacet
  facet normal 0 0 1
    outer loop
      vertex 10.763 7.98237 4
      vertex 11.1417 -7.44464 4
      vertex 11.1417 7.44464 4
    endloop
  endfacet
  facet normal 0 0 1
    outer loop
      vertex 10.763 7.98237 4
      vertex 10.763 -7.98237 4
      vertex 11.1417 -7.44464 4
    endloop
  endfacet
  facet normal 0 0 1
    outer loop
      vertex 10.3583 8.50087 4
      vertex 10.763 -7.98237 4
      vertex 10.763 7.98237 4
    endloop
  endfacet
  facet normal 0 0 1
    outer loop
      vertex 10.3583 8.50087 4
      vertex 10.3583 -8.50087 4
      vertex 10.763 -7.98237 4
    endloop
  endfacet
  facet normal 0 0 1
    outer loop
      vertex 9.92874 8.99889 4
      vertex 10.3583 -8.50087 4
      vertex 10.3583 8.50087 4
    endloop
  endfacet
  facet normal 0 0 1
    outer loop
      vertex 9.92874 8.99889 4
      vertex 9.92874 -8.99889 4
      vertex 10.3583 -8.50087 4
    endloop
  endfacet
  facet normal 0 0 1
    outer loop
      vertex 9.47523 9.47523 4
      vertex 9.92874 -8.99889 4
      vertex 9.92874 8.99889 4
    endloop
  endfacet
  facet normal 0 0 1
    outer loop
      vertex 9.47523 9.47523 4
      vertex 9.47523 -9.47523 4
      vertex 9.92874 -8.99889 4
    endloop
  endfacet
  facet normal 0 0 1
    outer loop
      vertex 8.99889 9.92874 4
      vertex 9.47523 -9.47523 4
      vertex 9.47523 9.47523 4
    endloop
  endfacet
  facet normal 0 0 1
    outer loop
      vertex 8.99889 9.92874 4
      vertex 8.99889 -9.92874 4
      vertex 9.47523 -9.47523 4
    endloop
  endfacet
  facet normal 0 0 1
    outer loop
      vertex 8.50087 10.3583 4
      vertex 8.99889 -9.92874 4
      vertex 8.99889 9.92874 4
    endloop
  endfacet
  facet normal 0 0 1
    outer loop
      vertex 8.50087 10.3583 4
      vertex 8.50087 -10.3583 4
      vertex 8.99889 -9.92874 4
    endloop
  endfacet
  facet normal 0 0 1
    outer loop
      vertex 7.98237 10.763 4
      vertex 8.50087 -10.3583 4
      vertex 8.50087 10.3583 4
    endloop
  endfacet
  facet normal 0 0 1
    outer loop
      vertex 7.98237 10.763 4
      vertex 7.98237 -10.763 4
      vertex 8.50087 -10.3583 4
    endloop
  endfacet
  facet normal 0 0 1
    outer loop
      vertex 7.44464 11.1417 4
      vertex 7.98237 -10.763 4
      vertex 7.98237 10.763 4
    endloop
  endfacet
  facet normal 0 0 1
    outer loop
      vertex 7.44464 11.1417 4
      vertex 7.44464 -11.1417 4
      vertex 7.98237 -10.763 4
    endloop
  endfacet
  facet normal 0 0 1
    outer loop
      vertex 6.88898 11.4936 4
      vertex 7.44464 -11.1417 4
      vertex 7.44464 11.1417 4
    endloop
  endfacet
  facet normal 0 0 1
    outer loop
      vertex 6.88898 11.4936 4
      vertex 6.88898 -11.4936 4
      vertex 7.44464 -11.1417 4
    endloop
  endfacet
  facet normal 0 0 1
    outer loop
      vertex 6.31672 11.8177 4
      vertex 6.88898 -11.4936 4
      vertex 6.88898 11.4936 4
    endloop
  endfacet
  facet normal 0 0 1
    outer loop
      vertex 6.31672 11.8177 4
      vertex 6.31672 -11.8177 4
      vertex 6.88898 -11.4936 4
    endloop
  endfacet
  facet normal 0 0 1
    outer loop
      vertex 5.72924 12.1135 4
      vertex 6.31672 -11.8177 4
      vertex 6.31672 11.8177 4
    endloop
  endfacet
  facet normal 0 0 1
    outer loop
      vertex 5.72924 12.1135 4
      vertex 5.72924 -12.1135 4
      vertex 6.31672 -11.8177 4
    endloop
  endfacet
  facet normal 0 0 1
    outer loop
      vertex 5.12796 12.38 4
      vertex 5.72924 -12.1135 4
      vertex 5.72924 12.1135 4
    endloop
  endfacet
  facet normal 0 0 1
    outer loop
      vertex 5.12796 12.38 4
      vertex 5.12796 -12.38 4
      vertex 5.72924 -12.1135 4
    endloop
  endfacet
  facet normal 0 0 1
    outer loop
      vertex 4.51432 12.6167 4
      vertex 5.12796 -12.38 4
      vertex 5.12796 12.38 4
    endloop
  endfacet
  facet normal 0 0 1
    outer loop
      vertex 4.51432 12.6167 4
      vertex 4.51432 -12.6167 4
      vertex 5.12796 -12.38 4
    endloop
  endfacet
  facet normal 0 0 1
    outer loop
      vertex 3.88981 12.823 4
      vertex 4.51432 -12.6167 4
      vertex 4.51432 12.6167 4
    endloop
  endfacet
  facet normal 0 0 1
    outer loop
      vertex 3.88981 12.823 4
      vertex 3.88981 -12.823 4
      vertex 4.51432 -12.6167 4
    endloop
  endfacet
  facet normal 0 0 1
    outer loop
      vertex 3.25593 12.9984 4
      vertex 3.88981 -12.823 4
      vertex 3.88981 12.823 4
    endloop
  endfacet
  facet normal 0 0 1
    outer loop
      vertex 3.25593 12.9984 4
      vertex 3.25593 -12.9984 4
      vertex 3.88981 -12.823 4
    endloop
  endfacet
  facet normal 0 0 1
    outer loop
      vertex 2.61421 13.1425 4
      vertex 3.25593 -12.9984 4
      vertex 3.25593 12.9984 4
    endloop
  endfacet
  facet normal 0 0 1
    outer loop
      vertex 2.61421 13.1425 4
      vertex 2.61421 -13.1425 4
      vertex 3.25593 -12.9984 4
    endloop
  endfacet
  facet normal 0 0 1
    outer loop
      vertex 1.96619 13.255 4
      vertex 2.61421 -13.1425 4
      vertex 2.61421 13.1425 4
    endloop
  endfacet
  facet normal 0 0 1
    outer loop
      vertex 1.96619 13.255 4
      vertex 1.96619 -13.255 4
      vertex 2.61421 -13.1425 4
    endloop
  endfacet
  facet normal 0 0 1
    outer loop
      vertex 1.31343 13.3355 4
      vertex 1.96619 -13.255 4
      vertex 1.96619 13.255 4
    endloop
  endfacet
  facet normal 0 0 1
    outer loop
      vertex 1.31343 13.3355 4
      vertex 1.31343 -13.3355 4
      vertex 1.96619 -13.255 4
    endloop
  endfacet
  facet normal 0 0 1
    outer loop
      vertex 0.657506 13.3839 4
      vertex 1.31343 -13.3355 4
      vertex 1.31343 13.3355 4
    endloop
  endfacet
  facet normal 0 0 1
    outer loop
      vertex 0.657506 13.3839 4
      vertex 0.657506 -13.3839 4
      vertex 1.31343 -13.3355 4
    endloop
  endfacet
  facet normal 0 0 1
    outer loop
      vertex 0 13.4 4
      vertex 0.657506 -13.3839 4
      vertex 0.657506 13.3839 4
    endloop
  endfacet
  facet normal 0 0 1
    outer loop
      vertex 0 13.4 4
      vertex 0 -13.4 4
      vertex 0.657506 -13.3839 4
    endloop
  endfacet
  facet normal -0 0 1
    outer loop
      vertex -0.657506 13.3839 4
      vertex 0 -13.4 4
      vertex 0 13.4 4
    endloop
  endfacet
  facet normal 0 0 1
    outer loop
      vertex -0.657506 13.3839 4
      vertex -0.657506 -13.3839 4
      vertex 0 -13.4 4
    endloop
  endfacet
  facet normal -0 0 1
    outer loop
      vertex -1.31343 13.3355 4
      vertex -0.657506 -13.3839 4
      vertex -0.657506 13.3839 4
    endloop
  endfacet
  facet normal 0 0 1
    outer loop
      vertex -1.31343 13.3355 4
      vertex -1.31343 -13.3355 4
      vertex -0.657506 -13.3839 4
    endloop
  endfacet
  facet normal -0 0 1
    outer loop
      vertex -1.96619 13.255 4
      vertex -1.31343 -13.3355 4
      vertex -1.31343 13.3355 4
    endloop
  endfacet
  facet normal 0 0 1
    outer loop
      vertex -1.96619 13.255 4
      vertex -1.96619 -13.255 4
      vertex -1.31343 -13.3355 4
    endloop
  endfacet
  facet normal -0 0 1
    outer loop
      vertex -2.61421 13.1425 4
      vertex -1.96619 -13.255 4
      vertex -1.96619 13.255 4
    endloop
  endfacet
  facet normal 0 0 1
    outer loop
      vertex -2.61421 13.1425 4
      vertex -2.61421 -13.1425 4
      vertex -1.96619 -13.255 4
    endloop
  endfacet
  facet normal -0 0 1
    outer loop
      vertex -3.25593 12.9984 4
      vertex -2.61421 -13.1425 4
      vertex -2.61421 13.1425 4
    endloop
  endfacet
  facet normal 0 0 1
    outer loop
      vertex -3.25593 12.9984 4
      vertex -3.25593 -12.9984 4
      vertex -2.61421 -13.1425 4
    endloop
  endfacet
  facet normal -0 0 1
    outer loop
      vertex -3.88981 12.823 4
      vertex -3.25593 -12.9984 4
      vertex -3.25593 12.9984 4
    endloop
  endfacet
  facet normal 0 0 1
    outer loop
      vertex -3.88981 12.823 4
      vertex -3.88981 -12.823 4
      vertex -3.25593 -12.9984 4
    endloop
  endfacet
  facet normal -0 0 1
    outer loop
      vertex -4.51432 12.6167 4
      vertex -3.88981 -12.823 4
      vertex -3.88981 12.823 4
    endloop
  endfacet
  facet normal 0 0 1
    outer loop
      vertex -4.51432 12.6167 4
      vertex -4.51432 -12.6167 4
      vertex -3.88981 -12.823 4
    endloop
  endfacet
  facet normal -0 0 1
    outer loop
      vertex -5.12796 12.38 4
      vertex -4.51432 -12.6167 4
      vertex -4.51432 12.6167 4
    endloop
  endfacet
  facet normal 0 0 1
    outer loop
      vertex -5.12796 12.38 4
      vertex -5.12796 -12.38 4
      vertex -4.51432 -12.6167 4
    endloop
  endfacet
  facet normal -0 0 1
    outer loop
      vertex -5.72924 12.1135 4
      vertex -5.12796 -12.38 4
      vertex -5.12796 12.38 4
    endloop
  endfacet
  facet normal 0 0 1
    outer loop
      vertex -5.72924 12.1135 4
      vertex -5.72924 -12.1135 4
      vertex -5.12796 -12.38 4
    endloop
  endfacet
  facet normal -0 0 1
    outer loop
      vertex -6.31672 11.8177 4
      vertex -5.72924 -12.1135 4
      vertex -5.72924 12.1135 4
    endloop
  endfacet
  facet normal 0 0 1
    outer loop
      vertex -6.31672 11.8177 4
      vertex -6.31672 -11.8177 4
      vertex -5.72924 -12.1135 4
    endloop
  endfacet
  facet normal -0 0 1
    outer loop
      vertex -6.88898 11.4936 4
      vertex -6.31672 -11.8177 4
      vertex -6.31672 11.8177 4
    endloop
  endfacet
  facet normal 0 0 1
    outer loop
      vertex -6.88898 11.4936 4
      vertex -6.88898 -11.4936 4
      vertex -6.31672 -11.8177 4
    endloop
  endfacet
  facet normal -0 0 1
    outer loop
      vertex -7.44464 11.1417 4
      vertex -6.88898 -11.4936 4
      vertex -6.88898 11.4936 4
    endloop
  endfacet
  facet normal 0 0 1
    outer loop
      vertex -7.44464 11.1417 4
      vertex -7.44464 -11.1417 4
      vertex -6.88898 -11.4936 4
    endloop
  endfacet
  facet normal -0 0 1
    outer loop
      vertex -7.98237 10.763 4
      vertex -7.44464 -11.1417 4
      vertex -7.44464 11.1417 4
    endloop
  endfacet
  facet normal 0 0 1
    outer loop
      vertex -7.98237 10.763 4
      vertex -7.98237 -10.763 4
      vertex -7.44464 -11.1417 4
    endloop
  endfacet
  facet normal -0 0 1
    outer loop
      vertex -8.50087 10.3583 4
      vertex -7.98237 -10.763 4
      vertex -7.98237 10.763 4
    endloop
  endfacet
  facet normal 0 0 1
    outer loop
      vertex -8.50087 10.3583 4
      vertex -8.50087 -10.3583 4
      vertex -7.98237 -10.763 4
    endloop
  endfacet
  facet normal -0 0 1
    outer loop
      vertex -8.99889 9.92874 4
      vertex -8.50087 -10.3583 4
      vertex -8.50087 10.3583 4
    endloop
  endfacet
  facet normal 0 0 1
    outer loop
      vertex -8.99889 9.92874 4
      vertex -8.99889 -9.92874 4
      vertex -8.50087 -10.3583 4
    endloop
  endfacet
  facet normal -0 0 1
    outer loop
      vertex -9.47523 9.47523 4
      vertex -8.99889 -9.92874 4
      vertex -8.99889 9.92874 4
    endloop
  endfacet
  facet normal 0 0 1
    outer loop
      vertex -9.47523 9.47523 4
      vertex -9.47523 -9.47523 4
      vertex -8.99889 -9.92874 4
    endloop
  endfacet
  facet normal -0 0 1
    outer loop
      vertex -9.92874 8.99889 4
      vertex -9.47523 -9.47523 4
      vertex -9.47523 9.47523 4
    endloop
  endfacet
  facet normal 0 0 1
    outer loop
      vertex -9.92874 8.99889 4
      vertex -9.92874 -8.99889 4
      vertex -9.47523 -9.47523 4
    endloop
  endfacet
  facet normal -0 0 1
    outer loop
      vertex -10.3583 8.50087 4
      vertex -9.92874 -8.99889 4
      vertex -9.92874 8.99889 4
    endloop
  endfacet
  facet normal 0 0 1
    outer loop
      vertex -10.3583 8.50087 4
      vertex -10.3583 -8.50087 4
      vertex -9.92874 -8.99889 4
    endloop
  endfacet
  facet normal -0 0 1
    outer loop
      vertex -10.763 7.98237 4
      vertex -10.3583 -8.50087 4
      vertex -10.3583 8.50087 4
    endloop
  endfacet
  facet normal 0 0 1
    outer loop
      vertex -10.763 7.98237 4
      vertex -10.763 -7.98237 4
      vertex -10.3583 -8.50087 4
    endloop
  endfacet
  facet normal -0 0 1
    outer loop
      vertex -11.1417 7.44464 4
      vertex -10.763 -7.98237 4
      vertex -10.763 7.98237 4
    endloop
  endfacet
  facet normal 0 0 1
    outer loop
      vertex -11.1417 7.44464 4
      vertex -11.1417 -7.44464 4
      vertex -10.763 -7.98237 4
    endloop
  endfacet
  facet normal -0 0 1
    outer loop
      vertex -11.4936 6.88898 4
      vertex -11.1417 -7.44464 4
      vertex -11.1417 7.44464 4
    endloop
  endfacet
  facet normal 0 0 1
    outer loop
      vertex -11.4936 6.88898 4
      vertex -11.4936 -6.88898 4
      vertex -11.1417 -7.44464 4
    endloop
  endfacet
  facet normal -0 0 1
    outer loop
      vertex -11.8177 6.31672 4
      vertex -11.4936 -6.88898 4
      vertex -11.4936 6.88898 4
    endloop
  endfacet
  facet normal 0 0 1
    outer loop
      vertex -11.8177 6.31672 4
      vertex -11.8177 -6.31672 4
      vertex -11.4936 -6.88898 4
    endloop
  endfacet
  facet normal -0 0 1
    outer loop
      vertex -12.1135 5.72924 4
      vertex -11.8177 -6.31672 4
      vertex -11.8177 6.31672 4
    endloop
  endfacet
  facet normal 0 0 1
    outer loop
      vertex -12.1135 5.72924 4
      vertex -12.1135 -5.72924 4
      vertex -11.8177 -6.31672 4
    endloop
  endfacet
  facet normal -0 0 1
    outer loop
      vertex -12.38 5.12796 4
      vertex -12.1135 -5.72924 4
      vertex -12.1135 5.72924 4
    endloop
  endfacet
  facet normal 0 0 1
    outer loop
      vertex -12.38 5.12796 4
      vertex -12.38 -5.12796 4
      vertex -12.1135 -5.72924 4
    endloop
  endfacet
  facet normal -0 0 1
    outer loop
      vertex -12.6167 4.51432 4
      vertex -12.38 -5.12796 4
      vertex -12.38 5.12796 4
    endloop
  endfacet
  facet normal 0 0 1
    outer loop
      vertex -12.6167 4.51432 4
      vertex -12.6167 -4.51432 4
      vertex -12.38 -5.12796 4
    endloop
  endfacet
  facet normal -0 0 1
    outer loop
      vertex -12.823 3.88981 4
      vertex -12.6167 -4.51432 4
      vertex -12.6167 4.51432 4
    endloop
  endfacet
  facet normal 0 0 1
    outer loop
      vertex -12.823 3.88981 4
      vertex -12.823 -3.88981 4
      vertex -12.6167 -4.51432 4
    endloop
  endfacet
  facet normal -0 0 1
    outer loop
      vertex -12.9984 3.25593 4
      vertex -12.823 -3.88981 4
      vertex -12.823 3.88981 4
    endloop
  endfacet
  facet normal 0 0 1
    outer loop
      vertex -12.9984 3.25593 4
      vertex -12.9984 -3.25593 4
      vertex -12.823 -3.88981 4
    endloop
  endfacet
  facet normal -0 0 1
    outer loop
      vertex -13.1425 2.61421 4
      vertex -12.9984 -3.25593 4
      vertex -12.9984 3.25593 4
    endloop
  endfacet
  facet normal 0 0 1
    outer loop
      vertex -13.1425 2.61421 4
      vertex -13.1425 -2.61421 4
      vertex -12.9984 -3.25593 4
    endloop
  endfacet
  facet normal -0 0 1
    outer loop
      vertex -13.255 1.96619 4
      vertex -13.1425 -2.61421 4
      vertex -13.1425 2.61421 4
    endloop
  endfacet
  facet normal 0 0 1
    outer loop
      vertex -13.255 1.96619 4
      vertex -13.255 -1.96619 4
      vertex -13.1425 -2.61421 4
    endloop
  endfacet
  facet normal -0 0 1
    outer loop
      vertex -13.3355 1.31343 4
      vertex -13.255 -1.96619 4
      vertex -13.255 1.96619 4
    endloop
  endfacet
  facet normal 0 0 1
    outer loop
      vertex -13.3355 1.31343 4
      vertex -13.3355 -1.31343 4
      vertex -13.255 -1.96619 4
    endloop
  endfacet
  facet normal -0 0 1
    outer loop
      vertex -13.3839 0.657506 4
      vertex -13.3355 -1.31343 4
      vertex -13.3355 1.31343 4
    endloop
  endfacet
  facet normal 0 0 1
    outer loop
      vertex -13.3839 0.657506 4
      vertex -13.3839 -0.657506 4
      vertex -13.3355 -1.31343 4
    endloop
  endfacet
  facet normal 0 -0 1
    outer loop
      vertex -13.3839 -0.657506 4
      vertex -13.3839 0.657506 4
      vertex -13.4 0 4
    endloop
  endfacet
  facet normal -0.844831 0.535033 0
    outer loop
      vertex 11.1417 -7.44464 4
      vertex 11.4936 -6.88898 43
      vertex 11.4936 -6.88898 4
    endloop
  endfacet
  facet normal -0.844831 0.535033 0
    outer loop
      vertex 11.4936 -6.88898 43
      vertex 11.1417 -7.44464 4
      vertex 11.1417 -7.44464 43
    endloop
  endfacet
  facet normal -0.122395 0.992481 0
    outer loop
      vertex 1.96619 -13.255 4
      vertex 1.31343 -13.3355 43
      vertex 1.96619 -13.255 43
    endloop
  endfacet
  facet normal -0.122395 0.992481 0
    outer loop
      vertex 1.31343 -13.3355 43
      vertex 1.96619 -13.255 4
      vertex 1.31343 -13.3355 4
    endloop
  endfacet
  facet normal -0.492805 0.87014 0
    outer loop
      vertex 6.88898 -11.4936 4
      vertex 6.31672 -11.8177 43
      vertex 6.88898 -11.4936 43
    endloop
  endfacet
  facet normal -0.492805 0.87014 0
    outer loop
      vertex 6.31672 -11.8177 43
      vertex 6.88898 -11.4936 4
      vertex 6.31672 -11.8177 4
    endloop
  endfacet
  facet normal -0.9997 0.0244791 0
    outer loop
      vertex 13.3839 -0.657506 4
      vertex 13.4 0 43
      vertex 13.4 0 4
    endloop
  endfacet
  facet normal -0.9997 0.0244791 0
    outer loop
      vertex 13.4 0 43
      vertex 13.3839 -0.657506 4
      vertex 13.3839 -0.657506 43
    endloop
  endfacet
  facet normal -0.266687 0.963783 0
    outer loop
      vertex 3.88981 -12.823 4
      vertex 3.25593 -12.9984 43
      vertex 3.88981 -12.823 43
    endloop
  endfacet
  facet normal -0.266687 0.963783 0
    outer loop
      vertex 3.25593 -12.9984 43
      vertex 3.88981 -12.823 4
      vertex 3.25593 -12.9984 4
    endloop
  endfacet
  facet normal -0.449717 0.893171 0
    outer loop
      vertex 6.31672 -11.8177 4
      vertex 5.72924 -12.1135 43
      vertex 6.31672 -11.8177 43
    endloop
  endfacet
  facet normal -0.449717 0.893171 0
    outer loop
      vertex 5.72924 -12.1135 43
      vertex 6.31672 -11.8177 4
      vertex 5.72924 -12.1135 4
    endloop
  endfacet
  facet normal 0.788303 -0.615287 0
    outer loop
      vertex -10.763 7.98237 43
      vertex -10.3583 8.50087 4
      vertex -10.3583 8.50087 43
    endloop
  endfacet
  facet normal 0.788303 -0.615287 0
    outer loop
      vertex -10.3583 8.50087 4
      vertex -10.763 7.98237 43
      vertex -10.763 7.98237 4
    endloop
  endfacet
  facet normal 0.615287 -0.788303 0
    outer loop
      vertex -8.50087 10.3583 4
      vertex -7.98237 10.763 43
      vertex -8.50087 10.3583 43
    endloop
  endfacet
  facet normal 0.615287 -0.788303 0
    outer loop
      vertex -7.98237 10.763 43
      vertex -8.50087 10.3583 4
      vertex -7.98237 10.763 4
    endloop
  endfacet
  facet normal -0.653142 0.757235 0
    outer loop
      vertex 8.99889 -9.92874 4
      vertex 8.50087 -10.3583 43
      vertex 8.99889 -9.92874 43
    endloop
  endfacet
  facet normal -0.653142 0.757235 0
    outer loop
      vertex 8.50087 -10.3583 43
      vertex 8.99889 -9.92874 4
      vertex 8.50087 -10.3583 4
    endloop
  endfacet
  facet normal -0.932996 -0.359886 0
    outer loop
      vertex 12.6167 4.51432 4
      vertex 12.38 5.12796 43
      vertex 12.38 5.12796 4
    endloop
  endfacet
  facet normal -0.932996 -0.359886 0
    outer loop
      vertex 12.38 5.12796 43
      vertex 12.6167 4.51432 4
      vertex 12.6167 4.51432 43
    endloop
  endfacet
  facet normal 0.219097 0.975703 -0
    outer loop
      vertex -2.61421 -13.1425 4
      vertex -3.25593 -12.9984 43
      vertex -2.61421 -13.1425 43
    endloop
  endfacet
  facet normal 0.219097 0.975703 0
    outer loop
      vertex -3.25593 -12.9984 43
      vertex -2.61421 -13.1425 4
      vertex -3.25593 -12.9984 4
    endloop
  endfacet
  facet normal 0.313668 0.949533 -0
    outer loop
      vertex -3.88981 -12.823 4
      vertex -4.51432 -12.6167 43
      vertex -3.88981 -12.823 43
    endloop
  endfacet
  facet normal 0.313668 0.949533 0
    outer loop
      vertex -4.51432 -12.6167 43
      vertex -3.88981 -12.823 4
      vertex -4.51432 -12.6167 4
    endloop
  endfacet
  facet normal 0.535033 -0.844831 0
    outer loop
      vertex -7.44464 11.1417 4
      vertex -6.88898 11.4936 43
      vertex -7.44464 11.1417 43
    endloop
  endfacet
  facet normal 0.535033 -0.844831 0
    outer loop
      vertex -6.88898 11.4936 43
      vertex -7.44464 11.1417 4
      vertex -6.88898 11.4936 4
    endloop
  endfacet
  facet normal 0.122395 0.992481 -0
    outer loop
      vertex -1.31343 -13.3355 4
      vertex -1.96619 -13.255 43
      vertex -1.31343 -13.3355 43
    endloop
  endfacet
  facet normal 0.122395 0.992481 0
    outer loop
      vertex -1.96619 -13.255 43
      vertex -1.31343 -13.3355 4
      vertex -1.96619 -13.255 4
    endloop
  endfacet
  facet normal 0.653142 0.757235 -0
    outer loop
      vertex -8.50087 -10.3583 4
      vertex -8.99889 -9.92874 43
      vertex -8.50087 -10.3583 43
    endloop
  endfacet
  facet normal 0.653142 0.757235 0
    outer loop
      vertex -8.99889 -9.92874 43
      vertex -8.50087 -10.3583 4
      vertex -8.99889 -9.92874 4
    endloop
  endfacet
  facet normal 0.266687 -0.963783 0
    outer loop
      vertex -3.88981 12.823 4
      vertex -3.25593 12.9984 43
      vertex -3.88981 12.823 43
    endloop
  endfacet
  facet normal 0.266687 -0.963783 0
    outer loop
      vertex -3.25593 12.9984 43
      vertex -3.88981 12.823 4
      vertex -3.25593 12.9984 4
    endloop
  endfacet
  facet normal 0.788303 0.615287 0
    outer loop
      vertex -10.3583 -8.50087 43
      vertex -10.763 -7.98237 4
      vertex -10.763 -7.98237 43
    endloop
  endfacet
  facet normal 0.788303 0.615287 0
    outer loop
      vertex -10.763 -7.98237 4
      vertex -10.3583 -8.50087 43
      vertex -10.3583 -8.50087 4
    endloop
  endfacet
  facet normal 0.817594 0.575796 0
    outer loop
      vertex -10.763 -7.98237 43
      vertex -11.1417 -7.44464 4
      vertex -11.1417 -7.44464 43
    endloop
  endfacet
  facet normal 0.817594 0.575796 0
    outer loop
      vertex -11.1417 -7.44464 4
      vertex -10.763 -7.98237 43
      vertex -10.763 -7.98237 4
    endloop
  endfacet
  facet normal 0.963783 0.266687 0
    outer loop
      vertex -12.823 -3.88981 43
      vertex -12.9984 -3.25593 4
      vertex -12.9984 -3.25593 43
    endloop
  endfacet
  facet normal 0.963783 0.266687 0
    outer loop
      vertex -12.9984 -3.25593 4
      vertex -12.823 -3.88981 43
      vertex -12.823 -3.88981 4
    endloop
  endfacet
  facet normal 0.449717 0.893171 -0
    outer loop
      vertex -5.72924 -12.1135 4
      vertex -6.31672 -11.8177 43
      vertex -5.72924 -12.1135 43
    endloop
  endfacet
  facet normal 0.449717 0.893171 0
    outer loop
      vertex -6.31672 -11.8177 43
      vertex -5.72924 -12.1135 4
      vertex -6.31672 -11.8177 4
    endloop
  endfacet
  facet normal -0.219097 -0.975703 0
    outer loop
      vertex 2.61421 13.1425 4
      vertex 3.25593 12.9984 43
      vertex 2.61421 13.1425 43
    endloop
  endfacet
  facet normal -0.219097 -0.975703 -0
    outer loop
      vertex 3.25593 12.9984 43
      vertex 2.61421 13.1425 4
      vertex 3.25593 12.9984 4
    endloop
  endfacet
  facet normal -0.359886 0.932996 0
    outer loop
      vertex 5.12796 -12.38 4
      vertex 4.51432 -12.6167 43
      vertex 5.12796 -12.38 43
    endloop
  endfacet
  facet normal -0.359886 0.932996 0
    outer loop
      vertex 4.51432 -12.6167 43
      vertex 5.12796 -12.38 4
      vertex 4.51432 -12.6167 4
    endloop
  endfacet
  facet normal 0.914226 0.405204 0
    outer loop
      vertex -12.1135 -5.72924 43
      vertex -12.38 -5.12796 4
      vertex -12.38 -5.12796 43
    endloop
  endfacet
  facet normal 0.914226 0.405204 0
    outer loop
      vertex -12.38 -5.12796 4
      vertex -12.1135 -5.72924 43
      vertex -12.1135 -5.72924 4
    endloop
  endfacet
  facet normal 0.405204 -0.914226 0
    outer loop
      vertex -5.72924 12.1135 4
      vertex -5.12796 12.38 43
      vertex -5.72924 12.1135 43
    endloop
  endfacet
  facet normal 0.405204 -0.914226 0
    outer loop
      vertex -5.12796 12.38 43
      vertex -5.72924 12.1135 4
      vertex -5.12796 12.38 4
    endloop
  endfacet
  facet normal 0.844831 -0.535033 0
    outer loop
      vertex -11.4936 6.88898 43
      vertex -11.1417 7.44464 4
      vertex -11.1417 7.44464 43
    endloop
  endfacet
  facet normal 0.844831 -0.535033 0
    outer loop
      vertex -11.1417 7.44464 4
      vertex -11.4936 6.88898 43
      vertex -11.4936 6.88898 4
    endloop
  endfacet
  facet normal 0.575796 0.817594 -0
    outer loop
      vertex -7.44464 -11.1417 4
      vertex -7.98237 -10.763 43
      vertex -7.44464 -11.1417 43
    endloop
  endfacet
  facet normal 0.575796 0.817594 0
    outer loop
      vertex -7.98237 -10.763 43
      vertex -7.44464 -11.1417 4
      vertex -7.98237 -10.763 4
    endloop
  endfacet
  facet normal 0.87014 -0.492805 0
    outer loop
      vertex -11.8177 6.31672 43
      vertex -11.4936 6.88898 4
      vertex -11.4936 6.88898 43
    endloop
  endfacet
  facet normal 0.87014 -0.492805 0
    outer loop
      vertex -11.4936 6.88898 4
      vertex -11.8177 6.31672 43
      vertex -11.8177 6.31672 4
    endloop
  endfacet
  facet normal 0.492805 0.87014 -0
    outer loop
      vertex -6.31672 -11.8177 4
      vertex -6.88898 -11.4936 43
      vertex -6.31672 -11.8177 43
    endloop
  endfacet
  facet normal 0.492805 0.87014 0
    outer loop
      vertex -6.88898 -11.4936 43
      vertex -6.31672 -11.8177 4
      vertex -6.88898 -11.4936 4
    endloop
  endfacet
endsolid OpenSCAD_Model
