solid OpenSCAD_Model
  facet normal 0.707 0.0173332 -0.707001
    outer loop
      vertex 20.2 0 0
      vertex 20.1757 0.991166 0
      vertex 21 0 0.799999
    endloop
  endfacet
  facet normal 0.0173332 0.707 -0.707001
    outer loop
      vertex 0.991166 20.1757 0
      vertex 0 20.2 0
      vertex 0 21 0.799999
    endloop
  endfacet
  facet normal 0.318017 0.631691 -0.706987
    outer loop
      vertex 9.52221 17.8148 0
      vertex 8.97866 18.9838 0.799999
      vertex 9.89933 18.5203 0.799999
    endloop
  endfacet
  facet normal -0.22183 -0.671536 -0.706987
    outer loop
      vertex -6.09598 -20.0957 0.799999
      vertex -7.07469 -19.7724 0.799999
      vertex -6.80517 -19.0192 0
    endloop
  endfacet
  facet normal 0.318017 -0.631691 -0.706987
    outer loop
      vertex 9.89933 -18.5203 0.799999
      vertex 8.97866 -18.9838 0.799999
      vertex 9.52221 -17.8148 0
    endloop
  endfacet
  facet normal -0.69003 0.155 -0.706989
    outer loop
      vertex -19.8119 3.94082 0
      vertex -20.5965 4.0969 0.799999
      vertex -19.5946 4.9082 0
    endloop
  endfacet
  facet normal -0.0173332 -0.707 -0.707001
    outer loop
      vertex 0 -21 0.799999
      vertex -0.991166 -20.1757 0
      vertex 0 -20.2 0
    endloop
  endfacet
  facet normal -0.701909 -0.0865911 -0.706983
    outer loop
      vertex -20.7727 -3.08134 0.799999
      vertex -20.8989 -2.05836 0.799999
      vertex -19.9814 -2.96395 0
    endloop
  endfacet
  facet normal 0.286594 -0.646541 -0.707
    outer loop
      vertex 8.03635 -19.4015 0.799999
      vertex 7.7302 -18.6624 0
      vertex 8.97866 -18.9838 0.799999
    endloop
  endfacet
  facet normal 0.557497 0.435103 -0.707023
    outer loop
      vertex 16.8674 12.5097 0.799999
      vertex 16.2248 12.0331 0
      vertex 16.2332 13.3223 0.799999
    endloop
  endfacet
  facet normal -0.512174 -0.48768 -0.706998
    outer loop
      vertex -14.8492 -14.8492 0.799999
      vertex -15.56 -14.1027 0.799999
      vertex -14.9672 -13.5655 0
    endloop
  endfacet
  facet normal 0.557501 0.435102 -0.707021
    outer loop
      vertex 16.2248 12.0331 0
      vertex 15.6148 12.8147 0
      vertex 16.2332 13.3223 0.799999
    endloop
  endfacet
  facet normal 0.696813 -0.120906 -0.706989
    outer loop
      vertex 20.5965 -4.0969 0.799999
      vertex 19.8119 -3.94082 0
      vertex 19.9814 -2.96395 0
    endloop
  endfacet
  facet normal 0.615369 0.348554 -0.706988
    outer loop
      vertex 18.5203 9.89933 0.799999
      vertex 17.8148 9.52221 0
      vertex 18.0123 10.7962 0.799999
    endloop
  endfacet
  facet normal 0.155 -0.69003 -0.706989
    outer loop
      vertex 4.0969 -20.5965 0.799999
      vertex 3.94082 -19.8119 0
      vertex 4.9082 -19.5946 0
    endloop
  endfacet
  facet normal -0.707 -0.0173332 -0.707001
    outer loop
      vertex -20.1757 -0.991166 0
      vertex -21 0 0.799999
      vertex -20.2 0 0
    endloop
  endfacet
  facet normal 0.70527 -0.0520687 -0.707024
    outer loop
      vertex 20.8989 -2.05836 0.799999
      vertex 20.1027 -1.97995 0
      vertex 20.1757 -0.991166 0
    endloop
  endfacet
  facet normal -0.671536 0.22183 -0.706987
    outer loop
      vertex -19.0192 6.80517 0
      vertex -20.0957 6.09598 0.799999
      vertex -19.7724 7.07469 0.799999
    endloop
  endfacet
  facet normal -0.254508 0.659831 -0.707
    outer loop
      vertex -7.7302 18.6624 0
      vertex -8.03635 19.4015 0.799999
      vertex -6.80517 19.0192 0
    endloop
  endfacet
  facet normal 0.348575 0.61533 -0.707011
    outer loop
      vertex 10.3849 17.3261 0
      vertex 9.52221 17.8148 0
      vertex 10.7962 18.0123 0.799999
    endloop
  endfacet
  facet normal -0.671536 -0.22183 -0.706987
    outer loop
      vertex -19.7724 -7.07469 0.799999
      vertex -20.0957 -6.09598 0.799999
      vertex -19.0192 -6.80517 0
    endloop
  endfacet
  facet normal -0.659849 0.254495 -0.706988
    outer loop
      vertex -19.0192 6.80517 0
      vertex -19.7724 7.07469 0.799999
      vertex -19.4015 8.03635 0.799999
    endloop
  endfacet
  facet normal 0.535507 0.4619 -0.707023
    outer loop
      vertex 15.6148 12.8147 0
      vertex 14.9672 13.5655 0
      vertex 16.2332 13.3223 0.799999
    endloop
  endfacet
  facet normal -0.578187 0.407213 -0.707021
    outer loop
      vertex -16.7957 11.2225 0
      vertex -17.4609 11.667 0.799999
      vertex -16.2248 12.0331 0
    endloop
  endfacet
  facet normal 0.512267 0.487656 -0.706947
    outer loop
      vertex 14.9672 13.5655 0
      vertex 14.2836 14.2836 0
      vertex 14.8492 14.8492 0.799999
    endloop
  endfacet
  facet normal -0.435103 0.557497 -0.707023
    outer loop
      vertex -12.0331 16.2248 0
      vertex -13.3223 16.2332 0.799999
      vertex -12.5097 16.8674 0.799999
    endloop
  endfacet
  facet normal 0.681623 0.188605 -0.706978
    outer loop
      vertex 19.5946 4.9082 0
      vertex 19.3302 5.86375 0
      vertex 20.0957 6.09598 0.799999
    endloop
  endfacet
  facet normal -0.61533 0.348575 -0.707011
    outer loop
      vertex -17.8148 9.52221 0
      vertex -18.0123 10.7962 0.799999
      vertex -17.3261 10.3849 0
    endloop
  endfacet
  facet normal 0.671536 -0.22183 -0.706987
    outer loop
      vertex 19.7724 -7.07469 0.799999
      vertex 19.0192 -6.80517 0
      vertex 20.0957 -6.09598 0.799999
    endloop
  endfacet
  facet normal -0.578187 -0.407208 -0.707023
    outer loop
      vertex -16.8674 -12.5097 0.799999
      vertex -17.4609 -11.667 0.799999
      vertex -16.2248 -12.0331 0
    endloop
  endfacet
  facet normal -0.0173332 0.707 -0.707001
    outer loop
      vertex 0 20.2 0
      vertex -0.991166 20.1757 0
      vertex 0 21 0.799999
    endloop
  endfacet
  facet normal -0.631688 0.317984 -0.707005
    outer loop
      vertex -18.2606 8.63661 0
      vertex -18.9838 8.97866 0.799999
      vertex -17.8148 9.52221 0
    endloop
  endfacet
  facet normal -0.646541 0.286594 -0.707
    outer loop
      vertex -18.6624 7.7302 0
      vertex -19.4015 8.03635 0.799999
      vertex -18.9838 8.97866 0.799999
    endloop
  endfacet
  facet normal 0.597476 0.378345 -0.70702
    outer loop
      vertex 17.3261 10.3849 0
      vertex 16.7957 11.2225 0
      vertex 17.4609 11.667 0.799999
    endloop
  endfacet
  facet normal 0.707 -0.0173332 -0.707001
    outer loop
      vertex 21 0 0.799999
      vertex 20.1757 -0.991166 0
      vertex 20.2 0 0
    endloop
  endfacet
  facet normal -0.487656 -0.512267 -0.706947
    outer loop
      vertex -13.5655 -14.9672 0
      vertex -14.8492 -14.8492 0.799999
      vertex -14.2836 -14.2836 0
    endloop
  endfacet
  facet normal 0.659849 0.254495 -0.706988
    outer loop
      vertex 19.7724 7.07469 0.799999
      vertex 19.0192 6.80517 0
      vertex 19.4015 8.03635 0.799999
    endloop
  endfacet
  facet normal 0.631688 -0.317984 -0.707005
    outer loop
      vertex 18.9838 -8.97866 0.799999
      vertex 17.8148 -9.52221 0
      vertex 18.2606 -8.63661 0
    endloop
  endfacet
  facet normal -0.0520096 0.705314 -0.706985
    outer loop
      vertex -0.991166 20.1757 0
      vertex -2.05836 20.8989 0.799999
      vertex -1.03042 20.9747 0.799999
    endloop
  endfacet
  facet normal 0.597476 -0.378345 -0.70702
    outer loop
      vertex 17.4609 -11.667 0.799999
      vertex 16.7957 -11.2225 0
      vertex 17.3261 -10.3849 0
    endloop
  endfacet
  facet normal -0.254495 0.659849 -0.706988
    outer loop
      vertex -6.80517 19.0192 0
      vertex -8.03635 19.4015 0.799999
      vertex -7.07469 19.7724 0.799999
    endloop
  endfacet
  facet normal -0.348575 0.61533 -0.707011
    outer loop
      vertex -10.3849 17.3261 0
      vertex -10.7962 18.0123 0.799999
      vertex -9.52221 17.8148 0
    endloop
  endfacet
  facet normal -0.69003 -0.155 -0.706989
    outer loop
      vertex -19.5946 -4.9082 0
      vertex -20.5965 -4.0969 0.799999
      vertex -19.8119 -3.94082 0
    endloop
  endfacet
  facet normal 0.0865911 0.701909 -0.706983
    outer loop
      vertex 2.96395 19.9814 0
      vertex 2.05836 20.8989 0.799999
      vertex 3.08134 20.7727 0.799999
    endloop
  endfacet
  facet normal 0.086522 0.701877 -0.707024
    outer loop
      vertex 2.96395 19.9814 0
      vertex 1.97995 20.1027 0
      vertex 2.05836 20.8989 0.799999
    endloop
  endfacet
  facet normal 0.659831 0.254508 -0.707
    outer loop
      vertex 19.0192 6.80517 0
      vertex 18.6624 7.7302 0
      vertex 19.4015 8.03635 0.799999
    endloop
  endfacet
  facet normal 0.705314 0.0520096 -0.706985
    outer loop
      vertex 20.9747 1.03042 0.799999
      vertex 20.1757 0.991166 0
      vertex 20.8989 2.05836 0.799999
    endloop
  endfacet
  facet normal 0.707016 0.0173594 -0.706985
    outer loop
      vertex 21 0 0.799999
      vertex 20.1757 0.991166 0
      vertex 20.9747 1.03042 0.799999
    endloop
  endfacet
  facet normal -0.681623 -0.188605 -0.706978
    outer loop
      vertex -19.3302 -5.86375 0
      vertex -20.0957 -6.09598 0.799999
      vertex -19.5946 -4.9082 0
    endloop
  endfacet
  facet normal 0.2866 -0.646532 -0.707005
    outer loop
      vertex 8.97866 -18.9838 0.799999
      vertex 7.7302 -18.6624 0
      vertex 8.63661 -18.2606 0
    endloop
  endfacet
  facet normal -0.557497 -0.435103 -0.707023
    outer loop
      vertex -16.2332 -13.3223 0.799999
      vertex -16.8674 -12.5097 0.799999
      vertex -16.2248 -12.0331 0
    endloop
  endfacet
  facet normal 0.254508 0.659831 -0.707
    outer loop
      vertex 7.7302 18.6624 0
      vertex 6.80517 19.0192 0
      vertex 8.03635 19.4015 0.799999
    endloop
  endfacet
  facet normal 0.120899 0.69682 -0.706983
    outer loop
      vertex 4.0969 20.5965 0.799999
      vertex 2.96395 19.9814 0
      vertex 3.08134 20.7727 0.799999
    endloop
  endfacet
  facet normal -0.681549 0.188671 -0.707031
    outer loop
      vertex -19.5946 4.9082 0
      vertex -20.3707 5.10258 0.799999
      vertex -20.0957 6.09598 0.799999
    endloop
  endfacet
  facet normal -0.461941 -0.535501 -0.707
    outer loop
      vertex -13.3223 -16.2332 0.799999
      vertex -14.1027 -15.56 0.799999
      vertex -13.5655 -14.9672 0
    endloop
  endfacet
  facet normal 0.286594 0.646541 -0.707
    outer loop
      vertex 8.97866 18.9838 0.799999
      vertex 7.7302 18.6624 0
      vertex 8.03635 19.4015 0.799999
    endloop
  endfacet
  facet normal -0.631688 -0.317984 -0.707005
    outer loop
      vertex -17.8148 -9.52221 0
      vertex -18.9838 -8.97866 0.799999
      vertex -18.2606 -8.63661 0
    endloop
  endfacet
  facet normal 0.407213 -0.578187 -0.707021
    outer loop
      vertex 11.667 -17.4609 0.799999
      vertex 11.2225 -16.7957 0
      vertex 12.0331 -16.2248 0
    endloop
  endfacet
  facet normal 0.671536 0.22183 -0.706987
    outer loop
      vertex 20.0957 6.09598 0.799999
      vertex 19.0192 6.80517 0
      vertex 19.7724 7.07469 0.799999
    endloop
  endfacet
  facet normal -0.318017 0.631691 -0.706987
    outer loop
      vertex -9.52221 17.8148 0
      vertex -9.89933 18.5203 0.799999
      vertex -8.97866 18.9838 0.799999
    endloop
  endfacet
  facet normal 0.22183 0.671536 -0.706987
    outer loop
      vertex 6.80517 19.0192 0
      vertex 6.09598 20.0957 0.799999
      vertex 7.07469 19.7724 0.799999
    endloop
  endfacet
  facet normal 0.0173594 0.707016 -0.706985
    outer loop
      vertex 0.991166 20.1757 0
      vertex 0 21 0.799999
      vertex 1.03042 20.9747 0.799999
    endloop
  endfacet
  facet normal -0.120906 0.696813 -0.706989
    outer loop
      vertex -3.94082 19.8119 0
      vertex -4.0969 20.5965 0.799999
      vertex -2.96395 19.9814 0
    endloop
  endfacet
  facet normal 0.221844 -0.67154 -0.706979
    outer loop
      vertex 6.09598 -20.0957 0.799999
      vertex 5.86375 -19.3302 0
      vertex 6.80517 -19.0192 0
    endloop
  endfacet
  facet normal 0.61533 -0.348575 -0.707011
    outer loop
      vertex 18.0123 -10.7962 0.799999
      vertex 17.3261 -10.3849 0
      vertex 17.8148 -9.52221 0
    endloop
  endfacet
  facet normal 0.578187 -0.407213 -0.707021
    outer loop
      vertex 17.4609 -11.667 0.799999
      vertex 16.2248 -12.0331 0
      vertex 16.7957 -11.2225 0
    endloop
  endfacet
  facet normal -0.254508 -0.659831 -0.707
    outer loop
      vertex -6.80517 -19.0192 0
      vertex -8.03635 -19.4015 0.799999
      vertex -7.7302 -18.6624 0
    endloop
  endfacet
  facet normal -0.120899 -0.69682 -0.706983
    outer loop
      vertex -3.08134 -20.7727 0.799999
      vertex -4.0969 -20.5965 0.799999
      vertex -2.96395 -19.9814 0
    endloop
  endfacet
  facet normal 0.254495 0.659849 -0.706988
    outer loop
      vertex 8.03635 19.4015 0.799999
      vertex 6.80517 19.0192 0
      vertex 7.07469 19.7724 0.799999
    endloop
  endfacet
  facet normal -0.155 -0.69003 -0.706989
    outer loop
      vertex -4.0969 -20.5965 0.799999
      vertex -4.9082 -19.5946 0
      vertex -3.94082 -19.8119 0
    endloop
  endfacet
  facet normal 0.188605 -0.681623 -0.706978
    outer loop
      vertex 6.09598 -20.0957 0.799999
      vertex 4.9082 -19.5946 0
      vertex 5.86375 -19.3302 0
    endloop
  endfacet
  facet normal -0.701909 0.0865911 -0.706983
    outer loop
      vertex -19.9814 2.96395 0
      vertex -20.8989 2.05836 0.799999
      vertex -20.7727 3.08134 0.799999
    endloop
  endfacet
  facet normal -0.0865911 0.701909 -0.706983
    outer loop
      vertex -2.96395 19.9814 0
      vertex -3.08134 20.7727 0.799999
      vertex -2.05836 20.8989 0.799999
    endloop
  endfacet
  facet normal -0.707016 -0.0173594 -0.706985
    outer loop
      vertex -20.9747 -1.03042 0.799999
      vertex -21 0 0.799999
      vertex -20.1757 -0.991166 0
    endloop
  endfacet
  facet normal 0.578187 0.407213 -0.707021
    outer loop
      vertex 16.7957 11.2225 0
      vertex 16.2248 12.0331 0
      vertex 17.4609 11.667 0.799999
    endloop
  endfacet
  facet normal 0.254508 -0.659831 -0.707
    outer loop
      vertex 8.03635 -19.4015 0.799999
      vertex 6.80517 -19.0192 0
      vertex 7.7302 -18.6624 0
    endloop
  endfacet
  facet normal -0.705314 -0.0520096 -0.706985
    outer loop
      vertex -20.8989 -2.05836 0.799999
      vertex -20.9747 -1.03042 0.799999
      vertex -20.1757 -0.991166 0
    endloop
  endfacet
  facet normal 0.631688 0.317984 -0.707005
    outer loop
      vertex 18.2606 8.63661 0
      vertex 17.8148 9.52221 0
      vertex 18.9838 8.97866 0.799999
    endloop
  endfacet
  facet normal -0.120899 0.69682 -0.706983
    outer loop
      vertex -2.96395 19.9814 0
      vertex -4.0969 20.5965 0.799999
      vertex -3.08134 20.7727 0.799999
    endloop
  endfacet
  facet normal -0.0865911 -0.701909 -0.706983
    outer loop
      vertex -2.05836 -20.8989 0.799999
      vertex -3.08134 -20.7727 0.799999
      vertex -2.96395 -19.9814 0
    endloop
  endfacet
  facet normal 0.22183 -0.671536 -0.706987
    outer loop
      vertex 7.07469 -19.7724 0.799999
      vertex 6.09598 -20.0957 0.799999
      vertex 6.80517 -19.0192 0
    endloop
  endfacet
  facet normal -0.707 0.0173332 -0.707001
    outer loop
      vertex -20.2 0 0
      vertex -21 0 0.799999
      vertex -20.1757 0.991166 0
    endloop
  endfacet
  facet normal -0.286594 0.646541 -0.707
    outer loop
      vertex -7.7302 18.6624 0
      vertex -8.97866 18.9838 0.799999
      vertex -8.03635 19.4015 0.799999
    endloop
  endfacet
  facet normal 0.512174 0.48768 -0.706998
    outer loop
      vertex 14.9672 13.5655 0
      vertex 14.8492 14.8492 0.799999
      vertex 15.56 14.1027 0.799999
    endloop
  endfacet
  facet normal -0.317984 0.631688 -0.707005
    outer loop
      vertex -8.63661 18.2606 0
      vertex -9.52221 17.8148 0
      vertex -8.97866 18.9838 0.799999
    endloop
  endfacet
  facet normal 0.646541 -0.286594 -0.707
    outer loop
      vertex 18.9838 -8.97866 0.799999
      vertex 18.6624 -7.7302 0
      vertex 19.4015 -8.03635 0.799999
    endloop
  endfacet
  facet normal 0.154923 -0.690003 -0.707032
    outer loop
      vertex 5.10258 -20.3707 0.799999
      vertex 4.0969 -20.5965 0.799999
      vertex 4.9082 -19.5946 0
    endloop
  endfacet
  facet normal 0.120906 -0.696813 -0.706989
    outer loop
      vertex 4.0969 -20.5965 0.799999
      vertex 2.96395 -19.9814 0
      vertex 3.94082 -19.8119 0
    endloop
  endfacet
  facet normal 0.0520096 -0.705314 -0.706985
    outer loop
      vertex 1.03042 -20.9747 0.799999
      vertex 0.991166 -20.1757 0
      vertex 2.05836 -20.8989 0.799999
    endloop
  endfacet
  facet normal 0.435102 0.557501 -0.707021
    outer loop
      vertex 12.8147 15.6148 0
      vertex 12.0331 16.2248 0
      vertex 13.3223 16.2332 0.799999
    endloop
  endfacet
  facet normal -0.512267 0.487656 -0.706947
    outer loop
      vertex -14.2836 14.2836 0
      vertex -14.9672 13.5655 0
      vertex -14.8492 14.8492 0.799999
    endloop
  endfacet
  facet normal -0.681623 0.188605 -0.706978
    outer loop
      vertex -19.5946 4.9082 0
      vertex -20.0957 6.09598 0.799999
      vertex -19.3302 5.86375 0
    endloop
  endfacet
  facet normal -0.690003 0.154923 -0.707032
    outer loop
      vertex -19.5946 4.9082 0
      vertex -20.5965 4.0969 0.799999
      vertex -20.3707 5.10258 0.799999
    endloop
  endfacet
  facet normal 0.348554 0.615369 -0.706988
    outer loop
      vertex 10.7962 18.0123 0.799999
      vertex 9.52221 17.8148 0
      vertex 9.89933 18.5203 0.799999
    endloop
  endfacet
  facet normal 0.378338 -0.597491 -0.707012
    outer loop
      vertex 10.7962 -18.0123 0.799999
      vertex 10.3849 -17.3261 0
      vertex 11.667 -17.4609 0.799999
    endloop
  endfacet
  facet normal 0.0173332 -0.707 -0.707001
    outer loop
      vertex 0.991166 -20.1757 0
      vertex 0 -21 0.799999
      vertex 0 -20.2 0
    endloop
  endfacet
  facet normal 0.659831 -0.254508 -0.707
    outer loop
      vertex 19.4015 -8.03635 0.799999
      vertex 18.6624 -7.7302 0
      vertex 19.0192 -6.80517 0
    endloop
  endfacet
  facet normal -0.487656 0.512267 -0.706947
    outer loop
      vertex -14.2836 14.2836 0
      vertex -14.8492 14.8492 0.799999
      vertex -13.5655 14.9672 0
    endloop
  endfacet
  facet normal -0.615369 -0.348554 -0.706988
    outer loop
      vertex -18.0123 -10.7962 0.799999
      vertex -18.5203 -9.89933 0.799999
      vertex -17.8148 -9.52221 0
    endloop
  endfacet
  facet normal 0.696813 0.120906 -0.706989
    outer loop
      vertex 19.9814 2.96395 0
      vertex 19.8119 3.94082 0
      vertex 20.5965 4.0969 0.799999
    endloop
  endfacet
  facet normal 0.535501 0.461941 -0.707
    outer loop
      vertex 16.2332 13.3223 0.799999
      vertex 14.9672 13.5655 0
      vertex 15.56 14.1027 0.799999
    endloop
  endfacet
  facet normal -0.631691 -0.318017 -0.706987
    outer loop
      vertex -18.5203 -9.89933 0.799999
      vertex -18.9838 -8.97866 0.799999
      vertex -17.8148 -9.52221 0
    endloop
  endfacet
  facet normal 0.578187 -0.407208 -0.707023
    outer loop
      vertex 16.8674 -12.5097 0.799999
      vertex 16.2248 -12.0331 0
      vertex 17.4609 -11.667 0.799999
    endloop
  endfacet
  facet normal 0.221844 0.67154 -0.706979
    outer loop
      vertex 6.80517 19.0192 0
      vertex 5.86375 19.3302 0
      vertex 6.09598 20.0957 0.799999
    endloop
  endfacet
  facet normal 0.155 0.69003 -0.706989
    outer loop
      vertex 4.9082 19.5946 0
      vertex 3.94082 19.8119 0
      vertex 4.0969 20.5965 0.799999
    endloop
  endfacet
  facet normal 0.681623 -0.188605 -0.706978
    outer loop
      vertex 20.0957 -6.09598 0.799999
      vertex 19.3302 -5.86375 0
      vertex 19.5946 -4.9082 0
    endloop
  endfacet
  facet normal 0.0520687 -0.70527 -0.707024
    outer loop
      vertex 2.05836 -20.8989 0.799999
      vertex 0.991166 -20.1757 0
      vertex 1.97995 -20.1027 0
    endloop
  endfacet
  facet normal 0.188671 -0.681549 -0.707031
    outer loop
      vertex 5.10258 -20.3707 0.799999
      vertex 4.9082 -19.5946 0
      vertex 6.09598 -20.0957 0.799999
    endloop
  endfacet
  facet normal 0.69003 0.155 -0.706989
    outer loop
      vertex 19.8119 3.94082 0
      vertex 19.5946 4.9082 0
      vertex 20.5965 4.0969 0.799999
    endloop
  endfacet
  facet normal -0.378338 0.597491 -0.707012
    outer loop
      vertex -10.3849 17.3261 0
      vertex -11.667 17.4609 0.799999
      vertex -10.7962 18.0123 0.799999
    endloop
  endfacet
  facet normal 0.67154 -0.221844 -0.706979
    outer loop
      vertex 20.0957 -6.09598 0.799999
      vertex 19.0192 -6.80517 0
      vertex 19.3302 -5.86375 0
    endloop
  endfacet
  facet normal 0.659849 -0.254495 -0.706988
    outer loop
      vertex 19.4015 -8.03635 0.799999
      vertex 19.0192 -6.80517 0
      vertex 19.7724 -7.07469 0.799999
    endloop
  endfacet
  facet normal 0.435102 -0.557501 -0.707021
    outer loop
      vertex 13.3223 -16.2332 0.799999
      vertex 12.0331 -16.2248 0
      vertex 12.8147 -15.6148 0
    endloop
  endfacet
  facet normal -0.615369 0.348554 -0.706988
    outer loop
      vertex -17.8148 9.52221 0
      vertex -18.5203 9.89933 0.799999
      vertex -18.0123 10.7962 0.799999
    endloop
  endfacet
  facet normal -0.221844 0.67154 -0.706979
    outer loop
      vertex -5.86375 19.3302 0
      vertex -6.80517 19.0192 0
      vertex -6.09598 20.0957 0.799999
    endloop
  endfacet
  facet normal 0.707016 -0.0173594 -0.706985
    outer loop
      vertex 20.9747 -1.03042 0.799999
      vertex 20.1757 -0.991166 0
      vertex 21 0 0.799999
    endloop
  endfacet
  facet normal 0.705314 -0.0520096 -0.706985
    outer loop
      vertex 20.8989 -2.05836 0.799999
      vertex 20.1757 -0.991166 0
      vertex 20.9747 -1.03042 0.799999
    endloop
  endfacet
  facet normal -0.557501 0.435102 -0.707021
    outer loop
      vertex -16.2248 12.0331 0
      vertex -16.2332 13.3223 0.799999
      vertex -15.6148 12.8147 0
    endloop
  endfacet
  facet normal -0.435103 -0.557497 -0.707023
    outer loop
      vertex -12.5097 -16.8674 0.799999
      vertex -13.3223 -16.2332 0.799999
      vertex -12.0331 -16.2248 0
    endloop
  endfacet
  facet normal -0.0520096 -0.705314 -0.706985
    outer loop
      vertex -1.03042 -20.9747 0.799999
      vertex -2.05836 -20.8989 0.799999
      vertex -0.991166 -20.1757 0
    endloop
  endfacet
  facet normal -0.254495 -0.659849 -0.706988
    outer loop
      vertex -7.07469 -19.7724 0.799999
      vertex -8.03635 -19.4015 0.799999
      vertex -6.80517 -19.0192 0
    endloop
  endfacet
  facet normal 0.4619 0.535507 -0.707023
    outer loop
      vertex 13.5655 14.9672 0
      vertex 12.8147 15.6148 0
      vertex 13.3223 16.2332 0.799999
    endloop
  endfacet
  facet normal 0.378345 0.597476 -0.70702
    outer loop
      vertex 11.2225 16.7957 0
      vertex 10.3849 17.3261 0
      vertex 11.667 17.4609 0.799999
    endloop
  endfacet
  facet normal -0.690003 -0.154923 -0.707032
    outer loop
      vertex -20.3707 -5.10258 0.799999
      vertex -20.5965 -4.0969 0.799999
      vertex -19.5946 -4.9082 0
    endloop
  endfacet
  facet normal -0.154923 0.690003 -0.707032
    outer loop
      vertex -4.9082 19.5946 0
      vertex -5.10258 20.3707 0.799999
      vertex -4.0969 20.5965 0.799999
    endloop
  endfacet
  facet normal -0.707016 0.0173594 -0.706985
    outer loop
      vertex -20.1757 0.991166 0
      vertex -21 0 0.799999
      vertex -20.9747 1.03042 0.799999
    endloop
  endfacet
  facet normal -0.407213 0.578187 -0.707021
    outer loop
      vertex -11.2225 16.7957 0
      vertex -12.0331 16.2248 0
      vertex -11.667 17.4609 0.799999
    endloop
  endfacet
  facet normal -0.705314 0.0520096 -0.706985
    outer loop
      vertex -20.1757 0.991166 0
      vertex -20.9747 1.03042 0.799999
      vertex -20.8989 2.05836 0.799999
    endloop
  endfacet
  facet normal -0.512267 -0.487656 -0.706947
    outer loop
      vertex -14.8492 -14.8492 0.799999
      vertex -14.9672 -13.5655 0
      vertex -14.2836 -14.2836 0
    endloop
  endfacet
  facet normal 0.086522 -0.701877 -0.707024
    outer loop
      vertex 2.05836 -20.8989 0.799999
      vertex 1.97995 -20.1027 0
      vertex 2.96395 -19.9814 0
    endloop
  endfacet
  facet normal 0.0520096 0.705314 -0.706985
    outer loop
      vertex 2.05836 20.8989 0.799999
      vertex 0.991166 20.1757 0
      vertex 1.03042 20.9747 0.799999
    endloop
  endfacet
  facet normal 0.0520687 0.70527 -0.707024
    outer loop
      vertex 1.97995 20.1027 0
      vertex 0.991166 20.1757 0
      vertex 2.05836 20.8989 0.799999
    endloop
  endfacet
  facet normal -0.378338 -0.597491 -0.707012
    outer loop
      vertex -10.7962 -18.0123 0.799999
      vertex -11.667 -17.4609 0.799999
      vertex -10.3849 -17.3261 0
    endloop
  endfacet
  facet normal 0.557497 -0.435103 -0.707023
    outer loop
      vertex 16.2332 -13.3223 0.799999
      vertex 16.2248 -12.0331 0
      vertex 16.8674 -12.5097 0.799999
    endloop
  endfacet
  facet normal 0.0865911 -0.701909 -0.706983
    outer loop
      vertex 3.08134 -20.7727 0.799999
      vertex 2.05836 -20.8989 0.799999
      vertex 2.96395 -19.9814 0
    endloop
  endfacet
  facet normal -0.597476 -0.378345 -0.70702
    outer loop
      vertex -16.7957 -11.2225 0
      vertex -17.4609 -11.667 0.799999
      vertex -17.3261 -10.3849 0
    endloop
  endfacet
  facet normal 0.646541 0.286594 -0.707
    outer loop
      vertex 19.4015 8.03635 0.799999
      vertex 18.6624 7.7302 0
      vertex 18.9838 8.97866 0.799999
    endloop
  endfacet
  facet normal -0.188605 0.681623 -0.706978
    outer loop
      vertex -5.86375 19.3302 0
      vertex -6.09598 20.0957 0.799999
      vertex -4.9082 19.5946 0
    endloop
  endfacet
  facet normal 0.188605 0.681623 -0.706978
    outer loop
      vertex 5.86375 19.3302 0
      vertex 4.9082 19.5946 0
      vertex 6.09598 20.0957 0.799999
    endloop
  endfacet
  facet normal 0.535501 -0.461941 -0.707
    outer loop
      vertex 15.56 -14.1027 0.799999
      vertex 14.9672 -13.5655 0
      vertex 16.2332 -13.3223 0.799999
    endloop
  endfacet
  facet normal 0.2866 0.646532 -0.707005
    outer loop
      vertex 8.63661 18.2606 0
      vertex 7.7302 18.6624 0
      vertex 8.97866 18.9838 0.799999
    endloop
  endfacet
  facet normal -0.67154 -0.221844 -0.706979
    outer loop
      vertex -19.0192 -6.80517 0
      vertex -20.0957 -6.09598 0.799999
      vertex -19.3302 -5.86375 0
    endloop
  endfacet
  facet normal -0.557497 0.435103 -0.707023
    outer loop
      vertex -16.2248 12.0331 0
      vertex -16.8674 12.5097 0.799999
      vertex -16.2332 13.3223 0.799999
    endloop
  endfacet
  facet normal -0.578187 0.407208 -0.707023
    outer loop
      vertex -16.2248 12.0331 0
      vertex -17.4609 11.667 0.799999
      vertex -16.8674 12.5097 0.799999
    endloop
  endfacet
  facet normal -0.70527 0.0520687 -0.707024
    outer loop
      vertex -20.1757 0.991166 0
      vertex -20.8989 2.05836 0.799999
      vertex -20.1027 1.97995 0
    endloop
  endfacet
  facet normal -0.659831 0.254508 -0.707
    outer loop
      vertex -19.0192 6.80517 0
      vertex -19.4015 8.03635 0.799999
      vertex -18.6624 7.7302 0
    endloop
  endfacet
  facet normal 0.597491 -0.378338 -0.707012
    outer loop
      vertex 17.4609 -11.667 0.799999
      vertex 17.3261 -10.3849 0
      vertex 18.0123 -10.7962 0.799999
    endloop
  endfacet
  facet normal -0.67154 0.221844 -0.706979
    outer loop
      vertex -19.3302 5.86375 0
      vertex -20.0957 6.09598 0.799999
      vertex -19.0192 6.80517 0
    endloop
  endfacet
  facet normal 0.557501 -0.435102 -0.707021
    outer loop
      vertex 16.2332 -13.3223 0.799999
      vertex 15.6148 -12.8147 0
      vertex 16.2248 -12.0331 0
    endloop
  endfacet
  facet normal 0.0173594 -0.707016 -0.706985
    outer loop
      vertex 1.03042 -20.9747 0.799999
      vertex 0 -21 0.799999
      vertex 0.991166 -20.1757 0
    endloop
  endfacet
  facet normal -0.512174 0.48768 -0.706998
    outer loop
      vertex -14.9672 13.5655 0
      vertex -15.56 14.1027 0.799999
      vertex -14.8492 14.8492 0.799999
    endloop
  endfacet
  facet normal -0.2866 0.646532 -0.707005
    outer loop
      vertex -8.63661 18.2606 0
      vertex -8.97866 18.9838 0.799999
      vertex -7.7302 18.6624 0
    endloop
  endfacet
  facet normal 0.615369 -0.348554 -0.706988
    outer loop
      vertex 18.0123 -10.7962 0.799999
      vertex 17.8148 -9.52221 0
      vertex 18.5203 -9.89933 0.799999
    endloop
  endfacet
  facet normal -0.407208 -0.578187 -0.707023
    outer loop
      vertex -11.667 -17.4609 0.799999
      vertex -12.5097 -16.8674 0.799999
      vertex -12.0331 -16.2248 0
    endloop
  endfacet
  facet normal 0.254495 -0.659849 -0.706988
    outer loop
      vertex 7.07469 -19.7724 0.799999
      vertex 6.80517 -19.0192 0
      vertex 8.03635 -19.4015 0.799999
    endloop
  endfacet
  facet normal 0.512174 -0.48768 -0.706998
    outer loop
      vertex 15.56 -14.1027 0.799999
      vertex 14.8492 -14.8492 0.799999
      vertex 14.9672 -13.5655 0
    endloop
  endfacet
  facet normal 0.512267 -0.487656 -0.706947
    outer loop
      vertex 14.8492 -14.8492 0.799999
      vertex 14.2836 -14.2836 0
      vertex 14.9672 -13.5655 0
    endloop
  endfacet
  facet normal -0.435102 -0.557501 -0.707021
    outer loop
      vertex -12.0331 -16.2248 0
      vertex -13.3223 -16.2332 0.799999
      vertex -12.8147 -15.6148 0
    endloop
  endfacet
  facet normal 0.69003 -0.155 -0.706989
    outer loop
      vertex 20.5965 -4.0969 0.799999
      vertex 19.5946 -4.9082 0
      vertex 19.8119 -3.94082 0
    endloop
  endfacet
  facet normal 0.317984 -0.631688 -0.707005
    outer loop
      vertex 8.97866 -18.9838 0.799999
      vertex 8.63661 -18.2606 0
      vertex 9.52221 -17.8148 0
    endloop
  endfacet
  facet normal -0.535501 -0.461941 -0.707
    outer loop
      vertex -15.56 -14.1027 0.799999
      vertex -16.2332 -13.3223 0.799999
      vertex -14.9672 -13.5655 0
    endloop
  endfacet
  facet normal 0.348554 -0.615369 -0.706988
    outer loop
      vertex 9.89933 -18.5203 0.799999
      vertex 9.52221 -17.8148 0
      vertex 10.7962 -18.0123 0.799999
    endloop
  endfacet
  facet normal 0.597491 0.378338 -0.707012
    outer loop
      vertex 18.0123 10.7962 0.799999
      vertex 17.3261 10.3849 0
      vertex 17.4609 11.667 0.799999
    endloop
  endfacet
  facet normal 0.701909 -0.0865911 -0.706983
    outer loop
      vertex 20.7727 -3.08134 0.799999
      vertex 19.9814 -2.96395 0
      vertex 20.8989 -2.05836 0.799999
    endloop
  endfacet
  facet normal 0.67154 0.221844 -0.706979
    outer loop
      vertex 19.3302 5.86375 0
      vertex 19.0192 6.80517 0
      vertex 20.0957 6.09598 0.799999
    endloop
  endfacet
  facet normal 0.578187 0.407208 -0.707023
    outer loop
      vertex 17.4609 11.667 0.799999
      vertex 16.2248 12.0331 0
      vertex 16.8674 12.5097 0.799999
    endloop
  endfacet
  facet normal 0.120906 0.696813 -0.706989
    outer loop
      vertex 3.94082 19.8119 0
      vertex 2.96395 19.9814 0
      vertex 4.0969 20.5965 0.799999
    endloop
  endfacet
  facet normal 0.435103 0.557497 -0.707023
    outer loop
      vertex 13.3223 16.2332 0.799999
      vertex 12.0331 16.2248 0
      vertex 12.5097 16.8674 0.799999
    endloop
  endfacet
  facet normal -0.348575 -0.61533 -0.707011
    outer loop
      vertex -9.52221 -17.8148 0
      vertex -10.7962 -18.0123 0.799999
      vertex -10.3849 -17.3261 0
    endloop
  endfacet
  facet normal -0.578187 -0.407213 -0.707021
    outer loop
      vertex -16.2248 -12.0331 0
      vertex -17.4609 -11.667 0.799999
      vertex -16.7957 -11.2225 0
    endloop
  endfacet
  facet normal -0.22183 0.671536 -0.706987
    outer loop
      vertex -6.80517 19.0192 0
      vertex -7.07469 19.7724 0.799999
      vertex -6.09598 20.0957 0.799999
    endloop
  endfacet
  facet normal 0.690003 -0.154923 -0.707032
    outer loop
      vertex 20.3707 -5.10258 0.799999
      vertex 19.5946 -4.9082 0
      vertex 20.5965 -4.0969 0.799999
    endloop
  endfacet
  facet normal 0.681549 -0.188671 -0.707031
    outer loop
      vertex 20.0957 -6.09598 0.799999
      vertex 19.5946 -4.9082 0
      vertex 20.3707 -5.10258 0.799999
    endloop
  endfacet
  facet normal -0.435102 0.557501 -0.707021
    outer loop
      vertex -12.8147 15.6148 0
      vertex -13.3223 16.2332 0.799999
      vertex -12.0331 16.2248 0
    endloop
  endfacet
  facet normal 0.701877 -0.086522 -0.707024
    outer loop
      vertex 20.8989 -2.05836 0.799999
      vertex 19.9814 -2.96395 0
      vertex 20.1027 -1.97995 0
    endloop
  endfacet
  facet normal 0.69682 -0.120899 -0.706983
    outer loop
      vertex 20.5965 -4.0969 0.799999
      vertex 19.9814 -2.96395 0
      vertex 20.7727 -3.08134 0.799999
    endloop
  endfacet
  facet normal 0.120899 -0.69682 -0.706983
    outer loop
      vertex 3.08134 -20.7727 0.799999
      vertex 2.96395 -19.9814 0
      vertex 4.0969 -20.5965 0.799999
    endloop
  endfacet
  facet normal -0.535507 0.4619 -0.707023
    outer loop
      vertex -15.6148 12.8147 0
      vertex -16.2332 13.3223 0.799999
      vertex -14.9672 13.5655 0
    endloop
  endfacet
  facet normal -0.69682 -0.120899 -0.706983
    outer loop
      vertex -20.5965 -4.0969 0.799999
      vertex -20.7727 -3.08134 0.799999
      vertex -19.9814 -2.96395 0
    endloop
  endfacet
  facet normal 0.646532 0.2866 -0.707005
    outer loop
      vertex 18.6624 7.7302 0
      vertex 18.2606 8.63661 0
      vertex 18.9838 8.97866 0.799999
    endloop
  endfacet
  facet normal 0.69682 0.120899 -0.706983
    outer loop
      vertex 20.7727 3.08134 0.799999
      vertex 19.9814 2.96395 0
      vertex 20.5965 4.0969 0.799999
    endloop
  endfacet
  facet normal 0.701909 0.0865911 -0.706983
    outer loop
      vertex 20.8989 2.05836 0.799999
      vertex 19.9814 2.96395 0
      vertex 20.7727 3.08134 0.799999
    endloop
  endfacet
  facet normal 0.378338 0.597491 -0.707012
    outer loop
      vertex 11.667 17.4609 0.799999
      vertex 10.3849 17.3261 0
      vertex 10.7962 18.0123 0.799999
    endloop
  endfacet
  facet normal -0.61533 -0.348575 -0.707011
    outer loop
      vertex -17.3261 -10.3849 0
      vertex -18.0123 -10.7962 0.799999
      vertex -17.8148 -9.52221 0
    endloop
  endfacet
  facet normal -0.4619 -0.535507 -0.707023
    outer loop
      vertex -13.3223 -16.2332 0.799999
      vertex -13.5655 -14.9672 0
      vertex -12.8147 -15.6148 0
    endloop
  endfacet
  facet normal -0.696813 -0.120906 -0.706989
    outer loop
      vertex -19.8119 -3.94082 0
      vertex -20.5965 -4.0969 0.799999
      vertex -19.9814 -2.96395 0
    endloop
  endfacet
  facet normal 0.701877 0.086522 -0.707024
    outer loop
      vertex 20.1027 1.97995 0
      vertex 19.9814 2.96395 0
      vertex 20.8989 2.05836 0.799999
    endloop
  endfacet
  facet normal -0.48768 -0.512174 -0.706998
    outer loop
      vertex -14.1027 -15.56 0.799999
      vertex -14.8492 -14.8492 0.799999
      vertex -13.5655 -14.9672 0
    endloop
  endfacet
  facet normal 0.631691 0.318017 -0.706987
    outer loop
      vertex 18.9838 8.97866 0.799999
      vertex 17.8148 9.52221 0
      vertex 18.5203 9.89933 0.799999
    endloop
  endfacet
  facet normal -0.188605 -0.681623 -0.706978
    outer loop
      vertex -4.9082 -19.5946 0
      vertex -6.09598 -20.0957 0.799999
      vertex -5.86375 -19.3302 0
    endloop
  endfacet
  facet normal -0.0173594 0.707016 -0.706985
    outer loop
      vertex -0.991166 20.1757 0
      vertex -1.03042 20.9747 0.799999
      vertex 0 21 0.799999
    endloop
  endfacet
  facet normal -0.557501 -0.435102 -0.707021
    outer loop
      vertex -15.6148 -12.8147 0
      vertex -16.2332 -13.3223 0.799999
      vertex -16.2248 -12.0331 0
    endloop
  endfacet
  facet normal -0.318017 -0.631691 -0.706987
    outer loop
      vertex -8.97866 -18.9838 0.799999
      vertex -9.89933 -18.5203 0.799999
      vertex -9.52221 -17.8148 0
    endloop
  endfacet
  facet normal 0.407208 -0.578187 -0.707023
    outer loop
      vertex 12.5097 -16.8674 0.799999
      vertex 11.667 -17.4609 0.799999
      vertex 12.0331 -16.2248 0
    endloop
  endfacet
  facet normal -0.597491 0.378338 -0.707012
    outer loop
      vertex -17.3261 10.3849 0
      vertex -18.0123 10.7962 0.799999
      vertex -17.4609 11.667 0.799999
    endloop
  endfacet
  facet normal -0.701877 0.086522 -0.707024
    outer loop
      vertex -20.1027 1.97995 0
      vertex -20.8989 2.05836 0.799999
      vertex -19.9814 2.96395 0
    endloop
  endfacet
  facet normal -0.535507 -0.4619 -0.707023
    outer loop
      vertex -14.9672 -13.5655 0
      vertex -16.2332 -13.3223 0.799999
      vertex -15.6148 -12.8147 0
    endloop
  endfacet
  facet normal 0.61533 0.348575 -0.707011
    outer loop
      vertex 17.8148 9.52221 0
      vertex 17.3261 10.3849 0
      vertex 18.0123 10.7962 0.799999
    endloop
  endfacet
  facet normal -0.317984 -0.631688 -0.707005
    outer loop
      vertex -8.97866 -18.9838 0.799999
      vertex -9.52221 -17.8148 0
      vertex -8.63661 -18.2606 0
    endloop
  endfacet
  facet normal -0.188671 -0.681549 -0.707031
    outer loop
      vertex -5.10258 -20.3707 0.799999
      vertex -6.09598 -20.0957 0.799999
      vertex -4.9082 -19.5946 0
    endloop
  endfacet
  facet normal -0.378345 0.597476 -0.70702
    outer loop
      vertex -11.2225 16.7957 0
      vertex -11.667 17.4609 0.799999
      vertex -10.3849 17.3261 0
    endloop
  endfacet
  facet normal 0.317984 0.631688 -0.707005
    outer loop
      vertex 9.52221 17.8148 0
      vertex 8.63661 18.2606 0
      vertex 8.97866 18.9838 0.799999
    endloop
  endfacet
  facet normal -0.221844 -0.67154 -0.706979
    outer loop
      vertex -6.09598 -20.0957 0.799999
      vertex -6.80517 -19.0192 0
      vertex -5.86375 -19.3302 0
    endloop
  endfacet
  facet normal 0.631691 -0.318017 -0.706987
    outer loop
      vertex 18.5203 -9.89933 0.799999
      vertex 17.8148 -9.52221 0
      vertex 18.9838 -8.97866 0.799999
    endloop
  endfacet
  facet normal -0.659831 -0.254508 -0.707
    outer loop
      vertex -18.6624 -7.7302 0
      vertex -19.4015 -8.03635 0.799999
      vertex -19.0192 -6.80517 0
    endloop
  endfacet
  facet normal -0.535501 0.461941 -0.707
    outer loop
      vertex -14.9672 13.5655 0
      vertex -16.2332 13.3223 0.799999
      vertex -15.56 14.1027 0.799999
    endloop
  endfacet
  facet normal -0.69682 0.120899 -0.706983
    outer loop
      vertex -19.9814 2.96395 0
      vertex -20.7727 3.08134 0.799999
      vertex -20.5965 4.0969 0.799999
    endloop
  endfacet
  facet normal -0.696813 0.120906 -0.706989
    outer loop
      vertex -19.9814 2.96395 0
      vertex -20.5965 4.0969 0.799999
      vertex -19.8119 3.94082 0
    endloop
  endfacet
  facet normal -0.597476 0.378345 -0.70702
    outer loop
      vertex -17.3261 10.3849 0
      vertex -17.4609 11.667 0.799999
      vertex -16.7957 11.2225 0
    endloop
  endfacet
  facet normal -0.378345 -0.597476 -0.70702
    outer loop
      vertex -10.3849 -17.3261 0
      vertex -11.667 -17.4609 0.799999
      vertex -11.2225 -16.7957 0
    endloop
  endfacet
  facet normal -0.681549 -0.188671 -0.707031
    outer loop
      vertex -20.0957 -6.09598 0.799999
      vertex -20.3707 -5.10258 0.799999
      vertex -19.5946 -4.9082 0
    endloop
  endfacet
  facet normal 0.535507 -0.4619 -0.707023
    outer loop
      vertex 16.2332 -13.3223 0.799999
      vertex 14.9672 -13.5655 0
      vertex 15.6148 -12.8147 0
    endloop
  endfacet
  facet normal 0.154923 0.690003 -0.707032
    outer loop
      vertex 4.9082 19.5946 0
      vertex 4.0969 20.5965 0.799999
      vertex 5.10258 20.3707 0.799999
    endloop
  endfacet
  facet normal 0.188671 0.681549 -0.707031
    outer loop
      vertex 6.09598 20.0957 0.799999
      vertex 4.9082 19.5946 0
      vertex 5.10258 20.3707 0.799999
    endloop
  endfacet
  facet normal 0.435103 -0.557497 -0.707023
    outer loop
      vertex 12.5097 -16.8674 0.799999
      vertex 12.0331 -16.2248 0
      vertex 13.3223 -16.2332 0.799999
    endloop
  endfacet
  facet normal 0.407213 0.578187 -0.707021
    outer loop
      vertex 12.0331 16.2248 0
      vertex 11.2225 16.7957 0
      vertex 11.667 17.4609 0.799999
    endloop
  endfacet
  facet normal 0.461941 0.535501 -0.707
    outer loop
      vertex 13.5655 14.9672 0
      vertex 13.3223 16.2332 0.799999
      vertex 14.1027 15.56 0.799999
    endloop
  endfacet
  facet normal -0.348554 -0.615369 -0.706988
    outer loop
      vertex -9.89933 -18.5203 0.799999
      vertex -10.7962 -18.0123 0.799999
      vertex -9.52221 -17.8148 0
    endloop
  endfacet
  facet normal 0.407208 0.578187 -0.707023
    outer loop
      vertex 12.0331 16.2248 0
      vertex 11.667 17.4609 0.799999
      vertex 12.5097 16.8674 0.799999
    endloop
  endfacet
  facet normal 0.461941 -0.535501 -0.707
    outer loop
      vertex 14.1027 -15.56 0.799999
      vertex 13.3223 -16.2332 0.799999
      vertex 13.5655 -14.9672 0
    endloop
  endfacet
  facet normal 0.690003 0.154923 -0.707032
    outer loop
      vertex 20.5965 4.0969 0.799999
      vertex 19.5946 4.9082 0
      vertex 20.3707 5.10258 0.799999
    endloop
  endfacet
  facet normal 0.681549 0.188671 -0.707031
    outer loop
      vertex 20.3707 5.10258 0.799999
      vertex 19.5946 4.9082 0
      vertex 20.0957 6.09598 0.799999
    endloop
  endfacet
  facet normal 0.487656 -0.512267 -0.706947
    outer loop
      vertex 14.8492 -14.8492 0.799999
      vertex 13.5655 -14.9672 0
      vertex 14.2836 -14.2836 0
    endloop
  endfacet
  facet normal 0.646532 -0.2866 -0.707005
    outer loop
      vertex 18.9838 -8.97866 0.799999
      vertex 18.2606 -8.63661 0
      vertex 18.6624 -7.7302 0
    endloop
  endfacet
  facet normal 0.348575 -0.61533 -0.707011
    outer loop
      vertex 10.7962 -18.0123 0.799999
      vertex 9.52221 -17.8148 0
      vertex 10.3849 -17.3261 0
    endloop
  endfacet
  facet normal -0.597491 -0.378338 -0.707012
    outer loop
      vertex -17.4609 -11.667 0.799999
      vertex -18.0123 -10.7962 0.799999
      vertex -17.3261 -10.3849 0
    endloop
  endfacet
  facet normal -0.631691 0.318017 -0.706987
    outer loop
      vertex -17.8148 9.52221 0
      vertex -18.9838 8.97866 0.799999
      vertex -18.5203 9.89933 0.799999
    endloop
  endfacet
  facet normal -0.086522 -0.701877 -0.707024
    outer loop
      vertex -2.05836 -20.8989 0.799999
      vertex -2.96395 -19.9814 0
      vertex -1.97995 -20.1027 0
    endloop
  endfacet
  facet normal -0.348554 0.615369 -0.706988
    outer loop
      vertex -9.52221 17.8148 0
      vertex -10.7962 18.0123 0.799999
      vertex -9.89933 18.5203 0.799999
    endloop
  endfacet
  facet normal -0.646532 0.2866 -0.707005
    outer loop
      vertex -18.6624 7.7302 0
      vertex -18.9838 8.97866 0.799999
      vertex -18.2606 8.63661 0
    endloop
  endfacet
  facet normal 0.70527 0.0520687 -0.707024
    outer loop
      vertex 20.1757 0.991166 0
      vertex 20.1027 1.97995 0
      vertex 20.8989 2.05836 0.799999
    endloop
  endfacet
  facet normal 0.378345 -0.597476 -0.70702
    outer loop
      vertex 11.667 -17.4609 0.799999
      vertex 10.3849 -17.3261 0
      vertex 11.2225 -16.7957 0
    endloop
  endfacet
  facet normal -0.188671 0.681549 -0.707031
    outer loop
      vertex -4.9082 19.5946 0
      vertex -6.09598 20.0957 0.799999
      vertex -5.10258 20.3707 0.799999
    endloop
  endfacet
  facet normal -0.086522 0.701877 -0.707024
    outer loop
      vertex -1.97995 20.1027 0
      vertex -2.96395 19.9814 0
      vertex -2.05836 20.8989 0.799999
    endloop
  endfacet
  facet normal 0.48768 -0.512174 -0.706998
    outer loop
      vertex 14.1027 -15.56 0.799999
      vertex 13.5655 -14.9672 0
      vertex 14.8492 -14.8492 0.799999
    endloop
  endfacet
  facet normal -0.154923 -0.690003 -0.707032
    outer loop
      vertex -4.0969 -20.5965 0.799999
      vertex -5.10258 -20.3707 0.799999
      vertex -4.9082 -19.5946 0
    endloop
  endfacet
  facet normal -0.646532 -0.2866 -0.707005
    outer loop
      vertex -18.2606 -8.63661 0
      vertex -18.9838 -8.97866 0.799999
      vertex -18.6624 -7.7302 0
    endloop
  endfacet
  facet normal 0.48768 0.512174 -0.706998
    outer loop
      vertex 14.8492 14.8492 0.799999
      vertex 13.5655 14.9672 0
      vertex 14.1027 15.56 0.799999
    endloop
  endfacet
  facet normal -0.701877 -0.086522 -0.707024
    outer loop
      vertex -19.9814 -2.96395 0
      vertex -20.8989 -2.05836 0.799999
      vertex -20.1027 -1.97995 0
    endloop
  endfacet
  facet normal -0.70527 -0.0520687 -0.707024
    outer loop
      vertex -20.1027 -1.97995 0
      vertex -20.8989 -2.05836 0.799999
      vertex -20.1757 -0.991166 0
    endloop
  endfacet
  facet normal -0.286594 -0.646541 -0.707
    outer loop
      vertex -8.03635 -19.4015 0.799999
      vertex -8.97866 -18.9838 0.799999
      vertex -7.7302 -18.6624 0
    endloop
  endfacet
  facet normal -0.2866 -0.646532 -0.707005
    outer loop
      vertex -7.7302 -18.6624 0
      vertex -8.97866 -18.9838 0.799999
      vertex -8.63661 -18.2606 0
    endloop
  endfacet
  facet normal -0.407208 0.578187 -0.707023
    outer loop
      vertex -12.0331 16.2248 0
      vertex -12.5097 16.8674 0.799999
      vertex -11.667 17.4609 0.799999
    endloop
  endfacet
  facet normal -0.659849 -0.254495 -0.706988
    outer loop
      vertex -19.4015 -8.03635 0.799999
      vertex -19.7724 -7.07469 0.799999
      vertex -19.0192 -6.80517 0
    endloop
  endfacet
  facet normal -0.155 0.69003 -0.706989
    outer loop
      vertex -3.94082 19.8119 0
      vertex -4.9082 19.5946 0
      vertex -4.0969 20.5965 0.799999
    endloop
  endfacet
  facet normal 0.4619 -0.535507 -0.707023
    outer loop
      vertex 13.3223 -16.2332 0.799999
      vertex 12.8147 -15.6148 0
      vertex 13.5655 -14.9672 0
    endloop
  endfacet
  facet normal 0.487656 0.512267 -0.706947
    outer loop
      vertex 14.2836 14.2836 0
      vertex 13.5655 14.9672 0
      vertex 14.8492 14.8492 0.799999
    endloop
  endfacet
  facet normal 0 0 -1
    outer loop
      vertex 20.1757 -0.991166 0
      vertex 20.1757 0.991166 0
      vertex 20.2 0 0
    endloop
  endfacet
  facet normal 0 0 -1
    outer loop
      vertex 20.1027 -1.97995 0
      vertex 20.1757 0.991166 0
      vertex 20.1757 -0.991166 0
    endloop
  endfacet
  facet normal 0 0 -1
    outer loop
      vertex 20.1027 -1.97995 0
      vertex 20.1027 1.97995 0
      vertex 20.1757 0.991166 0
    endloop
  endfacet
  facet normal 0 0 -1
    outer loop
      vertex 19.9814 -2.96395 0
      vertex 20.1027 1.97995 0
      vertex 20.1027 -1.97995 0
    endloop
  endfacet
  facet normal 0 0 -1
    outer loop
      vertex 19.9814 -2.96395 0
      vertex 19.9814 2.96395 0
      vertex 20.1027 1.97995 0
    endloop
  endfacet
  facet normal 0 0 -1
    outer loop
      vertex 19.8119 -3.94082 0
      vertex 19.9814 2.96395 0
      vertex 19.9814 -2.96395 0
    endloop
  endfacet
  facet normal 0 0 -1
    outer loop
      vertex 19.8119 -3.94082 0
      vertex 19.8119 3.94082 0
      vertex 19.9814 2.96395 0
    endloop
  endfacet
  facet normal 0 0 -1
    outer loop
      vertex 19.5946 -4.9082 0
      vertex 19.8119 3.94082 0
      vertex 19.8119 -3.94082 0
    endloop
  endfacet
  facet normal 0 0 -1
    outer loop
      vertex 19.5946 -4.9082 0
      vertex 19.5946 4.9082 0
      vertex 19.8119 3.94082 0
    endloop
  endfacet
  facet normal 0 0 -1
    outer loop
      vertex 19.3302 -5.86375 0
      vertex 19.5946 4.9082 0
      vertex 19.5946 -4.9082 0
    endloop
  endfacet
  facet normal 0 0 -1
    outer loop
      vertex 19.3302 -5.86375 0
      vertex 19.3302 5.86375 0
      vertex 19.5946 4.9082 0
    endloop
  endfacet
  facet normal 0 0 -1
    outer loop
      vertex 19.0192 -6.80517 0
      vertex 19.3302 5.86375 0
      vertex 19.3302 -5.86375 0
    endloop
  endfacet
  facet normal 0 0 -1
    outer loop
      vertex 19.0192 -6.80517 0
      vertex 19.0192 6.80517 0
      vertex 19.3302 5.86375 0
    endloop
  endfacet
  facet normal 0 0 -1
    outer loop
      vertex 18.6624 -7.7302 0
      vertex 19.0192 6.80517 0
      vertex 19.0192 -6.80517 0
    endloop
  endfacet
  facet normal 0 0 -1
    outer loop
      vertex 18.6624 -7.7302 0
      vertex 18.6624 7.7302 0
      vertex 19.0192 6.80517 0
    endloop
  endfacet
  facet normal 0 0 -1
    outer loop
      vertex 18.2606 -8.63661 0
      vertex 18.6624 7.7302 0
      vertex 18.6624 -7.7302 0
    endloop
  endfacet
  facet normal 0 0 -1
    outer loop
      vertex 18.2606 -8.63661 0
      vertex 18.2606 8.63661 0
      vertex 18.6624 7.7302 0
    endloop
  endfacet
  facet normal 0 0 -1
    outer loop
      vertex 17.8148 -9.52221 0
      vertex 18.2606 8.63661 0
      vertex 18.2606 -8.63661 0
    endloop
  endfacet
  facet normal 0 0 -1
    outer loop
      vertex 17.8148 -9.52221 0
      vertex 17.8148 9.52221 0
      vertex 18.2606 8.63661 0
    endloop
  endfacet
  facet normal 0 0 -1
    outer loop
      vertex 17.3261 -10.3849 0
      vertex 17.8148 9.52221 0
      vertex 17.8148 -9.52221 0
    endloop
  endfacet
  facet normal 0 0 -1
    outer loop
      vertex 17.3261 -10.3849 0
      vertex 17.3261 10.3849 0
      vertex 17.8148 9.52221 0
    endloop
  endfacet
  facet normal 0 0 -1
    outer loop
      vertex 16.7957 -11.2225 0
      vertex 17.3261 10.3849 0
      vertex 17.3261 -10.3849 0
    endloop
  endfacet
  facet normal 0 0 -1
    outer loop
      vertex 16.7957 -11.2225 0
      vertex 16.7957 11.2225 0
      vertex 17.3261 10.3849 0
    endloop
  endfacet
  facet normal 0 0 -1
    outer loop
      vertex 16.2248 -12.0331 0
      vertex 16.7957 11.2225 0
      vertex 16.7957 -11.2225 0
    endloop
  endfacet
  facet normal 0 0 -1
    outer loop
      vertex 16.2248 -12.0331 0
      vertex 16.2248 12.0331 0
      vertex 16.7957 11.2225 0
    endloop
  endfacet
  facet normal 0 0 -1
    outer loop
      vertex 15.6148 -12.8147 0
      vertex 16.2248 12.0331 0
      vertex 16.2248 -12.0331 0
    endloop
  endfacet
  facet normal 0 0 -1
    outer loop
      vertex 15.6148 -12.8147 0
      vertex 15.6148 12.8147 0
      vertex 16.2248 12.0331 0
    endloop
  endfacet
  facet normal 0 0 -1
    outer loop
      vertex 14.9672 -13.5655 0
      vertex 15.6148 12.8147 0
      vertex 15.6148 -12.8147 0
    endloop
  endfacet
  facet normal 0 0 -1
    outer loop
      vertex 14.9672 -13.5655 0
      vertex 14.9672 13.5655 0
      vertex 15.6148 12.8147 0
    endloop
  endfacet
  facet normal 0 0 -1
    outer loop
      vertex 14.2836 -14.2836 0
      vertex 14.9672 13.5655 0
      vertex 14.9672 -13.5655 0
    endloop
  endfacet
  facet normal 0 0 -1
    outer loop
      vertex 14.2836 -14.2836 0
      vertex 14.2836 14.2836 0
      vertex 14.9672 13.5655 0
    endloop
  endfacet
  facet normal 0 0 -1
    outer loop
      vertex 13.5655 -14.9672 0
      vertex 14.2836 14.2836 0
      vertex 14.2836 -14.2836 0
    endloop
  endfacet
  facet normal 0 0 -1
    outer loop
      vertex 13.5655 -14.9672 0
      vertex 13.5655 14.9672 0
      vertex 14.2836 14.2836 0
    endloop
  endfacet
  facet normal 0 0 -1
    outer loop
      vertex 12.8147 -15.6148 0
      vertex 13.5655 14.9672 0
      vertex 13.5655 -14.9672 0
    endloop
  endfacet
  facet normal 0 0 -1
    outer loop
      vertex 12.8147 -15.6148 0
      vertex 12.8147 15.6148 0
      vertex 13.5655 14.9672 0
    endloop
  endfacet
  facet normal 0 0 -1
    outer loop
      vertex 12.0331 -16.2248 0
      vertex 12.8147 15.6148 0
      vertex 12.8147 -15.6148 0
    endloop
  endfacet
  facet normal 0 0 -1
    outer loop
      vertex 12.0331 -16.2248 0
      vertex 12.0331 16.2248 0
      vertex 12.8147 15.6148 0
    endloop
  endfacet
  facet normal 0 0 -1
    outer loop
      vertex 11.2225 -16.7957 0
      vertex 12.0331 16.2248 0
      vertex 12.0331 -16.2248 0
    endloop
  endfacet
  facet normal 0 0 -1
    outer loop
      vertex 11.2225 -16.7957 0
      vertex 11.2225 16.7957 0
      vertex 12.0331 16.2248 0
    endloop
  endfacet
  facet normal 0 0 -1
    outer loop
      vertex 10.3849 -17.3261 0
      vertex 11.2225 16.7957 0
      vertex 11.2225 -16.7957 0
    endloop
  endfacet
  facet normal 0 0 -1
    outer loop
      vertex 10.3849 -17.3261 0
      vertex 10.3849 17.3261 0
      vertex 11.2225 16.7957 0
    endloop
  endfacet
  facet normal 0 0 -1
    outer loop
      vertex 9.52221 -17.8148 0
      vertex 10.3849 17.3261 0
      vertex 10.3849 -17.3261 0
    endloop
  endfacet
  facet normal 0 0 -1
    outer loop
      vertex 9.52221 -17.8148 0
      vertex 9.52221 17.8148 0
      vertex 10.3849 17.3261 0
    endloop
  endfacet
  facet normal 0 0 -1
    outer loop
      vertex 8.63661 -18.2606 0
      vertex 9.52221 17.8148 0
      vertex 9.52221 -17.8148 0
    endloop
  endfacet
  facet normal 0 0 -1
    outer loop
      vertex 8.63661 -18.2606 0
      vertex 8.63661 18.2606 0
      vertex 9.52221 17.8148 0
    endloop
  endfacet
  facet normal 0 0 -1
    outer loop
      vertex 7.7302 -18.6624 0
      vertex 8.63661 18.2606 0
      vertex 8.63661 -18.2606 0
    endloop
  endfacet
  facet normal 0 0 -1
    outer loop
      vertex 7.7302 -18.6624 0
      vertex 7.7302 18.6624 0
      vertex 8.63661 18.2606 0
    endloop
  endfacet
  facet normal 0 0 -1
    outer loop
      vertex 6.80517 -19.0192 0
      vertex 7.7302 18.6624 0
      vertex 7.7302 -18.6624 0
    endloop
  endfacet
  facet normal 0 0 -1
    outer loop
      vertex 6.80517 -19.0192 0
      vertex 6.80517 19.0192 0
      vertex 7.7302 18.6624 0
    endloop
  endfacet
  facet normal 0 0 -1
    outer loop
      vertex 5.86375 -19.3302 0
      vertex 6.80517 19.0192 0
      vertex 6.80517 -19.0192 0
    endloop
  endfacet
  facet normal 0 0 -1
    outer loop
      vertex 5.86375 -19.3302 0
      vertex 5.86375 19.3302 0
      vertex 6.80517 19.0192 0
    endloop
  endfacet
  facet normal 0 0 -1
    outer loop
      vertex 4.9082 -19.5946 0
      vertex 5.86375 19.3302 0
      vertex 5.86375 -19.3302 0
    endloop
  endfacet
  facet normal 0 0 -1
    outer loop
      vertex 4.9082 -19.5946 0
      vertex 4.9082 19.5946 0
      vertex 5.86375 19.3302 0
    endloop
  endfacet
  facet normal 0 0 -1
    outer loop
      vertex 3.94082 -19.8119 0
      vertex 4.9082 19.5946 0
      vertex 4.9082 -19.5946 0
    endloop
  endfacet
  facet normal 0 0 -1
    outer loop
      vertex 3.94082 -19.8119 0
      vertex 3.94082 19.8119 0
      vertex 4.9082 19.5946 0
    endloop
  endfacet
  facet normal 0 0 -1
    outer loop
      vertex 2.96395 -19.9814 0
      vertex 3.94082 19.8119 0
      vertex 3.94082 -19.8119 0
    endloop
  endfacet
  facet normal 0 0 -1
    outer loop
      vertex 2.96395 -19.9814 0
      vertex 2.96395 19.9814 0
      vertex 3.94082 19.8119 0
    endloop
  endfacet
  facet normal 0 0 -1
    outer loop
      vertex 1.97995 -20.1027 0
      vertex 2.96395 19.9814 0
      vertex 2.96395 -19.9814 0
    endloop
  endfacet
  facet normal 0 0 -1
    outer loop
      vertex 1.97995 -20.1027 0
      vertex 1.97995 20.1027 0
      vertex 2.96395 19.9814 0
    endloop
  endfacet
  facet normal 0 0 -1
    outer loop
      vertex 0.991166 -20.1757 0
      vertex 1.97995 20.1027 0
      vertex 1.97995 -20.1027 0
    endloop
  endfacet
  facet normal 0 0 -1
    outer loop
      vertex 0.991166 -20.1757 0
      vertex 0.991166 20.1757 0
      vertex 1.97995 20.1027 0
    endloop
  endfacet
  facet normal 0 0 -1
    outer loop
      vertex 0 -20.2 0
      vertex 0.991166 20.1757 0
      vertex 0.991166 -20.1757 0
    endloop
  endfacet
  facet normal 0 0 -1
    outer loop
      vertex 0 -20.2 0
      vertex 0 20.2 0
      vertex 0.991166 20.1757 0
    endloop
  endfacet
  facet normal 0 0 -1
    outer loop
      vertex -0.991166 -20.1757 0
      vertex 0 20.2 0
      vertex 0 -20.2 0
    endloop
  endfacet
  facet normal 0 0 -1
    outer loop
      vertex -0.991166 -20.1757 0
      vertex -0.991166 20.1757 0
      vertex 0 20.2 0
    endloop
  endfacet
  facet normal 0 0 -1
    outer loop
      vertex -1.97995 -20.1027 0
      vertex -0.991166 20.1757 0
      vertex -0.991166 -20.1757 0
    endloop
  endfacet
  facet normal 0 0 -1
    outer loop
      vertex -1.97995 -20.1027 0
      vertex -1.97995 20.1027 0
      vertex -0.991166 20.1757 0
    endloop
  endfacet
  facet normal 0 0 -1
    outer loop
      vertex -2.96395 -19.9814 0
      vertex -1.97995 20.1027 0
      vertex -1.97995 -20.1027 0
    endloop
  endfacet
  facet normal 0 0 -1
    outer loop
      vertex -2.96395 -19.9814 0
      vertex -2.96395 19.9814 0
      vertex -1.97995 20.1027 0
    endloop
  endfacet
  facet normal 0 0 -1
    outer loop
      vertex -3.94082 -19.8119 0
      vertex -2.96395 19.9814 0
      vertex -2.96395 -19.9814 0
    endloop
  endfacet
  facet normal 0 0 -1
    outer loop
      vertex -3.94082 -19.8119 0
      vertex -3.94082 19.8119 0
      vertex -2.96395 19.9814 0
    endloop
  endfacet
  facet normal 0 0 -1
    outer loop
      vertex -4.9082 -19.5946 0
      vertex -3.94082 19.8119 0
      vertex -3.94082 -19.8119 0
    endloop
  endfacet
  facet normal 0 0 -1
    outer loop
      vertex -4.9082 -19.5946 0
      vertex -4.9082 19.5946 0
      vertex -3.94082 19.8119 0
    endloop
  endfacet
  facet normal 0 0 -1
    outer loop
      vertex -5.86375 -19.3302 0
      vertex -4.9082 19.5946 0
      vertex -4.9082 -19.5946 0
    endloop
  endfacet
  facet normal 0 0 -1
    outer loop
      vertex -5.86375 -19.3302 0
      vertex -5.86375 19.3302 0
      vertex -4.9082 19.5946 0
    endloop
  endfacet
  facet normal 0 0 -1
    outer loop
      vertex -6.80517 -19.0192 0
      vertex -5.86375 19.3302 0
      vertex -5.86375 -19.3302 0
    endloop
  endfacet
  facet normal 0 0 -1
    outer loop
      vertex -6.80517 -19.0192 0
      vertex -6.80517 19.0192 0
      vertex -5.86375 19.3302 0
    endloop
  endfacet
  facet normal 0 0 -1
    outer loop
      vertex -7.7302 -18.6624 0
      vertex -6.80517 19.0192 0
      vertex -6.80517 -19.0192 0
    endloop
  endfacet
  facet normal 0 0 -1
    outer loop
      vertex -7.7302 -18.6624 0
      vertex -7.7302 18.6624 0
      vertex -6.80517 19.0192 0
    endloop
  endfacet
  facet normal 0 0 -1
    outer loop
      vertex -8.63661 -18.2606 0
      vertex -7.7302 18.6624 0
      vertex -7.7302 -18.6624 0
    endloop
  endfacet
  facet normal 0 0 -1
    outer loop
      vertex -8.63661 -18.2606 0
      vertex -8.63661 18.2606 0
      vertex -7.7302 18.6624 0
    endloop
  endfacet
  facet normal 0 0 -1
    outer loop
      vertex -9.52221 -17.8148 0
      vertex -8.63661 18.2606 0
      vertex -8.63661 -18.2606 0
    endloop
  endfacet
  facet normal 0 0 -1
    outer loop
      vertex -9.52221 -17.8148 0
      vertex -9.52221 17.8148 0
      vertex -8.63661 18.2606 0
    endloop
  endfacet
  facet normal 0 0 -1
    outer loop
      vertex -10.3849 -17.3261 0
      vertex -9.52221 17.8148 0
      vertex -9.52221 -17.8148 0
    endloop
  endfacet
  facet normal 0 0 -1
    outer loop
      vertex -10.3849 -17.3261 0
      vertex -10.3849 17.3261 0
      vertex -9.52221 17.8148 0
    endloop
  endfacet
  facet normal 0 0 -1
    outer loop
      vertex -11.2225 -16.7957 0
      vertex -10.3849 17.3261 0
      vertex -10.3849 -17.3261 0
    endloop
  endfacet
  facet normal 0 0 -1
    outer loop
      vertex -11.2225 -16.7957 0
      vertex -11.2225 16.7957 0
      vertex -10.3849 17.3261 0
    endloop
  endfacet
  facet normal 0 0 -1
    outer loop
      vertex -12.0331 -16.2248 0
      vertex -11.2225 16.7957 0
      vertex -11.2225 -16.7957 0
    endloop
  endfacet
  facet normal 0 0 -1
    outer loop
      vertex -12.0331 -16.2248 0
      vertex -12.0331 16.2248 0
      vertex -11.2225 16.7957 0
    endloop
  endfacet
  facet normal 0 0 -1
    outer loop
      vertex -12.8147 -15.6148 0
      vertex -12.0331 16.2248 0
      vertex -12.0331 -16.2248 0
    endloop
  endfacet
  facet normal 0 0 -1
    outer loop
      vertex -12.8147 -15.6148 0
      vertex -12.8147 15.6148 0
      vertex -12.0331 16.2248 0
    endloop
  endfacet
  facet normal 0 0 -1
    outer loop
      vertex -13.5655 -14.9672 0
      vertex -12.8147 15.6148 0
      vertex -12.8147 -15.6148 0
    endloop
  endfacet
  facet normal 0 0 -1
    outer loop
      vertex -13.5655 -14.9672 0
      vertex -13.5655 14.9672 0
      vertex -12.8147 15.6148 0
    endloop
  endfacet
  facet normal 0 0 -1
    outer loop
      vertex -14.2836 -14.2836 0
      vertex -13.5655 14.9672 0
      vertex -13.5655 -14.9672 0
    endloop
  endfacet
  facet normal 0 0 -1
    outer loop
      vertex -14.2836 -14.2836 0
      vertex -14.2836 14.2836 0
      vertex -13.5655 14.9672 0
    endloop
  endfacet
  facet normal 0 0 -1
    outer loop
      vertex -14.9672 -13.5655 0
      vertex -14.2836 14.2836 0
      vertex -14.2836 -14.2836 0
    endloop
  endfacet
  facet normal 0 0 -1
    outer loop
      vertex -14.9672 -13.5655 0
      vertex -14.9672 13.5655 0
      vertex -14.2836 14.2836 0
    endloop
  endfacet
  facet normal 0 0 -1
    outer loop
      vertex -15.6148 -12.8147 0
      vertex -14.9672 13.5655 0
      vertex -14.9672 -13.5655 0
    endloop
  endfacet
  facet normal 0 0 -1
    outer loop
      vertex -15.6148 -12.8147 0
      vertex -15.6148 12.8147 0
      vertex -14.9672 13.5655 0
    endloop
  endfacet
  facet normal 0 0 -1
    outer loop
      vertex -16.2248 -12.0331 0
      vertex -15.6148 12.8147 0
      vertex -15.6148 -12.8147 0
    endloop
  endfacet
  facet normal 0 0 -1
    outer loop
      vertex -16.2248 -12.0331 0
      vertex -16.2248 12.0331 0
      vertex -15.6148 12.8147 0
    endloop
  endfacet
  facet normal 0 0 -1
    outer loop
      vertex -16.7957 -11.2225 0
      vertex -16.2248 12.0331 0
      vertex -16.2248 -12.0331 0
    endloop
  endfacet
  facet normal 0 0 -1
    outer loop
      vertex -16.7957 -11.2225 0
      vertex -16.7957 11.2225 0
      vertex -16.2248 12.0331 0
    endloop
  endfacet
  facet normal 0 0 -1
    outer loop
      vertex -17.3261 -10.3849 0
      vertex -16.7957 11.2225 0
      vertex -16.7957 -11.2225 0
    endloop
  endfacet
  facet normal 0 0 -1
    outer loop
      vertex -17.3261 -10.3849 0
      vertex -17.3261 10.3849 0
      vertex -16.7957 11.2225 0
    endloop
  endfacet
  facet normal 0 0 -1
    outer loop
      vertex -17.8148 -9.52221 0
      vertex -17.3261 10.3849 0
      vertex -17.3261 -10.3849 0
    endloop
  endfacet
  facet normal 0 0 -1
    outer loop
      vertex -17.8148 -9.52221 0
      vertex -17.8148 9.52221 0
      vertex -17.3261 10.3849 0
    endloop
  endfacet
  facet normal 0 0 -1
    outer loop
      vertex -18.2606 -8.63661 0
      vertex -17.8148 9.52221 0
      vertex -17.8148 -9.52221 0
    endloop
  endfacet
  facet normal 0 0 -1
    outer loop
      vertex -18.2606 -8.63661 0
      vertex -18.2606 8.63661 0
      vertex -17.8148 9.52221 0
    endloop
  endfacet
  facet normal 0 0 -1
    outer loop
      vertex -18.6624 -7.7302 0
      vertex -18.2606 8.63661 0
      vertex -18.2606 -8.63661 0
    endloop
  endfacet
  facet normal 0 0 -1
    outer loop
      vertex -18.6624 -7.7302 0
      vertex -18.6624 7.7302 0
      vertex -18.2606 8.63661 0
    endloop
  endfacet
  facet normal 0 0 -1
    outer loop
      vertex -19.0192 -6.80517 0
      vertex -18.6624 7.7302 0
      vertex -18.6624 -7.7302 0
    endloop
  endfacet
  facet normal 0 0 -1
    outer loop
      vertex -19.0192 -6.80517 0
      vertex -19.0192 6.80517 0
      vertex -18.6624 7.7302 0
    endloop
  endfacet
  facet normal 0 0 -1
    outer loop
      vertex -19.3302 -5.86375 0
      vertex -19.0192 6.80517 0
      vertex -19.0192 -6.80517 0
    endloop
  endfacet
  facet normal 0 0 -1
    outer loop
      vertex -19.3302 -5.86375 0
      vertex -19.3302 5.86375 0
      vertex -19.0192 6.80517 0
    endloop
  endfacet
  facet normal 0 0 -1
    outer loop
      vertex -19.5946 -4.9082 0
      vertex -19.3302 5.86375 0
      vertex -19.3302 -5.86375 0
    endloop
  endfacet
  facet normal 0 0 -1
    outer loop
      vertex -19.5946 -4.9082 0
      vertex -19.5946 4.9082 0
      vertex -19.3302 5.86375 0
    endloop
  endfacet
  facet normal 0 0 -1
    outer loop
      vertex -19.8119 -3.94082 0
      vertex -19.5946 4.9082 0
      vertex -19.5946 -4.9082 0
    endloop
  endfacet
  facet normal 0 0 -1
    outer loop
      vertex -19.8119 -3.94082 0
      vertex -19.8119 3.94082 0
      vertex -19.5946 4.9082 0
    endloop
  endfacet
  facet normal 0 0 -1
    outer loop
      vertex -19.9814 -2.96395 0
      vertex -19.8119 3.94082 0
      vertex -19.8119 -3.94082 0
    endloop
  endfacet
  facet normal 0 0 -1
    outer loop
      vertex -19.9814 -2.96395 0
      vertex -19.9814 2.96395 0
      vertex -19.8119 3.94082 0
    endloop
  endfacet
  facet normal 0 0 -1
    outer loop
      vertex -20.1027 -1.97995 0
      vertex -19.9814 2.96395 0
      vertex -19.9814 -2.96395 0
    endloop
  endfacet
  facet normal 0 0 -1
    outer loop
      vertex -20.1027 -1.97995 0
      vertex -20.1027 1.97995 0
      vertex -19.9814 2.96395 0
    endloop
  endfacet
  facet normal 0 0 -1
    outer loop
      vertex -20.1757 -0.991166 0
      vertex -20.1027 1.97995 0
      vertex -20.1027 -1.97995 0
    endloop
  endfacet
  facet normal 0 0 -1
    outer loop
      vertex -20.1757 -0.991166 0
      vertex -20.1757 0.991166 0
      vertex -20.1027 1.97995 0
    endloop
  endfacet
  facet normal 0 -0 -1
    outer loop
      vertex -20.1757 0.991166 0
      vertex -20.1757 -0.991166 0
      vertex -20.2 0 0
    endloop
  endfacet
  facet normal -0.407213 -0.578187 -0.707021
    outer loop
      vertex -11.667 -17.4609 0.799999
      vertex -12.0331 -16.2248 0
      vertex -11.2225 -16.7957 0
    endloop
  endfacet
  facet normal -0.0520687 0.70527 -0.707024
    outer loop
      vertex -1.97995 20.1027 0
      vertex -2.05836 20.8989 0.799999
      vertex -0.991166 20.1757 0
    endloop
  endfacet
  facet normal -0.4619 0.535507 -0.707023
    outer loop
      vertex -12.8147 15.6148 0
      vertex -13.5655 14.9672 0
      vertex -13.3223 16.2332 0.799999
    endloop
  endfacet
  facet normal -0.646541 -0.286594 -0.707
    outer loop
      vertex -18.9838 -8.97866 0.799999
      vertex -19.4015 -8.03635 0.799999
      vertex -18.6624 -7.7302 0
    endloop
  endfacet
  facet normal -0.120906 -0.696813 -0.706989
    outer loop
      vertex -2.96395 -19.9814 0
      vertex -4.0969 -20.5965 0.799999
      vertex -3.94082 -19.8119 0
    endloop
  endfacet
  facet normal -0.0520687 -0.70527 -0.707024
    outer loop
      vertex -0.991166 -20.1757 0
      vertex -2.05836 -20.8989 0.799999
      vertex -1.97995 -20.1027 0
    endloop
  endfacet
  facet normal -0.461941 0.535501 -0.707
    outer loop
      vertex -13.5655 14.9672 0
      vertex -14.1027 15.56 0.799999
      vertex -13.3223 16.2332 0.799999
    endloop
  endfacet
  facet normal -0.48768 0.512174 -0.706998
    outer loop
      vertex -13.5655 14.9672 0
      vertex -14.8492 14.8492 0.799999
      vertex -14.1027 15.56 0.799999
    endloop
  endfacet
  facet normal -0.0173594 -0.707016 -0.706985
    outer loop
      vertex 0 -21 0.799999
      vertex -1.03042 -20.9747 0.799999
      vertex -0.991166 -20.1757 0
    endloop
  endfacet
  facet normal -0.999699 0.0245457 0
    outer loop
      vertex -21 0 0.799999
      vertex -20.9747 1.03042 3.2
      vertex -20.9747 1.03042 0.799999
    endloop
  endfacet
  facet normal -0.999699 0.0245457 0
    outer loop
      vertex -20.9747 1.03042 3.2
      vertex -21 0 0.799999
      vertex -21 0 3.2
    endloop
  endfacet
  facet normal 0.997292 0.07354 0
    outer loop
      vertex 20.9747 1.03042 3.2
      vertex 20.8989 2.05836 0.799999
      vertex 20.8989 2.05836 3.2
    endloop
  endfacet
  facet normal 0.997292 0.07354 0
    outer loop
      vertex 20.8989 2.05836 0.799999
      vertex 20.9747 1.03042 3.2
      vertex 20.9747 1.03042 0.799999
    endloop
  endfacet
  facet normal 0.999699 0.0245457 0
    outer loop
      vertex 21 0 3.2
      vertex 20.9747 1.03042 0.799999
      vertex 20.9747 1.03042 3.2
    endloop
  endfacet
  facet normal 0.999699 0.0245457 0
    outer loop
      vertex 20.9747 1.03042 0.799999
      vertex 21 0 3.2
      vertex 21 0 0.799999
    endloop
  endfacet
  facet normal 0.992476 0.122437 0
    outer loop
      vertex 20.8989 2.05836 3.2
      vertex 20.7727 3.08134 0.799999
      vertex 20.7727 3.08134 3.2
    endloop
  endfacet
  facet normal 0.992476 0.122437 0
    outer loop
      vertex 20.7727 3.08134 0.799999
      vertex 20.8989 2.05836 3.2
      vertex 20.8989 2.05836 0.799999
    endloop
  endfacet
  facet normal 0.817583 -0.575811 0
    outer loop
      vertex 16.8674 -12.5097 3.2
      vertex 17.4609 -11.667 0.799999
      vertex 17.4609 -11.667 3.2
    endloop
  endfacet
  facet normal 0.817583 -0.575811 0
    outer loop
      vertex 17.4609 -11.667 0.799999
      vertex 16.8674 -12.5097 3.2
      vertex 16.8674 -12.5097 0.799999
    endloop
  endfacet
  facet normal 0.07354 -0.997292 0
    outer loop
      vertex 1.03042 -20.9747 0.799999
      vertex 2.05836 -20.8989 3.2
      vertex 1.03042 -20.9747 3.2
    endloop
  endfacet
  facet normal 0.07354 -0.997292 0
    outer loop
      vertex 2.05836 -20.8989 3.2
      vertex 1.03042 -20.9747 0.799999
      vertex 2.05836 -20.8989 0.799999
    endloop
  endfacet
  facet normal 0.844866 0.534978 0
    outer loop
      vertex 18.0123 10.7962 3.2
      vertex 17.4609 11.667 0.799999
      vertex 17.4609 11.667 3.2
    endloop
  endfacet
  facet normal 0.844866 0.534978 0
    outer loop
      vertex 17.4609 11.667 0.799999
      vertex 18.0123 10.7962 3.2
      vertex 18.0123 10.7962 0.799999
    endloop
  endfacet
  facet normal 0.653185 0.757198 -0
    outer loop
      vertex 14.1027 15.56 0.799999
      vertex 13.3223 16.2332 3.2
      vertex 14.1027 15.56 3.2
    endloop
  endfacet
  facet normal 0.653185 0.757198 0
    outer loop
      vertex 13.3223 16.2332 3.2
      vertex 14.1027 15.56 0.799999
      vertex 13.3223 16.2332 0.799999
    endloop
  endfacet
  facet normal -0.963754 0.266793 0
    outer loop
      vertex -20.3707 5.10258 0.799999
      vertex -20.0957 6.09598 3.2
      vertex -20.0957 6.09598 0.799999
    endloop
  endfacet
  facet normal -0.963754 0.266793 0
    outer loop
      vertex -20.0957 6.09598 3.2
      vertex -20.3707 5.10258 0.799999
      vertex -20.3707 5.10258 3.2
    endloop
  endfacet
  facet normal 0.975709 -0.219071 0
    outer loop
      vertex 20.3707 -5.10258 3.2
      vertex 20.5965 -4.0969 0.799999
      vertex 20.5965 -4.0969 3.2
    endloop
  endfacet
  facet normal 0.975709 -0.219071 0
    outer loop
      vertex 20.5965 -4.0969 0.799999
      vertex 20.3707 -5.10258 3.2
      vertex 20.3707 -5.10258 0.799999
    endloop
  endfacet
  facet normal 0.98528 -0.170946 0
    outer loop
      vertex 20.5965 -4.0969 3.2
      vertex 20.7727 -3.08134 0.799999
      vertex 20.7727 -3.08134 3.2
    endloop
  endfacet
  facet normal 0.98528 -0.170946 0
    outer loop
      vertex 20.7727 -3.08134 0.799999
      vertex 20.5965 -4.0969 3.2
      vertex 20.5965 -4.0969 0.799999
    endloop
  endfacet
  facet normal 0.949535 0.313662 0
    outer loop
      vertex 20.0957 6.09598 3.2
      vertex 19.7724 7.07469 0.799999
      vertex 19.7724 7.07469 3.2
    endloop
  endfacet
  facet normal 0.949535 0.313662 0
    outer loop
      vertex 19.7724 7.07469 0.799999
      vertex 20.0957 6.09598 3.2
      vertex 20.0957 6.09598 0.799999
    endloop
  endfacet
  facet normal -0.975709 -0.219071 0
    outer loop
      vertex -20.3707 -5.10258 0.799999
      vertex -20.5965 -4.0969 3.2
      vertex -20.5965 -4.0969 0.799999
    endloop
  endfacet
  facet normal -0.975709 -0.219071 0
    outer loop
      vertex -20.5965 -4.0969 3.2
      vertex -20.3707 -5.10258 0.799999
      vertex -20.3707 -5.10258 3.2
    endloop
  endfacet
  facet normal 0.757198 -0.653185 0
    outer loop
      vertex 15.56 -14.1027 3.2
      vertex 16.2332 -13.3223 0.799999
      vertex 16.2332 -13.3223 3.2
    endloop
  endfacet
  facet normal 0.757198 -0.653185 0
    outer loop
      vertex 16.2332 -13.3223 0.799999
      vertex 15.56 -14.1027 3.2
      vertex 15.56 -14.1027 0.799999
    endloop
  endfacet
  facet normal 0.893196 -0.449668 0
    outer loop
      vertex 18.5203 -9.89933 3.2
      vertex 18.9838 -8.97866 0.799999
      vertex 18.9838 -8.97866 3.2
    endloop
  endfacet
  facet normal 0.893196 -0.449668 0
    outer loop
      vertex 18.9838 -8.97866 0.799999
      vertex 18.5203 -9.89933 3.2
      vertex 18.5203 -9.89933 0.799999
    endloop
  endfacet
  facet normal -0.0245457 -0.999699 0
    outer loop
      vertex -1.03042 -20.9747 0.799999
      vertex 0 -21 3.2
      vertex -1.03042 -20.9747 3.2
    endloop
  endfacet
  facet normal -0.0245457 -0.999699 -0
    outer loop
      vertex 0 -21 3.2
      vertex -1.03042 -20.9747 0.799999
      vertex 0 -21 0.799999
    endloop
  endfacet
  facet normal 0.914209 -0.405244 0
    outer loop
      vertex 18.9838 -8.97866 3.2
      vertex 19.4015 -8.03635 0.799999
      vertex 19.4015 -8.03635 3.2
    endloop
  endfacet
  facet normal 0.914209 -0.405244 0
    outer loop
      vertex 19.4015 -8.03635 0.799999
      vertex 18.9838 -8.97866 3.2
      vertex 18.9838 -8.97866 0.799999
    endloop
  endfacet
  facet normal 0.870116 0.492846 0
    outer loop
      vertex 18.5203 9.89933 3.2
      vertex 18.0123 10.7962 0.799999
      vertex 18.0123 10.7962 3.2
    endloop
  endfacet
  facet normal 0.870116 0.492846 0
    outer loop
      vertex 18.0123 10.7962 0.799999
      vertex 18.5203 9.89933 3.2
      vertex 18.5203 9.89933 0.799999
    endloop
  endfacet
  facet normal 0.724212 -0.689578 0
    outer loop
      vertex 14.8492 -14.8492 3.2
      vertex 15.56 -14.1027 0.799999
      vertex 15.56 -14.1027 3.2
    endloop
  endfacet
  facet normal 0.724212 -0.689578 0
    outer loop
      vertex 15.56 -14.1027 0.799999
      vertex 14.8492 -14.8492 3.2
      vertex 14.8492 -14.8492 0.799999
    endloop
  endfacet
  facet normal 0.313662 0.949535 -0
    outer loop
      vertex 7.07469 19.7724 0.799999
      vertex 6.09598 20.0957 3.2
      vertex 7.07469 19.7724 3.2
    endloop
  endfacet
  facet normal 0.313662 0.949535 0
    outer loop
      vertex 6.09598 20.0957 3.2
      vertex 7.07469 19.7724 0.799999
      vertex 6.09598 20.0957 0.799999
    endloop
  endfacet
  facet normal -0.788327 0.615256 0
    outer loop
      vertex -16.8674 12.5097 0.799999
      vertex -16.2332 13.3223 3.2
      vertex -16.2332 13.3223 0.799999
    endloop
  endfacet
  facet normal -0.788327 0.615256 0
    outer loop
      vertex -16.2332 13.3223 3.2
      vertex -16.8674 12.5097 0.799999
      vertex -16.8674 12.5097 3.2
    endloop
  endfacet
  facet normal -0.817583 0.575811 0
    outer loop
      vertex -17.4609 11.667 0.799999
      vertex -16.8674 12.5097 3.2
      vertex -16.8674 12.5097 0.799999
    endloop
  endfacet
  facet normal -0.817583 0.575811 0
    outer loop
      vertex -16.8674 12.5097 3.2
      vertex -17.4609 11.667 0.799999
      vertex -17.4609 11.667 3.2
    endloop
  endfacet
  facet normal 0.963754 -0.266793 0
    outer loop
      vertex 20.0957 -6.09598 3.2
      vertex 20.3707 -5.10258 0.799999
      vertex 20.3707 -5.10258 3.2
    endloop
  endfacet
  facet normal 0.963754 -0.266793 0
    outer loop
      vertex 20.3707 -5.10258 0.799999
      vertex 20.0957 -6.09598 3.2
      vertex 20.0957 -6.09598 0.799999
    endloop
  endfacet
  facet normal -0.492846 0.870116 0
    outer loop
      vertex -9.89933 18.5203 0.799999
      vertex -10.7962 18.0123 3.2
      vertex -9.89933 18.5203 3.2
    endloop
  endfacet
  facet normal -0.492846 0.870116 0
    outer loop
      vertex -10.7962 18.0123 3.2
      vertex -9.89933 18.5203 0.799999
      vertex -10.7962 18.0123 0.799999
    endloop
  endfacet
  facet normal -0.757198 0.653185 0
    outer loop
      vertex -16.2332 13.3223 0.799999
      vertex -15.56 14.1027 3.2
      vertex -15.56 14.1027 0.799999
    endloop
  endfacet
  facet normal -0.757198 0.653185 0
    outer loop
      vertex -15.56 14.1027 3.2
      vertex -16.2332 13.3223 0.799999
      vertex -16.2332 13.3223 3.2
    endloop
  endfacet
  facet normal -0.689578 0.724212 0
    outer loop
      vertex -14.1027 15.56 0.799999
      vertex -14.8492 14.8492 3.2
      vertex -14.1027 15.56 3.2
    endloop
  endfacet
  facet normal -0.689578 0.724212 0
    outer loop
      vertex -14.8492 14.8492 3.2
      vertex -14.1027 15.56 0.799999
      vertex -14.8492 14.8492 0.799999
    endloop
  endfacet
  facet normal -0.170946 -0.98528 0
    outer loop
      vertex -4.0969 -20.5965 0.799999
      vertex -3.08134 -20.7727 3.2
      vertex -4.0969 -20.5965 3.2
    endloop
  endfacet
  facet normal -0.170946 -0.98528 -0
    outer loop
      vertex -3.08134 -20.7727 3.2
      vertex -4.0969 -20.5965 0.799999
      vertex -3.08134 -20.7727 0.799999
    endloop
  endfacet
  facet normal -0.07354 0.997292 0
    outer loop
      vertex -1.03042 20.9747 0.799999
      vertex -2.05836 20.8989 3.2
      vertex -1.03042 20.9747 3.2
    endloop
  endfacet
  facet normal -0.07354 0.997292 0
    outer loop
      vertex -2.05836 20.8989 3.2
      vertex -1.03042 20.9747 0.799999
      vertex -2.05836 20.8989 0.799999
    endloop
  endfacet
  facet normal -0.757198 -0.653185 0
    outer loop
      vertex -15.56 -14.1027 0.799999
      vertex -16.2332 -13.3223 3.2
      vertex -16.2332 -13.3223 0.799999
    endloop
  endfacet
  facet normal -0.757198 -0.653185 0
    outer loop
      vertex -16.2332 -13.3223 3.2
      vertex -15.56 -14.1027 0.799999
      vertex -15.56 -14.1027 3.2
    endloop
  endfacet
  facet normal 0.219071 -0.975709 0
    outer loop
      vertex 4.0969 -20.5965 0.799999
      vertex 5.10258 -20.3707 3.2
      vertex 4.0969 -20.5965 3.2
    endloop
  endfacet
  facet normal 0.219071 -0.975709 0
    outer loop
      vertex 5.10258 -20.3707 3.2
      vertex 4.0969 -20.5965 0.799999
      vertex 5.10258 -20.3707 0.799999
    endloop
  endfacet
  facet normal 0.93301 0.35985 0
    outer loop
      vertex 19.7724 7.07469 3.2
      vertex 19.4015 8.03635 0.799999
      vertex 19.4015 8.03635 3.2
    endloop
  endfacet
  facet normal 0.93301 0.35985 0
    outer loop
      vertex 19.4015 8.03635 0.799999
      vertex 19.7724 7.07469 3.2
      vertex 19.7724 7.07469 0.799999
    endloop
  endfacet
  facet normal -0.122437 0.992476 0
    outer loop
      vertex -2.05836 20.8989 0.799999
      vertex -3.08134 20.7727 3.2
      vertex -2.05836 20.8989 3.2
    endloop
  endfacet
  facet normal -0.122437 0.992476 0
    outer loop
      vertex -3.08134 20.7727 3.2
      vertex -2.05836 20.8989 0.799999
      vertex -3.08134 20.7727 0.799999
    endloop
  endfacet
  facet normal -0.653185 -0.757198 0
    outer loop
      vertex -14.1027 -15.56 0.799999
      vertex -13.3223 -16.2332 3.2
      vertex -14.1027 -15.56 3.2
    endloop
  endfacet
  facet normal -0.653185 -0.757198 -0
    outer loop
      vertex -13.3223 -16.2332 3.2
      vertex -14.1027 -15.56 0.799999
      vertex -13.3223 -16.2332 0.799999
    endloop
  endfacet
  facet normal -0.534978 0.844866 0
    outer loop
      vertex -10.7962 18.0123 0.799999
      vertex -11.667 17.4609 3.2
      vertex -10.7962 18.0123 3.2
    endloop
  endfacet
  facet normal -0.534978 0.844866 0
    outer loop
      vertex -11.667 17.4609 3.2
      vertex -10.7962 18.0123 0.799999
      vertex -11.667 17.4609 0.799999
    endloop
  endfacet
  facet normal 0.689578 0.724212 -0
    outer loop
      vertex 14.8492 14.8492 0.799999
      vertex 14.1027 15.56 3.2
      vertex 14.8492 14.8492 3.2
    endloop
  endfacet
  facet normal 0.689578 0.724212 0
    outer loop
      vertex 14.1027 15.56 3.2
      vertex 14.8492 14.8492 0.799999
      vertex 14.1027 15.56 0.799999
    endloop
  endfacet
  facet normal -0.492846 -0.870116 0
    outer loop
      vertex -10.7962 -18.0123 0.799999
      vertex -9.89933 -18.5203 3.2
      vertex -10.7962 -18.0123 3.2
    endloop
  endfacet
  facet normal -0.492846 -0.870116 -0
    outer loop
      vertex -9.89933 -18.5203 3.2
      vertex -10.7962 -18.0123 0.799999
      vertex -9.89933 -18.5203 0.799999
    endloop
  endfacet
  facet normal 0.870116 -0.492846 0
    outer loop
      vertex 18.0123 -10.7962 3.2
      vertex 18.5203 -9.89933 0.799999
      vertex 18.5203 -9.89933 3.2
    endloop
  endfacet
  facet normal 0.870116 -0.492846 0
    outer loop
      vertex 18.5203 -9.89933 0.799999
      vertex 18.0123 -10.7962 3.2
      vertex 18.0123 -10.7962 0.799999
    endloop
  endfacet
  facet normal 0.992476 -0.122437 0
    outer loop
      vertex 20.7727 -3.08134 3.2
      vertex 20.8989 -2.05836 0.799999
      vertex 20.8989 -2.05836 3.2
    endloop
  endfacet
  facet normal 0.992476 -0.122437 0
    outer loop
      vertex 20.8989 -2.05836 0.799999
      vertex 20.7727 -3.08134 3.2
      vertex 20.7727 -3.08134 0.799999
    endloop
  endfacet
  facet normal -0.949535 -0.313662 0
    outer loop
      vertex -19.7724 -7.07469 0.799999
      vertex -20.0957 -6.09598 3.2
      vertex -20.0957 -6.09598 0.799999
    endloop
  endfacet
  facet normal -0.949535 -0.313662 0
    outer loop
      vertex -20.0957 -6.09598 3.2
      vertex -19.7724 -7.07469 0.799999
      vertex -19.7724 -7.07469 3.2
    endloop
  endfacet
  facet normal -0.949535 0.313662 0
    outer loop
      vertex -20.0957 6.09598 0.799999
      vertex -19.7724 7.07469 3.2
      vertex -19.7724 7.07469 0.799999
    endloop
  endfacet
  facet normal -0.949535 0.313662 0
    outer loop
      vertex -19.7724 7.07469 3.2
      vertex -20.0957 6.09598 0.799999
      vertex -20.0957 6.09598 3.2
    endloop
  endfacet
  facet normal -0.219071 0.975709 0
    outer loop
      vertex -4.0969 20.5965 0.799999
      vertex -5.10258 20.3707 3.2
      vertex -4.0969 20.5965 3.2
    endloop
  endfacet
  facet normal -0.219071 0.975709 0
    outer loop
      vertex -5.10258 20.3707 3.2
      vertex -4.0969 20.5965 0.799999
      vertex -5.10258 20.3707 0.799999
    endloop
  endfacet
  facet normal 0.405244 0.914209 -0
    outer loop
      vertex 8.97866 18.9838 0.799999
      vertex 8.03635 19.4015 3.2
      vertex 8.97866 18.9838 3.2
    endloop
  endfacet
  facet normal 0.405244 0.914209 0
    outer loop
      vertex 8.03635 19.4015 3.2
      vertex 8.97866 18.9838 0.799999
      vertex 8.03635 19.4015 0.799999
    endloop
  endfacet
  facet normal 0.170946 -0.98528 0
    outer loop
      vertex 3.08134 -20.7727 0.799999
      vertex 4.0969 -20.5965 3.2
      vertex 3.08134 -20.7727 3.2
    endloop
  endfacet
  facet normal 0.170946 -0.98528 0
    outer loop
      vertex 4.0969 -20.5965 3.2
      vertex 3.08134 -20.7727 0.799999
      vertex 4.0969 -20.5965 0.799999
    endloop
  endfacet
  facet normal -0.997292 -0.07354 0
    outer loop
      vertex -20.8989 -2.05836 0.799999
      vertex -20.9747 -1.03042 3.2
      vertex -20.9747 -1.03042 0.799999
    endloop
  endfacet
  facet normal -0.997292 -0.07354 0
    outer loop
      vertex -20.9747 -1.03042 3.2
      vertex -20.8989 -2.05836 0.799999
      vertex -20.8989 -2.05836 3.2
    endloop
  endfacet
  facet normal 0.170946 0.98528 -0
    outer loop
      vertex 4.0969 20.5965 0.799999
      vertex 3.08134 20.7727 3.2
      vertex 4.0969 20.5965 3.2
    endloop
  endfacet
  facet normal 0.170946 0.98528 0
    outer loop
      vertex 3.08134 20.7727 3.2
      vertex 4.0969 20.5965 0.799999
      vertex 3.08134 20.7727 0.799999
    endloop
  endfacet
  facet normal 0.122437 0.992476 -0
    outer loop
      vertex 3.08134 20.7727 0.799999
      vertex 2.05836 20.8989 3.2
      vertex 3.08134 20.7727 3.2
    endloop
  endfacet
  facet normal 0.122437 0.992476 0
    outer loop
      vertex 2.05836 20.8989 3.2
      vertex 3.08134 20.7727 0.799999
      vertex 2.05836 20.8989 0.799999
    endloop
  endfacet
  facet normal 0.93301 -0.35985 0
    outer loop
      vertex 19.4015 -8.03635 3.2
      vertex 19.7724 -7.07469 0.799999
      vertex 19.7724 -7.07469 3.2
    endloop
  endfacet
  facet normal 0.93301 -0.35985 0
    outer loop
      vertex 19.7724 -7.07469 0.799999
      vertex 19.4015 -8.03635 3.2
      vertex 19.4015 -8.03635 0.799999
    endloop
  endfacet
  facet normal -0.405244 -0.914209 0
    outer loop
      vertex -8.97866 -18.9838 0.799999
      vertex -8.03635 -19.4015 3.2
      vertex -8.97866 -18.9838 3.2
    endloop
  endfacet
  facet normal -0.405244 -0.914209 -0
    outer loop
      vertex -8.03635 -19.4015 3.2
      vertex -8.97866 -18.9838 0.799999
      vertex -8.03635 -19.4015 0.799999
    endloop
  endfacet
  facet normal 0.35985 -0.93301 0
    outer loop
      vertex 7.07469 -19.7724 0.799999
      vertex 8.03635 -19.4015 3.2
      vertex 7.07469 -19.7724 3.2
    endloop
  endfacet
  facet normal 0.35985 -0.93301 0
    outer loop
      vertex 8.03635 -19.4015 3.2
      vertex 7.07469 -19.7724 0.799999
      vertex 8.03635 -19.4015 0.799999
    endloop
  endfacet
  facet normal 0.949535 -0.313662 0
    outer loop
      vertex 19.7724 -7.07469 3.2
      vertex 20.0957 -6.09598 0.799999
      vertex 20.0957 -6.09598 3.2
    endloop
  endfacet
  facet normal 0.949535 -0.313662 0
    outer loop
      vertex 20.0957 -6.09598 0.799999
      vertex 19.7724 -7.07469 3.2
      vertex 19.7724 -7.07469 0.799999
    endloop
  endfacet
  facet normal -0.93301 0.35985 0
    outer loop
      vertex -19.7724 7.07469 0.799999
      vertex -19.4015 8.03635 3.2
      vertex -19.4015 8.03635 0.799999
    endloop
  endfacet
  facet normal -0.93301 0.35985 0
    outer loop
      vertex -19.4015 8.03635 3.2
      vertex -19.7724 7.07469 0.799999
      vertex -19.7724 7.07469 3.2
    endloop
  endfacet
  facet normal 0.997292 -0.07354 0
    outer loop
      vertex 20.8989 -2.05836 3.2
      vertex 20.9747 -1.03042 0.799999
      vertex 20.9747 -1.03042 3.2
    endloop
  endfacet
  facet normal 0.997292 -0.07354 0
    outer loop
      vertex 20.9747 -1.03042 0.799999
      vertex 20.8989 -2.05836 3.2
      vertex 20.8989 -2.05836 0.799999
    endloop
  endfacet
  facet normal 0.0245457 -0.999699 0
    outer loop
      vertex 0 -21 0.799999
      vertex 1.03042 -20.9747 3.2
      vertex 0 -21 3.2
    endloop
  endfacet
  facet normal 0.0245457 -0.999699 0
    outer loop
      vertex 1.03042 -20.9747 3.2
      vertex 0 -21 0.799999
      vertex 1.03042 -20.9747 0.799999
    endloop
  endfacet
  facet normal 0.724212 0.689578 0
    outer loop
      vertex 15.56 14.1027 3.2
      vertex 14.8492 14.8492 0.799999
      vertex 14.8492 14.8492 3.2
    endloop
  endfacet
  facet normal 0.724212 0.689578 0
    outer loop
      vertex 14.8492 14.8492 0.799999
      vertex 15.56 14.1027 3.2
      vertex 15.56 14.1027 0.799999
    endloop
  endfacet
  facet normal 0.575811 -0.817583 0
    outer loop
      vertex 11.667 -17.4609 0.799999
      vertex 12.5097 -16.8674 3.2
      vertex 11.667 -17.4609 3.2
    endloop
  endfacet
  facet normal 0.575811 -0.817583 0
    outer loop
      vertex 12.5097 -16.8674 3.2
      vertex 11.667 -17.4609 0.799999
      vertex 12.5097 -16.8674 0.799999
    endloop
  endfacet
  facet normal 0.449668 0.893196 -0
    outer loop
      vertex 9.89933 18.5203 0.799999
      vertex 8.97866 18.9838 3.2
      vertex 9.89933 18.5203 3.2
    endloop
  endfacet
  facet normal 0.449668 0.893196 0
    outer loop
      vertex 8.97866 18.9838 3.2
      vertex 9.89933 18.5203 0.799999
      vertex 8.97866 18.9838 0.799999
    endloop
  endfacet
  facet normal -0.992476 0.122437 0
    outer loop
      vertex -20.8989 2.05836 0.799999
      vertex -20.7727 3.08134 3.2
      vertex -20.7727 3.08134 0.799999
    endloop
  endfacet
  facet normal -0.992476 0.122437 0
    outer loop
      vertex -20.7727 3.08134 3.2
      vertex -20.8989 2.05836 0.799999
      vertex -20.8989 2.05836 3.2
    endloop
  endfacet
  facet normal 0.653185 -0.757198 0
    outer loop
      vertex 13.3223 -16.2332 0.799999
      vertex 14.1027 -15.56 3.2
      vertex 13.3223 -16.2332 3.2
    endloop
  endfacet
  facet normal 0.653185 -0.757198 0
    outer loop
      vertex 14.1027 -15.56 3.2
      vertex 13.3223 -16.2332 0.799999
      vertex 14.1027 -15.56 0.799999
    endloop
  endfacet
  facet normal -0.07354 -0.997292 0
    outer loop
      vertex -2.05836 -20.8989 0.799999
      vertex -1.03042 -20.9747 3.2
      vertex -2.05836 -20.8989 3.2
    endloop
  endfacet
  facet normal -0.07354 -0.997292 -0
    outer loop
      vertex -1.03042 -20.9747 3.2
      vertex -2.05836 -20.8989 0.799999
      vertex -1.03042 -20.9747 0.799999
    endloop
  endfacet
  facet normal 0.788327 -0.615256 0
    outer loop
      vertex 16.2332 -13.3223 3.2
      vertex 16.8674 -12.5097 0.799999
      vertex 16.8674 -12.5097 3.2
    endloop
  endfacet
  facet normal 0.788327 -0.615256 0
    outer loop
      vertex 16.8674 -12.5097 0.799999
      vertex 16.2332 -13.3223 3.2
      vertex 16.2332 -13.3223 0.799999
    endloop
  endfacet
  facet normal -0.313662 0.949535 0
    outer loop
      vertex -6.09598 20.0957 0.799999
      vertex -7.07469 19.7724 3.2
      vertex -6.09598 20.0957 3.2
    endloop
  endfacet
  facet normal -0.313662 0.949535 0
    outer loop
      vertex -7.07469 19.7724 3.2
      vertex -6.09598 20.0957 0.799999
      vertex -7.07469 19.7724 0.799999
    endloop
  endfacet
  facet normal 0.534978 -0.844866 0
    outer loop
      vertex 10.7962 -18.0123 0.799999
      vertex 11.667 -17.4609 3.2
      vertex 10.7962 -18.0123 3.2
    endloop
  endfacet
  facet normal 0.534978 -0.844866 0
    outer loop
      vertex 11.667 -17.4609 3.2
      vertex 10.7962 -18.0123 0.799999
      vertex 11.667 -17.4609 0.799999
    endloop
  endfacet
  facet normal -0.724212 -0.689578 0
    outer loop
      vertex -14.8492 -14.8492 0.799999
      vertex -15.56 -14.1027 3.2
      vertex -15.56 -14.1027 0.799999
    endloop
  endfacet
  facet normal -0.724212 -0.689578 0
    outer loop
      vertex -15.56 -14.1027 3.2
      vertex -14.8492 -14.8492 0.799999
      vertex -14.8492 -14.8492 3.2
    endloop
  endfacet
  facet normal 0.757198 0.653185 0
    outer loop
      vertex 16.2332 13.3223 3.2
      vertex 15.56 14.1027 0.799999
      vertex 15.56 14.1027 3.2
    endloop
  endfacet
  facet normal 0.757198 0.653185 0
    outer loop
      vertex 15.56 14.1027 0.799999
      vertex 16.2332 13.3223 3.2
      vertex 16.2332 13.3223 0.799999
    endloop
  endfacet
  facet normal 0.492846 0.870116 -0
    outer loop
      vertex 10.7962 18.0123 0.799999
      vertex 9.89933 18.5203 3.2
      vertex 10.7962 18.0123 3.2
    endloop
  endfacet
  facet normal 0.492846 0.870116 0
    outer loop
      vertex 9.89933 18.5203 3.2
      vertex 10.7962 18.0123 0.799999
      vertex 9.89933 18.5203 0.799999
    endloop
  endfacet
  facet normal 0.893196 0.449668 0
    outer loop
      vertex 18.9838 8.97866 3.2
      vertex 18.5203 9.89933 0.799999
      vertex 18.5203 9.89933 3.2
    endloop
  endfacet
  facet normal 0.893196 0.449668 0
    outer loop
      vertex 18.5203 9.89933 0.799999
      vertex 18.9838 8.97866 3.2
      vertex 18.9838 8.97866 0.799999
    endloop
  endfacet
  facet normal -0.870116 -0.492846 0
    outer loop
      vertex -18.0123 -10.7962 0.799999
      vertex -18.5203 -9.89933 3.2
      vertex -18.5203 -9.89933 0.799999
    endloop
  endfacet
  facet normal -0.870116 -0.492846 0
    outer loop
      vertex -18.5203 -9.89933 3.2
      vertex -18.0123 -10.7962 0.799999
      vertex -18.0123 -10.7962 3.2
    endloop
  endfacet
  facet normal 0.98528 0.170946 0
    outer loop
      vertex 20.7727 3.08134 3.2
      vertex 20.5965 4.0969 0.799999
      vertex 20.5965 4.0969 3.2
    endloop
  endfacet
  facet normal 0.98528 0.170946 0
    outer loop
      vertex 20.5965 4.0969 0.799999
      vertex 20.7727 3.08134 3.2
      vertex 20.7727 3.08134 0.799999
    endloop
  endfacet
  facet normal 0.689578 -0.724212 0
    outer loop
      vertex 14.1027 -15.56 0.799999
      vertex 14.8492 -14.8492 3.2
      vertex 14.1027 -15.56 3.2
    endloop
  endfacet
  facet normal 0.689578 -0.724212 0
    outer loop
      vertex 14.8492 -14.8492 3.2
      vertex 14.1027 -15.56 0.799999
      vertex 14.8492 -14.8492 0.799999
    endloop
  endfacet
  facet normal -0.844866 -0.534978 0
    outer loop
      vertex -17.4609 -11.667 0.799999
      vertex -18.0123 -10.7962 3.2
      vertex -18.0123 -10.7962 0.799999
    endloop
  endfacet
  facet normal -0.844866 -0.534978 0
    outer loop
      vertex -18.0123 -10.7962 3.2
      vertex -17.4609 -11.667 0.799999
      vertex -17.4609 -11.667 3.2
    endloop
  endfacet
  facet normal -0.999699 -0.0245457 0
    outer loop
      vertex -20.9747 -1.03042 0.799999
      vertex -21 0 3.2
      vertex -21 0 0.799999
    endloop
  endfacet
  facet normal -0.999699 -0.0245457 0
    outer loop
      vertex -21 0 3.2
      vertex -20.9747 -1.03042 0.799999
      vertex -20.9747 -1.03042 3.2
    endloop
  endfacet
  facet normal 0.999699 -0.0245457 0
    outer loop
      vertex 20.9747 -1.03042 3.2
      vertex 21 0 0.799999
      vertex 21 0 3.2
    endloop
  endfacet
  facet normal 0.999699 -0.0245457 0
    outer loop
      vertex 21 0 0.799999
      vertex 20.9747 -1.03042 3.2
      vertex 20.9747 -1.03042 0.799999
    endloop
  endfacet
  facet normal 0.35985 0.93301 -0
    outer loop
      vertex 8.03635 19.4015 0.799999
      vertex 7.07469 19.7724 3.2
      vertex 8.03635 19.4015 3.2
    endloop
  endfacet
  facet normal 0.35985 0.93301 0
    outer loop
      vertex 7.07469 19.7724 3.2
      vertex 8.03635 19.4015 0.799999
      vertex 7.07469 19.7724 0.799999
    endloop
  endfacet
  facet normal -0.893196 0.449668 0
    outer loop
      vertex -18.9838 8.97866 0.799999
      vertex -18.5203 9.89933 3.2
      vertex -18.5203 9.89933 0.799999
    endloop
  endfacet
  facet normal -0.893196 0.449668 0
    outer loop
      vertex -18.5203 9.89933 3.2
      vertex -18.9838 8.97866 0.799999
      vertex -18.9838 8.97866 3.2
    endloop
  endfacet
  facet normal -0.122437 -0.992476 0
    outer loop
      vertex -3.08134 -20.7727 0.799999
      vertex -2.05836 -20.8989 3.2
      vertex -3.08134 -20.7727 3.2
    endloop
  endfacet
  facet normal -0.122437 -0.992476 -0
    outer loop
      vertex -2.05836 -20.8989 3.2
      vertex -3.08134 -20.7727 0.799999
      vertex -2.05836 -20.8989 0.799999
    endloop
  endfacet
  facet normal -0.35985 -0.93301 0
    outer loop
      vertex -8.03635 -19.4015 0.799999
      vertex -7.07469 -19.7724 3.2
      vertex -8.03635 -19.4015 3.2
    endloop
  endfacet
  facet normal -0.35985 -0.93301 -0
    outer loop
      vertex -7.07469 -19.7724 3.2
      vertex -8.03635 -19.4015 0.799999
      vertex -7.07469 -19.7724 0.799999
    endloop
  endfacet
  facet normal -0.992476 -0.122437 0
    outer loop
      vertex -20.7727 -3.08134 0.799999
      vertex -20.8989 -2.05836 3.2
      vertex -20.8989 -2.05836 0.799999
    endloop
  endfacet
  facet normal -0.992476 -0.122437 0
    outer loop
      vertex -20.8989 -2.05836 3.2
      vertex -20.7727 -3.08134 0.799999
      vertex -20.7727 -3.08134 3.2
    endloop
  endfacet
  facet normal 0.975709 0.219071 0
    outer loop
      vertex 20.5965 4.0969 3.2
      vertex 20.3707 5.10258 0.799999
      vertex 20.3707 5.10258 3.2
    endloop
  endfacet
  facet normal 0.975709 0.219071 0
    outer loop
      vertex 20.3707 5.10258 0.799999
      vertex 20.5965 4.0969 3.2
      vertex 20.5965 4.0969 0.799999
    endloop
  endfacet
  facet normal 0.817583 0.575811 0
    outer loop
      vertex 17.4609 11.667 3.2
      vertex 16.8674 12.5097 0.799999
      vertex 16.8674 12.5097 3.2
    endloop
  endfacet
  facet normal 0.817583 0.575811 0
    outer loop
      vertex 16.8674 12.5097 0.799999
      vertex 17.4609 11.667 3.2
      vertex 17.4609 11.667 0.799999
    endloop
  endfacet
  facet normal 0.963754 0.266793 0
    outer loop
      vertex 20.3707 5.10258 3.2
      vertex 20.0957 6.09598 0.799999
      vertex 20.0957 6.09598 3.2
    endloop
  endfacet
  facet normal 0.963754 0.266793 0
    outer loop
      vertex 20.0957 6.09598 0.799999
      vertex 20.3707 5.10258 3.2
      vertex 20.3707 5.10258 0.799999
    endloop
  endfacet
  facet normal 0.492846 -0.870116 0
    outer loop
      vertex 9.89933 -18.5203 0.799999
      vertex 10.7962 -18.0123 3.2
      vertex 9.89933 -18.5203 3.2
    endloop
  endfacet
  facet normal 0.492846 -0.870116 0
    outer loop
      vertex 10.7962 -18.0123 3.2
      vertex 9.89933 -18.5203 0.799999
      vertex 10.7962 -18.0123 0.799999
    endloop
  endfacet
  facet normal 0.575811 0.817583 -0
    outer loop
      vertex 12.5097 16.8674 0.799999
      vertex 11.667 17.4609 3.2
      vertex 12.5097 16.8674 3.2
    endloop
  endfacet
  facet normal 0.575811 0.817583 0
    outer loop
      vertex 11.667 17.4609 3.2
      vertex 12.5097 16.8674 0.799999
      vertex 11.667 17.4609 0.799999
    endloop
  endfacet
  facet normal -0.615256 0.788327 0
    outer loop
      vertex -12.5097 16.8674 0.799999
      vertex -13.3223 16.2332 3.2
      vertex -12.5097 16.8674 3.2
    endloop
  endfacet
  facet normal -0.615256 0.788327 0
    outer loop
      vertex -13.3223 16.2332 3.2
      vertex -12.5097 16.8674 0.799999
      vertex -13.3223 16.2332 0.799999
    endloop
  endfacet
  facet normal -0.35985 0.93301 0
    outer loop
      vertex -7.07469 19.7724 0.799999
      vertex -8.03635 19.4015 3.2
      vertex -7.07469 19.7724 3.2
    endloop
  endfacet
  facet normal -0.35985 0.93301 0
    outer loop
      vertex -8.03635 19.4015 3.2
      vertex -7.07469 19.7724 0.799999
      vertex -8.03635 19.4015 0.799999
    endloop
  endfacet
  facet normal -0.0245457 0.999699 0
    outer loop
      vertex 0 21 0.799999
      vertex -1.03042 20.9747 3.2
      vertex 0 21 3.2
    endloop
  endfacet
  facet normal -0.0245457 0.999699 0
    outer loop
      vertex -1.03042 20.9747 3.2
      vertex 0 21 0.799999
      vertex -1.03042 20.9747 0.799999
    endloop
  endfacet
  facet normal 0.914209 0.405244 0
    outer loop
      vertex 19.4015 8.03635 3.2
      vertex 18.9838 8.97866 0.799999
      vertex 18.9838 8.97866 3.2
    endloop
  endfacet
  facet normal 0.914209 0.405244 0
    outer loop
      vertex 18.9838 8.97866 0.799999
      vertex 19.4015 8.03635 3.2
      vertex 19.4015 8.03635 0.799999
    endloop
  endfacet
  facet normal 0.615256 0.788327 -0
    outer loop
      vertex 13.3223 16.2332 0.799999
      vertex 12.5097 16.8674 3.2
      vertex 13.3223 16.2332 3.2
    endloop
  endfacet
  facet normal 0.615256 0.788327 0
    outer loop
      vertex 12.5097 16.8674 3.2
      vertex 13.3223 16.2332 0.799999
      vertex 12.5097 16.8674 0.799999
    endloop
  endfacet
  facet normal -0.575811 0.817583 0
    outer loop
      vertex -11.667 17.4609 0.799999
      vertex -12.5097 16.8674 3.2
      vertex -11.667 17.4609 3.2
    endloop
  endfacet
  facet normal -0.575811 0.817583 0
    outer loop
      vertex -12.5097 16.8674 3.2
      vertex -11.667 17.4609 0.799999
      vertex -12.5097 16.8674 0.799999
    endloop
  endfacet
  facet normal -0.653185 0.757198 0
    outer loop
      vertex -13.3223 16.2332 0.799999
      vertex -14.1027 15.56 3.2
      vertex -13.3223 16.2332 3.2
    endloop
  endfacet
  facet normal -0.653185 0.757198 0
    outer loop
      vertex -14.1027 15.56 3.2
      vertex -13.3223 16.2332 0.799999
      vertex -14.1027 15.56 0.799999
    endloop
  endfacet
  facet normal -0.170946 0.98528 0
    outer loop
      vertex -3.08134 20.7727 0.799999
      vertex -4.0969 20.5965 3.2
      vertex -3.08134 20.7727 3.2
    endloop
  endfacet
  facet normal -0.170946 0.98528 0
    outer loop
      vertex -4.0969 20.5965 3.2
      vertex -3.08134 20.7727 0.799999
      vertex -4.0969 20.5965 0.799999
    endloop
  endfacet
  facet normal 0.615256 -0.788327 0
    outer loop
      vertex 12.5097 -16.8674 0.799999
      vertex 13.3223 -16.2332 3.2
      vertex 12.5097 -16.8674 3.2
    endloop
  endfacet
  facet normal 0.615256 -0.788327 0
    outer loop
      vertex 13.3223 -16.2332 3.2
      vertex 12.5097 -16.8674 0.799999
      vertex 13.3223 -16.2332 0.799999
    endloop
  endfacet
  facet normal 0.788327 0.615256 0
    outer loop
      vertex 16.8674 12.5097 3.2
      vertex 16.2332 13.3223 0.799999
      vertex 16.2332 13.3223 3.2
    endloop
  endfacet
  facet normal 0.788327 0.615256 0
    outer loop
      vertex 16.2332 13.3223 0.799999
      vertex 16.8674 12.5097 3.2
      vertex 16.8674 12.5097 0.799999
    endloop
  endfacet
  facet normal -0.93301 -0.35985 0
    outer loop
      vertex -19.4015 -8.03635 0.799999
      vertex -19.7724 -7.07469 3.2
      vertex -19.7724 -7.07469 0.799999
    endloop
  endfacet
  facet normal -0.93301 -0.35985 0
    outer loop
      vertex -19.7724 -7.07469 3.2
      vertex -19.4015 -8.03635 0.799999
      vertex -19.4015 -8.03635 3.2
    endloop
  endfacet
  facet normal -0.817583 -0.575811 0
    outer loop
      vertex -16.8674 -12.5097 0.799999
      vertex -17.4609 -11.667 3.2
      vertex -17.4609 -11.667 0.799999
    endloop
  endfacet
  facet normal -0.817583 -0.575811 0
    outer loop
      vertex -17.4609 -11.667 3.2
      vertex -16.8674 -12.5097 0.799999
      vertex -16.8674 -12.5097 3.2
    endloop
  endfacet
  facet normal -0.266793 -0.963754 0
    outer loop
      vertex -6.09598 -20.0957 0.799999
      vertex -5.10258 -20.3707 3.2
      vertex -6.09598 -20.0957 3.2
    endloop
  endfacet
  facet normal -0.266793 -0.963754 -0
    outer loop
      vertex -5.10258 -20.3707 3.2
      vertex -6.09598 -20.0957 0.799999
      vertex -5.10258 -20.3707 0.799999
    endloop
  endfacet
  facet normal 0.266793 0.963754 -0
    outer loop
      vertex 6.09598 20.0957 0.799999
      vertex 5.10258 20.3707 3.2
      vertex 6.09598 20.0957 3.2
    endloop
  endfacet
  facet normal 0.266793 0.963754 0
    outer loop
      vertex 5.10258 20.3707 3.2
      vertex 6.09598 20.0957 0.799999
      vertex 5.10258 20.3707 0.799999
    endloop
  endfacet
  facet normal -0.914209 -0.405244 0
    outer loop
      vertex -18.9838 -8.97866 0.799999
      vertex -19.4015 -8.03635 3.2
      vertex -19.4015 -8.03635 0.799999
    endloop
  endfacet
  facet normal -0.914209 -0.405244 0
    outer loop
      vertex -19.4015 -8.03635 3.2
      vertex -18.9838 -8.97866 0.799999
      vertex -18.9838 -8.97866 3.2
    endloop
  endfacet
  facet normal 0.219071 0.975709 -0
    outer loop
      vertex 5.10258 20.3707 0.799999
      vertex 4.0969 20.5965 3.2
      vertex 5.10258 20.3707 3.2
    endloop
  endfacet
  facet normal 0.219071 0.975709 0
    outer loop
      vertex 4.0969 20.5965 3.2
      vertex 5.10258 20.3707 0.799999
      vertex 4.0969 20.5965 0.799999
    endloop
  endfacet
  facet normal -0.219071 -0.975709 0
    outer loop
      vertex -5.10258 -20.3707 0.799999
      vertex -4.0969 -20.5965 3.2
      vertex -5.10258 -20.3707 3.2
    endloop
  endfacet
  facet normal -0.219071 -0.975709 -0
    outer loop
      vertex -4.0969 -20.5965 3.2
      vertex -5.10258 -20.3707 0.799999
      vertex -4.0969 -20.5965 0.799999
    endloop
  endfacet
  facet normal 0.844866 -0.534978 0
    outer loop
      vertex 17.4609 -11.667 3.2
      vertex 18.0123 -10.7962 0.799999
      vertex 18.0123 -10.7962 3.2
    endloop
  endfacet
  facet normal 0.844866 -0.534978 0
    outer loop
      vertex 18.0123 -10.7962 0.799999
      vertex 17.4609 -11.667 3.2
      vertex 17.4609 -11.667 0.799999
    endloop
  endfacet
  facet normal 0.122437 -0.992476 0
    outer loop
      vertex 2.05836 -20.8989 0.799999
      vertex 3.08134 -20.7727 3.2
      vertex 2.05836 -20.8989 3.2
    endloop
  endfacet
  facet normal 0.122437 -0.992476 0
    outer loop
      vertex 3.08134 -20.7727 3.2
      vertex 2.05836 -20.8989 0.799999
      vertex 3.08134 -20.7727 0.799999
    endloop
  endfacet
  facet normal -0.724212 0.689578 0
    outer loop
      vertex -15.56 14.1027 0.799999
      vertex -14.8492 14.8492 3.2
      vertex -14.8492 14.8492 0.799999
    endloop
  endfacet
  facet normal -0.724212 0.689578 0
    outer loop
      vertex -14.8492 14.8492 3.2
      vertex -15.56 14.1027 0.799999
      vertex -15.56 14.1027 3.2
    endloop
  endfacet
  facet normal 0.449668 -0.893196 0
    outer loop
      vertex 8.97866 -18.9838 0.799999
      vertex 9.89933 -18.5203 3.2
      vertex 8.97866 -18.9838 3.2
    endloop
  endfacet
  facet normal 0.449668 -0.893196 0
    outer loop
      vertex 9.89933 -18.5203 3.2
      vertex 8.97866 -18.9838 0.799999
      vertex 9.89933 -18.5203 0.799999
    endloop
  endfacet
  facet normal -0.914209 0.405244 0
    outer loop
      vertex -19.4015 8.03635 0.799999
      vertex -18.9838 8.97866 3.2
      vertex -18.9838 8.97866 0.799999
    endloop
  endfacet
  facet normal -0.914209 0.405244 0
    outer loop
      vertex -18.9838 8.97866 3.2
      vertex -19.4015 8.03635 0.799999
      vertex -19.4015 8.03635 3.2
    endloop
  endfacet
  facet normal -0.844866 0.534978 0
    outer loop
      vertex -18.0123 10.7962 0.799999
      vertex -17.4609 11.667 3.2
      vertex -17.4609 11.667 0.799999
    endloop
  endfacet
  facet normal -0.844866 0.534978 0
    outer loop
      vertex -17.4609 11.667 3.2
      vertex -18.0123 10.7962 0.799999
      vertex -18.0123 10.7962 3.2
    endloop
  endfacet
  facet normal 0.266793 -0.963754 0
    outer loop
      vertex 5.10258 -20.3707 0.799999
      vertex 6.09598 -20.0957 3.2
      vertex 5.10258 -20.3707 3.2
    endloop
  endfacet
  facet normal 0.266793 -0.963754 0
    outer loop
      vertex 6.09598 -20.0957 3.2
      vertex 5.10258 -20.3707 0.799999
      vertex 6.09598 -20.0957 0.799999
    endloop
  endfacet
  facet normal -0.98528 -0.170946 0
    outer loop
      vertex -20.5965 -4.0969 0.799999
      vertex -20.7727 -3.08134 3.2
      vertex -20.7727 -3.08134 0.799999
    endloop
  endfacet
  facet normal -0.98528 -0.170946 0
    outer loop
      vertex -20.7727 -3.08134 3.2
      vertex -20.5965 -4.0969 0.799999
      vertex -20.5965 -4.0969 3.2
    endloop
  endfacet
  facet normal 0.405244 -0.914209 0
    outer loop
      vertex 8.03635 -19.4015 0.799999
      vertex 8.97866 -18.9838 3.2
      vertex 8.03635 -19.4015 3.2
    endloop
  endfacet
  facet normal 0.405244 -0.914209 0
    outer loop
      vertex 8.97866 -18.9838 3.2
      vertex 8.03635 -19.4015 0.799999
      vertex 8.97866 -18.9838 0.799999
    endloop
  endfacet
  facet normal -0.975709 0.219071 0
    outer loop
      vertex -20.5965 4.0969 0.799999
      vertex -20.3707 5.10258 3.2
      vertex -20.3707 5.10258 0.799999
    endloop
  endfacet
  facet normal -0.975709 0.219071 0
    outer loop
      vertex -20.3707 5.10258 3.2
      vertex -20.5965 4.0969 0.799999
      vertex -20.5965 4.0969 3.2
    endloop
  endfacet
  facet normal -0.615256 -0.788327 0
    outer loop
      vertex -13.3223 -16.2332 0.799999
      vertex -12.5097 -16.8674 3.2
      vertex -13.3223 -16.2332 3.2
    endloop
  endfacet
  facet normal -0.615256 -0.788327 -0
    outer loop
      vertex -12.5097 -16.8674 3.2
      vertex -13.3223 -16.2332 0.799999
      vertex -12.5097 -16.8674 0.799999
    endloop
  endfacet
  facet normal -0.689578 -0.724212 0
    outer loop
      vertex -14.8492 -14.8492 0.799999
      vertex -14.1027 -15.56 3.2
      vertex -14.8492 -14.8492 3.2
    endloop
  endfacet
  facet normal -0.689578 -0.724212 -0
    outer loop
      vertex -14.1027 -15.56 3.2
      vertex -14.8492 -14.8492 0.799999
      vertex -14.1027 -15.56 0.799999
    endloop
  endfacet
  facet normal 0.0245457 0.999699 -0
    outer loop
      vertex 1.03042 20.9747 0.799999
      vertex 0 21 3.2
      vertex 1.03042 20.9747 3.2
    endloop
  endfacet
  facet normal 0.0245457 0.999699 0
    outer loop
      vertex 0 21 3.2
      vertex 1.03042 20.9747 0.799999
      vertex 0 21 0.799999
    endloop
  endfacet
  facet normal 0.07354 0.997292 -0
    outer loop
      vertex 2.05836 20.8989 0.799999
      vertex 1.03042 20.9747 3.2
      vertex 2.05836 20.8989 3.2
    endloop
  endfacet
  facet normal 0.07354 0.997292 0
    outer loop
      vertex 1.03042 20.9747 3.2
      vertex 2.05836 20.8989 0.799999
      vertex 1.03042 20.9747 0.799999
    endloop
  endfacet
  facet normal -0.449668 0.893196 0
    outer loop
      vertex -8.97866 18.9838 0.799999
      vertex -9.89933 18.5203 3.2
      vertex -8.97866 18.9838 3.2
    endloop
  endfacet
  facet normal -0.449668 0.893196 0
    outer loop
      vertex -9.89933 18.5203 3.2
      vertex -8.97866 18.9838 0.799999
      vertex -9.89933 18.5203 0.799999
    endloop
  endfacet
  facet normal 0.534978 0.844866 -0
    outer loop
      vertex 11.667 17.4609 0.799999
      vertex 10.7962 18.0123 3.2
      vertex 11.667 17.4609 3.2
    endloop
  endfacet
  facet normal 0.534978 0.844866 0
    outer loop
      vertex 10.7962 18.0123 3.2
      vertex 11.667 17.4609 0.799999
      vertex 10.7962 18.0123 0.799999
    endloop
  endfacet
  facet normal -0.313662 -0.949535 0
    outer loop
      vertex -7.07469 -19.7724 0.799999
      vertex -6.09598 -20.0957 3.2
      vertex -7.07469 -19.7724 3.2
    endloop
  endfacet
  facet normal -0.313662 -0.949535 -0
    outer loop
      vertex -6.09598 -20.0957 3.2
      vertex -7.07469 -19.7724 0.799999
      vertex -6.09598 -20.0957 0.799999
    endloop
  endfacet
  facet normal -0.997292 0.07354 0
    outer loop
      vertex -20.9747 1.03042 0.799999
      vertex -20.8989 2.05836 3.2
      vertex -20.8989 2.05836 0.799999
    endloop
  endfacet
  facet normal -0.997292 0.07354 0
    outer loop
      vertex -20.8989 2.05836 3.2
      vertex -20.9747 1.03042 0.799999
      vertex -20.9747 1.03042 3.2
    endloop
  endfacet
  facet normal -0.98528 0.170946 0
    outer loop
      vertex -20.7727 3.08134 0.799999
      vertex -20.5965 4.0969 3.2
      vertex -20.5965 4.0969 0.799999
    endloop
  endfacet
  facet normal -0.98528 0.170946 0
    outer loop
      vertex -20.5965 4.0969 3.2
      vertex -20.7727 3.08134 0.799999
      vertex -20.7727 3.08134 3.2
    endloop
  endfacet
  facet normal 0.313662 -0.949535 0
    outer loop
      vertex 6.09598 -20.0957 0.799999
      vertex 7.07469 -19.7724 3.2
      vertex 6.09598 -20.0957 3.2
    endloop
  endfacet
  facet normal 0.313662 -0.949535 0
    outer loop
      vertex 7.07469 -19.7724 3.2
      vertex 6.09598 -20.0957 0.799999
      vertex 7.07469 -19.7724 0.799999
    endloop
  endfacet
  facet normal -0.266793 0.963754 0
    outer loop
      vertex -5.10258 20.3707 0.799999
      vertex -6.09598 20.0957 3.2
      vertex -5.10258 20.3707 3.2
    endloop
  endfacet
  facet normal -0.266793 0.963754 0
    outer loop
      vertex -6.09598 20.0957 3.2
      vertex -5.10258 20.3707 0.799999
      vertex -6.09598 20.0957 0.799999
    endloop
  endfacet
  facet normal -0.788327 -0.615256 0
    outer loop
      vertex -16.2332 -13.3223 0.799999
      vertex -16.8674 -12.5097 3.2
      vertex -16.8674 -12.5097 0.799999
    endloop
  endfacet
  facet normal -0.788327 -0.615256 0
    outer loop
      vertex -16.8674 -12.5097 3.2
      vertex -16.2332 -13.3223 0.799999
      vertex -16.2332 -13.3223 3.2
    endloop
  endfacet
  facet normal -0.963754 -0.266793 0
    outer loop
      vertex -20.0957 -6.09598 0.799999
      vertex -20.3707 -5.10258 3.2
      vertex -20.3707 -5.10258 0.799999
    endloop
  endfacet
  facet normal -0.963754 -0.266793 0
    outer loop
      vertex -20.3707 -5.10258 3.2
      vertex -20.0957 -6.09598 0.799999
      vertex -20.0957 -6.09598 3.2
    endloop
  endfacet
  facet normal -0.449668 -0.893196 0
    outer loop
      vertex -9.89933 -18.5203 0.799999
      vertex -8.97866 -18.9838 3.2
      vertex -9.89933 -18.5203 3.2
    endloop
  endfacet
  facet normal -0.449668 -0.893196 -0
    outer loop
      vertex -8.97866 -18.9838 3.2
      vertex -9.89933 -18.5203 0.799999
      vertex -8.97866 -18.9838 0.799999
    endloop
  endfacet
  facet normal -0.870116 0.492846 0
    outer loop
      vertex -18.5203 9.89933 0.799999
      vertex -18.0123 10.7962 3.2
      vertex -18.0123 10.7962 0.799999
    endloop
  endfacet
  facet normal -0.870116 0.492846 0
    outer loop
      vertex -18.0123 10.7962 3.2
      vertex -18.5203 9.89933 0.799999
      vertex -18.5203 9.89933 3.2
    endloop
  endfacet
  facet normal -0.405244 0.914209 0
    outer loop
      vertex -8.03635 19.4015 0.799999
      vertex -8.97866 18.9838 3.2
      vertex -8.03635 19.4015 3.2
    endloop
  endfacet
  facet normal -0.405244 0.914209 0
    outer loop
      vertex -8.97866 18.9838 3.2
      vertex -8.03635 19.4015 0.799999
      vertex -8.97866 18.9838 0.799999
    endloop
  endfacet
  facet normal -0.575811 -0.817583 0
    outer loop
      vertex -12.5097 -16.8674 0.799999
      vertex -11.667 -17.4609 3.2
      vertex -12.5097 -16.8674 3.2
    endloop
  endfacet
  facet normal -0.575811 -0.817583 -0
    outer loop
      vertex -11.667 -17.4609 3.2
      vertex -12.5097 -16.8674 0.799999
      vertex -11.667 -17.4609 0.799999
    endloop
  endfacet
  facet normal -0.893196 -0.449668 0
    outer loop
      vertex -18.5203 -9.89933 0.799999
      vertex -18.9838 -8.97866 3.2
      vertex -18.9838 -8.97866 0.799999
    endloop
  endfacet
  facet normal -0.893196 -0.449668 0
    outer loop
      vertex -18.9838 -8.97866 3.2
      vertex -18.5203 -9.89933 0.799999
      vertex -18.5203 -9.89933 3.2
    endloop
  endfacet
  facet normal -0.534978 -0.844866 0
    outer loop
      vertex -11.667 -17.4609 0.799999
      vertex -10.7962 -18.0123 3.2
      vertex -11.667 -17.4609 3.2
    endloop
  endfacet
  facet normal -0.534978 -0.844866 -0
    outer loop
      vertex -10.7962 -18.0123 3.2
      vertex -11.667 -17.4609 0.799999
      vertex -10.7962 -18.0123 0.799999
    endloop
  endfacet
  facet normal 0.0173332 -0.707001 0.707001
    outer loop
      vertex 0 -20.2 4
      vertex 0 -21 3.2
      vertex 0.991166 -20.1757 4
    endloop
  endfacet
  facet normal 0.61533 0.348575 0.707011
    outer loop
      vertex 18.0123 10.7962 3.2
      vertex 17.3261 10.3849 4
      vertex 17.8148 9.52221 4
    endloop
  endfacet
  facet normal 0.707001 0.0173332 0.707001
    outer loop
      vertex 21 0 3.2
      vertex 20.1757 0.991166 4
      vertex 20.2 0 4
    endloop
  endfacet
  facet normal 0.707016 0.0173594 0.706984
    outer loop
      vertex 20.9747 1.03042 3.2
      vertex 20.1757 0.991166 4
      vertex 21 0 3.2
    endloop
  endfacet
  facet normal -0.646541 -0.286594 0.706999
    outer loop
      vertex -18.6624 -7.7302 4
      vertex -19.4015 -8.03635 3.2
      vertex -18.9838 -8.97866 3.2
    endloop
  endfacet
  facet normal 0.671537 -0.221831 0.706986
    outer loop
      vertex 20.0957 -6.09598 3.2
      vertex 19.0192 -6.80517 4
      vertex 19.7724 -7.07469 3.2
    endloop
  endfacet
  facet normal 0.0865221 -0.701877 0.707024
    outer loop
      vertex 2.96395 -19.9814 4
      vertex 1.97995 -20.1027 4
      vertex 2.05836 -20.8989 3.2
    endloop
  endfacet
  facet normal -0.671537 -0.221831 0.706986
    outer loop
      vertex -19.0192 -6.80517 4
      vertex -20.0957 -6.09598 3.2
      vertex -19.7724 -7.07469 3.2
    endloop
  endfacet
  facet normal 0.690031 0.155 0.706988
    outer loop
      vertex 20.5965 4.0969 3.2
      vertex 19.5946 4.9082 4
      vertex 19.8119 3.94082 4
    endloop
  endfacet
  facet normal -0.690031 -0.155 0.706988
    outer loop
      vertex -19.8119 -3.94082 4
      vertex -20.5965 -4.0969 3.2
      vertex -19.5946 -4.9082 4
    endloop
  endfacet
  facet normal 0.0520687 -0.70527 0.707024
    outer loop
      vertex 1.97995 -20.1027 4
      vertex 0.991166 -20.1757 4
      vertex 2.05836 -20.8989 3.2
    endloop
  endfacet
  facet normal 0.155 -0.690031 0.706988
    outer loop
      vertex 4.9082 -19.5946 4
      vertex 3.94082 -19.8119 4
      vertex 4.0969 -20.5965 3.2
    endloop
  endfacet
  facet normal 0.535501 -0.461942 0.707
    outer loop
      vertex 16.2332 -13.3223 3.2
      vertex 14.9672 -13.5655 4
      vertex 15.56 -14.1027 3.2
    endloop
  endfacet
  facet normal -0.155 0.690031 0.706988
    outer loop
      vertex -4.0969 20.5965 3.2
      vertex -4.9082 19.5946 4
      vertex -3.94082 19.8119 4
    endloop
  endfacet
  facet normal -0.188671 -0.68155 0.707031
    outer loop
      vertex -4.9082 -19.5946 4
      vertex -6.09598 -20.0957 3.2
      vertex -5.10258 -20.3707 3.2
    endloop
  endfacet
  facet normal -0.707001 -0.0173332 0.707001
    outer loop
      vertex -20.2 0 4
      vertex -21 0 3.2
      vertex -20.1757 -0.991166 4
    endloop
  endfacet
  facet normal 0.69682 -0.120899 0.706983
    outer loop
      vertex 20.7727 -3.08134 3.2
      vertex 19.9814 -2.96395 4
      vertex 20.5965 -4.0969 3.2
    endloop
  endfacet
  facet normal 0.2866 0.646533 0.707005
    outer loop
      vertex 8.97866 18.9838 3.2
      vertex 7.7302 18.6624 4
      vertex 8.63661 18.2606 4
    endloop
  endfacet
  facet normal 0.318018 0.631692 0.706987
    outer loop
      vertex 9.89933 18.5203 3.2
      vertex 8.97866 18.9838 3.2
      vertex 9.52221 17.8148 4
    endloop
  endfacet
  facet normal 0.154923 -0.690003 0.707032
    outer loop
      vertex 4.9082 -19.5946 4
      vertex 4.0969 -20.5965 3.2
      vertex 5.10258 -20.3707 3.2
    endloop
  endfacet
  facet normal -0.705314 0.0520097 0.706984
    outer loop
      vertex -20.8989 2.05836 3.2
      vertex -20.9747 1.03042 3.2
      vertex -20.1757 0.991166 4
    endloop
  endfacet
  facet normal -0.67154 0.221845 0.706979
    outer loop
      vertex -19.0192 6.80517 4
      vertex -20.0957 6.09598 3.2
      vertex -19.3302 5.86375 4
    endloop
  endfacet
  facet normal 0.70191 -0.0865912 0.706983
    outer loop
      vertex 20.8989 -2.05836 3.2
      vertex 19.9814 -2.96395 4
      vertex 20.7727 -3.08134 3.2
    endloop
  endfacet
  facet normal 0.631692 -0.318018 0.706987
    outer loop
      vertex 18.9838 -8.97866 3.2
      vertex 17.8148 -9.52221 4
      vertex 18.5203 -9.89933 3.2
    endloop
  endfacet
  facet normal -0.681623 -0.188605 0.706978
    outer loop
      vertex -19.5946 -4.9082 4
      vertex -20.0957 -6.09598 3.2
      vertex -19.3302 -5.86375 4
    endloop
  endfacet
  facet normal -0.435103 0.557498 0.707023
    outer loop
      vertex -12.5097 16.8674 3.2
      vertex -13.3223 16.2332 3.2
      vertex -12.0331 16.2248 4
    endloop
  endfacet
  facet normal -0.707016 -0.0173594 0.706984
    outer loop
      vertex -20.1757 -0.991166 4
      vertex -21 0 3.2
      vertex -20.9747 -1.03042 3.2
    endloop
  endfacet
  facet normal 0.631689 0.317984 0.707005
    outer loop
      vertex 18.9838 8.97866 3.2
      vertex 17.8148 9.52221 4
      vertex 18.2606 8.63661 4
    endloop
  endfacet
  facet normal -0.0520097 0.705314 0.706984
    outer loop
      vertex -1.03042 20.9747 3.2
      vertex -2.05836 20.8989 3.2
      vertex -0.991166 20.1757 4
    endloop
  endfacet
  facet normal 0.407208 -0.578187 0.707023
    outer loop
      vertex 12.0331 -16.2248 4
      vertex 11.667 -17.4609 3.2
      vertex 12.5097 -16.8674 3.2
    endloop
  endfacet
  facet normal 0.48768 0.512174 0.706998
    outer loop
      vertex 14.1027 15.56 3.2
      vertex 13.5655 14.9672 4
      vertex 14.8492 14.8492 3.2
    endloop
  endfacet
  facet normal -0.317984 -0.631689 0.707005
    outer loop
      vertex -8.63661 -18.2606 4
      vertex -9.52221 -17.8148 4
      vertex -8.97866 -18.9838 3.2
    endloop
  endfacet
  facet normal 0.254508 0.659832 0.706999
    outer loop
      vertex 8.03635 19.4015 3.2
      vertex 6.80517 19.0192 4
      vertex 7.7302 18.6624 4
    endloop
  endfacet
  facet normal 0.461942 0.535501 0.707
    outer loop
      vertex 14.1027 15.56 3.2
      vertex 13.3223 16.2332 3.2
      vertex 13.5655 14.9672 4
    endloop
  endfacet
  facet normal 0.435102 -0.557501 0.707021
    outer loop
      vertex 12.8147 -15.6148 4
      vertex 12.0331 -16.2248 4
      vertex 13.3223 -16.2332 3.2
    endloop
  endfacet
  facet normal 0.120899 0.69682 0.706983
    outer loop
      vertex 3.08134 20.7727 3.2
      vertex 2.96395 19.9814 4
      vertex 4.0969 20.5965 3.2
    endloop
  endfacet
  facet normal -0.70191 -0.0865912 0.706983
    outer loop
      vertex -19.9814 -2.96395 4
      vertex -20.8989 -2.05836 3.2
      vertex -20.7727 -3.08134 3.2
    endloop
  endfacet
  facet normal 0.690003 0.154923 0.707032
    outer loop
      vertex 20.3707 5.10258 3.2
      vertex 19.5946 4.9082 4
      vertex 20.5965 4.0969 3.2
    endloop
  endfacet
  facet normal -0.48768 0.512174 0.706998
    outer loop
      vertex -14.1027 15.56 3.2
      vertex -14.8492 14.8492 3.2
      vertex -13.5655 14.9672 4
    endloop
  endfacet
  facet normal 0.69682 0.120899 0.706983
    outer loop
      vertex 20.5965 4.0969 3.2
      vertex 19.9814 2.96395 4
      vertex 20.7727 3.08134 3.2
    endloop
  endfacet
  facet normal -0.348575 -0.61533 0.707011
    outer loop
      vertex -10.3849 -17.3261 4
      vertex -10.7962 -18.0123 3.2
      vertex -9.52221 -17.8148 4
    endloop
  endfacet
  facet normal 0.659832 -0.254508 0.706999
    outer loop
      vertex 19.0192 -6.80517 4
      vertex 18.6624 -7.7302 4
      vertex 19.4015 -8.03635 3.2
    endloop
  endfacet
  facet normal 0.0520097 0.705314 0.706984
    outer loop
      vertex 1.03042 20.9747 3.2
      vertex 0.991166 20.1757 4
      vertex 2.05836 20.8989 3.2
    endloop
  endfacet
  facet normal -0.254495 0.659849 0.706987
    outer loop
      vertex -7.07469 19.7724 3.2
      vertex -8.03635 19.4015 3.2
      vertex -6.80517 19.0192 4
    endloop
  endfacet
  facet normal 0.67154 -0.221845 0.706979
    outer loop
      vertex 19.3302 -5.86375 4
      vertex 19.0192 -6.80517 4
      vertex 20.0957 -6.09598 3.2
    endloop
  endfacet
  facet normal 0.286594 -0.646541 0.706999
    outer loop
      vertex 8.97866 -18.9838 3.2
      vertex 7.7302 -18.6624 4
      vertex 8.03635 -19.4015 3.2
    endloop
  endfacet
  facet normal 0.378338 0.597491 0.707011
    outer loop
      vertex 10.7962 18.0123 3.2
      vertex 10.3849 17.3261 4
      vertex 11.667 17.4609 3.2
    endloop
  endfacet
  facet normal -0.154923 -0.690003 0.707032
    outer loop
      vertex -4.9082 -19.5946 4
      vertex -5.10258 -20.3707 3.2
      vertex -4.0969 -20.5965 3.2
    endloop
  endfacet
  facet normal 0.348554 -0.615369 0.706987
    outer loop
      vertex 10.7962 -18.0123 3.2
      vertex 9.52221 -17.8148 4
      vertex 9.89933 -18.5203 3.2
    endloop
  endfacet
  facet normal 0.535507 -0.4619 0.707022
    outer loop
      vertex 15.6148 -12.8147 4
      vertex 14.9672 -13.5655 4
      vertex 16.2332 -13.3223 3.2
    endloop
  endfacet
  facet normal -0.487656 -0.512268 0.706946
    outer loop
      vertex -14.2836 -14.2836 4
      vertex -14.8492 -14.8492 3.2
      vertex -13.5655 -14.9672 4
    endloop
  endfacet
  facet normal 0.70527 0.0520687 0.707024
    outer loop
      vertex 20.8989 2.05836 3.2
      vertex 20.1027 1.97995 4
      vertex 20.1757 0.991166 4
    endloop
  endfacet
  facet normal -0.120899 0.69682 0.706983
    outer loop
      vertex -3.08134 20.7727 3.2
      vertex -4.0969 20.5965 3.2
      vertex -2.96395 19.9814 4
    endloop
  endfacet
  facet normal 0.348554 0.615369 0.706987
    outer loop
      vertex 9.89933 18.5203 3.2
      vertex 9.52221 17.8148 4
      vertex 10.7962 18.0123 3.2
    endloop
  endfacet
  facet normal -0.512174 -0.48768 0.706998
    outer loop
      vertex -14.9672 -13.5655 4
      vertex -15.56 -14.1027 3.2
      vertex -14.8492 -14.8492 3.2
    endloop
  endfacet
  facet normal -0.597491 0.378338 0.707011
    outer loop
      vertex -17.4609 11.667 3.2
      vertex -18.0123 10.7962 3.2
      vertex -17.3261 10.3849 4
    endloop
  endfacet
  facet normal 0.487656 0.512268 0.706946
    outer loop
      vertex 14.8492 14.8492 3.2
      vertex 13.5655 14.9672 4
      vertex 14.2836 14.2836 4
    endloop
  endfacet
  facet normal 0.120906 0.696813 0.706989
    outer loop
      vertex 4.0969 20.5965 3.2
      vertex 2.96395 19.9814 4
      vertex 3.94082 19.8119 4
    endloop
  endfacet
  facet normal 0.681623 -0.188605 0.706978
    outer loop
      vertex 19.5946 -4.9082 4
      vertex 19.3302 -5.86375 4
      vertex 20.0957 -6.09598 3.2
    endloop
  endfacet
  facet normal 0.68155 -0.188671 0.707031
    outer loop
      vertex 20.3707 -5.10258 3.2
      vertex 19.5946 -4.9082 4
      vertex 20.0957 -6.09598 3.2
    endloop
  endfacet
  facet normal 0.67154 0.221845 0.706979
    outer loop
      vertex 20.0957 6.09598 3.2
      vertex 19.0192 6.80517 4
      vertex 19.3302 5.86375 4
    endloop
  endfacet
  facet normal -0.4619 0.535507 0.707022
    outer loop
      vertex -13.3223 16.2332 3.2
      vertex -13.5655 14.9672 4
      vertex -12.8147 15.6148 4
    endloop
  endfacet
  facet normal 0.557498 0.435103 0.707023
    outer loop
      vertex 16.2332 13.3223 3.2
      vertex 16.2248 12.0331 4
      vertex 16.8674 12.5097 3.2
    endloop
  endfacet
  facet normal -0.407208 -0.578187 0.707023
    outer loop
      vertex -12.0331 -16.2248 4
      vertex -12.5097 -16.8674 3.2
      vertex -11.667 -17.4609 3.2
    endloop
  endfacet
  facet normal 0.348575 -0.61533 0.707011
    outer loop
      vertex 10.3849 -17.3261 4
      vertex 9.52221 -17.8148 4
      vertex 10.7962 -18.0123 3.2
    endloop
  endfacet
  facet normal -0.0173594 -0.707016 0.706984
    outer loop
      vertex -0.991166 -20.1757 4
      vertex -1.03042 -20.9747 3.2
      vertex 0 -21 3.2
    endloop
  endfacet
  facet normal 0.407213 0.578187 0.70702
    outer loop
      vertex 11.667 17.4609 3.2
      vertex 11.2225 16.7957 4
      vertex 12.0331 16.2248 4
    endloop
  endfacet
  facet normal 0.70191 0.0865912 0.706983
    outer loop
      vertex 20.7727 3.08134 3.2
      vertex 19.9814 2.96395 4
      vertex 20.8989 2.05836 3.2
    endloop
  endfacet
  facet normal 0.705314 0.0520097 0.706984
    outer loop
      vertex 20.8989 2.05836 3.2
      vertex 20.1757 0.991166 4
      vertex 20.9747 1.03042 3.2
    endloop
  endfacet
  facet normal 0.4619 0.535507 0.707022
    outer loop
      vertex 13.3223 16.2332 3.2
      vertex 12.8147 15.6148 4
      vertex 13.5655 14.9672 4
    endloop
  endfacet
  facet normal 0.681623 0.188605 0.706978
    outer loop
      vertex 20.0957 6.09598 3.2
      vertex 19.3302 5.86375 4
      vertex 19.5946 4.9082 4
    endloop
  endfacet
  facet normal 0.659849 -0.254495 0.706987
    outer loop
      vertex 19.7724 -7.07469 3.2
      vertex 19.0192 -6.80517 4
      vertex 19.4015 -8.03635 3.2
    endloop
  endfacet
  facet normal -0.487656 0.512268 0.706946
    outer loop
      vertex -13.5655 14.9672 4
      vertex -14.8492 14.8492 3.2
      vertex -14.2836 14.2836 4
    endloop
  endfacet
  facet normal -0.512268 -0.487656 0.706946
    outer loop
      vertex -14.2836 -14.2836 4
      vertex -14.9672 -13.5655 4
      vertex -14.8492 -14.8492 3.2
    endloop
  endfacet
  facet normal 0.0865912 -0.70191 0.706983
    outer loop
      vertex 2.96395 -19.9814 4
      vertex 2.05836 -20.8989 3.2
      vertex 3.08134 -20.7727 3.2
    endloop
  endfacet
  facet normal -0.188671 0.68155 0.707031
    outer loop
      vertex -5.10258 20.3707 3.2
      vertex -6.09598 20.0957 3.2
      vertex -4.9082 19.5946 4
    endloop
  endfacet
  facet normal -0.646541 0.286594 0.706999
    outer loop
      vertex -18.9838 8.97866 3.2
      vertex -19.4015 8.03635 3.2
      vertex -18.6624 7.7302 4
    endloop
  endfacet
  facet normal 0.188671 -0.68155 0.707031
    outer loop
      vertex 6.09598 -20.0957 3.2
      vertex 4.9082 -19.5946 4
      vertex 5.10258 -20.3707 3.2
    endloop
  endfacet
  facet normal -0.705314 -0.0520097 0.706984
    outer loop
      vertex -20.1757 -0.991166 4
      vertex -20.9747 -1.03042 3.2
      vertex -20.8989 -2.05836 3.2
    endloop
  endfacet
  facet normal 0.696813 -0.120906 0.706989
    outer loop
      vertex 19.9814 -2.96395 4
      vertex 19.8119 -3.94082 4
      vertex 20.5965 -4.0969 3.2
    endloop
  endfacet
  facet normal 0.705314 -0.0520097 0.706984
    outer loop
      vertex 20.9747 -1.03042 3.2
      vertex 20.1757 -0.991166 4
      vertex 20.8989 -2.05836 3.2
    endloop
  endfacet
  facet normal 0.631689 -0.317984 0.707005
    outer loop
      vertex 18.2606 -8.63661 4
      vertex 17.8148 -9.52221 4
      vertex 18.9838 -8.97866 3.2
    endloop
  endfacet
  facet normal -0.286594 -0.646541 0.706999
    outer loop
      vertex -7.7302 -18.6624 4
      vertex -8.97866 -18.9838 3.2
      vertex -8.03635 -19.4015 3.2
    endloop
  endfacet
  facet normal 0.578187 -0.407208 0.707023
    outer loop
      vertex 17.4609 -11.667 3.2
      vertex 16.2248 -12.0331 4
      vertex 16.8674 -12.5097 3.2
    endloop
  endfacet
  facet normal -0.254508 -0.659832 0.706999
    outer loop
      vertex -7.7302 -18.6624 4
      vertex -8.03635 -19.4015 3.2
      vertex -6.80517 -19.0192 4
    endloop
  endfacet
  facet normal 0.120899 -0.69682 0.706983
    outer loop
      vertex 4.0969 -20.5965 3.2
      vertex 2.96395 -19.9814 4
      vertex 3.08134 -20.7727 3.2
    endloop
  endfacet
  facet normal 0.461942 -0.535501 0.707
    outer loop
      vertex 13.5655 -14.9672 4
      vertex 13.3223 -16.2332 3.2
      vertex 14.1027 -15.56 3.2
    endloop
  endfacet
  facet normal -0.557498 0.435103 0.707023
    outer loop
      vertex -16.2332 13.3223 3.2
      vertex -16.8674 12.5097 3.2
      vertex -16.2248 12.0331 4
    endloop
  endfacet
  facet normal -0.535501 0.461942 0.707
    outer loop
      vertex -15.56 14.1027 3.2
      vertex -16.2332 13.3223 3.2
      vertex -14.9672 13.5655 4
    endloop
  endfacet
  facet normal -0.61533 -0.348575 0.707011
    outer loop
      vertex -17.8148 -9.52221 4
      vertex -18.0123 -10.7962 3.2
      vertex -17.3261 -10.3849 4
    endloop
  endfacet
  facet normal 0.701877 0.0865221 0.707024
    outer loop
      vertex 20.8989 2.05836 3.2
      vertex 19.9814 2.96395 4
      vertex 20.1027 1.97995 4
    endloop
  endfacet
  facet normal 0.435103 0.557498 0.707023
    outer loop
      vertex 12.5097 16.8674 3.2
      vertex 12.0331 16.2248 4
      vertex 13.3223 16.2332 3.2
    endloop
  endfacet
  facet normal 0.578187 -0.407213 0.70702
    outer loop
      vertex 16.7957 -11.2225 4
      vertex 16.2248 -12.0331 4
      vertex 17.4609 -11.667 3.2
    endloop
  endfacet
  facet normal -0.69682 -0.120899 0.706983
    outer loop
      vertex -19.9814 -2.96395 4
      vertex -20.7727 -3.08134 3.2
      vertex -20.5965 -4.0969 3.2
    endloop
  endfacet
  facet normal 0.707016 -0.0173594 0.706984
    outer loop
      vertex 21 0 3.2
      vertex 20.1757 -0.991166 4
      vertex 20.9747 -1.03042 3.2
    endloop
  endfacet
  facet normal 0.707001 -0.0173332 0.707001
    outer loop
      vertex 20.2 0 4
      vertex 20.1757 -0.991166 4
      vertex 21 0 3.2
    endloop
  endfacet
  facet normal 0.188605 -0.681623 0.706978
    outer loop
      vertex 5.86375 -19.3302 4
      vertex 4.9082 -19.5946 4
      vertex 6.09598 -20.0957 3.2
    endloop
  endfacet
  facet normal 0.487656 -0.512268 0.706946
    outer loop
      vertex 14.2836 -14.2836 4
      vertex 13.5655 -14.9672 4
      vertex 14.8492 -14.8492 3.2
    endloop
  endfacet
  facet normal 0.512268 -0.487656 0.706946
    outer loop
      vertex 14.9672 -13.5655 4
      vertex 14.2836 -14.2836 4
      vertex 14.8492 -14.8492 3.2
    endloop
  endfacet
  facet normal -0.70527 -0.0520687 0.707024
    outer loop
      vertex -20.1757 -0.991166 4
      vertex -20.8989 -2.05836 3.2
      vertex -20.1027 -1.97995 4
    endloop
  endfacet
  facet normal 0.597491 0.378338 0.707011
    outer loop
      vertex 17.4609 11.667 3.2
      vertex 17.3261 10.3849 4
      vertex 18.0123 10.7962 3.2
    endloop
  endfacet
  facet normal -0.68155 -0.188671 0.707031
    outer loop
      vertex -19.5946 -4.9082 4
      vertex -20.3707 -5.10258 3.2
      vertex -20.0957 -6.09598 3.2
    endloop
  endfacet
  facet normal 0.120906 -0.696813 0.706989
    outer loop
      vertex 3.94082 -19.8119 4
      vertex 2.96395 -19.9814 4
      vertex 4.0969 -20.5965 3.2
    endloop
  endfacet
  facet normal -0.2866 0.646533 0.707005
    outer loop
      vertex -7.7302 18.6624 4
      vertex -8.97866 18.9838 3.2
      vertex -8.63661 18.2606 4
    endloop
  endfacet
  facet normal 0.557498 -0.435103 0.707023
    outer loop
      vertex 16.8674 -12.5097 3.2
      vertex 16.2248 -12.0331 4
      vertex 16.2332 -13.3223 3.2
    endloop
  endfacet
  facet normal -0.696813 -0.120906 0.706989
    outer loop
      vertex -19.9814 -2.96395 4
      vertex -20.5965 -4.0969 3.2
      vertex -19.8119 -3.94082 4
    endloop
  endfacet
  facet normal -0.435102 -0.557501 0.707021
    outer loop
      vertex -12.8147 -15.6148 4
      vertex -13.3223 -16.2332 3.2
      vertex -12.0331 -16.2248 4
    endloop
  endfacet
  facet normal 0.615369 -0.348554 0.706987
    outer loop
      vertex 18.5203 -9.89933 3.2
      vertex 17.8148 -9.52221 4
      vertex 18.0123 -10.7962 3.2
    endloop
  endfacet
  facet normal 0.0173332 0.707001 0.707001
    outer loop
      vertex 0 21 3.2
      vertex 0 20.2 4
      vertex 0.991166 20.1757 4
    endloop
  endfacet
  facet normal -0.557501 -0.435102 0.707021
    outer loop
      vertex -16.2248 -12.0331 4
      vertex -16.2332 -13.3223 3.2
      vertex -15.6148 -12.8147 4
    endloop
  endfacet
  facet normal -0.690003 -0.154923 0.707032
    outer loop
      vertex -19.5946 -4.9082 4
      vertex -20.5965 -4.0969 3.2
      vertex -20.3707 -5.10258 3.2
    endloop
  endfacet
  facet normal -0.254508 0.659832 0.706999
    outer loop
      vertex -6.80517 19.0192 4
      vertex -8.03635 19.4015 3.2
      vertex -7.7302 18.6624 4
    endloop
  endfacet
  facet normal 0.407213 -0.578187 0.70702
    outer loop
      vertex 12.0331 -16.2248 4
      vertex 11.2225 -16.7957 4
      vertex 11.667 -17.4609 3.2
    endloop
  endfacet
  facet normal 0.696813 0.120906 0.706989
    outer loop
      vertex 20.5965 4.0969 3.2
      vertex 19.8119 3.94082 4
      vertex 19.9814 2.96395 4
    endloop
  endfacet
  facet normal 0.0173594 0.707016 0.706984
    outer loop
      vertex 1.03042 20.9747 3.2
      vertex 0 21 3.2
      vertex 0.991166 20.1757 4
    endloop
  endfacet
  facet normal 0.0173594 -0.707016 0.706984
    outer loop
      vertex 0.991166 -20.1757 4
      vertex 0 -21 3.2
      vertex 1.03042 -20.9747 3.2
    endloop
  endfacet
  facet normal 0.0520097 -0.705314 0.706984
    outer loop
      vertex 2.05836 -20.8989 3.2
      vertex 0.991166 -20.1757 4
      vertex 1.03042 -20.9747 3.2
    endloop
  endfacet
  facet normal -0.0520097 -0.705314 0.706984
    outer loop
      vertex -0.991166 -20.1757 4
      vertex -2.05836 -20.8989 3.2
      vertex -1.03042 -20.9747 3.2
    endloop
  endfacet
  facet normal -0.631689 -0.317984 0.707005
    outer loop
      vertex -18.2606 -8.63661 4
      vertex -18.9838 -8.97866 3.2
      vertex -17.8148 -9.52221 4
    endloop
  endfacet
  facet normal -0.61533 0.348575 0.707011
    outer loop
      vertex -17.3261 10.3849 4
      vertex -18.0123 10.7962 3.2
      vertex -17.8148 9.52221 4
    endloop
  endfacet
  facet normal -0.0173594 0.707016 0.706984
    outer loop
      vertex 0 21 3.2
      vertex -1.03042 20.9747 3.2
      vertex -0.991166 20.1757 4
    endloop
  endfacet
  facet normal 0.646533 -0.2866 0.707005
    outer loop
      vertex 18.6624 -7.7302 4
      vertex 18.2606 -8.63661 4
      vertex 18.9838 -8.97866 3.2
    endloop
  endfacet
  facet normal -0.631692 -0.318018 0.706987
    outer loop
      vertex -17.8148 -9.52221 4
      vertex -18.9838 -8.97866 3.2
      vertex -18.5203 -9.89933 3.2
    endloop
  endfacet
  facet normal 0.61533 -0.348575 0.707011
    outer loop
      vertex 17.8148 -9.52221 4
      vertex 17.3261 -10.3849 4
      vertex 18.0123 -10.7962 3.2
    endloop
  endfacet
  facet normal -0.70191 0.0865912 0.706983
    outer loop
      vertex -20.7727 3.08134 3.2
      vertex -20.8989 2.05836 3.2
      vertex -19.9814 2.96395 4
    endloop
  endfacet
  facet normal -0.0173332 0.707001 0.707001
    outer loop
      vertex 0 21 3.2
      vertex -0.991166 20.1757 4
      vertex 0 20.2 4
    endloop
  endfacet
  facet normal 0.4619 -0.535507 0.707022
    outer loop
      vertex 13.5655 -14.9672 4
      vertex 12.8147 -15.6148 4
      vertex 13.3223 -16.2332 3.2
    endloop
  endfacet
  facet normal 0.435103 -0.557498 0.707023
    outer loop
      vertex 13.3223 -16.2332 3.2
      vertex 12.0331 -16.2248 4
      vertex 12.5097 -16.8674 3.2
    endloop
  endfacet
  facet normal -0.378338 0.597491 0.707011
    outer loop
      vertex -10.7962 18.0123 3.2
      vertex -11.667 17.4609 3.2
      vertex -10.3849 17.3261 4
    endloop
  endfacet
  facet normal -0.188605 -0.681623 0.706978
    outer loop
      vertex -5.86375 -19.3302 4
      vertex -6.09598 -20.0957 3.2
      vertex -4.9082 -19.5946 4
    endloop
  endfacet
  facet normal -0.578187 -0.407208 0.707023
    outer loop
      vertex -16.2248 -12.0331 4
      vertex -17.4609 -11.667 3.2
      vertex -16.8674 -12.5097 3.2
    endloop
  endfacet
  facet normal -0.701877 -0.0865221 0.707024
    outer loop
      vertex -20.1027 -1.97995 4
      vertex -20.8989 -2.05836 3.2
      vertex -19.9814 -2.96395 4
    endloop
  endfacet
  facet normal 0.659849 0.254495 0.706987
    outer loop
      vertex 19.4015 8.03635 3.2
      vertex 19.0192 6.80517 4
      vertex 19.7724 7.07469 3.2
    endloop
  endfacet
  facet normal -0.435103 -0.557498 0.707023
    outer loop
      vertex -12.0331 -16.2248 4
      vertex -13.3223 -16.2332 3.2
      vertex -12.5097 -16.8674 3.2
    endloop
  endfacet
  facet normal -0.707001 0.0173332 0.707001
    outer loop
      vertex -20.1757 0.991166 4
      vertex -21 0 3.2
      vertex -20.2 0 4
    endloop
  endfacet
  facet normal -0.512268 0.487656 0.706946
    outer loop
      vertex -14.8492 14.8492 3.2
      vertex -14.9672 13.5655 4
      vertex -14.2836 14.2836 4
    endloop
  endfacet
  facet normal -0.512174 0.48768 0.706998
    outer loop
      vertex -14.8492 14.8492 3.2
      vertex -15.56 14.1027 3.2
      vertex -14.9672 13.5655 4
    endloop
  endfacet
  facet normal 0.188605 0.681623 0.706978
    outer loop
      vertex 6.09598 20.0957 3.2
      vertex 4.9082 19.5946 4
      vertex 5.86375 19.3302 4
    endloop
  endfacet
  facet normal 0.701877 -0.0865221 0.707024
    outer loop
      vertex 20.1027 -1.97995 4
      vertex 19.9814 -2.96395 4
      vertex 20.8989 -2.05836 3.2
    endloop
  endfacet
  facet normal -0.407208 0.578187 0.707023
    outer loop
      vertex -11.667 17.4609 3.2
      vertex -12.5097 16.8674 3.2
      vertex -12.0331 16.2248 4
    endloop
  endfacet
  facet normal 0.254508 -0.659832 0.706999
    outer loop
      vertex 7.7302 -18.6624 4
      vertex 6.80517 -19.0192 4
      vertex 8.03635 -19.4015 3.2
    endloop
  endfacet
  facet normal 0.690003 -0.154923 0.707032
    outer loop
      vertex 20.5965 -4.0969 3.2
      vertex 19.5946 -4.9082 4
      vertex 20.3707 -5.10258 3.2
    endloop
  endfacet
  facet normal 0.646541 0.286594 0.706999
    outer loop
      vertex 18.9838 8.97866 3.2
      vertex 18.6624 7.7302 4
      vertex 19.4015 8.03635 3.2
    endloop
  endfacet
  facet normal -0.221845 -0.67154 0.706979
    outer loop
      vertex -5.86375 -19.3302 4
      vertex -6.80517 -19.0192 4
      vertex -6.09598 -20.0957 3.2
    endloop
  endfacet
  facet normal -0.70527 0.0520687 0.707024
    outer loop
      vertex -20.1027 1.97995 4
      vertex -20.8989 2.05836 3.2
      vertex -20.1757 0.991166 4
    endloop
  endfacet
  facet normal 0.318018 -0.631692 0.706987
    outer loop
      vertex 9.52221 -17.8148 4
      vertex 8.97866 -18.9838 3.2
      vertex 9.89933 -18.5203 3.2
    endloop
  endfacet
  facet normal 0.68155 0.188671 0.707031
    outer loop
      vertex 20.0957 6.09598 3.2
      vertex 19.5946 4.9082 4
      vertex 20.3707 5.10258 3.2
    endloop
  endfacet
  facet normal -0.646533 -0.2866 0.707005
    outer loop
      vertex -18.6624 -7.7302 4
      vertex -18.9838 -8.97866 3.2
      vertex -18.2606 -8.63661 4
    endloop
  endfacet
  facet normal 0.512174 -0.48768 0.706998
    outer loop
      vertex 14.9672 -13.5655 4
      vertex 14.8492 -14.8492 3.2
      vertex 15.56 -14.1027 3.2
    endloop
  endfacet
  facet normal 0.2866 -0.646533 0.707005
    outer loop
      vertex 8.63661 -18.2606 4
      vertex 7.7302 -18.6624 4
      vertex 8.97866 -18.9838 3.2
    endloop
  endfacet
  facet normal 0.535501 0.461942 0.707
    outer loop
      vertex 15.56 14.1027 3.2
      vertex 14.9672 13.5655 4
      vertex 16.2332 13.3223 3.2
    endloop
  endfacet
  facet normal 0.0865912 0.70191 0.706983
    outer loop
      vertex 3.08134 20.7727 3.2
      vertex 2.05836 20.8989 3.2
      vertex 2.96395 19.9814 4
    endloop
  endfacet
  facet normal -0.0520687 -0.70527 0.707024
    outer loop
      vertex -1.97995 -20.1027 4
      vertex -2.05836 -20.8989 3.2
      vertex -0.991166 -20.1757 4
    endloop
  endfacet
  facet normal -0.0865221 -0.701877 0.707024
    outer loop
      vertex -1.97995 -20.1027 4
      vertex -2.96395 -19.9814 4
      vertex -2.05836 -20.8989 3.2
    endloop
  endfacet
  facet normal -0.535501 -0.461942 0.707
    outer loop
      vertex -14.9672 -13.5655 4
      vertex -16.2332 -13.3223 3.2
      vertex -15.56 -14.1027 3.2
    endloop
  endfacet
  facet normal -0.221831 -0.671537 0.706986
    outer loop
      vertex -6.80517 -19.0192 4
      vertex -7.07469 -19.7724 3.2
      vertex -6.09598 -20.0957 3.2
    endloop
  endfacet
  facet normal -0.696813 0.120906 0.706989
    outer loop
      vertex -19.8119 3.94082 4
      vertex -20.5965 4.0969 3.2
      vertex -19.9814 2.96395 4
    endloop
  endfacet
  facet normal 0.690031 -0.155 0.706988
    outer loop
      vertex 19.8119 -3.94082 4
      vertex 19.5946 -4.9082 4
      vertex 20.5965 -4.0969 3.2
    endloop
  endfacet
  facet normal 0.646541 -0.286594 0.706999
    outer loop
      vertex 19.4015 -8.03635 3.2
      vertex 18.6624 -7.7302 4
      vertex 18.9838 -8.97866 3.2
    endloop
  endfacet
  facet normal -0.535507 0.4619 0.707022
    outer loop
      vertex -14.9672 13.5655 4
      vertex -16.2332 13.3223 3.2
      vertex -15.6148 12.8147 4
    endloop
  endfacet
  facet normal 0.317984 -0.631689 0.707005
    outer loop
      vertex 9.52221 -17.8148 4
      vertex 8.63661 -18.2606 4
      vertex 8.97866 -18.9838 3.2
    endloop
  endfacet
  facet normal 0.70527 -0.0520687 0.707024
    outer loop
      vertex 20.1757 -0.991166 4
      vertex 20.1027 -1.97995 4
      vertex 20.8989 -2.05836 3.2
    endloop
  endfacet
  facet normal -0.254495 -0.659849 0.706987
    outer loop
      vertex -6.80517 -19.0192 4
      vertex -8.03635 -19.4015 3.2
      vertex -7.07469 -19.7724 3.2
    endloop
  endfacet
  facet normal 0.646533 0.2866 0.707005
    outer loop
      vertex 18.9838 8.97866 3.2
      vertex 18.2606 8.63661 4
      vertex 18.6624 7.7302 4
    endloop
  endfacet
  facet normal 0.631692 0.318018 0.706987
    outer loop
      vertex 18.5203 9.89933 3.2
      vertex 17.8148 9.52221 4
      vertex 18.9838 8.97866 3.2
    endloop
  endfacet
  facet normal 0.512174 0.48768 0.706998
    outer loop
      vertex 15.56 14.1027 3.2
      vertex 14.8492 14.8492 3.2
      vertex 14.9672 13.5655 4
    endloop
  endfacet
  facet normal -0.348575 0.61533 0.707011
    outer loop
      vertex -9.52221 17.8148 4
      vertex -10.7962 18.0123 3.2
      vertex -10.3849 17.3261 4
    endloop
  endfacet
  facet normal -0.154923 0.690003 0.707032
    outer loop
      vertex -4.0969 20.5965 3.2
      vertex -5.10258 20.3707 3.2
      vertex -4.9082 19.5946 4
    endloop
  endfacet
  facet normal -0.2866 -0.646533 0.707005
    outer loop
      vertex -8.63661 -18.2606 4
      vertex -8.97866 -18.9838 3.2
      vertex -7.7302 -18.6624 4
    endloop
  endfacet
  facet normal -0.348554 0.615369 0.706987
    outer loop
      vertex -9.89933 18.5203 3.2
      vertex -10.7962 18.0123 3.2
      vertex -9.52221 17.8148 4
    endloop
  endfacet
  facet normal 0.48768 -0.512174 0.706998
    outer loop
      vertex 14.8492 -14.8492 3.2
      vertex 13.5655 -14.9672 4
      vertex 14.1027 -15.56 3.2
    endloop
  endfacet
  facet normal -0.0865221 0.701877 0.707024
    outer loop
      vertex -2.05836 20.8989 3.2
      vertex -2.96395 19.9814 4
      vertex -1.97995 20.1027 4
    endloop
  endfacet
  facet normal -0.659832 0.254508 0.706999
    outer loop
      vertex -18.6624 7.7302 4
      vertex -19.4015 8.03635 3.2
      vertex -19.0192 6.80517 4
    endloop
  endfacet
  facet normal 0.597491 -0.378338 0.707011
    outer loop
      vertex 18.0123 -10.7962 3.2
      vertex 17.3261 -10.3849 4
      vertex 17.4609 -11.667 3.2
    endloop
  endfacet
  facet normal -0.69682 0.120899 0.706983
    outer loop
      vertex -20.5965 4.0969 3.2
      vertex -20.7727 3.08134 3.2
      vertex -19.9814 2.96395 4
    endloop
  endfacet
  facet normal 0.0520687 0.70527 0.707024
    outer loop
      vertex 2.05836 20.8989 3.2
      vertex 0.991166 20.1757 4
      vertex 1.97995 20.1027 4
    endloop
  endfacet
  facet normal -0.597477 0.378345 0.70702
    outer loop
      vertex -16.7957 11.2225 4
      vertex -17.4609 11.667 3.2
      vertex -17.3261 10.3849 4
    endloop
  endfacet
  facet normal -0.48768 -0.512174 0.706998
    outer loop
      vertex -13.5655 -14.9672 4
      vertex -14.8492 -14.8492 3.2
      vertex -14.1027 -15.56 3.2
    endloop
  endfacet
  facet normal 0.435102 0.557501 0.707021
    outer loop
      vertex 13.3223 16.2332 3.2
      vertex 12.0331 16.2248 4
      vertex 12.8147 15.6148 4
    endloop
  endfacet
  facet normal -0.120906 0.696813 0.706989
    outer loop
      vertex -2.96395 19.9814 4
      vertex -4.0969 20.5965 3.2
      vertex -3.94082 19.8119 4
    endloop
  endfacet
  facet normal -0.701877 0.0865221 0.707024
    outer loop
      vertex -19.9814 2.96395 4
      vertex -20.8989 2.05836 3.2
      vertex -20.1027 1.97995 4
    endloop
  endfacet
  facet normal 0.557501 0.435102 0.707021
    outer loop
      vertex 16.2332 13.3223 3.2
      vertex 15.6148 12.8147 4
      vertex 16.2248 12.0331 4
    endloop
  endfacet
  facet normal 0.578187 0.407208 0.707023
    outer loop
      vertex 16.8674 12.5097 3.2
      vertex 16.2248 12.0331 4
      vertex 17.4609 11.667 3.2
    endloop
  endfacet
  facet normal -0.557498 -0.435103 0.707023
    outer loop
      vertex -16.2248 -12.0331 4
      vertex -16.8674 -12.5097 3.2
      vertex -16.2332 -13.3223 3.2
    endloop
  endfacet
  facet normal -0.646533 0.2866 0.707005
    outer loop
      vertex -18.2606 8.63661 4
      vertex -18.9838 8.97866 3.2
      vertex -18.6624 7.7302 4
    endloop
  endfacet
  facet normal -0.707016 0.0173594 0.706984
    outer loop
      vertex -20.9747 1.03042 3.2
      vertex -21 0 3.2
      vertex -20.1757 0.991166 4
    endloop
  endfacet
  facet normal 0.407208 0.578187 0.707023
    outer loop
      vertex 12.5097 16.8674 3.2
      vertex 11.667 17.4609 3.2
      vertex 12.0331 16.2248 4
    endloop
  endfacet
  facet normal -0.221831 0.671537 0.706986
    outer loop
      vertex -6.09598 20.0957 3.2
      vertex -7.07469 19.7724 3.2
      vertex -6.80517 19.0192 4
    endloop
  endfacet
  facet normal -0.120899 -0.69682 0.706983
    outer loop
      vertex -2.96395 -19.9814 4
      vertex -4.0969 -20.5965 3.2
      vertex -3.08134 -20.7727 3.2
    endloop
  endfacet
  facet normal -0.0865912 -0.70191 0.706983
    outer loop
      vertex -2.96395 -19.9814 4
      vertex -3.08134 -20.7727 3.2
      vertex -2.05836 -20.8989 3.2
    endloop
  endfacet
  facet normal -0.659832 -0.254508 0.706999
    outer loop
      vertex -19.0192 -6.80517 4
      vertex -19.4015 -8.03635 3.2
      vertex -18.6624 -7.7302 4
    endloop
  endfacet
  facet normal -0.67154 -0.221845 0.706979
    outer loop
      vertex -19.3302 -5.86375 4
      vertex -20.0957 -6.09598 3.2
      vertex -19.0192 -6.80517 4
    endloop
  endfacet
  facet normal -0.597491 -0.378338 0.707011
    outer loop
      vertex -17.3261 -10.3849 4
      vertex -18.0123 -10.7962 3.2
      vertex -17.4609 -11.667 3.2
    endloop
  endfacet
  facet normal -0.659849 0.254495 0.706987
    outer loop
      vertex -19.4015 8.03635 3.2
      vertex -19.7724 7.07469 3.2
      vertex -19.0192 6.80517 4
    endloop
  endfacet
  facet normal -0.671537 0.221831 0.706986
    outer loop
      vertex -19.7724 7.07469 3.2
      vertex -20.0957 6.09598 3.2
      vertex -19.0192 6.80517 4
    endloop
  endfacet
  facet normal 0.597477 -0.378345 0.70702
    outer loop
      vertex 17.3261 -10.3849 4
      vertex 16.7957 -11.2225 4
      vertex 17.4609 -11.667 3.2
    endloop
  endfacet
  facet normal -0.0173332 -0.707001 0.707001
    outer loop
      vertex 0 -20.2 4
      vertex -0.991166 -20.1757 4
      vertex 0 -21 3.2
    endloop
  endfacet
  facet normal -0.659849 -0.254495 0.706987
    outer loop
      vertex -19.0192 -6.80517 4
      vertex -19.7724 -7.07469 3.2
      vertex -19.4015 -8.03635 3.2
    endloop
  endfacet
  facet normal -0.535507 -0.4619 0.707022
    outer loop
      vertex -15.6148 -12.8147 4
      vertex -16.2332 -13.3223 3.2
      vertex -14.9672 -13.5655 4
    endloop
  endfacet
  facet normal 0.378345 0.597477 0.70702
    outer loop
      vertex 11.667 17.4609 3.2
      vertex 10.3849 17.3261 4
      vertex 11.2225 16.7957 4
    endloop
  endfacet
  facet normal -0.120906 -0.696813 0.706989
    outer loop
      vertex -3.94082 -19.8119 4
      vertex -4.0969 -20.5965 3.2
      vertex -2.96395 -19.9814 4
    endloop
  endfacet
  facet normal 0.378338 -0.597491 0.707011
    outer loop
      vertex 11.667 -17.4609 3.2
      vertex 10.3849 -17.3261 4
      vertex 10.7962 -18.0123 3.2
    endloop
  endfacet
  facet normal -0.557501 0.435102 0.707021
    outer loop
      vertex -15.6148 12.8147 4
      vertex -16.2332 13.3223 3.2
      vertex -16.2248 12.0331 4
    endloop
  endfacet
  facet normal 0.221845 -0.67154 0.706979
    outer loop
      vertex 6.80517 -19.0192 4
      vertex 5.86375 -19.3302 4
      vertex 6.09598 -20.0957 3.2
    endloop
  endfacet
  facet normal -0.0865912 0.70191 0.706983
    outer loop
      vertex -2.05836 20.8989 3.2
      vertex -3.08134 20.7727 3.2
      vertex -2.96395 19.9814 4
    endloop
  endfacet
  facet normal 0.254495 0.659849 0.706987
    outer loop
      vertex 7.07469 19.7724 3.2
      vertex 6.80517 19.0192 4
      vertex 8.03635 19.4015 3.2
    endloop
  endfacet
  facet normal -0.378338 -0.597491 0.707011
    outer loop
      vertex -10.3849 -17.3261 4
      vertex -11.667 -17.4609 3.2
      vertex -10.7962 -18.0123 3.2
    endloop
  endfacet
  facet normal 0.286594 0.646541 0.706999
    outer loop
      vertex 8.03635 19.4015 3.2
      vertex 7.7302 18.6624 4
      vertex 8.97866 18.9838 3.2
    endloop
  endfacet
  facet normal -0.578187 -0.407213 0.70702
    outer loop
      vertex -16.7957 -11.2225 4
      vertex -17.4609 -11.667 3.2
      vertex -16.2248 -12.0331 4
    endloop
  endfacet
  facet normal -0.597477 -0.378345 0.70702
    outer loop
      vertex -17.3261 -10.3849 4
      vertex -17.4609 -11.667 3.2
      vertex -16.7957 -11.2225 4
    endloop
  endfacet
  facet normal 0.154923 0.690003 0.707032
    outer loop
      vertex 5.10258 20.3707 3.2
      vertex 4.0969 20.5965 3.2
      vertex 4.9082 19.5946 4
    endloop
  endfacet
  facet normal 0.348575 0.61533 0.707011
    outer loop
      vertex 10.7962 18.0123 3.2
      vertex 9.52221 17.8148 4
      vertex 10.3849 17.3261 4
    endloop
  endfacet
  facet normal 0.659832 0.254508 0.706999
    outer loop
      vertex 19.4015 8.03635 3.2
      vertex 18.6624 7.7302 4
      vertex 19.0192 6.80517 4
    endloop
  endfacet
  facet normal -0.286594 0.646541 0.706999
    outer loop
      vertex -8.03635 19.4015 3.2
      vertex -8.97866 18.9838 3.2
      vertex -7.7302 18.6624 4
    endloop
  endfacet
  facet normal -0.318018 0.631692 0.706987
    outer loop
      vertex -8.97866 18.9838 3.2
      vertex -9.89933 18.5203 3.2
      vertex -9.52221 17.8148 4
    endloop
  endfacet
  facet normal 0.557501 -0.435102 0.707021
    outer loop
      vertex 16.2248 -12.0331 4
      vertex 15.6148 -12.8147 4
      vertex 16.2332 -13.3223 3.2
    endloop
  endfacet
  facet normal -0.435102 0.557501 0.707021
    outer loop
      vertex -12.0331 16.2248 4
      vertex -13.3223 16.2332 3.2
      vertex -12.8147 15.6148 4
    endloop
  endfacet
  facet normal 0.671537 0.221831 0.706986
    outer loop
      vertex 19.7724 7.07469 3.2
      vertex 19.0192 6.80517 4
      vertex 20.0957 6.09598 3.2
    endloop
  endfacet
  facet normal 0.254495 -0.659849 0.706987
    outer loop
      vertex 8.03635 -19.4015 3.2
      vertex 6.80517 -19.0192 4
      vertex 7.07469 -19.7724 3.2
    endloop
  endfacet
  facet normal 0.221831 -0.671537 0.706986
    outer loop
      vertex 6.80517 -19.0192 4
      vertex 6.09598 -20.0957 3.2
      vertex 7.07469 -19.7724 3.2
    endloop
  endfacet
  facet normal -0.615369 -0.348554 0.706987
    outer loop
      vertex -17.8148 -9.52221 4
      vertex -18.5203 -9.89933 3.2
      vertex -18.0123 -10.7962 3.2
    endloop
  endfacet
  facet normal 0.221831 0.671537 0.706986
    outer loop
      vertex 7.07469 19.7724 3.2
      vertex 6.09598 20.0957 3.2
      vertex 6.80517 19.0192 4
    endloop
  endfacet
  facet normal 0.512268 0.487656 0.706946
    outer loop
      vertex 14.8492 14.8492 3.2
      vertex 14.2836 14.2836 4
      vertex 14.9672 13.5655 4
    endloop
  endfacet
  facet normal -0.188605 0.681623 0.706978
    outer loop
      vertex -4.9082 19.5946 4
      vertex -6.09598 20.0957 3.2
      vertex -5.86375 19.3302 4
    endloop
  endfacet
  facet normal -0.221845 0.67154 0.706979
    outer loop
      vertex -6.09598 20.0957 3.2
      vertex -6.80517 19.0192 4
      vertex -5.86375 19.3302 4
    endloop
  endfacet
  facet normal -0.631692 0.318018 0.706987
    outer loop
      vertex -18.5203 9.89933 3.2
      vertex -18.9838 8.97866 3.2
      vertex -17.8148 9.52221 4
    endloop
  endfacet
  facet normal -0.461942 0.535501 0.707
    outer loop
      vertex -13.3223 16.2332 3.2
      vertex -14.1027 15.56 3.2
      vertex -13.5655 14.9672 4
    endloop
  endfacet
  facet normal -0.378345 0.597477 0.70702
    outer loop
      vertex -10.3849 17.3261 4
      vertex -11.667 17.4609 3.2
      vertex -11.2225 16.7957 4
    endloop
  endfacet
  facet normal 0.0865221 0.701877 0.707024
    outer loop
      vertex 2.05836 20.8989 3.2
      vertex 1.97995 20.1027 4
      vertex 2.96395 19.9814 4
    endloop
  endfacet
  facet normal 0.615369 0.348554 0.706987
    outer loop
      vertex 18.0123 10.7962 3.2
      vertex 17.8148 9.52221 4
      vertex 18.5203 9.89933 3.2
    endloop
  endfacet
  facet normal -0.407213 0.578187 0.70702
    outer loop
      vertex -11.667 17.4609 3.2
      vertex -12.0331 16.2248 4
      vertex -11.2225 16.7957 4
    endloop
  endfacet
  facet normal -0.681623 0.188605 0.706978
    outer loop
      vertex -19.3302 5.86375 4
      vertex -20.0957 6.09598 3.2
      vertex -19.5946 4.9082 4
    endloop
  endfacet
  facet normal 0.535507 0.4619 0.707022
    outer loop
      vertex 16.2332 13.3223 3.2
      vertex 14.9672 13.5655 4
      vertex 15.6148 12.8147 4
    endloop
  endfacet
  facet normal 0.378345 -0.597477 0.70702
    outer loop
      vertex 11.2225 -16.7957 4
      vertex 10.3849 -17.3261 4
      vertex 11.667 -17.4609 3.2
    endloop
  endfacet
  facet normal 0.578187 0.407213 0.70702
    outer loop
      vertex 17.4609 11.667 3.2
      vertex 16.2248 12.0331 4
      vertex 16.7957 11.2225 4
    endloop
  endfacet
  facet normal 0.597477 0.378345 0.70702
    outer loop
      vertex 17.4609 11.667 3.2
      vertex 16.7957 11.2225 4
      vertex 17.3261 10.3849 4
    endloop
  endfacet
  facet normal -0.348554 -0.615369 0.706987
    outer loop
      vertex -9.52221 -17.8148 4
      vertex -10.7962 -18.0123 3.2
      vertex -9.89933 -18.5203 3.2
    endloop
  endfacet
  facet normal -0.615369 0.348554 0.706987
    outer loop
      vertex -18.0123 10.7962 3.2
      vertex -18.5203 9.89933 3.2
      vertex -17.8148 9.52221 4
    endloop
  endfacet
  facet normal -0.0520687 0.70527 0.707024
    outer loop
      vertex -0.991166 20.1757 4
      vertex -2.05836 20.8989 3.2
      vertex -1.97995 20.1027 4
    endloop
  endfacet
  facet normal -0.155 -0.690031 0.706988
    outer loop
      vertex -3.94082 -19.8119 4
      vertex -4.9082 -19.5946 4
      vertex -4.0969 -20.5965 3.2
    endloop
  endfacet
  facet normal -0.690003 0.154923 0.707032
    outer loop
      vertex -20.3707 5.10258 3.2
      vertex -20.5965 4.0969 3.2
      vertex -19.5946 4.9082 4
    endloop
  endfacet
  facet normal -0.68155 0.188671 0.707031
    outer loop
      vertex -20.0957 6.09598 3.2
      vertex -20.3707 5.10258 3.2
      vertex -19.5946 4.9082 4
    endloop
  endfacet
  facet normal -0.318018 -0.631692 0.706987
    outer loop
      vertex -9.52221 -17.8148 4
      vertex -9.89933 -18.5203 3.2
      vertex -8.97866 -18.9838 3.2
    endloop
  endfacet
  facet normal -0.407213 -0.578187 0.70702
    outer loop
      vertex -11.2225 -16.7957 4
      vertex -12.0331 -16.2248 4
      vertex -11.667 -17.4609 3.2
    endloop
  endfacet
  facet normal -0.378345 -0.597477 0.70702
    outer loop
      vertex -11.2225 -16.7957 4
      vertex -11.667 -17.4609 3.2
      vertex -10.3849 -17.3261 4
    endloop
  endfacet
  facet normal -0.690031 0.155 0.706988
    outer loop
      vertex -19.5946 4.9082 4
      vertex -20.5965 4.0969 3.2
      vertex -19.8119 3.94082 4
    endloop
  endfacet
  facet normal -0.461942 -0.535501 0.707
    outer loop
      vertex -13.5655 -14.9672 4
      vertex -14.1027 -15.56 3.2
      vertex -13.3223 -16.2332 3.2
    endloop
  endfacet
  facet normal -0.578187 0.407213 0.70702
    outer loop
      vertex -16.2248 12.0331 4
      vertex -17.4609 11.667 3.2
      vertex -16.7957 11.2225 4
    endloop
  endfacet
  facet normal -0.631689 0.317984 0.707005
    outer loop
      vertex -17.8148 9.52221 4
      vertex -18.9838 8.97866 3.2
      vertex -18.2606 8.63661 4
    endloop
  endfacet
  facet normal -0.317984 0.631689 0.707005
    outer loop
      vertex -8.97866 18.9838 3.2
      vertex -9.52221 17.8148 4
      vertex -8.63661 18.2606 4
    endloop
  endfacet
  facet normal 0.317984 0.631689 0.707005
    outer loop
      vertex 8.97866 18.9838 3.2
      vertex 8.63661 18.2606 4
      vertex 9.52221 17.8148 4
    endloop
  endfacet
  facet normal -0.578187 0.407208 0.707023
    outer loop
      vertex -16.8674 12.5097 3.2
      vertex -17.4609 11.667 3.2
      vertex -16.2248 12.0331 4
    endloop
  endfacet
  facet normal 0 0 1
    outer loop
      vertex 15.6 0 4
      vertex 20.2 0 4
      vertex 20.1757 0.991166 4
    endloop
  endfacet
  facet normal 0 0 1
    outer loop
      vertex 15.5812 0.765455 4
      vertex 20.1757 0.991166 4
      vertex 20.1027 1.97995 4
    endloop
  endfacet
  facet normal 0 0 1
    outer loop
      vertex 20.2 0 4
      vertex 15.6 0 4
      vertex 20.1757 -0.991166 4
    endloop
  endfacet
  facet normal 0 0 1
    outer loop
      vertex 15.5249 1.52907 4
      vertex 20.1027 1.97995 4
      vertex 19.9814 2.96395 4
    endloop
  endfacet
  facet normal -0 0 1
    outer loop
      vertex 15.5812 -0.765455 4
      vertex 20.1757 -0.991166 4
      vertex 15.6 0 4
    endloop
  endfacet
  facet normal 0 0 1
    outer loop
      vertex 15.4312 2.28899 4
      vertex 19.9814 2.96395 4
      vertex 19.8119 3.94082 4
    endloop
  endfacet
  facet normal 0 0 1
    outer loop
      vertex 20.1757 -0.991166 4
      vertex 15.5812 -0.765455 4
      vertex 20.1027 -1.97995 4
    endloop
  endfacet
  facet normal 0 0 1
    outer loop
      vertex 15.3003 3.04341 4
      vertex 19.8119 3.94082 4
      vertex 19.5946 4.9082 4
    endloop
  endfacet
  facet normal -0 0 1
    outer loop
      vertex 15.5249 -1.52907 4
      vertex 20.1027 -1.97995 4
      vertex 15.5812 -0.765455 4
    endloop
  endfacet
  facet normal 0 0 1
    outer loop
      vertex 15.1325 3.79049 4
      vertex 19.5946 4.9082 4
      vertex 19.3302 5.86375 4
    endloop
  endfacet
  facet normal 0 0 1
    outer loop
      vertex 20.1027 -1.97995 4
      vertex 15.5249 -1.52907 4
      vertex 19.9814 -2.96395 4
    endloop
  endfacet
  facet normal 0 0 1
    outer loop
      vertex 14.9283 4.52844 4
      vertex 19.3302 5.86375 4
      vertex 19.0192 6.80517 4
    endloop
  endfacet
  facet normal -0 0 1
    outer loop
      vertex 15.4312 -2.28899 4
      vertex 19.9814 -2.96395 4
      vertex 15.5249 -1.52907 4
    endloop
  endfacet
  facet normal 0 0 1
    outer loop
      vertex 14.6881 5.25548 4
      vertex 19.0192 6.80517 4
      vertex 18.6624 7.7302 4
    endloop
  endfacet
  facet normal 0 0 1
    outer loop
      vertex 19.9814 -2.96395 4
      vertex 15.4312 -2.28899 4
      vertex 19.8119 -3.94082 4
    endloop
  endfacet
  facet normal 0 0 1
    outer loop
      vertex 14.4125 5.96986 4
      vertex 18.6624 7.7302 4
      vertex 18.2606 8.63661 4
    endloop
  endfacet
  facet normal -0 0 1
    outer loop
      vertex 15.3003 -3.04341 4
      vertex 19.8119 -3.94082 4
      vertex 15.4312 -2.28899 4
    endloop
  endfacet
  facet normal 0 0 1
    outer loop
      vertex 14.1022 6.66986 4
      vertex 18.2606 8.63661 4
      vertex 17.8148 9.52221 4
    endloop
  endfacet
  facet normal 0 0 1
    outer loop
      vertex 19.8119 -3.94082 4
      vertex 15.3003 -3.04341 4
      vertex 19.5946 -4.9082 4
    endloop
  endfacet
  facet normal 0 0 1
    outer loop
      vertex 13.758 7.35379 4
      vertex 17.8148 9.52221 4
      vertex 17.3261 10.3849 4
    endloop
  endfacet
  facet normal -0 0 1
    outer loop
      vertex 15.1325 -3.79049 4
      vertex 19.5946 -4.9082 4
      vertex 15.3003 -3.04341 4
    endloop
  endfacet
  facet normal 0 0 1
    outer loop
      vertex 13.3806 8.02 4
      vertex 17.3261 10.3849 4
      vertex 16.7957 11.2225 4
    endloop
  endfacet
  facet normal 0 0 1
    outer loop
      vertex 19.5946 -4.9082 4
      vertex 15.1325 -3.79049 4
      vertex 19.3302 -5.86375 4
    endloop
  endfacet
  facet normal 0 0 1
    outer loop
      vertex 12.9709 8.66689 4
      vertex 16.7957 11.2225 4
      vertex 16.2248 12.0331 4
    endloop
  endfacet
  facet normal -0 0 1
    outer loop
      vertex 14.9283 -4.52844 4
      vertex 19.3302 -5.86375 4
      vertex 15.1325 -3.79049 4
    endloop
  endfacet
  facet normal 0 0 1
    outer loop
      vertex 12.53 9.29291 4
      vertex 16.2248 12.0331 4
      vertex 15.6148 12.8147 4
    endloop
  endfacet
  facet normal 0 0 1
    outer loop
      vertex 19.3302 -5.86375 4
      vertex 14.9283 -4.52844 4
      vertex 19.0192 -6.80517 4
    endloop
  endfacet
  facet normal -0 0 1
    outer loop
      vertex 14.6881 -5.25548 4
      vertex 19.0192 -6.80517 4
      vertex 14.9283 -4.52844 4
    endloop
  endfacet
  facet normal 0 0 1
    outer loop
      vertex 20.1757 0.991166 4
      vertex 15.5812 0.765455 4
      vertex 15.6 0 4
    endloop
  endfacet
  facet normal 0 0 1
    outer loop
      vertex 20.1027 1.97995 4
      vertex 15.5249 1.52907 4
      vertex 15.5812 0.765455 4
    endloop
  endfacet
  facet normal 0 0 1
    outer loop
      vertex 19.9814 2.96395 4
      vertex 15.4312 2.28899 4
      vertex 15.5249 1.52907 4
    endloop
  endfacet
  facet normal 0 0 1
    outer loop
      vertex 19.8119 3.94082 4
      vertex 15.3003 3.04341 4
      vertex 15.4312 2.28899 4
    endloop
  endfacet
  facet normal 0 0 1
    outer loop
      vertex 19.5946 4.9082 4
      vertex 15.1325 3.79049 4
      vertex 15.3003 3.04341 4
    endloop
  endfacet
  facet normal 0 0 1
    outer loop
      vertex 12.059 9.89653 4
      vertex 15.6148 12.8147 4
      vertex 14.9672 13.5655 4
    endloop
  endfacet
  facet normal 0 0 1
    outer loop
      vertex 19.3302 5.86375 4
      vertex 14.9283 4.52844 4
      vertex 15.1325 3.79049 4
    endloop
  endfacet
  facet normal 0 0 1
    outer loop
      vertex 19.0192 6.80517 4
      vertex 14.6881 5.25548 4
      vertex 14.9283 4.52844 4
    endloop
  endfacet
  facet normal 0 0 1
    outer loop
      vertex 18.6624 7.7302 4
      vertex 14.4125 5.96986 4
      vertex 14.6881 5.25548 4
    endloop
  endfacet
  facet normal 0 0 1
    outer loop
      vertex 11.5588 10.4763 4
      vertex 14.9672 13.5655 4
      vertex 14.2836 14.2836 4
    endloop
  endfacet
  facet normal 0 0 1
    outer loop
      vertex 18.2606 8.63661 4
      vertex 14.1022 6.66986 4
      vertex 14.4125 5.96986 4
    endloop
  endfacet
  facet normal 0 0 1
    outer loop
      vertex 17.8148 9.52221 4
      vertex 13.758 7.35379 4
      vertex 14.1022 6.66986 4
    endloop
  endfacet
  facet normal 0 0 1
    outer loop
      vertex 11.0309 11.0309 4
      vertex 14.2836 14.2836 4
      vertex 13.5655 14.9672 4
    endloop
  endfacet
  facet normal 0 0 1
    outer loop
      vertex 17.3261 10.3849 4
      vertex 13.3806 8.02 4
      vertex 13.758 7.35379 4
    endloop
  endfacet
  facet normal 0 0 1
    outer loop
      vertex 16.7957 11.2225 4
      vertex 12.9709 8.66689 4
      vertex 13.3806 8.02 4
    endloop
  endfacet
  facet normal 0 0 1
    outer loop
      vertex 10.4763 11.5588 4
      vertex 13.5655 14.9672 4
      vertex 12.8147 15.6148 4
    endloop
  endfacet
  facet normal 0 0 1
    outer loop
      vertex 16.2248 12.0331 4
      vertex 12.53 9.29291 4
      vertex 12.9709 8.66689 4
    endloop
  endfacet
  facet normal 0 0 1
    outer loop
      vertex 15.6148 12.8147 4
      vertex 12.059 9.89653 4
      vertex 12.53 9.29291 4
    endloop
  endfacet
  facet normal 0 0 1
    outer loop
      vertex 9.89653 12.059 4
      vertex 12.8147 15.6148 4
      vertex 12.0331 16.2248 4
    endloop
  endfacet
  facet normal 0 0 1
    outer loop
      vertex 14.9672 13.5655 4
      vertex 11.5588 10.4763 4
      vertex 12.059 9.89653 4
    endloop
  endfacet
  facet normal 0 0 1
    outer loop
      vertex 9.29291 12.53 4
      vertex 12.0331 16.2248 4
      vertex 11.2225 16.7957 4
    endloop
  endfacet
  facet normal 0 0 1
    outer loop
      vertex 14.2836 14.2836 4
      vertex 11.0309 11.0309 4
      vertex 11.5588 10.4763 4
    endloop
  endfacet
  facet normal 0 0 1
    outer loop
      vertex 13.5655 14.9672 4
      vertex 10.4763 11.5588 4
      vertex 11.0309 11.0309 4
    endloop
  endfacet
  facet normal 0 0 1
    outer loop
      vertex 8.66689 12.9709 4
      vertex 11.2225 16.7957 4
      vertex 10.3849 17.3261 4
    endloop
  endfacet
  facet normal 0 0 1
    outer loop
      vertex 12.8147 15.6148 4
      vertex 9.89653 12.059 4
      vertex 10.4763 11.5588 4
    endloop
  endfacet
  facet normal 0 0 1
    outer loop
      vertex 8.02 13.3806 4
      vertex 10.3849 17.3261 4
      vertex 9.52221 17.8148 4
    endloop
  endfacet
  facet normal 0 0 1
    outer loop
      vertex 12.0331 16.2248 4
      vertex 9.29291 12.53 4
      vertex 9.89653 12.059 4
    endloop
  endfacet
  facet normal 0 0 1
    outer loop
      vertex 11.2225 16.7957 4
      vertex 8.66689 12.9709 4
      vertex 9.29291 12.53 4
    endloop
  endfacet
  facet normal 0 0 1
    outer loop
      vertex 7.35379 13.758 4
      vertex 9.52221 17.8148 4
      vertex 8.63661 18.2606 4
    endloop
  endfacet
  facet normal 0 0 1
    outer loop
      vertex 10.3849 17.3261 4
      vertex 8.02 13.3806 4
      vertex 8.66689 12.9709 4
    endloop
  endfacet
  facet normal 0 0 1
    outer loop
      vertex 6.66986 14.1022 4
      vertex 8.63661 18.2606 4
      vertex 7.7302 18.6624 4
    endloop
  endfacet
  facet normal 0 0 1
    outer loop
      vertex 9.52221 17.8148 4
      vertex 7.35379 13.758 4
      vertex 8.02 13.3806 4
    endloop
  endfacet
  facet normal 0 0 1
    outer loop
      vertex 5.96986 14.4125 4
      vertex 7.7302 18.6624 4
      vertex 6.80517 19.0192 4
    endloop
  endfacet
  facet normal 0 0 1
    outer loop
      vertex 8.63661 18.2606 4
      vertex 6.66986 14.1022 4
      vertex 7.35379 13.758 4
    endloop
  endfacet
  facet normal 0 0 1
    outer loop
      vertex 7.7302 18.6624 4
      vertex 5.96986 14.4125 4
      vertex 6.66986 14.1022 4
    endloop
  endfacet
  facet normal 0 0 1
    outer loop
      vertex 5.25548 14.6881 4
      vertex 6.80517 19.0192 4
      vertex 5.86375 19.3302 4
    endloop
  endfacet
  facet normal 0 0 1
    outer loop
      vertex 6.80517 19.0192 4
      vertex 5.25548 14.6881 4
      vertex 5.96986 14.4125 4
    endloop
  endfacet
  facet normal 0 0 1
    outer loop
      vertex 4.52844 14.9283 4
      vertex 5.86375 19.3302 4
      vertex 4.9082 19.5946 4
    endloop
  endfacet
  facet normal 0 0 1
    outer loop
      vertex 5.86375 19.3302 4
      vertex 4.52844 14.9283 4
      vertex 5.25548 14.6881 4
    endloop
  endfacet
  facet normal 0 0 1
    outer loop
      vertex 3.79049 15.1325 4
      vertex 4.9082 19.5946 4
      vertex 3.94082 19.8119 4
    endloop
  endfacet
  facet normal 0 0 1
    outer loop
      vertex 4.9082 19.5946 4
      vertex 3.79049 15.1325 4
      vertex 4.52844 14.9283 4
    endloop
  endfacet
  facet normal 0 0 1
    outer loop
      vertex 3.94082 19.8119 4
      vertex 3.04341 15.3003 4
      vertex 3.79049 15.1325 4
    endloop
  endfacet
  facet normal 0 0 1
    outer loop
      vertex 2.96395 19.9814 4
      vertex 3.04341 15.3003 4
      vertex 3.94082 19.8119 4
    endloop
  endfacet
  facet normal 0 0 1
    outer loop
      vertex 2.96395 19.9814 4
      vertex 2.28899 15.4312 4
      vertex 3.04341 15.3003 4
    endloop
  endfacet
  facet normal 0 0 1
    outer loop
      vertex 1.97995 20.1027 4
      vertex 2.28899 15.4312 4
      vertex 2.96395 19.9814 4
    endloop
  endfacet
  facet normal 0 0 1
    outer loop
      vertex 1.97995 20.1027 4
      vertex 1.52907 15.5249 4
      vertex 2.28899 15.4312 4
    endloop
  endfacet
  facet normal 0 0 1
    outer loop
      vertex 0.991166 20.1757 4
      vertex 1.52907 15.5249 4
      vertex 1.97995 20.1027 4
    endloop
  endfacet
  facet normal 0 0 1
    outer loop
      vertex 0.991166 20.1757 4
      vertex 0.765455 15.5812 4
      vertex 1.52907 15.5249 4
    endloop
  endfacet
  facet normal 0 0 1
    outer loop
      vertex 0 20.2 4
      vertex 0.765455 15.5812 4
      vertex 0.991166 20.1757 4
    endloop
  endfacet
  facet normal 0 0 1
    outer loop
      vertex 0 20.2 4
      vertex 0 15.6 4
      vertex 0.765455 15.5812 4
    endloop
  endfacet
  facet normal 0 0 1
    outer loop
      vertex 0 20.2 4
      vertex -0.765455 15.5812 4
      vertex 0 15.6 4
    endloop
  endfacet
  facet normal -0 0 1
    outer loop
      vertex -0.991166 20.1757 4
      vertex -0.765455 15.5812 4
      vertex 0 20.2 4
    endloop
  endfacet
  facet normal 0 0 1
    outer loop
      vertex -0.991166 20.1757 4
      vertex -1.52907 15.5249 4
      vertex -0.765455 15.5812 4
    endloop
  endfacet
  facet normal -0 0 1
    outer loop
      vertex -1.97995 20.1027 4
      vertex -1.52907 15.5249 4
      vertex -0.991166 20.1757 4
    endloop
  endfacet
  facet normal 0 0 1
    outer loop
      vertex -1.97995 20.1027 4
      vertex -2.28899 15.4312 4
      vertex -1.52907 15.5249 4
    endloop
  endfacet
  facet normal -0 0 1
    outer loop
      vertex -2.96395 19.9814 4
      vertex -2.28899 15.4312 4
      vertex -1.97995 20.1027 4
    endloop
  endfacet
  facet normal 0 0 1
    outer loop
      vertex -2.96395 19.9814 4
      vertex -3.04341 15.3003 4
      vertex -2.28899 15.4312 4
    endloop
  endfacet
  facet normal -0 0 1
    outer loop
      vertex -3.94082 19.8119 4
      vertex -3.04341 15.3003 4
      vertex -2.96395 19.9814 4
    endloop
  endfacet
  facet normal 0 0 1
    outer loop
      vertex -3.04341 15.3003 4
      vertex -3.94082 19.8119 4
      vertex -3.79049 15.1325 4
    endloop
  endfacet
  facet normal -0 0 1
    outer loop
      vertex -4.9082 19.5946 4
      vertex -3.79049 15.1325 4
      vertex -3.94082 19.8119 4
    endloop
  endfacet
  facet normal 0 0 1
    outer loop
      vertex -3.79049 15.1325 4
      vertex -4.9082 19.5946 4
      vertex -4.52844 14.9283 4
    endloop
  endfacet
  facet normal -0 0 1
    outer loop
      vertex -5.86375 19.3302 4
      vertex -4.52844 14.9283 4
      vertex -4.9082 19.5946 4
    endloop
  endfacet
  facet normal 0 0 1
    outer loop
      vertex -4.52844 14.9283 4
      vertex -5.86375 19.3302 4
      vertex -5.25548 14.6881 4
    endloop
  endfacet
  facet normal -0 0 1
    outer loop
      vertex -6.80517 19.0192 4
      vertex -5.25548 14.6881 4
      vertex -5.86375 19.3302 4
    endloop
  endfacet
  facet normal 0 0 1
    outer loop
      vertex -5.25548 14.6881 4
      vertex -6.80517 19.0192 4
      vertex -5.96986 14.4125 4
    endloop
  endfacet
  facet normal -0 0 1
    outer loop
      vertex -7.7302 18.6624 4
      vertex -5.96986 14.4125 4
      vertex -6.80517 19.0192 4
    endloop
  endfacet
  facet normal 0 0 1
    outer loop
      vertex -5.96986 14.4125 4
      vertex -7.7302 18.6624 4
      vertex -6.66986 14.1022 4
    endloop
  endfacet
  facet normal -0 0 1
    outer loop
      vertex -8.63661 18.2606 4
      vertex -6.66986 14.1022 4
      vertex -7.7302 18.6624 4
    endloop
  endfacet
  facet normal 0 0 1
    outer loop
      vertex -6.66986 14.1022 4
      vertex -8.63661 18.2606 4
      vertex -7.35379 13.758 4
    endloop
  endfacet
  facet normal -0 0 1
    outer loop
      vertex -9.52221 17.8148 4
      vertex -7.35379 13.758 4
      vertex -8.63661 18.2606 4
    endloop
  endfacet
  facet normal 0 0 1
    outer loop
      vertex -7.35379 13.758 4
      vertex -9.52221 17.8148 4
      vertex -8.02 13.3806 4
    endloop
  endfacet
  facet normal -0 0 1
    outer loop
      vertex -10.3849 17.3261 4
      vertex -8.02 13.3806 4
      vertex -9.52221 17.8148 4
    endloop
  endfacet
  facet normal 0 0 1
    outer loop
      vertex -8.02 13.3806 4
      vertex -10.3849 17.3261 4
      vertex -8.66689 12.9709 4
    endloop
  endfacet
  facet normal -0 0 1
    outer loop
      vertex -11.2225 16.7957 4
      vertex -8.66689 12.9709 4
      vertex -10.3849 17.3261 4
    endloop
  endfacet
  facet normal 0 0 1
    outer loop
      vertex -8.66689 12.9709 4
      vertex -11.2225 16.7957 4
      vertex -9.29291 12.53 4
    endloop
  endfacet
  facet normal -0 0 1
    outer loop
      vertex -12.0331 16.2248 4
      vertex -9.29291 12.53 4
      vertex -11.2225 16.7957 4
    endloop
  endfacet
  facet normal 0 0 1
    outer loop
      vertex -9.29291 12.53 4
      vertex -12.0331 16.2248 4
      vertex -9.89653 12.059 4
    endloop
  endfacet
  facet normal -0 0 1
    outer loop
      vertex -12.8147 15.6148 4
      vertex -9.89653 12.059 4
      vertex -12.0331 16.2248 4
    endloop
  endfacet
  facet normal 0 0 1
    outer loop
      vertex -9.89653 12.059 4
      vertex -12.8147 15.6148 4
      vertex -10.4763 11.5588 4
    endloop
  endfacet
  facet normal -0 0 1
    outer loop
      vertex -13.5655 14.9672 4
      vertex -10.4763 11.5588 4
      vertex -12.8147 15.6148 4
    endloop
  endfacet
  facet normal 0 0 1
    outer loop
      vertex -10.4763 11.5588 4
      vertex -13.5655 14.9672 4
      vertex -11.0309 11.0309 4
    endloop
  endfacet
  facet normal -0 0 1
    outer loop
      vertex -14.2836 14.2836 4
      vertex -11.0309 11.0309 4
      vertex -13.5655 14.9672 4
    endloop
  endfacet
  facet normal 0 0 1
    outer loop
      vertex -11.0309 11.0309 4
      vertex -14.2836 14.2836 4
      vertex -11.5588 10.4763 4
    endloop
  endfacet
  facet normal -0 0 1
    outer loop
      vertex -14.9672 13.5655 4
      vertex -11.5588 10.4763 4
      vertex -14.2836 14.2836 4
    endloop
  endfacet
  facet normal 0 0 1
    outer loop
      vertex -11.5588 10.4763 4
      vertex -14.9672 13.5655 4
      vertex -12.059 9.89653 4
    endloop
  endfacet
  facet normal -0 0 1
    outer loop
      vertex -15.6148 12.8147 4
      vertex -12.059 9.89653 4
      vertex -14.9672 13.5655 4
    endloop
  endfacet
  facet normal 0 0 1
    outer loop
      vertex -12.059 9.89653 4
      vertex -15.6148 12.8147 4
      vertex -12.53 9.29291 4
    endloop
  endfacet
  facet normal -0 0 1
    outer loop
      vertex -16.2248 12.0331 4
      vertex -12.53 9.29291 4
      vertex -15.6148 12.8147 4
    endloop
  endfacet
  facet normal 0 0 1
    outer loop
      vertex -12.53 9.29291 4
      vertex -16.2248 12.0331 4
      vertex -12.9709 8.66689 4
    endloop
  endfacet
  facet normal -0 0 1
    outer loop
      vertex -16.7957 11.2225 4
      vertex -12.9709 8.66689 4
      vertex -16.2248 12.0331 4
    endloop
  endfacet
  facet normal 0 0 1
    outer loop
      vertex -12.9709 8.66689 4
      vertex -16.7957 11.2225 4
      vertex -13.3806 8.02 4
    endloop
  endfacet
  facet normal -0 0 1
    outer loop
      vertex -17.3261 10.3849 4
      vertex -13.3806 8.02 4
      vertex -16.7957 11.2225 4
    endloop
  endfacet
  facet normal 0 0 1
    outer loop
      vertex -13.3806 8.02 4
      vertex -17.3261 10.3849 4
      vertex -13.758 7.35379 4
    endloop
  endfacet
  facet normal -0 0 1
    outer loop
      vertex -17.8148 9.52221 4
      vertex -13.758 7.35379 4
      vertex -17.3261 10.3849 4
    endloop
  endfacet
  facet normal 0 0 1
    outer loop
      vertex -13.758 7.35379 4
      vertex -17.8148 9.52221 4
      vertex -14.1022 6.66986 4
    endloop
  endfacet
  facet normal -0 0 1
    outer loop
      vertex -18.2606 8.63661 4
      vertex -14.1022 6.66986 4
      vertex -17.8148 9.52221 4
    endloop
  endfacet
  facet normal 0 0 1
    outer loop
      vertex -14.1022 6.66986 4
      vertex -18.2606 8.63661 4
      vertex -14.4125 5.96986 4
    endloop
  endfacet
  facet normal -0 0 1
    outer loop
      vertex -18.6624 7.7302 4
      vertex -14.4125 5.96986 4
      vertex -18.2606 8.63661 4
    endloop
  endfacet
  facet normal -0 0 1
    outer loop
      vertex -19.0192 6.80517 4
      vertex -14.6881 5.25548 4
      vertex -18.6624 7.7302 4
    endloop
  endfacet
  facet normal 0 0 1
    outer loop
      vertex -14.4125 5.96986 4
      vertex -18.6624 7.7302 4
      vertex -14.6881 5.25548 4
    endloop
  endfacet
  facet normal 0 0 1
    outer loop
      vertex 19.0192 -6.80517 4
      vertex 14.6881 -5.25548 4
      vertex 18.6624 -7.7302 4
    endloop
  endfacet
  facet normal -0 0 1
    outer loop
      vertex 14.4125 -5.96986 4
      vertex 18.6624 -7.7302 4
      vertex 14.6881 -5.25548 4
    endloop
  endfacet
  facet normal 0 0 1
    outer loop
      vertex 18.6624 -7.7302 4
      vertex 14.4125 -5.96986 4
      vertex 18.2606 -8.63661 4
    endloop
  endfacet
  facet normal -0 0 1
    outer loop
      vertex 14.1022 -6.66986 4
      vertex 18.2606 -8.63661 4
      vertex 14.4125 -5.96986 4
    endloop
  endfacet
  facet normal 0 0 1
    outer loop
      vertex 18.2606 -8.63661 4
      vertex 14.1022 -6.66986 4
      vertex 17.8148 -9.52221 4
    endloop
  endfacet
  facet normal -0 0 1
    outer loop
      vertex 13.758 -7.35379 4
      vertex 17.8148 -9.52221 4
      vertex 14.1022 -6.66986 4
    endloop
  endfacet
  facet normal 0 0 1
    outer loop
      vertex 17.8148 -9.52221 4
      vertex 13.758 -7.35379 4
      vertex 17.3261 -10.3849 4
    endloop
  endfacet
  facet normal -0 0 1
    outer loop
      vertex 13.3806 -8.02 4
      vertex 17.3261 -10.3849 4
      vertex 13.758 -7.35379 4
    endloop
  endfacet
  facet normal 0 0 1
    outer loop
      vertex 17.3261 -10.3849 4
      vertex 13.3806 -8.02 4
      vertex 16.7957 -11.2225 4
    endloop
  endfacet
  facet normal -0 0 1
    outer loop
      vertex 12.9709 -8.66689 4
      vertex 16.7957 -11.2225 4
      vertex 13.3806 -8.02 4
    endloop
  endfacet
  facet normal 0 0 1
    outer loop
      vertex 16.7957 -11.2225 4
      vertex 12.9709 -8.66689 4
      vertex 16.2248 -12.0331 4
    endloop
  endfacet
  facet normal -0 0 1
    outer loop
      vertex 12.53 -9.29291 4
      vertex 16.2248 -12.0331 4
      vertex 12.9709 -8.66689 4
    endloop
  endfacet
  facet normal 0 0 1
    outer loop
      vertex 16.2248 -12.0331 4
      vertex 12.53 -9.29291 4
      vertex 15.6148 -12.8147 4
    endloop
  endfacet
  facet normal -0 0 1
    outer loop
      vertex 12.059 -9.89653 4
      vertex 15.6148 -12.8147 4
      vertex 12.53 -9.29291 4
    endloop
  endfacet
  facet normal 0 0 1
    outer loop
      vertex 15.6148 -12.8147 4
      vertex 12.059 -9.89653 4
      vertex 14.9672 -13.5655 4
    endloop
  endfacet
  facet normal -0 0 1
    outer loop
      vertex 11.5588 -10.4763 4
      vertex 14.9672 -13.5655 4
      vertex 12.059 -9.89653 4
    endloop
  endfacet
  facet normal 0 0 1
    outer loop
      vertex 14.9672 -13.5655 4
      vertex 11.5588 -10.4763 4
      vertex 14.2836 -14.2836 4
    endloop
  endfacet
  facet normal -0 0 1
    outer loop
      vertex 11.0309 -11.0309 4
      vertex 14.2836 -14.2836 4
      vertex 11.5588 -10.4763 4
    endloop
  endfacet
  facet normal 0 0 1
    outer loop
      vertex 14.2836 -14.2836 4
      vertex 11.0309 -11.0309 4
      vertex 13.5655 -14.9672 4
    endloop
  endfacet
  facet normal -0 0 1
    outer loop
      vertex 10.4763 -11.5588 4
      vertex 13.5655 -14.9672 4
      vertex 11.0309 -11.0309 4
    endloop
  endfacet
  facet normal 0 0 1
    outer loop
      vertex 13.5655 -14.9672 4
      vertex 10.4763 -11.5588 4
      vertex 12.8147 -15.6148 4
    endloop
  endfacet
  facet normal -0 0 1
    outer loop
      vertex 9.89653 -12.059 4
      vertex 12.8147 -15.6148 4
      vertex 10.4763 -11.5588 4
    endloop
  endfacet
  facet normal 0 0 1
    outer loop
      vertex 12.8147 -15.6148 4
      vertex 9.89653 -12.059 4
      vertex 12.0331 -16.2248 4
    endloop
  endfacet
  facet normal -0 0 1
    outer loop
      vertex 9.29291 -12.53 4
      vertex 12.0331 -16.2248 4
      vertex 9.89653 -12.059 4
    endloop
  endfacet
  facet normal 0 0 1
    outer loop
      vertex 12.0331 -16.2248 4
      vertex 9.29291 -12.53 4
      vertex 11.2225 -16.7957 4
    endloop
  endfacet
  facet normal -0 0 1
    outer loop
      vertex 8.66689 -12.9709 4
      vertex 11.2225 -16.7957 4
      vertex 9.29291 -12.53 4
    endloop
  endfacet
  facet normal 0 0 1
    outer loop
      vertex 11.2225 -16.7957 4
      vertex 8.66689 -12.9709 4
      vertex 10.3849 -17.3261 4
    endloop
  endfacet
  facet normal -0 0 1
    outer loop
      vertex 8.02 -13.3806 4
      vertex 10.3849 -17.3261 4
      vertex 8.66689 -12.9709 4
    endloop
  endfacet
  facet normal 0 0 1
    outer loop
      vertex 10.3849 -17.3261 4
      vertex 8.02 -13.3806 4
      vertex 9.52221 -17.8148 4
    endloop
  endfacet
  facet normal -0 0 1
    outer loop
      vertex 7.35379 -13.758 4
      vertex 9.52221 -17.8148 4
      vertex 8.02 -13.3806 4
    endloop
  endfacet
  facet normal 0 0 1
    outer loop
      vertex 9.52221 -17.8148 4
      vertex 7.35379 -13.758 4
      vertex 8.63661 -18.2606 4
    endloop
  endfacet
  facet normal -0 0 1
    outer loop
      vertex 6.66986 -14.1022 4
      vertex 8.63661 -18.2606 4
      vertex 7.35379 -13.758 4
    endloop
  endfacet
  facet normal 0 0 1
    outer loop
      vertex 8.63661 -18.2606 4
      vertex 6.66986 -14.1022 4
      vertex 7.7302 -18.6624 4
    endloop
  endfacet
  facet normal -0 0 1
    outer loop
      vertex 5.96986 -14.4125 4
      vertex 7.7302 -18.6624 4
      vertex 6.66986 -14.1022 4
    endloop
  endfacet
  facet normal 0 0 1
    outer loop
      vertex 7.7302 -18.6624 4
      vertex 5.96986 -14.4125 4
      vertex 6.80517 -19.0192 4
    endloop
  endfacet
  facet normal -0 0 1
    outer loop
      vertex 5.25548 -14.6881 4
      vertex 6.80517 -19.0192 4
      vertex 5.96986 -14.4125 4
    endloop
  endfacet
  facet normal 0 0 1
    outer loop
      vertex 6.80517 -19.0192 4
      vertex 5.25548 -14.6881 4
      vertex 5.86375 -19.3302 4
    endloop
  endfacet
  facet normal -0 0 1
    outer loop
      vertex 4.52844 -14.9283 4
      vertex 5.86375 -19.3302 4
      vertex 5.25548 -14.6881 4
    endloop
  endfacet
  facet normal 0 0 1
    outer loop
      vertex 5.86375 -19.3302 4
      vertex 4.52844 -14.9283 4
      vertex 4.9082 -19.5946 4
    endloop
  endfacet
  facet normal -0 0 1
    outer loop
      vertex 3.79049 -15.1325 4
      vertex 4.9082 -19.5946 4
      vertex 4.52844 -14.9283 4
    endloop
  endfacet
  facet normal 0 0 1
    outer loop
      vertex 4.9082 -19.5946 4
      vertex 3.79049 -15.1325 4
      vertex 3.94082 -19.8119 4
    endloop
  endfacet
  facet normal -0 0 1
    outer loop
      vertex 3.04341 -15.3003 4
      vertex 3.94082 -19.8119 4
      vertex 3.79049 -15.1325 4
    endloop
  endfacet
  facet normal 0 0 1
    outer loop
      vertex 3.04341 -15.3003 4
      vertex 2.96395 -19.9814 4
      vertex 3.94082 -19.8119 4
    endloop
  endfacet
  facet normal -0 0 1
    outer loop
      vertex 2.28899 -15.4312 4
      vertex 2.96395 -19.9814 4
      vertex 3.04341 -15.3003 4
    endloop
  endfacet
  facet normal 0 0 1
    outer loop
      vertex 2.28899 -15.4312 4
      vertex 1.97995 -20.1027 4
      vertex 2.96395 -19.9814 4
    endloop
  endfacet
  facet normal -0 0 1
    outer loop
      vertex 1.52907 -15.5249 4
      vertex 1.97995 -20.1027 4
      vertex 2.28899 -15.4312 4
    endloop
  endfacet
  facet normal 0 0 1
    outer loop
      vertex 1.52907 -15.5249 4
      vertex 0.991166 -20.1757 4
      vertex 1.97995 -20.1027 4
    endloop
  endfacet
  facet normal -0 0 1
    outer loop
      vertex 0.765455 -15.5812 4
      vertex 0.991166 -20.1757 4
      vertex 1.52907 -15.5249 4
    endloop
  endfacet
  facet normal -0 0 1
    outer loop
      vertex 0 -15.6 4
      vertex 0.991166 -20.1757 4
      vertex 0.765455 -15.5812 4
    endloop
  endfacet
  facet normal 0 0 1
    outer loop
      vertex 0 -15.6 4
      vertex 0 -20.2 4
      vertex 0.991166 -20.1757 4
    endloop
  endfacet
  facet normal 0 0 1
    outer loop
      vertex -0.765455 -15.5812 4
      vertex 0 -20.2 4
      vertex 0 -15.6 4
    endloop
  endfacet
  facet normal 0 0 1
    outer loop
      vertex -0.765455 -15.5812 4
      vertex -0.991166 -20.1757 4
      vertex 0 -20.2 4
    endloop
  endfacet
  facet normal 0 0 1
    outer loop
      vertex -1.52907 -15.5249 4
      vertex -0.991166 -20.1757 4
      vertex -0.765455 -15.5812 4
    endloop
  endfacet
  facet normal 0 0 1
    outer loop
      vertex -1.52907 -15.5249 4
      vertex -1.97995 -20.1027 4
      vertex -0.991166 -20.1757 4
    endloop
  endfacet
  facet normal 0 0 1
    outer loop
      vertex -2.28899 -15.4312 4
      vertex -1.97995 -20.1027 4
      vertex -1.52907 -15.5249 4
    endloop
  endfacet
  facet normal 0 0 1
    outer loop
      vertex -2.28899 -15.4312 4
      vertex -2.96395 -19.9814 4
      vertex -1.97995 -20.1027 4
    endloop
  endfacet
  facet normal 0 0 1
    outer loop
      vertex -3.04341 -15.3003 4
      vertex -2.96395 -19.9814 4
      vertex -2.28899 -15.4312 4
    endloop
  endfacet
  facet normal 0 0 1
    outer loop
      vertex -3.94082 -19.8119 4
      vertex -3.04341 -15.3003 4
      vertex -3.79049 -15.1325 4
    endloop
  endfacet
  facet normal 0 0 1
    outer loop
      vertex -3.04341 -15.3003 4
      vertex -3.94082 -19.8119 4
      vertex -2.96395 -19.9814 4
    endloop
  endfacet
  facet normal 0 0 1
    outer loop
      vertex -4.9082 -19.5946 4
      vertex -3.79049 -15.1325 4
      vertex -4.52844 -14.9283 4
    endloop
  endfacet
  facet normal 0 0 1
    outer loop
      vertex -3.79049 -15.1325 4
      vertex -4.9082 -19.5946 4
      vertex -3.94082 -19.8119 4
    endloop
  endfacet
  facet normal 0 0 1
    outer loop
      vertex -5.86375 -19.3302 4
      vertex -4.52844 -14.9283 4
      vertex -5.25548 -14.6881 4
    endloop
  endfacet
  facet normal 0 0 1
    outer loop
      vertex -4.52844 -14.9283 4
      vertex -5.86375 -19.3302 4
      vertex -4.9082 -19.5946 4
    endloop
  endfacet
  facet normal 0 0 1
    outer loop
      vertex -6.80517 -19.0192 4
      vertex -5.25548 -14.6881 4
      vertex -5.96986 -14.4125 4
    endloop
  endfacet
  facet normal 0 0 1
    outer loop
      vertex -7.7302 -18.6624 4
      vertex -5.96986 -14.4125 4
      vertex -6.66986 -14.1022 4
    endloop
  endfacet
  facet normal 0 0 1
    outer loop
      vertex -5.25548 -14.6881 4
      vertex -6.80517 -19.0192 4
      vertex -5.86375 -19.3302 4
    endloop
  endfacet
  facet normal 0 0 1
    outer loop
      vertex -8.63661 -18.2606 4
      vertex -6.66986 -14.1022 4
      vertex -7.35379 -13.758 4
    endloop
  endfacet
  facet normal 0 0 1
    outer loop
      vertex -5.96986 -14.4125 4
      vertex -7.7302 -18.6624 4
      vertex -6.80517 -19.0192 4
    endloop
  endfacet
  facet normal 0 0 1
    outer loop
      vertex -9.52221 -17.8148 4
      vertex -7.35379 -13.758 4
      vertex -8.02 -13.3806 4
    endloop
  endfacet
  facet normal 0 0 1
    outer loop
      vertex -6.66986 -14.1022 4
      vertex -8.63661 -18.2606 4
      vertex -7.7302 -18.6624 4
    endloop
  endfacet
  facet normal 0 0 1
    outer loop
      vertex -10.3849 -17.3261 4
      vertex -8.02 -13.3806 4
      vertex -8.66689 -12.9709 4
    endloop
  endfacet
  facet normal 0 0 1
    outer loop
      vertex -11.2225 -16.7957 4
      vertex -8.66689 -12.9709 4
      vertex -9.29291 -12.53 4
    endloop
  endfacet
  facet normal 0 0 1
    outer loop
      vertex -7.35379 -13.758 4
      vertex -9.52221 -17.8148 4
      vertex -8.63661 -18.2606 4
    endloop
  endfacet
  facet normal 0 0 1
    outer loop
      vertex -12.0331 -16.2248 4
      vertex -9.29291 -12.53 4
      vertex -9.89653 -12.059 4
    endloop
  endfacet
  facet normal 0 0 1
    outer loop
      vertex -8.02 -13.3806 4
      vertex -10.3849 -17.3261 4
      vertex -9.52221 -17.8148 4
    endloop
  endfacet
  facet normal 0 0 1
    outer loop
      vertex -12.8147 -15.6148 4
      vertex -9.89653 -12.059 4
      vertex -10.4763 -11.5588 4
    endloop
  endfacet
  facet normal 0 0 1
    outer loop
      vertex -13.5655 -14.9672 4
      vertex -10.4763 -11.5588 4
      vertex -11.0309 -11.0309 4
    endloop
  endfacet
  facet normal 0 0 1
    outer loop
      vertex -8.66689 -12.9709 4
      vertex -11.2225 -16.7957 4
      vertex -10.3849 -17.3261 4
    endloop
  endfacet
  facet normal 0 0 1
    outer loop
      vertex -14.2836 -14.2836 4
      vertex -11.0309 -11.0309 4
      vertex -11.5588 -10.4763 4
    endloop
  endfacet
  facet normal 0 0 1
    outer loop
      vertex -9.29291 -12.53 4
      vertex -12.0331 -16.2248 4
      vertex -11.2225 -16.7957 4
    endloop
  endfacet
  facet normal 0 0 1
    outer loop
      vertex -14.9672 -13.5655 4
      vertex -11.5588 -10.4763 4
      vertex -12.059 -9.89653 4
    endloop
  endfacet
  facet normal 0 0 1
    outer loop
      vertex -15.6148 -12.8147 4
      vertex -12.059 -9.89653 4
      vertex -12.53 -9.29291 4
    endloop
  endfacet
  facet normal 0 0 1
    outer loop
      vertex -9.89653 -12.059 4
      vertex -12.8147 -15.6148 4
      vertex -12.0331 -16.2248 4
    endloop
  endfacet
  facet normal 0 0 1
    outer loop
      vertex -16.2248 -12.0331 4
      vertex -12.53 -9.29291 4
      vertex -12.9709 -8.66689 4
    endloop
  endfacet
  facet normal 0 0 1
    outer loop
      vertex -16.7957 -11.2225 4
      vertex -12.9709 -8.66689 4
      vertex -13.3806 -8.02 4
    endloop
  endfacet
  facet normal 0 0 1
    outer loop
      vertex -10.4763 -11.5588 4
      vertex -13.5655 -14.9672 4
      vertex -12.8147 -15.6148 4
    endloop
  endfacet
  facet normal 0 0 1
    outer loop
      vertex -17.3261 -10.3849 4
      vertex -13.3806 -8.02 4
      vertex -13.758 -7.35379 4
    endloop
  endfacet
  facet normal 0 0 1
    outer loop
      vertex -17.8148 -9.52221 4
      vertex -13.758 -7.35379 4
      vertex -14.1022 -6.66986 4
    endloop
  endfacet
  facet normal 0 0 1
    outer loop
      vertex -11.0309 -11.0309 4
      vertex -14.2836 -14.2836 4
      vertex -13.5655 -14.9672 4
    endloop
  endfacet
  facet normal 0 0 1
    outer loop
      vertex -18.2606 -8.63661 4
      vertex -14.1022 -6.66986 4
      vertex -14.4125 -5.96986 4
    endloop
  endfacet
  facet normal 0 0 1
    outer loop
      vertex -18.6624 -7.7302 4
      vertex -14.4125 -5.96986 4
      vertex -14.6881 -5.25548 4
    endloop
  endfacet
  facet normal 0 0 1
    outer loop
      vertex -19.0192 -6.80517 4
      vertex -14.6881 -5.25548 4
      vertex -14.9283 -4.52844 4
    endloop
  endfacet
  facet normal 0 0 1
    outer loop
      vertex -11.5588 -10.4763 4
      vertex -14.9672 -13.5655 4
      vertex -14.2836 -14.2836 4
    endloop
  endfacet
  facet normal 0 0 1
    outer loop
      vertex -19.3302 -5.86375 4
      vertex -14.9283 -4.52844 4
      vertex -15.1325 -3.79049 4
    endloop
  endfacet
  facet normal 0 0 1
    outer loop
      vertex -19.5946 -4.9082 4
      vertex -15.1325 -3.79049 4
      vertex -15.3003 -3.04341 4
    endloop
  endfacet
  facet normal 0 0 1
    outer loop
      vertex -19.8119 -3.94082 4
      vertex -15.3003 -3.04341 4
      vertex -15.4312 -2.28899 4
    endloop
  endfacet
  facet normal 0 0 1
    outer loop
      vertex -19.9814 -2.96395 4
      vertex -15.4312 -2.28899 4
      vertex -15.5249 -1.52907 4
    endloop
  endfacet
  facet normal 0 0 1
    outer loop
      vertex -20.1027 -1.97995 4
      vertex -15.5249 -1.52907 4
      vertex -15.5812 -0.765455 4
    endloop
  endfacet
  facet normal 0 0 1
    outer loop
      vertex -12.059 -9.89653 4
      vertex -15.6148 -12.8147 4
      vertex -14.9672 -13.5655 4
    endloop
  endfacet
  facet normal 0 0 1
    outer loop
      vertex -20.1757 -0.991166 4
      vertex -15.5812 -0.765455 4
      vertex -15.6 0 4
    endloop
  endfacet
  facet normal 0 0 1
    outer loop
      vertex -14.6881 5.25548 4
      vertex -19.0192 6.80517 4
      vertex -14.9283 4.52844 4
    endloop
  endfacet
  facet normal -0 0 1
    outer loop
      vertex -19.3302 5.86375 4
      vertex -14.9283 4.52844 4
      vertex -19.0192 6.80517 4
    endloop
  endfacet
  facet normal 0 0 1
    outer loop
      vertex -12.53 -9.29291 4
      vertex -16.2248 -12.0331 4
      vertex -15.6148 -12.8147 4
    endloop
  endfacet
  facet normal 0 0 1
    outer loop
      vertex -14.9283 4.52844 4
      vertex -19.3302 5.86375 4
      vertex -15.1325 3.79049 4
    endloop
  endfacet
  facet normal 0 0 1
    outer loop
      vertex -12.9709 -8.66689 4
      vertex -16.7957 -11.2225 4
      vertex -16.2248 -12.0331 4
    endloop
  endfacet
  facet normal -0 0 1
    outer loop
      vertex -19.5946 4.9082 4
      vertex -15.1325 3.79049 4
      vertex -19.3302 5.86375 4
    endloop
  endfacet
  facet normal 0 0 1
    outer loop
      vertex -13.3806 -8.02 4
      vertex -17.3261 -10.3849 4
      vertex -16.7957 -11.2225 4
    endloop
  endfacet
  facet normal 0 0 1
    outer loop
      vertex -15.1325 3.79049 4
      vertex -19.5946 4.9082 4
      vertex -15.3003 3.04341 4
    endloop
  endfacet
  facet normal 0 0 1
    outer loop
      vertex -13.758 -7.35379 4
      vertex -17.8148 -9.52221 4
      vertex -17.3261 -10.3849 4
    endloop
  endfacet
  facet normal -0 0 1
    outer loop
      vertex -19.8119 3.94082 4
      vertex -15.3003 3.04341 4
      vertex -19.5946 4.9082 4
    endloop
  endfacet
  facet normal 0 0 1
    outer loop
      vertex -14.1022 -6.66986 4
      vertex -18.2606 -8.63661 4
      vertex -17.8148 -9.52221 4
    endloop
  endfacet
  facet normal 0 0 1
    outer loop
      vertex -15.3003 3.04341 4
      vertex -19.8119 3.94082 4
      vertex -15.4312 2.28899 4
    endloop
  endfacet
  facet normal 0 0 1
    outer loop
      vertex -14.4125 -5.96986 4
      vertex -18.6624 -7.7302 4
      vertex -18.2606 -8.63661 4
    endloop
  endfacet
  facet normal -0 0 1
    outer loop
      vertex -19.9814 2.96395 4
      vertex -15.4312 2.28899 4
      vertex -19.8119 3.94082 4
    endloop
  endfacet
  facet normal 0 0 1
    outer loop
      vertex -14.6881 -5.25548 4
      vertex -19.0192 -6.80517 4
      vertex -18.6624 -7.7302 4
    endloop
  endfacet
  facet normal 0 0 1
    outer loop
      vertex -15.4312 2.28899 4
      vertex -19.9814 2.96395 4
      vertex -15.5249 1.52907 4
    endloop
  endfacet
  facet normal 0 0 1
    outer loop
      vertex -14.9283 -4.52844 4
      vertex -19.3302 -5.86375 4
      vertex -19.0192 -6.80517 4
    endloop
  endfacet
  facet normal -0 0 1
    outer loop
      vertex -20.1027 1.97995 4
      vertex -15.5249 1.52907 4
      vertex -19.9814 2.96395 4
    endloop
  endfacet
  facet normal 0 0 1
    outer loop
      vertex -15.1325 -3.79049 4
      vertex -19.5946 -4.9082 4
      vertex -19.3302 -5.86375 4
    endloop
  endfacet
  facet normal 0 0 1
    outer loop
      vertex -15.5249 1.52907 4
      vertex -20.1027 1.97995 4
      vertex -15.5812 0.765455 4
    endloop
  endfacet
  facet normal 0 0 1
    outer loop
      vertex -15.3003 -3.04341 4
      vertex -19.8119 -3.94082 4
      vertex -19.5946 -4.9082 4
    endloop
  endfacet
  facet normal -0 0 1
    outer loop
      vertex -20.1757 0.991166 4
      vertex -15.5812 0.765455 4
      vertex -20.1027 1.97995 4
    endloop
  endfacet
  facet normal 0 0 1
    outer loop
      vertex -15.4312 -2.28899 4
      vertex -19.9814 -2.96395 4
      vertex -19.8119 -3.94082 4
    endloop
  endfacet
  facet normal 0 0 1
    outer loop
      vertex -15.5812 0.765455 4
      vertex -20.1757 0.991166 4
      vertex -15.6 0 4
    endloop
  endfacet
  facet normal 0 0 1
    outer loop
      vertex -15.5249 -1.52907 4
      vertex -20.1027 -1.97995 4
      vertex -19.9814 -2.96395 4
    endloop
  endfacet
  facet normal 0 0 1
    outer loop
      vertex -20.2 0 4
      vertex -15.6 0 4
      vertex -20.1757 0.991166 4
    endloop
  endfacet
  facet normal 0 0 1
    outer loop
      vertex -15.5812 -0.765455 4
      vertex -20.1757 -0.991166 4
      vertex -20.1027 -1.97995 4
    endloop
  endfacet
  facet normal 0 0 1
    outer loop
      vertex -15.6 0 4
      vertex -20.2 0 4
      vertex -20.1757 -0.991166 4
    endloop
  endfacet
  facet normal 0.155 0.690031 0.706988
    outer loop
      vertex 4.0969 20.5965 3.2
      vertex 3.94082 19.8119 4
      vertex 4.9082 19.5946 4
    endloop
  endfacet
  facet normal 0.188671 0.68155 0.707031
    outer loop
      vertex 5.10258 20.3707 3.2
      vertex 4.9082 19.5946 4
      vertex 6.09598 20.0957 3.2
    endloop
  endfacet
  facet normal -0.4619 -0.535507 0.707022
    outer loop
      vertex -12.8147 -15.6148 4
      vertex -13.5655 -14.9672 4
      vertex -13.3223 -16.2332 3.2
    endloop
  endfacet
  facet normal 0.221845 0.67154 0.706979
    outer loop
      vertex 6.09598 20.0957 3.2
      vertex 5.86375 19.3302 4
      vertex 6.80517 19.0192 4
    endloop
  endfacet
  facet normal 0.997293 0.0735287 0
    outer loop
      vertex 15.5812 0.765455 42
      vertex 15.5249 1.52907 4
      vertex 15.5249 1.52907 42
    endloop
  endfacet
  facet normal 0.997293 0.0735287 0
    outer loop
      vertex 15.5249 1.52907 4
      vertex 15.5812 0.765455 42
      vertex 15.5812 0.765455 4
    endloop
  endfacet
  facet normal 0.999699 0.0245532 0
    outer loop
      vertex 15.6 0 42
      vertex 15.5812 0.765455 4
      vertex 15.5812 0.765455 42
    endloop
  endfacet
  facet normal 0.999699 0.0245532 0
    outer loop
      vertex 15.5812 0.765455 4
      vertex 15.6 0 42
      vertex 15.6 0 4
    endloop
  endfacet
  facet normal 0.992484 0.122376 0
    outer loop
      vertex 15.5249 1.52907 42
      vertex 15.4312 2.28899 4
      vertex 15.4312 2.28899 42
    endloop
  endfacet
  facet normal 0.992484 0.122376 0
    outer loop
      vertex 15.4312 2.28899 4
      vertex 15.5249 1.52907 42
      vertex 15.5249 1.52907 4
    endloop
  endfacet
  facet normal 0.817581 -0.575814 0
    outer loop
      vertex 12.53 -9.29291 42
      vertex 12.9709 -8.66689 4
      vertex 12.9709 -8.66689 42
    endloop
  endfacet
  facet normal 0.817581 -0.575814 0
    outer loop
      vertex 12.9709 -8.66689 4
      vertex 12.53 -9.29291 42
      vertex 12.53 -9.29291 4
    endloop
  endfacet
  facet normal 0.999699 -0.0245532 0
    outer loop
      vertex 15.5812 -0.765455 42
      vertex 15.6 0 4
      vertex 15.6 0 42
    endloop
  endfacet
  facet normal 0.999699 -0.0245532 0
    outer loop
      vertex 15.6 0 4
      vertex 15.5812 -0.765455 42
      vertex 15.5812 -0.765455 4
    endloop
  endfacet
  facet normal 0.0735287 -0.997293 0
    outer loop
      vertex 0.765455 -15.5812 4
      vertex 1.52907 -15.5249 42
      vertex 0.765455 -15.5812 42
    endloop
  endfacet
  facet normal 0.0735287 -0.997293 0
    outer loop
      vertex 1.52907 -15.5249 42
      vertex 0.765455 -15.5812 4
      vertex 1.52907 -15.5249 4
    endloop
  endfacet
  facet normal 0.975692 0.219148 0
    outer loop
      vertex 15.3003 3.04341 42
      vertex 15.1325 3.79049 4
      vertex 15.1325 3.79049 42
    endloop
  endfacet
  facet normal 0.975692 0.219148 0
    outer loop
      vertex 15.1325 3.79049 4
      vertex 15.3003 3.04341 42
      vertex 15.3003 3.04341 4
    endloop
  endfacet
  facet normal -0.122376 0.992484 0
    outer loop
      vertex -1.52907 15.5249 4
      vertex -2.28899 15.4312 42
      vertex -1.52907 15.5249 42
    endloop
  endfacet
  facet normal -0.122376 0.992484 0
    outer loop
      vertex -2.28899 15.4312 42
      vertex -1.52907 15.5249 4
      vertex -2.28899 15.4312 4
    endloop
  endfacet
  facet normal 0.359933 -0.932978 0
    outer loop
      vertex 5.25548 -14.6881 4
      vertex 5.96986 -14.4125 42
      vertex 5.25548 -14.6881 42
    endloop
  endfacet
  facet normal 0.359933 -0.932978 0
    outer loop
      vertex 5.96986 -14.4125 42
      vertex 5.25548 -14.6881 4
      vertex 5.96986 -14.4125 4
    endloop
  endfacet
  facet normal 0.122376 -0.992484 0
    outer loop
      vertex 1.52907 -15.5249 4
      vertex 2.28899 -15.4312 42
      vertex 1.52907 -15.5249 42
    endloop
  endfacet
  facet normal 0.122376 -0.992484 0
    outer loop
      vertex 2.28899 -15.4312 42
      vertex 1.52907 -15.5249 4
      vertex 2.28899 -15.4312 4
    endloop
  endfacet
  facet normal 0.535055 0.844817 -0
    outer loop
      vertex 8.66689 12.9709 4
      vertex 8.02 13.3806 42
      vertex 8.66689 12.9709 42
    endloop
  endfacet
  facet normal 0.535055 0.844817 0
    outer loop
      vertex 8.02 13.3806 42
      vertex 8.66689 12.9709 4
      vertex 8.02 13.3806 4
    endloop
  endfacet
  facet normal -0.844817 0.535055 0
    outer loop
      vertex -13.3806 8.02 4
      vertex -12.9709 8.66689 42
      vertex -12.9709 8.66689 4
    endloop
  endfacet
  facet normal -0.844817 0.535055 0
    outer loop
      vertex -12.9709 8.66689 42
      vertex -13.3806 8.02 4
      vertex -13.3806 8.02 42
    endloop
  endfacet
  facet normal -0.170956 0.985279 0
    outer loop
      vertex -2.28899 15.4312 4
      vertex -3.04341 15.3003 42
      vertex -2.28899 15.4312 42
    endloop
  endfacet
  facet normal -0.170956 0.985279 0
    outer loop
      vertex -3.04341 15.3003 42
      vertex -2.28899 15.4312 4
      vertex -3.04341 15.3003 4
    endloop
  endfacet
  facet normal 0.492895 -0.870089 0
    outer loop
      vertex 7.35379 -13.758 4
      vertex 8.02 -13.3806 42
      vertex 7.35379 -13.758 42
    endloop
  endfacet
  facet normal 0.492895 -0.870089 0
    outer loop
      vertex 8.02 -13.3806 42
      vertex 7.35379 -13.758 4
      vertex 8.02 -13.3806 4
    endloop
  endfacet
  facet normal 0.949521 -0.313703 0
    outer loop
      vertex 14.6881 -5.25548 42
      vertex 14.9283 -4.52844 4
      vertex 14.9283 -4.52844 42
    endloop
  endfacet
  facet normal 0.949521 -0.313703 0
    outer loop
      vertex 14.9283 -4.52844 4
      vertex 14.6881 -5.25548 42
      vertex 14.6881 -5.25548 4
    endloop
  endfacet
  facet normal -0.788391 -0.615175 0
    outer loop
      vertex -12.059 -9.89653 4
      vertex -12.53 -9.29291 42
      vertex -12.53 -9.29291 4
    endloop
  endfacet
  facet normal -0.788391 -0.615175 0
    outer loop
      vertex -12.53 -9.29291 42
      vertex -12.059 -9.89653 4
      vertex -12.059 -9.89653 42
    endloop
  endfacet
  facet normal 0.170956 0.985279 -0
    outer loop
      vertex 3.04341 15.3003 4
      vertex 2.28899 15.4312 42
      vertex 3.04341 15.3003 42
    endloop
  endfacet
  facet normal 0.170956 0.985279 0
    outer loop
      vertex 2.28899 15.4312 42
      vertex 3.04341 15.3003 4
      vertex 2.28899 15.4312 4
    endloop
  endfacet
  facet normal 0.535055 -0.844817 0
    outer loop
      vertex 8.02 -13.3806 4
      vertex 8.66689 -12.9709 42
      vertex 8.02 -13.3806 42
    endloop
  endfacet
  facet normal 0.535055 -0.844817 0
    outer loop
      vertex 8.66689 -12.9709 42
      vertex 8.02 -13.3806 4
      vertex 8.66689 -12.9709 4
    endloop
  endfacet
  facet normal -0.997293 -0.0735287 0
    outer loop
      vertex -15.5249 -1.52907 4
      vertex -15.5812 -0.765455 42
      vertex -15.5812 -0.765455 4
    endloop
  endfacet
  facet normal -0.997293 -0.0735287 0
    outer loop
      vertex -15.5812 -0.765455 42
      vertex -15.5249 -1.52907 4
      vertex -15.5249 -1.52907 42
    endloop
  endfacet
  facet normal 0.893257 0.449547 0
    outer loop
      vertex 14.1022 6.66986 42
      vertex 13.758 7.35379 4
      vertex 13.758 7.35379 42
    endloop
  endfacet
  facet normal 0.893257 0.449547 0
    outer loop
      vertex 13.758 7.35379 4
      vertex 14.1022 6.66986 42
      vertex 14.1022 6.66986 4
    endloop
  endfacet
  facet normal -0.788391 0.615175 0
    outer loop
      vertex -12.53 9.29291 4
      vertex -12.059 9.89653 42
      vertex -12.059 9.89653 4
    endloop
  endfacet
  facet normal -0.788391 0.615175 0
    outer loop
      vertex -12.059 9.89653 42
      vertex -12.53 9.29291 4
      vertex -12.53 9.29291 42
    endloop
  endfacet
  facet normal -0.963782 0.266691 0
    outer loop
      vertex -15.1325 3.79049 4
      vertex -14.9283 4.52844 42
      vertex -14.9283 4.52844 4
    endloop
  endfacet
  facet normal -0.963782 0.266691 0
    outer loop
      vertex -14.9283 4.52844 42
      vertex -15.1325 3.79049 4
      vertex -15.1325 3.79049 42
    endloop
  endfacet
  facet normal -0.615175 0.788391 0
    outer loop
      vertex -9.29291 12.53 4
      vertex -9.89653 12.059 42
      vertex -9.29291 12.53 42
    endloop
  endfacet
  facet normal -0.615175 0.788391 0
    outer loop
      vertex -9.89653 12.059 42
      vertex -9.29291 12.53 4
      vertex -9.89653 12.059 4
    endloop
  endfacet
  facet normal 0.997293 -0.0735287 0
    outer loop
      vertex 15.5249 -1.52907 42
      vertex 15.5812 -0.765455 4
      vertex 15.5812 -0.765455 42
    endloop
  endfacet
  facet normal 0.997293 -0.0735287 0
    outer loop
      vertex 15.5812 -0.765455 4
      vertex 15.5249 -1.52907 42
      vertex 15.5249 -1.52907 4
    endloop
  endfacet
  facet normal -0.653238 0.757153 0
    outer loop
      vertex -9.89653 12.059 4
      vertex -10.4763 11.5588 42
      vertex -9.89653 12.059 42
    endloop
  endfacet
  facet normal -0.653238 0.757153 0
    outer loop
      vertex -10.4763 11.5588 42
      vertex -9.89653 12.059 4
      vertex -10.4763 11.5588 4
    endloop
  endfacet
  facet normal 0.449547 0.893257 -0
    outer loop
      vertex 7.35379 13.758 4
      vertex 6.66986 14.1022 42
      vertex 7.35379 13.758 42
    endloop
  endfacet
  facet normal 0.449547 0.893257 0
    outer loop
      vertex 6.66986 14.1022 42
      vertex 7.35379 13.758 4
      vertex 6.66986 14.1022 4
    endloop
  endfacet
  facet normal -0.817581 -0.575814 0
    outer loop
      vertex -12.53 -9.29291 4
      vertex -12.9709 -8.66689 42
      vertex -12.9709 -8.66689 4
    endloop
  endfacet
  facet normal -0.817581 -0.575814 0
    outer loop
      vertex -12.9709 -8.66689 42
      vertex -12.53 -9.29291 4
      vertex -12.53 -9.29291 42
    endloop
  endfacet
  facet normal 0.689456 0.724327 -0
    outer loop
      vertex 11.0309 11.0309 4
      vertex 10.4763 11.5588 42
      vertex 11.0309 11.0309 42
    endloop
  endfacet
  facet normal 0.689456 0.724327 0
    outer loop
      vertex 10.4763 11.5588 42
      vertex 11.0309 11.0309 4
      vertex 10.4763 11.5588 4
    endloop
  endfacet
  facet normal 0.266691 -0.963782 0
    outer loop
      vertex 3.79049 -15.1325 4
      vertex 4.52844 -14.9283 42
      vertex 3.79049 -15.1325 42
    endloop
  endfacet
  facet normal 0.266691 -0.963782 0
    outer loop
      vertex 4.52844 -14.9283 42
      vertex 3.79049 -15.1325 4
      vertex 4.52844 -14.9283 4
    endloop
  endfacet
  facet normal 0.313703 -0.949521 0
    outer loop
      vertex 4.52844 -14.9283 4
      vertex 5.25548 -14.6881 42
      vertex 4.52844 -14.9283 42
    endloop
  endfacet
  facet normal 0.313703 -0.949521 0
    outer loop
      vertex 5.25548 -14.6881 42
      vertex 4.52844 -14.9283 4
      vertex 5.25548 -14.6881 4
    endloop
  endfacet
  facet normal 0.724327 0.689456 0
    outer loop
      vertex 11.5588 10.4763 42
      vertex 11.0309 11.0309 4
      vertex 11.0309 11.0309 42
    endloop
  endfacet
  facet normal 0.724327 0.689456 0
    outer loop
      vertex 11.0309 11.0309 4
      vertex 11.5588 10.4763 42
      vertex 11.5588 10.4763 4
    endloop
  endfacet
  facet normal 0.992484 -0.122376 0
    outer loop
      vertex 15.4312 -2.28899 42
      vertex 15.5249 -1.52907 4
      vertex 15.5249 -1.52907 42
    endloop
  endfacet
  facet normal 0.992484 -0.122376 0
    outer loop
      vertex 15.5249 -1.52907 4
      vertex 15.4312 -2.28899 42
      vertex 15.4312 -2.28899 4
    endloop
  endfacet
  facet normal 0.653238 -0.757153 0
    outer loop
      vertex 9.89653 -12.059 4
      vertex 10.4763 -11.5588 42
      vertex 9.89653 -12.059 42
    endloop
  endfacet
  facet normal 0.653238 -0.757153 0
    outer loop
      vertex 10.4763 -11.5588 42
      vertex 9.89653 -12.059 4
      vertex 10.4763 -11.5588 4
    endloop
  endfacet
  facet normal -0.449547 -0.893257 0
    outer loop
      vertex -7.35379 -13.758 4
      vertex -6.66986 -14.1022 42
      vertex -7.35379 -13.758 42
    endloop
  endfacet
  facet normal -0.449547 -0.893257 -0
    outer loop
      vertex -6.66986 -14.1022 42
      vertex -7.35379 -13.758 4
      vertex -6.66986 -14.1022 4
    endloop
  endfacet
  facet normal -0.999699 -0.0245532 0
    outer loop
      vertex -15.5812 -0.765455 4
      vertex -15.6 0 42
      vertex -15.6 0 4
    endloop
  endfacet
  facet normal -0.999699 -0.0245532 0
    outer loop
      vertex -15.6 0 42
      vertex -15.5812 -0.765455 4
      vertex -15.5812 -0.765455 42
    endloop
  endfacet
  facet normal 0.575814 0.817581 -0
    outer loop
      vertex 9.29291 12.53 4
      vertex 8.66689 12.9709 42
      vertex 9.29291 12.53 42
    endloop
  endfacet
  facet normal 0.575814 0.817581 0
    outer loop
      vertex 8.66689 12.9709 42
      vertex 9.29291 12.53 4
      vertex 8.66689 12.9709 4
    endloop
  endfacet
  facet normal -0.844817 -0.535055 0
    outer loop
      vertex -12.9709 -8.66689 4
      vertex -13.3806 -8.02 42
      vertex -13.3806 -8.02 4
    endloop
  endfacet
  facet normal -0.844817 -0.535055 0
    outer loop
      vertex -13.3806 -8.02 42
      vertex -12.9709 -8.66689 4
      vertex -12.9709 -8.66689 42
    endloop
  endfacet
  facet normal 0.615175 0.788391 -0
    outer loop
      vertex 9.89653 12.059 4
      vertex 9.29291 12.53 42
      vertex 9.89653 12.059 42
    endloop
  endfacet
  facet normal 0.615175 0.788391 0
    outer loop
      vertex 9.29291 12.53 42
      vertex 9.89653 12.059 4
      vertex 9.29291 12.53 4
    endloop
  endfacet
  facet normal -0.492895 0.870089 0
    outer loop
      vertex -7.35379 13.758 4
      vertex -8.02 13.3806 42
      vertex -7.35379 13.758 42
    endloop
  endfacet
  facet normal -0.492895 0.870089 0
    outer loop
      vertex -8.02 13.3806 42
      vertex -7.35379 13.758 4
      vertex -8.02 13.3806 4
    endloop
  endfacet
  facet normal -0.0735287 -0.997293 0
    outer loop
      vertex -1.52907 -15.5249 4
      vertex -0.765455 -15.5812 42
      vertex -1.52907 -15.5249 42
    endloop
  endfacet
  facet normal -0.0735287 -0.997293 -0
    outer loop
      vertex -0.765455 -15.5812 42
      vertex -1.52907 -15.5249 4
      vertex -0.765455 -15.5812 4
    endloop
  endfacet
  facet normal 0.359933 0.932978 -0
    outer loop
      vertex 5.96986 14.4125 4
      vertex 5.25548 14.6881 42
      vertex 5.96986 14.4125 42
    endloop
  endfacet
  facet normal 0.359933 0.932978 0
    outer loop
      vertex 5.25548 14.6881 42
      vertex 5.96986 14.4125 4
      vertex 5.25548 14.6881 4
    endloop
  endfacet
  facet normal -0.724327 0.689456 0
    outer loop
      vertex -11.5588 10.4763 4
      vertex -11.0309 11.0309 42
      vertex -11.0309 11.0309 4
    endloop
  endfacet
  facet normal -0.724327 0.689456 0
    outer loop
      vertex -11.0309 11.0309 42
      vertex -11.5588 10.4763 4
      vertex -11.5588 10.4763 42
    endloop
  endfacet
  facet normal -0.757153 -0.653238 0
    outer loop
      vertex -11.5588 -10.4763 4
      vertex -12.059 -9.89653 42
      vertex -12.059 -9.89653 4
    endloop
  endfacet
  facet normal -0.757153 -0.653238 0
    outer loop
      vertex -12.059 -9.89653 42
      vertex -11.5588 -10.4763 4
      vertex -11.5588 -10.4763 42
    endloop
  endfacet
  facet normal 0.653238 0.757153 -0
    outer loop
      vertex 10.4763 11.5588 4
      vertex 9.89653 12.059 42
      vertex 10.4763 11.5588 42
    endloop
  endfacet
  facet normal 0.653238 0.757153 0
    outer loop
      vertex 9.89653 12.059 42
      vertex 10.4763 11.5588 4
      vertex 9.89653 12.059 4
    endloop
  endfacet
  facet normal -0.359933 0.932978 0
    outer loop
      vertex -5.25548 14.6881 4
      vertex -5.96986 14.4125 42
      vertex -5.25548 14.6881 42
    endloop
  endfacet
  facet normal -0.359933 0.932978 0
    outer loop
      vertex -5.96986 14.4125 42
      vertex -5.25548 14.6881 4
      vertex -5.96986 14.4125 4
    endloop
  endfacet
  facet normal -0.975692 0.219148 0
    outer loop
      vertex -15.3003 3.04341 4
      vertex -15.1325 3.79049 42
      vertex -15.1325 3.79049 4
    endloop
  endfacet
  facet normal -0.975692 0.219148 0
    outer loop
      vertex -15.1325 3.79049 42
      vertex -15.3003 3.04341 4
      vertex -15.3003 3.04341 42
    endloop
  endfacet
  facet normal -0.870089 -0.492895 0
    outer loop
      vertex -13.3806 -8.02 4
      vertex -13.758 -7.35379 42
      vertex -13.758 -7.35379 4
    endloop
  endfacet
  facet normal -0.870089 -0.492895 0
    outer loop
      vertex -13.758 -7.35379 42
      vertex -13.3806 -8.02 4
      vertex -13.3806 -8.02 42
    endloop
  endfacet
  facet normal -0.999699 0.0245532 0
    outer loop
      vertex -15.6 0 4
      vertex -15.5812 0.765455 42
      vertex -15.5812 0.765455 4
    endloop
  endfacet
  facet normal -0.999699 0.0245532 0
    outer loop
      vertex -15.5812 0.765455 42
      vertex -15.6 0 4
      vertex -15.6 0 42
    endloop
  endfacet
  facet normal 0.788391 -0.615175 0
    outer loop
      vertex 12.059 -9.89653 42
      vertex 12.53 -9.29291 4
      vertex 12.53 -9.29291 42
    endloop
  endfacet
  facet normal 0.788391 -0.615175 0
    outer loop
      vertex 12.53 -9.29291 4
      vertex 12.059 -9.89653 42
      vertex 12.059 -9.89653 4
    endloop
  endfacet
  facet normal -0.575814 0.817581 0
    outer loop
      vertex -8.66689 12.9709 4
      vertex -9.29291 12.53 42
      vertex -8.66689 12.9709 42
    endloop
  endfacet
  facet normal -0.575814 0.817581 0
    outer loop
      vertex -9.29291 12.53 42
      vertex -8.66689 12.9709 4
      vertex -9.29291 12.53 4
    endloop
  endfacet
  facet normal 0.575814 -0.817581 0
    outer loop
      vertex 8.66689 -12.9709 4
      vertex 9.29291 -12.53 42
      vertex 8.66689 -12.9709 42
    endloop
  endfacet
  facet normal 0.575814 -0.817581 0
    outer loop
      vertex 9.29291 -12.53 42
      vertex 8.66689 -12.9709 4
      vertex 9.29291 -12.53 4
    endloop
  endfacet
  facet normal 0.817581 0.575814 0
    outer loop
      vertex 12.9709 8.66689 42
      vertex 12.53 9.29291 4
      vertex 12.53 9.29291 42
    endloop
  endfacet
  facet normal 0.817581 0.575814 0
    outer loop
      vertex 12.53 9.29291 4
      vertex 12.9709 8.66689 42
      vertex 12.9709 8.66689 4
    endloop
  endfacet
  facet normal -0.122376 -0.992484 0
    outer loop
      vertex -2.28899 -15.4312 4
      vertex -1.52907 -15.5249 42
      vertex -2.28899 -15.4312 42
    endloop
  endfacet
  facet normal -0.122376 -0.992484 -0
    outer loop
      vertex -1.52907 -15.5249 42
      vertex -2.28899 -15.4312 4
      vertex -1.52907 -15.5249 4
    endloop
  endfacet
  facet normal 0.0245532 -0.999699 0
    outer loop
      vertex 0 -15.6 4
      vertex 0.765455 -15.5812 42
      vertex 0 -15.6 42
    endloop
  endfacet
  facet normal 0.0245532 -0.999699 0
    outer loop
      vertex 0.765455 -15.5812 42
      vertex 0 -15.6 4
      vertex 0.765455 -15.5812 4
    endloop
  endfacet
  facet normal 0.405254 0.914204 -0
    outer loop
      vertex 6.66986 14.1022 4
      vertex 5.96986 14.4125 42
      vertex 6.66986 14.1022 42
    endloop
  endfacet
  facet normal 0.405254 0.914204 0
    outer loop
      vertex 5.96986 14.4125 42
      vertex 6.66986 14.1022 4
      vertex 5.96986 14.4125 4
    endloop
  endfacet
  facet normal 0.724327 -0.689456 0
    outer loop
      vertex 11.0309 -11.0309 42
      vertex 11.5588 -10.4763 4
      vertex 11.5588 -10.4763 42
    endloop
  endfacet
  facet normal 0.724327 -0.689456 0
    outer loop
      vertex 11.5588 -10.4763 4
      vertex 11.0309 -11.0309 42
      vertex 11.0309 -11.0309 4
    endloop
  endfacet
  facet normal 0.757153 -0.653238 0
    outer loop
      vertex 11.5588 -10.4763 42
      vertex 12.059 -9.89653 4
      vertex 12.059 -9.89653 42
    endloop
  endfacet
  facet normal 0.757153 -0.653238 0
    outer loop
      vertex 12.059 -9.89653 4
      vertex 11.5588 -10.4763 42
      vertex 11.5588 -10.4763 4
    endloop
  endfacet
  facet normal -0.535055 0.844817 0
    outer loop
      vertex -8.02 13.3806 4
      vertex -8.66689 12.9709 42
      vertex -8.02 13.3806 42
    endloop
  endfacet
  facet normal -0.535055 0.844817 0
    outer loop
      vertex -8.66689 12.9709 42
      vertex -8.02 13.3806 4
      vertex -8.66689 12.9709 4
    endloop
  endfacet
  facet normal -0.0735287 0.997293 0
    outer loop
      vertex -0.765455 15.5812 4
      vertex -1.52907 15.5249 42
      vertex -0.765455 15.5812 42
    endloop
  endfacet
  facet normal -0.0735287 0.997293 0
    outer loop
      vertex -1.52907 15.5249 42
      vertex -0.765455 15.5812 4
      vertex -1.52907 15.5249 4
    endloop
  endfacet
  facet normal 0.932978 -0.359933 0
    outer loop
      vertex 14.4125 -5.96986 42
      vertex 14.6881 -5.25548 4
      vertex 14.6881 -5.25548 42
    endloop
  endfacet
  facet normal 0.932978 -0.359933 0
    outer loop
      vertex 14.6881 -5.25548 4
      vertex 14.4125 -5.96986 42
      vertex 14.4125 -5.96986 4
    endloop
  endfacet
  facet normal -0.985279 -0.170956 0
    outer loop
      vertex -15.3003 -3.04341 4
      vertex -15.4312 -2.28899 42
      vertex -15.4312 -2.28899 4
    endloop
  endfacet
  facet normal -0.985279 -0.170956 0
    outer loop
      vertex -15.4312 -2.28899 42
      vertex -15.3003 -3.04341 4
      vertex -15.3003 -3.04341 42
    endloop
  endfacet
  facet normal 0.313703 0.949521 -0
    outer loop
      vertex 5.25548 14.6881 4
      vertex 4.52844 14.9283 42
      vertex 5.25548 14.6881 42
    endloop
  endfacet
  facet normal 0.313703 0.949521 0
    outer loop
      vertex 4.52844 14.9283 42
      vertex 5.25548 14.6881 4
      vertex 4.52844 14.9283 4
    endloop
  endfacet
  facet normal -0.914204 -0.405254 0
    outer loop
      vertex -14.1022 -6.66986 4
      vertex -14.4125 -5.96986 42
      vertex -14.4125 -5.96986 4
    endloop
  endfacet
  facet normal -0.914204 -0.405254 0
    outer loop
      vertex -14.4125 -5.96986 42
      vertex -14.1022 -6.66986 4
      vertex -14.1022 -6.66986 42
    endloop
  endfacet
  facet normal 0.870089 -0.492895 0
    outer loop
      vertex 13.3806 -8.02 42
      vertex 13.758 -7.35379 4
      vertex 13.758 -7.35379 42
    endloop
  endfacet
  facet normal 0.870089 -0.492895 0
    outer loop
      vertex 13.758 -7.35379 4
      vertex 13.3806 -8.02 42
      vertex 13.3806 -8.02 4
    endloop
  endfacet
  facet normal -0.170956 -0.985279 0
    outer loop
      vertex -3.04341 -15.3003 4
      vertex -2.28899 -15.4312 42
      vertex -3.04341 -15.3003 42
    endloop
  endfacet
  facet normal -0.170956 -0.985279 -0
    outer loop
      vertex -2.28899 -15.4312 42
      vertex -3.04341 -15.3003 4
      vertex -2.28899 -15.4312 4
    endloop
  endfacet
  facet normal 0.985279 0.170956 0
    outer loop
      vertex 15.4312 2.28899 42
      vertex 15.3003 3.04341 4
      vertex 15.3003 3.04341 42
    endloop
  endfacet
  facet normal 0.985279 0.170956 0
    outer loop
      vertex 15.3003 3.04341 4
      vertex 15.4312 2.28899 42
      vertex 15.4312 2.28899 4
    endloop
  endfacet
  facet normal 0.788391 0.615175 0
    outer loop
      vertex 12.53 9.29291 42
      vertex 12.059 9.89653 4
      vertex 12.059 9.89653 42
    endloop
  endfacet
  facet normal 0.788391 0.615175 0
    outer loop
      vertex 12.059 9.89653 4
      vertex 12.53 9.29291 42
      vertex 12.53 9.29291 4
    endloop
  endfacet
  facet normal -0.757153 0.653238 0
    outer loop
      vertex -12.059 9.89653 4
      vertex -11.5588 10.4763 42
      vertex -11.5588 10.4763 4
    endloop
  endfacet
  facet normal -0.757153 0.653238 0
    outer loop
      vertex -11.5588 10.4763 42
      vertex -12.059 9.89653 4
      vertex -12.059 9.89653 42
    endloop
  endfacet
  facet normal 0.963782 -0.266691 0
    outer loop
      vertex 14.9283 -4.52844 42
      vertex 15.1325 -3.79049 4
      vertex 15.1325 -3.79049 42
    endloop
  endfacet
  facet normal 0.963782 -0.266691 0
    outer loop
      vertex 15.1325 -3.79049 4
      vertex 14.9283 -4.52844 42
      vertex 14.9283 -4.52844 4
    endloop
  endfacet
  facet normal -0.219148 -0.975692 0
    outer loop
      vertex -3.79049 -15.1325 4
      vertex -3.04341 -15.3003 42
      vertex -3.79049 -15.1325 42
    endloop
  endfacet
  facet normal -0.219148 -0.975692 -0
    outer loop
      vertex -3.04341 -15.3003 42
      vertex -3.79049 -15.1325 4
      vertex -3.04341 -15.3003 4
    endloop
  endfacet
  facet normal 0.844817 0.535055 0
    outer loop
      vertex 13.3806 8.02 42
      vertex 12.9709 8.66689 4
      vertex 12.9709 8.66689 42
    endloop
  endfacet
  facet normal 0.844817 0.535055 0
    outer loop
      vertex 12.9709 8.66689 4
      vertex 13.3806 8.02 42
      vertex 13.3806 8.02 4
    endloop
  endfacet
  facet normal -0.997293 0.0735287 0
    outer loop
      vertex -15.5812 0.765455 4
      vertex -15.5249 1.52907 42
      vertex -15.5249 1.52907 4
    endloop
  endfacet
  facet normal -0.997293 0.0735287 0
    outer loop
      vertex -15.5249 1.52907 42
      vertex -15.5812 0.765455 4
      vertex -15.5812 0.765455 42
    endloop
  endfacet
  facet normal 0.266691 0.963782 -0
    outer loop
      vertex 4.52844 14.9283 4
      vertex 3.79049 15.1325 42
      vertex 4.52844 14.9283 42
    endloop
  endfacet
  facet normal 0.266691 0.963782 0
    outer loop
      vertex 3.79049 15.1325 42
      vertex 4.52844 14.9283 4
      vertex 3.79049 15.1325 4
    endloop
  endfacet
  facet normal 0.963782 0.266691 0
    outer loop
      vertex 15.1325 3.79049 42
      vertex 14.9283 4.52844 4
      vertex 14.9283 4.52844 42
    endloop
  endfacet
  facet normal 0.963782 0.266691 0
    outer loop
      vertex 14.9283 4.52844 4
      vertex 15.1325 3.79049 42
      vertex 15.1325 3.79049 4
    endloop
  endfacet
  facet normal -0.870089 0.492895 0
    outer loop
      vertex -13.758 7.35379 4
      vertex -13.3806 8.02 42
      vertex -13.3806 8.02 4
    endloop
  endfacet
  facet normal -0.870089 0.492895 0
    outer loop
      vertex -13.3806 8.02 42
      vertex -13.758 7.35379 4
      vertex -13.758 7.35379 42
    endloop
  endfacet
  facet normal 0.914204 -0.405254 0
    outer loop
      vertex 14.1022 -6.66986 42
      vertex 14.4125 -5.96986 4
      vertex 14.4125 -5.96986 42
    endloop
  endfacet
  facet normal 0.914204 -0.405254 0
    outer loop
      vertex 14.4125 -5.96986 4
      vertex 14.1022 -6.66986 42
      vertex 14.1022 -6.66986 4
    endloop
  endfacet
  facet normal -0.932978 0.359933 0
    outer loop
      vertex -14.6881 5.25548 4
      vertex -14.4125 5.96986 42
      vertex -14.4125 5.96986 4
    endloop
  endfacet
  facet normal -0.932978 0.359933 0
    outer loop
      vertex -14.4125 5.96986 42
      vertex -14.6881 5.25548 4
      vertex -14.6881 5.25548 42
    endloop
  endfacet
  facet normal 0.949521 0.313703 0
    outer loop
      vertex 14.9283 4.52844 42
      vertex 14.6881 5.25548 4
      vertex 14.6881 5.25548 42
    endloop
  endfacet
  facet normal 0.949521 0.313703 0
    outer loop
      vertex 14.6881 5.25548 4
      vertex 14.9283 4.52844 42
      vertex 14.9283 4.52844 4
    endloop
  endfacet
  facet normal -0.724327 -0.689456 0
    outer loop
      vertex -11.0309 -11.0309 4
      vertex -11.5588 -10.4763 42
      vertex -11.5588 -10.4763 4
    endloop
  endfacet
  facet normal -0.724327 -0.689456 0
    outer loop
      vertex -11.5588 -10.4763 42
      vertex -11.0309 -11.0309 4
      vertex -11.0309 -11.0309 42
    endloop
  endfacet
  facet normal 0.170956 -0.985279 0
    outer loop
      vertex 2.28899 -15.4312 4
      vertex 3.04341 -15.3003 42
      vertex 2.28899 -15.4312 42
    endloop
  endfacet
  facet normal 0.170956 -0.985279 0
    outer loop
      vertex 3.04341 -15.3003 42
      vertex 2.28899 -15.4312 4
      vertex 3.04341 -15.3003 4
    endloop
  endfacet
  facet normal 0.870089 0.492895 0
    outer loop
      vertex 13.758 7.35379 42
      vertex 13.3806 8.02 4
      vertex 13.3806 8.02 42
    endloop
  endfacet
  facet normal 0.870089 0.492895 0
    outer loop
      vertex 13.3806 8.02 4
      vertex 13.758 7.35379 42
      vertex 13.758 7.35379 4
    endloop
  endfacet
  facet normal 0.405254 -0.914204 0
    outer loop
      vertex 5.96986 -14.4125 4
      vertex 6.66986 -14.1022 42
      vertex 5.96986 -14.4125 42
    endloop
  endfacet
  facet normal 0.405254 -0.914204 0
    outer loop
      vertex 6.66986 -14.1022 42
      vertex 5.96986 -14.4125 4
      vertex 6.66986 -14.1022 4
    endloop
  endfacet
  facet normal 0.893257 -0.449547 0
    outer loop
      vertex 13.758 -7.35379 42
      vertex 14.1022 -6.66986 4
      vertex 14.1022 -6.66986 42
    endloop
  endfacet
  facet normal 0.893257 -0.449547 0
    outer loop
      vertex 14.1022 -6.66986 4
      vertex 13.758 -7.35379 42
      vertex 13.758 -7.35379 4
    endloop
  endfacet
  facet normal -0.313703 -0.949521 0
    outer loop
      vertex -5.25548 -14.6881 4
      vertex -4.52844 -14.9283 42
      vertex -5.25548 -14.6881 42
    endloop
  endfacet
  facet normal -0.313703 -0.949521 -0
    outer loop
      vertex -4.52844 -14.9283 42
      vertex -5.25548 -14.6881 4
      vertex -4.52844 -14.9283 4
    endloop
  endfacet
  facet normal 0.689456 -0.724327 0
    outer loop
      vertex 10.4763 -11.5588 4
      vertex 11.0309 -11.0309 42
      vertex 10.4763 -11.5588 42
    endloop
  endfacet
  facet normal 0.689456 -0.724327 0
    outer loop
      vertex 11.0309 -11.0309 42
      vertex 10.4763 -11.5588 4
      vertex 11.0309 -11.0309 4
    endloop
  endfacet
  facet normal -0.492895 -0.870089 0
    outer loop
      vertex -8.02 -13.3806 4
      vertex -7.35379 -13.758 42
      vertex -8.02 -13.3806 42
    endloop
  endfacet
  facet normal -0.492895 -0.870089 -0
    outer loop
      vertex -7.35379 -13.758 42
      vertex -8.02 -13.3806 4
      vertex -7.35379 -13.758 4
    endloop
  endfacet
  facet normal -0.689456 0.724327 0
    outer loop
      vertex -10.4763 11.5588 4
      vertex -11.0309 11.0309 42
      vertex -10.4763 11.5588 42
    endloop
  endfacet
  facet normal -0.689456 0.724327 0
    outer loop
      vertex -11.0309 11.0309 42
      vertex -10.4763 11.5588 4
      vertex -11.0309 11.0309 4
    endloop
  endfacet
  facet normal -0.359933 -0.932978 0
    outer loop
      vertex -5.96986 -14.4125 4
      vertex -5.25548 -14.6881 42
      vertex -5.96986 -14.4125 42
    endloop
  endfacet
  facet normal -0.359933 -0.932978 -0
    outer loop
      vertex -5.25548 -14.6881 42
      vertex -5.96986 -14.4125 4
      vertex -5.25548 -14.6881 4
    endloop
  endfacet
  facet normal -0.0245532 0.999699 0
    outer loop
      vertex 0 15.6 4
      vertex -0.765455 15.5812 42
      vertex 0 15.6 42
    endloop
  endfacet
  facet normal -0.0245532 0.999699 0
    outer loop
      vertex -0.765455 15.5812 42
      vertex 0 15.6 4
      vertex -0.765455 15.5812 4
    endloop
  endfacet
  facet normal 0.122376 0.992484 -0
    outer loop
      vertex 2.28899 15.4312 4
      vertex 1.52907 15.5249 42
      vertex 2.28899 15.4312 42
    endloop
  endfacet
  facet normal 0.122376 0.992484 0
    outer loop
      vertex 1.52907 15.5249 42
      vertex 2.28899 15.4312 4
      vertex 1.52907 15.5249 4
    endloop
  endfacet
  facet normal 0.492895 0.870089 -0
    outer loop
      vertex 8.02 13.3806 4
      vertex 7.35379 13.758 42
      vertex 8.02 13.3806 42
    endloop
  endfacet
  facet normal 0.492895 0.870089 0
    outer loop
      vertex 7.35379 13.758 42
      vertex 8.02 13.3806 4
      vertex 7.35379 13.758 4
    endloop
  endfacet
  facet normal -0.313703 0.949521 0
    outer loop
      vertex -4.52844 14.9283 4
      vertex -5.25548 14.6881 42
      vertex -4.52844 14.9283 42
    endloop
  endfacet
  facet normal -0.313703 0.949521 0
    outer loop
      vertex -5.25548 14.6881 42
      vertex -4.52844 14.9283 4
      vertex -5.25548 14.6881 4
    endloop
  endfacet
  facet normal -0.932978 -0.359933 0
    outer loop
      vertex -14.4125 -5.96986 4
      vertex -14.6881 -5.25548 42
      vertex -14.6881 -5.25548 4
    endloop
  endfacet
  facet normal -0.932978 -0.359933 0
    outer loop
      vertex -14.6881 -5.25548 42
      vertex -14.4125 -5.96986 4
      vertex -14.4125 -5.96986 42
    endloop
  endfacet
  facet normal -0.949521 -0.313703 0
    outer loop
      vertex -14.6881 -5.25548 4
      vertex -14.9283 -4.52844 42
      vertex -14.9283 -4.52844 4
    endloop
  endfacet
  facet normal -0.949521 -0.313703 0
    outer loop
      vertex -14.9283 -4.52844 42
      vertex -14.6881 -5.25548 4
      vertex -14.6881 -5.25548 42
    endloop
  endfacet
  facet normal -0.992484 -0.122376 0
    outer loop
      vertex -15.4312 -2.28899 4
      vertex -15.5249 -1.52907 42
      vertex -15.5249 -1.52907 4
    endloop
  endfacet
  facet normal -0.992484 -0.122376 0
    outer loop
      vertex -15.5249 -1.52907 42
      vertex -15.4312 -2.28899 4
      vertex -15.4312 -2.28899 42
    endloop
  endfacet
  facet normal 0.449547 -0.893257 0
    outer loop
      vertex 6.66986 -14.1022 4
      vertex 7.35379 -13.758 42
      vertex 6.66986 -14.1022 42
    endloop
  endfacet
  facet normal 0.449547 -0.893257 0
    outer loop
      vertex 7.35379 -13.758 42
      vertex 6.66986 -14.1022 4
      vertex 7.35379 -13.758 4
    endloop
  endfacet
  facet normal -0.449547 0.893257 0
    outer loop
      vertex -6.66986 14.1022 4
      vertex -7.35379 13.758 42
      vertex -6.66986 14.1022 42
    endloop
  endfacet
  facet normal -0.449547 0.893257 0
    outer loop
      vertex -7.35379 13.758 42
      vertex -6.66986 14.1022 4
      vertex -7.35379 13.758 4
    endloop
  endfacet
  facet normal 0.0735287 0.997293 -0
    outer loop
      vertex 1.52907 15.5249 4
      vertex 0.765455 15.5812 42
      vertex 1.52907 15.5249 42
    endloop
  endfacet
  facet normal 0.0735287 0.997293 0
    outer loop
      vertex 0.765455 15.5812 42
      vertex 1.52907 15.5249 4
      vertex 0.765455 15.5812 4
    endloop
  endfacet
  facet normal 0.0245532 0.999699 -0
    outer loop
      vertex 0.765455 15.5812 4
      vertex 0 15.6 42
      vertex 0.765455 15.5812 42
    endloop
  endfacet
  facet normal 0.0245532 0.999699 0
    outer loop
      vertex 0 15.6 42
      vertex 0.765455 15.5812 4
      vertex 0 15.6 4
    endloop
  endfacet
  facet normal 0.219148 -0.975692 0
    outer loop
      vertex 3.04341 -15.3003 4
      vertex 3.79049 -15.1325 42
      vertex 3.04341 -15.3003 42
    endloop
  endfacet
  facet normal 0.219148 -0.975692 0
    outer loop
      vertex 3.79049 -15.1325 42
      vertex 3.04341 -15.3003 4
      vertex 3.79049 -15.1325 4
    endloop
  endfacet
  facet normal -0.0245532 -0.999699 0
    outer loop
      vertex -0.765455 -15.5812 4
      vertex 0 -15.6 42
      vertex -0.765455 -15.5812 42
    endloop
  endfacet
  facet normal -0.0245532 -0.999699 -0
    outer loop
      vertex 0 -15.6 42
      vertex -0.765455 -15.5812 4
      vertex 0 -15.6 4
    endloop
  endfacet
  facet normal -0.266691 -0.963782 0
    outer loop
      vertex -4.52844 -14.9283 4
      vertex -3.79049 -15.1325 42
      vertex -4.52844 -14.9283 42
    endloop
  endfacet
  facet normal -0.266691 -0.963782 -0
    outer loop
      vertex -3.79049 -15.1325 42
      vertex -4.52844 -14.9283 4
      vertex -3.79049 -15.1325 4
    endloop
  endfacet
  facet normal 0.932978 0.359933 0
    outer loop
      vertex 14.6881 5.25548 42
      vertex 14.4125 5.96986 4
      vertex 14.4125 5.96986 42
    endloop
  endfacet
  facet normal 0.932978 0.359933 0
    outer loop
      vertex 14.4125 5.96986 4
      vertex 14.6881 5.25548 42
      vertex 14.6881 5.25548 4
    endloop
  endfacet
  facet normal 0.914204 0.405254 0
    outer loop
      vertex 14.4125 5.96986 42
      vertex 14.1022 6.66986 4
      vertex 14.1022 6.66986 42
    endloop
  endfacet
  facet normal 0.914204 0.405254 0
    outer loop
      vertex 14.1022 6.66986 4
      vertex 14.4125 5.96986 42
      vertex 14.4125 5.96986 4
    endloop
  endfacet
  facet normal -0.893257 -0.449547 0
    outer loop
      vertex -13.758 -7.35379 4
      vertex -14.1022 -6.66986 42
      vertex -14.1022 -6.66986 4
    endloop
  endfacet
  facet normal -0.893257 -0.449547 0
    outer loop
      vertex -14.1022 -6.66986 42
      vertex -13.758 -7.35379 4
      vertex -13.758 -7.35379 42
    endloop
  endfacet
  facet normal 0.844817 -0.535055 0
    outer loop
      vertex 12.9709 -8.66689 42
      vertex 13.3806 -8.02 4
      vertex 13.3806 -8.02 42
    endloop
  endfacet
  facet normal 0.844817 -0.535055 0
    outer loop
      vertex 13.3806 -8.02 4
      vertex 12.9709 -8.66689 42
      vertex 12.9709 -8.66689 4
    endloop
  endfacet
  facet normal 0.985279 -0.170956 0
    outer loop
      vertex 15.3003 -3.04341 42
      vertex 15.4312 -2.28899 4
      vertex 15.4312 -2.28899 42
    endloop
  endfacet
  facet normal 0.985279 -0.170956 0
    outer loop
      vertex 15.4312 -2.28899 4
      vertex 15.3003 -3.04341 42
      vertex 15.3003 -3.04341 4
    endloop
  endfacet
  facet normal -0.689456 -0.724327 0
    outer loop
      vertex -11.0309 -11.0309 4
      vertex -10.4763 -11.5588 42
      vertex -11.0309 -11.0309 42
    endloop
  endfacet
  facet normal -0.689456 -0.724327 -0
    outer loop
      vertex -10.4763 -11.5588 42
      vertex -11.0309 -11.0309 4
      vertex -10.4763 -11.5588 4
    endloop
  endfacet
  facet normal -0.985279 0.170956 0
    outer loop
      vertex -15.4312 2.28899 4
      vertex -15.3003 3.04341 42
      vertex -15.3003 3.04341 4
    endloop
  endfacet
  facet normal -0.985279 0.170956 0
    outer loop
      vertex -15.3003 3.04341 42
      vertex -15.4312 2.28899 4
      vertex -15.4312 2.28899 42
    endloop
  endfacet
  facet normal -0.992484 0.122376 0
    outer loop
      vertex -15.5249 1.52907 4
      vertex -15.4312 2.28899 42
      vertex -15.4312 2.28899 4
    endloop
  endfacet
  facet normal -0.992484 0.122376 0
    outer loop
      vertex -15.4312 2.28899 42
      vertex -15.5249 1.52907 4
      vertex -15.5249 1.52907 42
    endloop
  endfacet
  facet normal -0.817581 0.575814 0
    outer loop
      vertex -12.9709 8.66689 4
      vertex -12.53 9.29291 42
      vertex -12.53 9.29291 4
    endloop
  endfacet
  facet normal -0.817581 0.575814 0
    outer loop
      vertex -12.53 9.29291 42
      vertex -12.9709 8.66689 4
      vertex -12.9709 8.66689 42
    endloop
  endfacet
  facet normal 0.975692 -0.219148 0
    outer loop
      vertex 15.1325 -3.79049 42
      vertex 15.3003 -3.04341 4
      vertex 15.3003 -3.04341 42
    endloop
  endfacet
  facet normal 0.975692 -0.219148 0
    outer loop
      vertex 15.3003 -3.04341 4
      vertex 15.1325 -3.79049 42
      vertex 15.1325 -3.79049 4
    endloop
  endfacet
  facet normal 0.757153 0.653238 0
    outer loop
      vertex 12.059 9.89653 42
      vertex 11.5588 10.4763 4
      vertex 11.5588 10.4763 42
    endloop
  endfacet
  facet normal 0.757153 0.653238 0
    outer loop
      vertex 11.5588 10.4763 4
      vertex 12.059 9.89653 42
      vertex 12.059 9.89653 4
    endloop
  endfacet
  facet normal -0.219148 0.975692 0
    outer loop
      vertex -3.04341 15.3003 4
      vertex -3.79049 15.1325 42
      vertex -3.04341 15.3003 42
    endloop
  endfacet
  facet normal -0.219148 0.975692 0
    outer loop
      vertex -3.79049 15.1325 42
      vertex -3.04341 15.3003 4
      vertex -3.79049 15.1325 4
    endloop
  endfacet
  facet normal -0.949521 0.313703 0
    outer loop
      vertex -14.9283 4.52844 4
      vertex -14.6881 5.25548 42
      vertex -14.6881 5.25548 4
    endloop
  endfacet
  facet normal -0.949521 0.313703 0
    outer loop
      vertex -14.6881 5.25548 42
      vertex -14.9283 4.52844 4
      vertex -14.9283 4.52844 42
    endloop
  endfacet
  facet normal 0.615175 -0.788391 0
    outer loop
      vertex 9.29291 -12.53 4
      vertex 9.89653 -12.059 42
      vertex 9.29291 -12.53 42
    endloop
  endfacet
  facet normal 0.615175 -0.788391 0
    outer loop
      vertex 9.89653 -12.059 42
      vertex 9.29291 -12.53 4
      vertex 9.89653 -12.059 4
    endloop
  endfacet
  facet normal -0.914204 0.405254 0
    outer loop
      vertex -14.4125 5.96986 4
      vertex -14.1022 6.66986 42
      vertex -14.1022 6.66986 4
    endloop
  endfacet
  facet normal -0.914204 0.405254 0
    outer loop
      vertex -14.1022 6.66986 42
      vertex -14.4125 5.96986 4
      vertex -14.4125 5.96986 42
    endloop
  endfacet
  facet normal -0.266691 0.963782 0
    outer loop
      vertex -3.79049 15.1325 4
      vertex -4.52844 14.9283 42
      vertex -3.79049 15.1325 42
    endloop
  endfacet
  facet normal -0.266691 0.963782 0
    outer loop
      vertex -4.52844 14.9283 42
      vertex -3.79049 15.1325 4
      vertex -4.52844 14.9283 4
    endloop
  endfacet
  facet normal -0.975692 -0.219148 0
    outer loop
      vertex -15.1325 -3.79049 4
      vertex -15.3003 -3.04341 42
      vertex -15.3003 -3.04341 4
    endloop
  endfacet
  facet normal -0.975692 -0.219148 0
    outer loop
      vertex -15.3003 -3.04341 42
      vertex -15.1325 -3.79049 4
      vertex -15.1325 -3.79049 42
    endloop
  endfacet
  facet normal -0.653238 -0.757153 0
    outer loop
      vertex -10.4763 -11.5588 4
      vertex -9.89653 -12.059 42
      vertex -10.4763 -11.5588 42
    endloop
  endfacet
  facet normal -0.653238 -0.757153 -0
    outer loop
      vertex -9.89653 -12.059 42
      vertex -10.4763 -11.5588 4
      vertex -9.89653 -12.059 4
    endloop
  endfacet
  facet normal -0.615175 -0.788391 0
    outer loop
      vertex -9.89653 -12.059 4
      vertex -9.29291 -12.53 42
      vertex -9.89653 -12.059 42
    endloop
  endfacet
  facet normal -0.615175 -0.788391 -0
    outer loop
      vertex -9.29291 -12.53 42
      vertex -9.89653 -12.059 4
      vertex -9.29291 -12.53 4
    endloop
  endfacet
  facet normal -0.575814 -0.817581 0
    outer loop
      vertex -9.29291 -12.53 4
      vertex -8.66689 -12.9709 42
      vertex -9.29291 -12.53 42
    endloop
  endfacet
  facet normal -0.575814 -0.817581 -0
    outer loop
      vertex -8.66689 -12.9709 42
      vertex -9.29291 -12.53 4
      vertex -8.66689 -12.9709 4
    endloop
  endfacet
  facet normal 0.219148 0.975692 -0
    outer loop
      vertex 3.79049 15.1325 4
      vertex 3.04341 15.3003 42
      vertex 3.79049 15.1325 42
    endloop
  endfacet
  facet normal 0.219148 0.975692 0
    outer loop
      vertex 3.04341 15.3003 42
      vertex 3.79049 15.1325 4
      vertex 3.04341 15.3003 4
    endloop
  endfacet
  facet normal -0.963782 -0.266691 0
    outer loop
      vertex -14.9283 -4.52844 4
      vertex -15.1325 -3.79049 42
      vertex -15.1325 -3.79049 4
    endloop
  endfacet
  facet normal -0.963782 -0.266691 0
    outer loop
      vertex -15.1325 -3.79049 42
      vertex -14.9283 -4.52844 4
      vertex -14.9283 -4.52844 42
    endloop
  endfacet
  facet normal -0.893257 0.449547 0
    outer loop
      vertex -14.1022 6.66986 4
      vertex -13.758 7.35379 42
      vertex -13.758 7.35379 4
    endloop
  endfacet
  facet normal -0.893257 0.449547 0
    outer loop
      vertex -13.758 7.35379 42
      vertex -14.1022 6.66986 4
      vertex -14.1022 6.66986 42
    endloop
  endfacet
  facet normal -0.535055 -0.844817 0
    outer loop
      vertex -8.66689 -12.9709 4
      vertex -8.02 -13.3806 42
      vertex -8.66689 -12.9709 42
    endloop
  endfacet
  facet normal -0.535055 -0.844817 -0
    outer loop
      vertex -8.02 -13.3806 42
      vertex -8.66689 -12.9709 4
      vertex -8.02 -13.3806 4
    endloop
  endfacet
  facet normal -0.405254 0.914204 0
    outer loop
      vertex -5.96986 14.4125 4
      vertex -6.66986 14.1022 42
      vertex -5.96986 14.4125 42
    endloop
  endfacet
  facet normal -0.405254 0.914204 0
    outer loop
      vertex -6.66986 14.1022 42
      vertex -5.96986 14.4125 4
      vertex -6.66986 14.1022 4
    endloop
  endfacet
  facet normal -0.405254 -0.914204 0
    outer loop
      vertex -6.66986 -14.1022 4
      vertex -5.96986 -14.4125 42
      vertex -6.66986 -14.1022 42
    endloop
  endfacet
  facet normal -0.405254 -0.914204 -0
    outer loop
      vertex -5.96986 -14.4125 42
      vertex -6.66986 -14.1022 4
      vertex -5.96986 -14.4125 4
    endloop
  endfacet
  facet normal 0.707 0.0173643 0.707
    outer loop
      vertex 15.5812 0.765455 42
      vertex 14.6 0 43
      vertex 15.6 0 42
    endloop
  endfacet
  facet normal -0.512233 0.48762 0.706996
    outer loop
      vertex -10.3238 10.3238 43
      vertex -11.0309 11.0309 42
      vertex -10.8179 9.80476 43
    endloop
  endfacet
  facet normal -0.557561 -0.435061 0.706999
    outer loop
      vertex -11.7268 -8.69721 43
      vertex -12.53 -9.29291 42
      vertex -12.059 -9.89653 42
    endloop
  endfacet
  facet normal 0.286595 0.646535 0.707004
    outer loop
      vertex 6.66986 14.1022 42
      vertex 5.58718 13.4886 43
      vertex 6.2423 13.1982 43
    endloop
  endfacet
  facet normal -0.578222 -0.407236 0.706978
    outer loop
      vertex -12.1395 -8.11133 43
      vertex -12.9709 -8.66689 42
      vertex -12.53 -9.29291 42
    endloop
  endfacet
  facet normal 0.659798 0.254543 0.707018
    outer loop
      vertex 14.4125 5.96986 42
      vertex 13.7465 4.91859 43
      vertex 14.6881 5.25548 42
    endloop
  endfacet
  facet normal -0.461954 0.535495 0.706996
    outer loop
      vertex -9.26214 11.286 43
      vertex -9.89653 12.059 42
      vertex -9.80476 10.8179 43
    endloop
  endfacet
  facet normal -0.154946 0.690042 0.706989
    outer loop
      vertex -2.84832 14.3195 43
      vertex -3.79049 15.1325 42
      vertex -3.54751 14.1625 43
    endloop
  endfacet
  facet normal -0.705293 -0.0520091 0.707006
    outer loop
      vertex -14.5824 -0.716388 43
      vertex -15.5249 -1.52907 42
      vertex -14.5297 -1.43105 43
    endloop
  endfacet
  facet normal 0.34857 0.615317 0.707025
    outer loop
      vertex 7.35379 13.758 42
      vertex 6.88239 12.876 43
      vertex 8.02 13.3806 42
    endloop
  endfacet
  facet normal 0.696795 0.120893 0.707009
    outer loop
      vertex 15.4312 2.28899 42
      vertex 14.3195 2.84832 43
      vertex 14.442 2.14226 43
    endloop
  endfacet
  facet normal 0.286598 -0.646532 0.707006
    outer loop
      vertex 6.66986 -14.1022 42
      vertex 5.58718 -13.4886 43
      vertex 5.96986 -14.4125 42
    endloop
  endfacet
  facet normal 0.690018 0.154983 0.707005
    outer loop
      vertex 15.1325 3.79049 42
      vertex 14.3195 2.84832 43
      vertex 15.3003 3.04341 42
    endloop
  endfacet
  facet normal 0.696797 -0.120902 0.707005
    outer loop
      vertex 15.4312 -2.28899 42
      vertex 14.3195 -2.84832 43
      vertex 15.3003 -3.04341 42
    endloop
  endfacet
  facet normal -0.597549 0.378311 0.706977
    outer loop
      vertex -12.1395 8.11133 43
      vertex -12.9709 8.66689 42
      vertex -12.5228 7.5059 43
    endloop
  endfacet
  facet normal 0.407271 0.578172 0.706999
    outer loop
      vertex 9.29291 12.53 42
      vertex 8.11133 12.1395 43
      vertex 8.69721 11.7268 43
    endloop
  endfacet
  facet normal 0.597549 -0.378311 0.706977
    outer loop
      vertex 12.5228 -7.5059 43
      vertex 12.1395 -8.11133 43
      vertex 12.9709 -8.66689 42
    endloop
  endfacet
  facet normal 0.512266 0.487604 0.706984
    outer loop
      vertex 11.0309 11.0309 42
      vertex 10.8179 9.80476 43
      vertex 11.5588 10.4763 42
    endloop
  endfacet
  facet normal 0.435061 0.557561 0.706999
    outer loop
      vertex 9.29291 12.53 42
      vertex 8.69721 11.7268 43
      vertex 9.89653 12.059 42
    endloop
  endfacet
  facet normal 0.317974 0.631694 0.707004
    outer loop
      vertex 6.66986 14.1022 42
      vertex 6.2423 13.1982 43
      vertex 6.88239 12.876 43
    endloop
  endfacet
  facet normal -0.696795 0.120893 0.707009
    outer loop
      vertex -14.3195 2.84832 43
      vertex -15.4312 2.28899 42
      vertex -14.442 2.14226 43
    endloop
  endfacet
  facet normal 0.701891 0.0865509 0.707006
    outer loop
      vertex 15.5249 1.52907 42
      vertex 14.442 2.14226 43
      vertex 14.5297 1.43105 43
    endloop
  endfacet
  facet normal -0.154983 0.690018 0.707005
    outer loop
      vertex -3.04341 15.3003 42
      vertex -3.79049 15.1325 42
      vertex -2.84832 14.3195 43
    endloop
  endfacet
  facet normal -0.120893 0.696795 0.707009
    outer loop
      vertex -2.28899 15.4312 42
      vertex -2.84832 14.3195 43
      vertex -2.14226 14.442 43
    endloop
  endfacet
  facet normal -0.286598 0.646532 0.707006
    outer loop
      vertex -5.96986 14.4125 42
      vertex -6.66986 14.1022 42
      vertex -5.58718 13.4886 43
    endloop
  endfacet
  facet normal -0.512266 0.487604 0.706984
    outer loop
      vertex -11.0309 11.0309 42
      vertex -11.5588 10.4763 42
      vertex -10.8179 9.80476 43
    endloop
  endfacet
  facet normal -0.535495 -0.461954 0.706996
    outer loop
      vertex -11.286 -9.26214 43
      vertex -12.059 -9.89653 42
      vertex -10.8179 -9.80476 43
    endloop
  endfacet
  facet normal 0.681588 -0.188691 0.706989
    outer loop
      vertex 14.1625 -3.54751 43
      vertex 13.9713 -4.23816 43
      vertex 15.1325 -3.79049 42
    endloop
  endfacet
  facet normal 0.317915 0.631701 0.707025
    outer loop
      vertex 7.35379 13.758 42
      vertex 6.66986 14.1022 42
      vertex 6.88239 12.876 43
    endloop
  endfacet
  facet normal 0.681588 0.188691 0.706989
    outer loop
      vertex 15.1325 3.79049 42
      vertex 13.9713 4.23816 43
      vertex 14.1625 3.54751 43
    endloop
  endfacet
  facet normal 0.221848 -0.671496 0.70702
    outer loop
      vertex 4.91859 -13.7465 43
      vertex 4.23816 -13.9713 43
      vertex 4.52844 -14.9283 42
    endloop
  endfacet
  facet normal 0.535495 -0.461954 0.706996
    outer loop
      vertex 11.286 -9.26214 43
      vertex 10.8179 -9.80476 43
      vertex 12.059 -9.89653 42
    endloop
  endfacet
  facet normal -0.707 0.0173643 0.707
    outer loop
      vertex -15.5812 0.765455 42
      vertex -15.6 0 42
      vertex -14.6 0 43
    endloop
  endfacet
  facet normal -0.578222 0.407236 0.706978
    outer loop
      vertex -12.53 9.29291 42
      vertex -12.9709 8.66689 42
      vertex -12.1395 8.11133 43
    endloop
  endfacet
  facet normal -0.487604 -0.512266 0.706984
    outer loop
      vertex -9.80476 -10.8179 43
      vertex -11.0309 -11.0309 42
      vertex -10.4763 -11.5588 42
    endloop
  endfacet
  facet normal 0.578222 -0.407236 0.706978
    outer loop
      vertex 12.9709 -8.66689 42
      vertex 12.1395 -8.11133 43
      vertex 12.53 -9.29291 42
    endloop
  endfacet
  facet normal -0.597449 0.378387 0.70702
    outer loop
      vertex -12.9709 8.66689 42
      vertex -13.3806 8.02 42
      vertex -12.5228 7.5059 43
    endloop
  endfacet
  facet normal 0.690018 -0.154983 0.707005
    outer loop
      vertex 15.3003 -3.04341 42
      vertex 14.3195 -2.84832 43
      vertex 15.1325 -3.79049 42
    endloop
  endfacet
  facet normal -0.154983 -0.690018 0.707005
    outer loop
      vertex -2.84832 -14.3195 43
      vertex -3.79049 -15.1325 42
      vertex -3.04341 -15.3003 42
    endloop
  endfacet
  facet normal -0.557569 0.435056 0.706996
    outer loop
      vertex -11.286 9.26214 43
      vertex -12.059 9.89653 42
      vertex -11.7268 8.69721 43
    endloop
  endfacet
  facet normal 0.435056 0.557569 0.706996
    outer loop
      vertex 9.89653 12.059 42
      vertex 8.69721 11.7268 43
      vertex 9.26214 11.286 43
    endloop
  endfacet
  facet normal 0.597449 -0.378387 0.70702
    outer loop
      vertex 13.3806 -8.02 42
      vertex 12.5228 -7.5059 43
      vertex 12.9709 -8.66689 42
    endloop
  endfacet
  facet normal -0.0520003 -0.705297 0.707002
    outer loop
      vertex -0.716388 -14.5824 43
      vertex -1.52907 -15.5249 42
      vertex -0.765455 -15.5812 42
    endloop
  endfacet
  facet normal 0.671496 0.221848 0.70702
    outer loop
      vertex 14.9283 4.52844 42
      vertex 13.7465 4.91859 43
      vertex 13.9713 4.23816 43
    endloop
  endfacet
  facet normal -0.317974 0.631694 0.707004
    outer loop
      vertex -6.66986 14.1022 42
      vertex -6.88239 12.876 43
      vertex -6.2423 13.1982 43
    endloop
  endfacet
  facet normal -0.671496 0.221848 0.70702
    outer loop
      vertex -13.7465 4.91859 43
      vertex -14.9283 4.52844 42
      vertex -13.9713 4.23816 43
    endloop
  endfacet
  facet normal 0.407236 -0.578222 0.706978
    outer loop
      vertex 9.29291 -12.53 42
      vertex 8.11133 -12.1395 43
      vertex 8.66689 -12.9709 42
    endloop
  endfacet
  facet normal 0.535495 0.461954 0.706996
    outer loop
      vertex 12.059 9.89653 42
      vertex 10.8179 9.80476 43
      vertex 11.286 9.26214 43
    endloop
  endfacet
  facet normal -0.254517 0.65982 0.707007
    outer loop
      vertex -4.91859 13.7465 43
      vertex -5.96986 14.4125 42
      vertex -5.58718 13.4886 43
    endloop
  endfacet
  facet normal 0.461954 -0.535495 0.706996
    outer loop
      vertex 9.80476 -10.8179 43
      vertex 9.26214 -11.286 43
      vertex 9.89653 -12.059 42
    endloop
  endfacet
  facet normal 0.646532 0.286598 0.707006
    outer loop
      vertex 14.1022 6.66986 42
      vertex 13.4886 5.58718 43
      vertex 14.4125 5.96986 42
    endloop
  endfacet
  facet normal 0.286598 0.646532 0.707006
    outer loop
      vertex 5.96986 14.4125 42
      vertex 5.58718 13.4886 43
      vertex 6.66986 14.1022 42
    endloop
  endfacet
  facet normal 0.705297 0.0520003 0.707002
    outer loop
      vertex 15.5249 1.52907 42
      vertex 14.5824 0.716388 43
      vertex 15.5812 0.765455 42
    endloop
  endfacet
  facet normal -0.690042 0.154946 0.706989
    outer loop
      vertex -14.1625 3.54751 43
      vertex -15.1325 3.79049 42
      vertex -14.3195 2.84832 43
    endloop
  endfacet
  facet normal 0.671496 -0.221849 0.707019
    outer loop
      vertex 14.9283 -4.52844 42
      vertex 13.7465 -4.91859 43
      vertex 14.6881 -5.25548 42
    endloop
  endfacet
  facet normal -0.120902 0.696797 0.707005
    outer loop
      vertex -2.28899 15.4312 42
      vertex -3.04341 15.3003 42
      vertex -2.84832 14.3195 43
    endloop
  endfacet
  facet normal -0.696797 0.120902 0.707005
    outer loop
      vertex -15.3003 3.04341 42
      vertex -15.4312 2.28899 42
      vertex -14.3195 2.84832 43
    endloop
  endfacet
  facet normal -0.65982 0.254517 0.707007
    outer loop
      vertex -13.4886 5.58718 43
      vertex -14.4125 5.96986 42
      vertex -13.7465 4.91859 43
    endloop
  endfacet
  facet normal 0.461954 0.535495 0.706996
    outer loop
      vertex 9.89653 12.059 42
      vertex 9.26214 11.286 43
      vertex 9.80476 10.8179 43
    endloop
  endfacet
  facet normal 0.254517 0.65982 0.707007
    outer loop
      vertex 5.96986 14.4125 42
      vertex 4.91859 13.7465 43
      vertex 5.58718 13.4886 43
    endloop
  endfacet
  facet normal 0.487604 0.512266 0.706984
    outer loop
      vertex 10.4763 11.5588 42
      vertex 9.80476 10.8179 43
      vertex 11.0309 11.0309 42
    endloop
  endfacet
  facet normal -0.0520091 0.705293 0.707006
    outer loop
      vertex -0.716388 14.5824 43
      vertex -1.52907 15.5249 42
      vertex -1.43105 14.5297 43
    endloop
  endfacet
  facet normal -0.378387 0.597449 0.70702
    outer loop
      vertex -8.02 13.3806 42
      vertex -8.66689 12.9709 42
      vertex -7.5059 12.5228 43
    endloop
  endfacet
  facet normal 0.671496 0.221849 0.707019
    outer loop
      vertex 14.6881 5.25548 42
      vertex 13.7465 4.91859 43
      vertex 14.9283 4.52844 42
    endloop
  endfacet
  facet normal 0.188602 -0.681581 0.70702
    outer loop
      vertex 4.23816 -13.9713 43
      vertex 3.79049 -15.1325 42
      vertex 4.52844 -14.9283 42
    endloop
  endfacet
  facet normal -0.671496 -0.221848 0.70702
    outer loop
      vertex -13.9713 -4.23816 43
      vertex -14.9283 -4.52844 42
      vertex -13.7465 -4.91859 43
    endloop
  endfacet
  facet normal -0.46199 0.535482 0.706983
    outer loop
      vertex -9.89653 12.059 42
      vertex -10.4763 11.5588 42
      vertex -9.80476 10.8179 43
    endloop
  endfacet
  facet normal -0.615317 -0.34857 0.707025
    outer loop
      vertex -12.876 -6.88239 43
      vertex -13.758 -7.35379 42
      vertex -13.3806 -8.02 42
    endloop
  endfacet
  facet normal 0.631701 0.317915 0.707025
    outer loop
      vertex 13.758 7.35379 42
      vertex 12.876 6.88239 43
      vertex 14.1022 6.66986 42
    endloop
  endfacet
  facet normal 0.348563 0.615324 0.707022
    outer loop
      vertex 8.02 13.3806 42
      vertex 6.88239 12.876 43
      vertex 7.5059 12.5228 43
    endloop
  endfacet
  facet normal 0.535482 0.46199 0.706983
    outer loop
      vertex 11.5588 10.4763 42
      vertex 10.8179 9.80476 43
      vertex 12.059 9.89653 42
    endloop
  endfacet
  facet normal -0.435061 0.557561 0.706999
    outer loop
      vertex -9.29291 12.53 42
      vertex -9.89653 12.059 42
      vertex -8.69721 11.7268 43
    endloop
  endfacet
  facet normal 0.378387 0.597449 0.70702
    outer loop
      vertex 8.02 13.3806 42
      vertex 7.5059 12.5228 43
      vertex 8.66689 12.9709 42
    endloop
  endfacet
  facet normal -0.696797 -0.120902 0.707005
    outer loop
      vertex -14.3195 -2.84832 43
      vertex -15.4312 -2.28899 42
      vertex -15.3003 -3.04341 42
    endloop
  endfacet
  facet normal 0.578172 0.407271 0.706999
    outer loop
      vertex 12.53 9.29291 42
      vertex 11.7268 8.69721 43
      vertex 12.1395 8.11133 43
    endloop
  endfacet
  facet normal 0.46199 0.535482 0.706983
    outer loop
      vertex 9.89653 12.059 42
      vertex 9.80476 10.8179 43
      vertex 10.4763 11.5588 42
    endloop
  endfacet
  facet normal -0.597549 -0.378311 0.706977
    outer loop
      vertex -12.5228 -7.5059 43
      vertex -12.9709 -8.66689 42
      vertex -12.1395 -8.11133 43
    endloop
  endfacet
  facet normal -0.34857 0.615317 0.707025
    outer loop
      vertex -7.35379 13.758 42
      vertex -8.02 13.3806 42
      vertex -6.88239 12.876 43
    endloop
  endfacet
  facet normal -0.70189 0.0865447 0.707008
    outer loop
      vertex -15.4312 2.28899 42
      vertex -15.5249 1.52907 42
      vertex -14.442 2.14226 43
    endloop
  endfacet
  facet normal 0.707 -0.0173643 0.707
    outer loop
      vertex 15.6 0 42
      vertex 14.6 0 43
      vertex 15.5812 -0.765455 42
    endloop
  endfacet
  facet normal 0.681581 -0.188602 0.70702
    outer loop
      vertex 15.1325 -3.79049 42
      vertex 13.9713 -4.23816 43
      vertex 14.9283 -4.52844 42
    endloop
  endfacet
  facet normal -0.705297 0.0520003 0.707002
    outer loop
      vertex -15.5249 1.52907 42
      vertex -15.5812 0.765455 42
      vertex -14.5824 0.716388 43
    endloop
  endfacet
  facet normal 0.70189 0.0865447 0.707008
    outer loop
      vertex 15.4312 2.28899 42
      vertex 14.442 2.14226 43
      vertex 15.5249 1.52907 42
    endloop
  endfacet
  facet normal 0.701891 -0.0865509 0.707006
    outer loop
      vertex 14.5297 -1.43105 43
      vertex 14.442 -2.14226 43
      vertex 15.5249 -1.52907 42
    endloop
  endfacet
  facet normal -0.696795 -0.120893 0.707009
    outer loop
      vertex -14.442 -2.14226 43
      vertex -15.4312 -2.28899 42
      vertex -14.3195 -2.84832 43
    endloop
  endfacet
  facet normal 0.487604 -0.512266 0.706984
    outer loop
      vertex 11.0309 -11.0309 42
      vertex 9.80476 -10.8179 43
      vertex 10.4763 -11.5588 42
    endloop
  endfacet
  facet normal -0.690018 -0.154983 0.707005
    outer loop
      vertex -14.3195 -2.84832 43
      vertex -15.3003 -3.04341 42
      vertex -15.1325 -3.79049 42
    endloop
  endfacet
  facet normal -0.646532 0.286598 0.707006
    outer loop
      vertex -14.1022 6.66986 42
      vertex -14.4125 5.96986 42
      vertex -13.4886 5.58718 43
    endloop
  endfacet
  facet normal 0.671496 -0.221848 0.70702
    outer loop
      vertex 13.9713 -4.23816 43
      vertex 13.7465 -4.91859 43
      vertex 14.9283 -4.52844 42
    endloop
  endfacet
  facet normal 0.435061 -0.557561 0.706999
    outer loop
      vertex 9.89653 -12.059 42
      vertex 8.69721 -11.7268 43
      vertex 9.29291 -12.53 42
    endloop
  endfacet
  facet normal -0.690018 0.154983 0.707005
    outer loop
      vertex -15.1325 3.79049 42
      vertex -15.3003 3.04341 42
      vertex -14.3195 2.84832 43
    endloop
  endfacet
  facet normal -0.34857 -0.615317 0.707025
    outer loop
      vertex -6.88239 -12.876 43
      vertex -8.02 -13.3806 42
      vertex -7.35379 -13.758 42
    endloop
  endfacet
  facet normal -0.707 -0.0173643 0.707
    outer loop
      vertex -14.6 0 43
      vertex -15.6 0 42
      vertex -15.5812 -0.765455 42
    endloop
  endfacet
  facet normal -0.646535 0.286595 0.707004
    outer loop
      vertex -13.1982 6.2423 43
      vertex -14.1022 6.66986 42
      vertex -13.4886 5.58718 43
    endloop
  endfacet
  facet normal 0.557561 0.435061 0.706999
    outer loop
      vertex 12.059 9.89653 42
      vertex 11.7268 8.69721 43
      vertex 12.53 9.29291 42
    endloop
  endfacet
  facet normal -0.681581 0.188602 0.70702
    outer loop
      vertex -14.9283 4.52844 42
      vertex -15.1325 3.79049 42
      vertex -13.9713 4.23816 43
    endloop
  endfacet
  facet normal 0.48762 0.512233 0.706996
    outer loop
      vertex 11.0309 11.0309 42
      vertex 9.80476 10.8179 43
      vertex 10.3238 10.3238 43
    endloop
  endfacet
  facet normal 0.681581 0.188602 0.70702
    outer loop
      vertex 14.9283 4.52844 42
      vertex 13.9713 4.23816 43
      vertex 15.1325 3.79049 42
    endloop
  endfacet
  facet normal -0.557561 0.435061 0.706999
    outer loop
      vertex -12.059 9.89653 42
      vertex -12.53 9.29291 42
      vertex -11.7268 8.69721 43
    endloop
  endfacet
  facet normal 0.557569 -0.435056 0.706996
    outer loop
      vertex 11.7268 -8.69721 43
      vertex 11.286 -9.26214 43
      vertex 12.059 -9.89653 42
    endloop
  endfacet
  facet normal -0.512233 -0.48762 0.706996
    outer loop
      vertex -10.8179 -9.80476 43
      vertex -11.0309 -11.0309 42
      vertex -10.3238 -10.3238 43
    endloop
  endfacet
  facet normal 0.646532 -0.286598 0.707006
    outer loop
      vertex 14.4125 -5.96986 42
      vertex 13.4886 -5.58718 43
      vertex 14.1022 -6.66986 42
    endloop
  endfacet
  facet normal -0.512266 -0.487604 0.706984
    outer loop
      vertex -10.8179 -9.80476 43
      vertex -11.5588 -10.4763 42
      vertex -11.0309 -11.0309 42
    endloop
  endfacet
  facet normal 0.578222 0.407236 0.706978
    outer loop
      vertex 12.53 9.29291 42
      vertex 12.1395 8.11133 43
      vertex 12.9709 8.66689 42
    endloop
  endfacet
  facet normal -0.535482 -0.46199 0.706983
    outer loop
      vertex -10.8179 -9.80476 43
      vertex -12.059 -9.89653 42
      vertex -11.5588 -10.4763 42
    endloop
  endfacet
  facet normal 0.154946 0.690042 0.706989
    outer loop
      vertex 3.79049 15.1325 42
      vertex 2.84832 14.3195 43
      vertex 3.54751 14.1625 43
    endloop
  endfacet
  facet normal 0.188602 0.681581 0.70702
    outer loop
      vertex 4.52844 14.9283 42
      vertex 3.79049 15.1325 42
      vertex 4.23816 13.9713 43
    endloop
  endfacet
  facet normal -0.615324 0.348563 0.707022
    outer loop
      vertex -12.5228 7.5059 43
      vertex -13.3806 8.02 42
      vertex -12.876 6.88239 43
    endloop
  endfacet
  facet normal 0.254517 -0.65982 0.707007
    outer loop
      vertex 5.58718 -13.4886 43
      vertex 4.91859 -13.7465 43
      vertex 5.96986 -14.4125 42
    endloop
  endfacet
  facet normal -0.378311 -0.597549 0.706977
    outer loop
      vertex -8.11133 -12.1395 43
      vertex -8.66689 -12.9709 42
      vertex -7.5059 -12.5228 43
    endloop
  endfacet
  facet normal -0.188691 0.681588 0.706989
    outer loop
      vertex -3.79049 15.1325 42
      vertex -4.23816 13.9713 43
      vertex -3.54751 14.1625 43
    endloop
  endfacet
  facet normal 0.631701 -0.317915 0.707025
    outer loop
      vertex 14.1022 -6.66986 42
      vertex 12.876 -6.88239 43
      vertex 13.758 -7.35379 42
    endloop
  endfacet
  facet normal -0.659798 0.254543 0.707018
    outer loop
      vertex -14.4125 5.96986 42
      vertex -14.6881 5.25548 42
      vertex -13.7465 4.91859 43
    endloop
  endfacet
  facet normal 0.317915 -0.631701 0.707025
    outer loop
      vertex 6.88239 -12.876 43
      vertex 6.66986 -14.1022 42
      vertex 7.35379 -13.758 42
    endloop
  endfacet
  facet normal -0.378387 -0.597449 0.70702
    outer loop
      vertex -7.5059 -12.5228 43
      vertex -8.66689 -12.9709 42
      vertex -8.02 -13.3806 42
    endloop
  endfacet
  facet normal 0.46199 -0.535482 0.706983
    outer loop
      vertex 10.4763 -11.5588 42
      vertex 9.80476 -10.8179 43
      vertex 9.89653 -12.059 42
    endloop
  endfacet
  facet normal 0.631694 0.317974 0.707004
    outer loop
      vertex 14.1022 6.66986 42
      vertex 12.876 6.88239 43
      vertex 13.1982 6.2423 43
    endloop
  endfacet
  facet normal -0.46199 -0.535482 0.706983
    outer loop
      vertex -9.80476 -10.8179 43
      vertex -10.4763 -11.5588 42
      vertex -9.89653 -12.059 42
    endloop
  endfacet
  facet normal 0.0173643 0.707 0.707
    outer loop
      vertex 0 15.6 42
      vertex 0 14.6 43
      vertex 0.765455 15.5812 42
    endloop
  endfacet
  facet normal -0.487604 0.512266 0.706984
    outer loop
      vertex -10.4763 11.5588 42
      vertex -11.0309 11.0309 42
      vertex -9.80476 10.8179 43
    endloop
  endfacet
  facet normal -0.690042 -0.154946 0.706989
    outer loop
      vertex -14.3195 -2.84832 43
      vertex -15.1325 -3.79049 42
      vertex -14.1625 -3.54751 43
    endloop
  endfacet
  facet normal 0.615324 0.348563 0.707022
    outer loop
      vertex 13.3806 8.02 42
      vertex 12.5228 7.5059 43
      vertex 12.876 6.88239 43
    endloop
  endfacet
  facet normal 0.557561 -0.435061 0.706999
    outer loop
      vertex 12.53 -9.29291 42
      vertex 11.7268 -8.69721 43
      vertex 12.059 -9.89653 42
    endloop
  endfacet
  facet normal 0.70189 -0.0865447 0.707008
    outer loop
      vertex 15.5249 -1.52907 42
      vertex 14.442 -2.14226 43
      vertex 15.4312 -2.28899 42
    endloop
  endfacet
  facet normal -0.0173643 0.707 0.707
    outer loop
      vertex 0 15.6 42
      vertex -0.765455 15.5812 42
      vertex 0 14.6 43
    endloop
  endfacet
  facet normal -0.535495 0.461954 0.706996
    outer loop
      vertex -10.8179 9.80476 43
      vertex -12.059 9.89653 42
      vertex -11.286 9.26214 43
    endloop
  endfacet
  facet normal -0.535482 0.46199 0.706983
    outer loop
      vertex -11.5588 10.4763 42
      vertex -12.059 9.89653 42
      vertex -10.8179 9.80476 43
    endloop
  endfacet
  facet normal -0.254543 0.659798 0.707018
    outer loop
      vertex -5.25548 14.6881 42
      vertex -5.96986 14.4125 42
      vertex -4.91859 13.7465 43
    endloop
  endfacet
  facet normal 0.597549 0.378311 0.706977
    outer loop
      vertex 12.9709 8.66689 42
      vertex 12.1395 8.11133 43
      vertex 12.5228 7.5059 43
    endloop
  endfacet
  facet normal 0.597449 0.378387 0.70702
    outer loop
      vertex 12.9709 8.66689 42
      vertex 12.5228 7.5059 43
      vertex 13.3806 8.02 42
    endloop
  endfacet
  facet normal -0.317915 0.631701 0.707025
    outer loop
      vertex -6.66986 14.1022 42
      vertex -7.35379 13.758 42
      vertex -6.88239 12.876 43
    endloop
  endfacet
  facet normal 0.615317 0.34857 0.707025
    outer loop
      vertex 13.3806 8.02 42
      vertex 12.876 6.88239 43
      vertex 13.758 7.35379 42
    endloop
  endfacet
  facet normal 0.696797 0.120902 0.707005
    outer loop
      vertex 15.3003 3.04341 42
      vertex 14.3195 2.84832 43
      vertex 15.4312 2.28899 42
    endloop
  endfacet
  facet normal 0 0 1
    outer loop
      vertex 13.2 0 43
      vertex 14.6 0 43
      vertex 14.5824 0.716388 43
    endloop
  endfacet
  facet normal 0 0 1
    outer loop
      vertex 13.1841 0.647693 43
      vertex 14.5824 0.716388 43
      vertex 14.5297 1.43105 43
    endloop
  endfacet
  facet normal 0 0 1
    outer loop
      vertex 14.6 0 43
      vertex 13.2 0 43
      vertex 14.5824 -0.716388 43
    endloop
  endfacet
  facet normal 0 0 1
    outer loop
      vertex 13.1364 1.29383 43
      vertex 14.5297 1.43105 43
      vertex 14.442 2.14226 43
    endloop
  endfacet
  facet normal -0 0 1
    outer loop
      vertex 13.1841 -0.647693 43
      vertex 14.5824 -0.716388 43
      vertex 13.2 0 43
    endloop
  endfacet
  facet normal 0 0 1
    outer loop
      vertex 13.0571 1.93684 43
      vertex 14.442 2.14226 43
      vertex 14.3195 2.84832 43
    endloop
  endfacet
  facet normal 0 0 1
    outer loop
      vertex 14.5824 -0.716388 43
      vertex 13.1841 -0.647693 43
      vertex 14.5297 -1.43105 43
    endloop
  endfacet
  facet normal 0 0 1
    outer loop
      vertex 12.9464 2.57519 43
      vertex 14.3195 2.84832 43
      vertex 14.1625 3.54751 43
    endloop
  endfacet
  facet normal -0 0 1
    outer loop
      vertex 13.1364 -1.29383 43
      vertex 14.5297 -1.43105 43
      vertex 13.1841 -0.647693 43
    endloop
  endfacet
  facet normal 0 0 1
    outer loop
      vertex 12.8044 3.20734 43
      vertex 14.1625 3.54751 43
      vertex 13.9713 4.23816 43
    endloop
  endfacet
  facet normal 0 0 1
    outer loop
      vertex 14.5297 -1.43105 43
      vertex 13.1364 -1.29383 43
      vertex 14.442 -2.14226 43
    endloop
  endfacet
  facet normal 0 0 1
    outer loop
      vertex 12.6316 3.83176 43
      vertex 13.9713 4.23816 43
      vertex 13.7465 4.91859 43
    endloop
  endfacet
  facet normal -0 0 1
    outer loop
      vertex 13.0571 -1.93684 43
      vertex 14.442 -2.14226 43
      vertex 13.1364 -1.29383 43
    endloop
  endfacet
  facet normal 0 0 1
    outer loop
      vertex 12.4284 4.44695 43
      vertex 13.7465 4.91859 43
      vertex 13.4886 5.58718 43
    endloop
  endfacet
  facet normal 0 0 1
    outer loop
      vertex 14.442 -2.14226 43
      vertex 13.0571 -1.93684 43
      vertex 14.3195 -2.84832 43
    endloop
  endfacet
  facet normal -0 0 1
    outer loop
      vertex 12.9464 -2.57519 43
      vertex 14.3195 -2.84832 43
      vertex 13.0571 -1.93684 43
    endloop
  endfacet
  facet normal 0 0 1
    outer loop
      vertex 12.1952 5.05142 43
      vertex 13.4886 5.58718 43
      vertex 13.1982 6.2423 43
    endloop
  endfacet
  facet normal 0 0 1
    outer loop
      vertex 14.5824 0.716388 43
      vertex 13.1841 0.647693 43
      vertex 13.2 0 43
    endloop
  endfacet
  facet normal 0 0 1
    outer loop
      vertex 14.5297 1.43105 43
      vertex 13.1364 1.29383 43
      vertex 13.1841 0.647693 43
    endloop
  endfacet
  facet normal 0 0 1
    outer loop
      vertex 14.442 2.14226 43
      vertex 13.0571 1.93684 43
      vertex 13.1364 1.29383 43
    endloop
  endfacet
  facet normal 0 0 1
    outer loop
      vertex 14.3195 2.84832 43
      vertex 12.9464 2.57519 43
      vertex 13.0571 1.93684 43
    endloop
  endfacet
  facet normal 0 0 1
    outer loop
      vertex 11.9327 5.64373 43
      vertex 13.1982 6.2423 43
      vertex 12.876 6.88239 43
    endloop
  endfacet
  facet normal 0 0 1
    outer loop
      vertex 14.1625 3.54751 43
      vertex 12.8044 3.20734 43
      vertex 12.9464 2.57519 43
    endloop
  endfacet
  facet normal 0 0 1
    outer loop
      vertex 13.9713 4.23816 43
      vertex 12.6316 3.83176 43
      vertex 12.8044 3.20734 43
    endloop
  endfacet
  facet normal 0 0 1
    outer loop
      vertex 11.6414 6.22244 43
      vertex 12.876 6.88239 43
      vertex 12.5228 7.5059 43
    endloop
  endfacet
  facet normal 0 0 1
    outer loop
      vertex 13.7465 4.91859 43
      vertex 12.4284 4.44695 43
      vertex 12.6316 3.83176 43
    endloop
  endfacet
  facet normal 0 0 1
    outer loop
      vertex 13.4886 5.58718 43
      vertex 12.1952 5.05142 43
      vertex 12.4284 4.44695 43
    endloop
  endfacet
  facet normal 0 0 1
    outer loop
      vertex 11.322 6.78616 43
      vertex 12.5228 7.5059 43
      vertex 12.1395 8.11133 43
    endloop
  endfacet
  facet normal 0 0 1
    outer loop
      vertex 13.1982 6.2423 43
      vertex 11.9327 5.64373 43
      vertex 12.1952 5.05142 43
    endloop
  endfacet
  facet normal 0 0 1
    outer loop
      vertex 10.9754 7.33353 43
      vertex 12.1395 8.11133 43
      vertex 11.7268 8.69721 43
    endloop
  endfacet
  facet normal 0 0 1
    outer loop
      vertex 12.876 6.88239 43
      vertex 11.6414 6.22244 43
      vertex 11.9327 5.64373 43
    endloop
  endfacet
  facet normal 0 0 1
    outer loop
      vertex 12.5228 7.5059 43
      vertex 11.322 6.78616 43
      vertex 11.6414 6.22244 43
    endloop
  endfacet
  facet normal 0 0 1
    outer loop
      vertex 10.6023 7.86323 43
      vertex 11.7268 8.69721 43
      vertex 11.286 9.26214 43
    endloop
  endfacet
  facet normal 0 0 1
    outer loop
      vertex 12.1395 8.11133 43
      vertex 10.9754 7.33353 43
      vertex 11.322 6.78616 43
    endloop
  endfacet
  facet normal 0 0 1
    outer loop
      vertex 10.2037 8.37399 43
      vertex 11.286 9.26214 43
      vertex 10.8179 9.80476 43
    endloop
  endfacet
  facet normal 0 0 1
    outer loop
      vertex 11.7268 8.69721 43
      vertex 10.6023 7.86323 43
      vertex 10.9754 7.33353 43
    endloop
  endfacet
  facet normal 0 0 1
    outer loop
      vertex 9.78055 8.86458 43
      vertex 10.8179 9.80476 43
      vertex 10.3238 10.3238 43
    endloop
  endfacet
  facet normal 0 0 1
    outer loop
      vertex 11.286 9.26214 43
      vertex 10.2037 8.37399 43
      vertex 10.6023 7.86323 43
    endloop
  endfacet
  facet normal 0 0 1
    outer loop
      vertex 9.33381 9.33381 43
      vertex 10.3238 10.3238 43
      vertex 9.80476 10.8179 43
    endloop
  endfacet
  facet normal 0 0 1
    outer loop
      vertex 10.8179 9.80476 43
      vertex 9.78055 8.86458 43
      vertex 10.2037 8.37399 43
    endloop
  endfacet
  facet normal 0 0 1
    outer loop
      vertex 10.3238 10.3238 43
      vertex 9.33381 9.33381 43
      vertex 9.78055 8.86458 43
    endloop
  endfacet
  facet normal 0 0 1
    outer loop
      vertex 8.86458 9.78055 43
      vertex 9.80476 10.8179 43
      vertex 9.26214 11.286 43
    endloop
  endfacet
  facet normal 0 0 1
    outer loop
      vertex 9.80476 10.8179 43
      vertex 8.86458 9.78055 43
      vertex 9.33381 9.33381 43
    endloop
  endfacet
  facet normal 0 0 1
    outer loop
      vertex 8.37399 10.2037 43
      vertex 9.26214 11.286 43
      vertex 8.69721 11.7268 43
    endloop
  endfacet
  facet normal 0 0 1
    outer loop
      vertex 9.26214 11.286 43
      vertex 8.37399 10.2037 43
      vertex 8.86458 9.78055 43
    endloop
  endfacet
  facet normal 0 0 1
    outer loop
      vertex 7.86323 10.6023 43
      vertex 8.69721 11.7268 43
      vertex 8.11133 12.1395 43
    endloop
  endfacet
  facet normal 0 0 1
    outer loop
      vertex 8.69721 11.7268 43
      vertex 7.86323 10.6023 43
      vertex 8.37399 10.2037 43
    endloop
  endfacet
  facet normal 0 0 1
    outer loop
      vertex 7.33353 10.9754 43
      vertex 8.11133 12.1395 43
      vertex 7.5059 12.5228 43
    endloop
  endfacet
  facet normal 0 0 1
    outer loop
      vertex 8.11133 12.1395 43
      vertex 7.33353 10.9754 43
      vertex 7.86323 10.6023 43
    endloop
  endfacet
  facet normal 0 0 1
    outer loop
      vertex 6.78616 11.322 43
      vertex 7.5059 12.5228 43
      vertex 6.88239 12.876 43
    endloop
  endfacet
  facet normal 0 0 1
    outer loop
      vertex 7.5059 12.5228 43
      vertex 6.78616 11.322 43
      vertex 7.33353 10.9754 43
    endloop
  endfacet
  facet normal 0 0 1
    outer loop
      vertex 6.22244 11.6414 43
      vertex 6.88239 12.876 43
      vertex 6.2423 13.1982 43
    endloop
  endfacet
  facet normal 0 0 1
    outer loop
      vertex 6.88239 12.876 43
      vertex 6.22244 11.6414 43
      vertex 6.78616 11.322 43
    endloop
  endfacet
  facet normal 0 0 1
    outer loop
      vertex 6.2423 13.1982 43
      vertex 5.64373 11.9327 43
      vertex 6.22244 11.6414 43
    endloop
  endfacet
  facet normal 0 0 1
    outer loop
      vertex 5.58718 13.4886 43
      vertex 5.64373 11.9327 43
      vertex 6.2423 13.1982 43
    endloop
  endfacet
  facet normal 0 0 1
    outer loop
      vertex 5.58718 13.4886 43
      vertex 5.05142 12.1952 43
      vertex 5.64373 11.9327 43
    endloop
  endfacet
  facet normal 0 0 1
    outer loop
      vertex 4.91859 13.7465 43
      vertex 5.05142 12.1952 43
      vertex 5.58718 13.4886 43
    endloop
  endfacet
  facet normal 0 0 1
    outer loop
      vertex 4.91859 13.7465 43
      vertex 4.44695 12.4284 43
      vertex 5.05142 12.1952 43
    endloop
  endfacet
  facet normal 0 0 1
    outer loop
      vertex 4.23816 13.9713 43
      vertex 4.44695 12.4284 43
      vertex 4.91859 13.7465 43
    endloop
  endfacet
  facet normal 0 0 1
    outer loop
      vertex 4.23816 13.9713 43
      vertex 3.83176 12.6316 43
      vertex 4.44695 12.4284 43
    endloop
  endfacet
  facet normal 0 0 1
    outer loop
      vertex 3.54751 14.1625 43
      vertex 3.83176 12.6316 43
      vertex 4.23816 13.9713 43
    endloop
  endfacet
  facet normal 0 0 1
    outer loop
      vertex 3.54751 14.1625 43
      vertex 3.20734 12.8044 43
      vertex 3.83176 12.6316 43
    endloop
  endfacet
  facet normal 0 0 1
    outer loop
      vertex 2.84832 14.3195 43
      vertex 3.20734 12.8044 43
      vertex 3.54751 14.1625 43
    endloop
  endfacet
  facet normal 0 0 1
    outer loop
      vertex 2.84832 14.3195 43
      vertex 2.57519 12.9464 43
      vertex 3.20734 12.8044 43
    endloop
  endfacet
  facet normal 0 0 1
    outer loop
      vertex 2.14226 14.442 43
      vertex 2.57519 12.9464 43
      vertex 2.84832 14.3195 43
    endloop
  endfacet
  facet normal 0 0 1
    outer loop
      vertex 2.14226 14.442 43
      vertex 1.93684 13.0571 43
      vertex 2.57519 12.9464 43
    endloop
  endfacet
  facet normal 0 0 1
    outer loop
      vertex 1.43105 14.5297 43
      vertex 1.93684 13.0571 43
      vertex 2.14226 14.442 43
    endloop
  endfacet
  facet normal 0 0 1
    outer loop
      vertex 1.43105 14.5297 43
      vertex 1.29383 13.1364 43
      vertex 1.93684 13.0571 43
    endloop
  endfacet
  facet normal 0 0 1
    outer loop
      vertex 0.716388 14.5824 43
      vertex 1.29383 13.1364 43
      vertex 1.43105 14.5297 43
    endloop
  endfacet
  facet normal 0 0 1
    outer loop
      vertex 0.716388 14.5824 43
      vertex 0.647693 13.1841 43
      vertex 1.29383 13.1364 43
    endloop
  endfacet
  facet normal 0 0 1
    outer loop
      vertex 0 14.6 43
      vertex 0.647693 13.1841 43
      vertex 0.716388 14.5824 43
    endloop
  endfacet
  facet normal 0 0 1
    outer loop
      vertex 0 14.6 43
      vertex 0 13.2 43
      vertex 0.647693 13.1841 43
    endloop
  endfacet
  facet normal 0 0 1
    outer loop
      vertex 0 14.6 43
      vertex -0.647693 13.1841 43
      vertex 0 13.2 43
    endloop
  endfacet
  facet normal -0 0 1
    outer loop
      vertex -0.716388 14.5824 43
      vertex -0.647693 13.1841 43
      vertex 0 14.6 43
    endloop
  endfacet
  facet normal 0 0 1
    outer loop
      vertex -0.716388 14.5824 43
      vertex -1.29383 13.1364 43
      vertex -0.647693 13.1841 43
    endloop
  endfacet
  facet normal -0 0 1
    outer loop
      vertex -1.43105 14.5297 43
      vertex -1.29383 13.1364 43
      vertex -0.716388 14.5824 43
    endloop
  endfacet
  facet normal 0 0 1
    outer loop
      vertex -1.43105 14.5297 43
      vertex -1.93684 13.0571 43
      vertex -1.29383 13.1364 43
    endloop
  endfacet
  facet normal -0 0 1
    outer loop
      vertex -2.14226 14.442 43
      vertex -1.93684 13.0571 43
      vertex -1.43105 14.5297 43
    endloop
  endfacet
  facet normal 0 0 1
    outer loop
      vertex -2.14226 14.442 43
      vertex -2.57519 12.9464 43
      vertex -1.93684 13.0571 43
    endloop
  endfacet
  facet normal -0 0 1
    outer loop
      vertex -2.84832 14.3195 43
      vertex -2.57519 12.9464 43
      vertex -2.14226 14.442 43
    endloop
  endfacet
  facet normal 0 0 1
    outer loop
      vertex -2.84832 14.3195 43
      vertex -3.20734 12.8044 43
      vertex -2.57519 12.9464 43
    endloop
  endfacet
  facet normal -0 0 1
    outer loop
      vertex -3.54751 14.1625 43
      vertex -3.20734 12.8044 43
      vertex -2.84832 14.3195 43
    endloop
  endfacet
  facet normal 0 0 1
    outer loop
      vertex -3.54751 14.1625 43
      vertex -3.83176 12.6316 43
      vertex -3.20734 12.8044 43
    endloop
  endfacet
  facet normal -0 0 1
    outer loop
      vertex -4.23816 13.9713 43
      vertex -3.83176 12.6316 43
      vertex -3.54751 14.1625 43
    endloop
  endfacet
  facet normal 0 0 1
    outer loop
      vertex -4.23816 13.9713 43
      vertex -4.44695 12.4284 43
      vertex -3.83176 12.6316 43
    endloop
  endfacet
  facet normal -0 0 1
    outer loop
      vertex -4.91859 13.7465 43
      vertex -4.44695 12.4284 43
      vertex -4.23816 13.9713 43
    endloop
  endfacet
  facet normal 0 0 1
    outer loop
      vertex -4.91859 13.7465 43
      vertex -5.05142 12.1952 43
      vertex -4.44695 12.4284 43
    endloop
  endfacet
  facet normal -0 0 1
    outer loop
      vertex -5.58718 13.4886 43
      vertex -5.05142 12.1952 43
      vertex -4.91859 13.7465 43
    endloop
  endfacet
  facet normal 0 0 1
    outer loop
      vertex -5.58718 13.4886 43
      vertex -5.64373 11.9327 43
      vertex -5.05142 12.1952 43
    endloop
  endfacet
  facet normal -0 0 1
    outer loop
      vertex -6.2423 13.1982 43
      vertex -5.64373 11.9327 43
      vertex -5.58718 13.4886 43
    endloop
  endfacet
  facet normal 0 0 1
    outer loop
      vertex -5.64373 11.9327 43
      vertex -6.2423 13.1982 43
      vertex -6.22244 11.6414 43
    endloop
  endfacet
  facet normal -0 0 1
    outer loop
      vertex -6.88239 12.876 43
      vertex -6.22244 11.6414 43
      vertex -6.2423 13.1982 43
    endloop
  endfacet
  facet normal 0 0 1
    outer loop
      vertex -6.22244 11.6414 43
      vertex -6.88239 12.876 43
      vertex -6.78616 11.322 43
    endloop
  endfacet
  facet normal -0 0 1
    outer loop
      vertex -7.5059 12.5228 43
      vertex -6.78616 11.322 43
      vertex -6.88239 12.876 43
    endloop
  endfacet
  facet normal 0 0 1
    outer loop
      vertex -6.78616 11.322 43
      vertex -7.5059 12.5228 43
      vertex -7.33353 10.9754 43
    endloop
  endfacet
  facet normal -0 0 1
    outer loop
      vertex -8.11133 12.1395 43
      vertex -7.33353 10.9754 43
      vertex -7.5059 12.5228 43
    endloop
  endfacet
  facet normal 0 0 1
    outer loop
      vertex -7.33353 10.9754 43
      vertex -8.11133 12.1395 43
      vertex -7.86323 10.6023 43
    endloop
  endfacet
  facet normal -0 0 1
    outer loop
      vertex -8.69721 11.7268 43
      vertex -7.86323 10.6023 43
      vertex -8.11133 12.1395 43
    endloop
  endfacet
  facet normal 0 0 1
    outer loop
      vertex -7.86323 10.6023 43
      vertex -8.69721 11.7268 43
      vertex -8.37399 10.2037 43
    endloop
  endfacet
  facet normal -0 0 1
    outer loop
      vertex -9.26214 11.286 43
      vertex -8.37399 10.2037 43
      vertex -8.69721 11.7268 43
    endloop
  endfacet
  facet normal 0 0 1
    outer loop
      vertex -8.37399 10.2037 43
      vertex -9.26214 11.286 43
      vertex -8.86458 9.78055 43
    endloop
  endfacet
  facet normal -0 0 1
    outer loop
      vertex -9.80476 10.8179 43
      vertex -8.86458 9.78055 43
      vertex -9.26214 11.286 43
    endloop
  endfacet
  facet normal 0 0 1
    outer loop
      vertex -8.86458 9.78055 43
      vertex -9.80476 10.8179 43
      vertex -9.33381 9.33381 43
    endloop
  endfacet
  facet normal -0 0 1
    outer loop
      vertex -10.3238 10.3238 43
      vertex -9.33381 9.33381 43
      vertex -9.80476 10.8179 43
    endloop
  endfacet
  facet normal 0 0 1
    outer loop
      vertex -9.33381 9.33381 43
      vertex -10.3238 10.3238 43
      vertex -9.78055 8.86458 43
    endloop
  endfacet
  facet normal -0 0 1
    outer loop
      vertex -10.8179 9.80476 43
      vertex -9.78055 8.86458 43
      vertex -10.3238 10.3238 43
    endloop
  endfacet
  facet normal 0 0 1
    outer loop
      vertex -9.78055 8.86458 43
      vertex -10.8179 9.80476 43
      vertex -10.2037 8.37399 43
    endloop
  endfacet
  facet normal -0 0 1
    outer loop
      vertex -11.286 9.26214 43
      vertex -10.2037 8.37399 43
      vertex -10.8179 9.80476 43
    endloop
  endfacet
  facet normal 0 0 1
    outer loop
      vertex -10.2037 8.37399 43
      vertex -11.286 9.26214 43
      vertex -10.6023 7.86323 43
    endloop
  endfacet
  facet normal -0 0 1
    outer loop
      vertex -11.7268 8.69721 43
      vertex -10.6023 7.86323 43
      vertex -11.286 9.26214 43
    endloop
  endfacet
  facet normal 0 0 1
    outer loop
      vertex -10.6023 7.86323 43
      vertex -11.7268 8.69721 43
      vertex -10.9754 7.33353 43
    endloop
  endfacet
  facet normal -0 0 1
    outer loop
      vertex -12.1395 8.11133 43
      vertex -10.9754 7.33353 43
      vertex -11.7268 8.69721 43
    endloop
  endfacet
  facet normal 0 0 1
    outer loop
      vertex -10.9754 7.33353 43
      vertex -12.1395 8.11133 43
      vertex -11.322 6.78616 43
    endloop
  endfacet
  facet normal -0 0 1
    outer loop
      vertex -12.5228 7.5059 43
      vertex -11.322 6.78616 43
      vertex -12.1395 8.11133 43
    endloop
  endfacet
  facet normal 0 0 1
    outer loop
      vertex -11.322 6.78616 43
      vertex -12.5228 7.5059 43
      vertex -11.6414 6.22244 43
    endloop
  endfacet
  facet normal -0 0 1
    outer loop
      vertex -12.876 6.88239 43
      vertex -11.6414 6.22244 43
      vertex -12.5228 7.5059 43
    endloop
  endfacet
  facet normal 0 0 1
    outer loop
      vertex -11.6414 6.22244 43
      vertex -12.876 6.88239 43
      vertex -11.9327 5.64373 43
    endloop
  endfacet
  facet normal -0 0 1
    outer loop
      vertex -13.1982 6.2423 43
      vertex -11.9327 5.64373 43
      vertex -12.876 6.88239 43
    endloop
  endfacet
  facet normal 0 0 1
    outer loop
      vertex -11.9327 5.64373 43
      vertex -13.1982 6.2423 43
      vertex -12.1952 5.05142 43
    endloop
  endfacet
  facet normal -0 0 1
    outer loop
      vertex -13.4886 5.58718 43
      vertex -12.1952 5.05142 43
      vertex -13.1982 6.2423 43
    endloop
  endfacet
  facet normal 0 0 1
    outer loop
      vertex -12.1952 5.05142 43
      vertex -13.4886 5.58718 43
      vertex -12.4284 4.44695 43
    endloop
  endfacet
  facet normal -0 0 1
    outer loop
      vertex -13.7465 4.91859 43
      vertex -12.4284 4.44695 43
      vertex -13.4886 5.58718 43
    endloop
  endfacet
  facet normal 0 0 1
    outer loop
      vertex -12.4284 4.44695 43
      vertex -13.7465 4.91859 43
      vertex -12.6316 3.83176 43
    endloop
  endfacet
  facet normal -0 0 1
    outer loop
      vertex -13.9713 4.23816 43
      vertex -12.6316 3.83176 43
      vertex -13.7465 4.91859 43
    endloop
  endfacet
  facet normal 0 0 1
    outer loop
      vertex -12.6316 3.83176 43
      vertex -13.9713 4.23816 43
      vertex -12.8044 3.20734 43
    endloop
  endfacet
  facet normal -0 0 1
    outer loop
      vertex -14.1625 3.54751 43
      vertex -12.8044 3.20734 43
      vertex -13.9713 4.23816 43
    endloop
  endfacet
  facet normal 0 0 1
    outer loop
      vertex -12.8044 3.20734 43
      vertex -14.1625 3.54751 43
      vertex -12.9464 2.57519 43
    endloop
  endfacet
  facet normal -0 0 1
    outer loop
      vertex -14.3195 2.84832 43
      vertex -12.9464 2.57519 43
      vertex -14.1625 3.54751 43
    endloop
  endfacet
  facet normal 0 0 1
    outer loop
      vertex 14.3195 -2.84832 43
      vertex 12.9464 -2.57519 43
      vertex 14.1625 -3.54751 43
    endloop
  endfacet
  facet normal -0 0 1
    outer loop
      vertex 12.8044 -3.20734 43
      vertex 14.1625 -3.54751 43
      vertex 12.9464 -2.57519 43
    endloop
  endfacet
  facet normal 0 0 1
    outer loop
      vertex 14.1625 -3.54751 43
      vertex 12.8044 -3.20734 43
      vertex 13.9713 -4.23816 43
    endloop
  endfacet
  facet normal -0 0 1
    outer loop
      vertex 12.6316 -3.83176 43
      vertex 13.9713 -4.23816 43
      vertex 12.8044 -3.20734 43
    endloop
  endfacet
  facet normal 0 0 1
    outer loop
      vertex 13.9713 -4.23816 43
      vertex 12.6316 -3.83176 43
      vertex 13.7465 -4.91859 43
    endloop
  endfacet
  facet normal -0 0 1
    outer loop
      vertex 12.4284 -4.44695 43
      vertex 13.7465 -4.91859 43
      vertex 12.6316 -3.83176 43
    endloop
  endfacet
  facet normal 0 0 1
    outer loop
      vertex 13.7465 -4.91859 43
      vertex 12.4284 -4.44695 43
      vertex 13.4886 -5.58718 43
    endloop
  endfacet
  facet normal -0 0 1
    outer loop
      vertex 12.1952 -5.05142 43
      vertex 13.4886 -5.58718 43
      vertex 12.4284 -4.44695 43
    endloop
  endfacet
  facet normal 0 0 1
    outer loop
      vertex 13.4886 -5.58718 43
      vertex 12.1952 -5.05142 43
      vertex 13.1982 -6.2423 43
    endloop
  endfacet
  facet normal -0 0 1
    outer loop
      vertex 11.9327 -5.64373 43
      vertex 13.1982 -6.2423 43
      vertex 12.1952 -5.05142 43
    endloop
  endfacet
  facet normal 0 0 1
    outer loop
      vertex 13.1982 -6.2423 43
      vertex 11.9327 -5.64373 43
      vertex 12.876 -6.88239 43
    endloop
  endfacet
  facet normal -0 0 1
    outer loop
      vertex 11.6414 -6.22244 43
      vertex 12.876 -6.88239 43
      vertex 11.9327 -5.64373 43
    endloop
  endfacet
  facet normal 0 0 1
    outer loop
      vertex 12.876 -6.88239 43
      vertex 11.6414 -6.22244 43
      vertex 12.5228 -7.5059 43
    endloop
  endfacet
  facet normal -0 0 1
    outer loop
      vertex 11.322 -6.78616 43
      vertex 12.5228 -7.5059 43
      vertex 11.6414 -6.22244 43
    endloop
  endfacet
  facet normal 0 0 1
    outer loop
      vertex 12.5228 -7.5059 43
      vertex 11.322 -6.78616 43
      vertex 12.1395 -8.11133 43
    endloop
  endfacet
  facet normal -0 0 1
    outer loop
      vertex 10.9754 -7.33353 43
      vertex 12.1395 -8.11133 43
      vertex 11.322 -6.78616 43
    endloop
  endfacet
  facet normal 0 0 1
    outer loop
      vertex 12.1395 -8.11133 43
      vertex 10.9754 -7.33353 43
      vertex 11.7268 -8.69721 43
    endloop
  endfacet
  facet normal -0 0 1
    outer loop
      vertex 10.6023 -7.86323 43
      vertex 11.7268 -8.69721 43
      vertex 10.9754 -7.33353 43
    endloop
  endfacet
  facet normal 0 0 1
    outer loop
      vertex 11.7268 -8.69721 43
      vertex 10.6023 -7.86323 43
      vertex 11.286 -9.26214 43
    endloop
  endfacet
  facet normal -0 0 1
    outer loop
      vertex 10.2037 -8.37399 43
      vertex 11.286 -9.26214 43
      vertex 10.6023 -7.86323 43
    endloop
  endfacet
  facet normal 0 0 1
    outer loop
      vertex 11.286 -9.26214 43
      vertex 10.2037 -8.37399 43
      vertex 10.8179 -9.80476 43
    endloop
  endfacet
  facet normal -0 0 1
    outer loop
      vertex 9.78055 -8.86458 43
      vertex 10.8179 -9.80476 43
      vertex 10.2037 -8.37399 43
    endloop
  endfacet
  facet normal 0 0 1
    outer loop
      vertex 10.8179 -9.80476 43
      vertex 9.78055 -8.86458 43
      vertex 10.3238 -10.3238 43
    endloop
  endfacet
  facet normal -0 0 1
    outer loop
      vertex 9.33381 -9.33381 43
      vertex 10.3238 -10.3238 43
      vertex 9.78055 -8.86458 43
    endloop
  endfacet
  facet normal 0 0 1
    outer loop
      vertex 10.3238 -10.3238 43
      vertex 9.33381 -9.33381 43
      vertex 9.80476 -10.8179 43
    endloop
  endfacet
  facet normal -0 0 1
    outer loop
      vertex 8.86458 -9.78055 43
      vertex 9.80476 -10.8179 43
      vertex 9.33381 -9.33381 43
    endloop
  endfacet
  facet normal 0 0 1
    outer loop
      vertex 9.80476 -10.8179 43
      vertex 8.86458 -9.78055 43
      vertex 9.26214 -11.286 43
    endloop
  endfacet
  facet normal -0 0 1
    outer loop
      vertex 8.37399 -10.2037 43
      vertex 9.26214 -11.286 43
      vertex 8.86458 -9.78055 43
    endloop
  endfacet
  facet normal 0 0 1
    outer loop
      vertex 9.26214 -11.286 43
      vertex 8.37399 -10.2037 43
      vertex 8.69721 -11.7268 43
    endloop
  endfacet
  facet normal -0 0 1
    outer loop
      vertex 7.86323 -10.6023 43
      vertex 8.69721 -11.7268 43
      vertex 8.37399 -10.2037 43
    endloop
  endfacet
  facet normal 0 0 1
    outer loop
      vertex 8.69721 -11.7268 43
      vertex 7.86323 -10.6023 43
      vertex 8.11133 -12.1395 43
    endloop
  endfacet
  facet normal -0 0 1
    outer loop
      vertex 7.33353 -10.9754 43
      vertex 8.11133 -12.1395 43
      vertex 7.86323 -10.6023 43
    endloop
  endfacet
  facet normal 0 0 1
    outer loop
      vertex 8.11133 -12.1395 43
      vertex 7.33353 -10.9754 43
      vertex 7.5059 -12.5228 43
    endloop
  endfacet
  facet normal -0 0 1
    outer loop
      vertex 6.78616 -11.322 43
      vertex 7.5059 -12.5228 43
      vertex 7.33353 -10.9754 43
    endloop
  endfacet
  facet normal 0 0 1
    outer loop
      vertex 7.5059 -12.5228 43
      vertex 6.78616 -11.322 43
      vertex 6.88239 -12.876 43
    endloop
  endfacet
  facet normal -0 0 1
    outer loop
      vertex 6.22244 -11.6414 43
      vertex 6.88239 -12.876 43
      vertex 6.78616 -11.322 43
    endloop
  endfacet
  facet normal 0 0 1
    outer loop
      vertex 6.88239 -12.876 43
      vertex 6.22244 -11.6414 43
      vertex 6.2423 -13.1982 43
    endloop
  endfacet
  facet normal -0 0 1
    outer loop
      vertex 5.64373 -11.9327 43
      vertex 6.2423 -13.1982 43
      vertex 6.22244 -11.6414 43
    endloop
  endfacet
  facet normal 0 0 1
    outer loop
      vertex 5.64373 -11.9327 43
      vertex 5.58718 -13.4886 43
      vertex 6.2423 -13.1982 43
    endloop
  endfacet
  facet normal -0 0 1
    outer loop
      vertex 5.05142 -12.1952 43
      vertex 5.58718 -13.4886 43
      vertex 5.64373 -11.9327 43
    endloop
  endfacet
  facet normal 0 0 1
    outer loop
      vertex 5.05142 -12.1952 43
      vertex 4.91859 -13.7465 43
      vertex 5.58718 -13.4886 43
    endloop
  endfacet
  facet normal -0 0 1
    outer loop
      vertex 4.44695 -12.4284 43
      vertex 4.91859 -13.7465 43
      vertex 5.05142 -12.1952 43
    endloop
  endfacet
  facet normal 0 0 1
    outer loop
      vertex 4.44695 -12.4284 43
      vertex 4.23816 -13.9713 43
      vertex 4.91859 -13.7465 43
    endloop
  endfacet
  facet normal -0 0 1
    outer loop
      vertex 3.83176 -12.6316 43
      vertex 4.23816 -13.9713 43
      vertex 4.44695 -12.4284 43
    endloop
  endfacet
  facet normal 0 0 1
    outer loop
      vertex 3.83176 -12.6316 43
      vertex 3.54751 -14.1625 43
      vertex 4.23816 -13.9713 43
    endloop
  endfacet
  facet normal -0 0 1
    outer loop
      vertex 3.20734 -12.8044 43
      vertex 3.54751 -14.1625 43
      vertex 3.83176 -12.6316 43
    endloop
  endfacet
  facet normal 0 0 1
    outer loop
      vertex 3.20734 -12.8044 43
      vertex 2.84832 -14.3195 43
      vertex 3.54751 -14.1625 43
    endloop
  endfacet
  facet normal -0 0 1
    outer loop
      vertex 2.57519 -12.9464 43
      vertex 2.84832 -14.3195 43
      vertex 3.20734 -12.8044 43
    endloop
  endfacet
  facet normal 0 0 1
    outer loop
      vertex 2.57519 -12.9464 43
      vertex 2.14226 -14.442 43
      vertex 2.84832 -14.3195 43
    endloop
  endfacet
  facet normal -0 0 1
    outer loop
      vertex 1.93684 -13.0571 43
      vertex 2.14226 -14.442 43
      vertex 2.57519 -12.9464 43
    endloop
  endfacet
  facet normal 0 0 1
    outer loop
      vertex 1.93684 -13.0571 43
      vertex 1.43105 -14.5297 43
      vertex 2.14226 -14.442 43
    endloop
  endfacet
  facet normal -0 0 1
    outer loop
      vertex 1.29383 -13.1364 43
      vertex 1.43105 -14.5297 43
      vertex 1.93684 -13.0571 43
    endloop
  endfacet
  facet normal 0 0 1
    outer loop
      vertex 1.29383 -13.1364 43
      vertex 0.716388 -14.5824 43
      vertex 1.43105 -14.5297 43
    endloop
  endfacet
  facet normal -0 0 1
    outer loop
      vertex 0.647693 -13.1841 43
      vertex 0.716388 -14.5824 43
      vertex 1.29383 -13.1364 43
    endloop
  endfacet
  facet normal -0 0 1
    outer loop
      vertex 0 -13.2 43
      vertex 0.716388 -14.5824 43
      vertex 0.647693 -13.1841 43
    endloop
  endfacet
  facet normal 0 0 1
    outer loop
      vertex 0 -13.2 43
      vertex 0 -14.6 43
      vertex 0.716388 -14.5824 43
    endloop
  endfacet
  facet normal 0 0 1
    outer loop
      vertex -0.647693 -13.1841 43
      vertex 0 -14.6 43
      vertex 0 -13.2 43
    endloop
  endfacet
  facet normal 0 0 1
    outer loop
      vertex -0.647693 -13.1841 43
      vertex -0.716388 -14.5824 43
      vertex 0 -14.6 43
    endloop
  endfacet
  facet normal 0 0 1
    outer loop
      vertex -1.29383 -13.1364 43
      vertex -0.716388 -14.5824 43
      vertex -0.647693 -13.1841 43
    endloop
  endfacet
  facet normal 0 0 1
    outer loop
      vertex -1.29383 -13.1364 43
      vertex -1.43105 -14.5297 43
      vertex -0.716388 -14.5824 43
    endloop
  endfacet
  facet normal 0 0 1
    outer loop
      vertex -1.93684 -13.0571 43
      vertex -1.43105 -14.5297 43
      vertex -1.29383 -13.1364 43
    endloop
  endfacet
  facet normal 0 0 1
    outer loop
      vertex -1.93684 -13.0571 43
      vertex -2.14226 -14.442 43
      vertex -1.43105 -14.5297 43
    endloop
  endfacet
  facet normal 0 0 1
    outer loop
      vertex -2.57519 -12.9464 43
      vertex -2.14226 -14.442 43
      vertex -1.93684 -13.0571 43
    endloop
  endfacet
  facet normal 0 0 1
    outer loop
      vertex -2.57519 -12.9464 43
      vertex -2.84832 -14.3195 43
      vertex -2.14226 -14.442 43
    endloop
  endfacet
  facet normal 0 0 1
    outer loop
      vertex -3.20734 -12.8044 43
      vertex -2.84832 -14.3195 43
      vertex -2.57519 -12.9464 43
    endloop
  endfacet
  facet normal 0 0 1
    outer loop
      vertex -3.20734 -12.8044 43
      vertex -3.54751 -14.1625 43
      vertex -2.84832 -14.3195 43
    endloop
  endfacet
  facet normal 0 0 1
    outer loop
      vertex -3.83176 -12.6316 43
      vertex -3.54751 -14.1625 43
      vertex -3.20734 -12.8044 43
    endloop
  endfacet
  facet normal 0 0 1
    outer loop
      vertex -3.83176 -12.6316 43
      vertex -4.23816 -13.9713 43
      vertex -3.54751 -14.1625 43
    endloop
  endfacet
  facet normal 0 0 1
    outer loop
      vertex -4.44695 -12.4284 43
      vertex -4.23816 -13.9713 43
      vertex -3.83176 -12.6316 43
    endloop
  endfacet
  facet normal 0 0 1
    outer loop
      vertex -4.44695 -12.4284 43
      vertex -4.91859 -13.7465 43
      vertex -4.23816 -13.9713 43
    endloop
  endfacet
  facet normal 0 0 1
    outer loop
      vertex -5.05142 -12.1952 43
      vertex -4.91859 -13.7465 43
      vertex -4.44695 -12.4284 43
    endloop
  endfacet
  facet normal 0 0 1
    outer loop
      vertex -5.05142 -12.1952 43
      vertex -5.58718 -13.4886 43
      vertex -4.91859 -13.7465 43
    endloop
  endfacet
  facet normal 0 0 1
    outer loop
      vertex -5.64373 -11.9327 43
      vertex -5.58718 -13.4886 43
      vertex -5.05142 -12.1952 43
    endloop
  endfacet
  facet normal 0 0 1
    outer loop
      vertex -6.2423 -13.1982 43
      vertex -5.64373 -11.9327 43
      vertex -6.22244 -11.6414 43
    endloop
  endfacet
  facet normal 0 0 1
    outer loop
      vertex -5.64373 -11.9327 43
      vertex -6.2423 -13.1982 43
      vertex -5.58718 -13.4886 43
    endloop
  endfacet
  facet normal 0 0 1
    outer loop
      vertex -6.88239 -12.876 43
      vertex -6.22244 -11.6414 43
      vertex -6.78616 -11.322 43
    endloop
  endfacet
  facet normal 0 0 1
    outer loop
      vertex -6.22244 -11.6414 43
      vertex -6.88239 -12.876 43
      vertex -6.2423 -13.1982 43
    endloop
  endfacet
  facet normal 0 0 1
    outer loop
      vertex -7.5059 -12.5228 43
      vertex -6.78616 -11.322 43
      vertex -7.33353 -10.9754 43
    endloop
  endfacet
  facet normal 0 0 1
    outer loop
      vertex -6.78616 -11.322 43
      vertex -7.5059 -12.5228 43
      vertex -6.88239 -12.876 43
    endloop
  endfacet
  facet normal 0 0 1
    outer loop
      vertex -8.11133 -12.1395 43
      vertex -7.33353 -10.9754 43
      vertex -7.86323 -10.6023 43
    endloop
  endfacet
  facet normal 0 0 1
    outer loop
      vertex -7.33353 -10.9754 43
      vertex -8.11133 -12.1395 43
      vertex -7.5059 -12.5228 43
    endloop
  endfacet
  facet normal 0 0 1
    outer loop
      vertex -8.69721 -11.7268 43
      vertex -7.86323 -10.6023 43
      vertex -8.37399 -10.2037 43
    endloop
  endfacet
  facet normal 0 0 1
    outer loop
      vertex -7.86323 -10.6023 43
      vertex -8.69721 -11.7268 43
      vertex -8.11133 -12.1395 43
    endloop
  endfacet
  facet normal 0 0 1
    outer loop
      vertex -9.26214 -11.286 43
      vertex -8.37399 -10.2037 43
      vertex -8.86458 -9.78055 43
    endloop
  endfacet
  facet normal 0 0 1
    outer loop
      vertex -8.37399 -10.2037 43
      vertex -9.26214 -11.286 43
      vertex -8.69721 -11.7268 43
    endloop
  endfacet
  facet normal 0 0 1
    outer loop
      vertex -9.80476 -10.8179 43
      vertex -8.86458 -9.78055 43
      vertex -9.33381 -9.33381 43
    endloop
  endfacet
  facet normal 0 0 1
    outer loop
      vertex -10.3238 -10.3238 43
      vertex -9.33381 -9.33381 43
      vertex -9.78055 -8.86458 43
    endloop
  endfacet
  facet normal 0 0 1
    outer loop
      vertex -8.86458 -9.78055 43
      vertex -9.80476 -10.8179 43
      vertex -9.26214 -11.286 43
    endloop
  endfacet
  facet normal 0 0 1
    outer loop
      vertex -10.8179 -9.80476 43
      vertex -9.78055 -8.86458 43
      vertex -10.2037 -8.37399 43
    endloop
  endfacet
  facet normal 0 0 1
    outer loop
      vertex -9.33381 -9.33381 43
      vertex -10.3238 -10.3238 43
      vertex -9.80476 -10.8179 43
    endloop
  endfacet
  facet normal 0 0 1
    outer loop
      vertex -11.286 -9.26214 43
      vertex -10.2037 -8.37399 43
      vertex -10.6023 -7.86323 43
    endloop
  endfacet
  facet normal 0 0 1
    outer loop
      vertex -9.78055 -8.86458 43
      vertex -10.8179 -9.80476 43
      vertex -10.3238 -10.3238 43
    endloop
  endfacet
  facet normal 0 0 1
    outer loop
      vertex -11.7268 -8.69721 43
      vertex -10.6023 -7.86323 43
      vertex -10.9754 -7.33353 43
    endloop
  endfacet
  facet normal 0 0 1
    outer loop
      vertex -10.2037 -8.37399 43
      vertex -11.286 -9.26214 43
      vertex -10.8179 -9.80476 43
    endloop
  endfacet
  facet normal 0 0 1
    outer loop
      vertex -12.1395 -8.11133 43
      vertex -10.9754 -7.33353 43
      vertex -11.322 -6.78616 43
    endloop
  endfacet
  facet normal 0 0 1
    outer loop
      vertex -12.5228 -7.5059 43
      vertex -11.322 -6.78616 43
      vertex -11.6414 -6.22244 43
    endloop
  endfacet
  facet normal 0 0 1
    outer loop
      vertex -10.6023 -7.86323 43
      vertex -11.7268 -8.69721 43
      vertex -11.286 -9.26214 43
    endloop
  endfacet
  facet normal 0 0 1
    outer loop
      vertex -12.876 -6.88239 43
      vertex -11.6414 -6.22244 43
      vertex -11.9327 -5.64373 43
    endloop
  endfacet
  facet normal 0 0 1
    outer loop
      vertex -10.9754 -7.33353 43
      vertex -12.1395 -8.11133 43
      vertex -11.7268 -8.69721 43
    endloop
  endfacet
  facet normal 0 0 1
    outer loop
      vertex -13.1982 -6.2423 43
      vertex -11.9327 -5.64373 43
      vertex -12.1952 -5.05142 43
    endloop
  endfacet
  facet normal 0 0 1
    outer loop
      vertex -13.4886 -5.58718 43
      vertex -12.1952 -5.05142 43
      vertex -12.4284 -4.44695 43
    endloop
  endfacet
  facet normal 0 0 1
    outer loop
      vertex -11.322 -6.78616 43
      vertex -12.5228 -7.5059 43
      vertex -12.1395 -8.11133 43
    endloop
  endfacet
  facet normal 0 0 1
    outer loop
      vertex -13.7465 -4.91859 43
      vertex -12.4284 -4.44695 43
      vertex -12.6316 -3.83176 43
    endloop
  endfacet
  facet normal 0 0 1
    outer loop
      vertex -13.9713 -4.23816 43
      vertex -12.6316 -3.83176 43
      vertex -12.8044 -3.20734 43
    endloop
  endfacet
  facet normal 0 0 1
    outer loop
      vertex -11.6414 -6.22244 43
      vertex -12.876 -6.88239 43
      vertex -12.5228 -7.5059 43
    endloop
  endfacet
  facet normal 0 0 1
    outer loop
      vertex -14.1625 -3.54751 43
      vertex -12.8044 -3.20734 43
      vertex -12.9464 -2.57519 43
    endloop
  endfacet
  facet normal 0 0 1
    outer loop
      vertex -14.3195 -2.84832 43
      vertex -12.9464 -2.57519 43
      vertex -13.0571 -1.93684 43
    endloop
  endfacet
  facet normal 0 0 1
    outer loop
      vertex -14.442 -2.14226 43
      vertex -13.0571 -1.93684 43
      vertex -13.1364 -1.29383 43
    endloop
  endfacet
  facet normal 0 0 1
    outer loop
      vertex -14.5297 -1.43105 43
      vertex -13.1364 -1.29383 43
      vertex -13.1841 -0.647693 43
    endloop
  endfacet
  facet normal 0 0 1
    outer loop
      vertex -11.9327 -5.64373 43
      vertex -13.1982 -6.2423 43
      vertex -12.876 -6.88239 43
    endloop
  endfacet
  facet normal 0 0 1
    outer loop
      vertex -14.5824 -0.716388 43
      vertex -13.1841 -0.647693 43
      vertex -13.2 0 43
    endloop
  endfacet
  facet normal 0 0 1
    outer loop
      vertex -12.9464 2.57519 43
      vertex -14.3195 2.84832 43
      vertex -13.0571 1.93684 43
    endloop
  endfacet
  facet normal 0 0 1
    outer loop
      vertex -12.1952 -5.05142 43
      vertex -13.4886 -5.58718 43
      vertex -13.1982 -6.2423 43
    endloop
  endfacet
  facet normal -0 0 1
    outer loop
      vertex -14.442 2.14226 43
      vertex -13.0571 1.93684 43
      vertex -14.3195 2.84832 43
    endloop
  endfacet
  facet normal 0 0 1
    outer loop
      vertex -12.4284 -4.44695 43
      vertex -13.7465 -4.91859 43
      vertex -13.4886 -5.58718 43
    endloop
  endfacet
  facet normal 0 0 1
    outer loop
      vertex -13.0571 1.93684 43
      vertex -14.442 2.14226 43
      vertex -13.1364 1.29383 43
    endloop
  endfacet
  facet normal 0 0 1
    outer loop
      vertex -12.6316 -3.83176 43
      vertex -13.9713 -4.23816 43
      vertex -13.7465 -4.91859 43
    endloop
  endfacet
  facet normal -0 0 1
    outer loop
      vertex -14.5297 1.43105 43
      vertex -13.1364 1.29383 43
      vertex -14.442 2.14226 43
    endloop
  endfacet
  facet normal 0 0 1
    outer loop
      vertex -12.8044 -3.20734 43
      vertex -14.1625 -3.54751 43
      vertex -13.9713 -4.23816 43
    endloop
  endfacet
  facet normal 0 0 1
    outer loop
      vertex -13.1364 1.29383 43
      vertex -14.5297 1.43105 43
      vertex -13.1841 0.647693 43
    endloop
  endfacet
  facet normal 0 0 1
    outer loop
      vertex -12.9464 -2.57519 43
      vertex -14.3195 -2.84832 43
      vertex -14.1625 -3.54751 43
    endloop
  endfacet
  facet normal -0 0 1
    outer loop
      vertex -14.5824 0.716388 43
      vertex -13.1841 0.647693 43
      vertex -14.5297 1.43105 43
    endloop
  endfacet
  facet normal 0 0 1
    outer loop
      vertex -13.0571 -1.93684 43
      vertex -14.442 -2.14226 43
      vertex -14.3195 -2.84832 43
    endloop
  endfacet
  facet normal 0 0 1
    outer loop
      vertex -13.1841 0.647693 43
      vertex -14.5824 0.716388 43
      vertex -13.2 0 43
    endloop
  endfacet
  facet normal 0 0 1
    outer loop
      vertex -13.1364 -1.29383 43
      vertex -14.5297 -1.43105 43
      vertex -14.442 -2.14226 43
    endloop
  endfacet
  facet normal 0 0 1
    outer loop
      vertex -14.6 0 43
      vertex -13.2 0 43
      vertex -14.5824 0.716388 43
    endloop
  endfacet
  facet normal 0 0 1
    outer loop
      vertex -13.1841 -0.647693 43
      vertex -14.5824 -0.716388 43
      vertex -14.5297 -1.43105 43
    endloop
  endfacet
  facet normal 0 0 1
    outer loop
      vertex -13.2 0 43
      vertex -14.6 0 43
      vertex -14.5824 -0.716388 43
    endloop
  endfacet
  facet normal 0.696795 -0.120893 0.707009
    outer loop
      vertex 14.442 -2.14226 43
      vertex 14.3195 -2.84832 43
      vertex 15.4312 -2.28899 42
    endloop
  endfacet
  facet normal 0.154983 0.690018 0.707005
    outer loop
      vertex 3.04341 15.3003 42
      vertex 2.84832 14.3195 43
      vertex 3.79049 15.1325 42
    endloop
  endfacet
  facet normal -0.435061 -0.557561 0.706999
    outer loop
      vertex -8.69721 -11.7268 43
      vertex -9.89653 -12.059 42
      vertex -9.29291 -12.53 42
    endloop
  endfacet
  facet normal 0.659798 -0.254543 0.707018
    outer loop
      vertex 14.6881 -5.25548 42
      vertex 13.7465 -4.91859 43
      vertex 14.4125 -5.96986 42
    endloop
  endfacet
  facet normal -0.701891 0.0865509 0.707006
    outer loop
      vertex -14.442 2.14226 43
      vertex -15.5249 1.52907 42
      vertex -14.5297 1.43105 43
    endloop
  endfacet
  facet normal -0.188602 -0.681581 0.70702
    outer loop
      vertex -4.23816 -13.9713 43
      vertex -4.52844 -14.9283 42
      vertex -3.79049 -15.1325 42
    endloop
  endfacet
  facet normal 0.48762 -0.512233 0.706996
    outer loop
      vertex 10.3238 -10.3238 43
      vertex 9.80476 -10.8179 43
      vertex 11.0309 -11.0309 42
    endloop
  endfacet
  facet normal 0.705297 -0.0520003 0.707002
    outer loop
      vertex 15.5812 -0.765455 42
      vertex 14.5824 -0.716388 43
      vertex 15.5249 -1.52907 42
    endloop
  endfacet
  facet normal 0.706998 -0.0173693 0.707002
    outer loop
      vertex 14.6 0 43
      vertex 14.5824 -0.716388 43
      vertex 15.5812 -0.765455 42
    endloop
  endfacet
  facet normal 0.512266 -0.487604 0.706984
    outer loop
      vertex 11.5588 -10.4763 42
      vertex 10.8179 -9.80476 43
      vertex 11.0309 -11.0309 42
    endloop
  endfacet
  facet normal 0.120893 0.696795 0.707009
    outer loop
      vertex 2.28899 15.4312 42
      vertex 2.14226 14.442 43
      vertex 2.84832 14.3195 43
    endloop
  endfacet
  facet normal 0.65982 0.254517 0.707007
    outer loop
      vertex 14.4125 5.96986 42
      vertex 13.4886 5.58718 43
      vertex 13.7465 4.91859 43
    endloop
  endfacet
  facet normal -0.705293 0.0520091 0.707006
    outer loop
      vertex -14.5297 1.43105 43
      vertex -15.5249 1.52907 42
      vertex -14.5824 0.716388 43
    endloop
  endfacet
  facet normal -0.578172 0.407271 0.706999
    outer loop
      vertex -11.7268 8.69721 43
      vertex -12.53 9.29291 42
      vertex -12.1395 8.11133 43
    endloop
  endfacet
  facet normal -0.221849 0.671496 0.707019
    outer loop
      vertex -4.52844 14.9283 42
      vertex -5.25548 14.6881 42
      vertex -4.91859 13.7465 43
    endloop
  endfacet
  facet normal -0.286595 -0.646535 0.707004
    outer loop
      vertex -6.2423 -13.1982 43
      vertex -6.66986 -14.1022 42
      vertex -5.58718 -13.4886 43
    endloop
  endfacet
  facet normal -0.671496 0.221849 0.707019
    outer loop
      vertex -14.6881 5.25548 42
      vertex -14.9283 4.52844 42
      vertex -13.7465 4.91859 43
    endloop
  endfacet
  facet normal 0.578172 -0.407271 0.706999
    outer loop
      vertex 12.1395 -8.11133 43
      vertex 11.7268 -8.69721 43
      vertex 12.53 -9.29291 42
    endloop
  endfacet
  facet normal -0.48762 0.512233 0.706996
    outer loop
      vertex -9.80476 10.8179 43
      vertex -11.0309 11.0309 42
      vertex -10.3238 10.3238 43
    endloop
  endfacet
  facet normal -0.706998 0.0173693 0.707002
    outer loop
      vertex -14.5824 0.716388 43
      vertex -15.5812 0.765455 42
      vertex -14.6 0 43
    endloop
  endfacet
  facet normal 0.348563 -0.615324 0.707022
    outer loop
      vertex 7.5059 -12.5228 43
      vertex 6.88239 -12.876 43
      vertex 8.02 -13.3806 42
    endloop
  endfacet
  facet normal -0.435056 -0.557569 0.706996
    outer loop
      vertex -9.26214 -11.286 43
      vertex -9.89653 -12.059 42
      vertex -8.69721 -11.7268 43
    endloop
  endfacet
  facet normal 0.378311 0.597549 0.706977
    outer loop
      vertex 8.66689 12.9709 42
      vertex 7.5059 12.5228 43
      vertex 8.11133 12.1395 43
    endloop
  endfacet
  facet normal -0.631701 -0.317915 0.707025
    outer loop
      vertex -12.876 -6.88239 43
      vertex -14.1022 -6.66986 42
      vertex -13.758 -7.35379 42
    endloop
  endfacet
  facet normal 0.407271 -0.578172 0.706999
    outer loop
      vertex 8.69721 -11.7268 43
      vertex 8.11133 -12.1395 43
      vertex 9.29291 -12.53 42
    endloop
  endfacet
  facet normal -0.631694 -0.317974 0.707004
    outer loop
      vertex -13.1982 -6.2423 43
      vertex -14.1022 -6.66986 42
      vertex -12.876 -6.88239 43
    endloop
  endfacet
  facet normal 0.690042 -0.154946 0.706989
    outer loop
      vertex 14.3195 -2.84832 43
      vertex 14.1625 -3.54751 43
      vertex 15.1325 -3.79049 42
    endloop
  endfacet
  facet normal 0.646535 -0.286595 0.707004
    outer loop
      vertex 13.4886 -5.58718 43
      vertex 13.1982 -6.2423 43
      vertex 14.1022 -6.66986 42
    endloop
  endfacet
  facet normal 0.646535 0.286595 0.707004
    outer loop
      vertex 14.1022 6.66986 42
      vertex 13.1982 6.2423 43
      vertex 13.4886 5.58718 43
    endloop
  endfacet
  facet normal 0.690042 0.154946 0.706989
    outer loop
      vertex 15.1325 3.79049 42
      vertex 14.1625 3.54751 43
      vertex 14.3195 2.84832 43
    endloop
  endfacet
  facet normal -0.461954 -0.535495 0.706996
    outer loop
      vertex -9.80476 -10.8179 43
      vertex -9.89653 -12.059 42
      vertex -9.26214 -11.286 43
    endloop
  endfacet
  facet normal 0.317974 -0.631694 0.707004
    outer loop
      vertex 6.88239 -12.876 43
      vertex 6.2423 -13.1982 43
      vertex 6.66986 -14.1022 42
    endloop
  endfacet
  facet normal -0.0865509 -0.701891 0.707006
    outer loop
      vertex -1.43105 -14.5297 43
      vertex -2.14226 -14.442 43
      vertex -1.52907 -15.5249 42
    endloop
  endfacet
  facet normal 0.188691 0.681588 0.706989
    outer loop
      vertex 3.79049 15.1325 42
      vertex 3.54751 14.1625 43
      vertex 4.23816 13.9713 43
    endloop
  endfacet
  facet normal -0.0173693 0.706998 0.707002
    outer loop
      vertex 0 14.6 43
      vertex -0.765455 15.5812 42
      vertex -0.716388 14.5824 43
    endloop
  endfacet
  facet normal 0.254543 0.659798 0.707018
    outer loop
      vertex 5.25548 14.6881 42
      vertex 4.91859 13.7465 43
      vertex 5.96986 14.4125 42
    endloop
  endfacet
  facet normal 0.557569 0.435056 0.706996
    outer loop
      vertex 12.059 9.89653 42
      vertex 11.286 9.26214 43
      vertex 11.7268 8.69721 43
    endloop
  endfacet
  facet normal -0.120902 -0.696797 0.707005
    outer loop
      vertex -2.84832 -14.3195 43
      vertex -3.04341 -15.3003 42
      vertex -2.28899 -15.4312 42
    endloop
  endfacet
  facet normal -0.48762 -0.512233 0.706996
    outer loop
      vertex -10.3238 -10.3238 43
      vertex -11.0309 -11.0309 42
      vertex -9.80476 -10.8179 43
    endloop
  endfacet
  facet normal 0.120902 -0.696797 0.707005
    outer loop
      vertex 2.84832 -14.3195 43
      vertex 2.28899 -15.4312 42
      vertex 3.04341 -15.3003 42
    endloop
  endfacet
  facet normal 0.512233 0.48762 0.706996
    outer loop
      vertex 11.0309 11.0309 42
      vertex 10.3238 10.3238 43
      vertex 10.8179 9.80476 43
    endloop
  endfacet
  facet normal 0.0520003 0.705297 0.707002
    outer loop
      vertex 0.765455 15.5812 42
      vertex 0.716388 14.5824 43
      vertex 1.52907 15.5249 42
    endloop
  endfacet
  facet normal 0.120893 -0.696795 0.707009
    outer loop
      vertex 2.84832 -14.3195 43
      vertex 2.14226 -14.442 43
      vertex 2.28899 -15.4312 42
    endloop
  endfacet
  facet normal -0.407271 -0.578172 0.706999
    outer loop
      vertex -8.69721 -11.7268 43
      vertex -9.29291 -12.53 42
      vertex -8.11133 -12.1395 43
    endloop
  endfacet
  facet normal -0.578172 -0.407271 0.706999
    outer loop
      vertex -12.1395 -8.11133 43
      vertex -12.53 -9.29291 42
      vertex -11.7268 -8.69721 43
    endloop
  endfacet
  facet normal 0.0865447 0.70189 0.707008
    outer loop
      vertex 2.28899 15.4312 42
      vertex 1.52907 15.5249 42
      vertex 2.14226 14.442 43
    endloop
  endfacet
  facet normal 0.120902 0.696797 0.707005
    outer loop
      vertex 3.04341 15.3003 42
      vertex 2.28899 15.4312 42
      vertex 2.84832 14.3195 43
    endloop
  endfacet
  facet normal 0.0520091 -0.705293 0.707006
    outer loop
      vertex 1.43105 -14.5297 43
      vertex 0.716388 -14.5824 43
      vertex 1.52907 -15.5249 42
    endloop
  endfacet
  facet normal 0.407236 0.578222 0.706978
    outer loop
      vertex 8.66689 12.9709 42
      vertex 8.11133 12.1395 43
      vertex 9.29291 12.53 42
    endloop
  endfacet
  facet normal 0.221848 0.671496 0.70702
    outer loop
      vertex 4.52844 14.9283 42
      vertex 4.23816 13.9713 43
      vertex 4.91859 13.7465 43
    endloop
  endfacet
  facet normal -0.435056 0.557569 0.706996
    outer loop
      vertex -8.69721 11.7268 43
      vertex -9.89653 12.059 42
      vertex -9.26214 11.286 43
    endloop
  endfacet
  facet normal -0.659798 -0.254543 0.707018
    outer loop
      vertex -13.7465 -4.91859 43
      vertex -14.6881 -5.25548 42
      vertex -14.4125 -5.96986 42
    endloop
  endfacet
  facet normal 0.631694 -0.317974 0.707004
    outer loop
      vertex 13.1982 -6.2423 43
      vertex 12.876 -6.88239 43
      vertex 14.1022 -6.66986 42
    endloop
  endfacet
  facet normal 0.0520003 -0.705297 0.707002
    outer loop
      vertex 1.52907 -15.5249 42
      vertex 0.716388 -14.5824 43
      vertex 0.765455 -15.5812 42
    endloop
  endfacet
  facet normal 0.0173693 -0.706998 0.707002
    outer loop
      vertex 0.716388 -14.5824 43
      vertex 0 -14.6 43
      vertex 0.765455 -15.5812 42
    endloop
  endfacet
  facet normal -0.286595 0.646535 0.707004
    outer loop
      vertex -5.58718 13.4886 43
      vertex -6.66986 14.1022 42
      vertex -6.2423 13.1982 43
    endloop
  endfacet
  facet normal -0.615317 0.34857 0.707025
    outer loop
      vertex -13.3806 8.02 42
      vertex -13.758 7.35379 42
      vertex -12.876 6.88239 43
    endloop
  endfacet
  facet normal 0.65982 -0.254517 0.707007
    outer loop
      vertex 13.7465 -4.91859 43
      vertex 13.4886 -5.58718 43
      vertex 14.4125 -5.96986 42
    endloop
  endfacet
  facet normal -0.317915 -0.631701 0.707025
    outer loop
      vertex -6.88239 -12.876 43
      vertex -7.35379 -13.758 42
      vertex -6.66986 -14.1022 42
    endloop
  endfacet
  facet normal 0.286595 -0.646535 0.707004
    outer loop
      vertex 6.2423 -13.1982 43
      vertex 5.58718 -13.4886 43
      vertex 6.66986 -14.1022 42
    endloop
  endfacet
  facet normal -0.348563 0.615324 0.707022
    outer loop
      vertex -6.88239 12.876 43
      vertex -8.02 13.3806 42
      vertex -7.5059 12.5228 43
    endloop
  endfacet
  facet normal -0.597449 -0.378387 0.70702
    outer loop
      vertex -12.5228 -7.5059 43
      vertex -13.3806 -8.02 42
      vertex -12.9709 -8.66689 42
    endloop
  endfacet
  facet normal -0.65982 -0.254517 0.707007
    outer loop
      vertex -13.7465 -4.91859 43
      vertex -14.4125 -5.96986 42
      vertex -13.4886 -5.58718 43
    endloop
  endfacet
  facet normal 0.221849 0.671496 0.707019
    outer loop
      vertex 5.25548 14.6881 42
      vertex 4.52844 14.9283 42
      vertex 4.91859 13.7465 43
    endloop
  endfacet
  facet normal -0.646532 -0.286598 0.707006
    outer loop
      vertex -13.4886 -5.58718 43
      vertex -14.4125 -5.96986 42
      vertex -14.1022 -6.66986 42
    endloop
  endfacet
  facet normal -0.631694 0.317974 0.707004
    outer loop
      vertex -12.876 6.88239 43
      vertex -14.1022 6.66986 42
      vertex -13.1982 6.2423 43
    endloop
  endfacet
  facet normal 0.221849 -0.671496 0.707019
    outer loop
      vertex 4.91859 -13.7465 43
      vertex 4.52844 -14.9283 42
      vertex 5.25548 -14.6881 42
    endloop
  endfacet
  facet normal -0.378311 0.597549 0.706977
    outer loop
      vertex -7.5059 12.5228 43
      vertex -8.66689 12.9709 42
      vertex -8.11133 12.1395 43
    endloop
  endfacet
  facet normal -0.631701 0.317915 0.707025
    outer loop
      vertex -13.758 7.35379 42
      vertex -14.1022 6.66986 42
      vertex -12.876 6.88239 43
    endloop
  endfacet
  facet normal 0.615324 -0.348563 0.707022
    outer loop
      vertex 12.876 -6.88239 43
      vertex 12.5228 -7.5059 43
      vertex 13.3806 -8.02 42
    endloop
  endfacet
  facet normal 0.705293 0.0520091 0.707006
    outer loop
      vertex 15.5249 1.52907 42
      vertex 14.5297 1.43105 43
      vertex 14.5824 0.716388 43
    endloop
  endfacet
  facet normal 0.705293 -0.0520091 0.707006
    outer loop
      vertex 14.5824 -0.716388 43
      vertex 14.5297 -1.43105 43
      vertex 15.5249 -1.52907 42
    endloop
  endfacet
  facet normal 0.254543 -0.659798 0.707018
    outer loop
      vertex 5.96986 -14.4125 42
      vertex 4.91859 -13.7465 43
      vertex 5.25548 -14.6881 42
    endloop
  endfacet
  facet normal 0.378387 -0.597449 0.70702
    outer loop
      vertex 8.66689 -12.9709 42
      vertex 7.5059 -12.5228 43
      vertex 8.02 -13.3806 42
    endloop
  endfacet
  facet normal -0.681588 0.188691 0.706989
    outer loop
      vertex -13.9713 4.23816 43
      vertex -15.1325 3.79049 42
      vertex -14.1625 3.54751 43
    endloop
  endfacet
  facet normal 0.512233 -0.48762 0.706996
    outer loop
      vertex 10.8179 -9.80476 43
      vertex 10.3238 -10.3238 43
      vertex 11.0309 -11.0309 42
    endloop
  endfacet
  facet normal 0.535482 -0.46199 0.706983
    outer loop
      vertex 12.059 -9.89653 42
      vertex 10.8179 -9.80476 43
      vertex 11.5588 -10.4763 42
    endloop
  endfacet
  facet normal -0.0865447 0.70189 0.707008
    outer loop
      vertex -1.52907 15.5249 42
      vertex -2.28899 15.4312 42
      vertex -2.14226 14.442 43
    endloop
  endfacet
  facet normal -0.646535 -0.286595 0.707004
    outer loop
      vertex -13.4886 -5.58718 43
      vertex -14.1022 -6.66986 42
      vertex -13.1982 -6.2423 43
    endloop
  endfacet
  facet normal -0.0520003 0.705297 0.707002
    outer loop
      vertex -0.765455 15.5812 42
      vertex -1.52907 15.5249 42
      vertex -0.716388 14.5824 43
    endloop
  endfacet
  facet normal -0.154946 -0.690042 0.706989
    outer loop
      vertex -3.54751 -14.1625 43
      vertex -3.79049 -15.1325 42
      vertex -2.84832 -14.3195 43
    endloop
  endfacet
  facet normal -0.681588 -0.188691 0.706989
    outer loop
      vertex -14.1625 -3.54751 43
      vertex -15.1325 -3.79049 42
      vertex -13.9713 -4.23816 43
    endloop
  endfacet
  facet normal -0.70189 -0.0865447 0.707008
    outer loop
      vertex -14.442 -2.14226 43
      vertex -15.5249 -1.52907 42
      vertex -15.4312 -2.28899 42
    endloop
  endfacet
  facet normal -0.348563 -0.615324 0.707022
    outer loop
      vertex -7.5059 -12.5228 43
      vertex -8.02 -13.3806 42
      vertex -6.88239 -12.876 43
    endloop
  endfacet
  facet normal -0.407236 0.578222 0.706978
    outer loop
      vertex -8.66689 12.9709 42
      vertex -9.29291 12.53 42
      vertex -8.11133 12.1395 43
    endloop
  endfacet
  facet normal 0.154983 -0.690018 0.707005
    outer loop
      vertex 3.79049 -15.1325 42
      vertex 2.84832 -14.3195 43
      vertex 3.04341 -15.3003 42
    endloop
  endfacet
  facet normal -0.188602 0.681581 0.70702
    outer loop
      vertex -3.79049 15.1325 42
      vertex -4.52844 14.9283 42
      vertex -4.23816 13.9713 43
    endloop
  endfacet
  facet normal -0.221848 -0.671496 0.70702
    outer loop
      vertex -4.23816 -13.9713 43
      vertex -4.91859 -13.7465 43
      vertex -4.52844 -14.9283 42
    endloop
  endfacet
  facet normal -0.701891 -0.0865509 0.707006
    outer loop
      vertex -14.5297 -1.43105 43
      vertex -15.5249 -1.52907 42
      vertex -14.442 -2.14226 43
    endloop
  endfacet
  facet normal -0.0520091 -0.705293 0.707006
    outer loop
      vertex -1.43105 -14.5297 43
      vertex -1.52907 -15.5249 42
      vertex -0.716388 -14.5824 43
    endloop
  endfacet
  facet normal 0.435056 -0.557569 0.706996
    outer loop
      vertex 9.26214 -11.286 43
      vertex 8.69721 -11.7268 43
      vertex 9.89653 -12.059 42
    endloop
  endfacet
  facet normal -0.681581 -0.188602 0.70702
    outer loop
      vertex -13.9713 -4.23816 43
      vertex -15.1325 -3.79049 42
      vertex -14.9283 -4.52844 42
    endloop
  endfacet
  facet normal -0.407236 -0.578222 0.706978
    outer loop
      vertex -8.11133 -12.1395 43
      vertex -9.29291 -12.53 42
      vertex -8.66689 -12.9709 42
    endloop
  endfacet
  facet normal -0.706998 -0.0173693 0.707002
    outer loop
      vertex -14.6 0 43
      vertex -15.5812 -0.765455 42
      vertex -14.5824 -0.716388 43
    endloop
  endfacet
  facet normal 0.0173693 0.706998 0.707002
    outer loop
      vertex 0.765455 15.5812 42
      vertex 0 14.6 43
      vertex 0.716388 14.5824 43
    endloop
  endfacet
  facet normal 0.0173643 -0.707 0.707
    outer loop
      vertex 0 -14.6 43
      vertex 0 -15.6 42
      vertex 0.765455 -15.5812 42
    endloop
  endfacet
  facet normal 0.0865509 0.701891 0.707006
    outer loop
      vertex 1.52907 15.5249 42
      vertex 1.43105 14.5297 43
      vertex 2.14226 14.442 43
    endloop
  endfacet
  facet normal -0.286598 -0.646532 0.707006
    outer loop
      vertex -5.58718 -13.4886 43
      vertex -6.66986 -14.1022 42
      vertex -5.96986 -14.4125 42
    endloop
  endfacet
  facet normal 0.154946 -0.690042 0.706989
    outer loop
      vertex 3.54751 -14.1625 43
      vertex 2.84832 -14.3195 43
      vertex 3.79049 -15.1325 42
    endloop
  endfacet
  facet normal -0.254517 -0.65982 0.707007
    outer loop
      vertex -5.58718 -13.4886 43
      vertex -5.96986 -14.4125 42
      vertex -4.91859 -13.7465 43
    endloop
  endfacet
  facet normal -0.188691 -0.681588 0.706989
    outer loop
      vertex -3.54751 -14.1625 43
      vertex -4.23816 -13.9713 43
      vertex -3.79049 -15.1325 42
    endloop
  endfacet
  facet normal 0.0520091 0.705293 0.707006
    outer loop
      vertex 1.52907 15.5249 42
      vertex 0.716388 14.5824 43
      vertex 1.43105 14.5297 43
    endloop
  endfacet
  facet normal -0.407271 0.578172 0.706999
    outer loop
      vertex -8.11133 12.1395 43
      vertex -9.29291 12.53 42
      vertex -8.69721 11.7268 43
    endloop
  endfacet
  facet normal 0.706998 0.0173693 0.707002
    outer loop
      vertex 15.5812 0.765455 42
      vertex 14.5824 0.716388 43
      vertex 14.6 0 43
    endloop
  endfacet
  facet normal -0.671496 -0.221849 0.707019
    outer loop
      vertex -13.7465 -4.91859 43
      vertex -14.9283 -4.52844 42
      vertex -14.6881 -5.25548 42
    endloop
  endfacet
  facet normal 0.34857 -0.615317 0.707025
    outer loop
      vertex 8.02 -13.3806 42
      vertex 6.88239 -12.876 43
      vertex 7.35379 -13.758 42
    endloop
  endfacet
  facet normal -0.0865509 0.701891 0.707006
    outer loop
      vertex -1.52907 15.5249 42
      vertex -2.14226 14.442 43
      vertex -1.43105 14.5297 43
    endloop
  endfacet
  facet normal -0.221848 0.671496 0.70702
    outer loop
      vertex -4.52844 14.9283 42
      vertex -4.91859 13.7465 43
      vertex -4.23816 13.9713 43
    endloop
  endfacet
  facet normal -0.254543 -0.659798 0.707018
    outer loop
      vertex -4.91859 -13.7465 43
      vertex -5.96986 -14.4125 42
      vertex -5.25548 -14.6881 42
    endloop
  endfacet
  facet normal -0.221849 -0.671496 0.707019
    outer loop
      vertex -4.91859 -13.7465 43
      vertex -5.25548 -14.6881 42
      vertex -4.52844 -14.9283 42
    endloop
  endfacet
  facet normal -0.0173643 -0.707 0.707
    outer loop
      vertex 0 -14.6 43
      vertex -0.765455 -15.5812 42
      vertex 0 -15.6 42
    endloop
  endfacet
  facet normal -0.0173693 -0.706998 0.707002
    outer loop
      vertex -0.716388 -14.5824 43
      vertex -0.765455 -15.5812 42
      vertex 0 -14.6 43
    endloop
  endfacet
  facet normal -0.557569 -0.435056 0.706996
    outer loop
      vertex -11.7268 -8.69721 43
      vertex -12.059 -9.89653 42
      vertex -11.286 -9.26214 43
    endloop
  endfacet
  facet normal 0.378311 -0.597549 0.706977
    outer loop
      vertex 8.11133 -12.1395 43
      vertex 7.5059 -12.5228 43
      vertex 8.66689 -12.9709 42
    endloop
  endfacet
  facet normal -0.615324 -0.348563 0.707022
    outer loop
      vertex -12.876 -6.88239 43
      vertex -13.3806 -8.02 42
      vertex -12.5228 -7.5059 43
    endloop
  endfacet
  facet normal 0.615317 -0.34857 0.707025
    outer loop
      vertex 13.758 -7.35379 42
      vertex 12.876 -6.88239 43
      vertex 13.3806 -8.02 42
    endloop
  endfacet
  facet normal -0.317974 -0.631694 0.707004
    outer loop
      vertex -6.2423 -13.1982 43
      vertex -6.88239 -12.876 43
      vertex -6.66986 -14.1022 42
    endloop
  endfacet
  facet normal -0.120893 -0.696795 0.707009
    outer loop
      vertex -2.14226 -14.442 43
      vertex -2.84832 -14.3195 43
      vertex -2.28899 -15.4312 42
    endloop
  endfacet
  facet normal -0.0865447 -0.70189 0.707008
    outer loop
      vertex -2.14226 -14.442 43
      vertex -2.28899 -15.4312 42
      vertex -1.52907 -15.5249 42
    endloop
  endfacet
  facet normal 0.188691 -0.681588 0.706989
    outer loop
      vertex 4.23816 -13.9713 43
      vertex 3.54751 -14.1625 43
      vertex 3.79049 -15.1325 42
    endloop
  endfacet
  facet normal -0.705297 -0.0520003 0.707002
    outer loop
      vertex -14.5824 -0.716388 43
      vertex -15.5812 -0.765455 42
      vertex -15.5249 -1.52907 42
    endloop
  endfacet
  facet normal 0.0865447 -0.70189 0.707008
    outer loop
      vertex 2.14226 -14.442 43
      vertex 1.52907 -15.5249 42
      vertex 2.28899 -15.4312 42
    endloop
  endfacet
  facet normal 0.0865509 -0.701891 0.707006
    outer loop
      vertex 2.14226 -14.442 43
      vertex 1.43105 -14.5297 43
      vertex 1.52907 -15.5249 42
    endloop
  endfacet
  facet normal -0.997286 -0.073623 0
    outer loop
      vertex 13.1841 0.647693 4
      vertex 13.1364 1.29383 43
      vertex 13.1364 1.29383 4
    endloop
  endfacet
  facet normal -0.997286 -0.073623 0
    outer loop
      vertex 13.1364 1.29383 43
      vertex 13.1841 0.647693 4
      vertex 13.1841 0.647693 43
    endloop
  endfacet
  facet normal -0.999699 -0.0245413 0
    outer loop
      vertex 13.2 0 4
      vertex 13.1841 0.647693 43
      vertex 13.1841 0.647693 4
    endloop
  endfacet
  facet normal -0.999699 -0.0245413 0
    outer loop
      vertex 13.1841 0.647693 43
      vertex 13.2 0 4
      vertex 13.2 0 43
    endloop
  endfacet
  facet normal -0.992481 -0.122399 0
    outer loop
      vertex 13.1364 1.29383 4
      vertex 13.0571 1.93684 43
      vertex 13.0571 1.93684 4
    endloop
  endfacet
  facet normal -0.992481 -0.122399 0
    outer loop
      vertex 13.0571 1.93684 43
      vertex 13.1364 1.29383 4
      vertex 13.1364 1.29383 43
    endloop
  endfacet
  facet normal 0.975687 -0.219169 0
    outer loop
      vertex -12.9464 2.57519 43
      vertex -12.8044 3.20734 4
      vertex -12.8044 3.20734 43
    endloop
  endfacet
  facet normal 0.975687 -0.219169 0
    outer loop
      vertex -12.8044 3.20734 4
      vertex -12.9464 2.57519 43
      vertex -12.9464 2.57519 4
    endloop
  endfacet
  facet normal -0.170866 0.985294 0
    outer loop
      vertex 2.57519 -12.9464 4
      vertex 1.93684 -13.0571 43
      vertex 2.57519 -12.9464 43
    endloop
  endfacet
  facet normal -0.170866 0.985294 0
    outer loop
      vertex 1.93684 -13.0571 43
      vertex 2.57519 -12.9464 4
      vertex 1.93684 -13.0571 4
    endloop
  endfacet
  facet normal -0.575853 -0.817553 0
    outer loop
      vertex 7.33353 10.9754 4
      vertex 7.86323 10.6023 43
      vertex 7.33353 10.9754 43
    endloop
  endfacet
  facet normal -0.575853 -0.817553 -0
    outer loop
      vertex 7.86323 10.6023 43
      vertex 7.33353 10.9754 4
      vertex 7.86323 10.6023 4
    endloop
  endfacet
  facet normal -0.073623 0.997286 0
    outer loop
      vertex 1.29383 -13.1364 4
      vertex 0.647693 -13.1841 43
      vertex 1.29383 -13.1364 43
    endloop
  endfacet
  facet normal -0.073623 0.997286 0
    outer loop
      vertex 0.647693 -13.1841 43
      vertex 1.29383 -13.1364 4
      vertex 0.647693 -13.1841 4
    endloop
  endfacet
  facet normal 0.844866 0.534978 0
    outer loop
      vertex -10.9754 -7.33353 43
      vertex -11.322 -6.78616 4
      vertex -11.322 -6.78616 43
    endloop
  endfacet
  facet normal 0.844866 0.534978 0
    outer loop
      vertex -11.322 -6.78616 4
      vertex -10.9754 -7.33353 43
      vertex -10.9754 -7.33353 4
    endloop
  endfacet
  facet normal 0.313638 -0.949543 0
    outer loop
      vertex -4.44695 12.4284 4
      vertex -3.83176 12.6316 43
      vertex -4.44695 12.4284 43
    endloop
  endfacet
  facet normal 0.313638 -0.949543 0
    outer loop
      vertex -3.83176 12.6316 43
      vertex -4.44695 12.4284 4
      vertex -3.83176 12.6316 4
    endloop
  endfacet
  facet normal 0.0245413 -0.999699 0
    outer loop
      vertex -0.647693 13.1841 4
      vertex 0 13.2 43
      vertex -0.647693 13.1841 43
    endloop
  endfacet
  facet normal 0.0245413 -0.999699 0
    outer loop
      vertex 0 13.2 43
      vertex -0.647693 13.1841 4
      vertex 0 13.2 4
    endloop
  endfacet
  facet normal 0.985294 0.170866 0
    outer loop
      vertex -12.9464 -2.57519 43
      vertex -13.0571 -1.93684 4
      vertex -13.0571 -1.93684 43
    endloop
  endfacet
  facet normal 0.985294 0.170866 0
    outer loop
      vertex -13.0571 -1.93684 4
      vertex -12.9464 -2.57519 43
      vertex -12.9464 -2.57519 4
    endloop
  endfacet
  facet normal -0.72425 -0.689537 0
    outer loop
      vertex 9.78055 8.86458 4
      vertex 9.33381 9.33381 43
      vertex 9.33381 9.33381 4
    endloop
  endfacet
  facet normal -0.72425 -0.689537 0
    outer loop
      vertex 9.33381 9.33381 43
      vertex 9.78055 8.86458 4
      vertex 9.78055 8.86458 43
    endloop
  endfacet
  facet normal -0.757236 -0.653141 0
    outer loop
      vertex 10.2037 8.37399 4
      vertex 9.78055 8.86458 43
      vertex 9.78055 8.86458 4
    endloop
  endfacet
  facet normal -0.757236 -0.653141 0
    outer loop
      vertex 9.78055 8.86458 43
      vertex 10.2037 8.37399 4
      vertex 10.2037 8.37399 43
    endloop
  endfacet
  facet normal -0.932977 -0.359936 0
    outer loop
      vertex 12.4284 4.44695 4
      vertex 12.1952 5.05142 43
      vertex 12.1952 5.05142 4
    endloop
  endfacet
  facet normal -0.932977 -0.359936 0
    outer loop
      vertex 12.1952 5.05142 43
      vertex 12.4284 4.44695 4
      vertex 12.4284 4.44695 43
    endloop
  endfacet
  facet normal -0.949543 -0.313638 0
    outer loop
      vertex 12.6316 3.83176 4
      vertex 12.4284 4.44695 43
      vertex 12.4284 4.44695 4
    endloop
  endfacet
  facet normal -0.949543 -0.313638 0
    outer loop
      vertex 12.4284 4.44695 43
      vertex 12.6316 3.83176 4
      vertex 12.6316 3.83176 43
    endloop
  endfacet
  facet normal -0.0245413 0.999699 0
    outer loop
      vertex 0.647693 -13.1841 4
      vertex 0 -13.2 43
      vertex 0.647693 -13.1841 43
    endloop
  endfacet
  facet normal -0.0245413 0.999699 0
    outer loop
      vertex 0 -13.2 43
      vertex 0.647693 -13.1841 4
      vertex 0 -13.2 4
    endloop
  endfacet
  facet normal -0.219169 0.975687 0
    outer loop
      vertex 3.20734 -12.8044 4
      vertex 2.57519 -12.9464 43
      vertex 3.20734 -12.8044 43
    endloop
  endfacet
  facet normal -0.219169 0.975687 0
    outer loop
      vertex 2.57519 -12.9464 43
      vertex 3.20734 -12.8044 4
      vertex 2.57519 -12.9464 4
    endloop
  endfacet
  facet normal 0.788347 -0.615231 0
    outer loop
      vertex -10.6023 7.86323 43
      vertex -10.2037 8.37399 4
      vertex -10.2037 8.37399 43
    endloop
  endfacet
  facet normal 0.788347 -0.615231 0
    outer loop
      vertex -10.2037 8.37399 4
      vertex -10.6023 7.86323 43
      vertex -10.6023 7.86323 4
    endloop
  endfacet
  facet normal -0.575853 0.817553 0
    outer loop
      vertex 7.86323 -10.6023 4
      vertex 7.33353 -10.9754 43
      vertex 7.86323 -10.6023 43
    endloop
  endfacet
  facet normal -0.575853 0.817553 0
    outer loop
      vertex 7.33353 -10.9754 43
      vertex 7.86323 -10.6023 4
      vertex 7.33353 -10.9754 4
    endloop
  endfacet
  facet normal 0.992481 0.122399 0
    outer loop
      vertex -13.0571 -1.93684 43
      vertex -13.1364 -1.29383 4
      vertex -13.1364 -1.29383 43
    endloop
  endfacet
  facet normal 0.992481 0.122399 0
    outer loop
      vertex -13.1364 -1.29383 4
      vertex -13.0571 -1.93684 43
      vertex -13.0571 -1.93684 4
    endloop
  endfacet
  facet normal -0.073623 -0.997286 0
    outer loop
      vertex 0.647693 13.1841 4
      vertex 1.29383 13.1364 43
      vertex 0.647693 13.1841 43
    endloop
  endfacet
  facet normal -0.073623 -0.997286 -0
    outer loop
      vertex 1.29383 13.1364 43
      vertex 0.647693 13.1841 4
      vertex 1.29383 13.1364 4
    endloop
  endfacet
  facet normal -0.87005 -0.492964 0
    outer loop
      vertex 11.6414 6.22244 4
      vertex 11.322 6.78616 43
      vertex 11.322 6.78616 4
    endloop
  endfacet
  facet normal -0.87005 -0.492964 0
    outer loop
      vertex 11.322 6.78616 43
      vertex 11.6414 6.22244 4
      vertex 11.6414 6.22244 43
    endloop
  endfacet
  facet normal 0.788347 0.615231 0
    outer loop
      vertex -10.2037 -8.37399 43
      vertex -10.6023 -7.86323 4
      vertex -10.6023 -7.86323 43
    endloop
  endfacet
  facet normal 0.788347 0.615231 0
    outer loop
      vertex -10.6023 -7.86323 4
      vertex -10.2037 -8.37399 43
      vertex -10.2037 -8.37399 4
    endloop
  endfacet
  facet normal 0.844866 -0.534978 0
    outer loop
      vertex -11.322 6.78616 43
      vertex -10.9754 7.33353 4
      vertex -10.9754 7.33353 43
    endloop
  endfacet
  facet normal 0.844866 -0.534978 0
    outer loop
      vertex -10.9754 7.33353 4
      vertex -11.322 6.78616 43
      vertex -11.322 6.78616 4
    endloop
  endfacet
  facet normal -0.963776 0.266712 0
    outer loop
      vertex 12.6316 -3.83176 4
      vertex 12.8044 -3.20734 43
      vertex 12.8044 -3.20734 4
    endloop
  endfacet
  facet normal -0.963776 0.266712 0
    outer loop
      vertex 12.8044 -3.20734 43
      vertex 12.6316 -3.83176 4
      vertex 12.6316 -3.83176 43
    endloop
  endfacet
  facet normal -0.949543 0.313638 0
    outer loop
      vertex 12.4284 -4.44695 4
      vertex 12.6316 -3.83176 43
      vertex 12.6316 -3.83176 4
    endloop
  endfacet
  facet normal -0.949543 0.313638 0
    outer loop
      vertex 12.6316 -3.83176 43
      vertex 12.4284 -4.44695 4
      vertex 12.4284 -4.44695 43
    endloop
  endfacet
  facet normal 0.615231 0.788347 -0
    outer loop
      vertex -7.86323 -10.6023 4
      vertex -8.37399 -10.2037 43
      vertex -7.86323 -10.6023 43
    endloop
  endfacet
  facet normal 0.615231 0.788347 0
    outer loop
      vertex -8.37399 -10.2037 43
      vertex -7.86323 -10.6023 4
      vertex -8.37399 -10.2037 4
    endloop
  endfacet
  facet normal -0.893223 -0.449614 0
    outer loop
      vertex 11.9327 5.64373 4
      vertex 11.6414 6.22244 43
      vertex 11.6414 6.22244 4
    endloop
  endfacet
  facet normal -0.893223 -0.449614 0
    outer loop
      vertex 11.6414 6.22244 43
      vertex 11.9327 5.64373 4
      vertex 11.9327 5.64373 43
    endloop
  endfacet
  facet normal -0.844866 -0.534978 0
    outer loop
      vertex 11.322 6.78616 4
      vertex 10.9754 7.33353 43
      vertex 10.9754 7.33353 4
    endloop
  endfacet
  facet normal -0.844866 -0.534978 0
    outer loop
      vertex 10.9754 7.33353 43
      vertex 11.322 6.78616 4
      vertex 11.322 6.78616 43
    endloop
  endfacet
  facet normal 0.893223 0.449614 0
    outer loop
      vertex -11.6414 -6.22244 43
      vertex -11.9327 -5.64373 4
      vertex -11.9327 -5.64373 43
    endloop
  endfacet
  facet normal 0.893223 0.449614 0
    outer loop
      vertex -11.9327 -5.64373 4
      vertex -11.6414 -6.22244 43
      vertex -11.6414 -6.22244 4
    endloop
  endfacet
  facet normal -0.788347 0.615231 0
    outer loop
      vertex 10.2037 -8.37399 4
      vertex 10.6023 -7.86323 43
      vertex 10.6023 -7.86323 4
    endloop
  endfacet
  facet normal -0.788347 0.615231 0
    outer loop
      vertex 10.6023 -7.86323 43
      vertex 10.2037 -8.37399 4
      vertex 10.2037 -8.37399 43
    endloop
  endfacet
  facet normal -0.313638 0.949543 0
    outer loop
      vertex 4.44695 -12.4284 4
      vertex 3.83176 -12.6316 43
      vertex 4.44695 -12.4284 43
    endloop
  endfacet
  facet normal -0.313638 0.949543 0
    outer loop
      vertex 3.83176 -12.6316 43
      vertex 4.44695 -12.4284 4
      vertex 3.83176 -12.6316 4
    endloop
  endfacet
  facet normal -0.689537 0.72425 0
    outer loop
      vertex 9.33381 -9.33381 4
      vertex 8.86458 -9.78055 43
      vertex 9.33381 -9.33381 43
    endloop
  endfacet
  facet normal -0.689537 0.72425 0
    outer loop
      vertex 8.86458 -9.78055 43
      vertex 9.33381 -9.33381 4
      vertex 8.86458 -9.78055 4
    endloop
  endfacet
  facet normal 0.122399 -0.992481 0
    outer loop
      vertex -1.93684 13.0571 4
      vertex -1.29383 13.1364 43
      vertex -1.93684 13.0571 43
    endloop
  endfacet
  facet normal 0.122399 -0.992481 0
    outer loop
      vertex -1.29383 13.1364 43
      vertex -1.93684 13.0571 4
      vertex -1.29383 13.1364 4
    endloop
  endfacet
  facet normal 0.87005 -0.492964 0
    outer loop
      vertex -11.6414 6.22244 43
      vertex -11.322 6.78616 4
      vertex -11.322 6.78616 43
    endloop
  endfacet
  facet normal 0.87005 -0.492964 0
    outer loop
      vertex -11.322 6.78616 4
      vertex -11.6414 6.22244 43
      vertex -11.6414 6.22244 4
    endloop
  endfacet
  facet normal -0.170866 -0.985294 0
    outer loop
      vertex 1.93684 13.0571 4
      vertex 2.57519 12.9464 43
      vertex 1.93684 13.0571 43
    endloop
  endfacet
  facet normal -0.170866 -0.985294 -0
    outer loop
      vertex 2.57519 12.9464 43
      vertex 1.93684 13.0571 4
      vertex 2.57519 12.9464 4
    endloop
  endfacet
  facet normal 0.073623 0.997286 -0
    outer loop
      vertex -0.647693 -13.1841 4
      vertex -1.29383 -13.1364 43
      vertex -0.647693 -13.1841 43
    endloop
  endfacet
  facet normal 0.073623 0.997286 0
    outer loop
      vertex -1.29383 -13.1364 43
      vertex -0.647693 -13.1841 4
      vertex -1.29383 -13.1364 4
    endloop
  endfacet
  facet normal 0.91424 0.405173 0
    outer loop
      vertex -11.9327 -5.64373 43
      vertex -12.1952 -5.05142 4
      vertex -12.1952 -5.05142 43
    endloop
  endfacet
  facet normal 0.91424 0.405173 0
    outer loop
      vertex -12.1952 -5.05142 4
      vertex -11.9327 -5.64373 43
      vertex -11.9327 -5.64373 4
    endloop
  endfacet
  facet normal -0.91424 0.405173 0
    outer loop
      vertex 11.9327 -5.64373 4
      vertex 12.1952 -5.05142 43
      vertex 12.1952 -5.05142 4
    endloop
  endfacet
  facet normal -0.91424 0.405173 0
    outer loop
      vertex 12.1952 -5.05142 43
      vertex 11.9327 -5.64373 4
      vertex 11.9327 -5.64373 43
    endloop
  endfacet
  facet normal -0.615231 -0.788347 0
    outer loop
      vertex 7.86323 10.6023 4
      vertex 8.37399 10.2037 43
      vertex 7.86323 10.6023 43
    endloop
  endfacet
  facet normal -0.615231 -0.788347 -0
    outer loop
      vertex 8.37399 10.2037 43
      vertex 7.86323 10.6023 4
      vertex 8.37399 10.2037 4
    endloop
  endfacet
  facet normal 0.975687 0.219169 0
    outer loop
      vertex -12.8044 -3.20734 43
      vertex -12.9464 -2.57519 4
      vertex -12.9464 -2.57519 43
    endloop
  endfacet
  facet normal 0.975687 0.219169 0
    outer loop
      vertex -12.9464 -2.57519 4
      vertex -12.8044 -3.20734 43
      vertex -12.8044 -3.20734 4
    endloop
  endfacet
  facet normal -0.992481 0.122399 0
    outer loop
      vertex 13.0571 -1.93684 4
      vertex 13.1364 -1.29383 43
      vertex 13.1364 -1.29383 4
    endloop
  endfacet
  facet normal -0.992481 0.122399 0
    outer loop
      vertex 13.1364 -1.29383 43
      vertex 13.0571 -1.93684 4
      vertex 13.0571 -1.93684 43
    endloop
  endfacet
  facet normal 0.949543 0.313638 0
    outer loop
      vertex -12.4284 -4.44695 43
      vertex -12.6316 -3.83176 4
      vertex -12.6316 -3.83176 43
    endloop
  endfacet
  facet normal 0.949543 0.313638 0
    outer loop
      vertex -12.6316 -3.83176 4
      vertex -12.4284 -4.44695 43
      vertex -12.4284 -4.44695 4
    endloop
  endfacet
  facet normal 0.449614 -0.893223 0
    outer loop
      vertex -6.22244 11.6414 4
      vertex -5.64373 11.9327 43
      vertex -6.22244 11.6414 43
    endloop
  endfacet
  facet normal 0.449614 -0.893223 0
    outer loop
      vertex -5.64373 11.9327 43
      vertex -6.22244 11.6414 4
      vertex -5.64373 11.9327 4
    endloop
  endfacet
  facet normal 0.757236 0.653141 0
    outer loop
      vertex -9.78055 -8.86458 43
      vertex -10.2037 -8.37399 4
      vertex -10.2037 -8.37399 43
    endloop
  endfacet
  facet normal 0.757236 0.653141 0
    outer loop
      vertex -10.2037 -8.37399 4
      vertex -9.78055 -8.86458 43
      vertex -9.78055 -8.86458 4
    endloop
  endfacet
  facet normal 0.91424 -0.405173 0
    outer loop
      vertex -12.1952 5.05142 43
      vertex -11.9327 5.64373 4
      vertex -11.9327 5.64373 43
    endloop
  endfacet
  facet normal 0.91424 -0.405173 0
    outer loop
      vertex -11.9327 5.64373 4
      vertex -12.1952 5.05142 43
      vertex -12.1952 5.05142 4
    endloop
  endfacet
  facet normal 0.817553 0.575853 0
    outer loop
      vertex -10.6023 -7.86323 43
      vertex -10.9754 -7.33353 4
      vertex -10.9754 -7.33353 43
    endloop
  endfacet
  facet normal 0.817553 0.575853 0
    outer loop
      vertex -10.9754 -7.33353 4
      vertex -10.6023 -7.86323 43
      vertex -10.6023 -7.86323 4
    endloop
  endfacet
  facet normal 0.219169 -0.975687 0
    outer loop
      vertex -3.20734 12.8044 4
      vertex -2.57519 12.9464 43
      vertex -3.20734 12.8044 43
    endloop
  endfacet
  facet normal 0.219169 -0.975687 0
    outer loop
      vertex -2.57519 12.9464 43
      vertex -3.20734 12.8044 4
      vertex -2.57519 12.9464 4
    endloop
  endfacet
  facet normal 0.073623 -0.997286 0
    outer loop
      vertex -1.29383 13.1364 4
      vertex -0.647693 13.1841 43
      vertex -1.29383 13.1364 43
    endloop
  endfacet
  facet normal 0.073623 -0.997286 0
    outer loop
      vertex -0.647693 13.1841 43
      vertex -1.29383 13.1364 4
      vertex -0.647693 13.1841 4
    endloop
  endfacet
  facet normal 0.653141 0.757236 -0
    outer loop
      vertex -8.37399 -10.2037 4
      vertex -8.86458 -9.78055 43
      vertex -8.37399 -10.2037 43
    endloop
  endfacet
  facet normal 0.653141 0.757236 0
    outer loop
      vertex -8.86458 -9.78055 43
      vertex -8.37399 -10.2037 4
      vertex -8.86458 -9.78055 4
    endloop
  endfacet
  facet normal -0.689537 -0.72425 0
    outer loop
      vertex 8.86458 9.78055 4
      vertex 9.33381 9.33381 43
      vertex 8.86458 9.78055 43
    endloop
  endfacet
  facet normal -0.689537 -0.72425 -0
    outer loop
      vertex 9.33381 9.33381 43
      vertex 8.86458 9.78055 4
      vertex 9.33381 9.33381 4
    endloop
  endfacet
  facet normal -0.91424 -0.405173 0
    outer loop
      vertex 12.1952 5.05142 4
      vertex 11.9327 5.64373 43
      vertex 11.9327 5.64373 4
    endloop
  endfacet
  facet normal -0.91424 -0.405173 0
    outer loop
      vertex 11.9327 5.64373 43
      vertex 12.1952 5.05142 4
      vertex 12.1952 5.05142 43
    endloop
  endfacet
  facet normal 0.72425 0.689537 0
    outer loop
      vertex -9.33381 -9.33381 43
      vertex -9.78055 -8.86458 4
      vertex -9.78055 -8.86458 43
    endloop
  endfacet
  facet normal 0.72425 0.689537 0
    outer loop
      vertex -9.78055 -8.86458 4
      vertex -9.33381 -9.33381 43
      vertex -9.33381 -9.33381 4
    endloop
  endfacet
  facet normal 0.313638 0.949543 -0
    outer loop
      vertex -3.83176 -12.6316 4
      vertex -4.44695 -12.4284 43
      vertex -3.83176 -12.6316 43
    endloop
  endfacet
  facet normal 0.313638 0.949543 0
    outer loop
      vertex -4.44695 -12.4284 43
      vertex -3.83176 -12.6316 4
      vertex -4.44695 -12.4284 4
    endloop
  endfacet
  facet normal 0.689537 -0.72425 0
    outer loop
      vertex -9.33381 9.33381 4
      vertex -8.86458 9.78055 43
      vertex -9.33381 9.33381 43
    endloop
  endfacet
  facet normal 0.689537 -0.72425 0
    outer loop
      vertex -8.86458 9.78055 43
      vertex -9.33381 9.33381 4
      vertex -8.86458 9.78055 4
    endloop
  endfacet
  facet normal 0.999699 -0.0245413 0
    outer loop
      vertex -13.2 0 43
      vertex -13.1841 0.647693 4
      vertex -13.1841 0.647693 43
    endloop
  endfacet
  facet normal 0.999699 -0.0245413 0
    outer loop
      vertex -13.1841 0.647693 4
      vertex -13.2 0 43
      vertex -13.2 0 4
    endloop
  endfacet
  facet normal -0.757236 0.653141 0
    outer loop
      vertex 9.78055 -8.86458 4
      vertex 10.2037 -8.37399 43
      vertex 10.2037 -8.37399 4
    endloop
  endfacet
  facet normal -0.757236 0.653141 0
    outer loop
      vertex 10.2037 -8.37399 43
      vertex 9.78055 -8.86458 4
      vertex 9.78055 -8.86458 43
    endloop
  endfacet
  facet normal 0.219169 0.975687 -0
    outer loop
      vertex -2.57519 -12.9464 4
      vertex -3.20734 -12.8044 43
      vertex -2.57519 -12.9464 43
    endloop
  endfacet
  facet normal 0.219169 0.975687 0
    outer loop
      vertex -3.20734 -12.8044 43
      vertex -2.57519 -12.9464 4
      vertex -3.20734 -12.8044 4
    endloop
  endfacet
  facet normal 0.932977 -0.359936 0
    outer loop
      vertex -12.4284 4.44695 43
      vertex -12.1952 5.05142 4
      vertex -12.1952 5.05142 43
    endloop
  endfacet
  facet normal 0.932977 -0.359936 0
    outer loop
      vertex -12.1952 5.05142 4
      vertex -12.4284 4.44695 43
      vertex -12.4284 4.44695 4
    endloop
  endfacet
  facet normal 0.653141 -0.757236 0
    outer loop
      vertex -8.86458 9.78055 4
      vertex -8.37399 10.2037 43
      vertex -8.86458 9.78055 43
    endloop
  endfacet
  facet normal 0.653141 -0.757236 0
    outer loop
      vertex -8.37399 10.2037 43
      vertex -8.86458 9.78055 4
      vertex -8.37399 10.2037 4
    endloop
  endfacet
  facet normal -0.405173 -0.91424 0
    outer loop
      vertex 5.05142 12.1952 4
      vertex 5.64373 11.9327 43
      vertex 5.05142 12.1952 43
    endloop
  endfacet
  facet normal -0.405173 -0.91424 -0
    outer loop
      vertex 5.64373 11.9327 43
      vertex 5.05142 12.1952 4
      vertex 5.64373 11.9327 4
    endloop
  endfacet
  facet normal -0.997286 0.073623 0
    outer loop
      vertex 13.1364 -1.29383 4
      vertex 13.1841 -0.647693 43
      vertex 13.1841 -0.647693 4
    endloop
  endfacet
  facet normal -0.997286 0.073623 0
    outer loop
      vertex 13.1841 -0.647693 43
      vertex 13.1364 -1.29383 4
      vertex 13.1364 -1.29383 43
    endloop
  endfacet
  facet normal -0.893223 0.449614 0
    outer loop
      vertex 11.6414 -6.22244 4
      vertex 11.9327 -5.64373 43
      vertex 11.9327 -5.64373 4
    endloop
  endfacet
  facet normal -0.893223 0.449614 0
    outer loop
      vertex 11.9327 -5.64373 43
      vertex 11.6414 -6.22244 4
      vertex 11.6414 -6.22244 43
    endloop
  endfacet
  facet normal -0.653141 -0.757236 0
    outer loop
      vertex 8.37399 10.2037 4
      vertex 8.86458 9.78055 43
      vertex 8.37399 10.2037 43
    endloop
  endfacet
  facet normal -0.653141 -0.757236 -0
    outer loop
      vertex 8.86458 9.78055 43
      vertex 8.37399 10.2037 4
      vertex 8.86458 9.78055 4
    endloop
  endfacet
  facet normal 0.997286 0.073623 0
    outer loop
      vertex -13.1364 -1.29383 43
      vertex -13.1841 -0.647693 4
      vertex -13.1841 -0.647693 43
    endloop
  endfacet
  facet normal 0.997286 0.073623 0
    outer loop
      vertex -13.1841 -0.647693 4
      vertex -13.1364 -1.29383 43
      vertex -13.1364 -1.29383 4
    endloop
  endfacet
  facet normal 0.689537 0.72425 -0
    outer loop
      vertex -8.86458 -9.78055 4
      vertex -9.33381 -9.33381 43
      vertex -8.86458 -9.78055 43
    endloop
  endfacet
  facet normal 0.689537 0.72425 0
    outer loop
      vertex -9.33381 -9.33381 43
      vertex -8.86458 -9.78055 4
      vertex -9.33381 -9.33381 4
    endloop
  endfacet
  facet normal -0.266712 0.963776 0
    outer loop
      vertex 3.83176 -12.6316 4
      vertex 3.20734 -12.8044 43
      vertex 3.83176 -12.6316 43
    endloop
  endfacet
  facet normal -0.266712 0.963776 0
    outer loop
      vertex 3.20734 -12.8044 43
      vertex 3.83176 -12.6316 4
      vertex 3.20734 -12.8044 4
    endloop
  endfacet
  facet normal -0.817553 -0.575853 0
    outer loop
      vertex 10.9754 7.33353 4
      vertex 10.6023 7.86323 43
      vertex 10.6023 7.86323 4
    endloop
  endfacet
  facet normal -0.817553 -0.575853 0
    outer loop
      vertex 10.6023 7.86323 43
      vertex 10.9754 7.33353 4
      vertex 10.9754 7.33353 43
    endloop
  endfacet
  facet normal -0.219169 -0.975687 0
    outer loop
      vertex 2.57519 12.9464 4
      vertex 3.20734 12.8044 43
      vertex 2.57519 12.9464 43
    endloop
  endfacet
  facet normal -0.219169 -0.975687 -0
    outer loop
      vertex 3.20734 12.8044 43
      vertex 2.57519 12.9464 4
      vertex 3.20734 12.8044 4
    endloop
  endfacet
  facet normal -0.122399 0.992481 0
    outer loop
      vertex 1.93684 -13.0571 4
      vertex 1.29383 -13.1364 43
      vertex 1.93684 -13.0571 43
    endloop
  endfacet
  facet normal -0.122399 0.992481 0
    outer loop
      vertex 1.29383 -13.1364 43
      vertex 1.93684 -13.0571 4
      vertex 1.29383 -13.1364 4
    endloop
  endfacet
  facet normal -0.449614 -0.893223 0
    outer loop
      vertex 5.64373 11.9327 4
      vertex 6.22244 11.6414 43
      vertex 5.64373 11.9327 43
    endloop
  endfacet
  facet normal -0.449614 -0.893223 -0
    outer loop
      vertex 6.22244 11.6414 43
      vertex 5.64373 11.9327 4
      vertex 6.22244 11.6414 4
    endloop
  endfacet
  facet normal -0.653141 0.757236 0
    outer loop
      vertex 8.86458 -9.78055 4
      vertex 8.37399 -10.2037 43
      vertex 8.86458 -9.78055 43
    endloop
  endfacet
  facet normal -0.653141 0.757236 0
    outer loop
      vertex 8.37399 -10.2037 43
      vertex 8.86458 -9.78055 4
      vertex 8.37399 -10.2037 4
    endloop
  endfacet
  facet normal -0.359936 0.932977 0
    outer loop
      vertex 5.05142 -12.1952 4
      vertex 4.44695 -12.4284 43
      vertex 5.05142 -12.1952 43
    endloop
  endfacet
  facet normal -0.359936 0.932977 0
    outer loop
      vertex 4.44695 -12.4284 43
      vertex 5.05142 -12.1952 4
      vertex 4.44695 -12.4284 4
    endloop
  endfacet
  facet normal -0.788347 -0.615231 0
    outer loop
      vertex 10.6023 7.86323 4
      vertex 10.2037 8.37399 43
      vertex 10.2037 8.37399 4
    endloop
  endfacet
  facet normal -0.788347 -0.615231 0
    outer loop
      vertex 10.2037 8.37399 43
      vertex 10.6023 7.86323 4
      vertex 10.6023 7.86323 43
    endloop
  endfacet
  facet normal -0.985294 -0.170866 0
    outer loop
      vertex 13.0571 1.93684 4
      vertex 12.9464 2.57519 43
      vertex 12.9464 2.57519 4
    endloop
  endfacet
  facet normal -0.985294 -0.170866 0
    outer loop
      vertex 12.9464 2.57519 43
      vertex 13.0571 1.93684 4
      vertex 13.0571 1.93684 43
    endloop
  endfacet
  facet normal -0.999699 0.0245413 0
    outer loop
      vertex 13.1841 -0.647693 4
      vertex 13.2 0 43
      vertex 13.2 0 4
    endloop
  endfacet
  facet normal -0.999699 0.0245413 0
    outer loop
      vertex 13.2 0 43
      vertex 13.1841 -0.647693 4
      vertex 13.1841 -0.647693 43
    endloop
  endfacet
  facet normal 0.0245413 0.999699 -0
    outer loop
      vertex 0 -13.2 4
      vertex -0.647693 -13.1841 43
      vertex 0 -13.2 43
    endloop
  endfacet
  facet normal 0.0245413 0.999699 0
    outer loop
      vertex -0.647693 -13.1841 43
      vertex 0 -13.2 4
      vertex -0.647693 -13.1841 4
    endloop
  endfacet
  facet normal -0.817553 0.575853 0
    outer loop
      vertex 10.6023 -7.86323 4
      vertex 10.9754 -7.33353 43
      vertex 10.9754 -7.33353 4
    endloop
  endfacet
  facet normal -0.817553 0.575853 0
    outer loop
      vertex 10.9754 -7.33353 43
      vertex 10.6023 -7.86323 4
      vertex 10.6023 -7.86323 43
    endloop
  endfacet
  facet normal -0.975687 -0.219169 0
    outer loop
      vertex 12.9464 2.57519 4
      vertex 12.8044 3.20734 43
      vertex 12.8044 3.20734 4
    endloop
  endfacet
  facet normal -0.975687 -0.219169 0
    outer loop
      vertex 12.8044 3.20734 43
      vertex 12.9464 2.57519 4
      vertex 12.9464 2.57519 43
    endloop
  endfacet
  facet normal -0.122399 -0.992481 0
    outer loop
      vertex 1.29383 13.1364 4
      vertex 1.93684 13.0571 43
      vertex 1.29383 13.1364 43
    endloop
  endfacet
  facet normal -0.122399 -0.992481 -0
    outer loop
      vertex 1.93684 13.0571 43
      vertex 1.29383 13.1364 4
      vertex 1.93684 13.0571 4
    endloop
  endfacet
  facet normal -0.963776 -0.266712 0
    outer loop
      vertex 12.8044 3.20734 4
      vertex 12.6316 3.83176 43
      vertex 12.6316 3.83176 4
    endloop
  endfacet
  facet normal -0.963776 -0.266712 0
    outer loop
      vertex 12.6316 3.83176 43
      vertex 12.8044 3.20734 4
      vertex 12.8044 3.20734 43
    endloop
  endfacet
  facet normal 0.534978 0.844866 -0
    outer loop
      vertex -6.78616 -11.322 4
      vertex -7.33353 -10.9754 43
      vertex -6.78616 -11.322 43
    endloop
  endfacet
  facet normal 0.534978 0.844866 0
    outer loop
      vertex -7.33353 -10.9754 43
      vertex -6.78616 -11.322 4
      vertex -7.33353 -10.9754 4
    endloop
  endfacet
  facet normal 0.449614 0.893223 -0
    outer loop
      vertex -5.64373 -11.9327 4
      vertex -6.22244 -11.6414 43
      vertex -5.64373 -11.9327 43
    endloop
  endfacet
  facet normal 0.449614 0.893223 0
    outer loop
      vertex -6.22244 -11.6414 43
      vertex -5.64373 -11.9327 4
      vertex -6.22244 -11.6414 4
    endloop
  endfacet
  facet normal -0.492964 -0.87005 0
    outer loop
      vertex 6.22244 11.6414 4
      vertex 6.78616 11.322 43
      vertex 6.22244 11.6414 43
    endloop
  endfacet
  facet normal -0.492964 -0.87005 -0
    outer loop
      vertex 6.78616 11.322 43
      vertex 6.22244 11.6414 4
      vertex 6.78616 11.322 4
    endloop
  endfacet
  facet normal 0.963776 -0.266712 0
    outer loop
      vertex -12.8044 3.20734 43
      vertex -12.6316 3.83176 4
      vertex -12.6316 3.83176 43
    endloop
  endfacet
  facet normal 0.963776 -0.266712 0
    outer loop
      vertex -12.6316 3.83176 4
      vertex -12.8044 3.20734 43
      vertex -12.8044 3.20734 4
    endloop
  endfacet
  facet normal 0.932977 0.359936 0
    outer loop
      vertex -12.1952 -5.05142 43
      vertex -12.4284 -4.44695 4
      vertex -12.4284 -4.44695 43
    endloop
  endfacet
  facet normal 0.932977 0.359936 0
    outer loop
      vertex -12.4284 -4.44695 4
      vertex -12.1952 -5.05142 43
      vertex -12.1952 -5.05142 4
    endloop
  endfacet
  facet normal 0.999699 0.0245413 0
    outer loop
      vertex -13.1841 -0.647693 43
      vertex -13.2 0 4
      vertex -13.2 0 43
    endloop
  endfacet
  facet normal 0.999699 0.0245413 0
    outer loop
      vertex -13.2 0 4
      vertex -13.1841 -0.647693 43
      vertex -13.1841 -0.647693 4
    endloop
  endfacet
  facet normal -0.87005 0.492964 0
    outer loop
      vertex 11.322 -6.78616 4
      vertex 11.6414 -6.22244 43
      vertex 11.6414 -6.22244 4
    endloop
  endfacet
  facet normal -0.87005 0.492964 0
    outer loop
      vertex 11.6414 -6.22244 43
      vertex 11.322 -6.78616 4
      vertex 11.322 -6.78616 43
    endloop
  endfacet
  facet normal 0.359936 -0.932977 0
    outer loop
      vertex -5.05142 12.1952 4
      vertex -4.44695 12.4284 43
      vertex -5.05142 12.1952 43
    endloop
  endfacet
  facet normal 0.359936 -0.932977 0
    outer loop
      vertex -4.44695 12.4284 43
      vertex -5.05142 12.1952 4
      vertex -4.44695 12.4284 4
    endloop
  endfacet
  facet normal -0.266712 -0.963776 0
    outer loop
      vertex 3.20734 12.8044 4
      vertex 3.83176 12.6316 43
      vertex 3.20734 12.8044 43
    endloop
  endfacet
  facet normal -0.266712 -0.963776 -0
    outer loop
      vertex 3.83176 12.6316 43
      vertex 3.20734 12.8044 4
      vertex 3.83176 12.6316 4
    endloop
  endfacet
  facet normal 0.170866 -0.985294 0
    outer loop
      vertex -2.57519 12.9464 4
      vertex -1.93684 13.0571 43
      vertex -2.57519 12.9464 43
    endloop
  endfacet
  facet normal 0.170866 -0.985294 0
    outer loop
      vertex -1.93684 13.0571 43
      vertex -2.57519 12.9464 4
      vertex -1.93684 13.0571 4
    endloop
  endfacet
  facet normal 0.817553 -0.575853 0
    outer loop
      vertex -10.9754 7.33353 43
      vertex -10.6023 7.86323 4
      vertex -10.6023 7.86323 43
    endloop
  endfacet
  facet normal 0.817553 -0.575853 0
    outer loop
      vertex -10.6023 7.86323 4
      vertex -10.9754 7.33353 43
      vertex -10.9754 7.33353 4
    endloop
  endfacet
  facet normal 0.87005 0.492964 0
    outer loop
      vertex -11.322 -6.78616 43
      vertex -11.6414 -6.22244 4
      vertex -11.6414 -6.22244 43
    endloop
  endfacet
  facet normal 0.87005 0.492964 0
    outer loop
      vertex -11.6414 -6.22244 4
      vertex -11.322 -6.78616 43
      vertex -11.322 -6.78616 4
    endloop
  endfacet
  facet normal -0.985294 0.170866 0
    outer loop
      vertex 12.9464 -2.57519 4
      vertex 13.0571 -1.93684 43
      vertex 13.0571 -1.93684 4
    endloop
  endfacet
  facet normal -0.985294 0.170866 0
    outer loop
      vertex 13.0571 -1.93684 43
      vertex 12.9464 -2.57519 4
      vertex 12.9464 -2.57519 43
    endloop
  endfacet
  facet normal 0.359936 0.932977 -0
    outer loop
      vertex -4.44695 -12.4284 4
      vertex -5.05142 -12.1952 43
      vertex -4.44695 -12.4284 43
    endloop
  endfacet
  facet normal 0.359936 0.932977 0
    outer loop
      vertex -5.05142 -12.1952 43
      vertex -4.44695 -12.4284 4
      vertex -5.05142 -12.1952 4
    endloop
  endfacet
  facet normal -0.449614 0.893223 0
    outer loop
      vertex 6.22244 -11.6414 4
      vertex 5.64373 -11.9327 43
      vertex 6.22244 -11.6414 43
    endloop
  endfacet
  facet normal -0.449614 0.893223 0
    outer loop
      vertex 5.64373 -11.9327 43
      vertex 6.22244 -11.6414 4
      vertex 5.64373 -11.9327 4
    endloop
  endfacet
  facet normal -0.405173 0.91424 0
    outer loop
      vertex 5.64373 -11.9327 4
      vertex 5.05142 -12.1952 43
      vertex 5.64373 -11.9327 43
    endloop
  endfacet
  facet normal -0.405173 0.91424 0
    outer loop
      vertex 5.05142 -12.1952 43
      vertex 5.64373 -11.9327 4
      vertex 5.05142 -12.1952 4
    endloop
  endfacet
  facet normal 0.492964 0.87005 -0
    outer loop
      vertex -6.22244 -11.6414 4
      vertex -6.78616 -11.322 43
      vertex -6.22244 -11.6414 43
    endloop
  endfacet
  facet normal 0.492964 0.87005 0
    outer loop
      vertex -6.78616 -11.322 43
      vertex -6.22244 -11.6414 4
      vertex -6.78616 -11.322 4
    endloop
  endfacet
  facet normal -0.0245413 -0.999699 0
    outer loop
      vertex 0 13.2 4
      vertex 0.647693 13.1841 43
      vertex 0 13.2 43
    endloop
  endfacet
  facet normal -0.0245413 -0.999699 -0
    outer loop
      vertex 0.647693 13.1841 43
      vertex 0 13.2 4
      vertex 0.647693 13.1841 4
    endloop
  endfacet
  facet normal -0.844866 0.534978 0
    outer loop
      vertex 10.9754 -7.33353 4
      vertex 11.322 -6.78616 43
      vertex 11.322 -6.78616 4
    endloop
  endfacet
  facet normal -0.844866 0.534978 0
    outer loop
      vertex 11.322 -6.78616 43
      vertex 10.9754 -7.33353 4
      vertex 10.9754 -7.33353 43
    endloop
  endfacet
  facet normal 0.757236 -0.653141 0
    outer loop
      vertex -10.2037 8.37399 43
      vertex -9.78055 8.86458 4
      vertex -9.78055 8.86458 43
    endloop
  endfacet
  facet normal 0.757236 -0.653141 0
    outer loop
      vertex -9.78055 8.86458 4
      vertex -10.2037 8.37399 43
      vertex -10.2037 8.37399 4
    endloop
  endfacet
  facet normal 0.534978 -0.844866 0
    outer loop
      vertex -7.33353 10.9754 4
      vertex -6.78616 11.322 43
      vertex -7.33353 10.9754 43
    endloop
  endfacet
  facet normal 0.534978 -0.844866 0
    outer loop
      vertex -6.78616 11.322 43
      vertex -7.33353 10.9754 4
      vertex -6.78616 11.322 4
    endloop
  endfacet
  facet normal -0.975687 0.219169 0
    outer loop
      vertex 12.8044 -3.20734 4
      vertex 12.9464 -2.57519 43
      vertex 12.9464 -2.57519 4
    endloop
  endfacet
  facet normal -0.975687 0.219169 0
    outer loop
      vertex 12.9464 -2.57519 43
      vertex 12.8044 -3.20734 4
      vertex 12.8044 -3.20734 43
    endloop
  endfacet
  facet normal 0.72425 -0.689537 0
    outer loop
      vertex -9.78055 8.86458 43
      vertex -9.33381 9.33381 4
      vertex -9.33381 9.33381 43
    endloop
  endfacet
  facet normal 0.72425 -0.689537 0
    outer loop
      vertex -9.33381 9.33381 4
      vertex -9.78055 8.86458 43
      vertex -9.78055 8.86458 4
    endloop
  endfacet
  facet normal -0.72425 0.689537 0
    outer loop
      vertex 9.33381 -9.33381 4
      vertex 9.78055 -8.86458 43
      vertex 9.78055 -8.86458 4
    endloop
  endfacet
  facet normal -0.72425 0.689537 0
    outer loop
      vertex 9.78055 -8.86458 43
      vertex 9.33381 -9.33381 4
      vertex 9.33381 -9.33381 43
    endloop
  endfacet
  facet normal 0.949543 -0.313638 0
    outer loop
      vertex -12.6316 3.83176 43
      vertex -12.4284 4.44695 4
      vertex -12.4284 4.44695 43
    endloop
  endfacet
  facet normal 0.949543 -0.313638 0
    outer loop
      vertex -12.4284 4.44695 4
      vertex -12.6316 3.83176 43
      vertex -12.6316 3.83176 4
    endloop
  endfacet
  facet normal 0.122399 0.992481 -0
    outer loop
      vertex -1.29383 -13.1364 4
      vertex -1.93684 -13.0571 43
      vertex -1.29383 -13.1364 43
    endloop
  endfacet
  facet normal 0.122399 0.992481 0
    outer loop
      vertex -1.93684 -13.0571 43
      vertex -1.29383 -13.1364 4
      vertex -1.93684 -13.0571 4
    endloop
  endfacet
  facet normal 0.170866 0.985294 -0
    outer loop
      vertex -1.93684 -13.0571 4
      vertex -2.57519 -12.9464 43
      vertex -1.93684 -13.0571 43
    endloop
  endfacet
  facet normal 0.170866 0.985294 0
    outer loop
      vertex -2.57519 -12.9464 43
      vertex -1.93684 -13.0571 4
      vertex -2.57519 -12.9464 4
    endloop
  endfacet
  facet normal -0.534978 -0.844866 0
    outer loop
      vertex 6.78616 11.322 4
      vertex 7.33353 10.9754 43
      vertex 6.78616 11.322 43
    endloop
  endfacet
  facet normal -0.534978 -0.844866 -0
    outer loop
      vertex 7.33353 10.9754 43
      vertex 6.78616 11.322 4
      vertex 7.33353 10.9754 4
    endloop
  endfacet
  facet normal 0.575853 0.817553 -0
    outer loop
      vertex -7.33353 -10.9754 4
      vertex -7.86323 -10.6023 43
      vertex -7.33353 -10.9754 43
    endloop
  endfacet
  facet normal 0.575853 0.817553 0
    outer loop
      vertex -7.86323 -10.6023 43
      vertex -7.33353 -10.9754 4
      vertex -7.86323 -10.6023 4
    endloop
  endfacet
  facet normal 0.575853 -0.817553 0
    outer loop
      vertex -7.86323 10.6023 4
      vertex -7.33353 10.9754 43
      vertex -7.86323 10.6023 43
    endloop
  endfacet
  facet normal 0.575853 -0.817553 0
    outer loop
      vertex -7.33353 10.9754 43
      vertex -7.86323 10.6023 4
      vertex -7.33353 10.9754 4
    endloop
  endfacet
  facet normal 0.266712 0.963776 -0
    outer loop
      vertex -3.20734 -12.8044 4
      vertex -3.83176 -12.6316 43
      vertex -3.20734 -12.8044 43
    endloop
  endfacet
  facet normal 0.266712 0.963776 0
    outer loop
      vertex -3.83176 -12.6316 43
      vertex -3.20734 -12.8044 4
      vertex -3.83176 -12.6316 4
    endloop
  endfacet
  facet normal 0.615231 -0.788347 0
    outer loop
      vertex -8.37399 10.2037 4
      vertex -7.86323 10.6023 43
      vertex -8.37399 10.2037 43
    endloop
  endfacet
  facet normal 0.615231 -0.788347 0
    outer loop
      vertex -7.86323 10.6023 43
      vertex -8.37399 10.2037 4
      vertex -7.86323 10.6023 4
    endloop
  endfacet
  facet normal 0.992481 -0.122399 0
    outer loop
      vertex -13.1364 1.29383 43
      vertex -13.0571 1.93684 4
      vertex -13.0571 1.93684 43
    endloop
  endfacet
  facet normal 0.992481 -0.122399 0
    outer loop
      vertex -13.0571 1.93684 4
      vertex -13.1364 1.29383 43
      vertex -13.1364 1.29383 4
    endloop
  endfacet
  facet normal 0.985294 -0.170866 0
    outer loop
      vertex -13.0571 1.93684 43
      vertex -12.9464 2.57519 4
      vertex -12.9464 2.57519 43
    endloop
  endfacet
  facet normal 0.985294 -0.170866 0
    outer loop
      vertex -12.9464 2.57519 4
      vertex -13.0571 1.93684 43
      vertex -13.0571 1.93684 4
    endloop
  endfacet
  facet normal 0.997286 -0.073623 0
    outer loop
      vertex -13.1841 0.647693 43
      vertex -13.1364 1.29383 4
      vertex -13.1364 1.29383 43
    endloop
  endfacet
  facet normal 0.997286 -0.073623 0
    outer loop
      vertex -13.1364 1.29383 4
      vertex -13.1841 0.647693 43
      vertex -13.1841 0.647693 4
    endloop
  endfacet
  facet normal 0.492964 -0.87005 0
    outer loop
      vertex -6.78616 11.322 4
      vertex -6.22244 11.6414 43
      vertex -6.78616 11.322 43
    endloop
  endfacet
  facet normal 0.492964 -0.87005 0
    outer loop
      vertex -6.22244 11.6414 43
      vertex -6.78616 11.322 4
      vertex -6.22244 11.6414 4
    endloop
  endfacet
  facet normal 0.266712 -0.963776 0
    outer loop
      vertex -3.83176 12.6316 4
      vertex -3.20734 12.8044 43
      vertex -3.83176 12.6316 43
    endloop
  endfacet
  facet normal 0.266712 -0.963776 0
    outer loop
      vertex -3.20734 12.8044 43
      vertex -3.83176 12.6316 4
      vertex -3.20734 12.8044 4
    endloop
  endfacet
  facet normal -0.492964 0.87005 0
    outer loop
      vertex 6.78616 -11.322 4
      vertex 6.22244 -11.6414 43
      vertex 6.78616 -11.322 43
    endloop
  endfacet
  facet normal -0.492964 0.87005 0
    outer loop
      vertex 6.22244 -11.6414 43
      vertex 6.78616 -11.322 4
      vertex 6.22244 -11.6414 4
    endloop
  endfacet
  facet normal -0.534978 0.844866 0
    outer loop
      vertex 7.33353 -10.9754 4
      vertex 6.78616 -11.322 43
      vertex 7.33353 -10.9754 43
    endloop
  endfacet
  facet normal -0.534978 0.844866 0
    outer loop
      vertex 6.78616 -11.322 43
      vertex 7.33353 -10.9754 4
      vertex 6.78616 -11.322 4
    endloop
  endfacet
  facet normal 0.405173 0.91424 -0
    outer loop
      vertex -5.05142 -12.1952 4
      vertex -5.64373 -11.9327 43
      vertex -5.05142 -12.1952 43
    endloop
  endfacet
  facet normal 0.405173 0.91424 0
    outer loop
      vertex -5.64373 -11.9327 43
      vertex -5.05142 -12.1952 4
      vertex -5.64373 -11.9327 4
    endloop
  endfacet
  facet normal 0.963776 0.266712 0
    outer loop
      vertex -12.6316 -3.83176 43
      vertex -12.8044 -3.20734 4
      vertex -12.8044 -3.20734 43
    endloop
  endfacet
  facet normal 0.963776 0.266712 0
    outer loop
      vertex -12.8044 -3.20734 4
      vertex -12.6316 -3.83176 43
      vertex -12.6316 -3.83176 4
    endloop
  endfacet
  facet normal 0.893223 -0.449614 0
    outer loop
      vertex -11.9327 5.64373 43
      vertex -11.6414 6.22244 4
      vertex -11.6414 6.22244 43
    endloop
  endfacet
  facet normal 0.893223 -0.449614 0
    outer loop
      vertex -11.6414 6.22244 4
      vertex -11.9327 5.64373 43
      vertex -11.9327 5.64373 4
    endloop
  endfacet
  facet normal -0.932977 0.359936 0
    outer loop
      vertex 12.1952 -5.05142 4
      vertex 12.4284 -4.44695 43
      vertex 12.4284 -4.44695 4
    endloop
  endfacet
  facet normal -0.932977 0.359936 0
    outer loop
      vertex 12.4284 -4.44695 43
      vertex 12.1952 -5.05142 4
      vertex 12.1952 -5.05142 43
    endloop
  endfacet
  facet normal -0.313638 -0.949543 0
    outer loop
      vertex 3.83176 12.6316 4
      vertex 4.44695 12.4284 43
      vertex 3.83176 12.6316 43
    endloop
  endfacet
  facet normal -0.313638 -0.949543 -0
    outer loop
      vertex 4.44695 12.4284 43
      vertex 3.83176 12.6316 4
      vertex 4.44695 12.4284 4
    endloop
  endfacet
  facet normal -0.359936 -0.932977 0
    outer loop
      vertex 4.44695 12.4284 4
      vertex 5.05142 12.1952 43
      vertex 4.44695 12.4284 43
    endloop
  endfacet
  facet normal -0.359936 -0.932977 -0
    outer loop
      vertex 5.05142 12.1952 43
      vertex 4.44695 12.4284 4
      vertex 5.05142 12.1952 4
    endloop
  endfacet
  facet normal 0 0 1
    outer loop
      vertex 13.1841 0.647693 4
      vertex 13.1841 -0.647693 4
      vertex 13.2 0 4
    endloop
  endfacet
  facet normal 0 0 1
    outer loop
      vertex 13.1364 1.29383 4
      vertex 13.1841 -0.647693 4
      vertex 13.1841 0.647693 4
    endloop
  endfacet
  facet normal 0 0 1
    outer loop
      vertex 13.1364 1.29383 4
      vertex 13.1364 -1.29383 4
      vertex 13.1841 -0.647693 4
    endloop
  endfacet
  facet normal 0 0 1
    outer loop
      vertex 13.0571 1.93684 4
      vertex 13.1364 -1.29383 4
      vertex 13.1364 1.29383 4
    endloop
  endfacet
  facet normal 0 0 1
    outer loop
      vertex 13.0571 1.93684 4
      vertex 13.0571 -1.93684 4
      vertex 13.1364 -1.29383 4
    endloop
  endfacet
  facet normal 0 0 1
    outer loop
      vertex 12.9464 2.57519 4
      vertex 13.0571 -1.93684 4
      vertex 13.0571 1.93684 4
    endloop
  endfacet
  facet normal 0 0 1
    outer loop
      vertex 12.9464 2.57519 4
      vertex 12.9464 -2.57519 4
      vertex 13.0571 -1.93684 4
    endloop
  endfacet
  facet normal 0 0 1
    outer loop
      vertex 12.8044 3.20734 4
      vertex 12.9464 -2.57519 4
      vertex 12.9464 2.57519 4
    endloop
  endfacet
  facet normal 0 0 1
    outer loop
      vertex 12.8044 3.20734 4
      vertex 12.8044 -3.20734 4
      vertex 12.9464 -2.57519 4
    endloop
  endfacet
  facet normal 0 0 1
    outer loop
      vertex 12.6316 3.83176 4
      vertex 12.8044 -3.20734 4
      vertex 12.8044 3.20734 4
    endloop
  endfacet
  facet normal 0 0 1
    outer loop
      vertex 12.6316 3.83176 4
      vertex 12.6316 -3.83176 4
      vertex 12.8044 -3.20734 4
    endloop
  endfacet
  facet normal 0 0 1
    outer loop
      vertex 12.4284 4.44695 4
      vertex 12.6316 -3.83176 4
      vertex 12.6316 3.83176 4
    endloop
  endfacet
  facet normal 0 0 1
    outer loop
      vertex 12.4284 4.44695 4
      vertex 12.4284 -4.44695 4
      vertex 12.6316 -3.83176 4
    endloop
  endfacet
  facet normal 0 0 1
    outer loop
      vertex 12.1952 5.05142 4
      vertex 12.4284 -4.44695 4
      vertex 12.4284 4.44695 4
    endloop
  endfacet
  facet normal 0 0 1
    outer loop
      vertex 12.1952 5.05142 4
      vertex 12.1952 -5.05142 4
      vertex 12.4284 -4.44695 4
    endloop
  endfacet
  facet normal 0 0 1
    outer loop
      vertex 11.9327 5.64373 4
      vertex 12.1952 -5.05142 4
      vertex 12.1952 5.05142 4
    endloop
  endfacet
  facet normal 0 0 1
    outer loop
      vertex 11.9327 5.64373 4
      vertex 11.9327 -5.64373 4
      vertex 12.1952 -5.05142 4
    endloop
  endfacet
  facet normal 0 0 1
    outer loop
      vertex 11.6414 6.22244 4
      vertex 11.9327 -5.64373 4
      vertex 11.9327 5.64373 4
    endloop
  endfacet
  facet normal 0 0 1
    outer loop
      vertex 11.6414 6.22244 4
      vertex 11.6414 -6.22244 4
      vertex 11.9327 -5.64373 4
    endloop
  endfacet
  facet normal 0 0 1
    outer loop
      vertex 11.322 6.78616 4
      vertex 11.6414 -6.22244 4
      vertex 11.6414 6.22244 4
    endloop
  endfacet
  facet normal 0 0 1
    outer loop
      vertex 11.322 6.78616 4
      vertex 11.322 -6.78616 4
      vertex 11.6414 -6.22244 4
    endloop
  endfacet
  facet normal 0 0 1
    outer loop
      vertex 10.9754 7.33353 4
      vertex 11.322 -6.78616 4
      vertex 11.322 6.78616 4
    endloop
  endfacet
  facet normal 0 0 1
    outer loop
      vertex 10.9754 7.33353 4
      vertex 10.9754 -7.33353 4
      vertex 11.322 -6.78616 4
    endloop
  endfacet
  facet normal 0 0 1
    outer loop
      vertex 10.6023 7.86323 4
      vertex 10.9754 -7.33353 4
      vertex 10.9754 7.33353 4
    endloop
  endfacet
  facet normal 0 0 1
    outer loop
      vertex 10.6023 7.86323 4
      vertex 10.6023 -7.86323 4
      vertex 10.9754 -7.33353 4
    endloop
  endfacet
  facet normal 0 0 1
    outer loop
      vertex 10.2037 8.37399 4
      vertex 10.6023 -7.86323 4
      vertex 10.6023 7.86323 4
    endloop
  endfacet
  facet normal 0 0 1
    outer loop
      vertex 10.2037 8.37399 4
      vertex 10.2037 -8.37399 4
      vertex 10.6023 -7.86323 4
    endloop
  endfacet
  facet normal 0 0 1
    outer loop
      vertex 9.78055 8.86458 4
      vertex 10.2037 -8.37399 4
      vertex 10.2037 8.37399 4
    endloop
  endfacet
  facet normal 0 0 1
    outer loop
      vertex 9.78055 8.86458 4
      vertex 9.78055 -8.86458 4
      vertex 10.2037 -8.37399 4
    endloop
  endfacet
  facet normal 0 0 1
    outer loop
      vertex 9.33381 9.33381 4
      vertex 9.78055 -8.86458 4
      vertex 9.78055 8.86458 4
    endloop
  endfacet
  facet normal 0 0 1
    outer loop
      vertex 9.33381 9.33381 4
      vertex 9.33381 -9.33381 4
      vertex 9.78055 -8.86458 4
    endloop
  endfacet
  facet normal 0 0 1
    outer loop
      vertex 8.86458 9.78055 4
      vertex 9.33381 -9.33381 4
      vertex 9.33381 9.33381 4
    endloop
  endfacet
  facet normal 0 0 1
    outer loop
      vertex 8.86458 9.78055 4
      vertex 8.86458 -9.78055 4
      vertex 9.33381 -9.33381 4
    endloop
  endfacet
  facet normal 0 0 1
    outer loop
      vertex 8.37399 10.2037 4
      vertex 8.86458 -9.78055 4
      vertex 8.86458 9.78055 4
    endloop
  endfacet
  facet normal 0 0 1
    outer loop
      vertex 8.37399 10.2037 4
      vertex 8.37399 -10.2037 4
      vertex 8.86458 -9.78055 4
    endloop
  endfacet
  facet normal 0 0 1
    outer loop
      vertex 7.86323 10.6023 4
      vertex 8.37399 -10.2037 4
      vertex 8.37399 10.2037 4
    endloop
  endfacet
  facet normal 0 0 1
    outer loop
      vertex 7.86323 10.6023 4
      vertex 7.86323 -10.6023 4
      vertex 8.37399 -10.2037 4
    endloop
  endfacet
  facet normal 0 0 1
    outer loop
      vertex 7.33353 10.9754 4
      vertex 7.86323 -10.6023 4
      vertex 7.86323 10.6023 4
    endloop
  endfacet
  facet normal 0 0 1
    outer loop
      vertex 7.33353 10.9754 4
      vertex 7.33353 -10.9754 4
      vertex 7.86323 -10.6023 4
    endloop
  endfacet
  facet normal 0 0 1
    outer loop
      vertex 6.78616 11.322 4
      vertex 7.33353 -10.9754 4
      vertex 7.33353 10.9754 4
    endloop
  endfacet
  facet normal 0 0 1
    outer loop
      vertex 6.78616 11.322 4
      vertex 6.78616 -11.322 4
      vertex 7.33353 -10.9754 4
    endloop
  endfacet
  facet normal 0 0 1
    outer loop
      vertex 6.22244 11.6414 4
      vertex 6.78616 -11.322 4
      vertex 6.78616 11.322 4
    endloop
  endfacet
  facet normal 0 0 1
    outer loop
      vertex 6.22244 11.6414 4
      vertex 6.22244 -11.6414 4
      vertex 6.78616 -11.322 4
    endloop
  endfacet
  facet normal 0 0 1
    outer loop
      vertex 5.64373 11.9327 4
      vertex 6.22244 -11.6414 4
      vertex 6.22244 11.6414 4
    endloop
  endfacet
  facet normal 0 0 1
    outer loop
      vertex 5.64373 11.9327 4
      vertex 5.64373 -11.9327 4
      vertex 6.22244 -11.6414 4
    endloop
  endfacet
  facet normal 0 0 1
    outer loop
      vertex 5.05142 12.1952 4
      vertex 5.64373 -11.9327 4
      vertex 5.64373 11.9327 4
    endloop
  endfacet
  facet normal 0 0 1
    outer loop
      vertex 5.05142 12.1952 4
      vertex 5.05142 -12.1952 4
      vertex 5.64373 -11.9327 4
    endloop
  endfacet
  facet normal 0 0 1
    outer loop
      vertex 4.44695 12.4284 4
      vertex 5.05142 -12.1952 4
      vertex 5.05142 12.1952 4
    endloop
  endfacet
  facet normal 0 0 1
    outer loop
      vertex 4.44695 12.4284 4
      vertex 4.44695 -12.4284 4
      vertex 5.05142 -12.1952 4
    endloop
  endfacet
  facet normal 0 0 1
    outer loop
      vertex 3.83176 12.6316 4
      vertex 4.44695 -12.4284 4
      vertex 4.44695 12.4284 4
    endloop
  endfacet
  facet normal 0 0 1
    outer loop
      vertex 3.83176 12.6316 4
      vertex 3.83176 -12.6316 4
      vertex 4.44695 -12.4284 4
    endloop
  endfacet
  facet normal 0 0 1
    outer loop
      vertex 3.20734 12.8044 4
      vertex 3.83176 -12.6316 4
      vertex 3.83176 12.6316 4
    endloop
  endfacet
  facet normal 0 0 1
    outer loop
      vertex 3.20734 12.8044 4
      vertex 3.20734 -12.8044 4
      vertex 3.83176 -12.6316 4
    endloop
  endfacet
  facet normal 0 0 1
    outer loop
      vertex 2.57519 12.9464 4
      vertex 3.20734 -12.8044 4
      vertex 3.20734 12.8044 4
    endloop
  endfacet
  facet normal 0 0 1
    outer loop
      vertex 2.57519 12.9464 4
      vertex 2.57519 -12.9464 4
      vertex 3.20734 -12.8044 4
    endloop
  endfacet
  facet normal 0 0 1
    outer loop
      vertex 1.93684 13.0571 4
      vertex 2.57519 -12.9464 4
      vertex 2.57519 12.9464 4
    endloop
  endfacet
  facet normal 0 0 1
    outer loop
      vertex 1.93684 13.0571 4
      vertex 1.93684 -13.0571 4
      vertex 2.57519 -12.9464 4
    endloop
  endfacet
  facet normal 0 0 1
    outer loop
      vertex 1.29383 13.1364 4
      vertex 1.93684 -13.0571 4
      vertex 1.93684 13.0571 4
    endloop
  endfacet
  facet normal 0 0 1
    outer loop
      vertex 1.29383 13.1364 4
      vertex 1.29383 -13.1364 4
      vertex 1.93684 -13.0571 4
    endloop
  endfacet
  facet normal 0 0 1
    outer loop
      vertex 0.647693 13.1841 4
      vertex 1.29383 -13.1364 4
      vertex 1.29383 13.1364 4
    endloop
  endfacet
  facet normal 0 0 1
    outer loop
      vertex 0.647693 13.1841 4
      vertex 0.647693 -13.1841 4
      vertex 1.29383 -13.1364 4
    endloop
  endfacet
  facet normal 0 0 1
    outer loop
      vertex 0 13.2 4
      vertex 0.647693 -13.1841 4
      vertex 0.647693 13.1841 4
    endloop
  endfacet
  facet normal 0 0 1
    outer loop
      vertex 0 13.2 4
      vertex 0 -13.2 4
      vertex 0.647693 -13.1841 4
    endloop
  endfacet
  facet normal -0 0 1
    outer loop
      vertex -0.647693 13.1841 4
      vertex 0 -13.2 4
      vertex 0 13.2 4
    endloop
  endfacet
  facet normal 0 0 1
    outer loop
      vertex -0.647693 13.1841 4
      vertex -0.647693 -13.1841 4
      vertex 0 -13.2 4
    endloop
  endfacet
  facet normal -0 0 1
    outer loop
      vertex -1.29383 13.1364 4
      vertex -0.647693 -13.1841 4
      vertex -0.647693 13.1841 4
    endloop
  endfacet
  facet normal 0 0 1
    outer loop
      vertex -1.29383 13.1364 4
      vertex -1.29383 -13.1364 4
      vertex -0.647693 -13.1841 4
    endloop
  endfacet
  facet normal -0 0 1
    outer loop
      vertex -1.93684 13.0571 4
      vertex -1.29383 -13.1364 4
      vertex -1.29383 13.1364 4
    endloop
  endfacet
  facet normal 0 0 1
    outer loop
      vertex -1.93684 13.0571 4
      vertex -1.93684 -13.0571 4
      vertex -1.29383 -13.1364 4
    endloop
  endfacet
  facet normal -0 0 1
    outer loop
      vertex -2.57519 12.9464 4
      vertex -1.93684 -13.0571 4
      vertex -1.93684 13.0571 4
    endloop
  endfacet
  facet normal 0 0 1
    outer loop
      vertex -2.57519 12.9464 4
      vertex -2.57519 -12.9464 4
      vertex -1.93684 -13.0571 4
    endloop
  endfacet
  facet normal -0 0 1
    outer loop
      vertex -3.20734 12.8044 4
      vertex -2.57519 -12.9464 4
      vertex -2.57519 12.9464 4
    endloop
  endfacet
  facet normal 0 0 1
    outer loop
      vertex -3.20734 12.8044 4
      vertex -3.20734 -12.8044 4
      vertex -2.57519 -12.9464 4
    endloop
  endfacet
  facet normal -0 0 1
    outer loop
      vertex -3.83176 12.6316 4
      vertex -3.20734 -12.8044 4
      vertex -3.20734 12.8044 4
    endloop
  endfacet
  facet normal 0 0 1
    outer loop
      vertex -3.83176 12.6316 4
      vertex -3.83176 -12.6316 4
      vertex -3.20734 -12.8044 4
    endloop
  endfacet
  facet normal -0 0 1
    outer loop
      vertex -4.44695 12.4284 4
      vertex -3.83176 -12.6316 4
      vertex -3.83176 12.6316 4
    endloop
  endfacet
  facet normal 0 0 1
    outer loop
      vertex -4.44695 12.4284 4
      vertex -4.44695 -12.4284 4
      vertex -3.83176 -12.6316 4
    endloop
  endfacet
  facet normal -0 0 1
    outer loop
      vertex -5.05142 12.1952 4
      vertex -4.44695 -12.4284 4
      vertex -4.44695 12.4284 4
    endloop
  endfacet
  facet normal 0 0 1
    outer loop
      vertex -5.05142 12.1952 4
      vertex -5.05142 -12.1952 4
      vertex -4.44695 -12.4284 4
    endloop
  endfacet
  facet normal -0 0 1
    outer loop
      vertex -5.64373 11.9327 4
      vertex -5.05142 -12.1952 4
      vertex -5.05142 12.1952 4
    endloop
  endfacet
  facet normal 0 0 1
    outer loop
      vertex -5.64373 11.9327 4
      vertex -5.64373 -11.9327 4
      vertex -5.05142 -12.1952 4
    endloop
  endfacet
  facet normal -0 0 1
    outer loop
      vertex -6.22244 11.6414 4
      vertex -5.64373 -11.9327 4
      vertex -5.64373 11.9327 4
    endloop
  endfacet
  facet normal 0 0 1
    outer loop
      vertex -6.22244 11.6414 4
      vertex -6.22244 -11.6414 4
      vertex -5.64373 -11.9327 4
    endloop
  endfacet
  facet normal -0 0 1
    outer loop
      vertex -6.78616 11.322 4
      vertex -6.22244 -11.6414 4
      vertex -6.22244 11.6414 4
    endloop
  endfacet
  facet normal 0 0 1
    outer loop
      vertex -6.78616 11.322 4
      vertex -6.78616 -11.322 4
      vertex -6.22244 -11.6414 4
    endloop
  endfacet
  facet normal -0 0 1
    outer loop
      vertex -7.33353 10.9754 4
      vertex -6.78616 -11.322 4
      vertex -6.78616 11.322 4
    endloop
  endfacet
  facet normal 0 0 1
    outer loop
      vertex -7.33353 10.9754 4
      vertex -7.33353 -10.9754 4
      vertex -6.78616 -11.322 4
    endloop
  endfacet
  facet normal -0 0 1
    outer loop
      vertex -7.86323 10.6023 4
      vertex -7.33353 -10.9754 4
      vertex -7.33353 10.9754 4
    endloop
  endfacet
  facet normal 0 0 1
    outer loop
      vertex -7.86323 10.6023 4
      vertex -7.86323 -10.6023 4
      vertex -7.33353 -10.9754 4
    endloop
  endfacet
  facet normal -0 0 1
    outer loop
      vertex -8.37399 10.2037 4
      vertex -7.86323 -10.6023 4
      vertex -7.86323 10.6023 4
    endloop
  endfacet
  facet normal 0 0 1
    outer loop
      vertex -8.37399 10.2037 4
      vertex -8.37399 -10.2037 4
      vertex -7.86323 -10.6023 4
    endloop
  endfacet
  facet normal -0 0 1
    outer loop
      vertex -8.86458 9.78055 4
      vertex -8.37399 -10.2037 4
      vertex -8.37399 10.2037 4
    endloop
  endfacet
  facet normal 0 0 1
    outer loop
      vertex -8.86458 9.78055 4
      vertex -8.86458 -9.78055 4
      vertex -8.37399 -10.2037 4
    endloop
  endfacet
  facet normal -0 0 1
    outer loop
      vertex -9.33381 9.33381 4
      vertex -8.86458 -9.78055 4
      vertex -8.86458 9.78055 4
    endloop
  endfacet
  facet normal 0 0 1
    outer loop
      vertex -9.33381 9.33381 4
      vertex -9.33381 -9.33381 4
      vertex -8.86458 -9.78055 4
    endloop
  endfacet
  facet normal -0 0 1
    outer loop
      vertex -9.78055 8.86458 4
      vertex -9.33381 -9.33381 4
      vertex -9.33381 9.33381 4
    endloop
  endfacet
  facet normal 0 0 1
    outer loop
      vertex -9.78055 8.86458 4
      vertex -9.78055 -8.86458 4
      vertex -9.33381 -9.33381 4
    endloop
  endfacet
  facet normal -0 0 1
    outer loop
      vertex -10.2037 8.37399 4
      vertex -9.78055 -8.86458 4
      vertex -9.78055 8.86458 4
    endloop
  endfacet
  facet normal 0 0 1
    outer loop
      vertex -10.2037 8.37399 4
      vertex -10.2037 -8.37399 4
      vertex -9.78055 -8.86458 4
    endloop
  endfacet
  facet normal -0 0 1
    outer loop
      vertex -10.6023 7.86323 4
      vertex -10.2037 -8.37399 4
      vertex -10.2037 8.37399 4
    endloop
  endfacet
  facet normal 0 0 1
    outer loop
      vertex -10.6023 7.86323 4
      vertex -10.6023 -7.86323 4
      vertex -10.2037 -8.37399 4
    endloop
  endfacet
  facet normal -0 0 1
    outer loop
      vertex -10.9754 7.33353 4
      vertex -10.6023 -7.86323 4
      vertex -10.6023 7.86323 4
    endloop
  endfacet
  facet normal 0 0 1
    outer loop
      vertex -10.9754 7.33353 4
      vertex -10.9754 -7.33353 4
      vertex -10.6023 -7.86323 4
    endloop
  endfacet
  facet normal -0 0 1
    outer loop
      vertex -11.322 6.78616 4
      vertex -10.9754 -7.33353 4
      vertex -10.9754 7.33353 4
    endloop
  endfacet
  facet normal 0 0 1
    outer loop
      vertex -11.322 6.78616 4
      vertex -11.322 -6.78616 4
      vertex -10.9754 -7.33353 4
    endloop
  endfacet
  facet normal -0 0 1
    outer loop
      vertex -11.6414 6.22244 4
      vertex -11.322 -6.78616 4
      vertex -11.322 6.78616 4
    endloop
  endfacet
  facet normal 0 0 1
    outer loop
      vertex -11.6414 6.22244 4
      vertex -11.6414 -6.22244 4
      vertex -11.322 -6.78616 4
    endloop
  endfacet
  facet normal -0 0 1
    outer loop
      vertex -11.9327 5.64373 4
      vertex -11.6414 -6.22244 4
      vertex -11.6414 6.22244 4
    endloop
  endfacet
  facet normal 0 0 1
    outer loop
      vertex -11.9327 5.64373 4
      vertex -11.9327 -5.64373 4
      vertex -11.6414 -6.22244 4
    endloop
  endfacet
  facet normal -0 0 1
    outer loop
      vertex -12.1952 5.05142 4
      vertex -11.9327 -5.64373 4
      vertex -11.9327 5.64373 4
    endloop
  endfacet
  facet normal 0 0 1
    outer loop
      vertex -12.1952 5.05142 4
      vertex -12.1952 -5.05142 4
      vertex -11.9327 -5.64373 4
    endloop
  endfacet
  facet normal -0 0 1
    outer loop
      vertex -12.4284 4.44695 4
      vertex -12.1952 -5.05142 4
      vertex -12.1952 5.05142 4
    endloop
  endfacet
  facet normal 0 0 1
    outer loop
      vertex -12.4284 4.44695 4
      vertex -12.4284 -4.44695 4
      vertex -12.1952 -5.05142 4
    endloop
  endfacet
  facet normal -0 0 1
    outer loop
      vertex -12.6316 3.83176 4
      vertex -12.4284 -4.44695 4
      vertex -12.4284 4.44695 4
    endloop
  endfacet
  facet normal 0 0 1
    outer loop
      vertex -12.6316 3.83176 4
      vertex -12.6316 -3.83176 4
      vertex -12.4284 -4.44695 4
    endloop
  endfacet
  facet normal -0 0 1
    outer loop
      vertex -12.8044 3.20734 4
      vertex -12.6316 -3.83176 4
      vertex -12.6316 3.83176 4
    endloop
  endfacet
  facet normal 0 0 1
    outer loop
      vertex -12.8044 3.20734 4
      vertex -12.8044 -3.20734 4
      vertex -12.6316 -3.83176 4
    endloop
  endfacet
  facet normal -0 0 1
    outer loop
      vertex -12.9464 2.57519 4
      vertex -12.8044 -3.20734 4
      vertex -12.8044 3.20734 4
    endloop
  endfacet
  facet normal 0 0 1
    outer loop
      vertex -12.9464 2.57519 4
      vertex -12.9464 -2.57519 4
      vertex -12.8044 -3.20734 4
    endloop
  endfacet
  facet normal -0 0 1
    outer loop
      vertex -13.0571 1.93684 4
      vertex -12.9464 -2.57519 4
      vertex -12.9464 2.57519 4
    endloop
  endfacet
  facet normal 0 0 1
    outer loop
      vertex -13.0571 1.93684 4
      vertex -13.0571 -1.93684 4
      vertex -12.9464 -2.57519 4
    endloop
  endfacet
  facet normal -0 0 1
    outer loop
      vertex -13.1364 1.29383 4
      vertex -13.0571 -1.93684 4
      vertex -13.0571 1.93684 4
    endloop
  endfacet
  facet normal 0 0 1
    outer loop
      vertex -13.1364 1.29383 4
      vertex -13.1364 -1.29383 4
      vertex -13.0571 -1.93684 4
    endloop
  endfacet
  facet normal -0 0 1
    outer loop
      vertex -13.1841 0.647693 4
      vertex -13.1364 -1.29383 4
      vertex -13.1364 1.29383 4
    endloop
  endfacet
  facet normal 0 0 1
    outer loop
      vertex -13.1841 0.647693 4
      vertex -13.1841 -0.647693 4
      vertex -13.1364 -1.29383 4
    endloop
  endfacet
  facet normal 0 -0 1
    outer loop
      vertex -13.1841 -0.647693 4
      vertex -13.1841 0.647693 4
      vertex -13.2 0 4
    endloop
  endfacet
  facet normal 0.405173 -0.91424 0
    outer loop
      vertex -5.64373 11.9327 4
      vertex -5.05142 12.1952 43
      vertex -5.64373 11.9327 43
    endloop
  endfacet
  facet normal 0.405173 -0.91424 0
    outer loop
      vertex -5.05142 12.1952 43
      vertex -5.64373 11.9327 4
      vertex -5.05142 12.1952 4
    endloop
  endfacet
  facet normal -0.615231 0.788347 0
    outer loop
      vertex 8.37399 -10.2037 4
      vertex 7.86323 -10.6023 43
      vertex 8.37399 -10.2037 43
    endloop
  endfacet
  facet normal -0.615231 0.788347 0
    outer loop
      vertex 7.86323 -10.6023 43
      vertex 8.37399 -10.2037 4
      vertex 7.86323 -10.6023 4
    endloop
  endfacet
endsolid OpenSCAD_Model
