solid OpenSCAD_Model
  facet normal 0.290264 -0.956947 0
    outer loop
      vertex 7.54931 -25.5442 27.6549
      vertex 6.89753 -25.7419 32
      vertex 6.89753 -25.7419 27.7606
    endloop
  endfacet
  facet normal 0.290267 -0.956946 4.4144e-07
    outer loop
      vertex 6.89753 -25.7419 32
      vertex 7.54931 -25.5442 27.6549
      vertex 8.56636 -25.2357 32
    endloop
  endfacet
  facet normal 0.290272 -0.956944 -7.98498e-07
    outer loop
      vertex 8.5436 -25.2426 27.4074
      vertex 8.56636 -25.2357 32
      vertex 7.54931 -25.5442 27.6549
    endloop
  endfacet
  facet normal 0.290124 -0.956989 0
    outer loop
      vertex 8.56636 -25.2357 32
      vertex 8.5436 -25.2426 27.4074
      vertex 8.56636 -25.2357 27.399
    endloop
  endfacet
  facet normal 0.290264 -0.956947 0
    outer loop
      vertex 6.89753 -25.7419 0
      vertex 7.54931 -25.5442 4.34507
      vertex 6.89753 -25.7419 4.23939
    endloop
  endfacet
  facet normal 0.290267 -0.956946 -4.41443e-07
    outer loop
      vertex 8.56636 -25.2357 0
      vertex 7.54931 -25.5442 4.34507
      vertex 6.89753 -25.7419 0
    endloop
  endfacet
  facet normal 0.290272 -0.956944 7.98498e-07
    outer loop
      vertex 7.54931 -25.5442 4.34507
      vertex 8.56636 -25.2357 0
      vertex 8.5436 -25.2426 4.5926
    endloop
  endfacet
  facet normal 0.290124 -0.956989 0
    outer loop
      vertex 8.5436 -25.2426 4.5926
      vertex 8.56636 -25.2357 0
      vertex 8.56636 -25.2357 4.60101
    endloop
  endfacet
  facet normal 0.227065 -0.97388 0
    outer loop
      vertex 6.26969 -25.8883 27.8389
      vertex 5.19916 -26.1379 32
      vertex 5.19916 -26.1379 27.9146
    endloop
  endfacet
  facet normal 0.227074 -0.973878 2.3052e-06
    outer loop
      vertex 5.19916 -26.1379 32
      vertex 6.26969 -25.8883 27.8389
      vertex 6.89753 -25.7419 32
    endloop
  endfacet
  facet normal 0.227088 -0.973874 0
    outer loop
      vertex 6.89753 -25.7419 32
      vertex 6.26969 -25.8883 27.8389
      vertex 6.89753 -25.7419 27.7606
    endloop
  endfacet
  facet normal 0.227065 -0.97388 0
    outer loop
      vertex 5.19916 -26.1379 0
      vertex 6.26969 -25.8883 4.16114
      vertex 5.19916 -26.1379 4.08542
    endloop
  endfacet
  facet normal 0.227074 -0.973878 -2.30517e-06
    outer loop
      vertex 6.89753 -25.7419 0
      vertex 6.26969 -25.8883 4.16114
      vertex 5.19916 -26.1379 0
    endloop
  endfacet
  facet normal 0.227088 -0.973874 0
    outer loop
      vertex 6.26969 -25.8883 4.16114
      vertex 6.89753 -25.7419 0
      vertex 6.89753 -25.7419 4.23939
    endloop
  endfacet
  facet normal 0.772998 -0.634408 0
    outer loop
      vertex 20.0365 -17.5716 32
      vertex 21.1429 -16.2235 0
      vertex 21.1429 -16.2235 32
    endloop
  endfacet
  facet normal 0.772998 -0.634408 0
    outer loop
      vertex 21.1429 -16.2235 0
      vertex 20.0365 -17.5716 32
      vertex 20.0365 -17.5716 0
    endloop
  endfacet
  facet normal 0.935905 -0.352253 0
    outer loop
      vertex 24.6214 -10.1985 32
      vertex 25.2357 -8.56636 0
      vertex 25.2357 -8.56636 32
    endloop
  endfacet
  facet normal 0.935905 -0.352253 0
    outer loop
      vertex 25.2357 -8.56636 0
      vertex 24.6214 -10.1985 32
      vertex 24.6214 -10.1985 0
    endloop
  endfacet
  facet normal 0.634408 0.772998 -0
    outer loop
      vertex 17.5716 20.0365 0
      vertex 16.2235 21.1429 32
      vertex 17.5716 20.0365 32
    endloop
  endfacet
  facet normal 0.634408 0.772998 0
    outer loop
      vertex 16.2235 21.1429 32
      vertex 17.5716 20.0365 0
      vertex 16.2235 21.1429 0
    endloop
  endfacet
  facet normal 0.849198 -0.528075 0
    outer loop
      vertex 22.1587 -14.8059 32
      vertex 23.0796 -13.325 0
      vertex 23.0796 -13.325 32
    endloop
  endfacet
  facet normal 0.849198 -0.528075 0
    outer loop
      vertex 23.0796 -13.325 0
      vertex 22.1587 -14.8059 32
      vertex 22.1587 -14.8059 0
    endloop
  endfacet
  facet normal 0.999464 -0.0327422 0
    outer loop
      vertex 26.5929 -1.74299 32
      vertex 26.65 0 0
      vertex 26.65 0 32
    endloop
  endfacet
  facet normal 0.999464 -0.0327422 0
    outer loop
      vertex 26.65 0 0
      vertex 26.5929 -1.74299 32
      vertex 26.5929 -1.74299 0
    endloop
  endfacet
  facet normal 0.956946 0.290267 0
    outer loop
      vertex 25.7419 6.89753 32
      vertex 25.2357 8.56636 0
      vertex 25.2357 8.56636 32
    endloop
  endfacet
  facet normal 0.956946 0.290267 0
    outer loop
      vertex 25.2357 8.56636 0
      vertex 25.7419 6.89753 32
      vertex 25.7419 6.89753 0
    endloop
  endfacet
  facet normal 0.162907 0.986641 -0
    outer loop
      vertex 5.19916 26.1379 0
      vertex 3.47852 26.422 10
      vertex 5.19916 26.1379 10
    endloop
  endfacet
  facet normal 0.162907 0.986641 0
    outer loop
      vertex 3.47852 26.422 10
      vertex 5.19916 26.1379 0
      vertex 3.47852 26.422 0
    endloop
  endfacet
  facet normal 0.162907 0.986641 -0
    outer loop
      vertex 5.19916 26.1379 22
      vertex 3.47852 26.422 32
      vertex 5.19916 26.1379 32
    endloop
  endfacet
  facet normal 0.162907 0.986641 0
    outer loop
      vertex 3.47852 26.422 32
      vertex 5.19916 26.1379 22
      vertex 3.47852 26.422 22
    endloop
  endfacet
  facet normal 0.973878 -0.227074 0
    outer loop
      vertex 25.7419 -6.89753 32
      vertex 26.1379 -5.19916 0
      vertex 26.1379 -5.19916 32
    endloop
  endfacet
  facet normal 0.973878 -0.227074 0
    outer loop
      vertex 26.1379 -5.19916 0
      vertex 25.7419 -6.89753 32
      vertex 25.7419 -6.89753 0
    endloop
  endfacet
  facet normal 0.582463 -0.812857 0
    outer loop
      vertex 14.8059 -22.1587 0
      vertex 16.2235 -21.1429 32
      vertex 14.8059 -22.1587 32
    endloop
  endfacet
  facet normal 0.582463 -0.812857 0
    outer loop
      vertex 16.2235 -21.1429 32
      vertex 14.8059 -22.1587 0
      vertex 16.2235 -21.1429 0
    endloop
  endfacet
  facet normal 0.352253 0.935905 -0
    outer loop
      vertex 10.1985 24.6214 0
      vertex 8.56636 25.2357 32
      vertex 10.1985 24.6214 32
    endloop
  endfacet
  facet normal 0.352253 0.935905 0
    outer loop
      vertex 8.56636 25.2357 32
      vertex 10.1985 24.6214 0
      vertex 8.56636 25.2357 0
    endloop
  endfacet
  facet normal 0.528075 0.849198 -0
    outer loop
      vertex 14.8059 22.1587 0
      vertex 13.325 23.0796 32
      vertex 14.8059 22.1587 32
    endloop
  endfacet
  facet normal 0.528075 0.849198 0
    outer loop
      vertex 13.325 23.0796 32
      vertex 14.8059 22.1587 0
      vertex 13.325 23.0796 0
    endloop
  endfacet
  facet normal 0.935905 0.352253 0
    outer loop
      vertex 25.2357 8.56636 32
      vertex 24.6214 10.1985 0
      vertex 24.6214 10.1985 32
    endloop
  endfacet
  facet normal 0.935905 0.352253 0
    outer loop
      vertex 24.6214 10.1985 0
      vertex 25.2357 8.56636 32
      vertex 25.2357 8.56636 0
    endloop
  endfacet
  facet normal 0.812857 0.582463 0
    outer loop
      vertex 22.1587 14.8059 32
      vertex 21.1429 16.2235 0
      vertex 21.1429 16.2235 32
    endloop
  endfacet
  facet normal 0.812857 0.582463 0
    outer loop
      vertex 21.1429 16.2235 0
      vertex 22.1587 14.8059 32
      vertex 22.1587 14.8059 0
    endloop
  endfacet
  facet normal 0.582463 0.812857 -0
    outer loop
      vertex 16.2235 21.1429 0
      vertex 14.8059 22.1587 32
      vertex 16.2235 21.1429 32
    endloop
  endfacet
  facet normal 0.582463 0.812857 0
    outer loop
      vertex 14.8059 22.1587 32
      vertex 16.2235 21.1429 0
      vertex 14.8059 22.1587 0
    endloop
  endfacet
  facet normal 0.352253 -0.935905 0
    outer loop
      vertex 8.56636 -25.2357 27.399
      vertex 10.1985 -24.6214 32
      vertex 8.56636 -25.2357 32
    endloop
  endfacet
  facet normal 0.352224 -0.935916 1.19068e-05
    outer loop
      vertex 8.99603 -25.074 27.2019
      vertex 10.1985 -24.6214 32
      vertex 8.56636 -25.2357 27.399
    endloop
  endfacet
  facet normal 0.352164 -0.935938 2.9e-05
    outer loop
      vertex 9.14168 -25.0192 27.0897
      vertex 10.1985 -24.6214 32
      vertex 8.99603 -25.074 27.2019
    endloop
  endfacet
  facet normal 0.352484 -0.935818 -4.96578e-05
    outer loop
      vertex 9.2537 -24.977 26.9638
      vertex 10.1985 -24.6214 32
      vertex 9.14168 -25.0192 27.0897
    endloop
  endfacet
  facet normal 0.352515 -0.935806 -5.62061e-05
    outer loop
      vertex 9.38057 -24.9292 26.8212
      vertex 10.1985 -24.6214 32
      vertex 9.2537 -24.977 26.9638
    endloop
  endfacet
  facet normal 0.351088 -0.936342 0.000200969
    outer loop
      vertex 9.41981 -24.9145 26.7592
      vertex 10.1985 -24.6214 32
      vertex 9.38057 -24.9292 26.8212
    endloop
  endfacet
  facet normal 0.353554 -0.935414 -0.000217357
    outer loop
      vertex 9.44307 -24.9057 26.7225
      vertex 10.1985 -24.6214 32
      vertex 9.41981 -24.9145 26.7592
    endloop
  endfacet
  facet normal 0.352196 -0.935926 4.69962e-06
    outer loop
      vertex 9.52811 -24.8737 26.4962
      vertex 10.1985 -24.6214 32
      vertex 9.44307 -24.9057 26.7225
    endloop
  endfacet
  facet normal 0.352698 -0.935737 -6.52111e-05
    outer loop
      vertex 9.58035 -24.854 26.3572
      vertex 10.1985 -24.6214 32
      vertex 9.52811 -24.8737 26.4962
    endloop
  endfacet
  facet normal 0.351763 -0.936089 5.17801e-05
    outer loop
      vertex 9.599 -24.847 26.2075
      vertex 10.1985 -24.6214 32
      vertex 9.58035 -24.854 26.3572
    endloop
  endfacet
  facet normal 0.351721 -0.936105 5.67197e-05
    outer loop
      vertex 9.62485 -24.8373 26
      vertex 10.1985 -24.6214 32
      vertex 9.599 -24.847 26.2075
    endloop
  endfacet
  facet normal 0.352241 -0.935909 0
    outer loop
      vertex 9.62485 -24.8373 6
      vertex 10.1985 -24.6214 32
      vertex 9.62485 -24.8373 26
    endloop
  endfacet
  facet normal 0.352253 -0.935905 0
    outer loop
      vertex 10.1985 -24.6214 0
      vertex 8.56636 -25.2357 4.60101
      vertex 8.56636 -25.2357 0
    endloop
  endfacet
  facet normal 0.352224 -0.935916 -1.19072e-05
    outer loop
      vertex 8.56636 -25.2357 4.60101
      vertex 10.1985 -24.6214 0
      vertex 8.99603 -25.074 4.79806
    endloop
  endfacet
  facet normal 0.352164 -0.935938 -2.89981e-05
    outer loop
      vertex 8.99603 -25.074 4.79806
      vertex 10.1985 -24.6214 0
      vertex 9.14168 -25.0192 4.91031
    endloop
  endfacet
  facet normal 0.352484 -0.935818 4.9657e-05
    outer loop
      vertex 9.14168 -25.0192 4.91031
      vertex 10.1985 -24.6214 0
      vertex 9.2537 -24.977 5.03622
    endloop
  endfacet
  facet normal 0.352515 -0.935806 5.62052e-05
    outer loop
      vertex 9.2537 -24.977 5.03622
      vertex 10.1985 -24.6214 0
      vertex 9.38057 -24.9292 5.17883
    endloop
  endfacet
  facet normal 0.351088 -0.936343 -0.000201
    outer loop
      vertex 9.38057 -24.9292 5.17883
      vertex 10.1985 -24.6214 0
      vertex 9.41981 -24.9145 5.24078
    endloop
  endfacet
  facet normal 0.353554 -0.935414 0.000217335
    outer loop
      vertex 9.41981 -24.9145 5.24078
      vertex 10.1985 -24.6214 0
      vertex 9.44307 -24.9057 5.2775
    endloop
  endfacet
  facet normal 0.352196 -0.935926 -4.6998e-06
    outer loop
      vertex 9.44307 -24.9057 5.2775
      vertex 10.1985 -24.6214 0
      vertex 9.52811 -24.8737 5.50377
    endloop
  endfacet
  facet normal 0.352241 -0.935909 0
    outer loop
      vertex 9.62485 -24.8373 6
      vertex 10.1985 -24.6214 0
      vertex 10.1985 -24.6214 32
    endloop
  endfacet
  facet normal 0.351721 -0.936105 -5.67185e-05
    outer loop
      vertex 9.599 -24.847 5.79249
      vertex 10.1985 -24.6214 0
      vertex 9.62485 -24.8373 6
    endloop
  endfacet
  facet normal 0.351763 -0.936089 -5.1777e-05
    outer loop
      vertex 9.58035 -24.854 5.64277
      vertex 10.1985 -24.6214 0
      vertex 9.599 -24.847 5.79249
    endloop
  endfacet
  facet normal 0.352698 -0.935737 6.52114e-05
    outer loop
      vertex 9.52811 -24.8737 5.50377
      vertex 10.1985 -24.6214 0
      vertex 9.58035 -24.854 5.64277
    endloop
  endfacet
  facet normal 0.881916 -0.471406 0
    outer loop
      vertex 23.0796 -13.325 32
      vertex 23.9017 -11.787 0
      vertex 23.9017 -11.787 32
    endloop
  endfacet
  facet normal 0.881916 -0.471406 0
    outer loop
      vertex 23.9017 -11.787 0
      vertex 23.0796 -13.325 32
      vertex 23.0796 -13.325 0
    endloop
  endfacet
  facet normal 0.986641 -0.162907 0
    outer loop
      vertex 26.1379 -5.19916 32
      vertex 26.422 -3.47852 0
      vertex 26.422 -3.47852 32
    endloop
  endfacet
  facet normal 0.986641 -0.162907 0
    outer loop
      vertex 26.422 -3.47852 0
      vertex 26.1379 -5.19916 32
      vertex 26.1379 -5.19916 0
    endloop
  endfacet
  facet normal 0 0 -1
    outer loop
      vertex 20.65 0 0
      vertex 26.65 0 0
      vertex 26.5929 -1.74299 0
    endloop
  endfacet
  facet normal 0 0 -1
    outer loop
      vertex 20.6058 -1.35057 0
      vertex 26.5929 -1.74299 0
      vertex 26.422 -3.47852 0
    endloop
  endfacet
  facet normal 0 0 -1
    outer loop
      vertex 26.65 0 0
      vertex 20.65 0 0
      vertex 26.5929 1.74299 0
    endloop
  endfacet
  facet normal 0 0 -1
    outer loop
      vertex 20.4733 -2.69536 0
      vertex 26.422 -3.47852 0
      vertex 26.1379 -5.19916 0
    endloop
  endfacet
  facet normal 0 0 -1
    outer loop
      vertex 20.6058 1.35057 0
      vertex 26.5929 1.74299 0
      vertex 20.65 0 0
    endloop
  endfacet
  facet normal 0 0 -1
    outer loop
      vertex 20.2532 -4.02861 0
      vertex 26.1379 -5.19916 0
      vertex 25.7419 -6.89753 0
    endloop
  endfacet
  facet normal -0 0 -1
    outer loop
      vertex 26.5929 1.74299 0
      vertex 20.6058 1.35057 0
      vertex 26.422 3.47852 0
    endloop
  endfacet
  facet normal 0 0 -1
    outer loop
      vertex 19.9464 -5.34461 0
      vertex 25.7419 -6.89753 0
      vertex 25.2357 -8.56636 0
    endloop
  endfacet
  facet normal 0 0 -1
    outer loop
      vertex 20.4733 2.69536 0
      vertex 26.422 3.47852 0
      vertex 20.6058 1.35057 0
    endloop
  endfacet
  facet normal 0 0 -1
    outer loop
      vertex 19.5541 -6.63772 0
      vertex 25.2357 -8.56636 0
      vertex 24.6214 -10.1985 0
    endloop
  endfacet
  facet normal -0 0 -1
    outer loop
      vertex 26.422 3.47852 0
      vertex 20.4733 2.69536 0
      vertex 26.1379 5.19916 0
    endloop
  endfacet
  facet normal 0 0 -1
    outer loop
      vertex 19.0781 -7.90241 0
      vertex 24.6214 -10.1985 0
      vertex 23.9017 -11.787 0
    endloop
  endfacet
  facet normal 0 0 -1
    outer loop
      vertex 20.2532 4.02861 0
      vertex 26.1379 5.19916 0
      vertex 20.4733 2.69536 0
    endloop
  endfacet
  facet normal 0 0 -1
    outer loop
      vertex 18.5204 -9.13326 0
      vertex 23.9017 -11.787 0
      vertex 23.0796 -13.325 0
    endloop
  endfacet
  facet normal -0 0 -1
    outer loop
      vertex 26.1379 5.19916 0
      vertex 20.2532 4.02861 0
      vertex 25.7419 6.89753 0
    endloop
  endfacet
  facet normal 0 0 -1
    outer loop
      vertex 17.8834 -10.325 0
      vertex 23.0796 -13.325 0
      vertex 22.1587 -14.8059 0
    endloop
  endfacet
  facet normal 0 0 -1
    outer loop
      vertex 19.9464 5.34461 0
      vertex 25.7419 6.89753 0
      vertex 20.2532 4.02861 0
    endloop
  endfacet
  facet normal 0 0 -1
    outer loop
      vertex 17.1698 -11.4725 0
      vertex 22.1587 -14.8059 0
      vertex 21.1429 -16.2235 0
    endloop
  endfacet
  facet normal -0 0 -1
    outer loop
      vertex 25.7419 6.89753 0
      vertex 19.9464 5.34461 0
      vertex 25.2357 8.56636 0
    endloop
  endfacet
  facet normal 0 0 -1
    outer loop
      vertex 19.5541 6.63772 0
      vertex 25.2357 8.56636 0
      vertex 19.9464 5.34461 0
    endloop
  endfacet
  facet normal 0 0 -1
    outer loop
      vertex 26.5929 -1.74299 0
      vertex 20.6058 -1.35057 0
      vertex 20.65 0 0
    endloop
  endfacet
  facet normal 0 0 -1
    outer loop
      vertex 26.422 -3.47852 0
      vertex 20.4733 -2.69536 0
      vertex 20.6058 -1.35057 0
    endloop
  endfacet
  facet normal 0 0 -1
    outer loop
      vertex 26.1379 -5.19916 0
      vertex 20.2532 -4.02861 0
      vertex 20.4733 -2.69536 0
    endloop
  endfacet
  facet normal 0 0 -1
    outer loop
      vertex 16.3827 -12.5709 0
      vertex 21.1429 -16.2235 0
      vertex 20.0365 -17.5716 0
    endloop
  endfacet
  facet normal 0 0 -1
    outer loop
      vertex 25.7419 -6.89753 0
      vertex 19.9464 -5.34461 0
      vertex 20.2532 -4.02861 0
    endloop
  endfacet
  facet normal 0 0 -1
    outer loop
      vertex 25.2357 -8.56636 0
      vertex 19.5541 -6.63772 0
      vertex 19.9464 -5.34461 0
    endloop
  endfacet
  facet normal 0 0 -1
    outer loop
      vertex 24.6214 -10.1985 0
      vertex 19.0781 -7.90241 0
      vertex 19.5541 -6.63772 0
    endloop
  endfacet
  facet normal 0 0 -1
    outer loop
      vertex 15.5255 -13.6155 0
      vertex 20.0365 -17.5716 0
      vertex 18.8444 -18.8444 0
    endloop
  endfacet
  facet normal 0 0 -1
    outer loop
      vertex 23.9017 -11.787 0
      vertex 18.5204 -9.13326 0
      vertex 19.0781 -7.90241 0
    endloop
  endfacet
  facet normal 0 0 -1
    outer loop
      vertex 23.0796 -13.325 0
      vertex 17.8834 -10.325 0
      vertex 18.5204 -9.13326 0
    endloop
  endfacet
  facet normal 0 0 -1
    outer loop
      vertex 14.6018 -14.6018 0
      vertex 18.8444 -18.8444 0
      vertex 17.5716 -20.0365 0
    endloop
  endfacet
  facet normal 0 0 -1
    outer loop
      vertex 22.1587 -14.8059 0
      vertex 17.1698 -11.4725 0
      vertex 17.8834 -10.325 0
    endloop
  endfacet
  facet normal 0 0 -1
    outer loop
      vertex 21.1429 -16.2235 0
      vertex 16.3827 -12.5709 0
      vertex 17.1698 -11.4725 0
    endloop
  endfacet
  facet normal 0 0 -1
    outer loop
      vertex 13.6155 -15.5255 0
      vertex 17.5716 -20.0365 0
      vertex 16.2235 -21.1429 0
    endloop
  endfacet
  facet normal 0 0 -1
    outer loop
      vertex 20.0365 -17.5716 0
      vertex 15.5255 -13.6155 0
      vertex 16.3827 -12.5709 0
    endloop
  endfacet
  facet normal 0 0 -1
    outer loop
      vertex 12.5709 -16.3827 0
      vertex 16.2235 -21.1429 0
      vertex 14.8059 -22.1587 0
    endloop
  endfacet
  facet normal 0 0 -1
    outer loop
      vertex 18.8444 -18.8444 0
      vertex 14.6018 -14.6018 0
      vertex 15.5255 -13.6155 0
    endloop
  endfacet
  facet normal 0 0 -1
    outer loop
      vertex 17.5716 -20.0365 0
      vertex 13.6155 -15.5255 0
      vertex 14.6018 -14.6018 0
    endloop
  endfacet
  facet normal 0 0 -1
    outer loop
      vertex 11.4725 -17.1698 0
      vertex 14.8059 -22.1587 0
      vertex 13.325 -23.0796 0
    endloop
  endfacet
  facet normal 0 0 -1
    outer loop
      vertex 16.2235 -21.1429 0
      vertex 12.5709 -16.3827 0
      vertex 13.6155 -15.5255 0
    endloop
  endfacet
  facet normal 0 0 -1
    outer loop
      vertex 10.325 -17.8834 0
      vertex 13.325 -23.0796 0
      vertex 11.787 -23.9017 0
    endloop
  endfacet
  facet normal 0 0 -1
    outer loop
      vertex 14.8059 -22.1587 0
      vertex 11.4725 -17.1698 0
      vertex 12.5709 -16.3827 0
    endloop
  endfacet
  facet normal 0 0 -1
    outer loop
      vertex 13.325 -23.0796 0
      vertex 10.325 -17.8834 0
      vertex 11.4725 -17.1698 0
    endloop
  endfacet
  facet normal 0 0 -1
    outer loop
      vertex 9.13326 -18.5204 0
      vertex 11.787 -23.9017 0
      vertex 10.1985 -24.6214 0
    endloop
  endfacet
  facet normal 0 0 -1
    outer loop
      vertex 11.787 -23.9017 0
      vertex 9.13326 -18.5204 0
      vertex 10.325 -17.8834 0
    endloop
  endfacet
  facet normal 0 0 -1
    outer loop
      vertex 7.90241 -19.0781 0
      vertex 10.1985 -24.6214 0
      vertex 8.56636 -25.2357 0
    endloop
  endfacet
  facet normal 0 0 -1
    outer loop
      vertex 10.1985 -24.6214 0
      vertex 7.90241 -19.0781 0
      vertex 9.13326 -18.5204 0
    endloop
  endfacet
  facet normal 0 0 -1
    outer loop
      vertex 6.63772 -19.5541 0
      vertex 8.56636 -25.2357 0
      vertex 6.89753 -25.7419 0
    endloop
  endfacet
  facet normal 0 0 -1
    outer loop
      vertex 8.56636 -25.2357 0
      vertex 6.63772 -19.5541 0
      vertex 7.90241 -19.0781 0
    endloop
  endfacet
  facet normal 0 0 -1
    outer loop
      vertex 6.89753 -25.7419 0
      vertex 5.34461 -19.9464 0
      vertex 6.63772 -19.5541 0
    endloop
  endfacet
  facet normal 0 0 -1
    outer loop
      vertex 5.19916 -26.1379 0
      vertex 5.34461 -19.9464 0
      vertex 6.89753 -25.7419 0
    endloop
  endfacet
  facet normal 0 0 -1
    outer loop
      vertex 5.19916 -26.1379 0
      vertex 4.02861 -20.2532 0
      vertex 5.34461 -19.9464 0
    endloop
  endfacet
  facet normal 0 0 -1
    outer loop
      vertex 3.47852 -26.422 0
      vertex 4.02861 -20.2532 0
      vertex 5.19916 -26.1379 0
    endloop
  endfacet
  facet normal 0 0 -1
    outer loop
      vertex 3.47852 -26.422 0
      vertex 2.69536 -20.4733 0
      vertex 4.02861 -20.2532 0
    endloop
  endfacet
  facet normal 0 0 -1
    outer loop
      vertex 1.74299 -26.5929 0
      vertex 2.69536 -20.4733 0
      vertex 3.47852 -26.422 0
    endloop
  endfacet
  facet normal 0 0 -1
    outer loop
      vertex 1.74299 -26.5929 0
      vertex 1.35057 -20.6058 0
      vertex 2.69536 -20.4733 0
    endloop
  endfacet
  facet normal 0 0 -1
    outer loop
      vertex 0.799999 -26.6238 0
      vertex 1.35057 -20.6058 0
      vertex 1.74299 -26.5929 0
    endloop
  endfacet
  facet normal 0 0 -1
    outer loop
      vertex 1.35057 -20.6058 0
      vertex 0.799999 -26.6238 0
      vertex 0.799999 -20.6238 0
    endloop
  endfacet
  facet normal -0 0 -1
    outer loop
      vertex 25.2357 8.56636 0
      vertex 19.5541 6.63772 0
      vertex 24.6214 10.1985 0
    endloop
  endfacet
  facet normal 0 0 -1
    outer loop
      vertex 19.0781 7.90241 0
      vertex 24.6214 10.1985 0
      vertex 19.5541 6.63772 0
    endloop
  endfacet
  facet normal -0 0 -1
    outer loop
      vertex 24.6214 10.1985 0
      vertex 19.0781 7.90241 0
      vertex 23.9017 11.787 0
    endloop
  endfacet
  facet normal 0 0 -1
    outer loop
      vertex 18.5204 9.13326 0
      vertex 23.9017 11.787 0
      vertex 19.0781 7.90241 0
    endloop
  endfacet
  facet normal -0 0 -1
    outer loop
      vertex 23.9017 11.787 0
      vertex 18.5204 9.13326 0
      vertex 23.0796 13.325 0
    endloop
  endfacet
  facet normal 0 0 -1
    outer loop
      vertex 17.8834 10.325 0
      vertex 23.0796 13.325 0
      vertex 18.5204 9.13326 0
    endloop
  endfacet
  facet normal -0 0 -1
    outer loop
      vertex 23.0796 13.325 0
      vertex 17.8834 10.325 0
      vertex 22.1587 14.8059 0
    endloop
  endfacet
  facet normal 0 0 -1
    outer loop
      vertex 17.1698 11.4725 0
      vertex 22.1587 14.8059 0
      vertex 17.8834 10.325 0
    endloop
  endfacet
  facet normal -0 0 -1
    outer loop
      vertex 22.1587 14.8059 0
      vertex 17.1698 11.4725 0
      vertex 21.1429 16.2235 0
    endloop
  endfacet
  facet normal 0 0 -1
    outer loop
      vertex 16.3827 12.5709 0
      vertex 21.1429 16.2235 0
      vertex 17.1698 11.4725 0
    endloop
  endfacet
  facet normal -0 0 -1
    outer loop
      vertex 21.1429 16.2235 0
      vertex 16.3827 12.5709 0
      vertex 20.0365 17.5716 0
    endloop
  endfacet
  facet normal 0 0 -1
    outer loop
      vertex 15.5255 13.6155 0
      vertex 20.0365 17.5716 0
      vertex 16.3827 12.5709 0
    endloop
  endfacet
  facet normal -0 0 -1
    outer loop
      vertex 20.0365 17.5716 0
      vertex 15.5255 13.6155 0
      vertex 18.8444 18.8444 0
    endloop
  endfacet
  facet normal 0 0 -1
    outer loop
      vertex 14.6018 14.6018 0
      vertex 18.8444 18.8444 0
      vertex 15.5255 13.6155 0
    endloop
  endfacet
  facet normal -0 0 -1
    outer loop
      vertex 18.8444 18.8444 0
      vertex 14.6018 14.6018 0
      vertex 17.5716 20.0365 0
    endloop
  endfacet
  facet normal 0 0 -1
    outer loop
      vertex 13.6155 15.5255 0
      vertex 17.5716 20.0365 0
      vertex 14.6018 14.6018 0
    endloop
  endfacet
  facet normal -0 0 -1
    outer loop
      vertex 17.5716 20.0365 0
      vertex 13.6155 15.5255 0
      vertex 16.2235 21.1429 0
    endloop
  endfacet
  facet normal 0 0 -1
    outer loop
      vertex 12.5709 16.3827 0
      vertex 16.2235 21.1429 0
      vertex 13.6155 15.5255 0
    endloop
  endfacet
  facet normal -0 0 -1
    outer loop
      vertex 16.2235 21.1429 0
      vertex 12.5709 16.3827 0
      vertex 14.8059 22.1587 0
    endloop
  endfacet
  facet normal 0 0 -1
    outer loop
      vertex 11.4725 17.1698 0
      vertex 14.8059 22.1587 0
      vertex 12.5709 16.3827 0
    endloop
  endfacet
  facet normal -0 0 -1
    outer loop
      vertex 14.8059 22.1587 0
      vertex 11.4725 17.1698 0
      vertex 13.325 23.0796 0
    endloop
  endfacet
  facet normal 0 0 -1
    outer loop
      vertex 10.325 17.8834 0
      vertex 13.325 23.0796 0
      vertex 11.4725 17.1698 0
    endloop
  endfacet
  facet normal -0 0 -1
    outer loop
      vertex 13.325 23.0796 0
      vertex 10.325 17.8834 0
      vertex 11.787 23.9017 0
    endloop
  endfacet
  facet normal 0 0 -1
    outer loop
      vertex 9.13326 18.5204 0
      vertex 11.787 23.9017 0
      vertex 10.325 17.8834 0
    endloop
  endfacet
  facet normal -0 0 -1
    outer loop
      vertex 11.787 23.9017 0
      vertex 9.13326 18.5204 0
      vertex 10.1985 24.6214 0
    endloop
  endfacet
  facet normal 0 0 -1
    outer loop
      vertex 7.90241 19.0781 0
      vertex 10.1985 24.6214 0
      vertex 9.13326 18.5204 0
    endloop
  endfacet
  facet normal -0 0 -1
    outer loop
      vertex 10.1985 24.6214 0
      vertex 7.90241 19.0781 0
      vertex 8.56636 25.2357 0
    endloop
  endfacet
  facet normal 0 0 -1
    outer loop
      vertex 6.63772 19.5541 0
      vertex 8.56636 25.2357 0
      vertex 7.90241 19.0781 0
    endloop
  endfacet
  facet normal -0 0 -1
    outer loop
      vertex 8.56636 25.2357 0
      vertex 6.63772 19.5541 0
      vertex 6.89753 25.7419 0
    endloop
  endfacet
  facet normal 0 0 -1
    outer loop
      vertex 5.34461 19.9464 0
      vertex 6.89753 25.7419 0
      vertex 6.63772 19.5541 0
    endloop
  endfacet
  facet normal 0 0 -1
    outer loop
      vertex 5.34461 19.9464 0
      vertex 5.19916 26.1379 0
      vertex 6.89753 25.7419 0
    endloop
  endfacet
  facet normal 0 0 -1
    outer loop
      vertex 4.02861 20.2532 0
      vertex 5.19916 26.1379 0
      vertex 5.34461 19.9464 0
    endloop
  endfacet
  facet normal 0 0 -1
    outer loop
      vertex 4.02861 20.2532 0
      vertex 3.47852 26.422 0
      vertex 5.19916 26.1379 0
    endloop
  endfacet
  facet normal 0 0 -1
    outer loop
      vertex 2.69536 20.4733 0
      vertex 3.47852 26.422 0
      vertex 4.02861 20.2532 0
    endloop
  endfacet
  facet normal 0 0 -1
    outer loop
      vertex 2.69536 20.4733 0
      vertex 1.74299 26.5929 0
      vertex 3.47852 26.422 0
    endloop
  endfacet
  facet normal 0 0 -1
    outer loop
      vertex 1.35057 20.6058 0
      vertex 1.74299 26.5929 0
      vertex 2.69536 20.4733 0
    endloop
  endfacet
  facet normal 0 0 -1
    outer loop
      vertex 0.799999 20.6238 0
      vertex 1.74299 26.5929 0
      vertex 1.35057 20.6058 0
    endloop
  endfacet
  facet normal -0 0 -1
    outer loop
      vertex 1.74299 26.5929 0
      vertex 0.799999 20.6238 0
      vertex 0.799999 26.6238 0
    endloop
  endfacet
  facet normal 0.634408 -0.772998 0
    outer loop
      vertex 16.2235 -21.1429 0
      vertex 17.5716 -20.0365 32
      vertex 16.2235 -21.1429 32
    endloop
  endfacet
  facet normal 0.634408 -0.772998 0
    outer loop
      vertex 17.5716 -20.0365 32
      vertex 16.2235 -21.1429 0
      vertex 17.5716 -20.0365 0
    endloop
  endfacet
  facet normal 0 0 1
    outer loop
      vertex 20.65 0 32
      vertex 26.65 0 32
      vertex 26.5929 1.74299 32
    endloop
  endfacet
  facet normal 0 0 1
    outer loop
      vertex 20.6058 1.35057 32
      vertex 26.5929 1.74299 32
      vertex 26.422 3.47852 32
    endloop
  endfacet
  facet normal 0 0 1
    outer loop
      vertex 26.65 0 32
      vertex 20.65 0 32
      vertex 26.5929 -1.74299 32
    endloop
  endfacet
  facet normal 0 0 1
    outer loop
      vertex 20.4733 2.69536 32
      vertex 26.422 3.47852 32
      vertex 26.1379 5.19916 32
    endloop
  endfacet
  facet normal -0 0 1
    outer loop
      vertex 20.6058 -1.35057 32
      vertex 26.5929 -1.74299 32
      vertex 20.65 0 32
    endloop
  endfacet
  facet normal 0 0 1
    outer loop
      vertex 20.2532 4.02861 32
      vertex 26.1379 5.19916 32
      vertex 25.7419 6.89753 32
    endloop
  endfacet
  facet normal 0 0 1
    outer loop
      vertex 26.5929 -1.74299 32
      vertex 20.6058 -1.35057 32
      vertex 26.422 -3.47852 32
    endloop
  endfacet
  facet normal 0 0 1
    outer loop
      vertex 19.9464 5.34461 32
      vertex 25.7419 6.89753 32
      vertex 25.2357 8.56636 32
    endloop
  endfacet
  facet normal -0 0 1
    outer loop
      vertex 20.4733 -2.69536 32
      vertex 26.422 -3.47852 32
      vertex 20.6058 -1.35057 32
    endloop
  endfacet
  facet normal 0 0 1
    outer loop
      vertex 19.5541 6.63772 32
      vertex 25.2357 8.56636 32
      vertex 24.6214 10.1985 32
    endloop
  endfacet
  facet normal 0 0 1
    outer loop
      vertex 26.422 -3.47852 32
      vertex 20.4733 -2.69536 32
      vertex 26.1379 -5.19916 32
    endloop
  endfacet
  facet normal 0 0 1
    outer loop
      vertex 19.0781 7.90241 32
      vertex 24.6214 10.1985 32
      vertex 23.9017 11.787 32
    endloop
  endfacet
  facet normal -0 0 1
    outer loop
      vertex 20.2532 -4.02861 32
      vertex 26.1379 -5.19916 32
      vertex 20.4733 -2.69536 32
    endloop
  endfacet
  facet normal 0 0 1
    outer loop
      vertex 18.5204 9.13326 32
      vertex 23.9017 11.787 32
      vertex 23.0796 13.325 32
    endloop
  endfacet
  facet normal 0 0 1
    outer loop
      vertex 26.1379 -5.19916 32
      vertex 20.2532 -4.02861 32
      vertex 25.7419 -6.89753 32
    endloop
  endfacet
  facet normal 0 0 1
    outer loop
      vertex 17.8834 10.325 32
      vertex 23.0796 13.325 32
      vertex 22.1587 14.8059 32
    endloop
  endfacet
  facet normal -0 0 1
    outer loop
      vertex 19.9464 -5.34461 32
      vertex 25.7419 -6.89753 32
      vertex 20.2532 -4.02861 32
    endloop
  endfacet
  facet normal 0 0 1
    outer loop
      vertex 17.1698 11.4725 32
      vertex 22.1587 14.8059 32
      vertex 21.1429 16.2235 32
    endloop
  endfacet
  facet normal 0 0 1
    outer loop
      vertex 25.7419 -6.89753 32
      vertex 19.9464 -5.34461 32
      vertex 25.2357 -8.56636 32
    endloop
  endfacet
  facet normal -0 0 1
    outer loop
      vertex 19.5541 -6.63772 32
      vertex 25.2357 -8.56636 32
      vertex 19.9464 -5.34461 32
    endloop
  endfacet
  facet normal 0 0 1
    outer loop
      vertex 26.5929 1.74299 32
      vertex 20.6058 1.35057 32
      vertex 20.65 0 32
    endloop
  endfacet
  facet normal 0 0 1
    outer loop
      vertex 26.422 3.47852 32
      vertex 20.4733 2.69536 32
      vertex 20.6058 1.35057 32
    endloop
  endfacet
  facet normal 0 0 1
    outer loop
      vertex 26.1379 5.19916 32
      vertex 20.2532 4.02861 32
      vertex 20.4733 2.69536 32
    endloop
  endfacet
  facet normal 0 0 1
    outer loop
      vertex 16.3827 12.5709 32
      vertex 21.1429 16.2235 32
      vertex 20.0365 17.5716 32
    endloop
  endfacet
  facet normal 0 0 1
    outer loop
      vertex 25.7419 6.89753 32
      vertex 19.9464 5.34461 32
      vertex 20.2532 4.02861 32
    endloop
  endfacet
  facet normal 0 0 1
    outer loop
      vertex 25.2357 8.56636 32
      vertex 19.5541 6.63772 32
      vertex 19.9464 5.34461 32
    endloop
  endfacet
  facet normal 0 0 1
    outer loop
      vertex 24.6214 10.1985 32
      vertex 19.0781 7.90241 32
      vertex 19.5541 6.63772 32
    endloop
  endfacet
  facet normal 0 0 1
    outer loop
      vertex 15.5255 13.6155 32
      vertex 20.0365 17.5716 32
      vertex 18.8444 18.8444 32
    endloop
  endfacet
  facet normal 0 0 1
    outer loop
      vertex 23.9017 11.787 32
      vertex 18.5204 9.13326 32
      vertex 19.0781 7.90241 32
    endloop
  endfacet
  facet normal 0 0 1
    outer loop
      vertex 23.0796 13.325 32
      vertex 17.8834 10.325 32
      vertex 18.5204 9.13326 32
    endloop
  endfacet
  facet normal 0 0 1
    outer loop
      vertex 14.6018 14.6018 32
      vertex 18.8444 18.8444 32
      vertex 17.5716 20.0365 32
    endloop
  endfacet
  facet normal 0 0 1
    outer loop
      vertex 22.1587 14.8059 32
      vertex 17.1698 11.4725 32
      vertex 17.8834 10.325 32
    endloop
  endfacet
  facet normal 0 0 1
    outer loop
      vertex 21.1429 16.2235 32
      vertex 16.3827 12.5709 32
      vertex 17.1698 11.4725 32
    endloop
  endfacet
  facet normal 0 0 1
    outer loop
      vertex 13.6155 15.5255 32
      vertex 17.5716 20.0365 32
      vertex 16.2235 21.1429 32
    endloop
  endfacet
  facet normal 0 0 1
    outer loop
      vertex 20.0365 17.5716 32
      vertex 15.5255 13.6155 32
      vertex 16.3827 12.5709 32
    endloop
  endfacet
  facet normal 0 0 1
    outer loop
      vertex 12.5709 16.3827 32
      vertex 16.2235 21.1429 32
      vertex 14.8059 22.1587 32
    endloop
  endfacet
  facet normal 0 0 1
    outer loop
      vertex 18.8444 18.8444 32
      vertex 14.6018 14.6018 32
      vertex 15.5255 13.6155 32
    endloop
  endfacet
  facet normal 0 0 1
    outer loop
      vertex 17.5716 20.0365 32
      vertex 13.6155 15.5255 32
      vertex 14.6018 14.6018 32
    endloop
  endfacet
  facet normal 0 0 1
    outer loop
      vertex 11.4725 17.1698 32
      vertex 14.8059 22.1587 32
      vertex 13.325 23.0796 32
    endloop
  endfacet
  facet normal 0 0 1
    outer loop
      vertex 16.2235 21.1429 32
      vertex 12.5709 16.3827 32
      vertex 13.6155 15.5255 32
    endloop
  endfacet
  facet normal 0 0 1
    outer loop
      vertex 10.325 17.8834 32
      vertex 13.325 23.0796 32
      vertex 11.787 23.9017 32
    endloop
  endfacet
  facet normal 0 0 1
    outer loop
      vertex 14.8059 22.1587 32
      vertex 11.4725 17.1698 32
      vertex 12.5709 16.3827 32
    endloop
  endfacet
  facet normal 0 0 1
    outer loop
      vertex 13.325 23.0796 32
      vertex 10.325 17.8834 32
      vertex 11.4725 17.1698 32
    endloop
  endfacet
  facet normal 0 0 1
    outer loop
      vertex 9.13326 18.5204 32
      vertex 11.787 23.9017 32
      vertex 10.1985 24.6214 32
    endloop
  endfacet
  facet normal 0 0 1
    outer loop
      vertex 11.787 23.9017 32
      vertex 9.13326 18.5204 32
      vertex 10.325 17.8834 32
    endloop
  endfacet
  facet normal 0 0 1
    outer loop
      vertex 7.90241 19.0781 32
      vertex 10.1985 24.6214 32
      vertex 8.56636 25.2357 32
    endloop
  endfacet
  facet normal 0 0 1
    outer loop
      vertex 10.1985 24.6214 32
      vertex 7.90241 19.0781 32
      vertex 9.13326 18.5204 32
    endloop
  endfacet
  facet normal 0 0 1
    outer loop
      vertex 6.63772 19.5541 32
      vertex 8.56636 25.2357 32
      vertex 6.89753 25.7419 32
    endloop
  endfacet
  facet normal 0 0 1
    outer loop
      vertex 8.56636 25.2357 32
      vertex 6.63772 19.5541 32
      vertex 7.90241 19.0781 32
    endloop
  endfacet
  facet normal 0 0 1
    outer loop
      vertex 6.89753 25.7419 32
      vertex 5.34461 19.9464 32
      vertex 6.63772 19.5541 32
    endloop
  endfacet
  facet normal 0 0 1
    outer loop
      vertex 5.19916 26.1379 32
      vertex 5.34461 19.9464 32
      vertex 6.89753 25.7419 32
    endloop
  endfacet
  facet normal 0 0 1
    outer loop
      vertex 5.19916 26.1379 32
      vertex 4.02861 20.2532 32
      vertex 5.34461 19.9464 32
    endloop
  endfacet
  facet normal 0 0 1
    outer loop
      vertex 3.47852 26.422 32
      vertex 4.02861 20.2532 32
      vertex 5.19916 26.1379 32
    endloop
  endfacet
  facet normal 0 0 1
    outer loop
      vertex 3.47852 26.422 32
      vertex 2.69536 20.4733 32
      vertex 4.02861 20.2532 32
    endloop
  endfacet
  facet normal 0 0 1
    outer loop
      vertex 1.74299 26.5929 32
      vertex 2.69536 20.4733 32
      vertex 3.47852 26.422 32
    endloop
  endfacet
  facet normal 0 0 1
    outer loop
      vertex 1.74299 26.5929 32
      vertex 1.35057 20.6058 32
      vertex 2.69536 20.4733 32
    endloop
  endfacet
  facet normal 0 0 1
    outer loop
      vertex 0.799999 26.6238 32
      vertex 1.35057 20.6058 32
      vertex 1.74299 26.5929 32
    endloop
  endfacet
  facet normal 0 0 1
    outer loop
      vertex 1.35057 20.6058 32
      vertex 0.799999 26.6238 32
      vertex 0.799999 20.6238 32
    endloop
  endfacet
  facet normal 0 0 1
    outer loop
      vertex 25.2357 -8.56636 32
      vertex 19.5541 -6.63772 32
      vertex 24.6214 -10.1985 32
    endloop
  endfacet
  facet normal -0 0 1
    outer loop
      vertex 19.0781 -7.90241 32
      vertex 24.6214 -10.1985 32
      vertex 19.5541 -6.63772 32
    endloop
  endfacet
  facet normal 0 0 1
    outer loop
      vertex 24.6214 -10.1985 32
      vertex 19.0781 -7.90241 32
      vertex 23.9017 -11.787 32
    endloop
  endfacet
  facet normal -0 0 1
    outer loop
      vertex 18.5204 -9.13326 32
      vertex 23.9017 -11.787 32
      vertex 19.0781 -7.90241 32
    endloop
  endfacet
  facet normal 0 0 1
    outer loop
      vertex 23.9017 -11.787 32
      vertex 18.5204 -9.13326 32
      vertex 23.0796 -13.325 32
    endloop
  endfacet
  facet normal -0 0 1
    outer loop
      vertex 17.8834 -10.325 32
      vertex 23.0796 -13.325 32
      vertex 18.5204 -9.13326 32
    endloop
  endfacet
  facet normal 0 0 1
    outer loop
      vertex 23.0796 -13.325 32
      vertex 17.8834 -10.325 32
      vertex 22.1587 -14.8059 32
    endloop
  endfacet
  facet normal -0 0 1
    outer loop
      vertex 17.1698 -11.4725 32
      vertex 22.1587 -14.8059 32
      vertex 17.8834 -10.325 32
    endloop
  endfacet
  facet normal 0 0 1
    outer loop
      vertex 22.1587 -14.8059 32
      vertex 17.1698 -11.4725 32
      vertex 21.1429 -16.2235 32
    endloop
  endfacet
  facet normal -0 0 1
    outer loop
      vertex 16.3827 -12.5709 32
      vertex 21.1429 -16.2235 32
      vertex 17.1698 -11.4725 32
    endloop
  endfacet
  facet normal 0 0 1
    outer loop
      vertex 21.1429 -16.2235 32
      vertex 16.3827 -12.5709 32
      vertex 20.0365 -17.5716 32
    endloop
  endfacet
  facet normal -0 0 1
    outer loop
      vertex 15.5255 -13.6155 32
      vertex 20.0365 -17.5716 32
      vertex 16.3827 -12.5709 32
    endloop
  endfacet
  facet normal 0 0 1
    outer loop
      vertex 20.0365 -17.5716 32
      vertex 15.5255 -13.6155 32
      vertex 18.8444 -18.8444 32
    endloop
  endfacet
  facet normal -0 0 1
    outer loop
      vertex 14.6018 -14.6018 32
      vertex 18.8444 -18.8444 32
      vertex 15.5255 -13.6155 32
    endloop
  endfacet
  facet normal 0 0 1
    outer loop
      vertex 18.8444 -18.8444 32
      vertex 14.6018 -14.6018 32
      vertex 17.5716 -20.0365 32
    endloop
  endfacet
  facet normal -0 0 1
    outer loop
      vertex 13.6155 -15.5255 32
      vertex 17.5716 -20.0365 32
      vertex 14.6018 -14.6018 32
    endloop
  endfacet
  facet normal 0 0 1
    outer loop
      vertex 17.5716 -20.0365 32
      vertex 13.6155 -15.5255 32
      vertex 16.2235 -21.1429 32
    endloop
  endfacet
  facet normal -0 0 1
    outer loop
      vertex 12.5709 -16.3827 32
      vertex 16.2235 -21.1429 32
      vertex 13.6155 -15.5255 32
    endloop
  endfacet
  facet normal 0 0 1
    outer loop
      vertex 16.2235 -21.1429 32
      vertex 12.5709 -16.3827 32
      vertex 14.8059 -22.1587 32
    endloop
  endfacet
  facet normal -0 0 1
    outer loop
      vertex 11.4725 -17.1698 32
      vertex 14.8059 -22.1587 32
      vertex 12.5709 -16.3827 32
    endloop
  endfacet
  facet normal 0 0 1
    outer loop
      vertex 14.8059 -22.1587 32
      vertex 11.4725 -17.1698 32
      vertex 13.325 -23.0796 32
    endloop
  endfacet
  facet normal -0 0 1
    outer loop
      vertex 10.325 -17.8834 32
      vertex 13.325 -23.0796 32
      vertex 11.4725 -17.1698 32
    endloop
  endfacet
  facet normal 0 0 1
    outer loop
      vertex 13.325 -23.0796 32
      vertex 10.325 -17.8834 32
      vertex 11.787 -23.9017 32
    endloop
  endfacet
  facet normal -0 0 1
    outer loop
      vertex 9.13326 -18.5204 32
      vertex 11.787 -23.9017 32
      vertex 10.325 -17.8834 32
    endloop
  endfacet
  facet normal 0 0 1
    outer loop
      vertex 11.787 -23.9017 32
      vertex 9.13326 -18.5204 32
      vertex 10.1985 -24.6214 32
    endloop
  endfacet
  facet normal -0 0 1
    outer loop
      vertex 7.90241 -19.0781 32
      vertex 10.1985 -24.6214 32
      vertex 9.13326 -18.5204 32
    endloop
  endfacet
  facet normal 0 0 1
    outer loop
      vertex 10.1985 -24.6214 32
      vertex 7.90241 -19.0781 32
      vertex 8.56636 -25.2357 32
    endloop
  endfacet
  facet normal -0 0 1
    outer loop
      vertex 6.63772 -19.5541 32
      vertex 8.56636 -25.2357 32
      vertex 7.90241 -19.0781 32
    endloop
  endfacet
  facet normal 0 0 1
    outer loop
      vertex 8.56636 -25.2357 32
      vertex 6.63772 -19.5541 32
      vertex 6.89753 -25.7419 32
    endloop
  endfacet
  facet normal -0 0 1
    outer loop
      vertex 5.34461 -19.9464 32
      vertex 6.89753 -25.7419 32
      vertex 6.63772 -19.5541 32
    endloop
  endfacet
  facet normal 0 0 1
    outer loop
      vertex 5.34461 -19.9464 32
      vertex 5.19916 -26.1379 32
      vertex 6.89753 -25.7419 32
    endloop
  endfacet
  facet normal -0 0 1
    outer loop
      vertex 4.02861 -20.2532 32
      vertex 5.19916 -26.1379 32
      vertex 5.34461 -19.9464 32
    endloop
  endfacet
  facet normal 0 0 1
    outer loop
      vertex 4.02861 -20.2532 32
      vertex 3.47852 -26.422 32
      vertex 5.19916 -26.1379 32
    endloop
  endfacet
  facet normal -0 0 1
    outer loop
      vertex 2.69536 -20.4733 32
      vertex 3.47852 -26.422 32
      vertex 4.02861 -20.2532 32
    endloop
  endfacet
  facet normal 0 0 1
    outer loop
      vertex 2.69536 -20.4733 32
      vertex 1.74299 -26.5929 32
      vertex 3.47852 -26.422 32
    endloop
  endfacet
  facet normal -0 0 1
    outer loop
      vertex 1.35057 -20.6058 32
      vertex 1.74299 -26.5929 32
      vertex 2.69536 -20.4733 32
    endloop
  endfacet
  facet normal -0 0 1
    outer loop
      vertex 0.799999 -20.6238 32
      vertex 1.74299 -26.5929 32
      vertex 1.35057 -20.6058 32
    endloop
  endfacet
  facet normal 0 0 1
    outer loop
      vertex 1.74299 -26.5929 32
      vertex 0.799999 -20.6238 32
      vertex 0.799999 -26.6238 32
    endloop
  endfacet
  facet normal 0.412688 0.910872 -0
    outer loop
      vertex 11.787 23.9017 0
      vertex 10.1985 24.6214 32
      vertex 11.787 23.9017 32
    endloop
  endfacet
  facet normal 0.412688 0.910872 0
    outer loop
      vertex 10.1985 24.6214 32
      vertex 11.787 23.9017 0
      vertex 10.1985 24.6214 0
    endloop
  endfacet
  facet normal 0.412688 -0.910872 0
    outer loop
      vertex 10.1985 -24.6214 0
      vertex 11.787 -23.9017 32
      vertex 10.1985 -24.6214 32
    endloop
  endfacet
  facet normal 0.412688 -0.910872 0
    outer loop
      vertex 11.787 -23.9017 32
      vertex 10.1985 -24.6214 0
      vertex 11.787 -23.9017 0
    endloop
  endfacet
  facet normal 0.812857 -0.582463 0
    outer loop
      vertex 21.1429 -16.2235 32
      vertex 22.1587 -14.8059 0
      vertex 22.1587 -14.8059 32
    endloop
  endfacet
  facet normal 0.812857 -0.582463 0
    outer loop
      vertex 22.1587 -14.8059 0
      vertex 21.1429 -16.2235 32
      vertex 21.1429 -16.2235 0
    endloop
  endfacet
  facet normal 0.0979974 0.995187 -0
    outer loop
      vertex 3.47852 26.422 0
      vertex 1.74299 26.5929 10
      vertex 3.47852 26.422 10
    endloop
  endfacet
  facet normal 0.0979974 0.995187 0
    outer loop
      vertex 1.74299 26.5929 10
      vertex 3.47852 26.422 0
      vertex 1.74299 26.5929 0
    endloop
  endfacet
  facet normal 0.0979974 0.995187 -0
    outer loop
      vertex 3.47852 26.422 22
      vertex 1.74299 26.5929 32
      vertex 3.47852 26.422 32
    endloop
  endfacet
  facet normal 0.0979974 0.995187 0
    outer loop
      vertex 1.74299 26.5929 32
      vertex 3.47852 26.422 22
      vertex 1.74299 26.5929 22
    endloop
  endfacet
  facet normal 0.973878 0.227074 0
    outer loop
      vertex 26.1379 5.19916 32
      vertex 25.7419 6.89753 0
      vertex 25.7419 6.89753 32
    endloop
  endfacet
  facet normal 0.973878 0.227074 0
    outer loop
      vertex 25.7419 6.89753 0
      vertex 26.1379 5.19916 32
      vertex 26.1379 5.19916 0
    endloop
  endfacet
  facet normal 0.910872 -0.412688 0
    outer loop
      vertex 23.9017 -11.787 32
      vertex 24.6214 -10.1985 0
      vertex 24.6214 -10.1985 32
    endloop
  endfacet
  facet normal 0.910872 -0.412688 0
    outer loop
      vertex 24.6214 -10.1985 0
      vertex 23.9017 -11.787 32
      vertex 23.9017 -11.787 0
    endloop
  endfacet
  facet normal 0.290267 0.956946 -0
    outer loop
      vertex 8.56636 25.2357 0
      vertex 6.89753 25.7419 32
      vertex 8.56636 25.2357 32
    endloop
  endfacet
  facet normal 0.290267 0.956946 0
    outer loop
      vertex 6.89753 25.7419 32
      vertex 8.56636 25.2357 0
      vertex 6.89753 25.7419 0
    endloop
  endfacet
  facet normal 0.68359 -0.729866 0
    outer loop
      vertex 17.5716 -20.0365 0
      vertex 18.8444 -18.8444 32
      vertex 17.5716 -20.0365 32
    endloop
  endfacet
  facet normal 0.68359 -0.729866 0
    outer loop
      vertex 18.8444 -18.8444 32
      vertex 17.5716 -20.0365 0
      vertex 18.8444 -18.8444 0
    endloop
  endfacet
  facet normal 0.0964113 -0.995342 0
    outer loop
      vertex 1.74299 -26.5929 0
      vertex 1.79048 -26.5883 4.28682
      vertex 1.74299 -26.5929 4.31809
    endloop
  endfacet
  facet normal 0.0976959 -0.995216 3.1589e-05
    outer loop
      vertex 1.74299 -26.5929 0
      vertex 2.33353 -26.5348 4.07477
      vertex 2.21943 -26.546 4.09636
    endloop
  endfacet
  facet normal 0.0982413 -0.995163 -4.82147e-05
    outer loop
      vertex 2.33353 -26.5348 4.07477
      vertex 1.74299 -26.5929 0
      vertex 2.60397 -26.5081 4.0236
    endloop
  endfacet
  facet normal 0.0983243 -0.995154 -4.22042e-05
    outer loop
      vertex 2.12026 -26.5558 4.13648
      vertex 1.74299 -26.5929 0
      vertex 2.21943 -26.546 4.09636
    endloop
  endfacet
  facet normal 0.0979823 -0.995188 -1.07065e-05
    outer loop
      vertex 1.85721 -26.5817 4.24289
      vertex 1.74299 -26.5929 0
      vertex 2.12026 -26.5558 4.13648
    endloop
  endfacet
  facet normal 0.0984112 -0.995146 -2.23656e-05
    outer loop
      vertex 1.79048 -26.5883 4.28682
      vertex 1.74299 -26.5929 0
      vertex 1.85721 -26.5817 4.24289
    endloop
  endfacet
  facet normal 0.0979974 -0.995187 4.48378e-06
    outer loop
      vertex 3.47852 -26.422 0
      vertex 2.60397 -26.5081 4.0236
      vertex 1.74299 -26.5929 0
    endloop
  endfacet
  facet normal 0.097977 -0.995189 0
    outer loop
      vertex 2.60397 -26.5081 4.0236
      vertex 3.47852 -26.422 0
      vertex 3.47852 -26.422 4.03209
    endloop
  endfacet
  facet normal 0.0979974 -0.995187 -4.48378e-06
    outer loop
      vertex 1.74299 -26.5929 32
      vertex 2.60397 -26.5081 27.9764
      vertex 3.47852 -26.422 32
    endloop
  endfacet
  facet normal 0.0982413 -0.995163 4.82136e-05
    outer loop
      vertex 1.74299 -26.5929 32
      vertex 2.33353 -26.5348 27.9252
      vertex 2.60397 -26.5081 27.9764
    endloop
  endfacet
  facet normal 0.0976959 -0.995216 -3.15884e-05
    outer loop
      vertex 1.74299 -26.5929 32
      vertex 2.21943 -26.546 27.9036
      vertex 2.33353 -26.5348 27.9252
    endloop
  endfacet
  facet normal 0.0983243 -0.995154 4.22048e-05
    outer loop
      vertex 1.74299 -26.5929 32
      vertex 2.12026 -26.5558 27.8635
      vertex 2.21943 -26.546 27.9036
    endloop
  endfacet
  facet normal 0.0979823 -0.995188 1.07065e-05
    outer loop
      vertex 1.74299 -26.5929 32
      vertex 1.85721 -26.5817 27.7571
      vertex 2.12026 -26.5558 27.8635
    endloop
  endfacet
  facet normal 0.0984112 -0.995146 2.23659e-05
    outer loop
      vertex 1.74299 -26.5929 32
      vertex 1.79048 -26.5883 27.7132
      vertex 1.85721 -26.5817 27.7571
    endloop
  endfacet
  facet normal 0.0964113 -0.995342 0
    outer loop
      vertex 1.79048 -26.5883 27.7132
      vertex 1.74299 -26.5929 32
      vertex 1.74299 -26.5929 27.6819
    endloop
  endfacet
  facet normal 0.097977 -0.995189 0
    outer loop
      vertex 3.47852 -26.422 32
      vertex 2.60397 -26.5081 27.9764
      vertex 3.47852 -26.422 27.9679
    endloop
  endfacet
  facet normal 0.995187 -0.0979974 0
    outer loop
      vertex 26.422 -3.47852 32
      vertex 26.5929 -1.74299 0
      vertex 26.5929 -1.74299 32
    endloop
  endfacet
  facet normal 0.995187 -0.0979974 0
    outer loop
      vertex 26.5929 -1.74299 0
      vertex 26.422 -3.47852 32
      vertex 26.422 -3.47852 0
    endloop
  endfacet
  facet normal 0.0327505 -0.999464 0
    outer loop
      vertex 0.799999 -26.6238 32
      vertex 1.74299 -26.5929 27.6819
      vertex 1.74299 -26.5929 32
    endloop
  endfacet
  facet normal 0.032999 -0.999455 5.43361e-05
    outer loop
      vertex 0.799999 -26.6238 32
      vertex 1.53121 -26.5999 27.5411
      vertex 1.74299 -26.5929 27.6819
    endloop
  endfacet
  facet normal 0.0327043 -0.999465 5.94849e-06
    outer loop
      vertex 0.799999 -26.6238 32
      vertex 1.29288 -26.6077 27.3035
      vertex 1.53121 -26.5999 27.5411
    endloop
  endfacet
  facet normal 0.0310056 -0.999519 -0.000172512
    outer loop
      vertex 0.799999 -26.6238 32
      vertex 1.25398 -26.6089 27.2647
      vertex 1.29288 -26.6077 27.3035
    endloop
  endfacet
  facet normal 0.0339973 -0.999422 0.000114618
    outer loop
      vertex 0.799999 -26.6238 32
      vertex 1.20718 -26.6105 27.1949
      vertex 1.25398 -26.6089 27.2647
    endloop
  endfacet
  facet normal 0.0327181 -0.999465 6.09722e-06
    outer loop
      vertex 0.799999 -26.6238 32
      vertex 1.03616 -26.6161 26.9395
      vertex 1.20718 -26.6105 27.1949
    endloop
  endfacet
  facet normal 0.0325911 -0.999469 1.63783e-07
    outer loop
      vertex 0.799999 -26.6238 32
      vertex 0.910427 -26.6202 26.6363
      vertex 1.03616 -26.6161 26.9395
    endloop
  endfacet
  facet normal 0.0328785 -0.999459 6.08796e-06
    outer loop
      vertex 0.799999 -26.6238 32
      vertex 0.886119 -26.621 26.5777
      vertex 0.910427 -26.6202 26.6363
    endloop
  endfacet
  facet normal 0.0330041 -0.999455 8.08457e-06
    outer loop
      vertex 0.799999 -26.6238 32
      vertex 0.831677 -26.6228 26.3042
      vertex 0.886119 -26.621 26.5777
    endloop
  endfacet
  facet normal 0.0317294 -0.999496 9.87997e-07
    outer loop
      vertex 0.799999 -26.6238 32
      vertex 0.80963 -26.6235 26.1934
      vertex 0.831677 -26.6228 26.3042
    endloop
  endfacet
  facet normal 0.0311343 -0.999515 0
    outer loop
      vertex 0.799999 -26.6238 32
      vertex 0.80963 -26.6235 5.80658
      vertex 0.80963 -26.6235 26.1934
    endloop
  endfacet
  facet normal 0.0310055 -0.999519 0.000172522
    outer loop
      vertex 0.799999 -26.6238 0
      vertex 1.29288 -26.6077 4.69648
      vertex 1.25398 -26.6089 4.73526
    endloop
  endfacet
  facet normal 0.0311343 -0.999515 0
    outer loop
      vertex 0.799999 -26.6238 0
      vertex 0.80963 -26.6235 5.80658
      vertex 0.799999 -26.6238 32
    endloop
  endfacet
  facet normal 0.0317294 -0.999496 -9.88002e-07
    outer loop
      vertex 0.799999 -26.6238 0
      vertex 0.831677 -26.6228 5.69581
      vertex 0.80963 -26.6235 5.80658
    endloop
  endfacet
  facet normal 0.0330041 -0.999455 -8.08454e-06
    outer loop
      vertex 0.799999 -26.6238 0
      vertex 0.886119 -26.621 5.42229
      vertex 0.831677 -26.6228 5.69581
    endloop
  endfacet
  facet normal 0.0328785 -0.999459 -6.08794e-06
    outer loop
      vertex 0.799999 -26.6238 0
      vertex 0.910427 -26.6202 5.36368
      vertex 0.886119 -26.621 5.42229
    endloop
  endfacet
  facet normal 0.0325911 -0.999469 -1.63786e-07
    outer loop
      vertex 0.799999 -26.6238 0
      vertex 1.03616 -26.6161 5.06055
      vertex 0.910427 -26.6202 5.36368
    endloop
  endfacet
  facet normal 0.0327181 -0.999465 -6.09715e-06
    outer loop
      vertex 0.799999 -26.6238 0
      vertex 1.20718 -26.6105 4.80514
      vertex 1.03616 -26.6161 5.06055
    endloop
  endfacet
  facet normal 0.0339972 -0.999422 -0.000114603
    outer loop
      vertex 0.799999 -26.6238 0
      vertex 1.25398 -26.6089 4.73526
      vertex 1.20718 -26.6105 4.80514
    endloop
  endfacet
  facet normal 0.0327043 -0.999465 -5.94861e-06
    outer loop
      vertex 1.29288 -26.6077 4.69648
      vertex 0.799999 -26.6238 0
      vertex 1.53121 -26.5999 4.45892
    endloop
  endfacet
  facet normal 0.032999 -0.999455 -5.43347e-05
    outer loop
      vertex 0.799999 -26.6238 0
      vertex 1.74299 -26.5929 4.31809
      vertex 1.53121 -26.5999 4.45892
    endloop
  endfacet
  facet normal 0.0327505 -0.999464 0
    outer loop
      vertex 1.74299 -26.5929 4.31809
      vertex 0.799999 -26.6238 0
      vertex 1.74299 -26.5929 0
    endloop
  endfacet
  facet normal 0.68359 0.729866 -0
    outer loop
      vertex 18.8444 18.8444 0
      vertex 17.5716 20.0365 32
      vertex 18.8444 18.8444 32
    endloop
  endfacet
  facet normal 0.68359 0.729866 0
    outer loop
      vertex 17.5716 20.0365 32
      vertex 18.8444 18.8444 0
      vertex 17.5716 20.0365 0
    endloop
  endfacet
  facet normal 0.0327505 0.999464 -0
    outer loop
      vertex 1.74299 26.5929 0
      vertex 0.799999 26.6238 10
      vertex 1.74299 26.5929 10
    endloop
  endfacet
  facet normal 0.0327505 0.999464 0
    outer loop
      vertex 0.799999 26.6238 10
      vertex 1.74299 26.5929 0
      vertex 0.799999 26.6238 0
    endloop
  endfacet
  facet normal 0.0327505 0.999464 -0
    outer loop
      vertex 1.74299 26.5929 22
      vertex 0.799999 26.6238 32
      vertex 1.74299 26.5929 32
    endloop
  endfacet
  facet normal 0.0327505 0.999464 0
    outer loop
      vertex 0.799999 26.6238 32
      vertex 1.74299 26.5929 22
      vertex 0.799999 26.6238 22
    endloop
  endfacet
  facet normal 0.986641 0.162907 0
    outer loop
      vertex 26.422 3.47852 32
      vertex 26.1379 5.19916 0
      vertex 26.1379 5.19916 32
    endloop
  endfacet
  facet normal 0.986641 0.162907 0
    outer loop
      vertex 26.1379 5.19916 0
      vertex 26.422 3.47852 32
      vertex 26.422 3.47852 0
    endloop
  endfacet
  facet normal 0.956946 -0.290267 0
    outer loop
      vertex 25.2357 -8.56636 32
      vertex 25.7419 -6.89753 0
      vertex 25.7419 -6.89753 32
    endloop
  endfacet
  facet normal 0.956946 -0.290267 0
    outer loop
      vertex 25.7419 -6.89753 0
      vertex 25.2357 -8.56636 32
      vertex 25.2357 -8.56636 0
    endloop
  endfacet
  facet normal 0.881916 0.471406 0
    outer loop
      vertex 23.9017 11.787 32
      vertex 23.0796 13.325 0
      vertex 23.0796 13.325 32
    endloop
  endfacet
  facet normal 0.881916 0.471406 0
    outer loop
      vertex 23.0796 13.325 0
      vertex 23.9017 11.787 32
      vertex 23.9017 11.787 0
    endloop
  endfacet
  facet normal 0.995187 0.0979974 0
    outer loop
      vertex 26.5929 1.74299 32
      vertex 26.422 3.47852 0
      vertex 26.422 3.47852 32
    endloop
  endfacet
  facet normal 0.995187 0.0979974 0
    outer loop
      vertex 26.422 3.47852 0
      vertex 26.5929 1.74299 32
      vertex 26.5929 1.74299 0
    endloop
  endfacet
  facet normal 0.729866 0.68359 0
    outer loop
      vertex 20.0365 17.5716 32
      vertex 18.8444 18.8444 0
      vertex 18.8444 18.8444 32
    endloop
  endfacet
  facet normal 0.729866 0.68359 0
    outer loop
      vertex 18.8444 18.8444 0
      vertex 20.0365 17.5716 32
      vertex 20.0365 17.5716 0
    endloop
  endfacet
  facet normal 0.162883 -0.986645 0
    outer loop
      vertex 3.47852 -26.422 0
      vertex 4.44952 -26.2617 4.04788
      vertex 3.47852 -26.422 4.03209
    endloop
  endfacet
  facet normal 0.162907 -0.986641 -6.02161e-06
    outer loop
      vertex 5.19916 -26.1379 0
      vertex 4.44952 -26.2617 4.04788
      vertex 3.47852 -26.422 0
    endloop
  endfacet
  facet normal 0.162939 -0.986636 0
    outer loop
      vertex 4.44952 -26.2617 4.04788
      vertex 5.19916 -26.1379 0
      vertex 5.19916 -26.1379 4.08542
    endloop
  endfacet
  facet normal 0.162883 -0.986645 0
    outer loop
      vertex 4.44952 -26.2617 27.9521
      vertex 3.47852 -26.422 32
      vertex 3.47852 -26.422 27.9679
    endloop
  endfacet
  facet normal 0.162907 -0.986641 6.02158e-06
    outer loop
      vertex 3.47852 -26.422 32
      vertex 4.44952 -26.2617 27.9521
      vertex 5.19916 -26.1379 32
    endloop
  endfacet
  facet normal 0.162939 -0.986636 0
    outer loop
      vertex 5.19916 -26.1379 32
      vertex 4.44952 -26.2617 27.9521
      vertex 5.19916 -26.1379 27.9146
    endloop
  endfacet
  facet normal 0.729866 -0.68359 0
    outer loop
      vertex 18.8444 -18.8444 32
      vertex 20.0365 -17.5716 0
      vertex 20.0365 -17.5716 32
    endloop
  endfacet
  facet normal 0.729866 -0.68359 0
    outer loop
      vertex 20.0365 -17.5716 0
      vertex 18.8444 -18.8444 32
      vertex 18.8444 -18.8444 0
    endloop
  endfacet
  facet normal 0.849198 0.528075 0
    outer loop
      vertex 23.0796 13.325 32
      vertex 22.1587 14.8059 0
      vertex 22.1587 14.8059 32
    endloop
  endfacet
  facet normal 0.849198 0.528075 0
    outer loop
      vertex 22.1587 14.8059 0
      vertex 23.0796 13.325 32
      vertex 23.0796 13.325 0
    endloop
  endfacet
  facet normal 0.772998 0.634408 0
    outer loop
      vertex 21.1429 16.2235 32
      vertex 20.0365 17.5716 0
      vertex 20.0365 17.5716 32
    endloop
  endfacet
  facet normal 0.772998 0.634408 0
    outer loop
      vertex 20.0365 17.5716 0
      vertex 21.1429 16.2235 32
      vertex 21.1429 16.2235 0
    endloop
  endfacet
  facet normal 0.227074 0.973878 9.75902e-07
    outer loop
      vertex 6.89753 25.7419 32
      vertex 6.5 25.8346 22
      vertex 5.19916 26.1379 32
    endloop
  endfacet
  facet normal 0.227097 0.973872 0
    outer loop
      vertex 6.89753 25.7419 32
      vertex 6.5 25.8346 10
      vertex 6.5 25.8346 22
    endloop
  endfacet
  facet normal 0.227097 0.973872 -0
    outer loop
      vertex 6.89753 25.7419 0
      vertex 6.5 25.8346 10
      vertex 6.89753 25.7419 32
    endloop
  endfacet
  facet normal 0.227074 0.973878 -9.75902e-07
    outer loop
      vertex 5.19916 26.1379 0
      vertex 6.5 25.8346 10
      vertex 6.89753 25.7419 0
    endloop
  endfacet
  facet normal 0.227067 0.973879 0
    outer loop
      vertex 6.5 25.8346 10
      vertex 5.19916 26.1379 0
      vertex 5.19916 26.1379 10
    endloop
  endfacet
  facet normal 0.227067 0.973879 0
    outer loop
      vertex 5.19916 26.1379 32
      vertex 6.5 25.8346 22
      vertex 5.19916 26.1379 22
    endloop
  endfacet
  facet normal 0.910872 0.412688 0
    outer loop
      vertex 24.6214 10.1985 32
      vertex 23.9017 11.787 0
      vertex 23.9017 11.787 32
    endloop
  endfacet
  facet normal 0.910872 0.412688 0
    outer loop
      vertex 23.9017 11.787 0
      vertex 24.6214 10.1985 32
      vertex 24.6214 10.1985 0
    endloop
  endfacet
  facet normal 0.528075 -0.849198 0
    outer loop
      vertex 13.325 -23.0796 0
      vertex 14.8059 -22.1587 32
      vertex 13.325 -23.0796 32
    endloop
  endfacet
  facet normal 0.528075 -0.849198 0
    outer loop
      vertex 14.8059 -22.1587 32
      vertex 13.325 -23.0796 0
      vertex 14.8059 -22.1587 0
    endloop
  endfacet
  facet normal 0.999464 0.0327422 0
    outer loop
      vertex 26.65 0 32
      vertex 26.5929 1.74299 0
      vertex 26.5929 1.74299 32
    endloop
  endfacet
  facet normal 0.999464 0.0327422 0
    outer loop
      vertex 26.5929 1.74299 0
      vertex 26.65 0 32
      vertex 26.65 0 0
    endloop
  endfacet
  facet normal 0.471406 0.881916 -0
    outer loop
      vertex 13.325 23.0796 0
      vertex 11.787 23.9017 32
      vertex 13.325 23.0796 32
    endloop
  endfacet
  facet normal 0.471406 0.881916 0
    outer loop
      vertex 11.787 23.9017 32
      vertex 13.325 23.0796 0
      vertex 11.787 23.9017 0
    endloop
  endfacet
  facet normal 0.471406 -0.881916 0
    outer loop
      vertex 11.787 -23.9017 0
      vertex 13.325 -23.0796 32
      vertex 11.787 -23.9017 32
    endloop
  endfacet
  facet normal 0.471406 -0.881916 0
    outer loop
      vertex 13.325 -23.0796 32
      vertex 11.787 -23.9017 0
      vertex 13.325 -23.0796 0
    endloop
  endfacet
  facet normal -0.999465 0.0327094 0
    outer loop
      vertex 20.6058 -1.35057 0
      vertex 20.65 0 32
      vertex 20.65 0 0
    endloop
  endfacet
  facet normal -0.999465 0.0327094 0
    outer loop
      vertex 20.65 0 32
      vertex 20.6058 -1.35057 0
      vertex 20.6058 -1.35057 32
    endloop
  endfacet
  facet normal -0.973885 0.227042 0
    outer loop
      vertex 19.9464 -5.34461 0
      vertex 20.2532 -4.02861 32
      vertex 20.2532 -4.02861 0
    endloop
  endfacet
  facet normal -0.973885 0.227042 0
    outer loop
      vertex 20.2532 -4.02861 32
      vertex 19.9464 -5.34461 0
      vertex 19.9464 -5.34461 32
    endloop
  endfacet
  facet normal -0.352253 -0.935905 0
    outer loop
      vertex 6.63772 19.5541 0
      vertex 7.90241 19.0781 32
      vertex 6.63772 19.5541 32
    endloop
  endfacet
  facet normal -0.352253 -0.935905 -0
    outer loop
      vertex 7.90241 19.0781 32
      vertex 6.63772 19.5541 0
      vertex 7.90241 19.0781 0
    endloop
  endfacet
  facet normal -0.0980536 0.995181 0
    outer loop
      vertex 2.69536 -20.4733 0
      vertex 1.35057 -20.6058 32
      vertex 2.69536 -20.4733 32
    endloop
  endfacet
  facet normal -0.0980536 0.995181 0
    outer loop
      vertex 1.35057 -20.6058 32
      vertex 2.69536 -20.4733 0
      vertex 1.35057 -20.6058 0
    endloop
  endfacet
  facet normal -0.72989 0.683564 0
    outer loop
      vertex 14.6018 -14.6018 0
      vertex 15.5255 -13.6155 32
      vertex 15.5255 -13.6155 0
    endloop
  endfacet
  facet normal -0.72989 0.683564 0
    outer loop
      vertex 15.5255 -13.6155 32
      vertex 14.6018 -14.6018 0
      vertex 14.6018 -14.6018 32
    endloop
  endfacet
  facet normal -0.471398 -0.881921 0
    outer loop
      vertex 9.13326 18.5204 0
      vertex 10.325 17.8834 32
      vertex 9.13326 18.5204 32
    endloop
  endfacet
  facet normal -0.471398 -0.881921 -0
    outer loop
      vertex 10.325 17.8834 32
      vertex 9.13326 18.5204 0
      vertex 10.325 17.8834 0
    endloop
  endfacet
  facet normal -0.0326759 -0.999466 0
    outer loop
      vertex 0.799999 20.6238 0
      vertex 1.35057 20.6058 32
      vertex 0.799999 20.6238 32
    endloop
  endfacet
  facet normal -0.0326759 -0.999466 -0
    outer loop
      vertex 1.35057 20.6058 32
      vertex 0.799999 20.6238 0
      vertex 1.35057 20.6058 0
    endloop
  endfacet
  facet normal -0.683564 -0.72989 0
    outer loop
      vertex 13.6155 15.5255 0
      vertex 14.6018 14.6018 32
      vertex 13.6155 15.5255 32
    endloop
  endfacet
  facet normal -0.683564 -0.72989 -0
    outer loop
      vertex 14.6018 14.6018 32
      vertex 13.6155 15.5255 0
      vertex 14.6018 14.6018 0
    endloop
  endfacet
  facet normal -0.986646 0.162881 0
    outer loop
      vertex 20.2532 -4.02861 0
      vertex 20.4733 -2.69536 32
      vertex 20.4733 -2.69536 0
    endloop
  endfacet
  facet normal -0.986646 0.162881 0
    outer loop
      vertex 20.4733 -2.69536 32
      vertex 20.2532 -4.02861 0
      vertex 20.2532 -4.02861 32
    endloop
  endfacet
  facet normal -0.582477 -0.812847 0
    outer loop
      vertex 11.4725 17.1698 0
      vertex 12.5709 16.3827 32
      vertex 11.4725 17.1698 32
    endloop
  endfacet
  facet normal -0.582477 -0.812847 -0
    outer loop
      vertex 12.5709 16.3827 32
      vertex 11.4725 17.1698 0
      vertex 12.5709 16.3827 0
    endloop
  endfacet
  facet normal -0.634357 -0.77304 0
    outer loop
      vertex 12.5709 16.3827 0
      vertex 13.6155 15.5255 32
      vertex 12.5709 16.3827 32
    endloop
  endfacet
  facet normal -0.634357 -0.77304 -0
    outer loop
      vertex 13.6155 15.5255 32
      vertex 12.5709 16.3827 0
      vertex 13.6155 15.5255 0
    endloop
  endfacet
  facet normal -0.683564 0.72989 0
    outer loop
      vertex 14.6018 -14.6018 0
      vertex 13.6155 -15.5255 32
      vertex 14.6018 -14.6018 32
    endloop
  endfacet
  facet normal -0.683564 0.72989 0
    outer loop
      vertex 13.6155 -15.5255 32
      vertex 14.6018 -14.6018 0
      vertex 13.6155 -15.5255 0
    endloop
  endfacet
  facet normal -0.881921 0.471398 0
    outer loop
      vertex 17.8834 -10.325 0
      vertex 18.5204 -9.13326 32
      vertex 18.5204 -9.13326 0
    endloop
  endfacet
  facet normal -0.881921 0.471398 0
    outer loop
      vertex 18.5204 -9.13326 32
      vertex 17.8834 -10.325 0
      vertex 17.8834 -10.325 32
    endloop
  endfacet
  facet normal -0.227042 -0.973885 0
    outer loop
      vertex 4.02861 20.2532 0
      vertex 5.34461 19.9464 32
      vertex 4.02861 20.2532 32
    endloop
  endfacet
  facet normal -0.227042 -0.973885 -0
    outer loop
      vertex 5.34461 19.9464 32
      vertex 4.02861 20.2532 0
      vertex 5.34461 19.9464 0
    endloop
  endfacet
  facet normal -0.956932 0.290311 0
    outer loop
      vertex 19.5541 -6.63772 0
      vertex 19.9464 -5.34461 32
      vertex 19.9464 -5.34461 0
    endloop
  endfacet
  facet normal -0.956932 0.290311 0
    outer loop
      vertex 19.9464 -5.34461 32
      vertex 19.5541 -6.63772 0
      vertex 19.5541 -6.63772 32
    endloop
  endfacet
  facet normal -0.290311 -0.956932 0
    outer loop
      vertex 5.34461 19.9464 0
      vertex 6.63772 19.5541 32
      vertex 5.34461 19.9464 32
    endloop
  endfacet
  facet normal -0.290311 -0.956932 -0
    outer loop
      vertex 6.63772 19.5541 32
      vertex 5.34461 19.9464 0
      vertex 6.63772 19.5541 0
    endloop
  endfacet
  facet normal -0.910861 0.412713 0
    outer loop
      vertex 18.5204 -9.13326 0
      vertex 19.0781 -7.90241 32
      vertex 19.0781 -7.90241 0
    endloop
  endfacet
  facet normal -0.910861 0.412713 0
    outer loop
      vertex 19.0781 -7.90241 32
      vertex 18.5204 -9.13326 0
      vertex 18.5204 -9.13326 32
    endloop
  endfacet
  facet normal -0.72989 -0.683564 0
    outer loop
      vertex 15.5255 13.6155 0
      vertex 14.6018 14.6018 32
      vertex 14.6018 14.6018 0
    endloop
  endfacet
  facet normal -0.72989 -0.683564 0
    outer loop
      vertex 14.6018 14.6018 32
      vertex 15.5255 13.6155 0
      vertex 15.5255 13.6155 32
    endloop
  endfacet
  facet normal -0.77304 0.634357 0
    outer loop
      vertex 15.5255 -13.6155 0
      vertex 16.3827 -12.5709 32
      vertex 16.3827 -12.5709 0
    endloop
  endfacet
  facet normal -0.77304 0.634357 0
    outer loop
      vertex 16.3827 -12.5709 32
      vertex 15.5255 -13.6155 0
      vertex 15.5255 -13.6155 32
    endloop
  endfacet
  facet normal -0.0326759 0.999466 0
    outer loop
      vertex 1.35057 -20.6058 0
      vertex 0.799999 -20.6238 32
      vertex 1.35057 -20.6058 32
    endloop
  endfacet
  facet normal -0.0326759 0.999466 0
    outer loop
      vertex 0.799999 -20.6238 32
      vertex 1.35057 -20.6058 0
      vertex 0.799999 -20.6238 0
    endloop
  endfacet
  facet normal -0.973885 -0.227042 0
    outer loop
      vertex 20.2532 4.02861 0
      vertex 19.9464 5.34461 32
      vertex 19.9464 5.34461 0
    endloop
  endfacet
  facet normal -0.973885 -0.227042 0
    outer loop
      vertex 19.9464 5.34461 32
      vertex 20.2532 4.02861 0
      vertex 20.2532 4.02861 32
    endloop
  endfacet
  facet normal -0.290311 0.956932 0
    outer loop
      vertex 6.63772 -19.5541 0
      vertex 5.34461 -19.9464 32
      vertex 6.63772 -19.5541 32
    endloop
  endfacet
  facet normal -0.290311 0.956932 0
    outer loop
      vertex 5.34461 -19.9464 32
      vertex 6.63772 -19.5541 0
      vertex 5.34461 -19.9464 0
    endloop
  endfacet
  facet normal -0.412713 -0.910861 0
    outer loop
      vertex 7.90241 19.0781 0
      vertex 9.13326 18.5204 32
      vertex 7.90241 19.0781 32
    endloop
  endfacet
  facet normal -0.412713 -0.910861 -0
    outer loop
      vertex 9.13326 18.5204 32
      vertex 7.90241 19.0781 0
      vertex 9.13326 18.5204 0
    endloop
  endfacet
  facet normal -0.471398 0.881921 0
    outer loop
      vertex 10.325 -17.8834 0
      vertex 9.13326 -18.5204 32
      vertex 10.325 -17.8834 32
    endloop
  endfacet
  facet normal -0.471398 0.881921 0
    outer loop
      vertex 9.13326 -18.5204 32
      vertex 10.325 -17.8834 0
      vertex 9.13326 -18.5204 0
    endloop
  endfacet
  facet normal -0.162881 -0.986646 0
    outer loop
      vertex 2.69536 20.4733 0
      vertex 4.02861 20.2532 32
      vertex 2.69536 20.4733 32
    endloop
  endfacet
  facet normal -0.162881 -0.986646 -0
    outer loop
      vertex 4.02861 20.2532 32
      vertex 2.69536 20.4733 0
      vertex 4.02861 20.2532 0
    endloop
  endfacet
  facet normal -0.227042 0.973885 0
    outer loop
      vertex 5.34461 -19.9464 0
      vertex 4.02861 -20.2532 32
      vertex 5.34461 -19.9464 32
    endloop
  endfacet
  facet normal -0.227042 0.973885 0
    outer loop
      vertex 4.02861 -20.2532 32
      vertex 5.34461 -19.9464 0
      vertex 4.02861 -20.2532 0
    endloop
  endfacet
  facet normal -0.812847 -0.582477 0
    outer loop
      vertex 17.1698 11.4725 0
      vertex 16.3827 12.5709 32
      vertex 16.3827 12.5709 0
    endloop
  endfacet
  facet normal -0.812847 -0.582477 0
    outer loop
      vertex 16.3827 12.5709 32
      vertex 17.1698 11.4725 0
      vertex 17.1698 11.4725 32
    endloop
  endfacet
  facet normal -0.528088 -0.849189 0
    outer loop
      vertex 10.325 17.8834 0
      vertex 11.4725 17.1698 32
      vertex 10.325 17.8834 32
    endloop
  endfacet
  facet normal -0.528088 -0.849189 -0
    outer loop
      vertex 11.4725 17.1698 32
      vertex 10.325 17.8834 0
      vertex 11.4725 17.1698 0
    endloop
  endfacet
  facet normal -0.881921 -0.471398 0
    outer loop
      vertex 18.5204 9.13326 0
      vertex 17.8834 10.325 32
      vertex 17.8834 10.325 0
    endloop
  endfacet
  facet normal -0.881921 -0.471398 0
    outer loop
      vertex 17.8834 10.325 32
      vertex 18.5204 9.13326 0
      vertex 18.5204 9.13326 32
    endloop
  endfacet
  facet normal -0.634357 0.77304 0
    outer loop
      vertex 13.6155 -15.5255 0
      vertex 12.5709 -16.3827 32
      vertex 13.6155 -15.5255 32
    endloop
  endfacet
  facet normal -0.634357 0.77304 0
    outer loop
      vertex 12.5709 -16.3827 32
      vertex 13.6155 -15.5255 0
      vertex 12.5709 -16.3827 0
    endloop
  endfacet
  facet normal -0.935905 0.352253 0
    outer loop
      vertex 19.0781 -7.90241 0
      vertex 19.5541 -6.63772 32
      vertex 19.5541 -6.63772 0
    endloop
  endfacet
  facet normal -0.935905 0.352253 0
    outer loop
      vertex 19.5541 -6.63772 32
      vertex 19.0781 -7.90241 0
      vertex 19.0781 -7.90241 32
    endloop
  endfacet
  facet normal -0.582477 0.812847 0
    outer loop
      vertex 12.5709 -16.3827 0
      vertex 11.4725 -17.1698 32
      vertex 12.5709 -16.3827 32
    endloop
  endfacet
  facet normal -0.582477 0.812847 0
    outer loop
      vertex 11.4725 -17.1698 32
      vertex 12.5709 -16.3827 0
      vertex 11.4725 -17.1698 0
    endloop
  endfacet
  facet normal -0.849189 0.528088 0
    outer loop
      vertex 17.1698 -11.4725 0
      vertex 17.8834 -10.325 32
      vertex 17.8834 -10.325 0
    endloop
  endfacet
  facet normal -0.849189 0.528088 0
    outer loop
      vertex 17.8834 -10.325 32
      vertex 17.1698 -11.4725 0
      vertex 17.1698 -11.4725 32
    endloop
  endfacet
  facet normal -0.352253 0.935905 0
    outer loop
      vertex 7.90241 -19.0781 0
      vertex 6.63772 -19.5541 32
      vertex 7.90241 -19.0781 32
    endloop
  endfacet
  facet normal -0.352253 0.935905 0
    outer loop
      vertex 6.63772 -19.5541 32
      vertex 7.90241 -19.0781 0
      vertex 6.63772 -19.5541 0
    endloop
  endfacet
  facet normal -0.849189 -0.528088 0
    outer loop
      vertex 17.8834 10.325 0
      vertex 17.1698 11.4725 32
      vertex 17.1698 11.4725 0
    endloop
  endfacet
  facet normal -0.849189 -0.528088 0
    outer loop
      vertex 17.1698 11.4725 32
      vertex 17.8834 10.325 0
      vertex 17.8834 10.325 32
    endloop
  endfacet
  facet normal -0.935905 -0.352253 0
    outer loop
      vertex 19.5541 6.63772 0
      vertex 19.0781 7.90241 32
      vertex 19.0781 7.90241 0
    endloop
  endfacet
  facet normal -0.935905 -0.352253 0
    outer loop
      vertex 19.0781 7.90241 32
      vertex 19.5541 6.63772 0
      vertex 19.5541 6.63772 32
    endloop
  endfacet
  facet normal -0.995181 -0.0980536 0
    outer loop
      vertex 20.6058 1.35057 0
      vertex 20.4733 2.69536 32
      vertex 20.4733 2.69536 0
    endloop
  endfacet
  facet normal -0.995181 -0.0980536 0
    outer loop
      vertex 20.4733 2.69536 32
      vertex 20.6058 1.35057 0
      vertex 20.6058 1.35057 32
    endloop
  endfacet
  facet normal -0.986646 -0.162881 0
    outer loop
      vertex 20.4733 2.69536 0
      vertex 20.2532 4.02861 32
      vertex 20.2532 4.02861 0
    endloop
  endfacet
  facet normal -0.986646 -0.162881 0
    outer loop
      vertex 20.2532 4.02861 32
      vertex 20.4733 2.69536 0
      vertex 20.4733 2.69536 32
    endloop
  endfacet
  facet normal -0.956932 -0.290311 0
    outer loop
      vertex 19.9464 5.34461 0
      vertex 19.5541 6.63772 32
      vertex 19.5541 6.63772 0
    endloop
  endfacet
  facet normal -0.956932 -0.290311 0
    outer loop
      vertex 19.5541 6.63772 32
      vertex 19.9464 5.34461 0
      vertex 19.9464 5.34461 32
    endloop
  endfacet
  facet normal -0.0980536 -0.995181 0
    outer loop
      vertex 1.35057 20.6058 0
      vertex 2.69536 20.4733 32
      vertex 1.35057 20.6058 32
    endloop
  endfacet
  facet normal -0.0980536 -0.995181 -0
    outer loop
      vertex 2.69536 20.4733 32
      vertex 1.35057 20.6058 0
      vertex 2.69536 20.4733 0
    endloop
  endfacet
  facet normal -0.910861 -0.412713 0
    outer loop
      vertex 19.0781 7.90241 0
      vertex 18.5204 9.13326 32
      vertex 18.5204 9.13326 0
    endloop
  endfacet
  facet normal -0.910861 -0.412713 0
    outer loop
      vertex 18.5204 9.13326 32
      vertex 19.0781 7.90241 0
      vertex 19.0781 7.90241 32
    endloop
  endfacet
  facet normal -0.528088 0.849189 0
    outer loop
      vertex 11.4725 -17.1698 0
      vertex 10.325 -17.8834 32
      vertex 11.4725 -17.1698 32
    endloop
  endfacet
  facet normal -0.528088 0.849189 0
    outer loop
      vertex 10.325 -17.8834 32
      vertex 11.4725 -17.1698 0
      vertex 10.325 -17.8834 0
    endloop
  endfacet
  facet normal -0.162881 0.986646 0
    outer loop
      vertex 4.02861 -20.2532 0
      vertex 2.69536 -20.4733 32
      vertex 4.02861 -20.2532 32
    endloop
  endfacet
  facet normal -0.162881 0.986646 0
    outer loop
      vertex 2.69536 -20.4733 32
      vertex 4.02861 -20.2532 0
      vertex 2.69536 -20.4733 0
    endloop
  endfacet
  facet normal -0.995181 0.0980536 0
    outer loop
      vertex 20.4733 -2.69536 0
      vertex 20.6058 -1.35057 32
      vertex 20.6058 -1.35057 0
    endloop
  endfacet
  facet normal -0.995181 0.0980536 0
    outer loop
      vertex 20.6058 -1.35057 32
      vertex 20.4733 -2.69536 0
      vertex 20.4733 -2.69536 32
    endloop
  endfacet
  facet normal -0.812847 0.582477 0
    outer loop
      vertex 16.3827 -12.5709 0
      vertex 17.1698 -11.4725 32
      vertex 17.1698 -11.4725 0
    endloop
  endfacet
  facet normal -0.812847 0.582477 0
    outer loop
      vertex 17.1698 -11.4725 32
      vertex 16.3827 -12.5709 0
      vertex 16.3827 -12.5709 32
    endloop
  endfacet
  facet normal -0.412713 0.910861 0
    outer loop
      vertex 9.13326 -18.5204 0
      vertex 7.90241 -19.0781 32
      vertex 9.13326 -18.5204 32
    endloop
  endfacet
  facet normal -0.412713 0.910861 0
    outer loop
      vertex 7.90241 -19.0781 32
      vertex 9.13326 -18.5204 0
      vertex 7.90241 -19.0781 0
    endloop
  endfacet
  facet normal -0.999465 -0.0327094 0
    outer loop
      vertex 20.65 0 0
      vertex 20.6058 1.35057 32
      vertex 20.6058 1.35057 0
    endloop
  endfacet
  facet normal -0.999465 -0.0327094 0
    outer loop
      vertex 20.6058 1.35057 32
      vertex 20.65 0 0
      vertex 20.65 0 32
    endloop
  endfacet
  facet normal -0.77304 -0.634357 0
    outer loop
      vertex 16.3827 12.5709 0
      vertex 15.5255 13.6155 32
      vertex 15.5255 13.6155 0
    endloop
  endfacet
  facet normal -0.77304 -0.634357 0
    outer loop
      vertex 15.5255 13.6155 32
      vertex 16.3827 12.5709 0
      vertex 16.3827 12.5709 32
    endloop
  endfacet
  facet normal -1 0 0
    outer loop
      vertex 0.799999 26.6238 0
      vertex 0.799999 24.65 10
      vertex 0.799999 26.6238 10
    endloop
  endfacet
  facet normal -1 -0 0
    outer loop
      vertex 0.799999 24.65 10
      vertex 0.799999 20.6238 0
      vertex 0.799999 24.65 22
    endloop
  endfacet
  facet normal -1 0 0
    outer loop
      vertex 0.799999 20.6238 0
      vertex 0.799999 24.65 10
      vertex 0.799999 26.6238 0
    endloop
  endfacet
  facet normal -1 0 0
    outer loop
      vertex 0.799999 24.65 22
      vertex 0.799999 26.6238 32
      vertex 0.799999 26.6238 22
    endloop
  endfacet
  facet normal -1 0 0
    outer loop
      vertex 0.799999 24.65 22
      vertex 0.799999 20.6238 32
      vertex 0.799999 26.6238 32
    endloop
  endfacet
  facet normal -1 0 0
    outer loop
      vertex 0.799999 20.6238 32
      vertex 0.799999 24.65 22
      vertex 0.799999 20.6238 0
    endloop
  endfacet
  facet normal -1 0 0
    outer loop
      vertex 0.799999 -26.6238 0
      vertex 0.799999 -20.6238 32
      vertex 0.799999 -20.6238 0
    endloop
  endfacet
  facet normal -1 -0 0
    outer loop
      vertex 0.799999 -20.6238 32
      vertex 0.799999 -26.6238 0
      vertex 0.799999 -26.6238 32
    endloop
  endfacet
  facet normal -0.634338 0.773056 0
    outer loop
      vertex -3.95695 39.8068 10
      vertex -4.28575 39.537 22
      vertex -3.95695 39.8068 22
    endloop
  endfacet
  facet normal -0.634338 0.773056 0
    outer loop
      vertex -4.28575 39.537 22
      vertex -3.95695 39.8068 10
      vertex -4.28575 39.537 10
    endloop
  endfacet
  facet normal -0.956955 -0.290236 0
    outer loop
      vertex -6.15505 32.5606 10
      vertex -6.27852 32.9677 22
      vertex -6.27852 32.9677 10
    endloop
  endfacet
  facet normal -0.956955 -0.290236 0
    outer loop
      vertex -6.27852 32.9677 22
      vertex -6.15505 32.5606 10
      vertex -6.15505 32.5606 22
    endloop
  endfacet
  facet normal -0.22711 0.973869 0
    outer loop
      vertex -1.26809 41.0251 10
      vertex -1.68232 40.9285 22
      vertex -1.26809 41.0251 22
    endloop
  endfacet
  facet normal -0.22711 0.973869 0
    outer loop
      vertex -1.68232 40.9285 22
      vertex -1.26809 41.0251 10
      vertex -1.68232 40.9285 10
    endloop
  endfacet
  facet normal -0.471386 0.881927 0
    outer loop
      vertex -2.87488 40.4797 10
      vertex -3.25 40.2792 22
      vertex -2.87488 40.4797 22
    endloop
  endfacet
  facet normal -0.471386 0.881927 0
    outer loop
      vertex -3.25 40.2792 22
      vertex -2.87488 40.4797 10
      vertex -3.25 40.2792 10
    endloop
  endfacet
  facet normal -0.0326793 0.999466 0
    outer loop
      vertex 0 41.15 10
      vertex -0.425119 41.1361 22
      vertex 0 41.15 22
    endloop
  endfacet
  facet normal -0.0326793 0.999466 0
    outer loop
      vertex -0.425119 41.1361 22
      vertex 0 41.15 10
      vertex -0.425119 41.1361 10
    endloop
  endfacet
  facet normal -0.999464 0.0327277 0
    outer loop
      vertex -6.5 34.65 10
      vertex -6.48608 35.0751 22
      vertex -6.48608 35.0751 10
    endloop
  endfacet
  facet normal -0.999464 0.0327277 0
    outer loop
      vertex -6.48608 35.0751 22
      vertex -6.5 34.65 10
      vertex -6.5 34.65 22
    endloop
  endfacet
  facet normal -0.995185 -0.0980139 0
    outer loop
      vertex -6.44439 33.8016 10
      vertex -6.48608 34.2249 22
      vertex -6.48608 34.2249 10
    endloop
  endfacet
  facet normal -0.995185 -0.0980139 0
    outer loop
      vertex -6.48608 34.2249 22
      vertex -6.44439 33.8016 10
      vertex -6.44439 33.8016 22
    endloop
  endfacet
  facet normal -0.77301 -0.634394 0
    outer loop
      vertex -4.88696 30.3643 10
      vertex -5.1568 30.6931 22
      vertex -5.1568 30.6931 10
    endloop
  endfacet
  facet normal -0.77301 -0.634394 0
    outer loop
      vertex -5.1568 30.6931 22
      vertex -4.88696 30.3643 10
      vertex -4.88696 30.3643 22
    endloop
  endfacet
  facet normal 0.93588 0.352319 0
    outer loop
      vertex 6.15505 36.7394 22
      vertex 6.00522 37.1374 10
      vertex 6.00522 37.1374 22
    endloop
  endfacet
  facet normal 0.93588 0.352319 0
    outer loop
      vertex 6.00522 37.1374 10
      vertex 6.15505 36.7394 22
      vertex 6.15505 36.7394 10
    endloop
  endfacet
  facet normal 0 0 1
    outer loop
      vertex -0.21583 31.3571 22
      vertex 0 28.15 22
      vertex 0 31.35 22
    endloop
  endfacet
  facet normal 0 0 1
    outer loop
      vertex -0.21583 31.3571 22
      vertex -0.425119 28.1639 22
      vertex 0 28.15 22
    endloop
  endfacet
  facet normal 0 0 1
    outer loop
      vertex -0.430736 31.3782 22
      vertex -0.425119 28.1639 22
      vertex -0.21583 31.3571 22
    endloop
  endfacet
  facet normal 0 0 1
    outer loop
      vertex -0.84842 28.2056 22
      vertex -0.430736 31.3782 22
      vertex -0.643798 31.4134 22
    endloop
  endfacet
  facet normal 0 0 1
    outer loop
      vertex -0.430736 31.3782 22
      vertex -0.84842 28.2056 22
      vertex -0.425119 28.1639 22
    endloop
  endfacet
  facet normal 0 0 1
    outer loop
      vertex -1.26809 28.2749 22
      vertex -0.643798 31.4134 22
      vertex -0.854102 31.4624 22
    endloop
  endfacet
  facet normal 0 0 1
    outer loop
      vertex -1.68232 28.3715 22
      vertex -0.854102 31.4624 22
      vertex -1.06075 31.5251 22
    endloop
  endfacet
  facet normal 0 0 1
    outer loop
      vertex -2.08936 28.495 22
      vertex -1.06075 31.5251 22
      vertex -1.26285 31.6012 22
    endloop
  endfacet
  facet normal 0 0 1
    outer loop
      vertex -0.643798 31.4134 22
      vertex -1.26809 28.2749 22
      vertex -0.84842 28.2056 22
    endloop
  endfacet
  facet normal 0 0 1
    outer loop
      vertex -2.48744 28.6448 22
      vertex -1.26285 31.6012 22
      vertex -1.45955 31.6903 22
    endloop
  endfacet
  facet normal 0 0 1
    outer loop
      vertex -2.87488 28.8203 22
      vertex -1.45955 31.6903 22
      vertex -1.65 31.7921 22
    endloop
  endfacet
  facet normal 0 0 1
    outer loop
      vertex -0.854102 31.4624 22
      vertex -1.68232 28.3715 22
      vertex -1.26809 28.2749 22
    endloop
  endfacet
  facet normal 0 0 1
    outer loop
      vertex -3.25 29.0208 22
      vertex -1.65 31.7921 22
      vertex -1.83338 31.9062 22
    endloop
  endfacet
  facet normal 0 0 1
    outer loop
      vertex -3.61121 29.2454 22
      vertex -1.83338 31.9062 22
      vertex -2.00891 32.0319 22
    endloop
  endfacet
  facet normal 0 0 1
    outer loop
      vertex -1.06075 31.5251 22
      vertex -2.08936 28.495 22
      vertex -1.68232 28.3715 22
    endloop
  endfacet
  facet normal 0 0 1
    outer loop
      vertex -3.95695 29.4932 22
      vertex -2.00891 32.0319 22
      vertex -2.17584 32.1689 22
    endloop
  endfacet
  facet normal 0 0 1
    outer loop
      vertex -4.28575 29.763 22
      vertex -2.17584 32.1689 22
      vertex -2.33345 32.3165 22
    endloop
  endfacet
  facet normal 0 0 1
    outer loop
      vertex -4.59619 30.0538 22
      vertex -2.33345 32.3165 22
      vertex -2.48107 32.4742 22
    endloop
  endfacet
  facet normal 0 0 1
    outer loop
      vertex -1.26285 31.6012 22
      vertex -2.48744 28.6448 22
      vertex -2.08936 28.495 22
    endloop
  endfacet
  facet normal 0 0 1
    outer loop
      vertex -4.88696 30.3643 22
      vertex -2.48107 32.4742 22
      vertex -2.61807 32.6411 22
    endloop
  endfacet
  facet normal 0 0 1
    outer loop
      vertex -5.1568 30.6931 22
      vertex -2.61807 32.6411 22
      vertex -2.74385 32.8166 22
    endloop
  endfacet
  facet normal 0 0 1
    outer loop
      vertex -5.40455 31.0388 22
      vertex -2.74385 32.8166 22
      vertex -2.85788 33 22
    endloop
  endfacet
  facet normal 0 0 1
    outer loop
      vertex -1.45955 31.6903 22
      vertex -2.87488 28.8203 22
      vertex -2.48744 28.6448 22
    endloop
  endfacet
  facet normal 0 0 1
    outer loop
      vertex -5.62916 31.4 22
      vertex -2.85788 33 22
      vertex -2.95968 33.1904 22
    endloop
  endfacet
  facet normal 0 0 1
    outer loop
      vertex -5.82967 31.7751 22
      vertex -2.95968 33.1904 22
      vertex -3.0488 33.3871 22
    endloop
  endfacet
  facet normal 0 0 1
    outer loop
      vertex -6.00522 32.1626 22
      vertex -3.0488 33.3871 22
      vertex -3.12487 33.5892 22
    endloop
  endfacet
  facet normal 0 0 1
    outer loop
      vertex -6.15505 32.5606 22
      vertex -3.12487 33.5892 22
      vertex -3.18755 33.7959 22
    endloop
  endfacet
  facet normal 0 0 1
    outer loop
      vertex -6.27852 32.9677 22
      vertex -3.18755 33.7959 22
      vertex -3.23659 34.0062 22
    endloop
  endfacet
  facet normal 0 0 1
    outer loop
      vertex -1.65 31.7921 22
      vertex -3.25 29.0208 22
      vertex -2.87488 28.8203 22
    endloop
  endfacet
  facet normal 0 0 1
    outer loop
      vertex -6.3751 33.3819 22
      vertex -3.23659 34.0062 22
      vertex -3.27177 34.2193 22
    endloop
  endfacet
  facet normal 0 0 1
    outer loop
      vertex -6.44439 33.8016 22
      vertex -3.27177 34.2193 22
      vertex -3.29293 34.4342 22
    endloop
  endfacet
  facet normal 0 0 1
    outer loop
      vertex -6.48608 34.2249 22
      vertex -3.29293 34.4342 22
      vertex -3.3 34.65 22
    endloop
  endfacet
  facet normal -0 0 1
    outer loop
      vertex -5.82967 37.5249 22
      vertex -2.95968 36.1096 22
      vertex -5.62916 37.9 22
    endloop
  endfacet
  facet normal 0 0 1
    outer loop
      vertex -1.83338 31.9062 22
      vertex -3.61121 29.2454 22
      vertex -3.25 29.0208 22
    endloop
  endfacet
  facet normal 0 0 1
    outer loop
      vertex -2.95968 36.1096 22
      vertex -5.82967 37.5249 22
      vertex -3.0488 35.9129 22
    endloop
  endfacet
  facet normal 0 0 1
    outer loop
      vertex -2.00891 32.0319 22
      vertex -3.95695 29.4932 22
      vertex -3.61121 29.2454 22
    endloop
  endfacet
  facet normal -0 0 1
    outer loop
      vertex -6.00522 37.1374 22
      vertex -3.0488 35.9129 22
      vertex -5.82967 37.5249 22
    endloop
  endfacet
  facet normal 0 0 1
    outer loop
      vertex -2.17584 32.1689 22
      vertex -4.28575 29.763 22
      vertex -3.95695 29.4932 22
    endloop
  endfacet
  facet normal 0 0 1
    outer loop
      vertex -3.0488 35.9129 22
      vertex -6.00522 37.1374 22
      vertex -3.12487 35.7108 22
    endloop
  endfacet
  facet normal 0 0 1
    outer loop
      vertex -2.33345 32.3165 22
      vertex -4.59619 30.0538 22
      vertex -4.28575 29.763 22
    endloop
  endfacet
  facet normal -0 0 1
    outer loop
      vertex -6.15505 36.7394 22
      vertex -3.12487 35.7108 22
      vertex -6.00522 37.1374 22
    endloop
  endfacet
  facet normal 0 0 1
    outer loop
      vertex -2.48107 32.4742 22
      vertex -4.88696 30.3643 22
      vertex -4.59619 30.0538 22
    endloop
  endfacet
  facet normal 0 0 1
    outer loop
      vertex -3.12487 35.7108 22
      vertex -6.15505 36.7394 22
      vertex -3.18755 35.5041 22
    endloop
  endfacet
  facet normal 0 0 1
    outer loop
      vertex -2.61807 32.6411 22
      vertex -5.1568 30.6931 22
      vertex -4.88696 30.3643 22
    endloop
  endfacet
  facet normal -0 0 1
    outer loop
      vertex -6.27852 36.3323 22
      vertex -3.18755 35.5041 22
      vertex -6.15505 36.7394 22
    endloop
  endfacet
  facet normal 0 0 1
    outer loop
      vertex -2.74385 32.8166 22
      vertex -5.40455 31.0388 22
      vertex -5.1568 30.6931 22
    endloop
  endfacet
  facet normal 0 0 1
    outer loop
      vertex -3.18755 35.5041 22
      vertex -6.27852 36.3323 22
      vertex -3.23659 35.2938 22
    endloop
  endfacet
  facet normal 0 0 1
    outer loop
      vertex -2.85788 33 22
      vertex -5.62916 31.4 22
      vertex -5.40455 31.0388 22
    endloop
  endfacet
  facet normal -0 0 1
    outer loop
      vertex -6.3751 35.9181 22
      vertex -3.23659 35.2938 22
      vertex -6.27852 36.3323 22
    endloop
  endfacet
  facet normal 0 0 1
    outer loop
      vertex -2.95968 33.1904 22
      vertex -5.82967 31.7751 22
      vertex -5.62916 31.4 22
    endloop
  endfacet
  facet normal 0 0 1
    outer loop
      vertex -3.23659 35.2938 22
      vertex -6.3751 35.9181 22
      vertex -3.27177 35.0807 22
    endloop
  endfacet
  facet normal 0 0 1
    outer loop
      vertex -3.0488 33.3871 22
      vertex -6.00522 32.1626 22
      vertex -5.82967 31.7751 22
    endloop
  endfacet
  facet normal -0 0 1
    outer loop
      vertex -6.44439 35.4984 22
      vertex -3.27177 35.0807 22
      vertex -6.3751 35.9181 22
    endloop
  endfacet
  facet normal 0 0 1
    outer loop
      vertex -3.12487 33.5892 22
      vertex -6.15505 32.5606 22
      vertex -6.00522 32.1626 22
    endloop
  endfacet
  facet normal 0 0 1
    outer loop
      vertex -3.27177 35.0807 22
      vertex -6.44439 35.4984 22
      vertex -3.29293 34.8658 22
    endloop
  endfacet
  facet normal 0 0 1
    outer loop
      vertex -3.18755 33.7959 22
      vertex -6.27852 32.9677 22
      vertex -6.15505 32.5606 22
    endloop
  endfacet
  facet normal -0 0 1
    outer loop
      vertex -6.48608 35.0751 22
      vertex -3.29293 34.8658 22
      vertex -6.44439 35.4984 22
    endloop
  endfacet
  facet normal 0 0 1
    outer loop
      vertex -3.23659 34.0062 22
      vertex -6.3751 33.3819 22
      vertex -6.27852 32.9677 22
    endloop
  endfacet
  facet normal 0 0 1
    outer loop
      vertex -3.29293 34.8658 22
      vertex -6.48608 35.0751 22
      vertex -3.3 34.65 22
    endloop
  endfacet
  facet normal 0 0 1
    outer loop
      vertex -3.27177 34.2193 22
      vertex -6.44439 33.8016 22
      vertex -6.3751 33.3819 22
    endloop
  endfacet
  facet normal 0 0 1
    outer loop
      vertex -6.5 34.65 22
      vertex -3.3 34.65 22
      vertex -6.48608 35.0751 22
    endloop
  endfacet
  facet normal 0 0 1
    outer loop
      vertex -3.29293 34.4342 22
      vertex -6.48608 34.2249 22
      vertex -6.44439 33.8016 22
    endloop
  endfacet
  facet normal 0 0 1
    outer loop
      vertex -3.3 34.65 22
      vertex -6.5 34.65 22
      vertex -6.48608 34.2249 22
    endloop
  endfacet
  facet normal 0 0 1
    outer loop
      vertex 3.3 34.65 22
      vertex 6.5 34.65 22
      vertex 6.48608 35.0751 22
    endloop
  endfacet
  facet normal 0 0 1
    outer loop
      vertex 3.29293 34.8658 22
      vertex 6.48608 35.0751 22
      vertex 6.44439 35.4984 22
    endloop
  endfacet
  facet normal 0 0 1
    outer loop
      vertex 3.27177 35.0807 22
      vertex 6.44439 35.4984 22
      vertex 6.3751 35.9181 22
    endloop
  endfacet
  facet normal 0 0 1
    outer loop
      vertex 3.23659 35.2938 22
      vertex 6.3751 35.9181 22
      vertex 6.27852 36.3323 22
    endloop
  endfacet
  facet normal 0 0 1
    outer loop
      vertex 3.18755 35.5041 22
      vertex 6.27852 36.3323 22
      vertex 6.15505 36.7394 22
    endloop
  endfacet
  facet normal 0 0 1
    outer loop
      vertex 3.12487 35.7108 22
      vertex 6.15505 36.7394 22
      vertex 6.00522 37.1374 22
    endloop
  endfacet
  facet normal 0 0 1
    outer loop
      vertex 3.0488 35.9129 22
      vertex 6.00522 37.1374 22
      vertex 5.82967 37.5249 22
    endloop
  endfacet
  facet normal 0 0 1
    outer loop
      vertex 2.95968 36.1096 22
      vertex 5.82967 37.5249 22
      vertex 5.62916 37.9 22
    endloop
  endfacet
  facet normal 0 0 1
    outer loop
      vertex 2.85788 36.3 22
      vertex 5.62916 37.9 22
      vertex 5.40455 38.2612 22
    endloop
  endfacet
  facet normal 0 0 1
    outer loop
      vertex 6.5 34.65 22
      vertex 3.23659 34.0062 22
      vertex 3.18755 33.7959 22
    endloop
  endfacet
  facet normal 0 0 1
    outer loop
      vertex 2.74385 36.4834 22
      vertex 5.40455 38.2612 22
      vertex 5.1568 38.6069 22
    endloop
  endfacet
  facet normal 0 0 1
    outer loop
      vertex 2.61807 36.6589 22
      vertex 5.1568 38.6069 22
      vertex 4.88696 38.9357 22
    endloop
  endfacet
  facet normal 0 0 1
    outer loop
      vertex 2.48107 36.8258 22
      vertex 4.88696 38.9357 22
      vertex 4.59619 39.2462 22
    endloop
  endfacet
  facet normal 0 0 1
    outer loop
      vertex 2.33345 36.9835 22
      vertex 4.59619 39.2462 22
      vertex 4.28575 39.537 22
    endloop
  endfacet
  facet normal 0 0 1
    outer loop
      vertex 2.17584 37.1311 22
      vertex 4.28575 39.537 22
      vertex 3.95695 39.8068 22
    endloop
  endfacet
  facet normal 0 0 1
    outer loop
      vertex 2.00891 37.2681 22
      vertex 3.95695 39.8068 22
      vertex 3.61121 40.0546 22
    endloop
  endfacet
  facet normal 0 0 1
    outer loop
      vertex 6.48608 35.0751 22
      vertex 3.29293 34.8658 22
      vertex 3.3 34.65 22
    endloop
  endfacet
  facet normal 0 0 1
    outer loop
      vertex 6.5 34.65 22
      vertex 3.29293 34.4342 22
      vertex 3.27177 34.2193 22
    endloop
  endfacet
  facet normal 0 0 1
    outer loop
      vertex 6.5 34.65 22
      vertex 3.3 34.65 22
      vertex 3.29293 34.4342 22
    endloop
  endfacet
  facet normal 0 0 1
    outer loop
      vertex 6.44439 35.4984 22
      vertex 3.27177 35.0807 22
      vertex 3.29293 34.8658 22
    endloop
  endfacet
  facet normal 0 0 1
    outer loop
      vertex 1.83338 37.3938 22
      vertex 3.61121 40.0546 22
      vertex 3.25 40.2792 22
    endloop
  endfacet
  facet normal 0 0 1
    outer loop
      vertex 6.3751 35.9181 22
      vertex 3.23659 35.2938 22
      vertex 3.27177 35.0807 22
    endloop
  endfacet
  facet normal 0 0 1
    outer loop
      vertex 6.27852 36.3323 22
      vertex 3.18755 35.5041 22
      vertex 3.23659 35.2938 22
    endloop
  endfacet
  facet normal 0 0 1
    outer loop
      vertex 6.15505 36.7394 22
      vertex 3.12487 35.7108 22
      vertex 3.18755 35.5041 22
    endloop
  endfacet
  facet normal 0 0 1
    outer loop
      vertex 6.00522 37.1374 22
      vertex 3.0488 35.9129 22
      vertex 3.12487 35.7108 22
    endloop
  endfacet
  facet normal 0 0 1
    outer loop
      vertex 5.82967 37.5249 22
      vertex 2.95968 36.1096 22
      vertex 3.0488 35.9129 22
    endloop
  endfacet
  facet normal 0 0 1
    outer loop
      vertex 1.65 37.5079 22
      vertex 3.25 40.2792 22
      vertex 2.87488 40.4797 22
    endloop
  endfacet
  facet normal 0 0 1
    outer loop
      vertex 5.62916 37.9 22
      vertex 2.85788 36.3 22
      vertex 2.95968 36.1096 22
    endloop
  endfacet
  facet normal 0 0 1
    outer loop
      vertex 5.40455 38.2612 22
      vertex 2.74385 36.4834 22
      vertex 2.85788 36.3 22
    endloop
  endfacet
  facet normal 0 0 1
    outer loop
      vertex 5.1568 38.6069 22
      vertex 2.61807 36.6589 22
      vertex 2.74385 36.4834 22
    endloop
  endfacet
  facet normal 0 0 1
    outer loop
      vertex 1.45955 37.6097 22
      vertex 2.87488 40.4797 22
      vertex 2.48744 40.6552 22
    endloop
  endfacet
  facet normal 0 0 1
    outer loop
      vertex 4.88696 38.9357 22
      vertex 2.48107 36.8258 22
      vertex 2.61807 36.6589 22
    endloop
  endfacet
  facet normal 0 0 1
    outer loop
      vertex 4.59619 39.2462 22
      vertex 2.33345 36.9835 22
      vertex 2.48107 36.8258 22
    endloop
  endfacet
  facet normal 0 0 1
    outer loop
      vertex 4.28575 39.537 22
      vertex 2.17584 37.1311 22
      vertex 2.33345 36.9835 22
    endloop
  endfacet
  facet normal 0 0 1
    outer loop
      vertex 1.26285 37.6988 22
      vertex 2.48744 40.6552 22
      vertex 2.08936 40.805 22
    endloop
  endfacet
  facet normal 0 0 1
    outer loop
      vertex 3.95695 39.8068 22
      vertex 2.00891 37.2681 22
      vertex 2.17584 37.1311 22
    endloop
  endfacet
  facet normal 0 0 1
    outer loop
      vertex 3.61121 40.0546 22
      vertex 1.83338 37.3938 22
      vertex 2.00891 37.2681 22
    endloop
  endfacet
  facet normal 0 0 1
    outer loop
      vertex 1.06075 37.7749 22
      vertex 2.08936 40.805 22
      vertex 1.68232 40.9285 22
    endloop
  endfacet
  facet normal 0 0 1
    outer loop
      vertex 3.25 40.2792 22
      vertex 1.65 37.5079 22
      vertex 1.83338 37.3938 22
    endloop
  endfacet
  facet normal 0 0 1
    outer loop
      vertex 2.87488 40.4797 22
      vertex 1.45955 37.6097 22
      vertex 1.65 37.5079 22
    endloop
  endfacet
  facet normal 0 0 1
    outer loop
      vertex 0.854102 37.8376 22
      vertex 1.68232 40.9285 22
      vertex 1.26809 41.0251 22
    endloop
  endfacet
  facet normal 0 0 1
    outer loop
      vertex 2.48744 40.6552 22
      vertex 1.26285 37.6988 22
      vertex 1.45955 37.6097 22
    endloop
  endfacet
  facet normal 0 0 1
    outer loop
      vertex 2.08936 40.805 22
      vertex 1.06075 37.7749 22
      vertex 1.26285 37.6988 22
    endloop
  endfacet
  facet normal 0 0 1
    outer loop
      vertex 1.68232 40.9285 22
      vertex 0.854102 37.8376 22
      vertex 1.06075 37.7749 22
    endloop
  endfacet
  facet normal 0 0 1
    outer loop
      vertex 0.643798 37.8866 22
      vertex 1.26809 41.0251 22
      vertex 0.84842 41.0944 22
    endloop
  endfacet
  facet normal 0 0 1
    outer loop
      vertex 1.26809 41.0251 22
      vertex 0.643798 37.8866 22
      vertex 0.854102 37.8376 22
    endloop
  endfacet
  facet normal 0 0 1
    outer loop
      vertex 0.84842 41.0944 22
      vertex 0.430736 37.9218 22
      vertex 0.643798 37.8866 22
    endloop
  endfacet
  facet normal 0 0 1
    outer loop
      vertex 0.425119 41.1361 22
      vertex 0.430736 37.9218 22
      vertex 0.84842 41.0944 22
    endloop
  endfacet
  facet normal 0 0 1
    outer loop
      vertex 0.425119 41.1361 22
      vertex 0.21583 37.9429 22
      vertex 0.430736 37.9218 22
    endloop
  endfacet
  facet normal 0 0 1
    outer loop
      vertex 0 41.15 22
      vertex 0.21583 37.9429 22
      vertex 0.425119 41.1361 22
    endloop
  endfacet
  facet normal 0 0 1
    outer loop
      vertex 0 41.15 22
      vertex 0 37.95 22
      vertex 0.21583 37.9429 22
    endloop
  endfacet
  facet normal 0 0 1
    outer loop
      vertex 0 41.15 22
      vertex -0.21583 37.9429 22
      vertex 0 37.95 22
    endloop
  endfacet
  facet normal -0 0 1
    outer loop
      vertex -0.425119 41.1361 22
      vertex -0.21583 37.9429 22
      vertex 0 41.15 22
    endloop
  endfacet
  facet normal 0 0 1
    outer loop
      vertex -0.425119 41.1361 22
      vertex -0.430736 37.9218 22
      vertex -0.21583 37.9429 22
    endloop
  endfacet
  facet normal -0 0 1
    outer loop
      vertex -0.84842 41.0944 22
      vertex -0.430736 37.9218 22
      vertex -0.425119 41.1361 22
    endloop
  endfacet
  facet normal 0 0 1
    outer loop
      vertex -0.430736 37.9218 22
      vertex -0.84842 41.0944 22
      vertex -0.643798 37.8866 22
    endloop
  endfacet
  facet normal -0 0 1
    outer loop
      vertex -1.26809 41.0251 22
      vertex -0.643798 37.8866 22
      vertex -0.84842 41.0944 22
    endloop
  endfacet
  facet normal 0 0 1
    outer loop
      vertex -0.643798 37.8866 22
      vertex -1.26809 41.0251 22
      vertex -0.854102 37.8376 22
    endloop
  endfacet
  facet normal -0 0 1
    outer loop
      vertex -1.68232 40.9285 22
      vertex -0.854102 37.8376 22
      vertex -1.26809 41.0251 22
    endloop
  endfacet
  facet normal 0 0 1
    outer loop
      vertex -0.854102 37.8376 22
      vertex -1.68232 40.9285 22
      vertex -1.06075 37.7749 22
    endloop
  endfacet
  facet normal -0 0 1
    outer loop
      vertex -2.08936 40.805 22
      vertex -1.06075 37.7749 22
      vertex -1.68232 40.9285 22
    endloop
  endfacet
  facet normal 0 0 1
    outer loop
      vertex -1.06075 37.7749 22
      vertex -2.08936 40.805 22
      vertex -1.26285 37.6988 22
    endloop
  endfacet
  facet normal -0 0 1
    outer loop
      vertex -2.48744 40.6552 22
      vertex -1.26285 37.6988 22
      vertex -2.08936 40.805 22
    endloop
  endfacet
  facet normal 0 0 1
    outer loop
      vertex -1.26285 37.6988 22
      vertex -2.48744 40.6552 22
      vertex -1.45955 37.6097 22
    endloop
  endfacet
  facet normal -0 0 1
    outer loop
      vertex -2.87488 40.4797 22
      vertex -1.45955 37.6097 22
      vertex -2.48744 40.6552 22
    endloop
  endfacet
  facet normal 0 0 1
    outer loop
      vertex -1.45955 37.6097 22
      vertex -2.87488 40.4797 22
      vertex -1.65 37.5079 22
    endloop
  endfacet
  facet normal -0 0 1
    outer loop
      vertex -3.25 40.2792 22
      vertex -1.65 37.5079 22
      vertex -2.87488 40.4797 22
    endloop
  endfacet
  facet normal 0 0 1
    outer loop
      vertex -1.65 37.5079 22
      vertex -3.25 40.2792 22
      vertex -1.83338 37.3938 22
    endloop
  endfacet
  facet normal -0 0 1
    outer loop
      vertex -3.61121 40.0546 22
      vertex -1.83338 37.3938 22
      vertex -3.25 40.2792 22
    endloop
  endfacet
  facet normal 0 0 1
    outer loop
      vertex -1.83338 37.3938 22
      vertex -3.61121 40.0546 22
      vertex -2.00891 37.2681 22
    endloop
  endfacet
  facet normal -0 0 1
    outer loop
      vertex -3.95695 39.8068 22
      vertex -2.00891 37.2681 22
      vertex -3.61121 40.0546 22
    endloop
  endfacet
  facet normal 0 0 1
    outer loop
      vertex -2.00891 37.2681 22
      vertex -3.95695 39.8068 22
      vertex -2.17584 37.1311 22
    endloop
  endfacet
  facet normal -0 0 1
    outer loop
      vertex -4.28575 39.537 22
      vertex -2.17584 37.1311 22
      vertex -3.95695 39.8068 22
    endloop
  endfacet
  facet normal 0 0 1
    outer loop
      vertex -2.17584 37.1311 22
      vertex -4.28575 39.537 22
      vertex -2.33345 36.9835 22
    endloop
  endfacet
  facet normal -0 0 1
    outer loop
      vertex -4.59619 39.2462 22
      vertex -2.33345 36.9835 22
      vertex -4.28575 39.537 22
    endloop
  endfacet
  facet normal 0 0 1
    outer loop
      vertex -2.33345 36.9835 22
      vertex -4.59619 39.2462 22
      vertex -2.48107 36.8258 22
    endloop
  endfacet
  facet normal -0 0 1
    outer loop
      vertex -4.88696 38.9357 22
      vertex -2.48107 36.8258 22
      vertex -4.59619 39.2462 22
    endloop
  endfacet
  facet normal 0 0 1
    outer loop
      vertex -2.48107 36.8258 22
      vertex -4.88696 38.9357 22
      vertex -2.61807 36.6589 22
    endloop
  endfacet
  facet normal -0 0 1
    outer loop
      vertex -5.1568 38.6069 22
      vertex -2.61807 36.6589 22
      vertex -4.88696 38.9357 22
    endloop
  endfacet
  facet normal 0 0 1
    outer loop
      vertex -2.61807 36.6589 22
      vertex -5.1568 38.6069 22
      vertex -2.74385 36.4834 22
    endloop
  endfacet
  facet normal -0 0 1
    outer loop
      vertex -5.40455 38.2612 22
      vertex -2.74385 36.4834 22
      vertex -5.1568 38.6069 22
    endloop
  endfacet
  facet normal 0 0 1
    outer loop
      vertex -2.74385 36.4834 22
      vertex -5.40455 38.2612 22
      vertex -2.85788 36.3 22
    endloop
  endfacet
  facet normal -0 0 1
    outer loop
      vertex -5.62916 37.9 22
      vertex -2.85788 36.3 22
      vertex -5.40455 38.2612 22
    endloop
  endfacet
  facet normal 0 0 1
    outer loop
      vertex -2.85788 36.3 22
      vertex -5.62916 37.9 22
      vertex -2.95968 36.1096 22
    endloop
  endfacet
  facet normal 0 0 1
    outer loop
      vertex 6.5 34.65 22
      vertex 3.27177 34.2193 22
      vertex 3.23659 34.0062 22
    endloop
  endfacet
  facet normal 0 0 1
    outer loop
      vertex 6.5 34.65 22
      vertex 3.18755 33.7959 22
      vertex 3.12487 33.5892 22
    endloop
  endfacet
  facet normal 0 0 1
    outer loop
      vertex 6.5 34.65 22
      vertex 3.12487 33.5892 22
      vertex 3.0488 33.3871 22
    endloop
  endfacet
  facet normal 0 0 1
    outer loop
      vertex 6.5 34.65 22
      vertex 3.0488 33.3871 22
      vertex 2.95968 33.1904 22
    endloop
  endfacet
  facet normal 0 0 1
    outer loop
      vertex 6.5 34.65 22
      vertex 2.95968 33.1904 22
      vertex 2.85788 33 22
    endloop
  endfacet
  facet normal 0 0 1
    outer loop
      vertex 2.74385 32.8166 22
      vertex 6.5 34.65 22
      vertex 2.85788 33 22
    endloop
  endfacet
  facet normal 0 0 1
    outer loop
      vertex 6.5 34.65 22
      vertex 5.19916 26.1379 22
      vertex 6.5 25.8346 22
    endloop
  endfacet
  facet normal 0 0 1
    outer loop
      vertex 6.5 34.65 22
      vertex 2.74385 32.8166 22
      vertex 5.19916 26.1379 22
    endloop
  endfacet
  facet normal -0 0 1
    outer loop
      vertex 2.61807 32.6411 22
      vertex 5.19916 26.1379 22
      vertex 2.74385 32.8166 22
    endloop
  endfacet
  facet normal -0 0 1
    outer loop
      vertex 2.48107 32.4742 22
      vertex 5.19916 26.1379 22
      vertex 2.61807 32.6411 22
    endloop
  endfacet
  facet normal -0 0 1
    outer loop
      vertex 2.33345 32.3165 22
      vertex 5.19916 26.1379 22
      vertex 2.48107 32.4742 22
    endloop
  endfacet
  facet normal 0 0 1
    outer loop
      vertex 5.19916 26.1379 22
      vertex 2.33345 32.3165 22
      vertex 3.47852 26.422 22
    endloop
  endfacet
  facet normal -0 0 1
    outer loop
      vertex 2.17584 32.1689 22
      vertex 3.47852 26.422 22
      vertex 2.33345 32.3165 22
    endloop
  endfacet
  facet normal -0 0 1
    outer loop
      vertex 2.00891 32.0319 22
      vertex 3.47852 26.422 22
      vertex 2.17584 32.1689 22
    endloop
  endfacet
  facet normal -0 0 1
    outer loop
      vertex 1.83338 31.9062 22
      vertex 3.47852 26.422 22
      vertex 2.00891 32.0319 22
    endloop
  endfacet
  facet normal -0 0 1
    outer loop
      vertex 1.65 31.7921 22
      vertex 3.47852 26.422 22
      vertex 1.83338 31.9062 22
    endloop
  endfacet
  facet normal 0 0 1
    outer loop
      vertex 3.47852 26.422 22
      vertex 1.65 31.7921 22
      vertex 1.74299 26.5929 22
    endloop
  endfacet
  facet normal -0 0 1
    outer loop
      vertex 1.45955 31.6903 22
      vertex 1.74299 26.5929 22
      vertex 1.65 31.7921 22
    endloop
  endfacet
  facet normal -0 0 1
    outer loop
      vertex 1.26285 31.6012 22
      vertex 1.74299 26.5929 22
      vertex 1.45955 31.6903 22
    endloop
  endfacet
  facet normal 0 0 1
    outer loop
      vertex 0 28.15 22
      vertex 1.26285 31.6012 22
      vertex 1.06075 31.5251 22
    endloop
  endfacet
  facet normal 0 0 1
    outer loop
      vertex 0 28.15 22
      vertex 1.06075 31.5251 22
      vertex 0.854102 31.4624 22
    endloop
  endfacet
  facet normal 0 0 1
    outer loop
      vertex 1.26285 31.6012 22
      vertex 0 28.15 22
      vertex 1.74299 26.5929 22
    endloop
  endfacet
  facet normal 0 0 1
    outer loop
      vertex 0 28.15 22
      vertex 0.854102 31.4624 22
      vertex 0.643798 31.4134 22
    endloop
  endfacet
  facet normal 0 0 1
    outer loop
      vertex 1.74299 26.5929 22
      vertex 0 28.15 22
      vertex 0.799999 26.6238 22
    endloop
  endfacet
  facet normal 0 0 1
    outer loop
      vertex 0 28.15 22
      vertex 0.643798 31.4134 22
      vertex 0.430736 31.3782 22
    endloop
  endfacet
  facet normal 0 0 1
    outer loop
      vertex 0 28.15 22
      vertex 0.430736 31.3782 22
      vertex 0.21583 31.3571 22
    endloop
  endfacet
  facet normal 0 0 1
    outer loop
      vertex 0 28.15 22
      vertex 0.21583 31.3571 22
      vertex 0 31.35 22
    endloop
  endfacet
  facet normal 0 0 1
    outer loop
      vertex 0 24.65 22
      vertex 0.799999 26.6238 22
      vertex 0 28.15 22
    endloop
  endfacet
  facet normal 0 0 1
    outer loop
      vertex 0.799999 26.6238 22
      vertex 0 24.65 22
      vertex 0.799999 24.65 22
    endloop
  endfacet
  facet normal 0.29034 0.956924 -0
    outer loop
      vertex 2.08936 40.805 10
      vertex 1.68232 40.9285 22
      vertex 2.08936 40.805 22
    endloop
  endfacet
  facet normal 0.29034 0.956924 0
    outer loop
      vertex 1.68232 40.9285 22
      vertex 2.08936 40.805 10
      vertex 1.68232 40.9285 10
    endloop
  endfacet
  facet normal 0.973876 0.227081 0
    outer loop
      vertex 6.3751 35.9181 22
      vertex 6.27852 36.3323 10
      vertex 6.27852 36.3323 22
    endloop
  endfacet
  facet normal 0.973876 0.227081 0
    outer loop
      vertex 6.27852 36.3323 10
      vertex 6.3751 35.9181 22
      vertex 6.3751 35.9181 10
    endloop
  endfacet
  facet normal 0.0326793 0.999466 -0
    outer loop
      vertex 0.425119 41.1361 10
      vertex 0 41.15 22
      vertex 0.425119 41.1361 22
    endloop
  endfacet
  facet normal 0.0326793 0.999466 0
    outer loop
      vertex 0 41.15 22
      vertex 0.425119 41.1361 10
      vertex 0 41.15 10
    endloop
  endfacet
  facet normal -0.881907 -0.471424 0
    outer loop
      vertex -5.62916 31.4 10
      vertex -5.82967 31.7751 22
      vertex -5.82967 31.7751 10
    endloop
  endfacet
  facet normal -0.881907 -0.471424 0
    outer loop
      vertex -5.82967 31.7751 22
      vertex -5.62916 31.4 10
      vertex -5.62916 31.4 22
    endloop
  endfacet
  facet normal -0.582549 0.812795 0
    outer loop
      vertex -3.61121 40.0546 10
      vertex -3.95695 39.8068 22
      vertex -3.61121 40.0546 22
    endloop
  endfacet
  facet normal -0.582549 0.812795 0
    outer loop
      vertex -3.95695 39.8068 22
      vertex -3.61121 40.0546 10
      vertex -3.95695 39.8068 10
    endloop
  endfacet
  facet normal -0.812819 0.582516 0
    outer loop
      vertex -5.40455 38.2612 10
      vertex -5.1568 38.6069 22
      vertex -5.1568 38.6069 10
    endloop
  endfacet
  facet normal -0.812819 0.582516 0
    outer loop
      vertex -5.1568 38.6069 22
      vertex -5.40455 38.2612 10
      vertex -5.40455 38.2612 22
    endloop
  endfacet
  facet normal 0.910885 0.41266 0
    outer loop
      vertex 6.00522 37.1374 22
      vertex 5.82967 37.5249 10
      vertex 5.82967 37.5249 22
    endloop
  endfacet
  facet normal 0.910885 0.41266 0
    outer loop
      vertex 5.82967 37.5249 10
      vertex 6.00522 37.1374 22
      vertex 6.00522 37.1374 10
    endloop
  endfacet
  facet normal -0.29034 0.956924 0
    outer loop
      vertex -1.68232 40.9285 10
      vertex -2.08936 40.805 22
      vertex -1.68232 40.9285 22
    endloop
  endfacet
  facet normal -0.29034 0.956924 0
    outer loop
      vertex -2.08936 40.805 22
      vertex -1.68232 40.9285 10
      vertex -2.08936 40.805 10
    endloop
  endfacet
  facet normal 0.956955 0.290236 0
    outer loop
      vertex 6.27852 36.3323 22
      vertex 6.15505 36.7394 10
      vertex 6.15505 36.7394 22
    endloop
  endfacet
  facet normal 0.956955 0.290236 0
    outer loop
      vertex 6.15505 36.7394 10
      vertex 6.27852 36.3323 22
      vertex 6.27852 36.3323 10
    endloop
  endfacet
  facet normal -0.412616 0.910905 0
    outer loop
      vertex -2.48744 40.6552 10
      vertex -2.87488 40.4797 22
      vertex -2.48744 40.6552 22
    endloop
  endfacet
  facet normal -0.412616 0.910905 0
    outer loop
      vertex -2.87488 40.4797 22
      vertex -2.48744 40.6552 10
      vertex -2.87488 40.4797 10
    endloop
  endfacet
  facet normal -0.683644 -0.729816 0
    outer loop
      vertex -4.59619 30.0538 10
      vertex -4.28575 29.763 22
      vertex -4.59619 30.0538 22
    endloop
  endfacet
  facet normal -0.683644 -0.729816 -0
    outer loop
      vertex -4.28575 29.763 22
      vertex -4.59619 30.0538 10
      vertex -4.28575 29.763 10
    endloop
  endfacet
  facet normal -0.995185 0.0980139 0
    outer loop
      vertex -6.48608 35.0751 10
      vertex -6.44439 35.4984 22
      vertex -6.44439 35.4984 10
    endloop
  endfacet
  facet normal -0.995185 0.0980139 0
    outer loop
      vertex -6.44439 35.4984 22
      vertex -6.48608 35.0751 10
      vertex -6.48608 35.0751 22
    endloop
  endfacet
  facet normal -0.93588 -0.352319 0
    outer loop
      vertex -6.00522 32.1626 10
      vertex -6.15505 32.5606 22
      vertex -6.15505 32.5606 10
    endloop
  endfacet
  facet normal -0.93588 -0.352319 0
    outer loop
      vertex -6.15505 32.5606 22
      vertex -6.00522 32.1626 10
      vertex -6.00522 32.1626 22
    endloop
  endfacet
  facet normal -0.528043 0.849218 0
    outer loop
      vertex -3.25 40.2792 10
      vertex -3.61121 40.0546 22
      vertex -3.25 40.2792 22
    endloop
  endfacet
  facet normal -0.528043 0.849218 0
    outer loop
      vertex -3.61121 40.0546 22
      vertex -3.25 40.2792 10
      vertex -3.61121 40.0546 10
    endloop
  endfacet
  facet normal 0.999464 0.0327277 0
    outer loop
      vertex 6.5 34.65 22
      vertex 6.48608 35.0751 10
      vertex 6.48608 35.0751 22
    endloop
  endfacet
  facet normal 0.999464 0.0327277 0
    outer loop
      vertex 6.48608 35.0751 10
      vertex 6.5 34.65 22
      vertex 6.5 34.65 10
    endloop
  endfacet
  facet normal -0.849201 0.52807 0
    outer loop
      vertex -5.62916 37.9 10
      vertex -5.40455 38.2612 22
      vertex -5.40455 38.2612 10
    endloop
  endfacet
  facet normal -0.849201 0.52807 0
    outer loop
      vertex -5.40455 38.2612 22
      vertex -5.62916 37.9 10
      vertex -5.62916 37.9 22
    endloop
  endfacet
  facet normal 0.634338 0.773056 -0
    outer loop
      vertex 4.28575 39.537 10
      vertex 3.95695 39.8068 22
      vertex 4.28575 39.537 22
    endloop
  endfacet
  facet normal 0.634338 0.773056 0
    outer loop
      vertex 3.95695 39.8068 22
      vertex 4.28575 39.537 10
      vertex 3.95695 39.8068 10
    endloop
  endfacet
  facet normal -0.881907 0.471424 0
    outer loop
      vertex -5.82967 37.5249 10
      vertex -5.62916 37.9 22
      vertex -5.62916 37.9 10
    endloop
  endfacet
  facet normal -0.881907 0.471424 0
    outer loop
      vertex -5.62916 37.9 22
      vertex -5.82967 37.5249 10
      vertex -5.82967 37.5249 22
    endloop
  endfacet
  facet normal 0.812819 0.582516 0
    outer loop
      vertex 5.40455 38.2612 22
      vertex 5.1568 38.6069 10
      vertex 5.1568 38.6069 22
    endloop
  endfacet
  facet normal 0.812819 0.582516 0
    outer loop
      vertex 5.1568 38.6069 10
      vertex 5.40455 38.2612 22
      vertex 5.40455 38.2612 10
    endloop
  endfacet
  facet normal -0.0980369 -0.995183 0
    outer loop
      vertex -0.84842 28.2056 10
      vertex -0.425119 28.1639 22
      vertex -0.84842 28.2056 22
    endloop
  endfacet
  facet normal -0.0980369 -0.995183 -0
    outer loop
      vertex -0.425119 28.1639 22
      vertex -0.84842 28.2056 10
      vertex -0.425119 28.1639 10
    endloop
  endfacet
  facet normal 0.162923 0.986639 -0
    outer loop
      vertex 1.26809 41.0251 10
      vertex 0.84842 41.0944 22
      vertex 1.26809 41.0251 22
    endloop
  endfacet
  facet normal 0.162923 0.986639 0
    outer loop
      vertex 0.84842 41.0944 22
      vertex 1.26809 41.0251 10
      vertex 0.84842 41.0944 10
    endloop
  endfacet
  facet normal 0.849201 0.52807 0
    outer loop
      vertex 5.62916 37.9 22
      vertex 5.40455 38.2612 10
      vertex 5.40455 38.2612 22
    endloop
  endfacet
  facet normal 0.849201 0.52807 0
    outer loop
      vertex 5.40455 38.2612 10
      vertex 5.62916 37.9 22
      vertex 5.62916 37.9 10
    endloop
  endfacet
  facet normal -0.986644 -0.162889 0
    outer loop
      vertex -6.3751 33.3819 10
      vertex -6.44439 33.8016 22
      vertex -6.44439 33.8016 10
    endloop
  endfacet
  facet normal -0.986644 -0.162889 0
    outer loop
      vertex -6.44439 33.8016 22
      vertex -6.3751 33.3819 10
      vertex -6.3751 33.3819 22
    endloop
  endfacet
  facet normal -0.956955 0.290236 0
    outer loop
      vertex -6.27852 36.3323 10
      vertex -6.15505 36.7394 22
      vertex -6.15505 36.7394 10
    endloop
  endfacet
  facet normal -0.956955 0.290236 0
    outer loop
      vertex -6.15505 36.7394 22
      vertex -6.27852 36.3323 10
      vertex -6.27852 36.3323 22
    endloop
  endfacet
  facet normal -0.471386 -0.881927 0
    outer loop
      vertex -3.25 29.0208 10
      vertex -2.87488 28.8203 22
      vertex -3.25 29.0208 22
    endloop
  endfacet
  facet normal -0.471386 -0.881927 -0
    outer loop
      vertex -2.87488 28.8203 22
      vertex -3.25 29.0208 10
      vertex -2.87488 28.8203 10
    endloop
  endfacet
  facet normal -0.999464 -0.0327277 0
    outer loop
      vertex -6.48608 34.2249 10
      vertex -6.5 34.65 22
      vertex -6.5 34.65 10
    endloop
  endfacet
  facet normal -0.999464 -0.0327277 0
    outer loop
      vertex -6.5 34.65 22
      vertex -6.48608 34.2249 10
      vertex -6.48608 34.2249 22
    endloop
  endfacet
  facet normal -0.683644 0.729816 0
    outer loop
      vertex -4.28575 39.537 10
      vertex -4.59619 39.2462 22
      vertex -4.28575 39.537 22
    endloop
  endfacet
  facet normal -0.683644 0.729816 0
    outer loop
      vertex -4.59619 39.2462 22
      vertex -4.28575 39.537 10
      vertex -4.59619 39.2462 10
    endloop
  endfacet
  facet normal -0.973876 -0.227081 0
    outer loop
      vertex -6.27852 32.9677 10
      vertex -6.3751 33.3819 22
      vertex -6.3751 33.3819 10
    endloop
  endfacet
  facet normal -0.973876 -0.227081 0
    outer loop
      vertex -6.3751 33.3819 22
      vertex -6.27852 32.9677 10
      vertex -6.27852 32.9677 22
    endloop
  endfacet
  facet normal 0.683644 0.729816 -0
    outer loop
      vertex 4.59619 39.2462 10
      vertex 4.28575 39.537 22
      vertex 4.59619 39.2462 22
    endloop
  endfacet
  facet normal 0.683644 0.729816 0
    outer loop
      vertex 4.28575 39.537 22
      vertex 4.59619 39.2462 10
      vertex 4.28575 39.537 10
    endloop
  endfacet
  facet normal -0.22711 -0.973869 0
    outer loop
      vertex -1.68232 28.3715 10
      vertex -1.26809 28.2749 22
      vertex -1.68232 28.3715 22
    endloop
  endfacet
  facet normal -0.22711 -0.973869 -0
    outer loop
      vertex -1.26809 28.2749 22
      vertex -1.68232 28.3715 10
      vertex -1.26809 28.2749 10
    endloop
  endfacet
  facet normal -0.352195 -0.935927 0
    outer loop
      vertex -2.48744 28.6448 10
      vertex -2.08936 28.495 22
      vertex -2.48744 28.6448 22
    endloop
  endfacet
  facet normal -0.352195 -0.935927 -0
    outer loop
      vertex -2.08936 28.495 22
      vertex -2.48744 28.6448 10
      vertex -2.08936 28.495 10
    endloop
  endfacet
  facet normal -0.29034 -0.956924 0
    outer loop
      vertex -2.08936 28.495 10
      vertex -1.68232 28.3715 22
      vertex -2.08936 28.495 22
    endloop
  endfacet
  facet normal -0.29034 -0.956924 -0
    outer loop
      vertex -1.68232 28.3715 22
      vertex -2.08936 28.495 10
      vertex -1.68232 28.3715 10
    endloop
  endfacet
  facet normal -0.352195 0.935927 0
    outer loop
      vertex -2.08936 40.805 10
      vertex -2.48744 40.6552 22
      vertex -2.08936 40.805 22
    endloop
  endfacet
  facet normal -0.352195 0.935927 0
    outer loop
      vertex -2.48744 40.6552 22
      vertex -2.08936 40.805 10
      vertex -2.48744 40.6552 10
    endloop
  endfacet
  facet normal 0.0980369 0.995183 -0
    outer loop
      vertex 0.84842 41.0944 10
      vertex 0.425119 41.1361 22
      vertex 0.84842 41.0944 22
    endloop
  endfacet
  facet normal 0.0980369 0.995183 0
    outer loop
      vertex 0.425119 41.1361 22
      vertex 0.84842 41.0944 10
      vertex 0.425119 41.1361 10
    endloop
  endfacet
  facet normal 0.412616 0.910905 -0
    outer loop
      vertex 2.87488 40.4797 10
      vertex 2.48744 40.6552 22
      vertex 2.87488 40.4797 22
    endloop
  endfacet
  facet normal 0.412616 0.910905 0
    outer loop
      vertex 2.48744 40.6552 22
      vertex 2.87488 40.4797 10
      vertex 2.48744 40.6552 10
    endloop
  endfacet
  facet normal -0.729917 -0.683536 0
    outer loop
      vertex -4.59619 30.0538 10
      vertex -4.88696 30.3643 22
      vertex -4.88696 30.3643 10
    endloop
  endfacet
  facet normal -0.729917 -0.683536 0
    outer loop
      vertex -4.88696 30.3643 22
      vertex -4.59619 30.0538 10
      vertex -4.59619 30.0538 22
    endloop
  endfacet
  facet normal -0.0326793 -0.999466 0
    outer loop
      vertex -0.425119 28.1639 10
      vertex 0 28.15 22
      vertex -0.425119 28.1639 22
    endloop
  endfacet
  facet normal -0.0326793 -0.999466 -0
    outer loop
      vertex 0 28.15 22
      vertex -0.425119 28.1639 10
      vertex 0 28.15 10
    endloop
  endfacet
  facet normal -0.973876 0.227081 0
    outer loop
      vertex -6.3751 35.9181 10
      vertex -6.27852 36.3323 22
      vertex -6.27852 36.3323 10
    endloop
  endfacet
  facet normal -0.973876 0.227081 0
    outer loop
      vertex -6.27852 36.3323 22
      vertex -6.3751 35.9181 10
      vertex -6.3751 35.9181 22
    endloop
  endfacet
  facet normal -0.910885 0.41266 0
    outer loop
      vertex -6.00522 37.1374 10
      vertex -5.82967 37.5249 22
      vertex -5.82967 37.5249 10
    endloop
  endfacet
  facet normal -0.910885 0.41266 0
    outer loop
      vertex -5.82967 37.5249 22
      vertex -6.00522 37.1374 10
      vertex -6.00522 37.1374 22
    endloop
  endfacet
  facet normal 0.77301 0.634394 0
    outer loop
      vertex 5.1568 38.6069 22
      vertex 4.88696 38.9357 10
      vertex 4.88696 38.9357 22
    endloop
  endfacet
  facet normal 0.77301 0.634394 0
    outer loop
      vertex 4.88696 38.9357 10
      vertex 5.1568 38.6069 22
      vertex 5.1568 38.6069 10
    endloop
  endfacet
  facet normal -0.412616 -0.910905 0
    outer loop
      vertex -2.87488 28.8203 10
      vertex -2.48744 28.6448 22
      vertex -2.87488 28.8203 22
    endloop
  endfacet
  facet normal -0.412616 -0.910905 -0
    outer loop
      vertex -2.48744 28.6448 22
      vertex -2.87488 28.8203 10
      vertex -2.48744 28.6448 10
    endloop
  endfacet
  facet normal -0.582549 -0.812795 0
    outer loop
      vertex -3.95695 29.4932 10
      vertex -3.61121 29.2454 22
      vertex -3.95695 29.4932 22
    endloop
  endfacet
  facet normal -0.582549 -0.812795 -0
    outer loop
      vertex -3.61121 29.2454 22
      vertex -3.95695 29.4932 10
      vertex -3.61121 29.2454 10
    endloop
  endfacet
  facet normal 0.582549 0.812795 -0
    outer loop
      vertex 3.95695 39.8068 10
      vertex 3.61121 40.0546 22
      vertex 3.95695 39.8068 22
    endloop
  endfacet
  facet normal 0.582549 0.812795 0
    outer loop
      vertex 3.61121 40.0546 22
      vertex 3.95695 39.8068 10
      vertex 3.61121 40.0546 10
    endloop
  endfacet
  facet normal -0.0980369 0.995183 0
    outer loop
      vertex -0.425119 41.1361 10
      vertex -0.84842 41.0944 22
      vertex -0.425119 41.1361 22
    endloop
  endfacet
  facet normal -0.0980369 0.995183 0
    outer loop
      vertex -0.84842 41.0944 22
      vertex -0.425119 41.1361 10
      vertex -0.84842 41.0944 10
    endloop
  endfacet
  facet normal -0.634338 -0.773056 0
    outer loop
      vertex -4.28575 29.763 10
      vertex -3.95695 29.4932 22
      vertex -4.28575 29.763 22
    endloop
  endfacet
  facet normal -0.634338 -0.773056 -0
    outer loop
      vertex -3.95695 29.4932 22
      vertex -4.28575 29.763 10
      vertex -3.95695 29.4932 10
    endloop
  endfacet
  facet normal -0.986644 0.162889 0
    outer loop
      vertex -6.44439 35.4984 10
      vertex -6.3751 35.9181 22
      vertex -6.3751 35.9181 10
    endloop
  endfacet
  facet normal -0.986644 0.162889 0
    outer loop
      vertex -6.3751 35.9181 22
      vertex -6.44439 35.4984 10
      vertex -6.44439 35.4984 22
    endloop
  endfacet
  facet normal -0.849201 -0.52807 0
    outer loop
      vertex -5.40455 31.0388 10
      vertex -5.62916 31.4 22
      vertex -5.62916 31.4 10
    endloop
  endfacet
  facet normal -0.849201 -0.52807 0
    outer loop
      vertex -5.62916 31.4 22
      vertex -5.40455 31.0388 10
      vertex -5.40455 31.0388 22
    endloop
  endfacet
  facet normal 0.22711 0.973869 -0
    outer loop
      vertex 1.68232 40.9285 10
      vertex 1.26809 41.0251 22
      vertex 1.68232 40.9285 22
    endloop
  endfacet
  facet normal 0.22711 0.973869 0
    outer loop
      vertex 1.26809 41.0251 22
      vertex 1.68232 40.9285 10
      vertex 1.26809 41.0251 10
    endloop
  endfacet
  facet normal 0.995185 0.0980139 0
    outer loop
      vertex 6.48608 35.0751 22
      vertex 6.44439 35.4984 10
      vertex 6.44439 35.4984 22
    endloop
  endfacet
  facet normal 0.995185 0.0980139 0
    outer loop
      vertex 6.44439 35.4984 10
      vertex 6.48608 35.0751 22
      vertex 6.48608 35.0751 10
    endloop
  endfacet
  facet normal -0.162923 0.986639 0
    outer loop
      vertex -0.84842 41.0944 10
      vertex -1.26809 41.0251 22
      vertex -0.84842 41.0944 22
    endloop
  endfacet
  facet normal -0.162923 0.986639 0
    outer loop
      vertex -1.26809 41.0251 22
      vertex -0.84842 41.0944 10
      vertex -1.26809 41.0251 10
    endloop
  endfacet
  facet normal 0.352195 0.935927 -0
    outer loop
      vertex 2.48744 40.6552 10
      vertex 2.08936 40.805 22
      vertex 2.48744 40.6552 22
    endloop
  endfacet
  facet normal 0.352195 0.935927 0
    outer loop
      vertex 2.08936 40.805 22
      vertex 2.48744 40.6552 10
      vertex 2.08936 40.805 10
    endloop
  endfacet
  facet normal -0.528043 -0.849218 0
    outer loop
      vertex -3.61121 29.2454 10
      vertex -3.25 29.0208 22
      vertex -3.61121 29.2454 22
    endloop
  endfacet
  facet normal -0.528043 -0.849218 -0
    outer loop
      vertex -3.25 29.0208 22
      vertex -3.61121 29.2454 10
      vertex -3.25 29.0208 10
    endloop
  endfacet
  facet normal -0.812819 -0.582516 0
    outer loop
      vertex -5.1568 30.6931 10
      vertex -5.40455 31.0388 22
      vertex -5.40455 31.0388 10
    endloop
  endfacet
  facet normal -0.812819 -0.582516 0
    outer loop
      vertex -5.40455 31.0388 22
      vertex -5.1568 30.6931 10
      vertex -5.1568 30.6931 22
    endloop
  endfacet
  facet normal 0.986644 0.162889 0
    outer loop
      vertex 6.44439 35.4984 22
      vertex 6.3751 35.9181 10
      vertex 6.3751 35.9181 22
    endloop
  endfacet
  facet normal 0.986644 0.162889 0
    outer loop
      vertex 6.3751 35.9181 10
      vertex 6.44439 35.4984 22
      vertex 6.44439 35.4984 10
    endloop
  endfacet
  facet normal -0.729917 0.683536 0
    outer loop
      vertex -4.88696 38.9357 10
      vertex -4.59619 39.2462 22
      vertex -4.59619 39.2462 10
    endloop
  endfacet
  facet normal -0.729917 0.683536 0
    outer loop
      vertex -4.59619 39.2462 22
      vertex -4.88696 38.9357 10
      vertex -4.88696 38.9357 22
    endloop
  endfacet
  facet normal 0.471386 0.881927 -0
    outer loop
      vertex 3.25 40.2792 10
      vertex 2.87488 40.4797 22
      vertex 3.25 40.2792 22
    endloop
  endfacet
  facet normal 0.471386 0.881927 0
    outer loop
      vertex 2.87488 40.4797 22
      vertex 3.25 40.2792 10
      vertex 2.87488 40.4797 10
    endloop
  endfacet
  facet normal 0.881907 0.471424 0
    outer loop
      vertex 5.82967 37.5249 22
      vertex 5.62916 37.9 10
      vertex 5.62916 37.9 22
    endloop
  endfacet
  facet normal 0.881907 0.471424 0
    outer loop
      vertex 5.62916 37.9 10
      vertex 5.82967 37.5249 22
      vertex 5.82967 37.5249 10
    endloop
  endfacet
  facet normal 0.528043 0.849218 -0
    outer loop
      vertex 3.61121 40.0546 10
      vertex 3.25 40.2792 22
      vertex 3.61121 40.0546 22
    endloop
  endfacet
  facet normal 0.528043 0.849218 0
    outer loop
      vertex 3.25 40.2792 22
      vertex 3.61121 40.0546 10
      vertex 3.25 40.2792 10
    endloop
  endfacet
  facet normal -0.93588 0.352319 0
    outer loop
      vertex -6.15505 36.7394 10
      vertex -6.00522 37.1374 22
      vertex -6.00522 37.1374 10
    endloop
  endfacet
  facet normal -0.93588 0.352319 0
    outer loop
      vertex -6.00522 37.1374 22
      vertex -6.15505 36.7394 10
      vertex -6.15505 36.7394 22
    endloop
  endfacet
  facet normal -0.77301 0.634394 0
    outer loop
      vertex -5.1568 38.6069 10
      vertex -4.88696 38.9357 22
      vertex -4.88696 38.9357 10
    endloop
  endfacet
  facet normal -0.77301 0.634394 0
    outer loop
      vertex -4.88696 38.9357 22
      vertex -5.1568 38.6069 10
      vertex -5.1568 38.6069 22
    endloop
  endfacet
  facet normal -0.910885 -0.41266 0
    outer loop
      vertex -5.82967 31.7751 10
      vertex -6.00522 32.1626 22
      vertex -6.00522 32.1626 10
    endloop
  endfacet
  facet normal -0.910885 -0.41266 0
    outer loop
      vertex -6.00522 32.1626 22
      vertex -5.82967 31.7751 10
      vertex -5.82967 31.7751 22
    endloop
  endfacet
  facet normal -0.162923 -0.986639 0
    outer loop
      vertex -1.26809 28.2749 10
      vertex -0.84842 28.2056 22
      vertex -1.26809 28.2749 22
    endloop
  endfacet
  facet normal -0.162923 -0.986639 -0
    outer loop
      vertex -0.84842 28.2056 22
      vertex -1.26809 28.2749 10
      vertex -0.84842 28.2056 10
    endloop
  endfacet
  facet normal 0 0 -1
    outer loop
      vertex 0 24.65 10
      vertex 0.799999 26.6238 10
      vertex 0.799999 24.65 10
    endloop
  endfacet
  facet normal 0 0 -1
    outer loop
      vertex 0.799999 26.6238 10
      vertex 0 28.15 10
      vertex 0.643798 31.4134 10
    endloop
  endfacet
  facet normal 0 0 -1
    outer loop
      vertex 0.643798 31.4134 10
      vertex 0 28.15 10
      vertex 0.430736 31.3782 10
    endloop
  endfacet
  facet normal -0 0 -1
    outer loop
      vertex 0.799999 26.6238 10
      vertex 0 24.65 10
      vertex 0 28.15 10
    endloop
  endfacet
  facet normal 0 0 -1
    outer loop
      vertex 0.430736 31.3782 10
      vertex 0 28.15 10
      vertex 0.21583 31.3571 10
    endloop
  endfacet
  facet normal 0 0 -1
    outer loop
      vertex 0 28.15 10
      vertex 0 31.35 10
      vertex 0.21583 31.3571 10
    endloop
  endfacet
  facet normal 0 0 -1
    outer loop
      vertex 0 28.15 10
      vertex -0.21583 31.3571 10
      vertex 0 31.35 10
    endloop
  endfacet
  facet normal 0 0 -1
    outer loop
      vertex -0.425119 28.1639 10
      vertex -0.21583 31.3571 10
      vertex 0 28.15 10
    endloop
  endfacet
  facet normal 0 0 -1
    outer loop
      vertex -0.425119 28.1639 10
      vertex -0.430736 31.3782 10
      vertex -0.21583 31.3571 10
    endloop
  endfacet
  facet normal 0 0 -1
    outer loop
      vertex -0.84842 28.2056 10
      vertex -0.430736 31.3782 10
      vertex -0.425119 28.1639 10
    endloop
  endfacet
  facet normal -0 0 -1
    outer loop
      vertex -0.430736 31.3782 10
      vertex -0.84842 28.2056 10
      vertex -0.643798 31.4134 10
    endloop
  endfacet
  facet normal 0 0 -1
    outer loop
      vertex -1.26809 28.2749 10
      vertex -0.643798 31.4134 10
      vertex -0.84842 28.2056 10
    endloop
  endfacet
  facet normal -0 0 -1
    outer loop
      vertex -0.643798 31.4134 10
      vertex -1.26809 28.2749 10
      vertex -0.854102 31.4624 10
    endloop
  endfacet
  facet normal 0 0 -1
    outer loop
      vertex -1.68232 28.3715 10
      vertex -0.854102 31.4624 10
      vertex -1.26809 28.2749 10
    endloop
  endfacet
  facet normal -0 0 -1
    outer loop
      vertex -0.854102 31.4624 10
      vertex -1.68232 28.3715 10
      vertex -1.06075 31.5251 10
    endloop
  endfacet
  facet normal 0 0 -1
    outer loop
      vertex -2.08936 28.495 10
      vertex -1.06075 31.5251 10
      vertex -1.68232 28.3715 10
    endloop
  endfacet
  facet normal -0 0 -1
    outer loop
      vertex -1.06075 31.5251 10
      vertex -2.08936 28.495 10
      vertex -1.26285 31.6012 10
    endloop
  endfacet
  facet normal 0 0 -1
    outer loop
      vertex -2.48744 28.6448 10
      vertex -1.26285 31.6012 10
      vertex -2.08936 28.495 10
    endloop
  endfacet
  facet normal -0 0 -1
    outer loop
      vertex -1.26285 31.6012 10
      vertex -2.48744 28.6448 10
      vertex -1.45955 31.6903 10
    endloop
  endfacet
  facet normal 0 0 -1
    outer loop
      vertex -2.87488 28.8203 10
      vertex -1.45955 31.6903 10
      vertex -2.48744 28.6448 10
    endloop
  endfacet
  facet normal -0 0 -1
    outer loop
      vertex -1.45955 31.6903 10
      vertex -2.87488 28.8203 10
      vertex -1.65 31.7921 10
    endloop
  endfacet
  facet normal 0 0 -1
    outer loop
      vertex -3.25 29.0208 10
      vertex -1.65 31.7921 10
      vertex -2.87488 28.8203 10
    endloop
  endfacet
  facet normal -0 0 -1
    outer loop
      vertex -1.65 31.7921 10
      vertex -3.25 29.0208 10
      vertex -1.83338 31.9062 10
    endloop
  endfacet
  facet normal 0 0 -1
    outer loop
      vertex -3.61121 29.2454 10
      vertex -1.83338 31.9062 10
      vertex -3.25 29.0208 10
    endloop
  endfacet
  facet normal -0 0 -1
    outer loop
      vertex -1.83338 31.9062 10
      vertex -3.61121 29.2454 10
      vertex -2.00891 32.0319 10
    endloop
  endfacet
  facet normal 0 0 -1
    outer loop
      vertex -3.95695 29.4932 10
      vertex -2.00891 32.0319 10
      vertex -3.61121 29.2454 10
    endloop
  endfacet
  facet normal -0 0 -1
    outer loop
      vertex -2.00891 32.0319 10
      vertex -3.95695 29.4932 10
      vertex -2.17584 32.1689 10
    endloop
  endfacet
  facet normal 0 0 -1
    outer loop
      vertex -4.28575 29.763 10
      vertex -2.17584 32.1689 10
      vertex -3.95695 29.4932 10
    endloop
  endfacet
  facet normal -0 0 -1
    outer loop
      vertex -2.17584 32.1689 10
      vertex -4.28575 29.763 10
      vertex -2.33345 32.3165 10
    endloop
  endfacet
  facet normal 0 0 -1
    outer loop
      vertex -4.59619 30.0538 10
      vertex -2.33345 32.3165 10
      vertex -4.28575 29.763 10
    endloop
  endfacet
  facet normal -0 0 -1
    outer loop
      vertex -2.33345 32.3165 10
      vertex -4.59619 30.0538 10
      vertex -2.48107 32.4742 10
    endloop
  endfacet
  facet normal 0 0 -1
    outer loop
      vertex -4.88696 30.3643 10
      vertex -2.48107 32.4742 10
      vertex -4.59619 30.0538 10
    endloop
  endfacet
  facet normal -0 0 -1
    outer loop
      vertex -2.48107 32.4742 10
      vertex -4.88696 30.3643 10
      vertex -2.61807 32.6411 10
    endloop
  endfacet
  facet normal 0 0 -1
    outer loop
      vertex -5.1568 30.6931 10
      vertex -2.61807 32.6411 10
      vertex -4.88696 30.3643 10
    endloop
  endfacet
  facet normal -0 0 -1
    outer loop
      vertex -2.61807 32.6411 10
      vertex -5.1568 30.6931 10
      vertex -2.74385 32.8166 10
    endloop
  endfacet
  facet normal 0 0 -1
    outer loop
      vertex -5.40455 31.0388 10
      vertex -2.74385 32.8166 10
      vertex -5.1568 30.6931 10
    endloop
  endfacet
  facet normal -0 0 -1
    outer loop
      vertex -2.74385 32.8166 10
      vertex -5.40455 31.0388 10
      vertex -2.85788 33 10
    endloop
  endfacet
  facet normal 0 0 -1
    outer loop
      vertex -5.62916 31.4 10
      vertex -2.85788 33 10
      vertex -5.40455 31.0388 10
    endloop
  endfacet
  facet normal -0 0 -1
    outer loop
      vertex -2.85788 33 10
      vertex -5.62916 31.4 10
      vertex -2.95968 33.1904 10
    endloop
  endfacet
  facet normal -0 0 -1
    outer loop
      vertex 6.5 34.65 10
      vertex 3.29293 34.4342 10
      vertex 3.3 34.65 10
    endloop
  endfacet
  facet normal 0 0 -1
    outer loop
      vertex 5.19916 26.1379 10
      vertex 3.27177 34.2193 10
      vertex 3.29293 34.4342 10
    endloop
  endfacet
  facet normal 0 0 -1
    outer loop
      vertex 5.19916 26.1379 10
      vertex 3.23659 34.0062 10
      vertex 3.27177 34.2193 10
    endloop
  endfacet
  facet normal 0 0 -1
    outer loop
      vertex 5.19916 26.1379 10
      vertex 3.18755 33.7959 10
      vertex 3.23659 34.0062 10
    endloop
  endfacet
  facet normal 0 0 -1
    outer loop
      vertex 5.19916 26.1379 10
      vertex 3.12487 33.5892 10
      vertex 3.18755 33.7959 10
    endloop
  endfacet
  facet normal 0 0 -1
    outer loop
      vertex 5.19916 26.1379 10
      vertex 3.0488 33.3871 10
      vertex 3.12487 33.5892 10
    endloop
  endfacet
  facet normal 0 0 -1
    outer loop
      vertex 5.19916 26.1379 10
      vertex 2.95968 33.1904 10
      vertex 3.0488 33.3871 10
    endloop
  endfacet
  facet normal 0 0 -1
    outer loop
      vertex 5.19916 26.1379 10
      vertex 2.85788 33 10
      vertex 2.95968 33.1904 10
    endloop
  endfacet
  facet normal 0 0 -1
    outer loop
      vertex 5.19916 26.1379 10
      vertex 2.74385 32.8166 10
      vertex 2.85788 33 10
    endloop
  endfacet
  facet normal 0 0 -1
    outer loop
      vertex 5.19916 26.1379 10
      vertex 2.61807 32.6411 10
      vertex 2.74385 32.8166 10
    endloop
  endfacet
  facet normal 0 0 -1
    outer loop
      vertex 5.19916 26.1379 10
      vertex 2.48107 32.4742 10
      vertex 2.61807 32.6411 10
    endloop
  endfacet
  facet normal 0 0 -1
    outer loop
      vertex 5.19916 26.1379 10
      vertex 2.33345 32.3165 10
      vertex 2.48107 32.4742 10
    endloop
  endfacet
  facet normal 0 0 -1
    outer loop
      vertex 3.47852 26.422 10
      vertex 2.17584 32.1689 10
      vertex 2.33345 32.3165 10
    endloop
  endfacet
  facet normal 0 0 -1
    outer loop
      vertex 3.47852 26.422 10
      vertex 2.00891 32.0319 10
      vertex 2.17584 32.1689 10
    endloop
  endfacet
  facet normal 0 0 -1
    outer loop
      vertex 3.47852 26.422 10
      vertex 1.83338 31.9062 10
      vertex 2.00891 32.0319 10
    endloop
  endfacet
  facet normal 0 0 -1
    outer loop
      vertex 1.65 31.7921 10
      vertex 3.47852 26.422 10
      vertex 1.74299 26.5929 10
    endloop
  endfacet
  facet normal 0 0 -1
    outer loop
      vertex 3.47852 26.422 10
      vertex 1.65 31.7921 10
      vertex 1.83338 31.9062 10
    endloop
  endfacet
  facet normal 0 0 -1
    outer loop
      vertex 1.74299 26.5929 10
      vertex 1.45955 31.6903 10
      vertex 1.65 31.7921 10
    endloop
  endfacet
  facet normal 0 0 -1
    outer loop
      vertex 1.74299 26.5929 10
      vertex 1.26285 31.6012 10
      vertex 1.45955 31.6903 10
    endloop
  endfacet
  facet normal 0 0 -1
    outer loop
      vertex 1.74299 26.5929 10
      vertex 1.06075 31.5251 10
      vertex 1.26285 31.6012 10
    endloop
  endfacet
  facet normal 0 0 -1
    outer loop
      vertex 1.74299 26.5929 10
      vertex 0.854102 31.4624 10
      vertex 1.06075 31.5251 10
    endloop
  endfacet
  facet normal 0 0 -1
    outer loop
      vertex 0.799999 26.6238 10
      vertex 0.854102 31.4624 10
      vertex 1.74299 26.5929 10
    endloop
  endfacet
  facet normal 0 0 -1
    outer loop
      vertex 0.854102 31.4624 10
      vertex 0.799999 26.6238 10
      vertex 0.643798 31.4134 10
    endloop
  endfacet
  facet normal 0 0 -1
    outer loop
      vertex 5.19916 26.1379 10
      vertex 6.5 34.65 10
      vertex 6.5 25.8346 10
    endloop
  endfacet
  facet normal 0 0 -1
    outer loop
      vertex 2.33345 32.3165 10
      vertex 5.19916 26.1379 10
      vertex 3.47852 26.422 10
    endloop
  endfacet
  facet normal 0 0 -1
    outer loop
      vertex 6.5 34.65 10
      vertex 3.3 34.65 10
      vertex 6.48608 35.0751 10
    endloop
  endfacet
  facet normal 0 0 -1
    outer loop
      vertex 3.29293 34.8658 10
      vertex 6.48608 35.0751 10
      vertex 3.3 34.65 10
    endloop
  endfacet
  facet normal 0 0 -1
    outer loop
      vertex 3.27177 35.0807 10
      vertex 6.44439 35.4984 10
      vertex 3.29293 34.8658 10
    endloop
  endfacet
  facet normal -0 0 -1
    outer loop
      vertex 6.44439 35.4984 10
      vertex 3.27177 35.0807 10
      vertex 6.3751 35.9181 10
    endloop
  endfacet
  facet normal 0 0 -1
    outer loop
      vertex 3.23659 35.2938 10
      vertex 6.3751 35.9181 10
      vertex 3.27177 35.0807 10
    endloop
  endfacet
  facet normal -0 0 -1
    outer loop
      vertex 6.3751 35.9181 10
      vertex 3.23659 35.2938 10
      vertex 6.27852 36.3323 10
    endloop
  endfacet
  facet normal 0 0 -1
    outer loop
      vertex 3.18755 35.5041 10
      vertex 6.27852 36.3323 10
      vertex 3.23659 35.2938 10
    endloop
  endfacet
  facet normal -0 0 -1
    outer loop
      vertex 6.48608 35.0751 10
      vertex 3.29293 34.8658 10
      vertex 6.44439 35.4984 10
    endloop
  endfacet
  facet normal -0 0 -1
    outer loop
      vertex 6.27852 36.3323 10
      vertex 3.18755 35.5041 10
      vertex 6.15505 36.7394 10
    endloop
  endfacet
  facet normal 0 0 -1
    outer loop
      vertex 3.12487 35.7108 10
      vertex 6.15505 36.7394 10
      vertex 3.18755 35.5041 10
    endloop
  endfacet
  facet normal -0 0 -1
    outer loop
      vertex 6.15505 36.7394 10
      vertex 3.12487 35.7108 10
      vertex 6.00522 37.1374 10
    endloop
  endfacet
  facet normal 0 0 -1
    outer loop
      vertex 3.0488 35.9129 10
      vertex 6.00522 37.1374 10
      vertex 3.12487 35.7108 10
    endloop
  endfacet
  facet normal -0 0 -1
    outer loop
      vertex 6.00522 37.1374 10
      vertex 3.0488 35.9129 10
      vertex 5.82967 37.5249 10
    endloop
  endfacet
  facet normal 0 0 -1
    outer loop
      vertex 2.95968 36.1096 10
      vertex 5.82967 37.5249 10
      vertex 3.0488 35.9129 10
    endloop
  endfacet
  facet normal 0 0 -1
    outer loop
      vertex 5.19916 26.1379 10
      vertex 3.29293 34.4342 10
      vertex 6.5 34.65 10
    endloop
  endfacet
  facet normal -0 0 -1
    outer loop
      vertex 5.82967 37.5249 10
      vertex 2.95968 36.1096 10
      vertex 5.62916 37.9 10
    endloop
  endfacet
  facet normal 0 0 -1
    outer loop
      vertex 2.85788 36.3 10
      vertex 5.62916 37.9 10
      vertex 2.95968 36.1096 10
    endloop
  endfacet
  facet normal -0 0 -1
    outer loop
      vertex 5.62916 37.9 10
      vertex 2.85788 36.3 10
      vertex 5.40455 38.2612 10
    endloop
  endfacet
  facet normal 0 0 -1
    outer loop
      vertex 2.74385 36.4834 10
      vertex 5.40455 38.2612 10
      vertex 2.85788 36.3 10
    endloop
  endfacet
  facet normal -0 0 -1
    outer loop
      vertex 5.40455 38.2612 10
      vertex 2.74385 36.4834 10
      vertex 5.1568 38.6069 10
    endloop
  endfacet
  facet normal 0 0 -1
    outer loop
      vertex 2.61807 36.6589 10
      vertex 5.1568 38.6069 10
      vertex 2.74385 36.4834 10
    endloop
  endfacet
  facet normal -0 0 -1
    outer loop
      vertex 5.1568 38.6069 10
      vertex 2.61807 36.6589 10
      vertex 4.88696 38.9357 10
    endloop
  endfacet
  facet normal 0 0 -1
    outer loop
      vertex 2.48107 36.8258 10
      vertex 4.88696 38.9357 10
      vertex 2.61807 36.6589 10
    endloop
  endfacet
  facet normal -0 0 -1
    outer loop
      vertex 4.88696 38.9357 10
      vertex 2.48107 36.8258 10
      vertex 4.59619 39.2462 10
    endloop
  endfacet
  facet normal 0 0 -1
    outer loop
      vertex 2.33345 36.9835 10
      vertex 4.59619 39.2462 10
      vertex 2.48107 36.8258 10
    endloop
  endfacet
  facet normal -0 0 -1
    outer loop
      vertex 4.59619 39.2462 10
      vertex 2.33345 36.9835 10
      vertex 4.28575 39.537 10
    endloop
  endfacet
  facet normal 0 0 -1
    outer loop
      vertex 2.17584 37.1311 10
      vertex 4.28575 39.537 10
      vertex 2.33345 36.9835 10
    endloop
  endfacet
  facet normal -0 0 -1
    outer loop
      vertex 4.28575 39.537 10
      vertex 2.17584 37.1311 10
      vertex 3.95695 39.8068 10
    endloop
  endfacet
  facet normal 0 0 -1
    outer loop
      vertex 2.00891 37.2681 10
      vertex 3.95695 39.8068 10
      vertex 2.17584 37.1311 10
    endloop
  endfacet
  facet normal -0 0 -1
    outer loop
      vertex 3.95695 39.8068 10
      vertex 2.00891 37.2681 10
      vertex 3.61121 40.0546 10
    endloop
  endfacet
  facet normal 0 0 -1
    outer loop
      vertex 1.83338 37.3938 10
      vertex 3.61121 40.0546 10
      vertex 2.00891 37.2681 10
    endloop
  endfacet
  facet normal -0 0 -1
    outer loop
      vertex 3.61121 40.0546 10
      vertex 1.83338 37.3938 10
      vertex 3.25 40.2792 10
    endloop
  endfacet
  facet normal 0 0 -1
    outer loop
      vertex 1.65 37.5079 10
      vertex 3.25 40.2792 10
      vertex 1.83338 37.3938 10
    endloop
  endfacet
  facet normal -0 0 -1
    outer loop
      vertex 3.25 40.2792 10
      vertex 1.65 37.5079 10
      vertex 2.87488 40.4797 10
    endloop
  endfacet
  facet normal 0 0 -1
    outer loop
      vertex 1.45955 37.6097 10
      vertex 2.87488 40.4797 10
      vertex 1.65 37.5079 10
    endloop
  endfacet
  facet normal -0 0 -1
    outer loop
      vertex 2.87488 40.4797 10
      vertex 1.45955 37.6097 10
      vertex 2.48744 40.6552 10
    endloop
  endfacet
  facet normal 0 0 -1
    outer loop
      vertex 1.26285 37.6988 10
      vertex 2.48744 40.6552 10
      vertex 1.45955 37.6097 10
    endloop
  endfacet
  facet normal -0 0 -1
    outer loop
      vertex 2.48744 40.6552 10
      vertex 1.26285 37.6988 10
      vertex 2.08936 40.805 10
    endloop
  endfacet
  facet normal 0 0 -1
    outer loop
      vertex 1.06075 37.7749 10
      vertex 2.08936 40.805 10
      vertex 1.26285 37.6988 10
    endloop
  endfacet
  facet normal -0 0 -1
    outer loop
      vertex 2.08936 40.805 10
      vertex 1.06075 37.7749 10
      vertex 1.68232 40.9285 10
    endloop
  endfacet
  facet normal 0 0 -1
    outer loop
      vertex 0.854102 37.8376 10
      vertex 1.68232 40.9285 10
      vertex 1.06075 37.7749 10
    endloop
  endfacet
  facet normal -0 0 -1
    outer loop
      vertex 1.68232 40.9285 10
      vertex 0.854102 37.8376 10
      vertex 1.26809 41.0251 10
    endloop
  endfacet
  facet normal 0 0 -1
    outer loop
      vertex 0.643798 37.8866 10
      vertex 1.26809 41.0251 10
      vertex 0.854102 37.8376 10
    endloop
  endfacet
  facet normal -0 0 -1
    outer loop
      vertex 1.26809 41.0251 10
      vertex 0.643798 37.8866 10
      vertex 0.84842 41.0944 10
    endloop
  endfacet
  facet normal 0 0 -1
    outer loop
      vertex 0.430736 37.9218 10
      vertex 0.84842 41.0944 10
      vertex 0.643798 37.8866 10
    endloop
  endfacet
  facet normal 0 0 -1
    outer loop
      vertex 0.430736 37.9218 10
      vertex 0.425119 41.1361 10
      vertex 0.84842 41.0944 10
    endloop
  endfacet
  facet normal 0 0 -1
    outer loop
      vertex 0.21583 37.9429 10
      vertex 0.425119 41.1361 10
      vertex 0.430736 37.9218 10
    endloop
  endfacet
  facet normal 0 0 -1
    outer loop
      vertex 0 37.95 10
      vertex 0.425119 41.1361 10
      vertex 0.21583 37.9429 10
    endloop
  endfacet
  facet normal 0 0 -1
    outer loop
      vertex 0 37.95 10
      vertex 0 41.15 10
      vertex 0.425119 41.1361 10
    endloop
  endfacet
  facet normal 0 0 -1
    outer loop
      vertex -0.21583 37.9429 10
      vertex 0 41.15 10
      vertex 0 37.95 10
    endloop
  endfacet
  facet normal 0 0 -1
    outer loop
      vertex -0.21583 37.9429 10
      vertex -0.425119 41.1361 10
      vertex 0 41.15 10
    endloop
  endfacet
  facet normal 0 0 -1
    outer loop
      vertex -0.430736 37.9218 10
      vertex -0.425119 41.1361 10
      vertex -0.21583 37.9429 10
    endloop
  endfacet
  facet normal 0 0 -1
    outer loop
      vertex -0.84842 41.0944 10
      vertex -0.430736 37.9218 10
      vertex -0.643798 37.8866 10
    endloop
  endfacet
  facet normal 0 0 -1
    outer loop
      vertex -0.430736 37.9218 10
      vertex -0.84842 41.0944 10
      vertex -0.425119 41.1361 10
    endloop
  endfacet
  facet normal 0 0 -1
    outer loop
      vertex -1.26809 41.0251 10
      vertex -0.643798 37.8866 10
      vertex -0.854102 37.8376 10
    endloop
  endfacet
  facet normal 0 0 -1
    outer loop
      vertex -1.68232 40.9285 10
      vertex -0.854102 37.8376 10
      vertex -1.06075 37.7749 10
    endloop
  endfacet
  facet normal 0 0 -1
    outer loop
      vertex -2.08936 40.805 10
      vertex -1.06075 37.7749 10
      vertex -1.26285 37.6988 10
    endloop
  endfacet
  facet normal 0 0 -1
    outer loop
      vertex -0.643798 37.8866 10
      vertex -1.26809 41.0251 10
      vertex -0.84842 41.0944 10
    endloop
  endfacet
  facet normal 0 0 -1
    outer loop
      vertex -2.48744 40.6552 10
      vertex -1.26285 37.6988 10
      vertex -1.45955 37.6097 10
    endloop
  endfacet
  facet normal 0 0 -1
    outer loop
      vertex -2.87488 40.4797 10
      vertex -1.45955 37.6097 10
      vertex -1.65 37.5079 10
    endloop
  endfacet
  facet normal 0 0 -1
    outer loop
      vertex -0.854102 37.8376 10
      vertex -1.68232 40.9285 10
      vertex -1.26809 41.0251 10
    endloop
  endfacet
  facet normal 0 0 -1
    outer loop
      vertex -3.25 40.2792 10
      vertex -1.65 37.5079 10
      vertex -1.83338 37.3938 10
    endloop
  endfacet
  facet normal 0 0 -1
    outer loop
      vertex -3.61121 40.0546 10
      vertex -1.83338 37.3938 10
      vertex -2.00891 37.2681 10
    endloop
  endfacet
  facet normal 0 0 -1
    outer loop
      vertex -1.06075 37.7749 10
      vertex -2.08936 40.805 10
      vertex -1.68232 40.9285 10
    endloop
  endfacet
  facet normal 0 0 -1
    outer loop
      vertex -3.95695 39.8068 10
      vertex -2.00891 37.2681 10
      vertex -2.17584 37.1311 10
    endloop
  endfacet
  facet normal 0 0 -1
    outer loop
      vertex -4.28575 39.537 10
      vertex -2.17584 37.1311 10
      vertex -2.33345 36.9835 10
    endloop
  endfacet
  facet normal 0 0 -1
    outer loop
      vertex -4.59619 39.2462 10
      vertex -2.33345 36.9835 10
      vertex -2.48107 36.8258 10
    endloop
  endfacet
  facet normal 0 0 -1
    outer loop
      vertex -1.26285 37.6988 10
      vertex -2.48744 40.6552 10
      vertex -2.08936 40.805 10
    endloop
  endfacet
  facet normal 0 0 -1
    outer loop
      vertex -4.88696 38.9357 10
      vertex -2.48107 36.8258 10
      vertex -2.61807 36.6589 10
    endloop
  endfacet
  facet normal 0 0 -1
    outer loop
      vertex -5.1568 38.6069 10
      vertex -2.61807 36.6589 10
      vertex -2.74385 36.4834 10
    endloop
  endfacet
  facet normal 0 0 -1
    outer loop
      vertex -5.40455 38.2612 10
      vertex -2.74385 36.4834 10
      vertex -2.85788 36.3 10
    endloop
  endfacet
  facet normal 0 0 -1
    outer loop
      vertex -1.45955 37.6097 10
      vertex -2.87488 40.4797 10
      vertex -2.48744 40.6552 10
    endloop
  endfacet
  facet normal 0 0 -1
    outer loop
      vertex -5.62916 37.9 10
      vertex -2.85788 36.3 10
      vertex -2.95968 36.1096 10
    endloop
  endfacet
  facet normal 0 0 -1
    outer loop
      vertex -5.82967 37.5249 10
      vertex -2.95968 36.1096 10
      vertex -3.0488 35.9129 10
    endloop
  endfacet
  facet normal 0 0 -1
    outer loop
      vertex -6.00522 37.1374 10
      vertex -3.0488 35.9129 10
      vertex -3.12487 35.7108 10
    endloop
  endfacet
  facet normal 0 0 -1
    outer loop
      vertex -6.15505 36.7394 10
      vertex -3.12487 35.7108 10
      vertex -3.18755 35.5041 10
    endloop
  endfacet
  facet normal 0 0 -1
    outer loop
      vertex -6.27852 36.3323 10
      vertex -3.18755 35.5041 10
      vertex -3.23659 35.2938 10
    endloop
  endfacet
  facet normal 0 0 -1
    outer loop
      vertex -1.65 37.5079 10
      vertex -3.25 40.2792 10
      vertex -2.87488 40.4797 10
    endloop
  endfacet
  facet normal 0 0 -1
    outer loop
      vertex -6.3751 35.9181 10
      vertex -3.23659 35.2938 10
      vertex -3.27177 35.0807 10
    endloop
  endfacet
  facet normal 0 0 -1
    outer loop
      vertex -6.44439 35.4984 10
      vertex -3.27177 35.0807 10
      vertex -3.29293 34.8658 10
    endloop
  endfacet
  facet normal 0 0 -1
    outer loop
      vertex -6.48608 35.0751 10
      vertex -3.29293 34.8658 10
      vertex -3.3 34.65 10
    endloop
  endfacet
  facet normal 0 0 -1
    outer loop
      vertex -5.82967 31.7751 10
      vertex -2.95968 33.1904 10
      vertex -5.62916 31.4 10
    endloop
  endfacet
  facet normal 0 0 -1
    outer loop
      vertex -1.83338 37.3938 10
      vertex -3.61121 40.0546 10
      vertex -3.25 40.2792 10
    endloop
  endfacet
  facet normal -0 0 -1
    outer loop
      vertex -2.95968 33.1904 10
      vertex -5.82967 31.7751 10
      vertex -3.0488 33.3871 10
    endloop
  endfacet
  facet normal 0 0 -1
    outer loop
      vertex -2.00891 37.2681 10
      vertex -3.95695 39.8068 10
      vertex -3.61121 40.0546 10
    endloop
  endfacet
  facet normal 0 0 -1
    outer loop
      vertex -6.00522 32.1626 10
      vertex -3.0488 33.3871 10
      vertex -5.82967 31.7751 10
    endloop
  endfacet
  facet normal 0 0 -1
    outer loop
      vertex -2.17584 37.1311 10
      vertex -4.28575 39.537 10
      vertex -3.95695 39.8068 10
    endloop
  endfacet
  facet normal -0 0 -1
    outer loop
      vertex -3.0488 33.3871 10
      vertex -6.00522 32.1626 10
      vertex -3.12487 33.5892 10
    endloop
  endfacet
  facet normal 0 0 -1
    outer loop
      vertex -2.33345 36.9835 10
      vertex -4.59619 39.2462 10
      vertex -4.28575 39.537 10
    endloop
  endfacet
  facet normal 0 0 -1
    outer loop
      vertex -6.15505 32.5606 10
      vertex -3.12487 33.5892 10
      vertex -6.00522 32.1626 10
    endloop
  endfacet
  facet normal 0 0 -1
    outer loop
      vertex -2.48107 36.8258 10
      vertex -4.88696 38.9357 10
      vertex -4.59619 39.2462 10
    endloop
  endfacet
  facet normal -0 0 -1
    outer loop
      vertex -3.12487 33.5892 10
      vertex -6.15505 32.5606 10
      vertex -3.18755 33.7959 10
    endloop
  endfacet
  facet normal 0 0 -1
    outer loop
      vertex -2.61807 36.6589 10
      vertex -5.1568 38.6069 10
      vertex -4.88696 38.9357 10
    endloop
  endfacet
  facet normal 0 0 -1
    outer loop
      vertex -6.27852 32.9677 10
      vertex -3.18755 33.7959 10
      vertex -6.15505 32.5606 10
    endloop
  endfacet
  facet normal 0 0 -1
    outer loop
      vertex -2.74385 36.4834 10
      vertex -5.40455 38.2612 10
      vertex -5.1568 38.6069 10
    endloop
  endfacet
  facet normal -0 0 -1
    outer loop
      vertex -3.18755 33.7959 10
      vertex -6.27852 32.9677 10
      vertex -3.23659 34.0062 10
    endloop
  endfacet
  facet normal 0 0 -1
    outer loop
      vertex -2.85788 36.3 10
      vertex -5.62916 37.9 10
      vertex -5.40455 38.2612 10
    endloop
  endfacet
  facet normal 0 0 -1
    outer loop
      vertex -6.3751 33.3819 10
      vertex -3.23659 34.0062 10
      vertex -6.27852 32.9677 10
    endloop
  endfacet
  facet normal 0 0 -1
    outer loop
      vertex -2.95968 36.1096 10
      vertex -5.82967 37.5249 10
      vertex -5.62916 37.9 10
    endloop
  endfacet
  facet normal -0 0 -1
    outer loop
      vertex -3.23659 34.0062 10
      vertex -6.3751 33.3819 10
      vertex -3.27177 34.2193 10
    endloop
  endfacet
  facet normal 0 0 -1
    outer loop
      vertex -3.0488 35.9129 10
      vertex -6.00522 37.1374 10
      vertex -5.82967 37.5249 10
    endloop
  endfacet
  facet normal 0 0 -1
    outer loop
      vertex -6.44439 33.8016 10
      vertex -3.27177 34.2193 10
      vertex -6.3751 33.3819 10
    endloop
  endfacet
  facet normal 0 0 -1
    outer loop
      vertex -3.12487 35.7108 10
      vertex -6.15505 36.7394 10
      vertex -6.00522 37.1374 10
    endloop
  endfacet
  facet normal -0 0 -1
    outer loop
      vertex -3.27177 34.2193 10
      vertex -6.44439 33.8016 10
      vertex -3.29293 34.4342 10
    endloop
  endfacet
  facet normal 0 0 -1
    outer loop
      vertex -3.18755 35.5041 10
      vertex -6.27852 36.3323 10
      vertex -6.15505 36.7394 10
    endloop
  endfacet
  facet normal 0 0 -1
    outer loop
      vertex -6.48608 34.2249 10
      vertex -3.29293 34.4342 10
      vertex -6.44439 33.8016 10
    endloop
  endfacet
  facet normal 0 0 -1
    outer loop
      vertex -3.23659 35.2938 10
      vertex -6.3751 35.9181 10
      vertex -6.27852 36.3323 10
    endloop
  endfacet
  facet normal -0 0 -1
    outer loop
      vertex -3.29293 34.4342 10
      vertex -6.48608 34.2249 10
      vertex -3.3 34.65 10
    endloop
  endfacet
  facet normal 0 0 -1
    outer loop
      vertex -3.27177 35.0807 10
      vertex -6.44439 35.4984 10
      vertex -6.3751 35.9181 10
    endloop
  endfacet
  facet normal 0 0 -1
    outer loop
      vertex -6.5 34.65 10
      vertex -3.3 34.65 10
      vertex -6.48608 34.2249 10
    endloop
  endfacet
  facet normal 0 0 -1
    outer loop
      vertex -3.29293 34.8658 10
      vertex -6.48608 35.0751 10
      vertex -6.44439 35.4984 10
    endloop
  endfacet
  facet normal 0 0 -1
    outer loop
      vertex -3.3 34.65 10
      vertex -6.5 34.65 10
      vertex -6.48608 35.0751 10
    endloop
  endfacet
  facet normal 0.729917 0.683536 0
    outer loop
      vertex 4.88696 38.9357 22
      vertex 4.59619 39.2462 10
      vertex 4.59619 39.2462 22
    endloop
  endfacet
  facet normal 0.729917 0.683536 0
    outer loop
      vertex 4.59619 39.2462 10
      vertex 4.88696 38.9357 22
      vertex 4.88696 38.9357 10
    endloop
  endfacet
  facet normal 1 -0 0
    outer loop
      vertex 6.5 25.8346 22
      vertex 6.5 34.65 10
      vertex 6.5 34.65 22
    endloop
  endfacet
  facet normal 1 0 0
    outer loop
      vertex 6.5 34.65 10
      vertex 6.5 25.8346 22
      vertex 6.5 25.8346 10
    endloop
  endfacet
  facet normal -1 0 0
    outer loop
      vertex 0 24.65 10
      vertex 0 28.15 22
      vertex 0 28.15 10
    endloop
  endfacet
  facet normal -1 -0 0
    outer loop
      vertex 0 28.15 22
      vertex 0 24.65 10
      vertex 0 24.65 22
    endloop
  endfacet
  facet normal 0 -1 0
    outer loop
      vertex 0 24.65 10
      vertex 0.799999 24.65 22
      vertex 0 24.65 22
    endloop
  endfacet
  facet normal 0 -1 -0
    outer loop
      vertex 0.799999 24.65 22
      vertex 0 24.65 10
      vertex 0.799999 24.65 10
    endloop
  endfacet
  facet normal -0.0977126 0.995215 0
    outer loop
      vertex 0.430736 31.3782 10
      vertex 0.21583 31.3571 22
      vertex 0.430736 31.3782 22
    endloop
  endfacet
  facet normal -0.0977126 0.995215 0
    outer loop
      vertex 0.21583 31.3571 22
      vertex 0.430736 31.3782 10
      vertex 0.21583 31.3571 10
    endloop
  endfacet
  facet normal 0.986646 -0.162882 0
    outer loop
      vertex -3.27177 35.0807 22
      vertex -3.23659 35.2938 10
      vertex -3.23659 35.2938 22
    endloop
  endfacet
  facet normal 0.986646 -0.162882 0
    outer loop
      vertex -3.23659 35.2938 10
      vertex -3.27177 35.0807 22
      vertex -3.27177 35.0807 10
    endloop
  endfacet
  facet normal 0.973872 -0.227098 0
    outer loop
      vertex -3.23659 35.2938 22
      vertex -3.18755 35.5041 10
      vertex -3.18755 35.5041 22
    endloop
  endfacet
  facet normal 0.973872 -0.227098 0
    outer loop
      vertex -3.18755 35.5041 10
      vertex -3.23659 35.2938 22
      vertex -3.23659 35.2938 10
    endloop
  endfacet
  facet normal -0.471405 -0.881917 0
    outer loop
      vertex 1.45955 37.6097 10
      vertex 1.65 37.5079 22
      vertex 1.45955 37.6097 22
    endloop
  endfacet
  facet normal -0.471405 -0.881917 -0
    outer loop
      vertex 1.65 37.5079 22
      vertex 1.45955 37.6097 10
      vertex 1.65 37.5079 10
    endloop
  endfacet
  facet normal 0.91087 0.412693 0
    outer loop
      vertex -2.95968 33.1904 22
      vertex -3.0488 33.3871 10
      vertex -3.0488 33.3871 22
    endloop
  endfacet
  facet normal 0.91087 0.412693 0
    outer loop
      vertex -3.0488 33.3871 10
      vertex -2.95968 33.1904 22
      vertex -2.95968 33.1904 10
    endloop
  endfacet
  facet normal -0.412616 -0.910905 0
    outer loop
      vertex 1.26285 37.6988 10
      vertex 1.45955 37.6097 22
      vertex 1.26285 37.6988 22
    endloop
  endfacet
  facet normal -0.412616 -0.910905 -0
    outer loop
      vertex 1.45955 37.6097 22
      vertex 1.26285 37.6988 10
      vertex 1.45955 37.6097 10
    endloop
  endfacet
  facet normal 0.935898 0.35227 0
    outer loop
      vertex -3.0488 33.3871 22
      vertex -3.12487 33.5892 10
      vertex -3.12487 33.5892 22
    endloop
  endfacet
  facet normal 0.935898 0.35227 0
    outer loop
      vertex -3.12487 33.5892 10
      vertex -3.0488 33.3871 22
      vertex -3.0488 33.3871 10
    endloop
  endfacet
  facet normal 0.986646 0.162882 0
    outer loop
      vertex -3.23659 34.0062 22
      vertex -3.27177 34.2193 10
      vertex -3.27177 34.2193 22
    endloop
  endfacet
  facet normal 0.986646 0.162882 0
    outer loop
      vertex -3.27177 34.2193 10
      vertex -3.23659 34.0062 22
      vertex -3.23659 34.0062 10
    endloop
  endfacet
  facet normal 0.352392 -0.935853 0
    outer loop
      vertex -1.26285 37.6988 10
      vertex -1.06075 37.7749 22
      vertex -1.26285 37.6988 22
    endloop
  endfacet
  facet normal 0.352392 -0.935853 0
    outer loop
      vertex -1.06075 37.7749 22
      vertex -1.26285 37.6988 10
      vertex -1.06075 37.7749 10
    endloop
  endfacet
  facet normal 0.0977126 -0.995215 0
    outer loop
      vertex -0.430736 37.9218 10
      vertex -0.21583 37.9429 22
      vertex -0.430736 37.9218 22
    endloop
  endfacet
  facet normal 0.0977126 -0.995215 0
    outer loop
      vertex -0.21583 37.9429 22
      vertex -0.430736 37.9218 10
      vertex -0.21583 37.9429 10
    endloop
  endfacet
  facet normal 0.91087 -0.412693 0
    outer loop
      vertex -3.0488 35.9129 22
      vertex -2.95968 36.1096 10
      vertex -2.95968 36.1096 22
    endloop
  endfacet
  facet normal 0.91087 -0.412693 0
    outer loop
      vertex -2.95968 36.1096 10
      vertex -3.0488 35.9129 22
      vertex -3.0488 35.9129 10
    endloop
  endfacet
  facet normal 0.956968 -0.290192 0
    outer loop
      vertex -3.18755 35.5041 22
      vertex -3.12487 35.7108 10
      vertex -3.12487 35.7108 22
    endloop
  endfacet
  facet normal 0.956968 -0.290192 0
    outer loop
      vertex -3.12487 35.7108 10
      vertex -3.18755 35.5041 22
      vertex -3.18755 35.5041 10
    endloop
  endfacet
  facet normal 0.999464 -0.0327442 0
    outer loop
      vertex -3.3 34.65 22
      vertex -3.29293 34.8658 10
      vertex -3.29293 34.8658 22
    endloop
  endfacet
  facet normal 0.999464 -0.0327442 0
    outer loop
      vertex -3.29293 34.8658 10
      vertex -3.3 34.65 22
      vertex -3.3 34.65 10
    endloop
  endfacet
  facet normal 0.730054 -0.68339 0
    outer loop
      vertex -2.48107 36.8258 22
      vertex -2.33345 36.9835 10
      vertex -2.33345 36.9835 22
    endloop
  endfacet
  facet normal 0.730054 -0.68339 0
    outer loop
      vertex -2.33345 36.9835 10
      vertex -2.48107 36.8258 22
      vertex -2.48107 36.8258 10
    endloop
  endfacet
  facet normal 0.412616 0.910905 -0
    outer loop
      vertex -1.26285 31.6012 10
      vertex -1.45955 31.6903 22
      vertex -1.26285 31.6012 22
    endloop
  endfacet
  facet normal 0.412616 0.910905 0
    outer loop
      vertex -1.45955 31.6903 22
      vertex -1.26285 31.6012 10
      vertex -1.45955 31.6903 10
    endloop
  endfacet
  facet normal -0.352392 -0.935853 0
    outer loop
      vertex 1.06075 37.7749 10
      vertex 1.26285 37.6988 22
      vertex 1.06075 37.7749 22
    endloop
  endfacet
  facet normal -0.352392 -0.935853 -0
    outer loop
      vertex 1.26285 37.6988 22
      vertex 1.06075 37.7749 10
      vertex 1.26285 37.6988 10
    endloop
  endfacet
  facet normal 0.0977126 0.995215 -0
    outer loop
      vertex -0.21583 31.3571 10
      vertex -0.430736 31.3782 22
      vertex -0.21583 31.3571 22
    endloop
  endfacet
  facet normal 0.0977126 0.995215 0
    outer loop
      vertex -0.430736 31.3782 22
      vertex -0.21583 31.3571 10
      vertex -0.430736 31.3782 10
    endloop
  endfacet
  facet normal -0.881865 -0.471501 0
    outer loop
      vertex 2.95968 36.1096 10
      vertex 2.85788 36.3 22
      vertex 2.85788 36.3 10
    endloop
  endfacet
  facet normal -0.881865 -0.471501 0
    outer loop
      vertex 2.85788 36.3 22
      vertex 2.95968 36.1096 10
      vertex 2.95968 36.1096 22
    endloop
  endfacet
  facet normal 0.772945 -0.634473 0
    outer loop
      vertex -2.61807 36.6589 22
      vertex -2.48107 36.8258 10
      vertex -2.48107 36.8258 22
    endloop
  endfacet
  facet normal 0.772945 -0.634473 0
    outer loop
      vertex -2.48107 36.8258 10
      vertex -2.61807 36.6589 22
      vertex -2.61807 36.6589 10
    endloop
  endfacet
  facet normal 0.582224 -0.813029 0
    outer loop
      vertex -2.00891 37.2681 10
      vertex -1.83338 37.3938 22
      vertex -2.00891 37.2681 22
    endloop
  endfacet
  facet normal 0.582224 -0.813029 0
    outer loop
      vertex -1.83338 37.3938 22
      vertex -2.00891 37.2681 10
      vertex -1.83338 37.3938 10
    endloop
  endfacet
  facet normal -0.956968 -0.290192 0
    outer loop
      vertex 3.18755 35.5041 10
      vertex 3.12487 35.7108 22
      vertex 3.12487 35.7108 10
    endloop
  endfacet
  facet normal -0.956968 -0.290192 0
    outer loop
      vertex 3.12487 35.7108 22
      vertex 3.18755 35.5041 10
      vertex 3.18755 35.5041 22
    endloop
  endfacet
  facet normal -0.730054 -0.68339 0
    outer loop
      vertex 2.48107 36.8258 10
      vertex 2.33345 36.9835 22
      vertex 2.33345 36.9835 10
    endloop
  endfacet
  facet normal -0.730054 -0.68339 0
    outer loop
      vertex 2.33345 36.9835 22
      vertex 2.48107 36.8258 10
      vertex 2.48107 36.8258 22
    endloop
  endfacet
  facet normal -0.412616 0.910905 0
    outer loop
      vertex 1.45955 31.6903 10
      vertex 1.26285 31.6012 22
      vertex 1.45955 31.6903 22
    endloop
  endfacet
  facet normal -0.412616 0.910905 0
    outer loop
      vertex 1.26285 31.6012 22
      vertex 1.45955 31.6903 10
      vertex 1.26285 31.6012 10
    endloop
  endfacet
  facet normal -0.0328785 -0.999459 0
    outer loop
      vertex 0 37.95 10
      vertex 0.21583 37.9429 22
      vertex 0 37.95 22
    endloop
  endfacet
  facet normal -0.0328785 -0.999459 -0
    outer loop
      vertex 0.21583 37.9429 22
      vertex 0 37.95 10
      vertex 0.21583 37.9429 10
    endloop
  endfacet
  facet normal 0.634405 -0.773001 0
    outer loop
      vertex -2.17584 37.1311 10
      vertex -2.00891 37.2681 22
      vertex -2.17584 37.1311 22
    endloop
  endfacet
  facet normal 0.634405 -0.773001 0
    outer loop
      vertex -2.00891 37.2681 22
      vertex -2.17584 37.1311 10
      vertex -2.00891 37.2681 10
    endloop
  endfacet
  facet normal -0.634405 0.773001 0
    outer loop
      vertex 2.17584 32.1689 10
      vertex 2.00891 32.0319 22
      vertex 2.17584 32.1689 22
    endloop
  endfacet
  facet normal -0.634405 0.773001 0
    outer loop
      vertex 2.00891 32.0319 22
      vertex 2.17584 32.1689 10
      vertex 2.00891 32.0319 10
    endloop
  endfacet
  facet normal -0.634405 -0.773001 0
    outer loop
      vertex 2.00891 37.2681 10
      vertex 2.17584 37.1311 22
      vertex 2.00891 37.2681 22
    endloop
  endfacet
  facet normal -0.634405 -0.773001 -0
    outer loop
      vertex 2.17584 37.1311 22
      vertex 2.00891 37.2681 10
      vertex 2.17584 37.1311 10
    endloop
  endfacet
  facet normal 0.528292 -0.849063 0
    outer loop
      vertex -1.83338 37.3938 10
      vertex -1.65 37.5079 22
      vertex -1.83338 37.3938 22
    endloop
  endfacet
  facet normal 0.528292 -0.849063 0
    outer loop
      vertex -1.65 37.5079 22
      vertex -1.83338 37.3938 10
      vertex -1.65 37.5079 10
    endloop
  endfacet
  facet normal 0.163001 0.986626 -0
    outer loop
      vertex -0.430736 31.3782 10
      vertex -0.643798 31.4134 22
      vertex -0.430736 31.3782 22
    endloop
  endfacet
  facet normal 0.163001 0.986626 0
    outer loop
      vertex -0.643798 31.4134 22
      vertex -0.430736 31.3782 10
      vertex -0.643798 31.4134 10
    endloop
  endfacet
  facet normal -0.163001 0.986626 0
    outer loop
      vertex 0.643798 31.4134 10
      vertex 0.430736 31.3782 22
      vertex 0.643798 31.4134 22
    endloop
  endfacet
  facet normal -0.163001 0.986626 0
    outer loop
      vertex 0.430736 31.3782 22
      vertex 0.643798 31.4134 10
      vertex 0.430736 31.3782 10
    endloop
  endfacet
  facet normal -0.995187 0.0979905 0
    outer loop
      vertex 3.27177 34.2193 10
      vertex 3.29293 34.4342 22
      vertex 3.29293 34.4342 10
    endloop
  endfacet
  facet normal -0.995187 0.0979905 0
    outer loop
      vertex 3.29293 34.4342 22
      vertex 3.27177 34.2193 10
      vertex 3.27177 34.2193 22
    endloop
  endfacet
  facet normal 0.956968 0.290192 0
    outer loop
      vertex -3.12487 33.5892 22
      vertex -3.18755 33.7959 10
      vertex -3.18755 33.7959 22
    endloop
  endfacet
  facet normal 0.956968 0.290192 0
    outer loop
      vertex -3.18755 33.7959 10
      vertex -3.12487 33.5892 22
      vertex -3.12487 33.5892 10
    endloop
  endfacet
  facet normal 0.226918 0.973914 -0
    outer loop
      vertex -0.643798 31.4134 10
      vertex -0.854102 31.4624 22
      vertex -0.643798 31.4134 22
    endloop
  endfacet
  facet normal 0.226918 0.973914 0
    outer loop
      vertex -0.854102 31.4624 22
      vertex -0.643798 31.4134 10
      vertex -0.854102 31.4624 10
    endloop
  endfacet
  facet normal -0.973872 0.227098 0
    outer loop
      vertex 3.18755 33.7959 10
      vertex 3.23659 34.0062 22
      vertex 3.23659 34.0062 10
    endloop
  endfacet
  facet normal -0.973872 0.227098 0
    outer loop
      vertex 3.23659 34.0062 22
      vertex 3.18755 33.7959 10
      vertex 3.18755 33.7959 22
    endloop
  endfacet
  facet normal 0.849234 -0.528016 0
    outer loop
      vertex -2.85788 36.3 22
      vertex -2.74385 36.4834 10
      vertex -2.74385 36.4834 22
    endloop
  endfacet
  facet normal 0.849234 -0.528016 0
    outer loop
      vertex -2.74385 36.4834 10
      vertex -2.85788 36.3 22
      vertex -2.85788 36.3 10
    endloop
  endfacet
  facet normal -0.812806 0.582534 0
    outer loop
      vertex 2.61807 32.6411 10
      vertex 2.74385 32.8166 22
      vertex 2.74385 32.8166 10
    endloop
  endfacet
  facet normal -0.812806 0.582534 0
    outer loop
      vertex 2.74385 32.8166 22
      vertex 2.61807 32.6411 10
      vertex 2.61807 32.6411 22
    endloop
  endfacet
  facet normal -0.683548 -0.729905 0
    outer loop
      vertex 2.17584 37.1311 10
      vertex 2.33345 36.9835 22
      vertex 2.17584 37.1311 22
    endloop
  endfacet
  facet normal -0.683548 -0.729905 -0
    outer loop
      vertex 2.33345 36.9835 22
      vertex 2.17584 37.1311 10
      vertex 2.33345 36.9835 10
    endloop
  endfacet
  facet normal -0.226918 0.973914 0
    outer loop
      vertex 0.854102 31.4624 10
      vertex 0.643798 31.4134 22
      vertex 0.854102 31.4624 22
    endloop
  endfacet
  facet normal -0.226918 0.973914 0
    outer loop
      vertex 0.643798 31.4134 22
      vertex 0.854102 31.4624 10
      vertex 0.643798 31.4134 10
    endloop
  endfacet
  facet normal 0.935898 -0.35227 0
    outer loop
      vertex -3.12487 35.7108 22
      vertex -3.0488 35.9129 10
      vertex -3.0488 35.9129 22
    endloop
  endfacet
  facet normal 0.935898 -0.35227 0
    outer loop
      vertex -3.0488 35.9129 10
      vertex -3.12487 35.7108 22
      vertex -3.12487 35.7108 10
    endloop
  endfacet
  facet normal 0.582224 0.813029 -0
    outer loop
      vertex -1.83338 31.9062 10
      vertex -2.00891 32.0319 22
      vertex -1.83338 31.9062 22
    endloop
  endfacet
  facet normal 0.582224 0.813029 0
    outer loop
      vertex -2.00891 32.0319 22
      vertex -1.83338 31.9062 10
      vertex -2.00891 32.0319 10
    endloop
  endfacet
  facet normal 0.730054 0.68339 0
    outer loop
      vertex -2.33345 32.3165 22
      vertex -2.48107 32.4742 10
      vertex -2.48107 32.4742 22
    endloop
  endfacet
  facet normal 0.730054 0.68339 0
    outer loop
      vertex -2.48107 32.4742 10
      vertex -2.33345 32.3165 22
      vertex -2.33345 32.3165 10
    endloop
  endfacet
  facet normal 0.881865 -0.471501 0
    outer loop
      vertex -2.95968 36.1096 22
      vertex -2.85788 36.3 10
      vertex -2.85788 36.3 22
    endloop
  endfacet
  facet normal 0.881865 -0.471501 0
    outer loop
      vertex -2.85788 36.3 10
      vertex -2.95968 36.1096 22
      vertex -2.95968 36.1096 10
    endloop
  endfacet
  facet normal 0.772945 0.634473 0
    outer loop
      vertex -2.48107 32.4742 22
      vertex -2.61807 32.6411 10
      vertex -2.61807 32.6411 22
    endloop
  endfacet
  facet normal 0.772945 0.634473 0
    outer loop
      vertex -2.61807 32.6411 10
      vertex -2.48107 32.4742 22
      vertex -2.48107 32.4742 10
    endloop
  endfacet
  facet normal 0.999464 0.0327442 0
    outer loop
      vertex -3.29293 34.4342 22
      vertex -3.3 34.65 10
      vertex -3.3 34.65 22
    endloop
  endfacet
  facet normal 0.999464 0.0327442 0
    outer loop
      vertex -3.3 34.65 10
      vertex -3.29293 34.4342 22
      vertex -3.29293 34.4342 10
    endloop
  endfacet
  facet normal -0.0977126 -0.995215 0
    outer loop
      vertex 0.21583 37.9429 10
      vertex 0.430736 37.9218 22
      vertex 0.21583 37.9429 22
    endloop
  endfacet
  facet normal -0.0977126 -0.995215 -0
    outer loop
      vertex 0.430736 37.9218 22
      vertex 0.21583 37.9429 10
      vertex 0.430736 37.9218 10
    endloop
  endfacet
  facet normal 0.973872 0.227098 0
    outer loop
      vertex -3.18755 33.7959 22
      vertex -3.23659 34.0062 10
      vertex -3.23659 34.0062 22
    endloop
  endfacet
  facet normal 0.973872 0.227098 0
    outer loop
      vertex -3.23659 34.0062 10
      vertex -3.18755 33.7959 22
      vertex -3.18755 33.7959 10
    endloop
  endfacet
  facet normal 0.0328785 -0.999459 0
    outer loop
      vertex -0.21583 37.9429 10
      vertex 0 37.95 22
      vertex -0.21583 37.9429 22
    endloop
  endfacet
  facet normal 0.0328785 -0.999459 0
    outer loop
      vertex 0 37.95 22
      vertex -0.21583 37.9429 10
      vertex 0 37.95 10
    endloop
  endfacet
  facet normal -0.935898 0.35227 0
    outer loop
      vertex 3.0488 33.3871 10
      vertex 3.12487 33.5892 22
      vertex 3.12487 33.5892 10
    endloop
  endfacet
  facet normal -0.935898 0.35227 0
    outer loop
      vertex 3.12487 33.5892 22
      vertex 3.0488 33.3871 10
      vertex 3.0488 33.3871 22
    endloop
  endfacet
  facet normal -0.290344 0.956922 0
    outer loop
      vertex 1.06075 31.5251 10
      vertex 0.854102 31.4624 22
      vertex 1.06075 31.5251 22
    endloop
  endfacet
  facet normal -0.290344 0.956922 0
    outer loop
      vertex 0.854102 31.4624 22
      vertex 1.06075 31.5251 10
      vertex 0.854102 31.4624 10
    endloop
  endfacet
  facet normal 0.995187 0.0979905 0
    outer loop
      vertex -3.27177 34.2193 22
      vertex -3.29293 34.4342 10
      vertex -3.29293 34.4342 22
    endloop
  endfacet
  facet normal 0.995187 0.0979905 0
    outer loop
      vertex -3.29293 34.4342 10
      vertex -3.27177 34.2193 22
      vertex -3.27177 34.2193 10
    endloop
  endfacet
  facet normal -0.226918 -0.973914 0
    outer loop
      vertex 0.643798 37.8866 10
      vertex 0.854102 37.8376 22
      vertex 0.643798 37.8866 22
    endloop
  endfacet
  facet normal -0.226918 -0.973914 -0
    outer loop
      vertex 0.854102 37.8376 22
      vertex 0.643798 37.8866 10
      vertex 0.854102 37.8376 10
    endloop
  endfacet
  facet normal 0.995187 -0.0979905 0
    outer loop
      vertex -3.29293 34.8658 22
      vertex -3.27177 35.0807 10
      vertex -3.27177 35.0807 22
    endloop
  endfacet
  facet normal 0.995187 -0.0979905 0
    outer loop
      vertex -3.27177 35.0807 10
      vertex -3.29293 34.8658 22
      vertex -3.29293 34.8658 10
    endloop
  endfacet
  facet normal 0.226918 -0.973914 0
    outer loop
      vertex -0.854102 37.8376 10
      vertex -0.643798 37.8866 22
      vertex -0.854102 37.8376 22
    endloop
  endfacet
  facet normal 0.226918 -0.973914 0
    outer loop
      vertex -0.643798 37.8866 22
      vertex -0.854102 37.8376 10
      vertex -0.643798 37.8866 10
    endloop
  endfacet
  facet normal -0.935898 -0.35227 0
    outer loop
      vertex 3.12487 35.7108 10
      vertex 3.0488 35.9129 22
      vertex 3.0488 35.9129 10
    endloop
  endfacet
  facet normal -0.935898 -0.35227 0
    outer loop
      vertex 3.0488 35.9129 22
      vertex 3.12487 35.7108 10
      vertex 3.12487 35.7108 22
    endloop
  endfacet
  facet normal -0.999464 0.0327442 0
    outer loop
      vertex 3.29293 34.4342 10
      vertex 3.3 34.65 22
      vertex 3.3 34.65 10
    endloop
  endfacet
  facet normal -0.999464 0.0327442 0
    outer loop
      vertex 3.3 34.65 22
      vertex 3.29293 34.4342 10
      vertex 3.29293 34.4342 22
    endloop
  endfacet
  facet normal 0.881865 0.471501 0
    outer loop
      vertex -2.85788 33 22
      vertex -2.95968 33.1904 10
      vertex -2.95968 33.1904 22
    endloop
  endfacet
  facet normal 0.881865 0.471501 0
    outer loop
      vertex -2.95968 33.1904 10
      vertex -2.85788 33 22
      vertex -2.85788 33 10
    endloop
  endfacet
  facet normal -0.290344 -0.956922 0
    outer loop
      vertex 0.854102 37.8376 10
      vertex 1.06075 37.7749 22
      vertex 0.854102 37.8376 22
    endloop
  endfacet
  facet normal -0.290344 -0.956922 -0
    outer loop
      vertex 1.06075 37.7749 22
      vertex 0.854102 37.8376 10
      vertex 1.06075 37.7749 10
    endloop
  endfacet
  facet normal 0.0328785 0.999459 -0
    outer loop
      vertex 0 31.35 10
      vertex -0.21583 31.3571 22
      vertex 0 31.35 22
    endloop
  endfacet
  facet normal 0.0328785 0.999459 0
    outer loop
      vertex -0.21583 31.3571 22
      vertex 0 31.35 10
      vertex -0.21583 31.3571 10
    endloop
  endfacet
  facet normal -0.582224 -0.813029 0
    outer loop
      vertex 1.83338 37.3938 10
      vertex 2.00891 37.2681 22
      vertex 1.83338 37.3938 22
    endloop
  endfacet
  facet normal -0.582224 -0.813029 -0
    outer loop
      vertex 2.00891 37.2681 22
      vertex 1.83338 37.3938 10
      vertex 2.00891 37.2681 10
    endloop
  endfacet
  facet normal -0.772945 -0.634473 0
    outer loop
      vertex 2.61807 36.6589 10
      vertex 2.48107 36.8258 22
      vertex 2.48107 36.8258 10
    endloop
  endfacet
  facet normal -0.772945 -0.634473 0
    outer loop
      vertex 2.48107 36.8258 22
      vertex 2.61807 36.6589 10
      vertex 2.61807 36.6589 22
    endloop
  endfacet
  facet normal -0.0328785 0.999459 0
    outer loop
      vertex 0.21583 31.3571 10
      vertex 0 31.35 22
      vertex 0.21583 31.3571 22
    endloop
  endfacet
  facet normal -0.0328785 0.999459 0
    outer loop
      vertex 0 31.35 22
      vertex 0.21583 31.3571 10
      vertex 0 31.35 10
    endloop
  endfacet
  facet normal -0.986646 -0.162882 0
    outer loop
      vertex 3.27177 35.0807 10
      vertex 3.23659 35.2938 22
      vertex 3.23659 35.2938 10
    endloop
  endfacet
  facet normal -0.986646 -0.162882 0
    outer loop
      vertex 3.23659 35.2938 22
      vertex 3.27177 35.0807 10
      vertex 3.27177 35.0807 22
    endloop
  endfacet
  facet normal -0.163001 -0.986626 0
    outer loop
      vertex 0.430736 37.9218 10
      vertex 0.643798 37.8866 22
      vertex 0.430736 37.9218 22
    endloop
  endfacet
  facet normal -0.163001 -0.986626 -0
    outer loop
      vertex 0.643798 37.8866 22
      vertex 0.430736 37.9218 10
      vertex 0.643798 37.8866 10
    endloop
  endfacet
  facet normal -0.973872 -0.227098 0
    outer loop
      vertex 3.23659 35.2938 10
      vertex 3.18755 35.5041 22
      vertex 3.18755 35.5041 10
    endloop
  endfacet
  facet normal -0.973872 -0.227098 0
    outer loop
      vertex 3.18755 35.5041 22
      vertex 3.23659 35.2938 10
      vertex 3.23659 35.2938 22
    endloop
  endfacet
  facet normal 0.683548 -0.729905 0
    outer loop
      vertex -2.33345 36.9835 10
      vertex -2.17584 37.1311 22
      vertex -2.33345 36.9835 22
    endloop
  endfacet
  facet normal 0.683548 -0.729905 0
    outer loop
      vertex -2.17584 37.1311 22
      vertex -2.33345 36.9835 10
      vertex -2.17584 37.1311 10
    endloop
  endfacet
  facet normal -0.881865 0.471501 0
    outer loop
      vertex 2.85788 33 10
      vertex 2.95968 33.1904 22
      vertex 2.95968 33.1904 10
    endloop
  endfacet
  facet normal -0.881865 0.471501 0
    outer loop
      vertex 2.95968 33.1904 22
      vertex 2.85788 33 10
      vertex 2.85788 33 22
    endloop
  endfacet
  facet normal 0.412616 -0.910905 0
    outer loop
      vertex -1.45955 37.6097 10
      vertex -1.26285 37.6988 22
      vertex -1.45955 37.6097 22
    endloop
  endfacet
  facet normal 0.412616 -0.910905 0
    outer loop
      vertex -1.26285 37.6988 22
      vertex -1.45955 37.6097 10
      vertex -1.26285 37.6988 10
    endloop
  endfacet
  facet normal 0.812806 -0.582534 0
    outer loop
      vertex -2.74385 36.4834 22
      vertex -2.61807 36.6589 10
      vertex -2.61807 36.6589 22
    endloop
  endfacet
  facet normal 0.812806 -0.582534 0
    outer loop
      vertex -2.61807 36.6589 10
      vertex -2.74385 36.4834 22
      vertex -2.74385 36.4834 10
    endloop
  endfacet
  facet normal -0.849234 -0.528016 0
    outer loop
      vertex 2.85788 36.3 10
      vertex 2.74385 36.4834 22
      vertex 2.74385 36.4834 10
    endloop
  endfacet
  facet normal -0.849234 -0.528016 0
    outer loop
      vertex 2.74385 36.4834 22
      vertex 2.85788 36.3 10
      vertex 2.85788 36.3 22
    endloop
  endfacet
  facet normal 0.290344 0.956922 -0
    outer loop
      vertex -0.854102 31.4624 10
      vertex -1.06075 31.5251 22
      vertex -0.854102 31.4624 22
    endloop
  endfacet
  facet normal 0.290344 0.956922 0
    outer loop
      vertex -1.06075 31.5251 22
      vertex -0.854102 31.4624 10
      vertex -1.06075 31.5251 10
    endloop
  endfacet
  facet normal 0.471405 0.881917 -0
    outer loop
      vertex -1.45955 31.6903 10
      vertex -1.65 31.7921 22
      vertex -1.45955 31.6903 22
    endloop
  endfacet
  facet normal 0.471405 0.881917 0
    outer loop
      vertex -1.65 31.7921 22
      vertex -1.45955 31.6903 10
      vertex -1.65 31.7921 10
    endloop
  endfacet
  facet normal 0.352392 0.935853 -0
    outer loop
      vertex -1.06075 31.5251 10
      vertex -1.26285 31.6012 22
      vertex -1.06075 31.5251 22
    endloop
  endfacet
  facet normal 0.352392 0.935853 0
    outer loop
      vertex -1.26285 31.6012 22
      vertex -1.06075 31.5251 10
      vertex -1.26285 31.6012 10
    endloop
  endfacet
  facet normal -0.772945 0.634473 0
    outer loop
      vertex 2.48107 32.4742 10
      vertex 2.61807 32.6411 22
      vertex 2.61807 32.6411 10
    endloop
  endfacet
  facet normal -0.772945 0.634473 0
    outer loop
      vertex 2.61807 32.6411 22
      vertex 2.48107 32.4742 10
      vertex 2.48107 32.4742 22
    endloop
  endfacet
  facet normal 0.683548 0.729905 -0
    outer loop
      vertex -2.17584 32.1689 10
      vertex -2.33345 32.3165 22
      vertex -2.17584 32.1689 22
    endloop
  endfacet
  facet normal 0.683548 0.729905 0
    outer loop
      vertex -2.33345 32.3165 22
      vertex -2.17584 32.1689 10
      vertex -2.33345 32.3165 10
    endloop
  endfacet
  facet normal 0.528292 0.849063 -0
    outer loop
      vertex -1.65 31.7921 10
      vertex -1.83338 31.9062 22
      vertex -1.65 31.7921 22
    endloop
  endfacet
  facet normal 0.528292 0.849063 0
    outer loop
      vertex -1.83338 31.9062 22
      vertex -1.65 31.7921 10
      vertex -1.83338 31.9062 10
    endloop
  endfacet
  facet normal -0.986646 0.162882 0
    outer loop
      vertex 3.23659 34.0062 10
      vertex 3.27177 34.2193 22
      vertex 3.27177 34.2193 10
    endloop
  endfacet
  facet normal -0.986646 0.162882 0
    outer loop
      vertex 3.27177 34.2193 22
      vertex 3.23659 34.0062 10
      vertex 3.23659 34.0062 22
    endloop
  endfacet
  facet normal 0.634405 0.773001 -0
    outer loop
      vertex -2.00891 32.0319 10
      vertex -2.17584 32.1689 22
      vertex -2.00891 32.0319 22
    endloop
  endfacet
  facet normal 0.634405 0.773001 0
    outer loop
      vertex -2.17584 32.1689 22
      vertex -2.00891 32.0319 10
      vertex -2.17584 32.1689 10
    endloop
  endfacet
  facet normal -0.683548 0.729905 0
    outer loop
      vertex 2.33345 32.3165 10
      vertex 2.17584 32.1689 22
      vertex 2.33345 32.3165 22
    endloop
  endfacet
  facet normal -0.683548 0.729905 0
    outer loop
      vertex 2.17584 32.1689 22
      vertex 2.33345 32.3165 10
      vertex 2.17584 32.1689 10
    endloop
  endfacet
  facet normal -0.995187 -0.0979905 0
    outer loop
      vertex 3.29293 34.8658 10
      vertex 3.27177 35.0807 22
      vertex 3.27177 35.0807 10
    endloop
  endfacet
  facet normal -0.995187 -0.0979905 0
    outer loop
      vertex 3.27177 35.0807 22
      vertex 3.29293 34.8658 10
      vertex 3.29293 34.8658 22
    endloop
  endfacet
  facet normal -0.730054 0.68339 0
    outer loop
      vertex 2.33345 32.3165 10
      vertex 2.48107 32.4742 22
      vertex 2.48107 32.4742 10
    endloop
  endfacet
  facet normal -0.730054 0.68339 0
    outer loop
      vertex 2.48107 32.4742 22
      vertex 2.33345 32.3165 10
      vertex 2.33345 32.3165 22
    endloop
  endfacet
  facet normal 0.163001 -0.986626 0
    outer loop
      vertex -0.643798 37.8866 10
      vertex -0.430736 37.9218 22
      vertex -0.643798 37.8866 22
    endloop
  endfacet
  facet normal 0.163001 -0.986626 0
    outer loop
      vertex -0.430736 37.9218 22
      vertex -0.643798 37.8866 10
      vertex -0.430736 37.9218 10
    endloop
  endfacet
  facet normal 0.849234 0.528016 0
    outer loop
      vertex -2.74385 32.8166 22
      vertex -2.85788 33 10
      vertex -2.85788 33 22
    endloop
  endfacet
  facet normal 0.849234 0.528016 0
    outer loop
      vertex -2.85788 33 10
      vertex -2.74385 32.8166 22
      vertex -2.74385 32.8166 10
    endloop
  endfacet
  facet normal -0.91087 -0.412693 0
    outer loop
      vertex 3.0488 35.9129 10
      vertex 2.95968 36.1096 22
      vertex 2.95968 36.1096 10
    endloop
  endfacet
  facet normal -0.91087 -0.412693 0
    outer loop
      vertex 2.95968 36.1096 22
      vertex 3.0488 35.9129 10
      vertex 3.0488 35.9129 22
    endloop
  endfacet
  facet normal 0.471405 -0.881917 0
    outer loop
      vertex -1.65 37.5079 10
      vertex -1.45955 37.6097 22
      vertex -1.65 37.5079 22
    endloop
  endfacet
  facet normal 0.471405 -0.881917 0
    outer loop
      vertex -1.45955 37.6097 22
      vertex -1.65 37.5079 10
      vertex -1.45955 37.6097 10
    endloop
  endfacet
  facet normal -0.471405 0.881917 0
    outer loop
      vertex 1.65 31.7921 10
      vertex 1.45955 31.6903 22
      vertex 1.65 31.7921 22
    endloop
  endfacet
  facet normal -0.471405 0.881917 0
    outer loop
      vertex 1.45955 31.6903 22
      vertex 1.65 31.7921 10
      vertex 1.45955 31.6903 10
    endloop
  endfacet
  facet normal 0.812806 0.582534 0
    outer loop
      vertex -2.61807 32.6411 22
      vertex -2.74385 32.8166 10
      vertex -2.74385 32.8166 22
    endloop
  endfacet
  facet normal 0.812806 0.582534 0
    outer loop
      vertex -2.74385 32.8166 10
      vertex -2.61807 32.6411 22
      vertex -2.61807 32.6411 10
    endloop
  endfacet
  facet normal -0.528292 -0.849063 0
    outer loop
      vertex 1.65 37.5079 10
      vertex 1.83338 37.3938 22
      vertex 1.65 37.5079 22
    endloop
  endfacet
  facet normal -0.528292 -0.849063 -0
    outer loop
      vertex 1.83338 37.3938 22
      vertex 1.65 37.5079 10
      vertex 1.83338 37.3938 10
    endloop
  endfacet
  facet normal -0.849234 0.528016 0
    outer loop
      vertex 2.74385 32.8166 10
      vertex 2.85788 33 22
      vertex 2.85788 33 10
    endloop
  endfacet
  facet normal -0.849234 0.528016 0
    outer loop
      vertex 2.85788 33 22
      vertex 2.74385 32.8166 10
      vertex 2.74385 32.8166 22
    endloop
  endfacet
  facet normal -0.999464 -0.0327442 0
    outer loop
      vertex 3.3 34.65 10
      vertex 3.29293 34.8658 22
      vertex 3.29293 34.8658 10
    endloop
  endfacet
  facet normal -0.999464 -0.0327442 0
    outer loop
      vertex 3.29293 34.8658 22
      vertex 3.3 34.65 10
      vertex 3.3 34.65 22
    endloop
  endfacet
  facet normal -0.91087 0.412693 0
    outer loop
      vertex 2.95968 33.1904 10
      vertex 3.0488 33.3871 22
      vertex 3.0488 33.3871 10
    endloop
  endfacet
  facet normal -0.91087 0.412693 0
    outer loop
      vertex 3.0488 33.3871 22
      vertex 2.95968 33.1904 10
      vertex 2.95968 33.1904 22
    endloop
  endfacet
  facet normal -0.352392 0.935853 0
    outer loop
      vertex 1.26285 31.6012 10
      vertex 1.06075 31.5251 22
      vertex 1.26285 31.6012 22
    endloop
  endfacet
  facet normal -0.352392 0.935853 0
    outer loop
      vertex 1.06075 31.5251 22
      vertex 1.26285 31.6012 10
      vertex 1.06075 31.5251 10
    endloop
  endfacet
  facet normal 0.290344 -0.956922 0
    outer loop
      vertex -1.06075 37.7749 10
      vertex -0.854102 37.8376 22
      vertex -1.06075 37.7749 22
    endloop
  endfacet
  facet normal 0.290344 -0.956922 0
    outer loop
      vertex -0.854102 37.8376 22
      vertex -1.06075 37.7749 10
      vertex -0.854102 37.8376 10
    endloop
  endfacet
  facet normal -0.812806 -0.582534 0
    outer loop
      vertex 2.74385 36.4834 10
      vertex 2.61807 36.6589 22
      vertex 2.61807 36.6589 10
    endloop
  endfacet
  facet normal -0.812806 -0.582534 0
    outer loop
      vertex 2.61807 36.6589 22
      vertex 2.74385 36.4834 10
      vertex 2.74385 36.4834 22
    endloop
  endfacet
  facet normal -0.528292 0.849063 0
    outer loop
      vertex 1.83338 31.9062 10
      vertex 1.65 31.7921 22
      vertex 1.83338 31.9062 22
    endloop
  endfacet
  facet normal -0.528292 0.849063 0
    outer loop
      vertex 1.65 31.7921 22
      vertex 1.83338 31.9062 10
      vertex 1.65 31.7921 10
    endloop
  endfacet
  facet normal -0.956968 0.290192 0
    outer loop
      vertex 3.12487 33.5892 10
      vertex 3.18755 33.7959 22
      vertex 3.18755 33.7959 10
    endloop
  endfacet
  facet normal -0.956968 0.290192 0
    outer loop
      vertex 3.18755 33.7959 22
      vertex 3.12487 33.5892 10
      vertex 3.12487 33.5892 22
    endloop
  endfacet
  facet normal -0.582224 0.813029 0
    outer loop
      vertex 2.00891 32.0319 10
      vertex 1.83338 31.9062 22
      vertex 2.00891 32.0319 22
    endloop
  endfacet
  facet normal -0.582224 0.813029 0
    outer loop
      vertex 1.83338 31.9062 22
      vertex 2.00891 32.0319 10
      vertex 1.83338 31.9062 10
    endloop
  endfacet
  facet normal 0.923177 0.111471 0.367855
    outer loop
      vertex 10.7139 -26.4278 26.5364
      vertex 10.5638 -26.4661 26.9247
      vertex 10.7139 -26.5367 26.5694
    endloop
  endfacet
  facet normal 0.194128 -0.976272 -0.0959539
    outer loop
      vertex 9.38057 -52.4405 14.3214
      vertex 9.38057 -52.4772 14.6948
      vertex 8.99603 -52.5155 14.3065
    endloop
  endfacet
  facet normal 0.980595 0.0568545 0.18762
    outer loop
      vertex 10.7139 -26.4278 26.5364
      vertex 10.7139 -26.5367 26.5694
      vertex 10.7904 -26.6117 26.1923
    endloop
  endfacet
  facet normal 0.980612 0.0188431 0.195052
    outer loop
      vertex 10.7904 -26.6117 26.1923
      vertex 10.7139 -26.65 26.5806
      vertex 10.7904 -26.65 26.196
    endloop
  endfacet
  facet normal 0.980592 -0.124152 0.151741
    outer loop
      vertex 10.7904 -47.3517 23.6805
      vertex 10.7139 -47.6533 23.9281
      vertex 10.7904 -47.3814 23.6562
    endloop
  endfacet
  facet normal -0 0 1
    outer loop
      vertex 2.60397 -26.65 27.9904
      vertex 8.99603 -40.6172 27.9904
      vertex 8.99603 -26.65 27.9904
    endloop
  endfacet
  facet normal 0 0 1
    outer loop
      vertex 8.99603 -40.6172 27.9904
      vertex 2.60397 -26.65 27.9904
      vertex 2.60397 -40.6172 27.9904
    endloop
  endfacet
  facet normal 0.830241 0.161773 -0.533413
    outer loop
      vertex 10.346 -26.1645 4.82779
      vertex 10.5638 -26.2892 5.12897
      vertex 10.5638 -26.4661 5.07532
    endloop
  endfacet
  facet normal -0.194122 -0.284833 0.938716
    outer loop
      vertex 2.60397 -44.6257 27.3071
      vertex 2.60397 -44.2523 27.4204
      vertex 2.21943 -44.2374 27.3454
    endloop
  endfacet
  facet normal -0.707001 -0.373383 0.600612
    outer loop
      vertex 1.25398 -46.91 25.3688
      vertex 1.53121 -46.5084 25.9448
      vertex 1.25398 -46.3544 25.7142
    endloop
  endfacet
  facet normal -0.706894 -0.373517 0.600654
    outer loop
      vertex 1.53121 -46.5084 25.9448
      vertex 1.25398 -46.91 25.3688
      vertex 1.53121 -47.064 25.5993
    endloop
  endfacet
  facet normal -0.381154 -0.435838 -0.815333
    outer loop
      vertex 1.85721 -46.6294 5.87413
      vertex 2.21943 -46.1357 5.44089
      vertex 2.21943 -46.7128 5.74938
    endloop
  endfacet
  facet normal -0.381173 -0.435823 -0.815332
    outer loop
      vertex 2.21943 -46.1357 5.44089
      vertex 1.85721 -46.6294 5.87413
      vertex 1.85721 -46.0523 5.56565
    endloop
  endfacet
  facet normal 0 -0.729883 -0.683572
    outer loop
      vertex 2.60397 -49.1277 7.52228
      vertex 8.99603 -49.5748 7.99967
      vertex 2.60397 -49.5748 7.99967
    endloop
  endfacet
  facet normal 0 -0.729883 -0.683572
    outer loop
      vertex 8.99603 -49.5748 7.99967
      vertex 2.60397 -49.1277 7.52228
      vertex 8.99603 -49.1277 7.52228
    endloop
  endfacet
  facet normal -0.553613 0.0817201 -0.828755
    outer loop
      vertex 1.85721 -26.65 4.23616
      vertex 1.74299 -26.5929 4.31809
      vertex 1.79048 -26.5883 4.28682
    endloop
  endfacet
  facet normal -0.553713 0.081461 -0.828714
    outer loop
      vertex 1.53121 -26.65 4.45398
      vertex 1.74299 -26.5929 4.31809
      vertex 1.85721 -26.65 4.23616
    endloop
  endfacet
  facet normal -0.553749 0.0817087 -0.828665
    outer loop
      vertex 1.74299 -26.5929 4.31809
      vertex 1.53121 -26.65 4.45398
      vertex 1.53121 -26.5999 4.45892
    endloop
  endfacet
  facet normal 0.706956 -0.115273 0.6978
    outer loop
      vertex 10.0688 -42.2569 27.4297
      vertex 10.346 -42.8481 27.0512
      vertex 10.346 -42.2028 27.1578
    endloop
  endfacet
  facet normal 0.706956 -0.115273 0.6978
    outer loop
      vertex 10.346 -42.8481 27.0512
      vertex 10.0688 -42.2569 27.4297
      vertex 10.0688 -42.9022 27.3231
    endloop
  endfacet
  facet normal 0.830263 0.161901 0.53334
    outer loop
      vertex 10.5638 -26.2892 26.871
      vertex 10.346 -26.1645 27.1722
      vertex 10.5638 -26.4661 26.9247
    endloop
  endfacet
  facet normal 0.980596 0.195087 0.0192849
    outer loop
      vertex 10.7139 -26.0694 26
      vertex 10.7139 -26.0806 26.1133
      vertex 10.7904 -26.4577 26.0382
    endloop
  endfacet
  facet normal 0.381253 -0.586479 0.714625
    outer loop
      vertex 9.38057 -47.8003 25.524
      vertex 9.74279 -48.2227 24.9841
      vertex 9.74279 -47.7169 25.3992
    endloop
  endfacet
  facet normal 0.381253 -0.586479 0.714625
    outer loop
      vertex 9.74279 -48.2227 24.9841
      vertex 9.38057 -47.8003 25.524
      vertex 9.38057 -48.3061 25.1089
    endloop
  endfacet
  facet normal 0.705406 0.625194 0.333969
    outer loop
      vertex 10.346 -25.4778 26.4855
      vertex 10.0688 -25.3645 26.8589
      vertex 10.346 -25.595 26.7049
    endloop
  endfacet
  facet normal -0.553783 -0.241783 0.796784
    outer loop
      vertex 1.53121 -44.4557 26.8966
      vertex 1.85721 -44.539 27.0979
      vertex 1.53121 -44.1657 26.9846
    endloop
  endfacet
  facet normal -0.706861 -0.483525 0.516286
    outer loop
      vertex 1.25398 -48.6175 23.9675
      vertex 1.53121 -48.336 24.6107
      vertex 1.25398 -48.14 24.4147
    endloop
  endfacet
  facet normal -0.706861 -0.483525 0.516286
    outer loop
      vertex 1.53121 -48.336 24.6107
      vertex 1.25398 -48.6175 23.9675
      vertex 1.53121 -48.8135 24.1635
    endloop
  endfacet
  facet normal 0.194233 0.622316 0.758285
    outer loop
      vertex 8.99603 -25.2426 27.4074
      vertex 9.38057 -25.5867 27.5913
      vertex 9.38057 -25.2967 27.3533
    endloop
  endfacet
  facet normal 0.553646 0.241564 0.796946
    outer loop
      vertex 9.74279 -25.975 27.6296
      vertex 9.74279 -26.3059 27.7299
      vertex 10.0688 -26.3484 27.5163
    endloop
  endfacet
  facet normal -0.923188 -0.382518 -0.0374753
    outer loop
      vertex 1.03616 -51.488 14.5109
      vertex 0.886119 -51.1439 14.6948
      vertex 0.886119 -51.1328 14.5815
    endloop
  endfacet
  facet normal 0.382647 -0.9234 0.0302152
    outer loop
      vertex 9.38057 -52.5628 16
      vertex 9.74279 -52.3913 16.654
      vertex 9.38057 -52.5414 16.654
    endloop
  endfacet
  facet normal 0.382428 -0.923487 0.0303593
    outer loop
      vertex 9.74279 -52.3913 16.654
      vertex 9.38057 -52.5628 16
      vertex 9.74279 -52.4128 16
    endloop
  endfacet
  facet normal 0.194211 -0.938743 -0.284681
    outer loop
      vertex 9.38057 -51.8865 12.0536
      vertex 9.38057 -51.9954 12.4127
      vertex 8.99603 -51.9572 12.0244
    endloop
  endfacet
  facet normal -0.382558 -0.487894 -0.784607
    outer loop
      vertex 1.85721 -47.185 6.21962
      vertex 2.21943 -46.7128 5.74938
      vertex 2.21943 -47.2684 6.09487
    endloop
  endfacet
  facet normal -0.382558 -0.487894 -0.784607
    outer loop
      vertex 2.21943 -46.7128 5.74938
      vertex 1.85721 -47.185 6.21962
      vertex 1.85721 -46.6294 5.87413
    endloop
  endfacet
  facet normal 0 -0.973884 -0.227046
    outer loop
      vertex 2.60397 -52.2603 13.0237
      vertex 8.99603 -52.4089 13.6611
      vertex 2.60397 -52.4089 13.6611
    endloop
  endfacet
  facet normal 0 -0.973884 -0.227046
    outer loop
      vertex 8.99603 -52.4089 13.6611
      vertex 2.60397 -52.2603 13.0237
      vertex 8.99603 -52.2603 13.0237
    endloop
  endfacet
  facet normal 0.194209 0.0962898 0.976223
    outer loop
      vertex 8.99603 -26.2617 27.9521
      vertex 8.99603 -26.65 27.9904
      vertex 9.38057 -26.65 27.9139
    endloop
  endfacet
  facet normal 0.923184 -0.367806 -0.111576
    outer loop
      vertex 10.7139 -50.8776 13.2988
      vertex 10.5638 -51.043 12.6021
      vertex 10.7139 -50.6877 12.6728
    endloop
  endfacet
  facet normal 0.923184 -0.367806 -0.111576
    outer loop
      vertex 10.5638 -51.043 12.6021
      vertex 10.7139 -50.8776 13.2988
      vertex 10.5638 -51.2329 13.2281
    endloop
  endfacet
  facet normal 0.705522 -0.624988 -0.334107
    outer loop
      vertex 10.346 -50.7899 11.0919
      vertex 10.0688 -50.7377 10.4089
      vertex 10.346 -50.4815 10.515
    endloop
  endfacet
  facet normal 0.705414 -0.625129 -0.334074
    outer loop
      vertex 10.0688 -50.7377 10.4089
      vertex 10.346 -50.7899 11.0919
      vertex 10.0688 -51.046 10.9858
    endloop
  endfacet
  facet normal 0.19421 -0.0962289 0.976229
    outer loop
      vertex 8.99603 -41.3039 27.9679
      vertex 9.38057 -41.9552 27.8272
      vertex 9.38057 -41.3039 27.8914
    endloop
  endfacet
  facet normal 0.19421 -0.0962289 0.976229
    outer loop
      vertex 9.38057 -41.9552 27.8272
      vertex 8.99603 -41.3039 27.9679
      vertex 8.99603 -41.9552 27.9037
    endloop
  endfacet
  facet normal 0.553777 -0.643687 0.528202
    outer loop
      vertex 9.74279 -50.0493 23.0668
      vertex 10.0688 -49.4529 23.4518
      vertex 9.74279 -49.634 23.5729
    endloop
  endfacet
  facet normal 0.553777 -0.643687 0.528202
    outer loop
      vertex 10.0688 -49.4529 23.4518
      vertex 9.74279 -50.0493 23.0668
      vertex 10.0688 -49.8682 22.9457
    endloop
  endfacet
  facet normal 0.923184 0.382495 0.0378106
    outer loop
      vertex 10.7139 -26.0694 26
      vertex 10.5638 -25.7253 26.1839
      vertex 10.7139 -26.0806 26.1133
    endloop
  endfacet
  facet normal 0.381246 0.0906384 0.92002
    outer loop
      vertex 9.74279 -26.3059 27.7299
      vertex 9.38057 -26.65 27.9139
      vertex 9.74279 -26.65 27.7638
    endloop
  endfacet
  facet normal -0.923192 0.038239 0.382431
    outer loop
      vertex 1.03616 -26.65 26.9428
      vertex 0.910427 -26.6202 26.6363
      vertex 0.886119 -26.65 26.5806
    endloop
  endfacet
  facet normal -0.923263 0.037221 0.382361
    outer loop
      vertex 0.910427 -26.6202 26.6363
      vertex 1.03616 -26.65 26.9428
      vertex 1.03616 -26.6161 26.9395
    endloop
  endfacet
  facet normal -0.83023 -0.0546225 -0.554739
    outer loop
      vertex 1.25398 -42.2028 4.84223
      vertex 1.03616 -42.1392 5.16196
      vertex 1.25398 -41.9552 4.81785
    endloop
  endfacet
  facet normal 0 -0.471346 0.881948
    outer loop
      vertex 2.60397 -45.8341 26.8066
      vertex 8.99603 -46.1782 26.6227
      vertex 8.99603 -45.8341 26.8066
    endloop
  endfacet
  facet normal 0 -0.471346 0.881948
    outer loop
      vertex 8.99603 -46.1782 26.6227
      vertex 2.60397 -45.8341 26.8066
      vertex 2.60397 -46.1782 26.6227
    endloop
  endfacet
  facet normal 0.381003 -0.714581 0.586695
    outer loop
      vertex 9.74279 -49.4146 23.8402
      vertex 9.38057 -49.5207 23.9462
      vertex 9.38057 -49.7588 23.6562
    endloop
  endfacet
  facet normal 0.381117 -0.714701 0.586475
    outer loop
      vertex 9.38057 -50.1741 23.1501
      vertex 9.74279 -49.634 23.5729
      vertex 9.38057 -49.7588 23.6562
    endloop
  endfacet
  facet normal 0.381117 -0.714701 0.586475
    outer loop
      vertex 9.74279 -49.634 23.5729
      vertex 9.38057 -50.1741 23.1501
      vertex 9.74279 -50.0493 23.0668
    endloop
  endfacet
  facet normal -0.923875 0 -0.382693
    outer loop
      vertex 1.03616 -40.6172 5.05721
      vertex 0.886119 -26.65 5.41943
      vertex 1.03616 -26.65 5.05721
    endloop
  endfacet
  facet normal -0.923875 -0 -0.382693
    outer loop
      vertex 0.886119 -26.65 5.41943
      vertex 1.03616 -40.6172 5.05721
      vertex 0.886119 -40.6172 5.41943
    endloop
  endfacet
  facet normal -0.923238 -0.367683 0.111538
    outer loop
      vertex 0.886119 -50.8776 18.7012
      vertex 1.03616 -51.043 19.3979
      vertex 0.886119 -50.6877 19.3272
    endloop
  endfacet
  facet normal -0.923238 -0.367683 0.111538
    outer loop
      vertex 1.03616 -51.043 19.3979
      vertex 0.886119 -50.8776 18.7012
      vertex 1.03616 -51.2329 18.7719
    endloop
  endfacet
  facet normal 0.980595 0.0192853 0.195092
    outer loop
      vertex 10.7139 -26.5367 26.5694
      vertex 10.7139 -26.65 26.5806
      vertex 10.7904 -26.6117 26.1923
    endloop
  endfacet
  facet normal 0.923184 0.0378106 0.382495
    outer loop
      vertex 10.7139 -26.5367 26.5694
      vertex 10.5638 -26.4661 26.9247
      vertex 10.7139 -26.65 26.5806
    endloop
  endfacet
  facet normal 0.382429 -0.92349 -0.0302182
    outer loop
      vertex 9.38057 -52.5414 15.346
      vertex 9.74279 -52.4128 16
      vertex 9.38057 -52.5628 16
    endloop
  endfacet
  facet normal 0.382645 -0.923396 -0.0303563
    outer loop
      vertex 9.74279 -52.4128 16
      vertex 9.38057 -52.5414 15.346
      vertex 9.74279 -52.3913 15.346
    endloop
  endfacet
  facet normal 0.55364 0.528319 0.643709
    outer loop
      vertex 9.74279 -25.4028 27.2472
      vertex 10.0688 -25.7911 27.2855
      vertex 10.0688 -25.5568 27.0932
    endloop
  endfacet
  facet normal 0.381005 0.884744 0.268445
    outer loop
      vertex 9.74279 -24.92 26.3441
      vertex 9.52811 -24.8737 26.4962
      vertex 9.74279 -25.0204 26.675
    endloop
  endfacet
  facet normal 0.3811 0.884654 0.268607
    outer loop
      vertex 9.52811 -24.8737 26.4962
      vertex 9.74279 -24.92 26.3441
      vertex 9.58035 -24.854 26.3572
    endloop
  endfacet
  facet normal 0.923767 -0.0869613 0.37295
    outer loop
      vertex 10.5638 -43.4218 26.5829
      vertex 10.7139 -42.7138 26.3762
      vertex 10.5638 -42.7845 26.7315
    endloop
  endfacet
  facet normal 0.923767 -0.0869613 0.37295
    outer loop
      vertex 10.7139 -42.7138 26.3762
      vertex 10.5638 -43.4218 26.5829
      vertex 10.7139 -43.3511 26.2276
    endloop
  endfacet
  facet normal 0.92375 -0.325257 0.202224
    outer loop
      vertex 10.5638 -50.0932 21.5232
      vertex 10.7139 -49.4465 21.8777
      vertex 10.5638 -49.7477 22.0789
    endloop
  endfacet
  facet normal 0.923718 -0.325294 0.202306
    outer loop
      vertex 10.7139 -49.4465 21.8777
      vertex 10.5638 -50.0932 21.5232
      vertex 10.7139 -49.7921 21.322
    endloop
  endfacet
  facet normal -0.381168 -0.586518 -0.714638
    outer loop
      vertex 1.85721 -48.2227 7.01587
      vertex 2.21943 -47.8003 6.476
      vertex 2.21943 -48.3061 6.89112
    endloop
  endfacet
  facet normal -0.381185 -0.586505 -0.71464
    outer loop
      vertex 2.21943 -47.8003 6.476
      vertex 1.85721 -48.2227 7.01587
      vertex 1.85721 -47.7169 6.60076
    endloop
  endfacet
  facet normal 0.383002 0.923748 -0
    outer loop
      vertex 9.74279 -24.8862 6
      vertex 9.62485 -24.8373 26
      vertex 9.74279 -24.8862 26
    endloop
  endfacet
  facet normal 0.383002 0.923748 0
    outer loop
      vertex 9.62485 -24.8373 26
      vertex 9.74279 -24.8862 6
      vertex 9.62485 -24.8373 6
    endloop
  endfacet
  facet normal 0.381063 -0.88476 -0.268311
    outer loop
      vertex 9.74279 -51.7479 12.111
      vertex 9.38057 -51.9954 12.4127
      vertex 9.38057 -51.8865 12.0536
    endloop
  endfacet
  facet normal -0.923238 -0.243712 -0.297046
    outer loop
      vertex 1.03616 -47.7666 7.69855
      vertex 0.886119 -47.6533 8.07193
      vertex 0.886119 -47.5653 7.99973
    endloop
  endfacet
  facet normal 0.831363 -0.018199 0.555432
    outer loop
      vertex 10.346 -41.3039 27.2463
      vertex 10.5638 -40.6172 26.9428
      vertex 10.346 -40.6172 27.2688
    endloop
  endfacet
  facet normal 0.831363 -0.018199 0.555432
    outer loop
      vertex 10.5638 -40.6172 26.9428
      vertex 10.346 -41.3039 27.2463
      vertex 10.5638 -41.3039 26.9203
    endloop
  endfacet
  facet normal -0.194998 -0.517926 -0.832903
    outer loop
      vertex 2.21943 -47.2684 6.09487
      vertex 2.60397 -46.7553 5.68578
      vertex 2.60397 -47.3109 6.03127
    endloop
  endfacet
  facet normal -0.194998 -0.517926 -0.832903
    outer loop
      vertex 2.60397 -46.7553 5.68578
      vertex 2.21943 -47.2684 6.09487
      vertex 2.21943 -46.7128 5.74938
    endloop
  endfacet
  facet normal 0 -0.772976 -0.634435
    outer loop
      vertex 2.60397 -49.8223 8.30128
      vertex 8.99603 -50.2377 8.80739
      vertex 2.60397 -50.2377 8.80739
    endloop
  endfacet
  facet normal 0 -0.772976 -0.634435
    outer loop
      vertex 8.99603 -50.2377 8.80739
      vertex 2.60397 -49.8223 8.30128
      vertex 8.99603 -49.8223 8.30128
    endloop
  endfacet
  facet normal 0.195091 0 -0.980785
    outer loop
      vertex 8.99603 -40.6172 4.00963
      vertex 9.38057 -26.65 4.08612
      vertex 9.38057 -40.6172 4.08612
    endloop
  endfacet
  facet normal 0.195091 0 -0.980785
    outer loop
      vertex 9.38057 -26.65 4.08612
      vertex 8.99603 -40.6172 4.00963
      vertex 8.99603 -26.65 4.00963
    endloop
  endfacet
  facet normal 0.831344 -0.405642 0.379897
    outer loop
      vertex 10.346 -49.0646 23.4901
      vertex 10.5638 -48.387 23.737
      vertex 10.346 -48.6175 23.9675
    endloop
  endfacet
  facet normal 0.831344 -0.405642 0.379897
    outer loop
      vertex 10.5638 -48.387 23.737
      vertex 10.346 -49.0646 23.4901
      vertex 10.5638 -48.8341 23.2596
    endloop
  endfacet
  facet normal 0.830254 0.0546408 -0.5547
    outer loop
      vertex 10.346 -26.4025 4.75559
      vertex 10.5638 -26.4661 5.07532
      vertex 10.346 -26.65 4.73121
    endloop
  endfacet
  facet normal -0.980616 -0.195024 -0.0188898
    outer loop
      vertex 0.80963 -50.8198 15.3078
      vertex 0.886119 -51.2081 15.346
      vertex 0.80963 -50.8235 15.346
    endloop
  endfacet
  facet normal -0.923795 -0.0125387 0.382681
    outer loop
      vertex 1.03616 -41.3039 26.9203
      vertex 0.886119 -40.6172 26.5806
      vertex 0.886119 -41.3039 26.5581
    endloop
  endfacet
  facet normal -0.923795 -0.0125387 0.382681
    outer loop
      vertex 0.886119 -40.6172 26.5806
      vertex 1.03616 -41.3039 26.9203
      vertex 1.03616 -40.6172 26.9428
    endloop
  endfacet
  facet normal 0.195115 0 0.98078
    outer loop
      vertex 8.99603 -26.65 27.9904
      vertex 9.38057 -40.6172 27.9139
      vertex 9.38057 -26.65 27.9139
    endloop
  endfacet
  facet normal 0.195115 0 0.98078
    outer loop
      vertex 9.38057 -40.6172 27.9139
      vertex 8.99603 -26.65 27.9904
      vertex 8.99603 -40.6172 27.9904
    endloop
  endfacet
  facet normal 0.194197 0.462569 0.865054
    outer loop
      vertex 8.99603 -25.5442 27.6549
      vertex 8.99603 -25.8883 27.8389
      vertex 9.38057 -25.5867 27.5913
    endloop
  endfacet
  facet normal -0.980603 -0.0923566 -0.172882
    outer loop
      vertex 0.886119 -45.2945 6.49585
      vertex 0.80963 -45.1813 6.86923
      vertex 0.80963 -45.1474 6.85112
    endloop
  endfacet
  facet normal -0.194998 -0.517937 0.832897
    outer loop
      vertex 2.21943 -47.2684 25.9051
      vertex 2.60397 -46.7553 26.3142
      vertex 2.21943 -46.7128 26.2506
    endloop
  endfacet
  facet normal -0.194998 -0.517937 0.832897
    outer loop
      vertex 2.60397 -46.7553 26.3142
      vertex 2.21943 -47.2684 25.9051
      vertex 2.60397 -47.3109 25.9687
    endloop
  endfacet
  facet normal 0.555456 -0.188827 0.809823
    outer loop
      vertex 9.74279 -42.9447 27.5368
      vertex 10.0688 -43.5395 27.1745
      vertex 10.0688 -42.9022 27.3231
    endloop
  endfacet
  facet normal 0.555456 -0.188827 0.809823
    outer loop
      vertex 10.0688 -43.5395 27.1745
      vertex 9.74279 -42.9447 27.5368
      vertex 9.74279 -43.582 27.3882
    endloop
  endfacet
  facet normal 0 0 -1
    outer loop
      vertex 2.60397 -40.6172 4.00963
      vertex 8.99603 -26.65 4.00963
      vertex 8.99603 -40.6172 4.00963
    endloop
  endfacet
  facet normal -0 0 -1
    outer loop
      vertex 8.99603 -26.65 4.00963
      vertex 2.60397 -40.6172 4.00963
      vertex 2.60397 -26.65 4.00963
    endloop
  endfacet
  facet normal -0.923803 -0.0125325 -0.382663
    outer loop
      vertex 1.03616 -41.3039 5.0797
      vertex 0.886119 -40.6172 5.41943
      vertex 1.03616 -40.6172 5.05721
    endloop
  endfacet
  facet normal -0.923803 -0.0125325 -0.382663
    outer loop
      vertex 0.886119 -40.6172 5.41943
      vertex 1.03616 -41.3039 5.0797
      vertex 0.886119 -41.3039 5.44192
    endloop
  endfacet
  facet normal 0.705413 -0.547931 0.449626
    outer loop
      vertex 10.0688 -49.4529 23.4518
      vertex 10.346 -49.6377 22.7917
      vertex 10.346 -49.2224 23.2978
    endloop
  endfacet
  facet normal 0.705413 -0.547931 0.449626
    outer loop
      vertex 10.346 -49.6377 22.7917
      vertex 10.0688 -49.4529 23.4518
      vertex 10.0688 -49.8682 22.9457
    endloop
  endfacet
  facet normal 0.555413 -0.675889 0.484449
    outer loop
      vertex 9.74279 -50.4304 22.5351
      vertex 10.0688 -49.8682 22.9457
      vertex 9.74279 -50.0493 23.0668
    endloop
  endfacet
  facet normal 0.555413 -0.675889 0.484449
    outer loop
      vertex 10.0688 -49.8682 22.9457
      vertex 9.74279 -50.4304 22.5351
      vertex 10.0688 -50.2493 22.414
    endloop
  endfacet
  facet normal -0.923802 -0.134871 -0.35833
    outer loop
      vertex 1.03616 -44.2248 5.6607
      vertex 0.886119 -44.6986 6.22585
      vertex 0.886119 -44.0862 5.99535
    endloop
  endfacet
  facet normal -0.923802 -0.134871 -0.35833
    outer loop
      vertex 0.886119 -44.6986 6.22585
      vertex 1.03616 -44.2248 5.6607
      vertex 1.03616 -44.8372 5.8912
    endloop
  endfacet
  facet normal 0.194173 -0.462434 -0.865131
    outer loop
      vertex 8.99603 -45.8341 5.19337
      vertex 9.38057 -46.1357 5.44089
      vertex 8.99603 -46.1782 5.3773
    endloop
  endfacet
  facet normal -0.195091 0 -0.980785
    outer loop
      vertex 2.21943 -40.6172 4.08612
      vertex 2.60397 -26.65 4.00963
      vertex 2.60397 -40.6172 4.00963
    endloop
  endfacet
  facet normal -0.195091 0 -0.980785
    outer loop
      vertex 2.60397 -26.65 4.00963
      vertex 2.21943 -40.6172 4.08612
      vertex 2.21943 -26.65 4.08612
    endloop
  endfacet
  facet normal 0.382618 -0.911579 -0.150423
    outer loop
      vertex 9.38057 -52.4405 14.3214
      vertex 9.74279 -52.1868 13.7053
      vertex 9.74279 -52.2933 14.3507
    endloop
  endfacet
  facet normal 0.382405 -0.911643 -0.150575
    outer loop
      vertex 9.74279 -52.1868 13.7053
      vertex 9.38057 -52.4405 14.3214
      vertex 9.38057 -52.3339 13.676
    endloop
  endfacet
  facet normal 0.3812 -0.714674 -0.586454
    outer loop
      vertex 9.38057 -50.1741 8.84988
      vertex 9.74279 -49.634 8.42714
      vertex 9.74279 -50.0493 8.93324
    endloop
  endfacet
  facet normal 0.3812 -0.714674 -0.586454
    outer loop
      vertex 9.74279 -49.634 8.42714
      vertex 9.38057 -50.1741 8.84988
      vertex 9.38057 -49.7588 8.34378
    endloop
  endfacet
  facet normal -0.555339 -0.43915 -0.706219
    outer loop
      vertex 1.53121 -47.064 6.40073
      vertex 1.85721 -46.6294 5.87413
      vertex 1.85721 -47.185 6.21962
    endloop
  endfacet
  facet normal -0.555339 -0.43915 -0.706219
    outer loop
      vertex 1.85721 -46.6294 5.87413
      vertex 1.53121 -47.064 6.40073
      vertex 1.53121 -46.5084 6.05524
    endloop
  endfacet
  facet normal 0.92319 0.297134 0.243785
    outer loop
      vertex 10.7139 -26.1673 26.3225
      vertex 10.5638 -25.8661 26.5238
      vertex 10.7139 -26.2395 26.4105
    endloop
  endfacet
  facet normal 0.980786 -0 0.195086
    outer loop
      vertex 10.7139 -40.6172 26.5806
      vertex 10.7904 -26.65 26.196
      vertex 10.7139 -26.65 26.5806
    endloop
  endfacet
  facet normal 0.980786 0 0.195086
    outer loop
      vertex 10.7904 -26.65 26.196
      vertex 10.7139 -40.6172 26.5806
      vertex 10.7904 -40.6172 26.196
    endloop
  endfacet
  facet normal 0.980604 -0.187508 0.0570676
    outer loop
      vertex 10.7904 -50.2994 19.289
      vertex 10.7139 -50.6547 19.4361
      vertex 10.7904 -50.3106 19.2522
    endloop
  endfacet
  facet normal 0.923822 0 -0.382822
    outer loop
      vertex 10.7139 -40.6172 5.41943
      vertex 10.5638 -26.65 5.05721
      vertex 10.7139 -26.65 5.41943
    endloop
  endfacet
  facet normal 0.923822 0 -0.382822
    outer loop
      vertex 10.5638 -26.65 5.05721
      vertex 10.7139 -40.6172 5.41943
      vertex 10.5638 -40.6172 5.05721
    endloop
  endfacet
  facet normal 0.553681 0.64365 -0.528348
    outer loop
      vertex 9.74279 -25.1834 5.02006
      vertex 10.0688 -25.3645 5.14108
      vertex 9.74279 -25.4028 4.75278
    endloop
  endfacet
  facet normal 0.194193 -0.865164 -0.462363
    outer loop
      vertex 9.38057 -50.9007 9.93729
      vertex 8.99603 -51.1482 10.2389
      vertex 8.99603 -50.9643 9.89479
    endloop
  endfacet
  facet normal 0.92316 -0.0376518 0.382568
    outer loop
      vertex 10.5638 -41.9552 26.8562
      vertex 10.7139 -41.3039 26.5581
      vertex 10.5638 -41.3039 26.9203
    endloop
  endfacet
  facet normal 0.923195 -0.0377016 0.382478
    outer loop
      vertex 10.7139 -41.3039 26.5581
      vertex 10.5638 -41.9552 26.8562
      vertex 10.7139 -41.9552 26.4939
    endloop
  endfacet
  facet normal 0.830301 -0.0544347 0.554651
    outer loop
      vertex 10.5638 -42.1392 26.838
      vertex 10.346 -41.9552 27.1821
      vertex 10.346 -42.2028 27.1578
    endloop
  endfacet
  facet normal 0.980759 -0.142477 0.133462
    outer loop
      vertex 10.7139 -48.5779 23.0035
      vertex 10.7904 -47.8589 23.2089
      vertex 10.7139 -48.1308 23.4808
    endloop
  endfacet
  facet normal 0.980765 -0.142467 0.133425
    outer loop
      vertex 10.7904 -47.8589 23.2089
      vertex 10.7139 -48.5779 23.0035
      vertex 10.7904 -48.306 22.7315
    endloop
  endfacet
  facet normal -0.381063 -0.88476 0.268311
    outer loop
      vertex 2.21943 -51.9954 19.5873
      vertex 2.21943 -51.8865 19.9464
      vertex 1.85721 -51.7479 19.889
    endloop
  endfacet
  facet normal 0.382465 -0.864727 -0.325526
    outer loop
      vertex 9.38057 -51.8865 12.0536
      vertex 9.74279 -51.5174 11.4987
      vertex 9.74279 -51.7479 12.111
    endloop
  endfacet
  facet normal 0.382541 -0.864715 -0.325468
    outer loop
      vertex 9.74279 -51.5174 11.4987
      vertex 9.38057 -51.8865 12.0536
      vertex 9.38057 -51.656 11.4412
    endloop
  endfacet
  facet normal 0.923758 -0.311299 -0.22308
    outer loop
      vertex 10.7139 -49.4465 10.1223
      vertex 10.5638 -49.3667 9.38939
      vertex 10.7139 -49.0655 9.59063
    endloop
  endfacet
  facet normal 0.923749 -0.311324 -0.223081
    outer loop
      vertex 10.5638 -49.3667 9.38939
      vertex 10.7139 -49.4465 10.1223
      vertex 10.5638 -49.7477 9.9211
    endloop
  endfacet
  facet normal 0.381027 -0.920103 0.0907104
    outer loop
      vertex 9.38057 -52.5414 16.654
      vertex 9.74279 -52.3272 17.3052
      vertex 9.38057 -52.4772 17.3052
    endloop
  endfacet
  facet normal 0.381249 -0.920026 0.0905615
    outer loop
      vertex 9.74279 -52.3272 17.3052
      vertex 9.38057 -52.5414 16.654
      vertex 9.74279 -52.3913 16.654
    endloop
  endfacet
  facet normal 0 -0.995196 0.0979049
    outer loop
      vertex 2.60397 -52.5537 17.3052
      vertex 8.99603 -52.5155 17.6935
      vertex 2.60397 -52.5155 17.6935
    endloop
  endfacet
  facet normal 0 -0.995196 0.0979049
    outer loop
      vertex 8.99603 -52.5155 17.6935
      vertex 2.60397 -52.5537 17.3052
      vertex 8.99603 -52.5537 17.3052
    endloop
  endfacet
  facet normal 0.194933 -0.967706 0.159835
    outer loop
      vertex 8.99603 -52.5155 17.6935
      vertex 9.38057 -52.3339 18.324
      vertex 8.99603 -52.4089 18.3389
    endloop
  endfacet
  facet normal 0.194933 -0.967706 0.159835
    outer loop
      vertex 9.38057 -52.3339 18.324
      vertex 8.99603 -52.5155 17.6935
      vertex 9.38057 -52.4405 17.6786
    endloop
  endfacet
  facet normal 0.382541 -0.864715 0.325468
    outer loop
      vertex 9.38057 -51.8865 19.9464
      vertex 9.74279 -51.5174 20.5013
      vertex 9.38057 -51.656 20.5588
    endloop
  endfacet
  facet normal 0.382465 -0.864727 0.325526
    outer loop
      vertex 9.74279 -51.5174 20.5013
      vertex 9.38057 -51.8865 19.9464
      vertex 9.74279 -51.7479 19.889
    endloop
  endfacet
  facet normal 0.980759 -0.031804 -0.192615
    outer loop
      vertex 10.7904 -42.6388 6.00092
      vertex 10.7139 -42.0685 5.51723
      vertex 10.7904 -41.9935 5.89437
    endloop
  endfacet
  facet normal 0.980759 -0.031804 -0.192615
    outer loop
      vertex 10.7139 -42.0685 5.51723
      vertex 10.7904 -42.6388 6.00092
      vertex 10.7139 -42.7138 5.62378
    endloop
  endfacet
  facet normal 0.923195 -0.382477 -0.0377074
    outer loop
      vertex 10.7139 -51.2081 15.346
      vertex 10.5638 -51.5062 14.6948
      vertex 10.7139 -51.1439 14.6948
    endloop
  endfacet
  facet normal 0.923159 -0.382568 -0.0376576
    outer loop
      vertex 10.5638 -51.5062 14.6948
      vertex 10.7139 -51.2081 15.346
      vertex 10.5638 -51.5703 15.346
    endloop
  endfacet
  facet normal 0.980597 -0.124343 -0.151553
    outer loop
      vertex 10.7139 -47.5653 7.99973
      vertex 10.7904 -47.3517 8.31946
      vertex 10.7139 -47.6533 8.07193
    endloop
  endfacet
  facet normal 0.382408 -0.899831 -0.209923
    outer loop
      vertex 9.38057 -52.3339 13.676
      vertex 9.74279 -52.0381 13.0679
      vertex 9.74279 -52.1868 13.7053
    endloop
  endfacet
  facet normal 0.382572 -0.899789 -0.209805
    outer loop
      vertex 9.74279 -52.0381 13.0679
      vertex 9.38057 -52.3339 13.676
      vertex 9.38057 -52.1853 13.0387
    endloop
  endfacet
  facet normal 0.980598 -0.0569126 -0.187584
    outer loop
      vertex 10.7139 -43.9773 5.96231
      vertex 10.7904 -43.9023 6.33946
      vertex 10.7139 -44.0862 5.99535
    endloop
  endfacet
  facet normal 0.830247 -0.554686 -0.0548955
    outer loop
      vertex 10.5638 -51.5062 14.6948
      vertex 10.346 -51.8322 14.6948
      vertex 10.5638 -51.488 14.5109
    endloop
  endfacet
  facet normal 0.705431 0.678259 -0.205749
    outer loop
      vertex 10.0688 -25.1337 5.69839
      vertex 10.346 -25.4056 5.75247
      vertex 10.346 -25.4778 5.51446
    endloop
  endfacet
  facet normal 0.382525 -0.751033 0.538167
    outer loop
      vertex 9.38057 -50.5551 22.6184
      vertex 9.74279 -50.0493 23.0668
      vertex 9.38057 -50.1741 23.1501
    endloop
  endfacet
  facet normal 0.382347 -0.751026 0.538304
    outer loop
      vertex 9.74279 -50.0493 23.0668
      vertex 9.38057 -50.5551 22.6184
      vertex 9.74279 -50.4304 22.5351
    endloop
  endfacet
  facet normal 0.980766 -0.00639195 0.195082
    outer loop
      vertex 10.7139 -41.3039 26.5581
      vertex 10.7904 -40.6172 26.196
      vertex 10.7139 -40.6172 26.5806
    endloop
  endfacet
  facet normal 0.980766 -0.00639195 0.195082
    outer loop
      vertex 10.7904 -40.6172 26.196
      vertex 10.7139 -41.3039 26.5581
      vertex 10.7904 -41.3039 26.1735
    endloop
  endfacet
  facet normal 0.382553 -0.381262 0.841601
    outer loop
      vertex 9.38057 -45.2089 27.006
      vertex 9.74279 -45.7474 26.5974
      vertex 9.74279 -45.1514 26.8674
    endloop
  endfacet
  facet normal 0.382463 -0.381331 0.841611
    outer loop
      vertex 9.74279 -45.7474 26.5974
      vertex 9.38057 -45.2089 27.006
      vertex 9.38057 -45.8048 26.736
    endloop
  endfacet
  facet normal 0.705399 0.705399 -0.0694617
    outer loop
      vertex 10.0688 -25.104 6
      vertex 10.346 -25.3812 6
      vertex 10.0688 -25.1337 5.69839
    endloop
  endfacet
  facet normal 0.70542 0.625156 -0.334009
    outer loop
      vertex 10.0688 -25.3645 5.14108
      vertex 10.346 -25.4778 5.51446
      vertex 10.346 -25.595 5.2951
    endloop
  endfacet
  facet normal -0.194324 0.0963127 0.976198
    outer loop
      vertex 2.33353 -26.5348 27.9252
      vertex 2.60397 -26.65 27.9904
      vertex 2.60397 -26.5081 27.9764
    endloop
  endfacet
  facet normal -0.194203 0.0965935 0.976194
    outer loop
      vertex 2.60397 -26.65 27.9904
      vertex 2.33353 -26.5348 27.9252
      vertex 2.21943 -26.65 27.9139
    endloop
  endfacet
  facet normal 0.194133 0.0962127 0.976246
    outer loop
      vertex 9.38057 -26.2766 27.8771
      vertex 8.99603 -26.2617 27.9521
      vertex 9.38057 -26.65 27.9139
    endloop
  endfacet
  facet normal -0 0.471546 0.881842
    outer loop
      vertex 7.54931 -25.5442 27.6549
      vertex 8.99603 -25.8883 27.8389
      vertex 8.99603 -25.5442 27.6549
    endloop
  endfacet
  facet normal -9.38378e-06 0.471515 0.881858
    outer loop
      vertex 6.89753 -25.7419 27.7606
      vertex 8.99603 -25.8883 27.8389
      vertex 7.54931 -25.5442 27.6549
    endloop
  endfacet
  facet normal 0 0.47162 0.881802
    outer loop
      vertex 8.99603 -25.8883 27.8389
      vertex 6.89753 -25.7419 27.7606
      vertex 6.26969 -25.8883 27.8389
    endloop
  endfacet
  facet normal 0.92315 0.111669 0.367864
    outer loop
      vertex 10.5638 -26.2892 26.871
      vertex 10.5638 -26.4661 26.9247
      vertex 10.7139 -26.4278 26.5364
    endloop
  endfacet
  facet normal 0.830252 0.262692 0.491604
    outer loop
      vertex 10.5638 -26.1262 26.7839
      vertex 10.346 -26.1645 27.1722
      vertex 10.5638 -26.2892 26.871
    endloop
  endfacet
  facet normal -0.705471 0.0689886 0.705373
    outer loop
      vertex 1.29288 -26.6077 27.3035
      vertex 1.53121 -26.65 27.546
      vertex 1.53121 -26.5999 27.5411
    endloop
  endfacet
  facet normal -0.705336 0.0699707 0.705412
    outer loop
      vertex 1.53121 -26.65 27.546
      vertex 1.29288 -26.6077 27.3035
      vertex 1.25398 -26.65 27.2688
    endloop
  endfacet
  facet normal -0.980603 -0.0192123 -0.195058
    outer loop
      vertex 0.886119 -41.9552 5.50607
      vertex 0.80963 -41.3422 5.83022
      vertex 0.886119 -41.3039 5.44192
    endloop
  endfacet
  facet normal -0.980603 -0.0192123 -0.195058
    outer loop
      vertex 0.80963 -41.3422 5.83022
      vertex 0.886119 -41.9552 5.50607
      vertex 0.80963 -41.9935 5.89437
    endloop
  endfacet
  facet normal -0.980607 -0.019109 0.195049
    outer loop
      vertex 0.886119 -42.0685 26.4828
      vertex 0.886119 -41.9552 26.4939
      vertex 0.80963 -41.9935 26.1056
    endloop
  endfacet
  facet normal -0.705384 -0.069233 0.705436
    outer loop
      vertex 1.25398 -42.2028 27.1578
      vertex 1.53121 -42.2569 27.4297
      vertex 1.25398 -41.9552 27.1821
    endloop
  endfacet
  facet normal 0 -0.72989 0.683565
    outer loop
      vertex 2.60397 -49.5748 24.0003
      vertex 8.99603 -49.1277 24.4777
      vertex 2.60397 -49.1277 24.4777
    endloop
  endfacet
  facet normal 0 -0.72989 0.683565
    outer loop
      vertex 8.99603 -49.1277 24.4777
      vertex 2.60397 -49.5748 24.0003
      vertex 8.99603 -49.5748 24.0003
    endloop
  endfacet
  facet normal 0.195015 -0.0321191 0.980274
    outer loop
      vertex 8.99603 -40.6172 27.9904
      vertex 9.38057 -41.3039 27.8914
      vertex 9.38057 -40.6172 27.9139
    endloop
  endfacet
  facet normal 0.195015 -0.0321191 0.980274
    outer loop
      vertex 9.38057 -41.3039 27.8914
      vertex 8.99603 -40.6172 27.9904
      vertex 8.99603 -41.3039 27.9679
    endloop
  endfacet
  facet normal -0.382466 -0.487925 0.784633
    outer loop
      vertex 1.85721 -47.185 25.7804
      vertex 2.21943 -46.7128 26.2506
      vertex 1.85721 -46.6294 26.1259
    endloop
  endfacet
  facet normal -0.382466 -0.487925 0.784633
    outer loop
      vertex 2.21943 -46.7128 26.2506
      vertex 1.85721 -47.185 25.7804
      vertex 2.21943 -47.2684 25.9051
    endloop
  endfacet
  facet normal -0.980786 0 -0.195088
    outer loop
      vertex 0.886119 -40.6172 5.41943
      vertex 0.80963 -26.65 5.80397
      vertex 0.886119 -26.65 5.41943
    endloop
  endfacet
  facet normal -0.980786 -0 -0.195088
    outer loop
      vertex 0.80963 -26.65 5.80397
      vertex 0.886119 -40.6172 5.41943
      vertex 0.80963 -40.6172 5.80397
    endloop
  endfacet
  facet normal -0.705381 0.0695114 -0.705412
    outer loop
      vertex 1.25398 -26.65 4.73121
      vertex 1.25398 -26.6089 4.73526
      vertex 1.29288 -26.6077 4.69648
    endloop
  endfacet
  facet normal -0.381188 -0.0904294 0.920064
    outer loop
      vertex 2.21943 -42.3286 27.7905
      vertex 2.21943 -41.9552 27.8272
      vertex 1.85721 -42.2994 27.6433
    endloop
  endfacet
  facet normal 0.706956 -0.160604 0.688781
    outer loop
      vertex 10.0688 -43.5395 27.1745
      vertex 10.346 -42.8481 27.0512
      vertex 10.0688 -42.9022 27.3231
    endloop
  endfacet
  facet normal 0.706956 -0.160604 0.688781
    outer loop
      vertex 10.346 -42.8481 27.0512
      vertex 10.0688 -43.5395 27.1745
      vertex 10.346 -43.4854 26.9026
    endloop
  endfacet
  facet normal 0.38103 -0.090621 0.920111
    outer loop
      vertex 9.74279 -41.9552 27.6772
      vertex 9.38057 -41.9552 27.8272
      vertex 9.74279 -42.2994 27.6433
    endloop
  endfacet
  facet normal 0.194127 0.284602 0.938785
    outer loop
      vertex 8.99603 -25.8883 27.8389
      vertex 8.99603 -26.2617 27.9521
      vertex 9.38057 -26.2766 27.8771
    endloop
  endfacet
  facet normal 0.194999 -0.797251 0.571285
    outer loop
      vertex 8.99603 -50.6187 22.6609
      vertex 9.38057 -50.1741 23.1501
      vertex 8.99603 -50.2377 23.1926
    endloop
  endfacet
  facet normal 0.194999 -0.797251 0.571285
    outer loop
      vertex 9.38057 -50.1741 23.1501
      vertex 8.99603 -50.6187 22.6609
      vertex 9.38057 -50.5551 22.6184
    endloop
  endfacet
  facet normal -0.706861 -0.51629 0.483521
    outer loop
      vertex 1.53121 -49.2606 23.6861
      vertex 1.25398 -48.6175 23.9675
      vertex 1.25398 -49.0646 23.4901
    endloop
  endfacet
  facet normal -0.706861 -0.51629 0.483521
    outer loop
      vertex 1.25398 -48.6175 23.9675
      vertex 1.53121 -49.2606 23.6861
      vertex 1.53121 -48.8135 24.1635
    endloop
  endfacet
  facet normal 0.555311 -0.484452 0.67597
    outer loop
      vertex 9.74279 -47.185 25.7804
      vertex 10.0688 -47.5959 25.2181
      vertex 10.0688 -47.064 25.5993
    endloop
  endfacet
  facet normal 0.555311 -0.484452 0.67597
    outer loop
      vertex 10.0688 -47.5959 25.2181
      vertex 9.74279 -47.185 25.7804
      vertex 9.74279 -47.7169 25.3992
    endloop
  endfacet
  facet normal 0.194193 -0.622442 0.758192
    outer loop
      vertex 9.38057 -48.3061 25.1089
      vertex 8.99603 -48.3486 25.1725
      vertex 8.99603 -48.6502 24.9249
    endloop
  endfacet
  facet normal 0.194767 -0.893384 0.404885
    outer loop
      vertex 8.99603 -51.7267 20.588
      vertex 9.38057 -51.3859 21.155
      vertex 8.99603 -51.4565 21.1842
    endloop
  endfacet
  facet normal 0.194991 -0.893399 0.404742
    outer loop
      vertex 9.38057 -51.3859 21.155
      vertex 8.99603 -51.7267 20.588
      vertex 9.38057 -51.656 20.5588
    endloop
  endfacet
  facet normal 0 -0.935901 0.352262
    outer loop
      vertex 2.60397 -51.9572 19.9756
      vertex 8.99603 -51.7267 20.588
      vertex 2.60397 -51.7267 20.588
    endloop
  endfacet
  facet normal 0 -0.935901 0.352262
    outer loop
      vertex 8.99603 -51.7267 20.588
      vertex 2.60397 -51.9572 19.9756
      vertex 8.99603 -51.9572 19.9756
    endloop
  endfacet
  facet normal -0.194006 -0.758344 0.622315
    outer loop
      vertex 2.60397 -49.8223 23.6987
      vertex 2.60397 -49.5748 24.0003
      vertex 2.21943 -49.7588 23.6562
    endloop
  endfacet
  facet normal 0 -0.582423 0.812886
    outer loop
      vertex 2.60397 -47.3109 25.9687
      vertex 8.99603 -47.8428 25.5876
      vertex 8.99603 -47.3109 25.9687
    endloop
  endfacet
  facet normal 0 -0.582423 0.812886
    outer loop
      vertex 8.99603 -47.8428 25.5876
      vertex 2.60397 -47.3109 25.9687
      vertex 2.60397 -47.8428 25.5876
    endloop
  endfacet
  facet normal 0.194193 -0.865159 0.462373
    outer loop
      vertex 9.38057 -50.9007 22.0627
      vertex 8.99603 -50.9643 22.1052
      vertex 8.99603 -51.1482 21.7611
    endloop
  endfacet
  facet normal -0.980606 -0.0923088 0.172888
    outer loop
      vertex 0.80963 -45.1813 25.1308
      vertex 0.886119 -45.2945 25.5042
      vertex 0.80963 -45.1474 25.1489
    endloop
  endfacet
  facet normal -0.382476 -0.150538 -0.91162
    outer loop
      vertex 1.85721 -42.9447 4.46324
      vertex 2.21943 -42.3286 4.20953
      vertex 2.21943 -42.9739 4.31609
    endloop
  endfacet
  facet normal -0.382498 -0.150523 -0.911613
    outer loop
      vertex 2.21943 -42.3286 4.20953
      vertex 1.85721 -42.9447 4.46324
      vertex 1.85721 -42.2994 4.35669
    endloop
  endfacet
  facet normal -0.980769 -0.113693 -0.158639
    outer loop
      vertex 0.886119 -47.0595 7.58461
      vertex 0.80963 -46.314 7.52321
      vertex 0.886119 -46.5277 7.20348
    endloop
  endfacet
  facet normal -0.980763 -0.113696 -0.158672
    outer loop
      vertex 0.80963 -46.314 7.52321
      vertex 0.886119 -47.0595 7.58461
      vertex 0.80963 -46.8459 7.90434
    endloop
  endfacet
  facet normal 0 -0.956968 -0.290192
    outer loop
      vertex 2.60397 -51.9572 12.0244
      vertex 8.99603 -52.0704 12.3977
      vertex 2.60397 -52.0704 12.3977
    endloop
  endfacet
  facet normal 0 -0.956968 -0.290192
    outer loop
      vertex 8.99603 -52.0704 12.3977
      vertex 2.60397 -51.9572 12.0244
      vertex 8.99603 -51.9572 12.0244
    endloop
  endfacet
  facet normal -0.194991 -0.893399 -0.404742
    outer loop
      vertex 2.21943 -51.3859 10.845
      vertex 2.60397 -51.7267 11.412
      vertex 2.21943 -51.656 11.4412
    endloop
  endfacet
  facet normal -0.194767 -0.893384 -0.404885
    outer loop
      vertex 2.60397 -51.7267 11.412
      vertex 2.21943 -51.3859 10.845
      vertex 2.60397 -51.4565 10.8158
    endloop
  endfacet
  facet normal 0.55366 0.528333 0.64368
    outer loop
      vertex 9.74279 -25.4028 27.2472
      vertex 9.74279 -25.6701 27.4666
      vertex 10.0688 -25.7911 27.2855
    endloop
  endfacet
  facet normal 0.705378 0.44965 0.547957
    outer loop
      vertex 10.346 -25.7528 26.8972
      vertex 10.0688 -25.5568 27.0932
      vertex 10.346 -25.9451 27.055
    endloop
  endfacet
  facet normal 0.923171 0.181292 0.338951
    outer loop
      vertex 10.7139 -26.3274 26.4827
      vertex 10.5638 -26.1262 26.7839
      vertex 10.7139 -26.4278 26.5364
    endloop
  endfacet
  facet normal 0.707145 0 -0.707069
    outer loop
      vertex 10.346 -40.6172 4.73121
      vertex 10.0688 -26.65 4.45398
      vertex 10.346 -26.65 4.73121
    endloop
  endfacet
  facet normal 0.707145 0 -0.707069
    outer loop
      vertex 10.0688 -26.65 4.45398
      vertex 10.346 -40.6172 4.73121
      vertex 10.0688 -40.6172 4.45398
    endloop
  endfacet
  facet normal 0.705435 0.0694816 -0.705361
    outer loop
      vertex 10.0688 -26.3484 4.48369
      vertex 10.346 -26.4025 4.75559
      vertex 10.346 -26.65 4.73121
    endloop
  endfacet
  facet normal 0.553833 0.734397 0.392338
    outer loop
      vertex 9.74279 -25.0204 26.675
      vertex 10.0688 -25.3645 26.8589
      vertex 10.0688 -25.2217 26.5916
    endloop
  endfacet
  facet normal 0.830244 0.353575 -0.430905
    outer loop
      vertex 10.346 -25.7528 5.10283
      vertex 10.5638 -25.9833 5.33334
      vertex 10.346 -25.9451 4.94504
    endloop
  endfacet
  facet normal 0.555512 0.831508 -0
    outer loop
      vertex 10.0688 -25.104 6
      vertex 9.74279 -24.8862 26
      vertex 10.0688 -25.104 26
    endloop
  endfacet
  facet normal 0.555512 0.831508 0
    outer loop
      vertex 9.74279 -24.8862 26
      vertex 10.0688 -25.104 6
      vertex 9.74279 -24.8862 6
    endloop
  endfacet
  facet normal 0.555404 -0.706226 -0.439056
    outer loop
      vertex 9.74279 -50.7759 10.0206
      vertex 10.0688 -50.2493 9.58596
      vertex 10.0688 -50.5948 10.1417
    endloop
  endfacet
  facet normal 0.555321 -0.706241 -0.439137
    outer loop
      vertex 10.0688 -50.2493 9.58596
      vertex 9.74279 -50.7759 10.0206
      vertex 9.74279 -50.4304 9.46495
    endloop
  endfacet
  facet normal 0 -0.881954 -0.471336
    outer loop
      vertex 2.60397 -50.9643 9.89479
      vertex 8.99603 -51.1482 10.2389
      vertex 2.60397 -51.1482 10.2389
    endloop
  endfacet
  facet normal 0 -0.881954 -0.471336
    outer loop
      vertex 8.99603 -51.1482 10.2389
      vertex 2.60397 -50.9643 9.89479
      vertex 8.99603 -50.9643 9.89479
    endloop
  endfacet
  facet normal -0.553588 -0.734366 -0.392743
    outer loop
      vertex 1.85721 -50.9389 10.3256
      vertex 1.53121 -50.7377 10.4089
      vertex 1.53121 -50.5948 10.1417
    endloop
  endfacet
  facet normal 0.923815 -0 0.38284
    outer loop
      vertex 10.5638 -40.6172 26.9428
      vertex 10.7139 -26.65 26.5806
      vertex 10.5638 -26.65 26.9428
    endloop
  endfacet
  facet normal 0.923815 0 0.38284
    outer loop
      vertex 10.7139 -26.65 26.5806
      vertex 10.5638 -40.6172 26.9428
      vertex 10.7139 -40.6172 26.5806
    endloop
  endfacet
  facet normal 0.923749 -0.311322 0.223084
    outer loop
      vertex 10.5638 -49.3667 22.6106
      vertex 10.7139 -49.4465 21.8777
      vertex 10.7139 -49.0655 22.4094
    endloop
  endfacet
  facet normal 0.923749 -0.311322 0.223084
    outer loop
      vertex 10.7139 -49.4465 21.8777
      vertex 10.5638 -49.3667 22.6106
      vertex 10.5638 -49.7477 22.0789
    endloop
  endfacet
  facet normal 1 0 0
    outer loop
      vertex 10.7904 -26.65 26.196
      vertex 10.7904 -26.454 26
      vertex 10.7904 -26.4577 26.0382
    endloop
  endfacet
  facet normal 1 0 0
    outer loop
      vertex 10.7904 -26.454 26
      vertex 10.7904 -37.15 16
      vertex 10.7904 -26.454 6
    endloop
  endfacet
  facet normal 1 0 0
    outer loop
      vertex 10.7904 -26.65 26.196
      vertex 10.7904 -26.4577 26.0382
      vertex 10.7904 -26.4689 26.075
    endloop
  endfacet
  facet normal 1 -0 0
    outer loop
      vertex 10.7904 -37.1575 15.7711
      vertex 10.7904 -26.454 6
      vertex 10.7904 -37.15 16
    endloop
  endfacet
  facet normal 1 0 0
    outer loop
      vertex 10.7904 -26.65 26.196
      vertex 10.7904 -26.4689 26.075
      vertex 10.7904 -26.487 26.1089
    endloop
  endfacet
  facet normal 1 -0 0
    outer loop
      vertex 10.7904 -37.1799 15.5432
      vertex 10.7904 -26.454 6
      vertex 10.7904 -37.1575 15.7711
    endloop
  endfacet
  facet normal 1 0 0
    outer loop
      vertex 10.7904 -26.65 26.196
      vertex 10.7904 -26.487 26.1089
      vertex 10.7904 -26.5114 26.1386
    endloop
  endfacet
  facet normal 1 -0 0
    outer loop
      vertex 10.7904 -37.2173 15.3172
      vertex 10.7904 -26.454 6
      vertex 10.7904 -37.1799 15.5432
    endloop
  endfacet
  facet normal 1 0 0
    outer loop
      vertex 10.7904 -26.65 26.196
      vertex 10.7904 -26.5114 26.1386
      vertex 10.7904 -26.5411 26.163
    endloop
  endfacet
  facet normal 1 -0 0
    outer loop
      vertex 10.7904 -37.2693 15.0941
      vertex 10.7904 -26.454 6
      vertex 10.7904 -37.2173 15.3172
    endloop
  endfacet
  facet normal 1 0 0
    outer loop
      vertex 10.7904 -26.65 26.196
      vertex 10.7904 -26.5411 26.163
      vertex 10.7904 -26.575 26.1811
    endloop
  endfacet
  facet normal 1 -0 0
    outer loop
      vertex 10.7904 -37.3357 14.875
      vertex 10.7904 -26.454 6
      vertex 10.7904 -37.2693 15.0941
    endloop
  endfacet
  facet normal 1 0 0
    outer loop
      vertex 10.7904 -26.65 26.196
      vertex 10.7904 -26.575 26.1811
      vertex 10.7904 -26.6117 26.1923
    endloop
  endfacet
  facet normal 1 -0 0
    outer loop
      vertex 10.7904 -37.4164 14.6606
      vertex 10.7904 -26.454 6
      vertex 10.7904 -37.3357 14.875
    endloop
  endfacet
  facet normal 1 0 0
    outer loop
      vertex 10.7904 -37.6189 17.75
      vertex 10.7904 -26.454 26
      vertex 10.7904 -26.65 26.196
    endloop
  endfacet
  facet normal 1 -0 0
    outer loop
      vertex 10.7904 -37.5109 14.452
      vertex 10.7904 -26.454 6
      vertex 10.7904 -37.4164 14.6606
    endloop
  endfacet
  facet normal 1 -0 0
    outer loop
      vertex 10.7904 -37.6189 14.25
      vertex 10.7904 -26.454 6
      vertex 10.7904 -37.5109 14.452
    endloop
  endfacet
  facet normal 1 0 0
    outer loop
      vertex 10.7904 -26.454 26
      vertex 10.7904 -37.1575 16.2289
      vertex 10.7904 -37.15 16
    endloop
  endfacet
  facet normal 1 0 0
    outer loop
      vertex 10.7904 -26.454 26
      vertex 10.7904 -37.1799 16.4568
      vertex 10.7904 -37.1575 16.2289
    endloop
  endfacet
  facet normal 1 0 0
    outer loop
      vertex 10.7904 -26.454 26
      vertex 10.7904 -37.2173 16.6828
      vertex 10.7904 -37.1799 16.4568
    endloop
  endfacet
  facet normal 1 0 0
    outer loop
      vertex 10.7904 -26.454 26
      vertex 10.7904 -37.2693 16.9059
      vertex 10.7904 -37.2173 16.6828
    endloop
  endfacet
  facet normal 1 0 0
    outer loop
      vertex 10.7904 -26.454 26
      vertex 10.7904 -37.3357 17.125
      vertex 10.7904 -37.2693 16.9059
    endloop
  endfacet
  facet normal 1 0 0
    outer loop
      vertex 10.7904 -26.454 26
      vertex 10.7904 -37.4164 17.3394
      vertex 10.7904 -37.3357 17.125
    endloop
  endfacet
  facet normal 1 0 0
    outer loop
      vertex 10.7904 -26.454 26
      vertex 10.7904 -37.5109 17.548
      vertex 10.7904 -37.4164 17.3394
    endloop
  endfacet
  facet normal 1 0 0
    outer loop
      vertex 10.7904 -26.454 26
      vertex 10.7904 -37.6189 17.75
      vertex 10.7904 -37.5109 17.548
    endloop
  endfacet
  facet normal 1 0 0
    outer loop
      vertex 10.7904 -26.65 26.196
      vertex 10.7904 -37.7399 17.9445
      vertex 10.7904 -37.6189 17.75
    endloop
  endfacet
  facet normal 1 0 0
    outer loop
      vertex 10.7904 -26.65 26.196
      vertex 10.7904 -37.8733 18.1307
      vertex 10.7904 -37.7399 17.9445
    endloop
  endfacet
  facet normal 1 0 0
    outer loop
      vertex 10.7904 -26.65 26.196
      vertex 10.7904 -38.0186 18.3077
      vertex 10.7904 -37.8733 18.1307
    endloop
  endfacet
  facet normal 1 0 0
    outer loop
      vertex 10.7904 -26.65 26.196
      vertex 10.7904 -38.1751 18.4749
      vertex 10.7904 -38.0186 18.3077
    endloop
  endfacet
  facet normal 1 0 0
    outer loop
      vertex 10.7904 -26.65 26.196
      vertex 10.7904 -38.3423 18.6314
      vertex 10.7904 -38.1751 18.4749
    endloop
  endfacet
  facet normal 1 -0 0
    outer loop
      vertex 10.7904 -40.6172 26.196
      vertex 10.7904 -38.3423 18.6314
      vertex 10.7904 -26.65 26.196
    endloop
  endfacet
  facet normal 1 0 0
    outer loop
      vertex 10.7904 -38.3423 18.6314
      vertex 10.7904 -40.6172 26.196
      vertex 10.7904 -38.5193 18.7767
    endloop
  endfacet
  facet normal 1 0 0
    outer loop
      vertex 10.7904 -38.5193 18.7767
      vertex 10.7904 -40.6172 26.196
      vertex 10.7904 -38.7055 18.9101
    endloop
  endfacet
  facet normal 1 0 0
    outer loop
      vertex 10.7904 -38.7055 18.9101
      vertex 10.7904 -40.6172 26.196
      vertex 10.7904 -38.9 19.0311
    endloop
  endfacet
  facet normal 1 0 0
    outer loop
      vertex 10.7904 -38.9 19.0311
      vertex 10.7904 -40.6172 26.196
      vertex 10.7904 -39.102 19.1391
    endloop
  endfacet
  facet normal 1 0 0
    outer loop
      vertex 10.7904 -39.102 19.1391
      vertex 10.7904 -40.6172 26.196
      vertex 10.7904 -39.3106 19.2336
    endloop
  endfacet
  facet normal 1 0 0
    outer loop
      vertex 10.7904 -39.3106 19.2336
      vertex 10.7904 -40.6172 26.196
      vertex 10.7904 -39.525 19.3143
    endloop
  endfacet
  facet normal 1 0 0
    outer loop
      vertex 10.7904 -39.525 19.3143
      vertex 10.7904 -40.6172 26.196
      vertex 10.7904 -39.7441 19.3807
    endloop
  endfacet
  facet normal 1 0 0
    outer loop
      vertex 10.7904 -39.7441 19.3807
      vertex 10.7904 -40.6172 26.196
      vertex 10.7904 -39.9672 19.4327
    endloop
  endfacet
  facet normal 1 0 0
    outer loop
      vertex 10.7904 -39.9672 19.4327
      vertex 10.7904 -40.6172 26.196
      vertex 10.7904 -40.1932 19.4701
    endloop
  endfacet
  facet normal 1 0 0
    outer loop
      vertex 10.7904 -40.1932 19.4701
      vertex 10.7904 -40.6172 26.196
      vertex 10.7904 -40.4211 19.4925
    endloop
  endfacet
  facet normal 1 0 0
    outer loop
      vertex 10.7904 -40.6172 26.196
      vertex 10.7904 -40.65 19.5
      vertex 10.7904 -40.4211 19.4925
    endloop
  endfacet
  facet normal 1 0 0
    outer loop
      vertex 10.7904 -40.6172 26.196
      vertex 10.7904 -40.8789 19.4925
      vertex 10.7904 -40.65 19.5
    endloop
  endfacet
  facet normal 1 -0 0
    outer loop
      vertex 10.7904 -41.3039 26.1735
      vertex 10.7904 -40.8789 19.4925
      vertex 10.7904 -40.6172 26.196
    endloop
  endfacet
  facet normal 1 -0 0
    outer loop
      vertex 10.7904 -41.3422 26.1698
      vertex 10.7904 -40.8789 19.4925
      vertex 10.7904 -41.3039 26.1735
    endloop
  endfacet
  facet normal 1 0 0
    outer loop
      vertex 10.7904 -40.8789 19.4925
      vertex 10.7904 -41.3422 26.1698
      vertex 10.7904 -41.1068 19.4701
    endloop
  endfacet
  facet normal 1 -0 0
    outer loop
      vertex 10.7904 -41.9935 26.1056
      vertex 10.7904 -41.1068 19.4701
      vertex 10.7904 -41.3422 26.1698
    endloop
  endfacet
  facet normal 1 0 0
    outer loop
      vertex 10.7904 -41.1068 19.4701
      vertex 10.7904 -41.9935 26.1056
      vertex 10.7904 -41.3328 19.4327
    endloop
  endfacet
  facet normal 1 -0 0
    outer loop
      vertex 10.7904 -42.6388 25.9991
      vertex 10.7904 -41.3328 19.4327
      vertex 10.7904 -41.9935 26.1056
    endloop
  endfacet
  facet normal 1 0 0
    outer loop
      vertex 10.7904 -41.3328 19.4327
      vertex 10.7904 -42.6388 25.9991
      vertex 10.7904 -41.5559 19.3807
    endloop
  endfacet
  facet normal 1 -0 0
    outer loop
      vertex 10.7904 -43.2761 25.8505
      vertex 10.7904 -41.5559 19.3807
      vertex 10.7904 -42.6388 25.9991
    endloop
  endfacet
  facet normal 1 0 0
    outer loop
      vertex 10.7904 -41.5559 19.3807
      vertex 10.7904 -43.2761 25.8505
      vertex 10.7904 -41.775 19.3143
    endloop
  endfacet
  facet normal 1 -0 0
    outer loop
      vertex 10.7904 -43.9023 25.6605
      vertex 10.7904 -41.775 19.3143
      vertex 10.7904 -43.2761 25.8505
    endloop
  endfacet
  facet normal 1 -0 0
    outer loop
      vertex 10.7904 -43.9391 25.6494
      vertex 10.7904 -41.775 19.3143
      vertex 10.7904 -43.9023 25.6605
    endloop
  endfacet
  facet normal 1 0 0
    outer loop
      vertex 10.7904 -41.775 19.3143
      vertex 10.7904 -43.9391 25.6494
      vertex 10.7904 -41.9894 19.2336
    endloop
  endfacet
  facet normal 1 -0 0
    outer loop
      vertex 10.7904 -44.5515 25.4189
      vertex 10.7904 -41.9894 19.2336
      vertex 10.7904 -43.9391 25.6494
    endloop
  endfacet
  facet normal 1 0 0
    outer loop
      vertex 10.7904 -41.9894 19.2336
      vertex 10.7904 -44.5515 25.4189
      vertex 10.7904 -42.198 19.1391
    endloop
  endfacet
  facet normal 1 -0 0
    outer loop
      vertex 10.7904 -45.1474 25.1489
      vertex 10.7904 -42.198 19.1391
      vertex 10.7904 -44.5515 25.4189
    endloop
  endfacet
  facet normal 1 -0 0
    outer loop
      vertex 10.7904 -45.1813 25.1308
      vertex 10.7904 -42.198 19.1391
      vertex 10.7904 -45.1474 25.1489
    endloop
  endfacet
  facet normal 1 0 0
    outer loop
      vertex 10.7904 -42.198 19.1391
      vertex 10.7904 -45.1813 25.1308
      vertex 10.7904 -42.4 19.0311
    endloop
  endfacet
  facet normal 1 -0 0
    outer loop
      vertex 10.7904 -45.7584 24.8223
      vertex 10.7904 -42.4 19.0311
      vertex 10.7904 -45.1813 25.1308
    endloop
  endfacet
  facet normal 1 0 0
    outer loop
      vertex 10.7904 -42.4 19.0311
      vertex 10.7904 -45.7584 24.8223
      vertex 10.7904 -42.5945 18.9101
    endloop
  endfacet
  facet normal 1 -0 0
    outer loop
      vertex 10.7904 -46.314 24.4768
      vertex 10.7904 -42.5945 18.9101
      vertex 10.7904 -45.7584 24.8223
    endloop
  endfacet
  facet normal 1 0 0
    outer loop
      vertex 10.7904 -42.5945 18.9101
      vertex 10.7904 -46.314 24.4768
      vertex 10.7904 -42.7807 18.7767
    endloop
  endfacet
  facet normal 1 -0 0
    outer loop
      vertex 10.7904 -46.8459 24.0957
      vertex 10.7904 -42.7807 18.7767
      vertex 10.7904 -46.314 24.4768
    endloop
  endfacet
  facet normal 1 0 0
    outer loop
      vertex 10.7904 -42.7807 18.7767
      vertex 10.7904 -46.8459 24.0957
      vertex 10.7904 -42.9577 18.6314
    endloop
  endfacet
  facet normal 1 -0 0
    outer loop
      vertex 10.7904 -47.3517 23.6805
      vertex 10.7904 -42.9577 18.6314
      vertex 10.7904 -46.8459 24.0957
    endloop
  endfacet
  facet normal 1 -0 0
    outer loop
      vertex 10.7904 -47.3814 23.6562
      vertex 10.7904 -42.9577 18.6314
      vertex 10.7904 -47.3517 23.6805
    endloop
  endfacet
  facet normal 1 0 0
    outer loop
      vertex 10.7904 -42.9577 18.6314
      vertex 10.7904 -47.3814 23.6562
      vertex 10.7904 -43.1249 18.4749
    endloop
  endfacet
  facet normal 1 -0 0
    outer loop
      vertex 10.7904 -47.8589 23.2089
      vertex 10.7904 -43.1249 18.4749
      vertex 10.7904 -47.3814 23.6562
    endloop
  endfacet
  facet normal 1 0 0
    outer loop
      vertex 10.7904 -43.1249 18.4749
      vertex 10.7904 -47.8589 23.2089
      vertex 10.7904 -43.2814 18.3077
    endloop
  endfacet
  facet normal 1 -0 0
    outer loop
      vertex 10.7904 -48.306 22.7315
      vertex 10.7904 -43.2814 18.3077
      vertex 10.7904 -47.8589 23.2089
    endloop
  endfacet
  facet normal 1 0 0
    outer loop
      vertex 10.7904 -43.2814 18.3077
      vertex 10.7904 -48.3304 22.7018
      vertex 10.7904 -43.4267 18.1307
    endloop
  endfacet
  facet normal 1 -0 0
    outer loop
      vertex 10.7904 -48.7458 22.1957
      vertex 10.7904 -43.4267 18.1307
      vertex 10.7904 -48.3304 22.7018
    endloop
  endfacet
  facet normal 1 0 0
    outer loop
      vertex 10.7904 -26.575 5.81889
      vertex 10.7904 -26.65 5.80397
      vertex 10.7904 -26.6117 5.80773
    endloop
  endfacet
  facet normal 1 0 0
    outer loop
      vertex 10.7904 -26.5411 5.837
      vertex 10.7904 -26.65 5.80397
      vertex 10.7904 -26.575 5.81889
    endloop
  endfacet
  facet normal 1 0 0
    outer loop
      vertex 10.7904 -26.5114 5.86138
      vertex 10.7904 -26.65 5.80397
      vertex 10.7904 -26.5411 5.837
    endloop
  endfacet
  facet normal 1 0 0
    outer loop
      vertex 10.7904 -26.487 5.89109
      vertex 10.7904 -26.65 5.80397
      vertex 10.7904 -26.5114 5.86138
    endloop
  endfacet
  facet normal 1 0 0
    outer loop
      vertex 10.7904 -26.4689 5.92498
      vertex 10.7904 -26.65 5.80397
      vertex 10.7904 -26.487 5.89109
    endloop
  endfacet
  facet normal 1 0 0
    outer loop
      vertex 10.7904 -26.4577 5.96176
      vertex 10.7904 -26.65 5.80397
      vertex 10.7904 -26.4689 5.92498
    endloop
  endfacet
  facet normal 1 0 0
    outer loop
      vertex 10.7904 -26.454 6
      vertex 10.7904 -26.65 5.80397
      vertex 10.7904 -26.4577 5.96176
    endloop
  endfacet
  facet normal 1 0 0
    outer loop
      vertex 10.7904 -26.454 6
      vertex 10.7904 -37.6189 14.25
      vertex 10.7904 -26.65 5.80397
    endloop
  endfacet
  facet normal 1 -0 0
    outer loop
      vertex 10.7904 -37.7399 14.0555
      vertex 10.7904 -26.65 5.80397
      vertex 10.7904 -37.6189 14.25
    endloop
  endfacet
  facet normal 1 -0 0
    outer loop
      vertex 10.7904 -37.8733 13.8693
      vertex 10.7904 -26.65 5.80397
      vertex 10.7904 -37.7399 14.0555
    endloop
  endfacet
  facet normal 1 -0 0
    outer loop
      vertex 10.7904 -38.0186 13.6923
      vertex 10.7904 -26.65 5.80397
      vertex 10.7904 -37.8733 13.8693
    endloop
  endfacet
  facet normal 1 -0 0
    outer loop
      vertex 10.7904 -38.1751 13.5251
      vertex 10.7904 -26.65 5.80397
      vertex 10.7904 -38.0186 13.6923
    endloop
  endfacet
  facet normal 1 -0 0
    outer loop
      vertex 10.7904 -38.3423 13.3686
      vertex 10.7904 -26.65 5.80397
      vertex 10.7904 -38.1751 13.5251
    endloop
  endfacet
  facet normal 1 0 0
    outer loop
      vertex 10.7904 -40.6172 5.80397
      vertex 10.7904 -38.3423 13.3686
      vertex 10.7904 -38.5193 13.2233
    endloop
  endfacet
  facet normal 1 0 0
    outer loop
      vertex 10.7904 -40.6172 5.80397
      vertex 10.7904 -38.5193 13.2233
      vertex 10.7904 -38.7055 13.0899
    endloop
  endfacet
  facet normal 1 0 0
    outer loop
      vertex 10.7904 -40.6172 5.80397
      vertex 10.7904 -38.7055 13.0899
      vertex 10.7904 -38.9 12.9689
    endloop
  endfacet
  facet normal 1 0 0
    outer loop
      vertex 10.7904 -40.6172 5.80397
      vertex 10.7904 -38.9 12.9689
      vertex 10.7904 -39.102 12.8609
    endloop
  endfacet
  facet normal 1 0 0
    outer loop
      vertex 10.7904 -40.6172 5.80397
      vertex 10.7904 -39.102 12.8609
      vertex 10.7904 -39.3106 12.7664
    endloop
  endfacet
  facet normal 1 0 0
    outer loop
      vertex 10.7904 -40.6172 5.80397
      vertex 10.7904 -39.3106 12.7664
      vertex 10.7904 -39.525 12.6857
    endloop
  endfacet
  facet normal 1 0 0
    outer loop
      vertex 10.7904 -40.6172 5.80397
      vertex 10.7904 -39.525 12.6857
      vertex 10.7904 -39.7441 12.6193
    endloop
  endfacet
  facet normal 1 0 0
    outer loop
      vertex 10.7904 -40.6172 5.80397
      vertex 10.7904 -39.7441 12.6193
      vertex 10.7904 -39.9672 12.5673
    endloop
  endfacet
  facet normal 1 0 0
    outer loop
      vertex 10.7904 -40.6172 5.80397
      vertex 10.7904 -39.9672 12.5673
      vertex 10.7904 -40.1932 12.5299
    endloop
  endfacet
  facet normal 1 0 0
    outer loop
      vertex 10.7904 -40.6172 5.80397
      vertex 10.7904 -40.1932 12.5299
      vertex 10.7904 -40.4211 12.5075
    endloop
  endfacet
  facet normal 1 0 0
    outer loop
      vertex 10.7904 -38.3423 13.3686
      vertex 10.7904 -40.6172 5.80397
      vertex 10.7904 -26.65 5.80397
    endloop
  endfacet
  facet normal 1 -0 0
    outer loop
      vertex 10.7904 -40.65 12.5
      vertex 10.7904 -40.6172 5.80397
      vertex 10.7904 -40.4211 12.5075
    endloop
  endfacet
  facet normal 1 0 0
    outer loop
      vertex 10.7904 -40.8789 12.5075
      vertex 10.7904 -40.6172 5.80397
      vertex 10.7904 -40.65 12.5
    endloop
  endfacet
  facet normal 1 0 0
    outer loop
      vertex 10.7904 -41.3422 5.83022
      vertex 10.7904 -40.8789 12.5075
      vertex 10.7904 -41.1068 12.5299
    endloop
  endfacet
  facet normal 1 0 0
    outer loop
      vertex 10.7904 -40.8789 12.5075
      vertex 10.7904 -41.3039 5.82646
      vertex 10.7904 -40.6172 5.80397
    endloop
  endfacet
  facet normal 1 0 0
    outer loop
      vertex 10.7904 -41.9935 5.89437
      vertex 10.7904 -41.1068 12.5299
      vertex 10.7904 -41.3328 12.5673
    endloop
  endfacet
  facet normal 1 0 0
    outer loop
      vertex 10.7904 -40.8789 12.5075
      vertex 10.7904 -41.3422 5.83022
      vertex 10.7904 -41.3039 5.82646
    endloop
  endfacet
  facet normal 1 0 0
    outer loop
      vertex 10.7904 -42.6388 6.00092
      vertex 10.7904 -41.3328 12.5673
      vertex 10.7904 -41.5559 12.6193
    endloop
  endfacet
  facet normal 1 0 0
    outer loop
      vertex 10.7904 -43.2761 6.14953
      vertex 10.7904 -41.5559 12.6193
      vertex 10.7904 -41.775 12.6857
    endloop
  endfacet
  facet normal 1 0 0
    outer loop
      vertex 10.7904 -43.9391 6.35061
      vertex 10.7904 -41.775 12.6857
      vertex 10.7904 -41.9894 12.7664
    endloop
  endfacet
  facet normal 1 0 0
    outer loop
      vertex 10.7904 -41.1068 12.5299
      vertex 10.7904 -41.9935 5.89437
      vertex 10.7904 -41.3422 5.83022
    endloop
  endfacet
  facet normal 1 0 0
    outer loop
      vertex 10.7904 -44.5515 6.58111
      vertex 10.7904 -41.9894 12.7664
      vertex 10.7904 -42.198 12.8609
    endloop
  endfacet
  facet normal 1 0 0
    outer loop
      vertex 10.7904 -45.1813 6.86923
      vertex 10.7904 -42.198 12.8609
      vertex 10.7904 -42.4 12.9689
    endloop
  endfacet
  facet normal 1 0 0
    outer loop
      vertex 10.7904 -45.7584 7.17772
      vertex 10.7904 -42.4 12.9689
      vertex 10.7904 -42.5945 13.0899
    endloop
  endfacet
  facet normal 1 0 0
    outer loop
      vertex 10.7904 -41.3328 12.5673
      vertex 10.7904 -42.6388 6.00092
      vertex 10.7904 -41.9935 5.89437
    endloop
  endfacet
  facet normal 1 0 0
    outer loop
      vertex 10.7904 -46.314 7.52321
      vertex 10.7904 -42.5945 13.0899
      vertex 10.7904 -42.7807 13.2233
    endloop
  endfacet
  facet normal 1 0 0
    outer loop
      vertex 10.7904 -46.8459 7.90434
      vertex 10.7904 -42.7807 13.2233
      vertex 10.7904 -42.9577 13.3686
    endloop
  endfacet
  facet normal 1 0 0
    outer loop
      vertex 10.7904 -47.3814 8.34384
      vertex 10.7904 -42.9577 13.3686
      vertex 10.7904 -43.1249 13.5251
    endloop
  endfacet
  facet normal 1 0 0
    outer loop
      vertex 10.7904 -41.5559 12.6193
      vertex 10.7904 -43.2761 6.14953
      vertex 10.7904 -42.6388 6.00092
    endloop
  endfacet
  facet normal 1 0 0
    outer loop
      vertex 10.7904 -47.8589 8.79107
      vertex 10.7904 -43.1249 13.5251
      vertex 10.7904 -43.2814 13.6923
    endloop
  endfacet
  facet normal 1 0 0
    outer loop
      vertex 10.7904 -48.3304 9.29816
      vertex 10.7904 -43.2814 13.6923
      vertex 10.7904 -43.4267 13.8693
    endloop
  endfacet
  facet normal 1 0 0
    outer loop
      vertex 10.7904 -48.7458 9.80427
      vertex 10.7904 -43.4267 13.8693
      vertex 10.7904 -43.5601 14.0555
    endloop
  endfacet
  facet normal 1 0 0
    outer loop
      vertex 10.7904 -49.1268 10.336
      vertex 10.7904 -43.5601 14.0555
      vertex 10.7904 -43.6811 14.25
    endloop
  endfacet
  facet normal 1 0 0
    outer loop
      vertex 10.7904 -49.4905 10.9256
      vertex 10.7904 -43.6811 14.25
      vertex 10.7904 -43.7891 14.452
    endloop
  endfacet
  facet normal 1 0 0
    outer loop
      vertex 10.7904 -49.7988 11.5024
      vertex 10.7904 -43.7891 14.452
      vertex 10.7904 -43.8836 14.6606
    endloop
  endfacet
  facet normal 1 0 0
    outer loop
      vertex 10.7904 -41.775 12.6857
      vertex 10.7904 -43.9023 6.33946
      vertex 10.7904 -43.2761 6.14953
    endloop
  endfacet
  facet normal 1 0 0
    outer loop
      vertex 10.7904 -41.775 12.6857
      vertex 10.7904 -43.9391 6.35061
      vertex 10.7904 -43.9023 6.33946
    endloop
  endfacet
  facet normal 1 0 0
    outer loop
      vertex 10.7904 -50.0689 12.0986
      vertex 10.7904 -43.8836 14.6606
      vertex 10.7904 -43.9643 14.875
    endloop
  endfacet
  facet normal 1 0 0
    outer loop
      vertex 10.7904 -50.3106 12.7478
      vertex 10.7904 -43.9643 14.875
      vertex 10.7904 -44.0307 15.0941
    endloop
  endfacet
  facet normal 1 0 0
    outer loop
      vertex 10.7904 -50.5005 13.3738
      vertex 10.7904 -44.0307 15.0941
      vertex 10.7904 -44.0827 15.3172
    endloop
  endfacet
  facet normal 1 0 0
    outer loop
      vertex 10.7904 -50.6491 14.0112
      vertex 10.7904 -44.0827 15.3172
      vertex 10.7904 -44.1201 15.5432
    endloop
  endfacet
  facet normal 1 0 0
    outer loop
      vertex 10.7904 -50.7556 14.6565
      vertex 10.7904 -44.1201 15.5432
      vertex 10.7904 -44.1425 15.7711
    endloop
  endfacet
  facet normal 1 0 0
    outer loop
      vertex 10.7904 -50.8235 15.346
      vertex 10.7904 -44.1425 15.7711
      vertex 10.7904 -44.15 16
    endloop
  endfacet
  facet normal 1 0 0
    outer loop
      vertex 10.7904 -43.4267 18.1307
      vertex 10.7904 -48.7458 22.1957
      vertex 10.7904 -43.5601 17.9445
    endloop
  endfacet
  facet normal 1 0 0
    outer loop
      vertex 10.7904 -41.9894 12.7664
      vertex 10.7904 -44.5515 6.58111
      vertex 10.7904 -43.9391 6.35061
    endloop
  endfacet
  facet normal 1 -0 0
    outer loop
      vertex 10.7904 -48.3304 22.7018
      vertex 10.7904 -43.2814 18.3077
      vertex 10.7904 -48.306 22.7315
    endloop
  endfacet
  facet normal 1 -0 0
    outer loop
      vertex 10.7904 -49.1268 21.664
      vertex 10.7904 -43.5601 17.9445
      vertex 10.7904 -48.7458 22.1957
    endloop
  endfacet
  facet normal 1 0 0
    outer loop
      vertex 10.7904 -42.198 12.8609
      vertex 10.7904 -45.1813 6.86923
      vertex 10.7904 -45.1474 6.85112
    endloop
  endfacet
  facet normal 1 0 0
    outer loop
      vertex 10.7904 -42.198 12.8609
      vertex 10.7904 -45.1474 6.85112
      vertex 10.7904 -44.5515 6.58111
    endloop
  endfacet
  facet normal 1 0 0
    outer loop
      vertex 10.7904 -43.5601 17.9445
      vertex 10.7904 -49.1268 21.664
      vertex 10.7904 -43.6811 17.75
    endloop
  endfacet
  facet normal 1 0 0
    outer loop
      vertex 10.7904 -42.4 12.9689
      vertex 10.7904 -45.7584 7.17772
      vertex 10.7904 -45.1813 6.86923
    endloop
  endfacet
  facet normal 1 -0 0
    outer loop
      vertex 10.7904 -49.4723 21.1083
      vertex 10.7904 -43.6811 17.75
      vertex 10.7904 -49.1268 21.664
    endloop
  endfacet
  facet normal 1 0 0
    outer loop
      vertex 10.7904 -42.5945 13.0899
      vertex 10.7904 -46.314 7.52321
      vertex 10.7904 -45.7584 7.17772
    endloop
  endfacet
  facet normal 1 -0 0
    outer loop
      vertex 10.7904 -49.4905 21.0744
      vertex 10.7904 -43.6811 17.75
      vertex 10.7904 -49.4723 21.1083
    endloop
  endfacet
  facet normal 1 0 0
    outer loop
      vertex 10.7904 -42.7807 13.2233
      vertex 10.7904 -46.8459 7.90434
      vertex 10.7904 -46.314 7.52321
    endloop
  endfacet
  facet normal 1 0 0
    outer loop
      vertex 10.7904 -43.6811 17.75
      vertex 10.7904 -49.4905 21.0744
      vertex 10.7904 -43.7891 17.548
    endloop
  endfacet
  facet normal 1 0 0
    outer loop
      vertex 10.7904 -42.9577 13.3686
      vertex 10.7904 -47.3517 8.31946
      vertex 10.7904 -46.8459 7.90434
    endloop
  endfacet
  facet normal 1 -0 0
    outer loop
      vertex 10.7904 -49.7988 20.4976
      vertex 10.7904 -43.7891 17.548
      vertex 10.7904 -49.4905 21.0744
    endloop
  endfacet
  facet normal 1 0 0
    outer loop
      vertex 10.7904 -43.7891 17.548
      vertex 10.7904 -49.7988 20.4976
      vertex 10.7904 -43.8836 17.3394
    endloop
  endfacet
  facet normal 1 0 0
    outer loop
      vertex 10.7904 -43.1249 13.5251
      vertex 10.7904 -47.8589 8.79107
      vertex 10.7904 -47.3814 8.34384
    endloop
  endfacet
  facet normal 1 0 0
    outer loop
      vertex 10.7904 -42.9577 13.3686
      vertex 10.7904 -47.3814 8.34384
      vertex 10.7904 -47.3517 8.31946
    endloop
  endfacet
  facet normal 1 -0 0
    outer loop
      vertex 10.7904 -50.0689 19.9014
      vertex 10.7904 -43.8836 17.3394
      vertex 10.7904 -49.7988 20.4976
    endloop
  endfacet
  facet normal 1 0 0
    outer loop
      vertex 10.7904 -43.8836 17.3394
      vertex 10.7904 -50.0689 19.9014
      vertex 10.7904 -43.9643 17.125
    endloop
  endfacet
  facet normal 1 0 0
    outer loop
      vertex 10.7904 -43.2814 13.6923
      vertex 10.7904 -48.3304 9.29816
      vertex 10.7904 -48.306 9.26846
    endloop
  endfacet
  facet normal 1 0 0
    outer loop
      vertex 10.7904 -43.2814 13.6923
      vertex 10.7904 -48.306 9.26846
      vertex 10.7904 -47.8589 8.79107
    endloop
  endfacet
  facet normal 1 -0 0
    outer loop
      vertex 10.7904 -50.2994 19.289
      vertex 10.7904 -43.9643 17.125
      vertex 10.7904 -50.0689 19.9014
    endloop
  endfacet
  facet normal 1 0 0
    outer loop
      vertex 10.7904 -43.4267 13.8693
      vertex 10.7904 -48.7458 9.80427
      vertex 10.7904 -48.3304 9.29816
    endloop
  endfacet
  facet normal 1 -0 0
    outer loop
      vertex 10.7904 -50.3106 19.2522
      vertex 10.7904 -43.9643 17.125
      vertex 10.7904 -50.2994 19.289
    endloop
  endfacet
  facet normal 1 0 0
    outer loop
      vertex 10.7904 -43.5601 14.0555
      vertex 10.7904 -49.1268 10.336
      vertex 10.7904 -48.7458 9.80427
    endloop
  endfacet
  facet normal 1 0 0
    outer loop
      vertex 10.7904 -43.9643 17.125
      vertex 10.7904 -50.3106 19.2522
      vertex 10.7904 -44.0307 16.9059
    endloop
  endfacet
  facet normal 1 -0 0
    outer loop
      vertex 10.7904 -50.5005 18.6262
      vertex 10.7904 -44.0307 16.9059
      vertex 10.7904 -50.3106 19.2522
    endloop
  endfacet
  facet normal 1 0 0
    outer loop
      vertex 10.7904 -43.6811 14.25
      vertex 10.7904 -49.4905 10.9256
      vertex 10.7904 -49.4723 10.8917
    endloop
  endfacet
  facet normal 1 0 0
    outer loop
      vertex 10.7904 -43.6811 14.25
      vertex 10.7904 -49.4723 10.8917
      vertex 10.7904 -49.1268 10.336
    endloop
  endfacet
  facet normal 1 0 0
    outer loop
      vertex 10.7904 -44.0307 16.9059
      vertex 10.7904 -50.5005 18.6262
      vertex 10.7904 -44.0827 16.6828
    endloop
  endfacet
  facet normal 1 0 0
    outer loop
      vertex 10.7904 -43.7891 14.452
      vertex 10.7904 -49.7988 11.5024
      vertex 10.7904 -49.4905 10.9256
    endloop
  endfacet
  facet normal 1 -0 0
    outer loop
      vertex 10.7904 -50.6491 17.9888
      vertex 10.7904 -44.0827 16.6828
      vertex 10.7904 -50.5005 18.6262
    endloop
  endfacet
  facet normal 1 0 0
    outer loop
      vertex 10.7904 -43.8836 14.6606
      vertex 10.7904 -50.0689 12.0986
      vertex 10.7904 -49.7988 11.5024
    endloop
  endfacet
  facet normal 1 0 0
    outer loop
      vertex 10.7904 -44.0827 16.6828
      vertex 10.7904 -50.6491 17.9888
      vertex 10.7904 -44.1201 16.4568
    endloop
  endfacet
  facet normal 1 -0 0
    outer loop
      vertex 10.7904 -50.7556 17.3435
      vertex 10.7904 -44.1201 16.4568
      vertex 10.7904 -50.6491 17.9888
    endloop
  endfacet
  facet normal 1 0 0
    outer loop
      vertex 10.7904 -43.9643 14.875
      vertex 10.7904 -50.3106 12.7478
      vertex 10.7904 -50.2994 12.711
    endloop
  endfacet
  facet normal 1 0 0
    outer loop
      vertex 10.7904 -43.9643 14.875
      vertex 10.7904 -50.2994 12.711
      vertex 10.7904 -50.0689 12.0986
    endloop
  endfacet
  facet normal 1 0 0
    outer loop
      vertex 10.7904 -44.1201 16.4568
      vertex 10.7904 -50.7556 17.3435
      vertex 10.7904 -44.1425 16.2289
    endloop
  endfacet
  facet normal 1 0 0
    outer loop
      vertex 10.7904 -44.0307 15.0941
      vertex 10.7904 -50.5005 13.3738
      vertex 10.7904 -50.3106 12.7478
    endloop
  endfacet
  facet normal 1 -0 0
    outer loop
      vertex 10.7904 -50.8198 16.6922
      vertex 10.7904 -44.1425 16.2289
      vertex 10.7904 -50.7556 17.3435
    endloop
  endfacet
  facet normal 1 0 0
    outer loop
      vertex 10.7904 -44.0827 15.3172
      vertex 10.7904 -50.6491 14.0112
      vertex 10.7904 -50.5005 13.3738
    endloop
  endfacet
  facet normal 1 -0 0
    outer loop
      vertex 10.7904 -50.8235 16.654
      vertex 10.7904 -44.1425 16.2289
      vertex 10.7904 -50.8198 16.6922
    endloop
  endfacet
  facet normal 1 0 0
    outer loop
      vertex 10.7904 -44.1201 15.5432
      vertex 10.7904 -50.7556 14.6565
      vertex 10.7904 -50.6491 14.0112
    endloop
  endfacet
  facet normal 1 0 0
    outer loop
      vertex 10.7904 -44.1425 16.2289
      vertex 10.7904 -50.8235 16.654
      vertex 10.7904 -44.15 16
    endloop
  endfacet
  facet normal 1 0 0
    outer loop
      vertex 10.7904 -44.1425 15.7711
      vertex 10.7904 -50.8198 15.3078
      vertex 10.7904 -50.7556 14.6565
    endloop
  endfacet
  facet normal 1 0 0
    outer loop
      vertex 10.7904 -44.15 16
      vertex 10.7904 -50.8235 16.654
      vertex 10.7904 -50.845 16
    endloop
  endfacet
  facet normal 1 0 -0
    outer loop
      vertex 10.7904 -50.8235 15.346
      vertex 10.7904 -44.15 16
      vertex 10.7904 -50.845 16
    endloop
  endfacet
  facet normal 1 0 0
    outer loop
      vertex 10.7904 -44.1425 15.7711
      vertex 10.7904 -50.8235 15.346
      vertex 10.7904 -50.8198 15.3078
    endloop
  endfacet
  facet normal 0.9232 0.243716 0.297159
    outer loop
      vertex 10.5638 -25.9833 26.6667
      vertex 10.5638 -26.1262 26.7839
      vertex 10.7139 -26.2395 26.4105
    endloop
  endfacet
  facet normal 0.923742 -0.0125429 0.38281
    outer loop
      vertex 10.5638 -41.3039 26.9203
      vertex 10.7139 -40.6172 26.5806
      vertex 10.5638 -40.6172 26.9428
    endloop
  endfacet
  facet normal 0.923742 -0.0125429 0.38281
    outer loop
      vertex 10.7139 -40.6172 26.5806
      vertex 10.5638 -41.3039 26.9203
      vertex 10.7139 -41.3039 26.5581
    endloop
  endfacet
  facet normal 0.980596 -0.151534 -0.124375
    outer loop
      vertex 10.7904 -48.7458 9.80427
      vertex 10.7139 -48.6501 9.08453
      vertex 10.7904 -48.3304 9.29816
    endloop
  endfacet
  facet normal 0.980597 -0.151531 -0.124374
    outer loop
      vertex 10.7139 -48.6501 9.08453
      vertex 10.7904 -48.7458 9.80427
      vertex 10.7139 -49.0655 9.59063
    endloop
  endfacet
  facet normal 0.381163 -0.815319 -0.435855
    outer loop
      vertex 9.38057 -51.3859 10.845
      vertex 9.74279 -50.9389 10.3256
      vertex 9.74279 -51.2473 10.9025
    endloop
  endfacet
  facet normal 0.381058 -0.815326 -0.435934
    outer loop
      vertex 9.74279 -50.9389 10.3256
      vertex 9.38057 -51.3859 10.845
      vertex 9.38057 -51.0775 10.2682
    endloop
  endfacet
  facet normal -0.555316 -0.778333 -0.292955
    outer loop
      vertex 1.53121 -51.3162 11.582
      vertex 1.85721 -51.7479 12.111
      vertex 1.53121 -51.5467 12.1944
    endloop
  endfacet
  facet normal -0.555254 -0.778355 -0.293011
    outer loop
      vertex 1.85721 -51.7479 12.111
      vertex 1.53121 -51.3162 11.582
      vertex 1.85721 -51.5174 11.4987
    endloop
  endfacet
  facet normal -0.555495 -0.831075 -0.0271942
    outer loop
      vertex 1.53121 -52.1735 15.346
      vertex 1.85721 -52.4128 16
      vertex 1.53121 -52.1949 16
    endloop
  endfacet
  facet normal -0.555317 -0.83119 -0.0273251
    outer loop
      vertex 1.85721 -52.4128 16
      vertex 1.53121 -52.1735 15.346
      vertex 1.85721 -52.3913 15.346
    endloop
  endfacet
  facet normal -0.381029 -0.920109 -0.0906472
    outer loop
      vertex 1.85721 -52.2933 14.3507
      vertex 2.21943 -52.4772 14.6948
      vertex 1.85721 -52.3272 14.6948
    endloop
  endfacet
  facet normal 0 -0.956938 0.290292
    outer loop
      vertex 2.60397 -52.2603 18.9763
      vertex 8.99603 -52.0704 19.6023
      vertex 2.60397 -52.0704 19.6023
    endloop
  endfacet
  facet normal 0 -0.956938 0.290292
    outer loop
      vertex 8.99603 -52.0704 19.6023
      vertex 2.60397 -52.2603 18.9763
      vertex 8.99603 -52.2603 18.9763
    endloop
  endfacet
  facet normal 0.195015 -0.980276 0.0320763
    outer loop
      vertex 8.99603 -52.6393 16
      vertex 9.38057 -52.5414 16.654
      vertex 8.99603 -52.6179 16.654
    endloop
  endfacet
  facet normal 0.195015 -0.980276 0.0320763
    outer loop
      vertex 9.38057 -52.5414 16.654
      vertex 8.99603 -52.6393 16
      vertex 9.38057 -52.5628 16
    endloop
  endfacet
  facet normal 0.830207 -0.491538 -0.262958
    outer loop
      vertex 10.5638 -50.0932 10.4768
      vertex 10.5638 -50.1804 10.6398
      vertex 10.346 -50.4815 10.515
    endloop
  endfacet
  facet normal 0.83029 -0.533276 0.161974
    outer loop
      vertex 10.5638 -50.9893 19.5747
      vertex 10.346 -51.2905 19.6995
      vertex 10.5638 -51.043 19.3979
    endloop
  endfacet
  facet normal 0.553641 -0.796951 0.241559
    outer loop
      vertex 10.0688 -51.5467 19.8056
      vertex 9.74279 -51.7479 19.889
      vertex 10.0688 -51.6346 19.5156
    endloop
  endfacet
  facet normal 0.980758 -0.158696 -0.11371
    outer loop
      vertex 10.7904 -49.1268 10.336
      vertex 10.7139 -49.0655 9.59063
      vertex 10.7904 -48.7458 9.80427
    endloop
  endfacet
  facet normal 0.980761 -0.158676 -0.113709
    outer loop
      vertex 10.7139 -49.0655 9.59063
      vertex 10.7904 -49.1268 10.336
      vertex 10.7139 -49.4465 10.1223
    endloop
  endfacet
  facet normal 0.705399 -0.705399 -0.069464
    outer loop
      vertex 10.346 -51.8322 14.6948
      vertex 10.0688 -52.1094 14.6948
      vertex 10.0688 -52.0797 14.3932
    endloop
  endfacet
  facet normal 0.980765 -0.0317848 0.192589
    outer loop
      vertex 10.7139 -42.0685 26.4828
      vertex 10.7904 -42.6388 25.9991
      vertex 10.7904 -41.9935 26.1056
    endloop
  endfacet
  facet normal 0.980755 -0.0318216 0.192631
    outer loop
      vertex 10.7904 -42.6388 25.9991
      vertex 10.7139 -42.0685 26.4828
      vertex 10.7139 -42.7138 26.3762
    endloop
  endfacet
  facet normal 0.923753 -0.0869693 -0.372985
    outer loop
      vertex 10.5638 -43.4218 5.41712
      vertex 10.7139 -42.7138 5.62378
      vertex 10.7139 -43.3511 5.77238
    endloop
  endfacet
  facet normal 0.923756 -0.0869729 -0.372975
    outer loop
      vertex 10.7139 -42.7138 5.62378
      vertex 10.5638 -43.4218 5.41712
      vertex 10.5638 -42.7845 5.26851
    endloop
  endfacet
  facet normal 0.194979 -0.571284 -0.797256
    outer loop
      vertex 8.99603 -47.3109 6.03127
      vertex 9.38057 -47.8003 6.476
      vertex 8.99603 -47.8428 6.41241
    endloop
  endfacet
  facet normal 0.194999 -0.571272 -0.79726
    outer loop
      vertex 9.38057 -47.8003 6.476
      vertex 8.99603 -47.3109 6.03127
      vertex 9.38057 -47.2684 6.09487
    endloop
  endfacet
  facet normal 0.195003 -0.917935 -0.3455
    outer loop
      vertex 8.99603 -51.9572 12.0244
      vertex 9.38057 -51.656 11.4412
      vertex 9.38057 -51.8865 12.0536
    endloop
  endfacet
  facet normal 0.195003 -0.917935 -0.3455
    outer loop
      vertex 9.38057 -51.656 11.4412
      vertex 8.99603 -51.9572 12.0244
      vertex 8.99603 -51.7267 11.412
    endloop
  endfacet
  facet normal 0.831349 -0.405632 -0.379895
    outer loop
      vertex 10.346 -49.0646 8.50991
      vertex 10.5638 -48.387 8.26303
      vertex 10.5638 -48.8341 8.74042
    endloop
  endfacet
  facet normal 0.831349 -0.405632 -0.379895
    outer loop
      vertex 10.5638 -48.387 8.26303
      vertex 10.346 -49.0646 8.50991
      vertex 10.346 -48.6175 8.03252
    endloop
  endfacet
  facet normal 0.553676 -0.528288 -0.643704
    outer loop
      vertex 9.74279 -47.7169 6.60076
      vertex 10.0688 -48.1017 7.19698
      vertex 9.74279 -48.2227 7.01587
    endloop
  endfacet
  facet normal 0.553676 -0.528288 -0.643704
    outer loop
      vertex 10.0688 -48.1017 7.19698
      vertex 9.74279 -47.7169 6.60076
      vertex 10.0688 -47.5959 6.78187
    endloop
  endfacet
  facet normal 0.980594 -0.124372 0.151547
    outer loop
      vertex 10.7139 -47.5653 24.0003
      vertex 10.7904 -46.8459 24.0957
      vertex 10.7139 -47.0595 24.4154
    endloop
  endfacet
  facet normal 0.980601 -0.124367 0.151505
    outer loop
      vertex 10.7904 -46.8459 24.0957
      vertex 10.7139 -47.5653 24.0003
      vertex 10.7904 -47.3517 23.6805
    endloop
  endfacet
  facet normal 0.923165 0.111564 -0.36786
    outer loop
      vertex 10.5638 -26.2892 5.12897
      vertex 10.7139 -26.4278 5.46362
      vertex 10.5638 -26.4661 5.07532
    endloop
  endfacet
  facet normal 0.980597 0.172823 0.0925285
    outer loop
      vertex 10.7139 -26.1136 26.2222
      vertex 10.7139 -26.1673 26.3225
      vertex 10.7904 -26.487 26.1089
    endloop
  endfacet
  facet normal 0.830231 0.533416 -0.161811
    outer loop
      vertex 10.346 -25.4056 5.75247
      vertex 10.5638 -25.7253 5.81607
      vertex 10.346 -25.4778 5.51446
    endloop
  endfacet
  facet normal 0.38114 0.920078 -0.0904943
    outer loop
      vertex 9.58035 -24.854 5.64277
      vertex 9.599 -24.847 5.79249
      vertex 9.74279 -24.92 5.65589
    endloop
  endfacet
  facet normal 0.381218 0.0906723 0.920028
    outer loop
      vertex 9.38057 -26.2766 27.8771
      vertex 9.38057 -26.65 27.9139
      vertex 9.74279 -26.3059 27.7299
    endloop
  endfacet
  facet normal 0.194157 0.864998 0.46269
    outer loop
      vertex 9.2537 -24.977 26.9638
      vertex 9.38057 -25.0587 27.0633
      vertex 9.38057 -24.9292 26.8212
    endloop
  endfacet
  facet normal 0 0.772726 0.634739
    outer loop
      vertex 8.99603 -25.2426 27.4074
      vertex 8.56636 -25.2357 27.399
      vertex 8.5436 -25.2426 27.4074
    endloop
  endfacet
  facet normal 1.49722e-05 0.773102 0.634282
    outer loop
      vertex 8.56636 -25.2357 27.399
      vertex 8.99603 -25.2426 27.4074
      vertex 8.99603 -25.074 27.2019
    endloop
  endfacet
  facet normal -0.195015 -0.0321191 0.980274
    outer loop
      vertex 2.21943 -40.6172 27.9139
      vertex 2.60397 -41.3039 27.9679
      vertex 2.60397 -40.6172 27.9904
    endloop
  endfacet
  facet normal -0.195015 -0.0321191 0.980274
    outer loop
      vertex 2.60397 -41.3039 27.9679
      vertex 2.21943 -40.6172 27.9139
      vertex 2.21943 -41.3039 27.8914
    endloop
  endfacet
  facet normal 0.555306 -0.0272346 0.8312
    outer loop
      vertex 9.74279 -40.6172 27.7638
      vertex 10.0688 -41.3039 27.5235
      vertex 10.0688 -40.6172 27.546
    endloop
  endfacet
  facet normal 0.555484 -0.0271098 0.831085
    outer loop
      vertex 10.0688 -41.3039 27.5235
      vertex 9.74279 -40.6172 27.7638
      vertex 9.74279 -41.3039 27.7414
    endloop
  endfacet
  facet normal 0.705399 0.069464 0.705399
    outer loop
      vertex 10.0688 -26.3484 27.5163
      vertex 10.0688 -26.65 27.546
      vertex 10.346 -26.65 27.2688
    endloop
  endfacet
  facet normal -0.831477 0 0.555559
    outer loop
      vertex 1.03616 -40.6172 26.9428
      vertex 1.25398 -26.65 27.2688
      vertex 1.03616 -26.65 26.9428
    endloop
  endfacet
  facet normal -0.831477 0 0.555559
    outer loop
      vertex 1.25398 -26.65 27.2688
      vertex 1.03616 -40.6172 26.9428
      vertex 1.25398 -40.6172 27.2688
    endloop
  endfacet
  facet normal 0.194289 0.462475 0.865083
    outer loop
      vertex 9.38057 -25.5867 27.5913
      vertex 8.99603 -25.8883 27.8389
      vertex 9.38057 -25.9176 27.7682
    endloop
  endfacet
  facet normal -0.553688 -0.643733 -0.52824
    outer loop
      vertex 1.53121 -49.4529 8.54815
      vertex 1.85721 -50.0493 8.93324
      vertex 1.53121 -49.8682 9.05425
    endloop
  endfacet
  facet normal -0.553688 -0.643733 -0.52824
    outer loop
      vertex 1.85721 -50.0493 8.93324
      vertex 1.53121 -49.4529 8.54815
      vertex 1.85721 -49.634 8.42714
    endloop
  endfacet
  facet normal -0.705478 -0.624969 -0.334237
    outer loop
      vertex 1.53121 -50.7377 10.4089
      vertex 1.25398 -50.4815 10.515
      vertex 1.53121 -50.5948 10.1417
    endloop
  endfacet
  facet normal -0.980616 0.0191323 0.195002
    outer loop
      vertex 0.80963 -26.65 26.196
      vertex 0.831677 -26.6228 26.3042
      vertex 0.80963 -26.6235 26.1934
    endloop
  endfacet
  facet normal -0.980614 0.0190446 0.195024
    outer loop
      vertex 0.831677 -26.6228 26.3042
      vertex 0.80963 -26.65 26.196
      vertex 0.886119 -26.65 26.5806
    endloop
  endfacet
  facet normal -0.923868 0 0.382711
    outer loop
      vertex 0.886119 -40.6172 26.5806
      vertex 1.03616 -26.65 26.9428
      vertex 0.886119 -26.65 26.5806
    endloop
  endfacet
  facet normal -0.923868 0 0.382711
    outer loop
      vertex 1.03616 -26.65 26.9428
      vertex 0.886119 -40.6172 26.5806
      vertex 1.03616 -40.6172 26.9428
    endloop
  endfacet
  facet normal -0.980603 -0.0192275 0.19506
    outer loop
      vertex 0.80963 -41.3422 26.1698
      vertex 0.886119 -41.9552 26.4939
      vertex 0.886119 -41.3039 26.5581
    endloop
  endfacet
  facet normal -0.980603 -0.0192275 0.19506
    outer loop
      vertex 0.886119 -41.9552 26.4939
      vertex 0.80963 -41.3422 26.1698
      vertex 0.80963 -41.9935 26.1056
    endloop
  endfacet
  facet normal -0.70536 -0.705437 0.0694677
    outer loop
      vertex 1.53121 -52.1094 17.3052
      vertex 1.53121 -52.0797 17.6068
      vertex 1.25398 -51.8322 17.3052
    endloop
  endfacet
  facet normal -0 0.0981587 0.995171
    outer loop
      vertex 4.44952 -26.2617 27.9521
      vertex 8.99603 -26.65 27.9904
      vertex 8.99603 -26.2617 27.9521
    endloop
  endfacet
  facet normal -3.91467e-06 0.0981134 0.995175
    outer loop
      vertex 3.47852 -26.422 27.9679
      vertex 8.99603 -26.65 27.9904
      vertex 4.44952 -26.2617 27.9521
    endloop
  endfacet
  facet normal 6.01438e-06 0.0981843 0.995168
    outer loop
      vertex 2.60397 -26.65 27.9904
      vertex 3.47852 -26.422 27.9679
      vertex 2.60397 -26.5081 27.9764
    endloop
  endfacet
  facet normal 0 0.0982072 0.995166
    outer loop
      vertex 3.47852 -26.422 27.9679
      vertex 2.60397 -26.65 27.9904
      vertex 8.99603 -26.65 27.9904
    endloop
  endfacet
  facet normal -0.55532 -0.0271134 0.831195
    outer loop
      vertex 1.53121 -40.6172 27.546
      vertex 1.85721 -41.3039 27.7414
      vertex 1.85721 -40.6172 27.7638
    endloop
  endfacet
  facet normal -0.555494 -0.0272305 0.831074
    outer loop
      vertex 1.85721 -41.3039 27.7414
      vertex 1.53121 -40.6172 27.546
      vertex 1.53121 -41.3039 27.5235
    endloop
  endfacet
  facet normal -0.555296 -0.135547 0.820532
    outer loop
      vertex 1.53121 -42.9022 27.3231
      vertex 1.85721 -42.2994 27.6433
      vertex 1.53121 -42.2569 27.4297
    endloop
  endfacet
  facet normal -0.555468 -0.135405 0.820439
    outer loop
      vertex 1.85721 -42.2994 27.6433
      vertex 1.53121 -42.9022 27.3231
      vertex 1.85721 -42.9447 27.5368
    endloop
  endfacet
  facet normal -0.980766 -0.00638918 -0.195084
    outer loop
      vertex 0.886119 -41.3039 5.44192
      vertex 0.80963 -40.6172 5.80397
      vertex 0.886119 -40.6172 5.41943
    endloop
  endfacet
  facet normal -0.980766 -0.00638918 -0.195084
    outer loop
      vertex 0.80963 -40.6172 5.80397
      vertex 0.886119 -41.3039 5.44192
      vertex 0.80963 -41.3039 5.82646
    endloop
  endfacet
  facet normal 0.194171 -0.284738 -0.938734
    outer loop
      vertex 9.38057 -44.2374 4.65462
      vertex 8.99603 -44.6257 4.69286
      vertex 8.99603 -44.2523 4.5796
    endloop
  endfacet
  facet normal 0.553732 -0.392519 -0.734377
    outer loop
      vertex 10.0688 -45.664 5.60389
      vertex 10.0688 -45.9313 5.74676
      vertex 9.74279 -45.7474 5.40265
    endloop
  endfacet
  facet normal -0.553677 -0.528255 -0.643731
    outer loop
      vertex 1.85721 -48.49 7.23523
      vertex 1.53121 -48.336 7.38925
      vertex 1.53121 -48.1017 7.19698
    endloop
  endfacet
  facet normal 0.381014 -0.268446 0.88474
    outer loop
      vertex 9.38057 -43.6113 27.5353
      vertex 9.74279 -44.2082 27.1982
      vertex 9.74279 -43.582 27.3882
    endloop
  endfacet
  facet normal 0.381162 -0.268338 0.884709
    outer loop
      vertex 9.74279 -44.2082 27.1982
      vertex 9.38057 -43.6113 27.5353
      vertex 9.38057 -44.2374 27.3454
    endloop
  endfacet
  facet normal 0.38236 -0.209825 0.899875
    outer loop
      vertex 9.38057 -42.9739 27.6839
      vertex 9.74279 -43.582 27.3882
      vertex 9.74279 -42.9447 27.5368
    endloop
  endfacet
  facet normal 0.38241 -0.209789 0.899862
    outer loop
      vertex 9.74279 -43.582 27.3882
      vertex 9.38057 -42.9739 27.6839
      vertex 9.38057 -43.6113 27.5353
    endloop
  endfacet
  facet normal 0.382583 -0.150448 0.91159
    outer loop
      vertex 9.38057 -42.3286 27.7905
      vertex 9.74279 -42.9447 27.5368
      vertex 9.74279 -42.2994 27.6433
    endloop
  endfacet
  facet normal 0.382369 -0.1506 0.911654
    outer loop
      vertex 9.74279 -42.9447 27.5368
      vertex 9.38057 -42.3286 27.7905
      vertex 9.38057 -42.9739 27.6839
    endloop
  endfacet
  facet normal 0.553659 0.0816095 0.828735
    outer loop
      vertex 10.0688 -26.3484 27.5163
      vertex 9.74279 -26.65 27.7638
      vertex 10.0688 -26.65 27.546
    endloop
  endfacet
  facet normal 0.381027 -0.0906966 0.920105
    outer loop
      vertex 9.38057 -41.3039 27.8914
      vertex 9.74279 -41.9552 27.6772
      vertex 9.74279 -41.3039 27.7414
    endloop
  endfacet
  facet normal 0.381027 -0.0906966 0.920105
    outer loop
      vertex 9.74279 -41.9552 27.6772
      vertex 9.38057 -41.3039 27.8914
      vertex 9.38057 -41.9552 27.8272
    endloop
  endfacet
  facet normal -0.382583 -0.150448 0.91159
    outer loop
      vertex 1.85721 -42.9447 27.5368
      vertex 2.21943 -42.3286 27.7905
      vertex 1.85721 -42.2994 27.6433
    endloop
  endfacet
  facet normal -0.382369 -0.1506 0.911654
    outer loop
      vertex 2.21943 -42.3286 27.7905
      vertex 1.85721 -42.9447 27.5368
      vertex 2.21943 -42.9739 27.6839
    endloop
  endfacet
  facet normal 0.381165 -0.268255 0.884733
    outer loop
      vertex 9.74279 -44.2082 27.1982
      vertex 9.38057 -44.2374 27.3454
      vertex 9.74279 -44.539 27.0979
    endloop
  endfacet
  facet normal 0.381127 -0.268303 0.884735
    outer loop
      vertex 9.74279 -44.539 27.0979
      vertex 9.38057 -44.2374 27.3454
      vertex 9.38057 -44.5965 27.2365
    endloop
  endfacet
  facet normal 0.555312 -0.439169 0.706229
    outer loop
      vertex 9.74279 -46.6294 26.1259
      vertex 10.0688 -47.064 25.5993
      vertex 10.0688 -46.5084 25.9448
    endloop
  endfacet
  facet normal 0.555312 -0.439169 0.706229
    outer loop
      vertex 10.0688 -47.064 25.5993
      vertex 9.74279 -46.6294 26.1259
      vertex 9.74279 -47.185 25.7804
    endloop
  endfacet
  facet normal 0.705516 -0.624936 0.334219
    outer loop
      vertex 10.346 -50.4815 21.485
      vertex 10.0688 -50.5948 21.8583
      vertex 10.0688 -50.7377 21.5911
    endloop
  endfacet
  facet normal 0.830239 -0.430901 0.353594
    outer loop
      vertex 10.5638 -48.8341 23.2596
      vertex 10.346 -49.0646 23.4901
      vertex 10.346 -49.2224 23.2978
    endloop
  endfacet
  facet normal 0.382351 -0.78465 0.487988
    outer loop
      vertex 9.38057 -50.9007 22.0627
      vertex 9.74279 -50.4304 22.5351
      vertex 9.38057 -50.5551 22.6184
    endloop
  endfacet
  facet normal 0.382535 -0.784649 0.487846
    outer loop
      vertex 9.74279 -50.4304 22.5351
      vertex 9.38057 -50.9007 22.0627
      vertex 9.74279 -50.7759 21.9794
    endloop
  endfacet
  facet normal 0.830239 -0.353594 0.430901
    outer loop
      vertex 10.5638 -47.9095 24.1842
      vertex 10.346 -47.9477 24.5725
      vertex 10.346 -48.14 24.4147
    endloop
  endfacet
  facet normal 0.553777 -0.528262 0.643638
    outer loop
      vertex 10.0688 -48.336 24.6107
      vertex 10.0688 -48.1017 24.803
      vertex 9.74279 -48.49 24.7648
    endloop
  endfacet
  facet normal 0 -0.812855 0.582467
    outer loop
      vertex 2.60397 -50.6187 22.6609
      vertex 8.99603 -50.2377 23.1926
      vertex 2.60397 -50.2377 23.1926
    endloop
  endfacet
  facet normal 0 -0.812855 0.582467
    outer loop
      vertex 8.99603 -50.2377 23.1926
      vertex 2.60397 -50.6187 22.6609
      vertex 8.99603 -50.6187 22.6609
    endloop
  endfacet
  facet normal 0 -0.881948 0.471346
    outer loop
      vertex 2.60397 -51.1482 21.7611
      vertex 8.99603 -50.9643 22.1052
      vertex 2.60397 -50.9643 22.1052
    endloop
  endfacet
  facet normal 0 -0.881948 0.471346
    outer loop
      vertex 8.99603 -50.9643 22.1052
      vertex 2.60397 -51.1482 21.7611
      vertex 8.99603 -51.1482 21.7611
    endloop
  endfacet
  facet normal 0.555283 -0.809914 0.188946
    outer loop
      vertex 9.74279 -52.1868 18.2947
      vertex 10.0688 -51.8245 18.8896
      vertex 9.74279 -52.0381 18.9321
    endloop
  endfacet
  facet normal 0.555457 -0.809829 0.188799
    outer loop
      vertex 10.0688 -51.8245 18.8896
      vertex 9.74279 -52.1868 18.2947
      vertex 10.0688 -51.9731 18.2522
    endloop
  endfacet
  facet normal 0.381064 -0.815408 0.435775
    outer loop
      vertex 9.74279 -50.9389 21.6744
      vertex 9.74279 -50.7759 21.9794
      vertex 9.38057 -51.0775 21.7318
    endloop
  endfacet
  facet normal -0.705373 -0.449681 0.547938
    outer loop
      vertex 1.53121 -48.1017 24.803
      vertex 1.25398 -47.4419 24.9876
      vertex 1.25398 -47.9477 24.5725
    endloop
  endfacet
  facet normal -0.705373 -0.449681 0.547938
    outer loop
      vertex 1.25398 -47.4419 24.9876
      vertex 1.53121 -48.1017 24.803
      vertex 1.53121 -47.5959 25.2181
    endloop
  endfacet
  facet normal -0.83134 -0.555467 -0.0181758
    outer loop
      vertex 1.25398 -51.8963 15.346
      vertex 1.03616 -51.5917 16
      vertex 1.03616 -51.5703 15.346
    endloop
  endfacet
  facet normal -0.83134 -0.555467 -0.0181758
    outer loop
      vertex 1.03616 -51.5917 16
      vertex 1.25398 -51.8963 15.346
      vertex 1.25398 -51.9177 16
    endloop
  endfacet
  facet normal 0.194128 -0.976272 0.0959539
    outer loop
      vertex 9.38057 -52.4405 17.6786
      vertex 8.99603 -52.5155 17.6935
      vertex 9.38057 -52.4772 17.3052
    endloop
  endfacet
  facet normal 0.553659 -0.828735 0.0816095
    outer loop
      vertex 10.0688 -52.1094 17.3052
      vertex 10.0688 -52.0797 17.6068
      vertex 9.74279 -52.3272 17.3052
    endloop
  endfacet
  facet normal -0.553646 -0.82874 0.0816457
    outer loop
      vertex 1.85721 -52.3272 17.3052
      vertex 1.85721 -52.2933 17.6493
      vertex 1.53121 -52.0797 17.6068
    endloop
  endfacet
  facet normal -0.194293 -0.865191 0.462272
    outer loop
      vertex 2.60397 -51.1482 21.7611
      vertex 2.21943 -50.9007 22.0627
      vertex 2.21943 -51.0775 21.7318
    endloop
  endfacet
  facet normal -0.980764 -0.0443252 -0.190097
    outer loop
      vertex 0.886119 -43.3511 5.77238
      vertex 0.80963 -42.6388 6.00092
      vertex 0.886119 -42.7138 5.62378
    endloop
  endfacet
  facet normal -0.980765 -0.044327 -0.190092
    outer loop
      vertex 0.80963 -42.6388 6.00092
      vertex 0.886119 -43.3511 5.77238
      vertex 0.80963 -43.2761 6.14953
    endloop
  endfacet
  facet normal -0.830244 -0.161855 -0.533383
    outer loop
      vertex 1.25398 -44.3496 5.35952
      vertex 1.03616 -44.2248 5.6607
      vertex 1.03616 -44.048 5.60705
    endloop
  endfacet
  facet normal -0.923809 -0.0869437 -0.37285
    outer loop
      vertex 1.03616 -43.4218 5.41712
      vertex 0.886119 -42.7138 5.62378
      vertex 1.03616 -42.7845 5.26851
    endloop
  endfacet
  facet normal -0.923806 -0.0869401 -0.37286
    outer loop
      vertex 0.886119 -42.7138 5.62378
      vertex 1.03616 -43.4218 5.41712
      vertex 0.886119 -43.3511 5.77238
    endloop
  endfacet
  facet normal -0.923814 -0.26173 0.279401
    outer loop
      vertex 0.886119 -48.1308 23.4808
      vertex 1.03616 -47.9095 24.1842
      vertex 0.886119 -47.6533 23.9281
    endloop
  endfacet
  facet normal -0.923841 -0.261655 0.279383
    outer loop
      vertex 1.03616 -47.9095 24.1842
      vertex 0.886119 -48.1308 23.4808
      vertex 1.03616 -48.387 23.737
    endloop
  endfacet
  facet normal -0.923783 -0.0624097 0.377796
    outer loop
      vertex 0.886119 -42.7138 26.3762
      vertex 1.03616 -42.1392 26.838
      vertex 0.886119 -42.0685 26.4828
    endloop
  endfacet
  facet normal -0.923819 -0.0623385 0.377719
    outer loop
      vertex 1.03616 -42.1392 26.838
      vertex 0.886119 -42.7138 26.3762
      vertex 1.03616 -42.7845 26.7315
    endloop
  endfacet
  facet normal 0.194141 -0.284709 -0.938749
    outer loop
      vertex 9.38057 -44.2374 4.65462
      vertex 9.38057 -44.5965 4.76353
      vertex 8.99603 -44.6257 4.69286
    endloop
  endfacet
  facet normal 0 -0.995175 -0.0981116
    outer loop
      vertex 2.60397 -52.5537 14.6948
      vertex 8.99603 -52.6179 15.346
      vertex 2.60397 -52.6179 15.346
    endloop
  endfacet
  facet normal 0 -0.995175 -0.0981116
    outer loop
      vertex 8.99603 -52.6179 15.346
      vertex 2.60397 -52.5537 14.6948
      vertex 8.99603 -52.5537 14.6948
    endloop
  endfacet
  facet normal -0.553649 -0.79689 -0.24174
    outer loop
      vertex 1.53121 -51.6346 12.4844
      vertex 1.85721 -52.0381 13.0679
      vertex 1.53121 -51.8245 13.1104
    endloop
  endfacet
  facet normal -0.553824 -0.796814 -0.24159
    outer loop
      vertex 1.85721 -52.0381 13.0679
      vertex 1.53121 -51.6346 12.4844
      vertex 1.85721 -51.8483 12.4419
    endloop
  endfacet
  facet normal 0.194991 -0.893399 -0.404742
    outer loop
      vertex 8.99603 -51.7267 11.412
      vertex 9.38057 -51.3859 10.845
      vertex 9.38057 -51.656 11.4412
    endloop
  endfacet
  facet normal 0.194767 -0.893384 -0.404885
    outer loop
      vertex 9.38057 -51.3859 10.845
      vertex 8.99603 -51.7267 11.412
      vertex 8.99603 -51.4565 10.8158
    endloop
  endfacet
  facet normal -0.830223 -0.554721 -0.054899
    outer loop
      vertex 1.03616 -51.488 14.5109
      vertex 1.25398 -51.8322 14.6948
      vertex 1.03616 -51.5062 14.6948
    endloop
  endfacet
  facet normal 0.705419 0.625171 0.333986
    outer loop
      vertex 10.0688 -25.2217 26.5916
      vertex 10.0688 -25.3645 26.8589
      vertex 10.346 -25.4778 26.4855
    endloop
  endfacet
  facet normal 0.830239 0.353594 0.430901
    outer loop
      vertex 10.346 -25.7528 26.8972
      vertex 10.346 -25.9451 27.055
      vertex 10.5638 -25.9833 26.6667
    endloop
  endfacet
  facet normal 0.980597 -0.0192301 0.195087
    outer loop
      vertex 10.7139 -41.9552 26.4939
      vertex 10.7904 -41.3422 26.1698
      vertex 10.7139 -41.3039 26.5581
    endloop
  endfacet
  facet normal 0.980597 -0.0192301 0.195087
    outer loop
      vertex 10.7904 -41.3422 26.1698
      vertex 10.7139 -41.9552 26.4939
      vertex 10.7904 -41.9935 26.1056
    endloop
  endfacet
  facet normal 0.923185 0.243789 -0.297147
    outer loop
      vertex 10.5638 -25.9833 5.33334
      vertex 10.7139 -26.2395 5.58948
      vertex 10.5638 -26.1262 5.2161
    endloop
  endfacet
  facet normal 0.831358 -0.126205 -0.541217
    outer loop
      vertex 10.346 -43.4854 5.09739
      vertex 10.5638 -42.7845 5.26851
      vertex 10.5638 -43.4218 5.41712
    endloop
  endfacet
  facet normal 0.831358 -0.126205 -0.541217
    outer loop
      vertex 10.5638 -42.7845 5.26851
      vertex 10.346 -43.4854 5.09739
      vertex 10.346 -42.8481 4.94878
    endloop
  endfacet
  facet normal 0.705438 -0.0694373 -0.705362
    outer loop
      vertex 10.0688 -41.9552 4.54062
      vertex 10.346 -41.9552 4.81785
      vertex 10.0688 -42.2569 4.57032
    endloop
  endfacet
  facet normal 0.923153 0.339062 -0.18118
    outer loop
      vertex 10.5638 -25.779 5.63921
      vertex 10.7139 -26.1136 5.77783
      vertex 10.5638 -25.8661 5.47621
    endloop
  endfacet
  facet normal 0.9806 0.124433 0.151462
    outer loop
      vertex 10.7904 -26.5114 26.1386
      vertex 10.7139 -26.2395 26.4105
      vertex 10.7904 -26.5411 26.163
    endloop
  endfacet
  facet normal 0.980761 -0.177817 0.0805573
    outer loop
      vertex 10.7139 -50.1541 20.6447
      vertex 10.7904 -50.0689 19.9014
      vertex 10.7904 -49.7988 20.4976
    endloop
  endfacet
  facet normal 0.980761 -0.177817 0.0805573
    outer loop
      vertex 10.7904 -50.0689 19.9014
      vertex 10.7139 -50.1541 20.6447
      vertex 10.7139 -50.4242 20.0485
    endloop
  endfacet
  facet normal 0.831501 0.555524 0
    outer loop
      vertex 10.5638 -25.7072 26
      vertex 10.346 -25.3812 6
      vertex 10.346 -25.3812 26
    endloop
  endfacet
  facet normal 0.831501 0.555524 0
    outer loop
      vertex 10.346 -25.3812 6
      vertex 10.5638 -25.7072 26
      vertex 10.5638 -25.7072 6
    endloop
  endfacet
  facet normal 0.830231 0.533415 0.161817
    outer loop
      vertex 10.346 -25.4056 26.2475
      vertex 10.346 -25.4778 26.4855
      vertex 10.5638 -25.7253 26.1839
    endloop
  endfacet
  facet normal 0.705378 0.547957 0.44965
    outer loop
      vertex 10.346 -25.595 26.7049
      vertex 10.0688 -25.5568 27.0932
      vertex 10.346 -25.7528 26.8972
    endloop
  endfacet
  facet normal 0.830261 0.554696 -0.0545859
    outer loop
      vertex 10.346 -25.3812 6
      vertex 10.5638 -25.7072 6
      vertex 10.5638 -25.7253 5.81607
    endloop
  endfacet
  facet normal 0.92316 0.382568 -0.0376474
    outer loop
      vertex 10.5638 -25.7072 6
      vertex 10.7139 -26.0694 6
      vertex 10.5638 -25.7253 5.81607
    endloop
  endfacet
  facet normal 0.381098 -0.43588 -0.815336
    outer loop
      vertex 9.74279 -45.7474 5.40265
      vertex 9.74279 -46.0523 5.56565
      vertex 9.38057 -45.8048 5.26403
    endloop
  endfacet
  facet normal 0.19499 -0.032105 -0.98028
    outer loop
      vertex 8.99603 -41.3039 4.03212
      vertex 9.38057 -40.6172 4.08612
      vertex 9.38057 -41.3039 4.10861
    endloop
  endfacet
  facet normal 0.19499 -0.032105 -0.98028
    outer loop
      vertex 9.38057 -40.6172 4.08612
      vertex 8.99603 -41.3039 4.03212
      vertex 8.99603 -40.6172 4.00963
    endloop
  endfacet
  facet normal 0.830259 -0.0546348 -0.554694
    outer loop
      vertex 10.346 -41.9552 4.81785
      vertex 10.5638 -41.3039 5.0797
      vertex 10.5638 -41.9552 5.14385
    endloop
  endfacet
  facet normal 0.830251 -0.0546274 -0.554706
    outer loop
      vertex 10.5638 -41.3039 5.0797
      vertex 10.346 -41.9552 4.81785
      vertex 10.346 -41.3039 4.75371
    endloop
  endfacet
  facet normal 0.555342 -0.0272217 -0.831177
    outer loop
      vertex 9.74279 -41.3039 4.25865
      vertex 10.0688 -40.6172 4.45398
      vertex 10.0688 -41.3039 4.47647
    endloop
  endfacet
  facet normal 0.555342 -0.0272217 -0.831177
    outer loop
      vertex 10.0688 -40.6172 4.45398
      vertex 9.74279 -41.3039 4.25865
      vertex 9.74279 -40.6172 4.23616
    endloop
  endfacet
  facet normal -0.831339 -0.0182001 -0.555467
    outer loop
      vertex 1.25398 -41.3039 4.75371
      vertex 1.03616 -40.6172 5.05721
      vertex 1.25398 -40.6172 4.73121
    endloop
  endfacet
  facet normal -0.831331 -0.0181924 -0.555479
    outer loop
      vertex 1.03616 -40.6172 5.05721
      vertex 1.25398 -41.3039 4.75371
      vertex 1.03616 -41.3039 5.0797
    endloop
  endfacet
  facet normal -0.553705 -0.0816233 -0.828703
    outer loop
      vertex 1.53121 -41.9552 4.54062
      vertex 1.85721 -41.3039 4.25865
      vertex 1.85721 -41.9552 4.3228
    endloop
  endfacet
  facet normal -0.553705 -0.0816233 -0.828703
    outer loop
      vertex 1.85721 -41.3039 4.25865
      vertex 1.53121 -41.9552 4.54062
      vertex 1.53121 -41.3039 4.47647
    endloop
  endfacet
  facet normal -0.830221 -0.262735 -0.491634
    outer loop
      vertex 1.25398 -45.7773 5.97727
      vertex 1.03616 -45.5962 6.24832
      vertex 1.25398 -45.5579 5.86002
    endloop
  endfacet
  facet normal 0 -0.683594 -0.729862
    outer loop
      vertex 2.60397 -49.1277 7.52228
      vertex 8.99603 -48.6502 7.07505
      vertex 8.99603 -49.1277 7.52228
    endloop
  endfacet
  facet normal -0 -0.683594 -0.729862
    outer loop
      vertex 8.99603 -48.6502 7.07505
      vertex 2.60397 -49.1277 7.52228
      vertex 2.60397 -48.6502 7.07505
    endloop
  endfacet
  facet normal -0.194193 -0.865164 -0.462363
    outer loop
      vertex 2.60397 -50.9643 9.89479
      vertex 2.60397 -51.1482 10.2389
      vertex 2.21943 -50.9007 9.93729
    endloop
  endfacet
  facet normal 0.830207 -0.491538 0.262958
    outer loop
      vertex 10.5638 -50.1804 21.3602
      vertex 10.5638 -50.0932 21.5232
      vertex 10.346 -50.4815 21.485
    endloop
  endfacet
  facet normal 0.980761 -0.11371 0.158675
    outer loop
      vertex 10.7139 -47.0595 24.4154
      vertex 10.7904 -46.314 24.4768
      vertex 10.7139 -46.5277 24.7965
    endloop
  endfacet
  facet normal 0.980756 -0.113712 0.158708
    outer loop
      vertex 10.7904 -46.314 24.4768
      vertex 10.7139 -47.0595 24.4154
      vertex 10.7904 -46.8459 24.0957
    endloop
  endfacet
  facet normal 0.923176 -0.338926 -0.181315
    outer loop
      vertex 10.5638 -50.0932 10.4768
      vertex 10.7139 -49.8457 10.7784
      vertex 10.5638 -50.1804 10.6398
    endloop
  endfacet
  facet normal 0.705433 -0.449622 -0.547909
    outer loop
      vertex 10.0688 -48.1017 7.19698
      vertex 10.346 -47.9477 7.4275
      vertex 10.0688 -48.336 7.38925
    endloop
  endfacet
  facet normal 0.707047 -0.661838 -0.249108
    outer loop
      vertex 10.0688 -51.5467 12.1944
      vertex 10.346 -51.06 11.6881
      vertex 10.346 -51.2905 12.3005
    endloop
  endfacet
  facet normal 0.707047 -0.661838 -0.249108
    outer loop
      vertex 10.346 -51.06 11.6881
      vertex 10.0688 -51.5467 12.1944
      vertex 10.0688 -51.3162 11.582
    endloop
  endfacet
  facet normal 0.194933 -0.967706 -0.159835
    outer loop
      vertex 8.99603 -52.5155 14.3065
      vertex 9.38057 -52.3339 13.676
      vertex 9.38057 -52.4405 14.3214
    endloop
  endfacet
  facet normal 0.194933 -0.967706 -0.159835
    outer loop
      vertex 9.38057 -52.3339 13.676
      vertex 8.99603 -52.5155 14.3065
      vertex 8.99603 -52.4089 13.6611
    endloop
  endfacet
  facet normal 0 -0.986633 -0.162961
    outer loop
      vertex 2.60397 -52.4089 13.6611
      vertex 8.99603 -52.5155 14.3065
      vertex 2.60397 -52.5155 14.3065
    endloop
  endfacet
  facet normal 0 -0.986633 -0.162961
    outer loop
      vertex 8.99603 -52.5155 14.3065
      vertex 2.60397 -52.4089 13.6611
      vertex 8.99603 -52.4089 13.6611
    endloop
  endfacet
  facet normal -0.382428 -0.923487 -0.0303593
    outer loop
      vertex 1.85721 -52.3913 15.346
      vertex 2.21943 -52.5628 16
      vertex 1.85721 -52.4128 16
    endloop
  endfacet
  facet normal -0.382647 -0.9234 -0.0302152
    outer loop
      vertex 2.21943 -52.5628 16
      vertex 1.85721 -52.3913 15.346
      vertex 2.21943 -52.5414 15.346
    endloop
  endfacet
  facet normal -0.381029 -0.920109 0.0906472
    outer loop
      vertex 2.21943 -52.4772 17.3052
      vertex 1.85721 -52.2933 17.6493
      vertex 1.85721 -52.3272 17.3052
    endloop
  endfacet
  facet normal -0.980603 -0.0924022 -0.172859
    outer loop
      vertex 0.886119 -45.3949 6.5495
      vertex 0.80963 -45.7584 7.17772
      vertex 0.80963 -45.1813 6.86923
    endloop
  endfacet
  facet normal -0.980607 -0.0923794 -0.172846
    outer loop
      vertex 0.80963 -45.7584 7.17772
      vertex 0.886119 -45.3949 6.5495
      vertex 0.886119 -45.9721 6.85799
    endloop
  endfacet
  facet normal 0 -0.999465 0.0327042
    outer loop
      vertex 2.60397 -52.6393 16
      vertex 8.99603 -52.6179 16.654
      vertex 2.60397 -52.6179 16.654
    endloop
  endfacet
  facet normal 0 -0.999465 0.0327042
    outer loop
      vertex 8.99603 -52.6179 16.654
      vertex 2.60397 -52.6393 16
      vertex 8.99603 -52.6393 16
    endloop
  endfacet
  facet normal 0 -0.986633 0.162961
    outer loop
      vertex 2.60397 -52.5155 17.6935
      vertex 8.99603 -52.4089 18.3389
      vertex 2.60397 -52.4089 18.3389
    endloop
  endfacet
  facet normal 0 -0.986633 0.162961
    outer loop
      vertex 8.99603 -52.4089 18.3389
      vertex 2.60397 -52.5155 17.6935
      vertex 8.99603 -52.5155 17.6935
    endloop
  endfacet
  facet normal 0.705399 -0.705399 0.069464
    outer loop
      vertex 10.346 -51.8322 17.3052
      vertex 10.0688 -52.0797 17.6068
      vertex 10.0688 -52.1094 17.3052
    endloop
  endfacet
  facet normal 0.381029 -0.920109 0.0906472
    outer loop
      vertex 9.74279 -52.3272 17.3052
      vertex 9.74279 -52.2933 17.6493
      vertex 9.38057 -52.4772 17.3052
    endloop
  endfacet
  facet normal 0.830247 -0.554686 0.0548955
    outer loop
      vertex 10.5638 -51.5062 17.3052
      vertex 10.5638 -51.488 17.4891
      vertex 10.346 -51.8322 17.3052
    endloop
  endfacet
  facet normal 0.706956 -0.697804 0.115255
    outer loop
      vertex 10.0688 -52.0797 17.6068
      vertex 10.346 -51.7012 18.1981
      vertex 10.0688 -51.9731 18.2522
    endloop
  endfacet
  facet normal 0.706956 -0.697804 0.115255
    outer loop
      vertex 10.346 -51.7012 18.1981
      vertex 10.0688 -52.0797 17.6068
      vertex 10.346 -51.8078 17.5527
    endloop
  endfacet
  facet normal 0.553746 -0.734389 0.392477
    outer loop
      vertex 10.0688 -50.5948 21.8583
      vertex 9.74279 -50.7759 21.9794
      vertex 9.74279 -50.9389 21.6744
    endloop
  endfacet
  facet normal 0.83026 -0.554695 0.0546007
    outer loop
      vertex 10.346 -51.8322 17.3052
      vertex 10.5638 -51.5703 16.654
      vertex 10.5638 -51.5062 17.3052
    endloop
  endfacet
  facet normal 0.83026 -0.554695 0.0546007
    outer loop
      vertex 10.5638 -51.5703 16.654
      vertex 10.346 -51.8322 17.3052
      vertex 10.346 -51.8963 16.654
    endloop
  endfacet
  facet normal 0.555321 -0.675943 -0.484478
    outer loop
      vertex 9.74279 -50.4304 9.46495
      vertex 10.0688 -49.8682 9.05425
      vertex 10.0688 -50.2493 9.58596
    endloop
  endfacet
  facet normal 0.555321 -0.675943 -0.484478
    outer loop
      vertex 10.0688 -49.8682 9.05425
      vertex 9.74279 -50.4304 9.46495
      vertex 9.74279 -50.0493 8.93324
    endloop
  endfacet
  facet normal 0.980606 0.172891 0.0923106
    outer loop
      vertex 10.7904 -26.4689 26.075
      vertex 10.7139 -26.1136 26.2222
      vertex 10.7904 -26.487 26.1089
    endloop
  endfacet
  facet normal 0.83026 -0.554695 -0.0546007
    outer loop
      vertex 10.5638 -51.5703 15.346
      vertex 10.346 -51.8322 14.6948
      vertex 10.5638 -51.5062 14.6948
    endloop
  endfacet
  facet normal 0.83026 -0.554695 -0.0546007
    outer loop
      vertex 10.346 -51.8322 14.6948
      vertex 10.5638 -51.5703 15.346
      vertex 10.346 -51.8963 15.346
    endloop
  endfacet
  facet normal 0.923188 -0.36783 -0.111464
    outer loop
      vertex 10.7139 -50.6547 12.5639
      vertex 10.7139 -50.6877 12.6728
      vertex 10.5638 -51.043 12.6021
    endloop
  endfacet
  facet normal 0.980755 -0.190143 -0.044329
    outer loop
      vertex 10.7904 -50.6491 14.0112
      vertex 10.7139 -50.8776 13.2988
      vertex 10.7904 -50.5005 13.3738
    endloop
  endfacet
  facet normal 0.980757 -0.190131 -0.0443331
    outer loop
      vertex 10.7139 -50.8776 13.2988
      vertex 10.7904 -50.6491 14.0112
      vertex 10.7139 -51.0262 13.9361
    endloop
  endfacet
  facet normal 0.83135 -0.29347 -0.471945
    outer loop
      vertex 10.5638 -46.7289 6.9023
      vertex 10.346 -46.3544 6.28576
      vertex 10.5638 -46.1733 6.55681
    endloop
  endfacet
  facet normal 0.83135 -0.29347 -0.471945
    outer loop
      vertex 10.346 -46.3544 6.28576
      vertex 10.5638 -46.7289 6.9023
      vertex 10.346 -46.91 6.63125
    endloop
  endfacet
  facet normal 0.980596 -0.0568465 -0.187619
    outer loop
      vertex 10.7904 -43.9023 6.33946
      vertex 10.7904 -43.9391 6.35061
      vertex 10.7139 -44.0862 5.99535
    endloop
  endfacet
  facet normal 0.705417 -0.449608 -0.547941
    outer loop
      vertex 10.346 -47.9477 7.4275
      vertex 10.346 -48.14 7.58529
      vertex 10.0688 -48.336 7.38925
    endloop
  endfacet
  facet normal 0.553746 -0.734389 -0.392477
    outer loop
      vertex 10.0688 -50.5948 10.1417
      vertex 9.74279 -50.9389 10.3256
      vertex 9.74279 -50.7759 10.0206
    endloop
  endfacet
  facet normal 0.980769 -0.165749 -0.103052
    outer loop
      vertex 10.7139 -49.7921 10.678
      vertex 10.7904 -49.1268 10.336
      vertex 10.7904 -49.4723 10.8917
    endloop
  endfacet
  facet normal 0.980761 -0.16577 -0.103095
    outer loop
      vertex 10.7904 -49.1268 10.336
      vertex 10.7139 -49.7921 10.678
      vertex 10.7139 -49.4465 10.1223
    endloop
  endfacet
  facet normal 0.9806 -0.151459 -0.124431
    outer loop
      vertex 10.7904 -48.306 9.26846
      vertex 10.7904 -48.3304 9.29816
      vertex 10.7139 -48.5779 8.99655
    endloop
  endfacet
  facet normal -0.194984 -0.797258 -0.57128
    outer loop
      vertex 2.21943 -50.1741 8.84988
      vertex 2.60397 -50.6187 9.3391
      vertex 2.21943 -50.5551 9.38159
    endloop
  endfacet
  facet normal -0.194984 -0.797258 -0.57128
    outer loop
      vertex 2.60397 -50.6187 9.3391
      vertex 2.21943 -50.1741 8.84988
      vertex 2.60397 -50.2377 8.80739
    endloop
  endfacet
  facet normal 0 -0.81286 -0.58246
    outer loop
      vertex 2.60397 -50.2377 8.80739
      vertex 8.99603 -50.6187 9.3391
      vertex 2.60397 -50.6187 9.3391
    endloop
  endfacet
  facet normal 0 -0.81286 -0.58246
    outer loop
      vertex 8.99603 -50.6187 9.3391
      vertex 2.60397 -50.2377 8.80739
      vertex 8.99603 -50.2377 8.80739
    endloop
  endfacet
  facet normal 0.194195 -0.622336 -0.758278
    outer loop
      vertex 9.38057 -48.3061 6.89112
      vertex 8.99603 -48.6502 7.07505
      vertex 8.99603 -48.3486 6.82752
    endloop
  endfacet
  facet normal -0.19502 -0.715869 -0.670447
    outer loop
      vertex 2.21943 -49.0736 7.57637
      vertex 2.60397 -49.5748 7.99967
      vertex 2.21943 -49.5207 8.05376
    endloop
  endfacet
  facet normal -0.19502 -0.715869 -0.670447
    outer loop
      vertex 2.60397 -49.5748 7.99967
      vertex 2.21943 -49.0736 7.57637
      vertex 2.60397 -49.1277 7.52228
    endloop
  endfacet
  facet normal 0.92318 -0.338972 0.181208
    outer loop
      vertex 10.5638 -50.1804 21.3602
      vertex 10.7139 -50.1541 20.6447
      vertex 10.7139 -49.8457 21.2216
    endloop
  endfacet
  facet normal 0.923149 -0.339063 0.181198
    outer loop
      vertex 10.7139 -50.1541 20.6447
      vertex 10.5638 -50.1804 21.3602
      vertex 10.5638 -50.4887 20.7833
    endloop
  endfacet
  facet normal 0.923763 -0.158052 -0.348827
    outer loop
      vertex 10.5638 -45.4332 6.1612
      vertex 10.7139 -44.6986 6.22585
      vertex 10.7139 -45.2945 6.49585
    endloop
  endfacet
  facet normal 0.923748 -0.158045 -0.348871
    outer loop
      vertex 10.7139 -44.6986 6.22585
      vertex 10.5638 -45.4332 6.1612
      vertex 10.5638 -44.8372 5.8912
    endloop
  endfacet
  facet normal 0.923166 -0.297179 0.243822
    outer loop
      vertex 10.7139 -48.5779 23.0035
      vertex 10.5638 -48.9513 23.1167
      vertex 10.7139 -48.6501 22.9155
    endloop
  endfacet
  facet normal 0.831389 -0.229339 0.506159
    outer loop
      vertex 10.346 -45.5579 26.14
      vertex 10.5638 -44.8372 26.1088
      vertex 10.346 -44.962 26.41
    endloop
  endfacet
  facet normal 0.831357 -0.229326 0.506217
    outer loop
      vertex 10.5638 -44.8372 26.1088
      vertex 10.346 -45.5579 26.14
      vertex 10.5638 -45.4332 25.8388
    endloop
  endfacet
  facet normal 0.553663 -0.528286 0.643717
    outer loop
      vertex 9.74279 -47.7169 25.3992
      vertex 10.0688 -48.1017 24.803
      vertex 10.0688 -47.5959 25.2181
    endloop
  endfacet
  facet normal 0.553663 -0.528286 0.643717
    outer loop
      vertex 10.0688 -48.1017 24.803
      vertex 9.74279 -47.7169 25.3992
      vertex 9.74279 -48.2227 24.9841
    endloop
  endfacet
  facet normal 0.923731 -0.134931 0.358489
    outer loop
      vertex 10.5638 -44.2248 26.3393
      vertex 10.7139 -44.6986 25.7742
      vertex 10.7139 -44.0862 26.0047
    endloop
  endfacet
  facet normal 0.923731 -0.134931 0.358489
    outer loop
      vertex 10.7139 -44.6986 25.7742
      vertex 10.5638 -44.2248 26.3393
      vertex 10.5638 -44.8372 26.1088
    endloop
  endfacet
  facet normal 0.38124 0.920048 0.0903738
    outer loop
      vertex 9.74279 -24.8862 26
      vertex 9.599 -24.847 26.2075
      vertex 9.74279 -24.92 26.3441
    endloop
  endfacet
  facet normal 0.38143 0.919955 0.090523
    outer loop
      vertex 9.599 -24.847 26.2075
      vertex 9.74279 -24.8862 26
      vertex 9.62485 -24.8373 26
    endloop
  endfacet
  facet normal 0.553659 0.828735 0.0816095
    outer loop
      vertex 9.74279 -24.8862 26
      vertex 10.0688 -25.1337 26.3016
      vertex 10.0688 -25.104 26
    endloop
  endfacet
  facet normal 0.707107 0.707107 -0
    outer loop
      vertex 10.346 -25.3812 6
      vertex 10.0688 -25.104 26
      vertex 10.346 -25.3812 26
    endloop
  endfacet
  facet normal 0.707107 0.707107 0
    outer loop
      vertex 10.0688 -25.104 26
      vertex 10.346 -25.3812 6
      vertex 10.0688 -25.104 6
    endloop
  endfacet
  facet normal 0.553659 0.828735 -0.0816068
    outer loop
      vertex 9.74279 -24.8862 6
      vertex 10.0688 -25.104 6
      vertex 10.0688 -25.1337 5.69839
    endloop
  endfacet
  facet normal 0.705409 0.678267 -0.205798
    outer loop
      vertex 10.0688 -25.2217 5.40836
      vertex 10.0688 -25.1337 5.69839
      vertex 10.346 -25.4778 5.51446
    endloop
  endfacet
  facet normal 0.194157 0.865015 -0.462657
    outer loop
      vertex 9.14168 -25.0192 4.91031
      vertex 9.2537 -24.977 5.03622
      vertex 9.38057 -25.0587 4.93671
    endloop
  endfacet
  facet normal -0.923244 -0.243704 0.297035
    outer loop
      vertex 0.886119 -47.6533 23.9281
      vertex 1.03616 -47.7666 24.3015
      vertex 0.886119 -47.5653 24.0003
    endloop
  endfacet
  facet normal -0.980605 0.0192102 -0.195052
    outer loop
      vertex 0.80963 -26.65 5.80397
      vertex 0.831677 -26.6228 5.69581
      vertex 0.886119 -26.65 5.41943
    endloop
  endfacet
  facet normal -0.980605 0.0192108 -0.195052
    outer loop
      vertex 0.831677 -26.6228 5.69581
      vertex 0.80963 -26.65 5.80397
      vertex 0.80963 -26.6235 5.80658
    endloop
  endfacet
  facet normal 0.193982 0.758417 0.622234
    outer loop
      vertex 8.99603 -25.2426 27.4074
      vertex 9.14168 -25.0192 27.0897
      vertex 8.99603 -25.074 27.2019
    endloop
  endfacet
  facet normal 0.194158 0.758346 0.622265
    outer loop
      vertex 9.14168 -25.0192 27.0897
      vertex 8.99603 -25.2426 27.4074
      vertex 9.38057 -25.0587 27.0633
    endloop
  endfacet
  facet normal 0.194158 0.864998 0.462689
    outer loop
      vertex 9.2537 -24.977 26.9638
      vertex 9.14168 -25.0192 27.0897
      vertex 9.38057 -25.0587 27.0633
    endloop
  endfacet
  facet normal 0.705419 0.333986 0.625171
    outer loop
      vertex 10.0688 -25.7911 27.2855
      vertex 10.0688 -26.0584 27.4283
      vertex 10.346 -26.1645 27.1722
    endloop
  endfacet
  facet normal 0.381082 0.586575 0.714637
    outer loop
      vertex 9.74279 -25.4028 27.2472
      vertex 9.38057 -25.5867 27.5913
      vertex 9.74279 -25.6701 27.4666
    endloop
  endfacet
  facet normal 0.55364 0.643709 0.528319
    outer loop
      vertex 10.0688 -25.3645 26.8589
      vertex 9.74279 -25.4028 27.2472
      vertex 10.0688 -25.5568 27.0932
    endloop
  endfacet
  facet normal -0 0.634368 0.773031
    outer loop
      vertex 8.5436 -25.2426 27.4074
      vertex 8.99603 -25.5442 27.6549
      vertex 8.99603 -25.2426 27.4074
    endloop
  endfacet
  facet normal 0 0.634368 0.773031
    outer loop
      vertex 8.99603 -25.5442 27.6549
      vertex 8.5436 -25.2426 27.4074
      vertex 7.54931 -25.5442 27.6549
    endloop
  endfacet
  facet normal 0.705406 0.333969 0.625194
    outer loop
      vertex 10.346 -25.9451 27.055
      vertex 10.0688 -25.7911 27.2855
      vertex 10.346 -26.1645 27.1722
    endloop
  endfacet
  facet normal 0.70541 0.449679 0.547892
    outer loop
      vertex 10.0688 -25.5568 27.0932
      vertex 10.0688 -25.7911 27.2855
      vertex 10.346 -25.9451 27.055
    endloop
  endfacet
  facet normal 0.92316 0.0376535 0.382568
    outer loop
      vertex 10.5638 -26.4661 26.9247
      vertex 10.5638 -26.65 26.9428
      vertex 10.7139 -26.65 26.5806
    endloop
  endfacet
  facet normal 0.830233 0.0546883 0.554728
    outer loop
      vertex 10.346 -26.4025 27.2444
      vertex 10.346 -26.65 27.2688
      vertex 10.5638 -26.4661 26.9247
    endloop
  endfacet
  facet normal -0.553645 -0.0816223 0.828743
    outer loop
      vertex 1.85721 -42.2994 27.6433
      vertex 1.85721 -41.9552 27.6772
      vertex 1.53121 -42.2569 27.4297
    endloop
  endfacet
  facet normal -0.830252 0.0540038 0.554766
    outer loop
      vertex 1.03616 -26.65 26.9428
      vertex 1.20718 -26.6105 27.1949
      vertex 1.03616 -26.6161 26.9395
    endloop
  endfacet
  facet normal -0.830256 0.0541661 0.554744
    outer loop
      vertex 1.20718 -26.6105 27.1949
      vertex 1.03616 -26.65 26.9428
      vertex 1.25398 -26.65 27.2688
    endloop
  endfacet
  facet normal -0.553948 0.0804682 0.828653
    outer loop
      vertex 1.74299 -26.5929 27.6819
      vertex 1.85721 -26.65 27.7638
      vertex 1.79048 -26.5883 27.7132
    endloop
  endfacet
  facet normal -0.553682 0.0810577 0.828774
    outer loop
      vertex 1.53121 -26.65 27.546
      vertex 1.74299 -26.5929 27.6819
      vertex 1.53121 -26.5999 27.5411
    endloop
  endfacet
  facet normal -0.553693 0.0811317 0.828759
    outer loop
      vertex 1.74299 -26.5929 27.6819
      vertex 1.53121 -26.65 27.546
      vertex 1.85721 -26.65 27.7638
    endloop
  endfacet
  facet normal -0.194286 0.0966783 0.976169
    outer loop
      vertex 2.21943 -26.65 27.9139
      vertex 2.33353 -26.5348 27.9252
      vertex 2.21943 -26.546 27.9036
    endloop
  endfacet
  facet normal -0.923193 0.038243 0.38243
    outer loop
      vertex 0.886119 -26.65 26.5806
      vertex 0.910427 -26.6202 26.6363
      vertex 0.886119 -26.621 26.5777
    endloop
  endfacet
  facet normal -0.980598 -0.124135 0.15172
    outer loop
      vertex 0.80963 -47.3814 23.6562
      vertex 0.886119 -47.6533 23.9281
      vertex 0.80963 -47.3517 23.6805
    endloop
  endfacet
  facet normal -0.980791 0 0.195059
    outer loop
      vertex 0.80963 -40.6172 26.196
      vertex 0.886119 -26.65 26.5806
      vertex 0.80963 -26.65 26.196
    endloop
  endfacet
  facet normal -0.980791 0 0.195059
    outer loop
      vertex 0.886119 -26.65 26.5806
      vertex 0.80963 -40.6172 26.196
      vertex 0.886119 -40.6172 26.5806
    endloop
  endfacet
  facet normal -0.382541 -0.325468 0.864715
    outer loop
      vertex 1.85721 -45.1514 26.8674
      vertex 2.21943 -44.5965 27.2365
      vertex 1.85721 -44.539 27.0979
    endloop
  endfacet
  facet normal -0.382541 -0.325468 0.864715
    outer loop
      vertex 2.21943 -44.5965 27.2365
      vertex 1.85721 -45.1514 26.8674
      vertex 2.21943 -45.2089 27.006
    endloop
  endfacet
  facet normal -0.382535 -0.631654 0.6743
    outer loop
      vertex 1.85721 -48.9675 24.3175
      vertex 2.21943 -48.5961 24.8709
      vertex 1.85721 -48.49 24.7648
    endloop
  endfacet
  facet normal -0.382535 -0.631654 0.6743
    outer loop
      vertex 2.21943 -48.5961 24.8709
      vertex 1.85721 -48.9675 24.3175
      vertex 2.21943 -49.0736 24.4236
    endloop
  endfacet
  facet normal 0.382466 -0.487925 0.784633
    outer loop
      vertex 9.38057 -46.7128 26.2506
      vertex 9.74279 -47.185 25.7804
      vertex 9.74279 -46.6294 26.1259
    endloop
  endfacet
  facet normal 0.382466 -0.487925 0.784633
    outer loop
      vertex 9.74279 -47.185 25.7804
      vertex 9.38057 -46.7128 26.2506
      vertex 9.38057 -47.2684 25.9051
    endloop
  endfacet
  facet normal 0.194774 -0.345516 0.917977
    outer loop
      vertex 8.99603 -44.6257 27.3071
      vertex 9.38057 -45.2089 27.006
      vertex 9.38057 -44.5965 27.2365
    endloop
  endfacet
  facet normal 0.194774 -0.345516 0.917977
    outer loop
      vertex 9.38057 -45.2089 27.006
      vertex 8.99603 -44.6257 27.3071
      vertex 8.99603 -45.2381 27.0766
    endloop
  endfacet
  facet normal -0.55541 -0.343199 0.757453
    outer loop
      vertex 1.53121 -45.664 26.3961
      vertex 1.85721 -45.1514 26.8674
      vertex 1.53121 -45.0681 26.6661
    endloop
  endfacet
  facet normal -0.555484 -0.343131 0.757429
    outer loop
      vertex 1.85721 -45.1514 26.8674
      vertex 1.53121 -45.664 26.3961
      vertex 1.85721 -45.7474 26.5974
    endloop
  endfacet
  facet normal 0 -0.352262 0.935901
    outer loop
      vertex 2.60397 -44.6257 27.3071
      vertex 8.99603 -45.2381 27.0766
      vertex 8.99603 -44.6257 27.3071
    endloop
  endfacet
  facet normal 0 -0.352262 0.935901
    outer loop
      vertex 8.99603 -45.2381 27.0766
      vertex 2.60397 -44.6257 27.3071
      vertex 2.60397 -45.2381 27.0766
    endloop
  endfacet
  facet normal -0.830237 0.0545862 -0.554731
    outer loop
      vertex 1.03616 -26.65 5.05721
      vertex 1.20718 -26.6105 4.80514
      vertex 1.25398 -26.65 4.73121
    endloop
  endfacet
  facet normal -0.830239 0.054654 -0.554722
    outer loop
      vertex 1.20718 -26.6105 4.80514
      vertex 1.03616 -26.65 5.05721
      vertex 1.03616 -26.6161 5.06055
    endloop
  endfacet
  facet normal -0.194187 -0.0961408 -0.976242
    outer loop
      vertex 2.60397 -42.3435 4.13451
      vertex 2.21943 -41.9552 4.17276
      vertex 2.60397 -41.9552 4.09627
    endloop
  endfacet
  facet normal 0.382537 -0.209777 -0.899811
    outer loop
      vertex 9.38057 -42.9739 4.31609
      vertex 9.74279 -43.582 4.61185
      vertex 9.38057 -43.6113 4.46469
    endloop
  endfacet
  facet normal 0.382466 -0.209828 -0.899829
    outer loop
      vertex 9.74279 -43.582 4.61185
      vertex 9.38057 -42.9739 4.31609
      vertex 9.74279 -42.9447 4.46324
    endloop
  endfacet
  facet normal 0.195003 -0.404742 -0.893397
    outer loop
      vertex 8.99603 -45.2381 4.92336
      vertex 9.38057 -45.8048 5.26403
      vertex 8.99603 -45.8341 5.19337
    endloop
  endfacet
  facet normal 0.194924 -0.404792 -0.893391
    outer loop
      vertex 9.38057 -45.8048 5.26403
      vertex 8.99603 -45.2381 4.92336
      vertex 9.38057 -45.2089 4.99403
    endloop
  endfacet
  facet normal -0.194173 -0.462434 -0.865131
    outer loop
      vertex 2.60397 -46.1782 5.3773
      vertex 2.21943 -46.1357 5.44089
      vertex 2.60397 -45.8341 5.19337
    endloop
  endfacet
  facet normal 0.923191 -0.0378318 0.382476
    outer loop
      vertex 10.7139 -41.9552 26.4939
      vertex 10.5638 -41.9552 26.8562
      vertex 10.5638 -42.1392 26.838
    endloop
  endfacet
  facet normal 0.830257 -0.0546772 0.554693
    outer loop
      vertex 10.346 -41.9552 27.1821
      vertex 10.5638 -41.3039 26.9203
      vertex 10.346 -41.3039 27.2463
    endloop
  endfacet
  facet normal 0.830181 -0.0546039 0.554813
    outer loop
      vertex 10.5638 -41.3039 26.9203
      vertex 10.346 -41.9552 27.1821
      vertex 10.5638 -41.9552 26.8562
    endloop
  endfacet
  facet normal 0.83026 0.0545948 0.554695
    outer loop
      vertex 10.5638 -26.4661 26.9247
      vertex 10.346 -26.65 27.2688
      vertex 10.5638 -26.65 26.9428
    endloop
  endfacet
  facet normal 0.553635 0.0816464 0.828748
    outer loop
      vertex 9.74279 -26.3059 27.7299
      vertex 9.74279 -26.65 27.7638
      vertex 10.0688 -26.3484 27.5163
    endloop
  endfacet
  facet normal 0.382648 -0.0301212 0.923403
    outer loop
      vertex 9.38057 -40.6172 27.9139
      vertex 9.74279 -41.3039 27.7414
      vertex 9.74279 -40.6172 27.7638
    endloop
  endfacet
  facet normal 0.382429 -0.0302585 0.923489
    outer loop
      vertex 9.74279 -41.3039 27.7414
      vertex 9.38057 -40.6172 27.9139
      vertex 9.38057 -41.3039 27.8914
    endloop
  endfacet
  facet normal 0 -0.0980967 0.995177
    outer loop
      vertex 2.60397 -41.3039 27.9679
      vertex 8.99603 -41.9552 27.9037
      vertex 8.99603 -41.3039 27.9679
    endloop
  endfacet
  facet normal 0 -0.0980967 0.995177
    outer loop
      vertex 8.99603 -41.9552 27.9037
      vertex 2.60397 -41.3039 27.9679
      vertex 2.60397 -41.9552 27.9037
    endloop
  endfacet
  facet normal 0.194214 -0.0960407 0.976247
    outer loop
      vertex 9.38057 -41.9552 27.8272
      vertex 8.99603 -41.9552 27.9037
      vertex 8.99603 -42.3435 27.8655
    endloop
  endfacet
  facet normal 0.194985 -0.222688 0.955191
    outer loop
      vertex 8.99603 -42.9889 27.7589
      vertex 9.38057 -43.6113 27.5353
      vertex 9.38057 -42.9739 27.6839
    endloop
  endfacet
  facet normal 0.194929 -0.222724 0.955195
    outer loop
      vertex 9.38057 -43.6113 27.5353
      vertex 8.99603 -42.9889 27.7589
      vertex 8.99603 -43.6262 27.6103
    endloop
  endfacet
  facet normal 0.705378 -0.44965 0.547957
    outer loop
      vertex 10.346 -47.9477 24.5725
      vertex 10.0688 -48.336 24.6107
      vertex 10.346 -48.14 24.4147
    endloop
  endfacet
  facet normal 0.830212 -0.262801 0.491613
    outer loop
      vertex 10.346 -45.7773 26.0227
      vertex 10.5638 -46.1733 25.4432
      vertex 10.5638 -45.5962 25.7517
    endloop
  endfacet
  facet normal 0.830212 -0.262801 0.491613
    outer loop
      vertex 10.5638 -46.1733 25.4432
      vertex 10.346 -45.7773 26.0227
      vertex 10.346 -46.3544 25.7142
    endloop
  endfacet
  facet normal 0.707047 -0.661838 0.249108
    outer loop
      vertex 10.0688 -51.5467 19.8056
      vertex 10.346 -51.06 20.3119
      vertex 10.0688 -51.3162 20.418
    endloop
  endfacet
  facet normal 0.707047 -0.661838 0.249108
    outer loop
      vertex 10.346 -51.06 20.3119
      vertex 10.0688 -51.5467 19.8056
      vertex 10.346 -51.2905 19.6995
    endloop
  endfacet
  facet normal 0.553577 -0.734373 0.392746
    outer loop
      vertex 10.0688 -50.7377 21.5911
      vertex 10.0688 -50.5948 21.8583
      vertex 9.74279 -50.9389 21.6744
    endloop
  endfacet
  facet normal 0.381141 -0.815423 0.435681
    outer loop
      vertex 9.74279 -50.7759 21.9794
      vertex 9.38057 -50.9007 22.0627
      vertex 9.38057 -51.0775 21.7318
    endloop
  endfacet
  facet normal 0 -0.849172 0.528116
    outer loop
      vertex 2.60397 -50.9643 22.1052
      vertex 8.99603 -50.6187 22.6609
      vertex 2.60397 -50.6187 22.6609
    endloop
  endfacet
  facet normal 0 -0.849172 0.528116
    outer loop
      vertex 8.99603 -50.6187 22.6609
      vertex 2.60397 -50.9643 22.1052
      vertex 8.99603 -50.9643 22.1052
    endloop
  endfacet
  facet normal 0.194999 -0.571243 0.797281
    outer loop
      vertex 8.99603 -47.3109 25.9687
      vertex 9.38057 -47.8003 25.524
      vertex 9.38057 -47.2684 25.9051
    endloop
  endfacet
  facet normal 0.194999 -0.571243 0.797281
    outer loop
      vertex 9.38057 -47.8003 25.524
      vertex 8.99603 -47.3109 25.9687
      vertex 8.99603 -47.8428 25.5876
    endloop
  endfacet
  facet normal 0.381112 -0.714628 0.586567
    outer loop
      vertex 9.74279 -49.634 23.5729
      vertex 9.74279 -49.4146 23.8402
      vertex 9.38057 -49.7588 23.6562
    endloop
  endfacet
  facet normal 0.194998 -0.832871 0.517978
    outer loop
      vertex 8.99603 -50.9643 22.1052
      vertex 9.38057 -50.5551 22.6184
      vertex 8.99603 -50.6187 22.6609
    endloop
  endfacet
  facet normal 0.194998 -0.832871 0.517978
    outer loop
      vertex 9.38057 -50.5551 22.6184
      vertex 8.99603 -50.9643 22.1052
      vertex 9.38057 -50.9007 22.0627
    endloop
  endfacet
  facet normal 0.194858 -0.670547 0.715819
    outer loop
      vertex 8.99603 -48.6502 24.9249
      vertex 9.38057 -49.0736 24.4236
      vertex 9.38057 -48.5961 24.8709
    endloop
  endfacet
  facet normal 0.195037 -0.670443 0.715868
    outer loop
      vertex 9.38057 -49.0736 24.4236
      vertex 8.99603 -48.6502 24.9249
      vertex 8.99603 -49.1277 24.4777
    endloop
  endfacet
  facet normal 0.553773 -0.643623 0.528286
    outer loop
      vertex 10.0688 -49.4529 23.4518
      vertex 9.74279 -49.4146 23.8402
      vertex 9.74279 -49.634 23.5729
    endloop
  endfacet
  facet normal 0.830218 -0.491638 0.262735
    outer loop
      vertex 10.346 -50.4815 21.485
      vertex 10.5638 -50.4887 20.7833
      vertex 10.5638 -50.1804 21.3602
    endloop
  endfacet
  facet normal 0.830285 -0.491515 0.262755
    outer loop
      vertex 10.5638 -50.4887 20.7833
      vertex 10.346 -50.4815 21.485
      vertex 10.346 -50.7899 20.9081
    endloop
  endfacet
  facet normal 0.70704 -0.600561 0.373392
    outer loop
      vertex 10.0688 -50.5948 21.8583
      vertex 10.346 -50.0187 22.26
      vertex 10.0688 -50.2493 22.414
    endloop
  endfacet
  facet normal 0.706933 -0.600603 0.373526
    outer loop
      vertex 10.346 -50.0187 22.26
      vertex 10.0688 -50.5948 21.8583
      vertex 10.346 -50.3643 21.7043
    endloop
  endfacet
  facet normal -0.553653 -0.796944 0.241556
    outer loop
      vertex 1.53121 -51.6346 19.5156
      vertex 1.85721 -51.7479 19.889
      vertex 1.53121 -51.5467 19.8056
    endloop
  endfacet
  facet normal 0.553583 -0.734437 0.392616
    outer loop
      vertex 9.74279 -51.2473 21.0975
      vertex 10.0688 -50.7377 21.5911
      vertex 9.74279 -50.9389 21.6744
    endloop
  endfacet
  facet normal 0.553745 -0.734395 0.392467
    outer loop
      vertex 10.0688 -50.7377 21.5911
      vertex 9.74279 -51.2473 21.0975
      vertex 10.0688 -51.046 21.0142
    endloop
  endfacet
  facet normal 0 -0.956968 0.290192
    outer loop
      vertex 2.60397 -52.0704 19.6023
      vertex 8.99603 -51.9572 19.9756
      vertex 2.60397 -51.9572 19.9756
    endloop
  endfacet
  facet normal 0 -0.956968 0.290192
    outer loop
      vertex 8.99603 -51.9572 19.9756
      vertex 2.60397 -52.0704 19.6023
      vertex 8.99603 -52.0704 19.6023
    endloop
  endfacet
  facet normal 0.194985 -0.955191 0.222688
    outer loop
      vertex 8.99603 -52.4089 18.3389
      vertex 9.38057 -52.1853 18.9613
      vertex 8.99603 -52.2603 18.9763
    endloop
  endfacet
  facet normal 0.194929 -0.955195 0.222724
    outer loop
      vertex 9.38057 -52.1853 18.9613
      vertex 8.99603 -52.4089 18.3389
      vertex 9.38057 -52.3339 18.324
    endloop
  endfacet
  facet normal -0.83021 -0.161776 0.533461
    outer loop
      vertex 1.25398 -44.1116 26.7127
      vertex 1.03616 -43.4218 26.5829
      vertex 1.03616 -44.048 26.393
    endloop
  endfacet
  facet normal -0.83021 -0.161776 0.533461
    outer loop
      vertex 1.03616 -43.4218 26.5829
      vertex 1.25398 -44.1116 26.7127
      vertex 1.25398 -43.4854 26.9026
    endloop
  endfacet
  facet normal -0.831312 -0.548376 -0.0905747
    outer loop
      vertex 1.25398 -51.8078 14.4473
      vertex 1.03616 -51.3815 13.8655
      vertex 1.25398 -51.7012 13.8019
    endloop
  endfacet
  facet normal -0.831389 -0.548277 -0.0904733
    outer loop
      vertex 1.03616 -51.3815 13.8655
      vertex 1.25398 -51.8078 14.4473
      vertex 1.03616 -51.488 14.5109
    endloop
  endfacet
  facet normal -0.194985 -0.955191 0.222688
    outer loop
      vertex 2.21943 -52.1853 18.9613
      vertex 2.60397 -52.4089 18.3389
      vertex 2.60397 -52.2603 18.9763
    endloop
  endfacet
  facet normal -0.194929 -0.955195 0.222724
    outer loop
      vertex 2.60397 -52.4089 18.3389
      vertex 2.21943 -52.1853 18.9613
      vertex 2.21943 -52.3339 18.324
    endloop
  endfacet
  facet normal -0.555254 -0.778355 0.293011
    outer loop
      vertex 1.53121 -51.3162 20.418
      vertex 1.85721 -51.7479 19.889
      vertex 1.85721 -51.5174 20.5013
    endloop
  endfacet
  facet normal -0.555316 -0.778333 0.292955
    outer loop
      vertex 1.85721 -51.7479 19.889
      vertex 1.53121 -51.3162 20.418
      vertex 1.53121 -51.5467 19.8056
    endloop
  endfacet
  facet normal -0.553765 -0.643645 0.528267
    outer loop
      vertex 1.53121 -49.4529 23.4518
      vertex 1.85721 -49.4146 23.8402
      vertex 1.53121 -49.2606 23.6861
    endloop
  endfacet
  facet normal 0 -0.910826 0.41279
    outer loop
      vertex 2.60397 -51.7267 20.588
      vertex 8.99603 -51.4565 21.1842
      vertex 2.60397 -51.4565 21.1842
    endloop
  endfacet
  facet normal 0 -0.910826 0.41279
    outer loop
      vertex 8.99603 -51.4565 21.1842
      vertex 2.60397 -51.7267 20.588
      vertex 8.99603 -51.7267 20.588
    endloop
  endfacet
  facet normal 0 -0.881959 0.471326
    outer loop
      vertex 2.60397 -51.4565 21.1842
      vertex 8.99603 -51.1482 21.7611
      vertex 2.60397 -51.1482 21.7611
    endloop
  endfacet
  facet normal 0 -0.881959 0.471326
    outer loop
      vertex 8.99603 -51.1482 21.7611
      vertex 2.60397 -51.4565 21.1842
      vertex 8.99603 -51.4565 21.1842
    endloop
  endfacet
  facet normal -0.980604 0.0192364 -0.195055
    outer loop
      vertex 0.886119 -26.65 5.41943
      vertex 0.831677 -26.6228 5.69581
      vertex 0.886119 -26.621 5.42229
    endloop
  endfacet
  facet normal -0.923224 -0.111532 -0.36772
    outer loop
      vertex 1.03616 -44.048 5.60705
      vertex 0.886119 -43.3511 5.77238
      vertex 1.03616 -43.4218 5.41712
    endloop
  endfacet
  facet normal -0.923224 -0.111532 -0.36772
    outer loop
      vertex 0.886119 -43.3511 5.77238
      vertex 1.03616 -44.048 5.60705
      vertex 0.886119 -43.9773 5.96231
    endloop
  endfacet
  facet normal -0.980603 -0.0192132 -0.195059
    outer loop
      vertex 0.886119 -42.0685 5.51723
      vertex 0.80963 -41.9935 5.89437
      vertex 0.886119 -41.9552 5.50607
    endloop
  endfacet
  facet normal -0.980604 -0.0569047 -0.187558
    outer loop
      vertex 0.886119 -44.0862 5.99535
      vertex 0.80963 -43.9023 6.33946
      vertex 0.886119 -43.9773 5.96231
    endloop
  endfacet
  facet normal -0.706917 -0.0231521 -0.706917
    outer loop
      vertex 1.53121 -41.3039 4.47647
      vertex 1.25398 -40.6172 4.73121
      vertex 1.53121 -40.6172 4.45398
    endloop
  endfacet
  facet normal -0.70693 -0.023162 -0.706904
    outer loop
      vertex 1.25398 -40.6172 4.73121
      vertex 1.53121 -41.3039 4.47647
      vertex 1.25398 -41.3039 4.75371
    endloop
  endfacet
  facet normal -0.195021 -0.159774 -0.967698
    outer loop
      vertex 2.21943 -42.9739 4.31609
      vertex 2.60397 -42.3435 4.13451
      vertex 2.60397 -42.9889 4.24107
    endloop
  endfacet
  facet normal -0.194981 -0.159799 -0.967702
    outer loop
      vertex 2.60397 -42.3435 4.13451
      vertex 2.21943 -42.9739 4.31609
      vertex 2.21943 -42.3286 4.20953
    endloop
  endfacet
  facet normal -0.194181 -0.0961341 -0.976244
    outer loop
      vertex 2.60397 -42.3435 4.13451
      vertex 2.21943 -42.3286 4.20953
      vertex 2.21943 -41.9552 4.17276
    endloop
  endfacet
  facet normal -0.194933 -0.967706 -0.159835
    outer loop
      vertex 2.21943 -52.3339 13.676
      vertex 2.60397 -52.5155 14.3065
      vertex 2.21943 -52.4405 14.3214
    endloop
  endfacet
  facet normal -0.194933 -0.967706 -0.159835
    outer loop
      vertex 2.60397 -52.5155 14.3065
      vertex 2.21943 -52.3339 13.676
      vertex 2.60397 -52.4089 13.6611
    endloop
  endfacet
  facet normal -0.7054 -0.678286 -0.205766
    outer loop
      vertex 1.53121 -51.6346 12.4844
      vertex 1.25398 -51.3627 12.5385
      vertex 1.25398 -51.2905 12.3005
    endloop
  endfacet
  facet normal -0.706914 -0.411976 -0.574933
    outer loop
      vertex 1.53121 -47.5959 6.78187
      vertex 1.25398 -46.91 6.63125
      vertex 1.53121 -47.064 6.40073
    endloop
  endfacet
  facet normal -0.706904 -0.411975 -0.574946
    outer loop
      vertex 1.25398 -46.91 6.63125
      vertex 1.53121 -47.5959 6.78187
      vertex 1.25398 -47.4419 7.01238
    endloop
  endfacet
  facet normal 0.980595 0.151562 0.12435
    outer loop
      vertex 10.7139 -26.1673 26.3225
      vertex 10.7139 -26.2395 26.4105
      vertex 10.7904 -26.487 26.1089
    endloop
  endfacet
  facet normal 0.923159 0.243999 0.297057
    outer loop
      vertex 10.7139 -26.2395 26.4105
      vertex 10.5638 -26.1262 26.7839
      vertex 10.7139 -26.3274 26.4827
    endloop
  endfacet
  facet normal 0.923149 0.181184 0.339069
    outer loop
      vertex 10.5638 -26.1262 26.7839
      vertex 10.5638 -26.2892 26.871
      vertex 10.7139 -26.4278 26.5364
    endloop
  endfacet
  facet normal 0.923195 0.338827 0.181406
    outer loop
      vertex 10.7139 -26.1136 26.2222
      vertex 10.5638 -25.8661 26.5238
      vertex 10.7139 -26.1673 26.3225
    endloop
  endfacet
  facet normal 0.98078 0 -0.195115
    outer loop
      vertex 10.7904 -40.6172 5.80397
      vertex 10.7139 -26.65 5.41943
      vertex 10.7904 -26.65 5.80397
    endloop
  endfacet
  facet normal 0.98078 0 -0.195115
    outer loop
      vertex 10.7139 -26.65 5.41943
      vertex 10.7904 -40.6172 5.80397
      vertex 10.7139 -40.6172 5.41943
    endloop
  endfacet
  facet normal 0.923171 -0.0376798 -0.382537
    outer loop
      vertex 10.7139 -41.9552 5.50607
      vertex 10.7139 -42.0685 5.51723
      vertex 10.5638 -42.1392 5.16196
    endloop
  endfacet
  facet normal 0.382558 -0.487894 -0.784607
    outer loop
      vertex 9.38057 -46.7128 5.74938
      vertex 9.74279 -47.185 6.21962
      vertex 9.38057 -47.2684 6.09487
    endloop
  endfacet
  facet normal 0.382558 -0.487894 -0.784607
    outer loop
      vertex 9.74279 -47.185 6.21962
      vertex 9.38057 -46.7128 5.74938
      vertex 9.74279 -46.6294 5.87413
    endloop
  endfacet
  facet normal 0.705436 0.0694835 -0.70536
    outer loop
      vertex 10.0688 -26.3484 4.48369
      vertex 10.346 -26.65 4.73121
      vertex 10.0688 -26.65 4.45398
    endloop
  endfacet
  facet normal 0.194195 0.622336 -0.758278
    outer loop
      vertex 8.99603 -25.5442 4.34507
      vertex 8.99603 -25.2426 4.5926
      vertex 9.38057 -25.5867 4.40867
    endloop
  endfacet
  facet normal 0.830281 0.491582 -0.262643
    outer loop
      vertex 10.346 -25.595 5.2951
      vertex 10.346 -25.4778 5.51446
      vertex 10.5638 -25.8661 5.47621
    endloop
  endfacet
  facet normal 0.923153 0.36785 -0.11169
    outer loop
      vertex 10.5638 -25.779 5.63921
      vertex 10.5638 -25.7253 5.81607
      vertex 10.7139 -26.1136 5.77783
    endloop
  endfacet
  facet normal 0.705437 -0.0694639 -0.705361
    outer loop
      vertex 10.0688 -41.9552 4.54062
      vertex 10.346 -41.3039 4.75371
      vertex 10.346 -41.9552 4.81785
    endloop
  endfacet
  facet normal 0.705449 -0.0694734 -0.705347
    outer loop
      vertex 10.346 -41.3039 4.75371
      vertex 10.0688 -41.9552 4.54062
      vertex 10.0688 -41.3039 4.47647
    endloop
  endfacet
  facet normal 0.923167 -0.181164 0.339032
    outer loop
      vertex 10.7139 -45.2945 25.5042
      vertex 10.5638 -45.4332 25.8388
      vertex 10.5638 -45.5962 25.7517
    endloop
  endfacet
  facet normal 0.980612 -0.0188431 0.195052
    outer loop
      vertex 10.7904 -41.3039 26.1735
      vertex 10.7139 -41.3039 26.5581
      vertex 10.7904 -41.3422 26.1698
    endloop
  endfacet
  facet normal 0.830239 0.430901 0.353594
    outer loop
      vertex 10.346 -25.595 26.7049
      vertex 10.346 -25.7528 26.8972
      vertex 10.5638 -25.9833 26.6667
    endloop
  endfacet
  facet normal 0.83026 0.554695 0.0545948
    outer loop
      vertex 10.346 -25.3812 26
      vertex 10.5638 -25.7253 26.1839
      vertex 10.5638 -25.7072 26
    endloop
  endfacet
  facet normal 0.92316 0.382568 0.0376535
    outer loop
      vertex 10.5638 -25.7072 26
      vertex 10.5638 -25.7253 26.1839
      vertex 10.7139 -26.0694 26
    endloop
  endfacet
  facet normal 0.923815 0.38284 0
    outer loop
      vertex 10.7139 -26.0694 26
      vertex 10.5638 -25.7072 6
      vertex 10.5638 -25.7072 26
    endloop
  endfacet
  facet normal 0.923815 0.38284 0
    outer loop
      vertex 10.5638 -25.7072 6
      vertex 10.7139 -26.0694 26
      vertex 10.7139 -26.0694 6
    endloop
  endfacet
  facet normal 0.830255 0.353537 -0.430915
    outer loop
      vertex 10.346 -25.9451 4.94504
      vertex 10.5638 -25.9833 5.33334
      vertex 10.5638 -26.1262 5.2161
    endloop
  endfacet
  facet normal 0.923173 0.297124 -0.24386
    outer loop
      vertex 10.5638 -25.8661 5.47621
      vertex 10.7139 -26.1673 5.67745
      vertex 10.7139 -26.2395 5.58948
    endloop
  endfacet
  facet normal 0.381057 -0.268389 -0.884739
    outer loop
      vertex 9.38057 -43.6113 4.46469
      vertex 9.74279 -44.2082 4.80177
      vertex 9.38057 -44.2374 4.65462
    endloop
  endfacet
  facet normal 0.381143 -0.268327 -0.884721
    outer loop
      vertex 9.74279 -44.2082 4.80177
      vertex 9.38057 -43.6113 4.46469
      vertex 9.74279 -43.582 4.61185
    endloop
  endfacet
  facet normal 0.194204 0.462422 -0.86513
    outer loop
      vertex 8.99603 -25.8883 4.16114
      vertex 9.38057 -25.5867 4.40867
      vertex 9.38057 -25.9176 4.2318
    endloop
  endfacet
  facet normal 0.553693 0.0816345 -0.82871
    outer loop
      vertex 9.74279 -26.65 4.23616
      vertex 10.0688 -26.3484 4.48369
      vertex 10.0688 -26.65 4.45398
    endloop
  endfacet
  facet normal 0.705407 0.449614 -0.547949
    outer loop
      vertex 10.0688 -25.5568 4.9068
      vertex 10.346 -25.7528 5.10283
      vertex 10.346 -25.9451 4.94504
    endloop
  endfacet
  facet normal 0.553717 0.24172 -0.796849
    outer loop
      vertex 9.74279 -25.975 4.37042
      vertex 10.0688 -26.0584 4.57166
      vertex 10.0688 -26.3484 4.48369
    endloop
  endfacet
  facet normal -0.194204 0.0961106 -0.976242
    outer loop
      vertex 2.60397 -26.65 4.00963
      vertex 2.33353 -26.5348 4.07477
      vertex 2.60397 -26.5081 4.0236
    endloop
  endfacet
  facet normal -0.194187 0.0961493 -0.976241
    outer loop
      vertex 2.33353 -26.5348 4.07477
      vertex 2.60397 -26.65 4.00963
      vertex 2.21943 -26.65 4.08612
    endloop
  endfacet
  facet normal -0.19499 -0.032105 -0.98028
    outer loop
      vertex 2.21943 -41.3039 4.10861
      vertex 2.60397 -40.6172 4.00963
      vertex 2.60397 -41.3039 4.03212
    endloop
  endfacet
  facet normal -0.19499 -0.032105 -0.98028
    outer loop
      vertex 2.60397 -40.6172 4.00963
      vertex 2.21943 -41.3039 4.10861
      vertex 2.21943 -40.6172 4.08612
    endloop
  endfacet
  facet normal -0.381118 -0.090591 -0.920078
    outer loop
      vertex 2.21943 -41.9552 4.17276
      vertex 1.85721 -42.2994 4.35669
      vertex 1.85721 -41.9552 4.3228
    endloop
  endfacet
  facet normal -0.707022 -0.600588 -0.373382
    outer loop
      vertex 1.53121 -50.5948 10.1417
      vertex 1.25398 -50.0187 9.73999
      vertex 1.53121 -50.2493 9.58596
    endloop
  endfacet
  facet normal -0.706895 -0.600638 -0.373541
    outer loop
      vertex 1.25398 -50.0187 9.73999
      vertex 1.53121 -50.5948 10.1417
      vertex 1.25398 -50.3643 10.2957
    endloop
  endfacet
  facet normal 0 -0.773042 -0.634355
    outer loop
      vertex 2.60397 -49.5748 7.99967
      vertex 8.99603 -49.8223 8.30128
      vertex 2.60397 -49.8223 8.30128
    endloop
  endfacet
  facet normal 0 -0.773042 -0.634355
    outer loop
      vertex 8.99603 -49.8223 8.30128
      vertex 2.60397 -49.5748 7.99967
      vertex 8.99603 -49.5748 7.99967
    endloop
  endfacet
  facet normal -0.381151 -0.815424 -0.435668
    outer loop
      vertex 2.21943 -50.9007 9.93729
      vertex 2.21943 -51.0775 10.2682
      vertex 1.85721 -50.7759 10.0206
    endloop
  endfacet
  facet normal -0.382423 -0.751005 -0.538279
    outer loop
      vertex 1.85721 -50.0493 8.93324
      vertex 2.21943 -50.5551 9.38159
      vertex 1.85721 -50.4304 9.46495
    endloop
  endfacet
  facet normal -0.382601 -0.751012 -0.538142
    outer loop
      vertex 2.21943 -50.5551 9.38159
      vertex 1.85721 -50.0493 8.93324
      vertex 2.21943 -50.1741 8.84988
    endloop
  endfacet
  facet normal -0.381169 -0.586488 -0.714662
    outer loop
      vertex 2.21943 -48.3061 6.89112
      vertex 1.85721 -48.49 7.23523
      vertex 1.85721 -48.2227 7.01587
    endloop
  endfacet
  facet normal 0.980596 0.187618 -0.0568487
    outer loop
      vertex 10.7139 -26.0806 5.88674
      vertex 10.7904 -26.4577 5.96176
      vertex 10.7139 -26.1136 5.77783
    endloop
  endfacet
  facet normal 0.980607 0.187494 0.0570634
    outer loop
      vertex 10.7904 -26.4577 26.0382
      vertex 10.7139 -26.1136 26.2222
      vertex 10.7904 -26.4689 26.075
    endloop
  endfacet
  facet normal 0.923138 -0.0374869 0.382637
    outer loop
      vertex 10.7139 -41.9552 26.4939
      vertex 10.5638 -42.1392 26.838
      vertex 10.7139 -42.0685 26.4828
    endloop
  endfacet
  facet normal 0.980602 -0.0191116 0.195076
    outer loop
      vertex 10.7904 -41.9935 26.1056
      vertex 10.7139 -41.9552 26.4939
      vertex 10.7139 -42.0685 26.4828
    endloop
  endfacet
  facet normal 0.705425 -0.547862 -0.449692
    outer loop
      vertex 10.0688 -49.2606 8.31387
      vertex 10.346 -49.2224 8.70217
      vertex 10.0688 -49.4529 8.54815
    endloop
  endfacet
  facet normal 0.381064 -0.815408 -0.435775
    outer loop
      vertex 9.74279 -50.7759 10.0206
      vertex 9.74279 -50.9389 10.3256
      vertex 9.38057 -51.0775 10.2682
    endloop
  endfacet
  facet normal 0 -0.910826 -0.41279
    outer loop
      vertex 2.60397 -51.4565 10.8158
      vertex 8.99603 -51.7267 11.412
      vertex 2.60397 -51.7267 11.412
    endloop
  endfacet
  facet normal 0 -0.910826 -0.41279
    outer loop
      vertex 8.99603 -51.7267 11.412
      vertex 2.60397 -51.4565 10.8158
      vertex 8.99603 -51.4565 10.8158
    endloop
  endfacet
  facet normal 0.706929 -0.644254 -0.29187
    outer loop
      vertex 10.346 -51.06 11.6881
      vertex 10.0688 -51.046 10.9858
      vertex 10.346 -50.7899 11.0919
    endloop
  endfacet
  facet normal 0.707044 -0.644109 -0.291912
    outer loop
      vertex 10.0688 -51.046 10.9858
      vertex 10.346 -51.06 11.6881
      vertex 10.0688 -51.3162 11.582
    endloop
  endfacet
  facet normal 0 -0.956938 -0.290292
    outer loop
      vertex 2.60397 -52.0704 12.3977
      vertex 8.99603 -52.2603 13.0237
      vertex 2.60397 -52.2603 13.0237
    endloop
  endfacet
  facet normal 0 -0.956938 -0.290292
    outer loop
      vertex 8.99603 -52.2603 13.0237
      vertex 2.60397 -52.0704 12.3977
      vertex 8.99603 -52.0704 12.3977
    endloop
  endfacet
  facet normal -0.980602 -0.151522 -0.124345
    outer loop
      vertex 0.886119 -48.6501 9.08453
      vertex 0.80963 -48.3304 9.29816
      vertex 0.886119 -48.5779 8.99655
    endloop
  endfacet
  facet normal -0.382553 -0.841596 -0.381273
    outer loop
      vertex 1.85721 -51.2473 10.9025
      vertex 2.21943 -51.656 11.4412
      vertex 1.85721 -51.5174 11.4987
    endloop
  endfacet
  facet normal -0.382553 -0.841596 -0.381273
    outer loop
      vertex 2.21943 -51.656 11.4412
      vertex 1.85721 -51.2473 10.9025
      vertex 2.21943 -51.3859 10.845
    endloop
  endfacet
  facet normal -0.923811 -0.311195 -0.223005
    outer loop
      vertex 1.03616 -49.3667 9.38939
      vertex 0.886119 -49.4465 10.1223
      vertex 0.886119 -49.0655 9.59063
    endloop
  endfacet
  facet normal -0.923802 -0.31122 -0.223006
    outer loop
      vertex 0.886119 -49.4465 10.1223
      vertex 1.03616 -49.3667 9.38939
      vertex 1.03616 -49.7477 9.9211
    endloop
  endfacet
  facet normal -0.980766 -0.177792 -0.0805461
    outer loop
      vertex 0.886119 -50.1541 11.3553
      vertex 0.80963 -50.0689 12.0986
      vertex 0.80963 -49.7988 11.5024
    endloop
  endfacet
  facet normal -0.980766 -0.177792 -0.0805461
    outer loop
      vertex 0.80963 -50.0689 12.0986
      vertex 0.886119 -50.1541 11.3553
      vertex 0.886119 -50.4242 11.9515
    endloop
  endfacet
  facet normal 0 -0.999465 -0.0327042
    outer loop
      vertex 2.60397 -52.6179 15.346
      vertex 8.99603 -52.6393 16
      vertex 2.60397 -52.6393 16
    endloop
  endfacet
  facet normal 0 -0.999465 -0.0327042
    outer loop
      vertex 8.99603 -52.6393 16
      vertex 2.60397 -52.6179 15.346
      vertex 8.99603 -52.6179 15.346
    endloop
  endfacet
  facet normal -0.553671 -0.828727 -0.0816087
    outer loop
      vertex 1.53121 -52.0797 14.3932
      vertex 1.85721 -52.3272 14.6948
      vertex 1.53121 -52.1094 14.6948
    endloop
  endfacet
  facet normal 0.38121 -0.920055 -0.0904286
    outer loop
      vertex 9.74279 -52.2933 14.3507
      vertex 9.38057 -52.4772 14.6948
      vertex 9.38057 -52.4405 14.3214
    endloop
  endfacet
  facet normal 0.555305 -0.831198 0.0273253
    outer loop
      vertex 9.74279 -52.4128 16
      vertex 10.0688 -52.1735 16.654
      vertex 9.74279 -52.3913 16.654
    endloop
  endfacet
  facet normal 0.555483 -0.831083 0.0271945
    outer loop
      vertex 10.0688 -52.1735 16.654
      vertex 9.74279 -52.4128 16
      vertex 10.0688 -52.1949 16
    endloop
  endfacet
  facet normal 0.38095 -0.884766 -0.268451
    outer loop
      vertex 9.74279 -51.7479 12.111
      vertex 9.74279 -51.8483 12.4419
      vertex 9.38057 -51.9954 12.4127
    endloop
  endfacet
  facet normal 0.7054 -0.7054 -0.0694351
    outer loop
      vertex 10.0688 -52.1094 14.6948
      vertex 10.346 -51.8963 15.346
      vertex 10.0688 -52.1735 15.346
    endloop
  endfacet
  facet normal 0.7054 -0.7054 -0.0694351
    outer loop
      vertex 10.346 -51.8963 15.346
      vertex 10.0688 -52.1094 14.6948
      vertex 10.346 -51.8322 14.6948
    endloop
  endfacet
  facet normal 0.705438 -0.705352 -0.0695378
    outer loop
      vertex 10.346 -51.8078 14.4473
      vertex 10.346 -51.8322 14.6948
      vertex 10.0688 -52.0797 14.3932
    endloop
  endfacet
  facet normal 0.830231 -0.533416 0.161814
    outer loop
      vertex 10.346 -51.3627 19.4615
      vertex 10.5638 -51.2329 18.7719
      vertex 10.5638 -51.043 19.3979
    endloop
  endfacet
  facet normal 0.830231 -0.533416 0.161814
    outer loop
      vertex 10.5638 -51.2329 18.7719
      vertex 10.346 -51.3627 19.4615
      vertex 10.346 -51.5526 18.8355
    endloop
  endfacet
  facet normal 0.382572 -0.899789 0.209805
    outer loop
      vertex 9.38057 -52.3339 18.324
      vertex 9.74279 -52.0381 18.9321
      vertex 9.38057 -52.1853 18.9613
    endloop
  endfacet
  facet normal 0.382408 -0.899831 0.209923
    outer loop
      vertex 9.74279 -52.0381 18.9321
      vertex 9.38057 -52.3339 18.324
      vertex 9.74279 -52.1868 18.2947
    endloop
  endfacet
  facet normal 0.923731 -0.348906 0.158067
    outer loop
      vertex 10.5638 -50.4887 20.7833
      vertex 10.7139 -50.4242 20.0485
      vertex 10.7139 -50.1541 20.6447
    endloop
  endfacet
  facet normal 0.923731 -0.348906 0.158067
    outer loop
      vertex 10.7139 -50.4242 20.0485
      vertex 10.5638 -50.4887 20.7833
      vertex 10.5638 -50.7588 20.1871
    endloop
  endfacet
  facet normal 0.831389 -0.50617 0.229313
    outer loop
      vertex 10.346 -50.7899 20.9081
      vertex 10.5638 -50.7588 20.1871
      vertex 10.5638 -50.4887 20.7833
    endloop
  endfacet
  facet normal 0.831389 -0.50617 0.229313
    outer loop
      vertex 10.5638 -50.7588 20.1871
      vertex 10.346 -50.7899 20.9081
      vertex 10.346 -51.06 20.3119
    endloop
  endfacet
  facet normal 0.831387 -0.520075 0.19575
    outer loop
      vertex 10.346 -51.2905 19.6995
      vertex 10.5638 -50.7588 20.1871
      vertex 10.346 -51.06 20.3119
    endloop
  endfacet
  facet normal 0.831387 -0.520075 0.19575
    outer loop
      vertex 10.5638 -50.7588 20.1871
      vertex 10.346 -51.2905 19.6995
      vertex 10.5638 -50.9893 19.5747
    endloop
  endfacet
  facet normal 0.923742 -0.38281 0.0125262
    outer loop
      vertex 10.5638 -51.5703 16.654
      vertex 10.7139 -51.2295 16
      vertex 10.7139 -51.2081 16.654
    endloop
  endfacet
  facet normal 0.923742 -0.38281 0.0125262
    outer loop
      vertex 10.7139 -51.2295 16
      vertex 10.5638 -51.5703 16.654
      vertex 10.5638 -51.5917 16
    endloop
  endfacet
  facet normal 0.706957 -0.688786 0.16058
    outer loop
      vertex 10.0688 -51.8245 18.8896
      vertex 10.346 -51.7012 18.1981
      vertex 10.346 -51.5526 18.8355
    endloop
  endfacet
  facet normal 0.706957 -0.688786 0.16058
    outer loop
      vertex 10.346 -51.7012 18.1981
      vertex 10.0688 -51.8245 18.8896
      vertex 10.0688 -51.9731 18.2522
    endloop
  endfacet
  facet normal 0.705438 -0.705352 0.0695378
    outer loop
      vertex 10.346 -51.8078 17.5527
      vertex 10.0688 -52.0797 17.6068
      vertex 10.346 -51.8322 17.3052
    endloop
  endfacet
  facet normal 0.83028 -0.491553 -0.2627
    outer loop
      vertex 10.5638 -50.0932 10.4768
      vertex 10.346 -50.4815 10.515
      vertex 10.346 -50.3643 10.2957
    endloop
  endfacet
  facet normal 0.923189 -0.181271 0.338914
    outer loop
      vertex 10.7139 -45.2945 25.5042
      vertex 10.5638 -45.5962 25.7517
      vertex 10.7139 -45.3949 25.4505
    endloop
  endfacet
  facet normal 0.923185 -0.297163 -0.24377
    outer loop
      vertex 10.5638 -48.8341 8.74042
      vertex 10.7139 -48.5779 8.99655
      vertex 10.5638 -48.9513 8.88329
    endloop
  endfacet
  facet normal 0.980761 -0.177817 -0.0805573
    outer loop
      vertex 10.7904 -50.0689 12.0986
      vertex 10.7139 -50.1541 11.3553
      vertex 10.7904 -49.7988 11.5024
    endloop
  endfacet
  facet normal 0.980761 -0.177817 -0.0805573
    outer loop
      vertex 10.7139 -50.1541 11.3553
      vertex 10.7904 -50.0689 12.0986
      vertex 10.7139 -50.4242 11.9515
    endloop
  endfacet
  facet normal 0.923195 -0.382477 0.0377074
    outer loop
      vertex 10.5638 -51.5062 17.3052
      vertex 10.7139 -51.2081 16.654
      vertex 10.7139 -51.1439 17.3052
    endloop
  endfacet
  facet normal 0.923159 -0.382568 0.0376576
    outer loop
      vertex 10.7139 -51.2081 16.654
      vertex 10.5638 -51.5062 17.3052
      vertex 10.5638 -51.5703 16.654
    endloop
  endfacet
  facet normal 0.706918 -0.706918 -0.0231316
    outer loop
      vertex 10.0688 -52.1735 15.346
      vertex 10.346 -51.9177 16
      vertex 10.0688 -52.1949 16
    endloop
  endfacet
  facet normal 0.706918 -0.706918 -0.0231316
    outer loop
      vertex 10.346 -51.9177 16
      vertex 10.0688 -52.1735 15.346
      vertex 10.346 -51.8963 15.346
    endloop
  endfacet
  facet normal 0.980601 -0.0923215 0.172912
    outer loop
      vertex 10.7904 -45.1474 25.1489
      vertex 10.7139 -45.2945 25.5042
      vertex 10.7904 -45.1813 25.1308
    endloop
  endfacet
  facet normal 0.980595 -0.172895 0.0924126
    outer loop
      vertex 10.7139 -49.8457 21.2216
      vertex 10.7904 -49.7988 20.4976
      vertex 10.7904 -49.4905 21.0744
    endloop
  endfacet
  facet normal 0.980599 -0.172873 0.0924145
    outer loop
      vertex 10.7904 -49.7988 20.4976
      vertex 10.7139 -49.8457 21.2216
      vertex 10.7139 -50.1541 20.6447
    endloop
  endfacet
  facet normal 0.923169 -0.111601 -0.367836
    outer loop
      vertex 10.7139 -43.9773 5.96231
      vertex 10.7139 -44.0862 5.99535
      vertex 10.5638 -44.048 5.60705
    endloop
  endfacet
  facet normal 0.923164 0.181216 -0.339012
    outer loop
      vertex 10.5638 -26.1262 5.2161
      vertex 10.7139 -26.4278 5.46362
      vertex 10.5638 -26.2892 5.12897
    endloop
  endfacet
  facet normal 0.980606 0.0923106 0.172891
    outer loop
      vertex 10.7904 -26.5411 26.163
      vertex 10.7139 -26.4278 26.5364
      vertex 10.7904 -26.575 26.1811
    endloop
  endfacet
  facet normal 0.923769 -0.261783 -0.279502
    outer loop
      vertex 10.7139 -48.1308 8.51916
      vertex 10.5638 -47.9095 7.8158
      vertex 10.7139 -47.6533 8.07193
    endloop
  endfacet
  facet normal 0.923769 -0.261783 -0.279502
    outer loop
      vertex 10.5638 -47.9095 7.8158
      vertex 10.7139 -48.1308 8.51916
      vertex 10.5638 -48.387 8.26303
    endloop
  endfacet
  facet normal 0.980602 -0.124326 0.151533
    outer loop
      vertex 10.7904 -47.3517 23.6805
      vertex 10.7139 -47.5653 24.0003
      vertex 10.7139 -47.6533 23.9281
    endloop
  endfacet
  facet normal 0.706954 -0.574903 -0.41195
    outer loop
      vertex 10.346 -50.0187 9.73999
      vertex 10.0688 -49.8682 9.05425
      vertex 10.346 -49.6377 9.20828
    endloop
  endfacet
  facet normal 0.707056 -0.574768 -0.411962
    outer loop
      vertex 10.0688 -49.8682 9.05425
      vertex 10.346 -50.0187 9.73999
      vertex 10.0688 -50.2493 9.58596
    endloop
  endfacet
  facet normal 0.831383 -0.471923 -0.293412
    outer loop
      vertex 10.346 -50.3643 10.2957
      vertex 10.5638 -49.7477 9.9211
      vertex 10.5638 -50.0932 10.4768
    endloop
  endfacet
  facet normal 0.831321 -0.471965 -0.293519
    outer loop
      vertex 10.5638 -49.7477 9.9211
      vertex 10.346 -50.3643 10.2957
      vertex 10.346 -50.0187 9.73999
    endloop
  endfacet
  facet normal 0.923128 -0.339184 -0.181079
    outer loop
      vertex 10.7139 -49.7921 10.678
      vertex 10.7139 -49.8457 10.7784
      vertex 10.5638 -50.0932 10.4768
    endloop
  endfacet
  facet normal 0.706942 -0.411952 -0.574915
    outer loop
      vertex 10.0688 -47.5959 6.78187
      vertex 10.346 -46.91 6.63125
      vertex 10.346 -47.4419 7.01238
    endloop
  endfacet
  facet normal 0.706953 -0.411954 -0.574902
    outer loop
      vertex 10.346 -46.91 6.63125
      vertex 10.0688 -47.5959 6.78187
      vertex 10.0688 -47.064 6.40073
    endloop
  endfacet
  facet normal 0.555326 -0.484396 -0.675998
    outer loop
      vertex 9.74279 -47.185 6.21962
      vertex 10.0688 -47.5959 6.78187
      vertex 9.74279 -47.7169 6.60076
    endloop
  endfacet
  facet normal 0.555326 -0.484396 -0.675998
    outer loop
      vertex 10.0688 -47.5959 6.78187
      vertex 9.74279 -47.185 6.21962
      vertex 10.0688 -47.064 6.40073
    endloop
  endfacet
  facet normal 0.193956 -0.865115 -0.462555
    outer loop
      vertex 8.99603 -51.4565 10.8158
      vertex 9.38057 -51.0775 10.2682
      vertex 9.38057 -51.3859 10.845
    endloop
  endfacet
  facet normal 0.194292 -0.865152 -0.462344
    outer loop
      vertex 9.38057 -51.0775 10.2682
      vertex 8.99603 -51.4565 10.8158
      vertex 8.99603 -51.1482 10.2389
    endloop
  endfacet
  facet normal 0 -0.849168 -0.528123
    outer loop
      vertex 2.60397 -50.6187 9.3391
      vertex 8.99603 -50.9643 9.89479
      vertex 2.60397 -50.9643 9.89479
    endloop
  endfacet
  facet normal 0 -0.849168 -0.528123
    outer loop
      vertex 8.99603 -50.9643 9.89479
      vertex 2.60397 -50.6187 9.3391
      vertex 8.99603 -50.6187 9.3391
    endloop
  endfacet
  facet normal 0.381168 -0.586518 -0.714638
    outer loop
      vertex 9.38057 -47.8003 6.476
      vertex 9.74279 -48.2227 7.01587
      vertex 9.38057 -48.3061 6.89112
    endloop
  endfacet
  facet normal 0.381185 -0.586505 -0.71464
    outer loop
      vertex 9.74279 -48.2227 7.01587
      vertex 9.38057 -47.8003 6.476
      vertex 9.74279 -47.7169 6.60076
    endloop
  endfacet
  facet normal 0.194998 -0.517926 -0.832903
    outer loop
      vertex 8.99603 -46.7553 5.68578
      vertex 9.38057 -47.2684 6.09487
      vertex 8.99603 -47.3109 6.03127
    endloop
  endfacet
  facet normal 0.194998 -0.517926 -0.832903
    outer loop
      vertex 9.38057 -47.2684 6.09487
      vertex 8.99603 -46.7553 5.68578
      vertex 9.38057 -46.7128 5.74938
    endloop
  endfacet
  facet normal 0.553683 -0.392597 -0.734372
    outer loop
      vertex 9.74279 -45.7474 5.40265
      vertex 10.0688 -45.9313 5.74676
      vertex 9.74279 -46.0523 5.56565
    endloop
  endfacet
  facet normal 0.923731 -0.358489 0.134931
    outer loop
      vertex 10.5638 -50.9893 19.5747
      vertex 10.7139 -50.4242 20.0485
      vertex 10.5638 -50.7588 20.1871
    endloop
  endfacet
  facet normal 0.923731 -0.358489 0.134931
    outer loop
      vertex 10.7139 -50.4242 20.0485
      vertex 10.5638 -50.9893 19.5747
      vertex 10.7139 -50.6547 19.4361
    endloop
  endfacet
  facet normal 0.98061 0.0572016 0.187438
    outer loop
      vertex 10.7904 -26.575 26.1811
      vertex 10.7139 -26.4278 26.5364
      vertex 10.7904 -26.6117 26.1923
    endloop
  endfacet
  facet normal 0.831317 -0.471968 0.293526
    outer loop
      vertex 10.346 -50.3643 21.7043
      vertex 10.5638 -49.7477 22.0789
      vertex 10.346 -50.0187 22.26
    endloop
  endfacet
  facet normal 0.831383 -0.471923 0.293412
    outer loop
      vertex 10.5638 -49.7477 22.0789
      vertex 10.346 -50.3643 21.7043
      vertex 10.5638 -50.0932 21.5232
    endloop
  endfacet
  facet normal 0.555407 -0.292934 0.778276
    outer loop
      vertex 9.74279 -44.539 27.0979
      vertex 10.0688 -45.0681 26.6661
      vertex 10.0688 -44.4557 26.8966
    endloop
  endfacet
  facet normal 0.555407 -0.292934 0.778276
    outer loop
      vertex 10.0688 -45.0681 26.6661
      vertex 9.74279 -44.539 27.0979
      vertex 9.74279 -45.1514 26.8674
    endloop
  endfacet
  facet normal 0.831387 -0.19575 0.520075
    outer loop
      vertex 10.346 -44.3496 26.6405
      vertex 10.5638 -44.8372 26.1088
      vertex 10.5638 -44.2248 26.3393
    endloop
  endfacet
  facet normal 0.831387 -0.19575 0.520075
    outer loop
      vertex 10.5638 -44.8372 26.1088
      vertex 10.346 -44.3496 26.6405
      vertex 10.346 -44.962 26.41
    endloop
  endfacet
  facet normal 0.923177 -0.243877 0.297101
    outer loop
      vertex 10.7139 -47.6533 23.9281
      vertex 10.5638 -47.7666 24.3015
      vertex 10.5638 -47.9095 24.1842
    endloop
  endfacet
  facet normal 0.980761 -0.0805663 0.177813
    outer loop
      vertex 10.7139 -45.2945 25.5042
      vertex 10.7904 -44.5515 25.4189
      vertex 10.7139 -44.6986 25.7742
    endloop
  endfacet
  facet normal 0.980761 -0.0805663 0.177813
    outer loop
      vertex 10.7904 -44.5515 25.4189
      vertex 10.7139 -45.2945 25.5042
      vertex 10.7904 -45.1474 25.1489
    endloop
  endfacet
  facet normal 0.980597 -0.195087 0.0192301
    outer loop
      vertex 10.7139 -51.1439 17.3052
      vertex 10.7904 -50.8198 16.6922
      vertex 10.7904 -50.7556 17.3435
    endloop
  endfacet
  facet normal 0.980598 -0.195082 0.0192326
    outer loop
      vertex 10.7904 -50.8198 16.6922
      vertex 10.7139 -51.1439 17.3052
      vertex 10.7139 -51.2081 16.654
    endloop
  endfacet
  facet normal 0.70541 -0.205817 0.67826
    outer loop
      vertex 10.346 -44.3496 26.6405
      vertex 10.0688 -44.1657 26.9846
      vertex 10.0688 -44.4557 26.8966
    endloop
  endfacet
  facet normal 0.194233 0.758285 0.622316
    outer loop
      vertex 9.38057 -25.0587 27.0633
      vertex 8.99603 -25.2426 27.4074
      vertex 9.38057 -25.2967 27.3533
    endloop
  endfacet
  facet normal 0.381131 0.92008 0.0905054
    outer loop
      vertex 9.599 -24.847 26.2075
      vertex 9.58035 -24.854 26.3572
      vertex 9.74279 -24.92 26.3441
    endloop
  endfacet
  facet normal 0.194159 0.758356 -0.622253
    outer loop
      vertex 8.99603 -25.2426 4.5926
      vertex 9.14168 -25.0192 4.91031
      vertex 9.38057 -25.0587 4.93671
    endloop
  endfacet
  facet normal 0.194262 0.758314 -0.622271
    outer loop
      vertex 9.14168 -25.0192 4.91031
      vertex 8.99603 -25.2426 4.5926
      vertex 8.99603 -25.074 4.79806
    endloop
  endfacet
  facet normal 0.5538 0.828662 -0.0813948
    outer loop
      vertex 9.74279 -24.92 5.65589
      vertex 9.74279 -24.8862 6
      vertex 10.0688 -25.1337 5.69839
    endloop
  endfacet
  facet normal 0.553704 0.0816181 -0.828704
    outer loop
      vertex 9.74279 -26.3059 4.27005
      vertex 10.0688 -26.3484 4.48369
      vertex 9.74279 -26.65 4.23616
    endloop
  endfacet
  facet normal 0.194194 0.462432 -0.865127
    outer loop
      vertex 8.99603 -25.5442 4.34507
      vertex 9.38057 -25.5867 4.40867
      vertex 8.99603 -25.8883 4.16114
    endloop
  endfacet
  facet normal 0.553796 0.796783 -0.241757
    outer loop
      vertex 9.74279 -25.0204 5.32501
      vertex 10.0688 -25.1337 5.69839
      vertex 10.0688 -25.2217 5.40836
    endloop
  endfacet
  facet normal 0.381549 0.815496 -0.435186
    outer loop
      vertex 9.74279 -25.1834 5.02006
      vertex 9.38057 -24.9292 5.17883
      vertex 9.41981 -24.9145 5.24078
    endloop
  endfacet
  facet normal 0.381014 0.815279 -0.436059
    outer loop
      vertex 9.38057 -24.9292 5.17883
      vertex 9.74279 -25.1834 5.02006
      vertex 9.38057 -25.0587 4.93671
    endloop
  endfacet
  facet normal -0.705371 -0.205828 0.678297
    outer loop
      vertex 1.53121 -44.4557 26.8966
      vertex 1.53121 -44.1657 26.9846
      vertex 1.25398 -44.3496 26.6405
    endloop
  endfacet
  facet normal -0.980766 -0.103073 0.165752
    outer loop
      vertex 0.80963 -46.314 24.4768
      vertex 0.886119 -45.9721 25.142
      vertex 0.80963 -45.7584 24.8223
    endloop
  endfacet
  facet normal -0.980766 -0.103073 0.165752
    outer loop
      vertex 0.886119 -45.9721 25.142
      vertex 0.80963 -46.314 24.4768
      vertex 0.886119 -46.5277 24.7965
    endloop
  endfacet
  facet normal 0.55366 0.64368 0.528333
    outer loop
      vertex 9.74279 -25.1834 26.9799
      vertex 9.74279 -25.4028 27.2472
      vertex 10.0688 -25.3645 26.8589
    endloop
  endfacet
  facet normal 0.553668 0.734381 0.392601
    outer loop
      vertex 9.74279 -25.0204 26.675
      vertex 9.74279 -25.1834 26.9799
      vertex 10.0688 -25.3645 26.8589
    endloop
  endfacet
  facet normal -0 0.290121 0.95699
    outer loop
      vertex 6.26969 -25.8883 27.8389
      vertex 8.99603 -26.2617 27.9521
      vertex 8.99603 -25.8883 27.8389
    endloop
  endfacet
  facet normal 1.03295e-05 0.29019 0.956969
    outer loop
      vertex 5.19916 -26.1379 27.9146
      vertex 8.99603 -26.2617 27.9521
      vertex 6.26969 -25.8883 27.8389
    endloop
  endfacet
  facet normal 0 0.2899 0.957057
    outer loop
      vertex 8.99603 -26.2617 27.9521
      vertex 5.19916 -26.1379 27.9146
      vertex 4.44952 -26.2617 27.9521
    endloop
  endfacet
  facet normal 0.381082 0.714637 0.586575
    outer loop
      vertex 9.38057 -25.0587 27.0633
      vertex 9.74279 -25.4028 27.2472
      vertex 9.74279 -25.1834 26.9799
    endloop
  endfacet
  facet normal 0.381231 0.268173 0.884729
    outer loop
      vertex 9.74279 -25.975 27.6296
      vertex 9.38057 -26.2766 27.8771
      vertex 9.74279 -26.3059 27.7299
    endloop
  endfacet
  facet normal 0.194196 0.622291 0.758315
    outer loop
      vertex 8.99603 -25.2426 27.4074
      vertex 8.99603 -25.5442 27.6549
      vertex 9.38057 -25.5867 27.5913
    endloop
  endfacet
  facet normal 0.553668 0.392601 0.734381
    outer loop
      vertex 9.74279 -25.6701 27.4666
      vertex 9.74279 -25.975 27.6296
      vertex 10.0688 -25.7911 27.2855
    endloop
  endfacet
  facet normal 0.553833 0.392338 0.734397
    outer loop
      vertex 10.0688 -25.7911 27.2855
      vertex 9.74279 -25.975 27.6296
      vertex 10.0688 -26.0584 27.4283
    endloop
  endfacet
  facet normal -0.830145 -0.0548809 0.55484
    outer loop
      vertex 1.03616 -42.1392 26.838
      vertex 1.25398 -41.9552 27.1821
      vertex 1.03616 -41.9552 26.8562
    endloop
  endfacet
  facet normal -0.706879 -0.0231637 0.706955
    outer loop
      vertex 1.25398 -40.6172 27.2688
      vertex 1.53121 -41.3039 27.5235
      vertex 1.53121 -40.6172 27.546
    endloop
  endfacet
  facet normal -0.706879 -0.0231637 0.706955
    outer loop
      vertex 1.53121 -41.3039 27.5235
      vertex 1.25398 -40.6172 27.2688
      vertex 1.25398 -41.3039 27.2463
    endloop
  endfacet
  facet normal -0.382822 0 0.923822
    outer loop
      vertex 1.85721 -26.65 27.7638
      vertex 2.21943 -40.6172 27.9139
      vertex 2.21943 -26.65 27.9139
    endloop
  endfacet
  facet normal -0.382822 0 0.923822
    outer loop
      vertex 2.21943 -40.6172 27.9139
      vertex 1.85721 -26.65 27.7638
      vertex 1.85721 -40.6172 27.7638
    endloop
  endfacet
  facet normal -0.381067 0.0902617 0.920131
    outer loop
      vertex 1.85721 -26.65 27.7638
      vertex 2.12026 -26.5558 27.8635
      vertex 1.85721 -26.5817 27.7571
    endloop
  endfacet
  facet normal -0.381238 0.0908772 0.92
    outer loop
      vertex 2.12026 -26.5558 27.8635
      vertex 1.85721 -26.65 27.7638
      vertex 2.21943 -26.65 27.9139
    endloop
  endfacet
  facet normal -0.553386 0.0813168 0.828946
    outer loop
      vertex 1.79048 -26.5883 27.7132
      vertex 1.85721 -26.65 27.7638
      vertex 1.85721 -26.5817 27.7571
    endloop
  endfacet
  facet normal -0.830277 -0.0544381 0.554686
    outer loop
      vertex 1.25398 -42.2028 27.1578
      vertex 1.25398 -41.9552 27.1821
      vertex 1.03616 -42.1392 26.838
    endloop
  endfacet
  facet normal -0.705534 0.0703461 0.705176
    outer loop
      vertex 1.25398 -26.65 27.2688
      vertex 1.29288 -26.6077 27.3035
      vertex 1.25398 -26.6089 27.2647
    endloop
  endfacet
  facet normal -0.829895 0.0553814 0.555164
    outer loop
      vertex 1.20718 -26.6105 27.1949
      vertex 1.25398 -26.65 27.2688
      vertex 1.25398 -26.6089 27.2647
    endloop
  endfacet
  facet normal -0.980771 -0.142448 0.133407
    outer loop
      vertex 0.886119 -48.5779 23.0035
      vertex 0.80963 -47.8589 23.2089
      vertex 0.80963 -48.306 22.7315
    endloop
  endfacet
  facet normal -0.980764 -0.142458 0.133444
    outer loop
      vertex 0.80963 -47.8589 23.2089
      vertex 0.886119 -48.5779 23.0035
      vertex 0.886119 -48.1308 23.4808
    endloop
  endfacet
  facet normal -0.980616 -0.195024 0.0188898
    outer loop
      vertex 0.886119 -51.2081 16.654
      vertex 0.80963 -50.8198 16.6922
      vertex 0.80963 -50.8235 16.654
    endloop
  endfacet
  facet normal -0.980763 -0.0687625 -0.18269
    outer loop
      vertex 0.886119 -44.0862 5.99535
      vertex 0.80963 -44.5515 6.58111
      vertex 0.80963 -43.9391 6.35061
    endloop
  endfacet
  facet normal -0.980763 -0.0687625 -0.18269
    outer loop
      vertex 0.80963 -44.5515 6.58111
      vertex 0.886119 -44.0862 5.99535
      vertex 0.886119 -44.6986 6.22585
    endloop
  endfacet
  facet normal -0.980606 -0.0191488 -0.195053
    outer loop
      vertex 0.886119 -41.3039 5.44192
      vertex 0.80963 -41.3422 5.83022
      vertex 0.80963 -41.3039 5.82646
    endloop
  endfacet
  facet normal -0.923249 -0.382349 0.0376948
    outer loop
      vertex 0.886119 -51.2081 16.654
      vertex 1.03616 -51.5062 17.3052
      vertex 0.886119 -51.1439 17.3052
    endloop
  endfacet
  facet normal -0.923213 -0.38244 0.037645
    outer loop
      vertex 1.03616 -51.5062 17.3052
      vertex 0.886119 -51.2081 16.654
      vertex 1.03616 -51.5703 16.654
    endloop
  endfacet
  facet normal -0.923784 -0.348789 0.158014
    outer loop
      vertex 0.886119 -50.4242 20.0485
      vertex 1.03616 -50.4887 20.7833
      vertex 0.886119 -50.1541 20.6447
    endloop
  endfacet
  facet normal -0.923784 -0.348789 0.158014
    outer loop
      vertex 1.03616 -50.4887 20.7833
      vertex 0.886119 -50.4242 20.0485
      vertex 1.03616 -50.7588 20.1871
    endloop
  endfacet
  facet normal -0.980771 -0.00639106 0.195055
    outer loop
      vertex 0.886119 -41.3039 26.5581
      vertex 0.80963 -40.6172 26.196
      vertex 0.80963 -41.3039 26.1735
    endloop
  endfacet
  facet normal -0.980771 -0.00639106 0.195055
    outer loop
      vertex 0.80963 -40.6172 26.196
      vertex 0.886119 -41.3039 26.5581
      vertex 0.886119 -40.6172 26.5806
    endloop
  endfacet
  facet normal -0.194767 -0.404805 0.89342
    outer loop
      vertex 2.21943 -45.8048 26.736
      vertex 2.60397 -45.2381 27.0766
      vertex 2.21943 -45.2089 27.006
    endloop
  endfacet
  facet normal -0.194869 -0.40474 0.893427
    outer loop
      vertex 2.60397 -45.2381 27.0766
      vertex 2.21943 -45.8048 26.736
      vertex 2.60397 -45.8341 26.8066
    endloop
  endfacet
  facet normal -0.555324 -0.439164 0.706222
    outer loop
      vertex 1.53121 -47.064 25.5993
      vertex 1.85721 -46.6294 26.1259
      vertex 1.53121 -46.5084 25.9448
    endloop
  endfacet
  facet normal -0.555324 -0.439164 0.706222
    outer loop
      vertex 1.85721 -46.6294 26.1259
      vertex 1.53121 -47.064 25.5993
      vertex 1.85721 -47.185 25.7804
    endloop
  endfacet
  facet normal 0.194998 -0.517937 0.832897
    outer loop
      vertex 8.99603 -46.7553 26.3142
      vertex 9.38057 -47.2684 25.9051
      vertex 9.38057 -46.7128 26.2506
    endloop
  endfacet
  facet normal 0.194998 -0.517937 0.832897
    outer loop
      vertex 9.38057 -47.2684 25.9051
      vertex 8.99603 -46.7553 26.3142
      vertex 8.99603 -47.3109 25.9687
    endloop
  endfacet
  facet normal 0.194767 -0.404805 0.89342
    outer loop
      vertex 8.99603 -45.2381 27.0766
      vertex 9.38057 -45.8048 26.736
      vertex 9.38057 -45.2089 27.006
    endloop
  endfacet
  facet normal 0.194869 -0.40474 0.893427
    outer loop
      vertex 9.38057 -45.8048 26.736
      vertex 8.99603 -45.2381 27.0766
      vertex 8.99603 -45.8341 26.8066
    endloop
  endfacet
  facet normal 0.705418 -0.334185 0.625065
    outer loop
      vertex 10.346 -45.5579 26.14
      vertex 10.0688 -45.9313 26.2532
      vertex 10.346 -45.7773 26.0227
    endloop
  endfacet
  facet normal -0.70538 -0.334203 0.625098
    outer loop
      vertex 1.25398 -45.7773 26.0227
      vertex 1.53121 -45.9313 26.2532
      vertex 1.25398 -45.5579 26.14
    endloop
  endfacet
  facet normal -0.194774 -0.345516 0.917977
    outer loop
      vertex 2.21943 -45.2089 27.006
      vertex 2.60397 -44.6257 27.3071
      vertex 2.21943 -44.5965 27.2365
    endloop
  endfacet
  facet normal -0.194774 -0.345516 0.917977
    outer loop
      vertex 2.60397 -44.6257 27.3071
      vertex 2.21943 -45.2089 27.006
      vertex 2.60397 -45.2381 27.0766
    endloop
  endfacet
  facet normal 0 -0.22708 0.973876
    outer loop
      vertex 2.60397 -42.9889 27.7589
      vertex 8.99603 -43.6262 27.6103
      vertex 8.99603 -42.9889 27.7589
    endloop
  endfacet
  facet normal 0 -0.22708 0.973876
    outer loop
      vertex 8.99603 -43.6262 27.6103
      vertex 2.60397 -42.9889 27.7589
      vertex 2.60397 -43.6262 27.6103
    endloop
  endfacet
  facet normal 0 -0.290356 0.956919
    outer loop
      vertex 2.60397 -44.2523 27.4204
      vertex 8.99603 -44.6257 27.3071
      vertex 8.99603 -44.2523 27.4204
    endloop
  endfacet
  facet normal 0 -0.290356 0.956919
    outer loop
      vertex 8.99603 -44.6257 27.3071
      vertex 2.60397 -44.2523 27.4204
      vertex 2.60397 -44.6257 27.3071
    endloop
  endfacet
  facet normal -0.38236 -0.209825 0.899875
    outer loop
      vertex 1.85721 -43.582 27.3882
      vertex 2.21943 -42.9739 27.6839
      vertex 1.85721 -42.9447 27.5368
    endloop
  endfacet
  facet normal -0.38241 -0.209789 0.899862
    outer loop
      vertex 2.21943 -42.9739 27.6839
      vertex 1.85721 -43.582 27.3882
      vertex 2.21943 -43.6113 27.5353
    endloop
  endfacet
  facet normal -0.980606 -0.151517 0.124313
    outer loop
      vertex 0.886119 -48.6501 22.9155
      vertex 0.886119 -48.5779 23.0035
      vertex 0.80963 -48.3304 22.7018
    endloop
  endfacet
  facet normal -0.980601 -0.0568386 -0.187593
    outer loop
      vertex 0.886119 -44.0862 5.99535
      vertex 0.80963 -43.9391 6.35061
      vertex 0.80963 -43.9023 6.33946
    endloop
  endfacet
  facet normal -0.831389 -0.548277 0.0904733
    outer loop
      vertex 1.25398 -51.8078 17.5527
      vertex 1.03616 -51.3815 18.1345
      vertex 1.03616 -51.488 17.4891
    endloop
  endfacet
  facet normal -0.831312 -0.548376 0.0905747
    outer loop
      vertex 1.03616 -51.3815 18.1345
      vertex 1.25398 -51.8078 17.5527
      vertex 1.25398 -51.7012 18.1981
    endloop
  endfacet
  facet normal -0.707008 -0.661874 -0.249121
    outer loop
      vertex 1.53121 -51.5467 12.1944
      vertex 1.25398 -51.06 11.6881
      vertex 1.53121 -51.3162 11.582
    endloop
  endfacet
  facet normal -0.707008 -0.661874 -0.249121
    outer loop
      vertex 1.25398 -51.06 11.6881
      vertex 1.53121 -51.5467 12.1944
      vertex 1.25398 -51.2905 12.3005
    endloop
  endfacet
  facet normal -0.980609 -0.187482 0.0570597
    outer loop
      vertex 0.80963 -50.3106 19.2522
      vertex 0.886119 -50.6547 19.4361
      vertex 0.80963 -50.2994 19.289
    endloop
  endfacet
  facet normal 0.381107 -0.0906035 -0.920081
    outer loop
      vertex 9.38057 -41.9552 4.17276
      vertex 9.74279 -42.2994 4.35669
      vertex 9.38057 -42.3286 4.20953
    endloop
  endfacet
  facet normal 0.706968 -0.0231608 -0.706866
    outer loop
      vertex 10.0688 -41.3039 4.47647
      vertex 10.346 -40.6172 4.73121
      vertex 10.346 -41.3039 4.75371
    endloop
  endfacet
  facet normal 0.706956 -0.0231509 -0.706879
    outer loop
      vertex 10.346 -40.6172 4.73121
      vertex 10.0688 -41.3039 4.47647
      vertex 10.0688 -40.6172 4.45398
    endloop
  endfacet
  facet normal 0.194934 -0.345504 -0.917947
    outer loop
      vertex 8.99603 -44.6257 4.69286
      vertex 9.38057 -45.2089 4.99403
      vertex 8.99603 -45.2381 4.92336
    endloop
  endfacet
  facet normal 0.194934 -0.345504 -0.917947
    outer loop
      vertex 9.38057 -45.2089 4.99403
      vertex 8.99603 -44.6257 4.69286
      vertex 9.38057 -44.5965 4.76353
    endloop
  endfacet
  facet normal 0.831335 -0.126204 0.541252
    outer loop
      vertex 10.346 -43.4854 26.9026
      vertex 10.5638 -42.7845 26.7315
      vertex 10.346 -42.8481 27.0512
    endloop
  endfacet
  facet normal 0.831335 -0.126204 0.541252
    outer loop
      vertex 10.5638 -42.7845 26.7315
      vertex 10.346 -43.4854 26.9026
      vertex 10.5638 -43.4218 26.5829
    endloop
  endfacet
  facet normal 0.553634 -0.081623 0.828751
    outer loop
      vertex 10.0688 -42.2569 27.4297
      vertex 9.74279 -41.9552 27.6772
      vertex 9.74279 -42.2994 27.6433
    endloop
  endfacet
  facet normal 0.705422 -0.0692293 0.705398
    outer loop
      vertex 10.346 -41.9552 27.1821
      vertex 10.0688 -42.2569 27.4297
      vertex 10.346 -42.2028 27.1578
    endloop
  endfacet
  facet normal 0.706917 -0.0231624 0.706917
    outer loop
      vertex 10.0688 -40.6172 27.546
      vertex 10.346 -41.3039 27.2463
      vertex 10.346 -40.6172 27.2688
    endloop
  endfacet
  facet normal 0.706917 -0.0231624 0.706917
    outer loop
      vertex 10.346 -41.3039 27.2463
      vertex 10.0688 -40.6172 27.546
      vertex 10.0688 -41.3039 27.5235
    endloop
  endfacet
  facet normal 0.553643 -0.241632 0.796928
    outer loop
      vertex 10.0688 -44.1657 26.9846
      vertex 9.74279 -44.2082 27.1982
      vertex 9.74279 -44.539 27.0979
    endloop
  endfacet
  facet normal 0.553771 -0.241785 0.796792
    outer loop
      vertex 10.0688 -44.1657 26.9846
      vertex 9.74279 -44.539 27.0979
      vertex 10.0688 -44.4557 26.8966
    endloop
  endfacet
  facet normal 0.55381 -0.241639 0.796809
    outer loop
      vertex 9.74279 -43.582 27.3882
      vertex 10.0688 -44.1657 26.9846
      vertex 10.0688 -43.5395 27.1745
    endloop
  endfacet
  facet normal 0.553635 -0.241789 0.796885
    outer loop
      vertex 10.0688 -44.1657 26.9846
      vertex 9.74279 -43.582 27.3882
      vertex 9.74279 -44.2082 27.1982
    endloop
  endfacet
  facet normal 0.707107 0 0.707107
    outer loop
      vertex 10.0688 -26.65 27.546
      vertex 10.346 -40.6172 27.2688
      vertex 10.346 -26.65 27.2688
    endloop
  endfacet
  facet normal 0.707107 0 0.707107
    outer loop
      vertex 10.346 -40.6172 27.2688
      vertex 10.0688 -26.65 27.546
      vertex 10.0688 -40.6172 27.546
    endloop
  endfacet
  facet normal 0.830231 0.161817 0.533415
    outer loop
      vertex 10.346 -26.1645 27.1722
      vertex 10.346 -26.4025 27.2444
      vertex 10.5638 -26.4661 26.9247
    endloop
  endfacet
  facet normal 0.555512 0 0.831508
    outer loop
      vertex 9.74279 -26.65 27.7638
      vertex 10.0688 -40.6172 27.546
      vertex 10.0688 -26.65 27.546
    endloop
  endfacet
  facet normal 0.555512 0 0.831508
    outer loop
      vertex 10.0688 -40.6172 27.546
      vertex 9.74279 -26.65 27.7638
      vertex 9.74279 -40.6172 27.7638
    endloop
  endfacet
  facet normal 0 -0.0979049 0.995196
    outer loop
      vertex 2.60397 -41.9552 27.9037
      vertex 8.99603 -42.3435 27.8655
      vertex 8.99603 -41.9552 27.9037
    endloop
  endfacet
  facet normal 0 -0.0979049 0.995196
    outer loop
      vertex 8.99603 -42.3435 27.8655
      vertex 2.60397 -41.9552 27.9037
      vertex 2.60397 -42.3435 27.8655
    endloop
  endfacet
  facet normal 0 -0.0327478 0.999464
    outer loop
      vertex 2.60397 -40.6172 27.9904
      vertex 8.99603 -41.3039 27.9679
      vertex 8.99603 -40.6172 27.9904
    endloop
  endfacet
  facet normal 0 -0.0327478 0.999464
    outer loop
      vertex 8.99603 -41.3039 27.9679
      vertex 2.60397 -40.6172 27.9904
      vertex 2.60397 -41.3039 27.9679
    endloop
  endfacet
  facet normal 0.555284 -0.135549 0.82054
    outer loop
      vertex 9.74279 -42.2994 27.6433
      vertex 10.0688 -42.9022 27.3231
      vertex 10.0688 -42.2569 27.4297
    endloop
  endfacet
  facet normal 0.555456 -0.135406 0.820447
    outer loop
      vertex 10.0688 -42.9022 27.3231
      vertex 9.74279 -42.2994 27.6433
      vertex 9.74279 -42.9447 27.5368
    endloop
  endfacet
  facet normal 0.705528 -0.0694286 0.705273
    outer loop
      vertex 10.346 -41.9552 27.1821
      vertex 10.0688 -41.9552 27.4594
      vertex 10.0688 -42.2569 27.4297
    endloop
  endfacet
  facet normal 0.194122 -0.284833 0.938716
    outer loop
      vertex 9.38057 -44.2374 27.3454
      vertex 8.99603 -44.2523 27.4204
      vertex 8.99603 -44.6257 27.3071
    endloop
  endfacet
  facet normal 0.193976 -0.284695 0.938788
    outer loop
      vertex 9.38057 -44.5965 27.2365
      vertex 9.38057 -44.2374 27.3454
      vertex 8.99603 -44.6257 27.3071
    endloop
  endfacet
  facet normal 0 -0.290249 0.956951
    outer loop
      vertex 2.60397 -43.6262 27.6103
      vertex 8.99603 -44.2523 27.4204
      vertex 8.99603 -43.6262 27.6103
    endloop
  endfacet
  facet normal 0 -0.290249 0.956951
    outer loop
      vertex 8.99603 -44.2523 27.4204
      vertex 2.60397 -43.6262 27.6103
      vertex 2.60397 -44.2523 27.4204
    endloop
  endfacet
  facet normal 0.705522 -0.624988 0.334107
    outer loop
      vertex 10.0688 -50.7377 21.5911
      vertex 10.346 -50.7899 20.9081
      vertex 10.346 -50.4815 21.485
    endloop
  endfacet
  facet normal 0.705414 -0.625129 0.334074
    outer loop
      vertex 10.346 -50.7899 20.9081
      vertex 10.0688 -50.7377 21.5911
      vertex 10.0688 -51.046 21.0142
    endloop
  endfacet
  facet normal 0.555405 -0.706212 0.439079
    outer loop
      vertex 9.74279 -50.7759 21.9794
      vertex 10.0688 -50.2493 22.414
      vertex 9.74279 -50.4304 22.5351
    endloop
  endfacet
  facet normal 0.555405 -0.706212 0.439079
    outer loop
      vertex 10.0688 -50.2493 22.414
      vertex 9.74279 -50.7759 21.9794
      vertex 10.0688 -50.5948 21.8583
    endloop
  endfacet
  facet normal 0.194293 -0.865191 0.462272
    outer loop
      vertex 9.38057 -51.0775 21.7318
      vertex 9.38057 -50.9007 22.0627
      vertex 8.99603 -51.1482 21.7611
    endloop
  endfacet
  facet normal 0.382474 -0.538232 0.751012
    outer loop
      vertex 9.38057 -47.2684 25.9051
      vertex 9.74279 -47.7169 25.3992
      vertex 9.74279 -47.185 25.7804
    endloop
  endfacet
  facet normal 0.382653 -0.538096 0.751019
    outer loop
      vertex 9.74279 -47.7169 25.3992
      vertex 9.38057 -47.2684 25.9051
      vertex 9.38057 -47.8003 25.524
    endloop
  endfacet
  facet normal 0.381134 -0.586514 0.71466
    outer loop
      vertex 9.74279 -48.49 24.7648
      vertex 9.38057 -48.3061 25.1089
      vertex 9.38057 -48.5961 24.8709
    endloop
  endfacet
  facet normal 0.195037 -0.715873 0.670437
    outer loop
      vertex 8.99603 -49.5748 24.0003
      vertex 9.38057 -49.0736 24.4236
      vertex 8.99603 -49.1277 24.4777
    endloop
  endfacet
  facet normal 0.195037 -0.715873 0.670437
    outer loop
      vertex 9.38057 -49.0736 24.4236
      vertex 8.99603 -49.5748 24.0003
      vertex 9.38057 -49.5207 23.9462
    endloop
  endfacet
  facet normal 0 -0.773031 0.634368
    outer loop
      vertex 2.60397 -49.8223 23.6987
      vertex 8.99603 -49.5748 24.0003
      vertex 2.60397 -49.5748 24.0003
    endloop
  endfacet
  facet normal 0 -0.773031 0.634368
    outer loop
      vertex 8.99603 -49.5748 24.0003
      vertex 2.60397 -49.8223 23.6987
      vertex 8.99603 -49.8223 23.6987
    endloop
  endfacet
  facet normal 0 -0.77297 0.634443
    outer loop
      vertex 2.60397 -50.2377 23.1926
      vertex 8.99603 -49.8223 23.6987
      vertex 2.60397 -49.8223 23.6987
    endloop
  endfacet
  facet normal 0 -0.77297 0.634443
    outer loop
      vertex 8.99603 -49.8223 23.6987
      vertex 2.60397 -50.2377 23.1926
      vertex 8.99603 -50.2377 23.1926
    endloop
  endfacet
  facet normal 0.194006 -0.758344 0.622315
    outer loop
      vertex 9.38057 -49.7588 23.6562
      vertex 8.99603 -49.5748 24.0003
      vertex 8.99603 -49.8223 23.6987
    endloop
  endfacet
  facet normal 0.194005 -0.758284 0.622389
    outer loop
      vertex 8.99603 -50.2377 23.1926
      vertex 9.38057 -49.7588 23.6562
      vertex 8.99603 -49.8223 23.6987
    endloop
  endfacet
  facet normal 0.194197 -0.758328 0.622275
    outer loop
      vertex 9.38057 -49.7588 23.6562
      vertex 8.99603 -50.2377 23.1926
      vertex 9.38057 -50.1741 23.1501
    endloop
  endfacet
  facet normal 0.706932 -0.574917 0.411968
    outer loop
      vertex 10.0688 -49.8682 22.9457
      vertex 10.346 -50.0187 22.26
      vertex 10.346 -49.6377 22.7917
    endloop
  endfacet
  facet normal 0.707034 -0.574783 0.41198
    outer loop
      vertex 10.346 -50.0187 22.26
      vertex 10.0688 -49.8682 22.9457
      vertex 10.0688 -50.2493 22.414
    endloop
  endfacet
  facet normal 0.555399 -0.757476 0.343164
    outer loop
      vertex 9.74279 -51.5174 20.5013
      vertex 10.0688 -51.046 21.0142
      vertex 9.74279 -51.2473 21.0975
    endloop
  endfacet
  facet normal 0.555236 -0.757528 0.343314
    outer loop
      vertex 10.0688 -51.046 21.0142
      vertex 9.74279 -51.5174 20.5013
      vertex 10.0688 -51.3162 20.418
    endloop
  endfacet
  facet normal 0.194292 -0.865152 0.462344
    outer loop
      vertex 8.99603 -51.4565 21.1842
      vertex 9.38057 -51.0775 21.7318
      vertex 8.99603 -51.1482 21.7611
    endloop
  endfacet
  facet normal 0.193956 -0.865115 0.462555
    outer loop
      vertex 9.38057 -51.0775 21.7318
      vertex 8.99603 -51.4565 21.1842
      vertex 9.38057 -51.3859 21.155
    endloop
  endfacet
  facet normal 0.70541 -0.547892 0.449679
    outer loop
      vertex 10.346 -49.2224 23.2978
      vertex 10.0688 -49.2606 23.6861
      vertex 10.0688 -49.4529 23.4518
    endloop
  endfacet
  facet normal 0.706931 -0.412009 0.574889
    outer loop
      vertex 10.0688 -47.5959 25.2181
      vertex 10.346 -46.91 25.3688
      vertex 10.0688 -47.064 25.5993
    endloop
  endfacet
  facet normal 0.706931 -0.412009 0.574889
    outer loop
      vertex 10.346 -46.91 25.3688
      vertex 10.0688 -47.5959 25.2181
      vertex 10.346 -47.4419 24.9876
    endloop
  endfacet
  facet normal 0.194195 -0.938721 0.284765
    outer loop
      vertex 8.99603 -52.2603 18.9763
      vertex 9.38057 -51.9954 19.5873
      vertex 8.99603 -52.0704 19.6023
    endloop
  endfacet
  facet normal 0.194195 -0.938721 0.284765
    outer loop
      vertex 9.38057 -51.9954 19.5873
      vertex 8.99603 -52.2603 18.9763
      vertex 9.38057 -52.1853 18.9613
    endloop
  endfacet
  facet normal 0.194196 -0.93875 0.284668
    outer loop
      vertex 9.38057 -51.9954 19.5873
      vertex 8.99603 -51.9572 19.9756
      vertex 8.99603 -52.0704 19.6023
    endloop
  endfacet
  facet normal 0.382553 -0.841596 0.381273
    outer loop
      vertex 9.38057 -51.656 20.5588
      vertex 9.74279 -51.2473 21.0975
      vertex 9.38057 -51.3859 21.155
    endloop
  endfacet
  facet normal 0.382553 -0.841596 0.381273
    outer loop
      vertex 9.74279 -51.2473 21.0975
      vertex 9.38057 -51.656 20.5588
      vertex 9.74279 -51.5174 20.5013
    endloop
  endfacet
  facet normal -0.194211 -0.938743 0.284681
    outer loop
      vertex 2.21943 -51.9954 19.5873
      vertex 2.60397 -51.9572 19.9756
      vertex 2.21943 -51.8865 19.9464
    endloop
  endfacet
  facet normal 0.38095 -0.884766 0.268451
    outer loop
      vertex 9.74279 -51.8483 19.5581
      vertex 9.74279 -51.7479 19.889
      vertex 9.38057 -51.9954 19.5873
    endloop
  endfacet
  facet normal 0.380952 -0.88478 0.268402
    outer loop
      vertex 9.38057 -52.1853 18.9613
      vertex 9.74279 -51.8483 19.5581
      vertex 9.38057 -51.9954 19.5873
    endloop
  endfacet
  facet normal 0.381166 -0.884735 0.268247
    outer loop
      vertex 9.74279 -51.8483 19.5581
      vertex 9.38057 -52.1853 18.9613
      vertex 9.74279 -52.0381 18.9321
    endloop
  endfacet
  facet normal -0.830215 -0.353616 0.430928
    outer loop
      vertex 1.25398 -48.14 24.4147
      vertex 1.25398 -47.9477 24.5725
      vertex 1.03616 -47.9095 24.1842
    endloop
  endfacet
  facet normal -0.83132 -0.405668 0.379921
    outer loop
      vertex 1.25398 -49.0646 23.4901
      vertex 1.03616 -48.387 23.737
      vertex 1.03616 -48.8341 23.2596
    endloop
  endfacet
  facet normal -0.83132 -0.405668 0.379921
    outer loop
      vertex 1.03616 -48.387 23.737
      vertex 1.25398 -49.0646 23.4901
      vertex 1.25398 -48.6175 23.9675
    endloop
  endfacet
  facet normal -0.38106 -0.435887 0.81535
    outer loop
      vertex 1.85721 -46.0523 26.4344
      vertex 2.21943 -45.8048 26.736
      vertex 1.85721 -45.7474 26.5974
    endloop
  endfacet
  facet normal -0.923221 -0.181103 0.338918
    outer loop
      vertex 1.03616 -45.5962 25.7517
      vertex 1.03616 -45.4332 25.8388
      vertex 0.886119 -45.2945 25.5042
    endloop
  endfacet
  facet normal -0.831312 -0.54129 -0.126194
    outer loop
      vertex 1.25398 -51.5526 13.1645
      vertex 1.03616 -51.3815 13.8655
      vertex 1.03616 -51.2329 13.2281
    endloop
  endfacet
  facet normal -0.831312 -0.54129 -0.126194
    outer loop
      vertex 1.03616 -51.3815 13.8655
      vertex 1.25398 -51.5526 13.1645
      vertex 1.25398 -51.7012 13.8019
    endloop
  endfacet
  facet normal -0.706917 -0.697841 -0.115262
    outer loop
      vertex 1.53121 -52.0797 14.3932
      vertex 1.25398 -51.7012 13.8019
      vertex 1.53121 -51.9731 13.7478
    endloop
  endfacet
  facet normal -0.706917 -0.697841 -0.115262
    outer loop
      vertex 1.25398 -51.7012 13.8019
      vertex 1.53121 -52.0797 14.3932
      vertex 1.25398 -51.8078 14.4473
    endloop
  endfacet
  facet normal -0.38121 -0.920055 -0.0904286
    outer loop
      vertex 2.21943 -52.4405 14.3214
      vertex 2.21943 -52.4772 14.6948
      vertex 1.85721 -52.2933 14.3507
    endloop
  endfacet
  facet normal -0.382572 -0.899789 0.209805
    outer loop
      vertex 1.85721 -52.0381 18.9321
      vertex 2.21943 -52.3339 18.324
      vertex 2.21943 -52.1853 18.9613
    endloop
  endfacet
  facet normal -0.382408 -0.899831 0.209923
    outer loop
      vertex 2.21943 -52.3339 18.324
      vertex 1.85721 -52.0381 18.9321
      vertex 1.85721 -52.1868 18.2947
    endloop
  endfacet
  facet normal -0.194214 -0.976247 0.0960407
    outer loop
      vertex 2.60397 -52.5537 17.3052
      vertex 2.60397 -52.5155 17.6935
      vertex 2.21943 -52.4772 17.3052
    endloop
  endfacet
  facet normal -0.194196 -0.93875 0.284668
    outer loop
      vertex 2.60397 -52.0704 19.6023
      vertex 2.60397 -51.9572 19.9756
      vertex 2.21943 -51.9954 19.5873
    endloop
  endfacet
  facet normal -0.831363 -0.520108 0.195762
    outer loop
      vertex 1.25398 -51.2905 19.6995
      vertex 1.03616 -50.7588 20.1871
      vertex 1.03616 -50.9893 19.5747
    endloop
  endfacet
  facet normal -0.831363 -0.520108 0.195762
    outer loop
      vertex 1.03616 -50.7588 20.1871
      vertex 1.25398 -51.2905 19.6995
      vertex 1.25398 -51.06 20.3119
    endloop
  endfacet
  facet normal -0.553671 -0.828727 0.0816087
    outer loop
      vertex 1.85721 -52.3272 17.3052
      vertex 1.53121 -52.0797 17.6068
      vertex 1.53121 -52.1094 17.3052
    endloop
  endfacet
  facet normal -0.19421 -0.976227 0.0962435
    outer loop
      vertex 2.21943 -52.5414 16.654
      vertex 2.60397 -52.5537 17.3052
      vertex 2.21943 -52.4772 17.3052
    endloop
  endfacet
  facet normal -0.19421 -0.976227 0.0962435
    outer loop
      vertex 2.60397 -52.5537 17.3052
      vertex 2.21943 -52.5414 16.654
      vertex 2.60397 -52.6179 16.654
    endloop
  endfacet
  facet normal -0.382351 -0.78465 0.487988
    outer loop
      vertex 1.85721 -50.4304 22.5351
      vertex 2.21943 -50.9007 22.0627
      vertex 2.21943 -50.5551 22.6184
    endloop
  endfacet
  facet normal -0.382535 -0.784649 0.487846
    outer loop
      vertex 2.21943 -50.9007 22.0627
      vertex 1.85721 -50.4304 22.5351
      vertex 1.85721 -50.7759 21.9794
    endloop
  endfacet
  facet normal -0.553744 -0.392516 -0.73437
    outer loop
      vertex 1.85721 -45.7474 5.40265
      vertex 1.53121 -45.9313 5.74676
      vertex 1.53121 -45.664 5.60389
    endloop
  endfacet
  facet normal -0.705408 -0.0694564 -0.70539
    outer loop
      vertex 1.53121 -42.2569 4.57032
      vertex 1.25398 -42.2028 4.84223
      vertex 1.25398 -41.9552 4.81785
    endloop
  endfacet
  facet normal -0.194141 -0.284709 -0.938749
    outer loop
      vertex 2.60397 -44.6257 4.69286
      vertex 2.21943 -44.5965 4.76353
      vertex 2.21943 -44.2374 4.65462
    endloop
  endfacet
  facet normal -0.194171 -0.284738 -0.938734
    outer loop
      vertex 2.60397 -44.2523 4.5796
      vertex 2.60397 -44.6257 4.69286
      vertex 2.21943 -44.2374 4.65462
    endloop
  endfacet
  facet normal -0.980764 -0.0317996 -0.192588
    outer loop
      vertex 0.886119 -42.0685 5.51723
      vertex 0.80963 -42.6388 6.00092
      vertex 0.80963 -41.9935 5.89437
    endloop
  endfacet
  facet normal -0.980764 -0.0317996 -0.192588
    outer loop
      vertex 0.80963 -42.6388 6.00092
      vertex 0.886119 -42.0685 5.51723
      vertex 0.886119 -42.7138 5.62378
    endloop
  endfacet
  facet normal -0.831477 0 -0.555559
    outer loop
      vertex 1.25398 -40.6172 4.73121
      vertex 1.03616 -26.65 5.05721
      vertex 1.25398 -26.65 4.73121
    endloop
  endfacet
  facet normal -0.831477 -0 -0.555559
    outer loop
      vertex 1.03616 -26.65 5.05721
      vertex 1.25398 -40.6172 4.73121
      vertex 1.03616 -40.6172 5.05721
    endloop
  endfacet
  facet normal -0.830214 0.054666 -0.554759
    outer loop
      vertex 1.25398 -26.65 4.73121
      vertex 1.20718 -26.6105 4.80514
      vertex 1.25398 -26.6089 4.73526
    endloop
  endfacet
  facet normal -0.19417 -0.284766 -0.938726
    outer loop
      vertex 2.21943 -44.2374 4.65462
      vertex 2.60397 -43.6262 4.38967
      vertex 2.60397 -44.2523 4.5796
    endloop
  endfacet
  facet normal -0.19417 -0.284766 -0.938726
    outer loop
      vertex 2.60397 -43.6262 4.38967
      vertex 2.21943 -44.2374 4.65462
      vertex 2.21943 -43.6113 4.46469
    endloop
  endfacet
  facet normal 0.194187 -0.0961408 -0.976242
    outer loop
      vertex 8.99603 -41.9552 4.09627
      vertex 9.38057 -41.9552 4.17276
      vertex 8.99603 -42.3435 4.13451
    endloop
  endfacet
  facet normal 0.381117 -0.0906231 -0.920075
    outer loop
      vertex 9.38057 -41.9552 4.17276
      vertex 9.74279 -41.3039 4.25865
      vertex 9.74279 -41.9552 4.3228
    endloop
  endfacet
  facet normal 0.381117 -0.0906231 -0.920075
    outer loop
      vertex 9.74279 -41.3039 4.25865
      vertex 9.38057 -41.9552 4.17276
      vertex 9.38057 -41.3039 4.10861
    endloop
  endfacet
  facet normal -0.382465 -0.864727 -0.325526
    outer loop
      vertex 1.85721 -51.5174 11.4987
      vertex 2.21943 -51.8865 12.0536
      vertex 1.85721 -51.7479 12.111
    endloop
  endfacet
  facet normal -0.382541 -0.864715 -0.325468
    outer loop
      vertex 2.21943 -51.8865 12.0536
      vertex 1.85721 -51.5174 11.4987
      vertex 2.21943 -51.656 11.4412
    endloop
  endfacet
  facet normal -0.195003 -0.917935 -0.3455
    outer loop
      vertex 2.21943 -51.656 11.4412
      vertex 2.60397 -51.9572 12.0244
      vertex 2.21943 -51.8865 12.0536
    endloop
  endfacet
  facet normal -0.195003 -0.917935 -0.3455
    outer loop
      vertex 2.60397 -51.9572 12.0244
      vertex 2.21943 -51.656 11.4412
      vertex 2.60397 -51.7267 11.412
    endloop
  endfacet
  facet normal -0.980603 -0.19506 -0.0192275
    outer loop
      vertex 0.886119 -51.1439 14.6948
      vertex 0.80963 -50.8198 15.3078
      vertex 0.80963 -50.7556 14.6565
    endloop
  endfacet
  facet normal -0.980604 -0.195055 -0.01923
    outer loop
      vertex 0.80963 -50.8198 15.3078
      vertex 0.886119 -51.1439 14.6948
      vertex 0.886119 -51.2081 15.346
    endloop
  endfacet
  facet normal -0.831327 -0.323718 -0.451777
    outer loop
      vertex 1.25398 -47.4419 7.01238
      vertex 1.03616 -46.7289 6.9023
      vertex 1.25398 -46.91 6.63125
    endloop
  endfacet
  facet normal -0.831327 -0.323718 -0.451777
    outer loop
      vertex 1.03616 -46.7289 6.9023
      vertex 1.25398 -47.4419 7.01238
      vertex 1.03616 -47.2608 7.28343
    endloop
  endfacet
  facet normal 0.980595 -0.18762 0.0568545
    outer loop
      vertex 10.7904 -50.3106 19.2522
      vertex 10.7139 -50.6547 19.4361
      vertex 10.7139 -50.6877 19.3272
    endloop
  endfacet
  facet normal 0.9806 0.0924495 0.172848
    outer loop
      vertex 10.7139 -26.3274 26.4827
      vertex 10.7139 -26.4278 26.5364
      vertex 10.7904 -26.5411 26.163
    endloop
  endfacet
  facet normal 0.980599 0.124421 0.151477
    outer loop
      vertex 10.7139 -26.2395 26.4105
      vertex 10.7139 -26.3274 26.4827
      vertex 10.7904 -26.5411 26.163
    endloop
  endfacet
  facet normal 0.980588 -0.172755 -0.0927475
    outer loop
      vertex 10.7904 -49.4723 10.8917
      vertex 10.7904 -49.4905 10.9256
      vertex 10.7139 -49.8457 10.7784
    endloop
  endfacet
  facet normal 0.980596 -0.0924605 0.172868
    outer loop
      vertex 10.7904 -45.1813 25.1308
      vertex 10.7139 -45.2945 25.5042
      vertex 10.7139 -45.3949 25.4505
    endloop
  endfacet
  facet normal 0.70541 0.547892 0.449679
    outer loop
      vertex 10.0688 -25.3645 26.8589
      vertex 10.0688 -25.5568 27.0932
      vertex 10.346 -25.595 26.7049
    endloop
  endfacet
  facet normal 0.9232 0.297159 0.243716
    outer loop
      vertex 10.5638 -25.8661 26.5238
      vertex 10.5638 -25.9833 26.6667
      vertex 10.7139 -26.2395 26.4105
    endloop
  endfacet
  facet normal 0.830284 0.353438 0.430941
    outer loop
      vertex 10.5638 -25.9833 26.6667
      vertex 10.346 -25.9451 27.055
      vertex 10.5638 -26.1262 26.7839
    endloop
  endfacet
  facet normal 0.830275 0.26261 0.491609
    outer loop
      vertex 10.346 -25.9451 27.055
      vertex 10.346 -26.1645 27.1722
      vertex 10.5638 -26.1262 26.7839
    endloop
  endfacet
  facet normal 0.923177 0.367855 0.111471
    outer loop
      vertex 10.5638 -25.7253 26.1839
      vertex 10.7139 -26.1136 26.2222
      vertex 10.7139 -26.0806 26.1133
    endloop
  endfacet
  facet normal 0.980598 0.187606 0.0568503
    outer loop
      vertex 10.7139 -26.0806 26.1133
      vertex 10.7139 -26.1136 26.2222
      vertex 10.7904 -26.4577 26.0382
    endloop
  endfacet
  facet normal 0.831501 0 -0.555524
    outer loop
      vertex 10.5638 -40.6172 5.05721
      vertex 10.346 -26.65 4.73121
      vertex 10.5638 -26.65 5.05721
    endloop
  endfacet
  facet normal 0.831501 0 -0.555524
    outer loop
      vertex 10.346 -26.65 4.73121
      vertex 10.5638 -40.6172 5.05721
      vertex 10.346 -40.6172 4.73121
    endloop
  endfacet
  facet normal 0.980595 -0.0924233 0.172893
    outer loop
      vertex 10.7139 -45.3949 25.4505
      vertex 10.7904 -45.7584 24.8223
      vertex 10.7904 -45.1813 25.1308
    endloop
  endfacet
  facet normal 0.980599 -0.0924005 0.17288
    outer loop
      vertex 10.7904 -45.7584 24.8223
      vertex 10.7139 -45.3949 25.4505
      vertex 10.7139 -45.9721 25.142
    endloop
  endfacet
  facet normal 0.923166 -0.0376794 -0.38255
    outer loop
      vertex 10.5638 -41.9552 5.14385
      vertex 10.7139 -41.3039 5.44192
      vertex 10.7139 -41.9552 5.50607
    endloop
  endfacet
  facet normal 0.923166 -0.0376794 -0.38255
    outer loop
      vertex 10.7139 -41.3039 5.44192
      vertex 10.5638 -41.9552 5.14385
      vertex 10.5638 -41.3039 5.0797
    endloop
  endfacet
  facet normal 0.705443 0.205743 -0.678248
    outer loop
      vertex 10.0688 -26.0584 4.57166
      vertex 10.346 -26.1645 4.82779
      vertex 10.0688 -26.3484 4.48369
    endloop
  endfacet
  facet normal 0.980599 0.151485 -0.12441
    outer loop
      vertex 10.7139 -26.2395 5.58948
      vertex 10.7904 -26.487 5.89109
      vertex 10.7904 -26.5114 5.86138
    endloop
  endfacet
  facet normal 0.830251 0.262714 -0.491594
    outer loop
      vertex 10.346 -25.9451 4.94504
      vertex 10.5638 -26.1262 5.2161
      vertex 10.346 -26.1645 4.82779
    endloop
  endfacet
  facet normal 0.705446 0.3341 -0.625079
    outer loop
      vertex 10.0688 -25.7911 4.71453
      vertex 10.346 -26.1645 4.82779
      vertex 10.0688 -26.0584 4.57166
    endloop
  endfacet
  facet normal 0.980786 0.195086 0
    outer loop
      vertex 10.7904 -26.454 26
      vertex 10.7139 -26.0694 6
      vertex 10.7139 -26.0694 26
    endloop
  endfacet
  facet normal 0.980786 0.195086 0
    outer loop
      vertex 10.7139 -26.0694 6
      vertex 10.7904 -26.454 26
      vertex 10.7904 -26.454 6
    endloop
  endfacet
  facet normal 0.980611 0.195051 0.0188924
    outer loop
      vertex 10.7139 -26.0694 26
      vertex 10.7904 -26.4577 26.0382
      vertex 10.7904 -26.454 26
    endloop
  endfacet
  facet normal 0.980606 -0.151438 0.124413
    outer loop
      vertex 10.7904 -48.306 22.7315
      vertex 10.7139 -48.5779 23.0035
      vertex 10.7904 -48.3304 22.7018
    endloop
  endfacet
  facet normal 0.831372 -0.195758 -0.520095
    outer loop
      vertex 10.5638 -44.8372 5.8912
      vertex 10.346 -44.3496 5.35952
      vertex 10.5638 -44.2248 5.6607
    endloop
  endfacet
  facet normal 0.831372 -0.195758 -0.520095
    outer loop
      vertex 10.346 -44.3496 5.35952
      vertex 10.5638 -44.8372 5.8912
      vertex 10.346 -44.962 5.59002
    endloop
  endfacet
  facet normal 0.92319 -0.382475 0.0378524
    outer loop
      vertex 10.7139 -51.1439 17.3052
      vertex 10.5638 -51.488 17.4891
      vertex 10.5638 -51.5062 17.3052
    endloop
  endfacet
  facet normal 0.830284 0.430941 0.353438
    outer loop
      vertex 10.5638 -25.8661 26.5238
      vertex 10.346 -25.595 26.7049
      vertex 10.5638 -25.9833 26.6667
    endloop
  endfacet
  facet normal 0.830275 0.491609 0.26261
    outer loop
      vertex 10.346 -25.4778 26.4855
      vertex 10.346 -25.595 26.7049
      vertex 10.5638 -25.8661 26.5238
    endloop
  endfacet
  facet normal 0.830246 0.430865 -0.35362
    outer loop
      vertex 10.346 -25.595 5.2951
      vertex 10.5638 -25.9833 5.33334
      vertex 10.346 -25.7528 5.10283
    endloop
  endfacet
  facet normal 0.830234 0.262774 -0.49159
    outer loop
      vertex 10.346 -26.1645 4.82779
      vertex 10.5638 -26.1262 5.2161
      vertex 10.5638 -26.2892 5.12897
    endloop
  endfacet
  facet normal 0.830271 0.49158 -0.262678
    outer loop
      vertex 10.346 -25.4778 5.51446
      vertex 10.5638 -25.779 5.63921
      vertex 10.5638 -25.8661 5.47621
    endloop
  endfacet
  facet normal 0.830276 0.533311 -0.161929
    outer loop
      vertex 10.346 -25.4778 5.51446
      vertex 10.5638 -25.7253 5.81607
      vertex 10.5638 -25.779 5.63921
    endloop
  endfacet
  facet normal 0.830244 -0.353621 -0.430867
    outer loop
      vertex 10.346 -47.9477 7.4275
      vertex 10.5638 -47.2608 7.28343
      vertex 10.5638 -47.7666 7.69855
    endloop
  endfacet
  facet normal 0.830244 -0.353621 -0.430867
    outer loop
      vertex 10.5638 -47.2608 7.28343
      vertex 10.346 -47.9477 7.4275
      vertex 10.346 -47.4419 7.01238
    endloop
  endfacet
  facet normal 0.194204 -0.462402 -0.865141
    outer loop
      vertex 9.38057 -45.8048 5.26403
      vertex 9.38057 -46.1357 5.44089
      vertex 8.99603 -45.8341 5.19337
    endloop
  endfacet
  facet normal 0 -0.528063 -0.849205
    outer loop
      vertex 2.60397 -47.3109 6.03127
      vertex 8.99603 -46.7553 5.68578
      vertex 8.99603 -47.3109 6.03127
    endloop
  endfacet
  facet normal -0 -0.528063 -0.849205
    outer loop
      vertex 8.99603 -46.7553 5.68578
      vertex 2.60397 -47.3109 6.03127
      vertex 2.60397 -46.7553 5.68578
    endloop
  endfacet
  facet normal 0.194194 -0.462439 -0.865124
    outer loop
      vertex 8.99603 -46.1782 5.3773
      vertex 9.38057 -46.7128 5.74938
      vertex 8.99603 -46.7553 5.68578
    endloop
  endfacet
  facet normal 0.194173 -0.462452 -0.865121
    outer loop
      vertex 9.38057 -46.7128 5.74938
      vertex 8.99603 -46.1782 5.3773
      vertex 9.38057 -46.1357 5.44089
    endloop
  endfacet
  facet normal 0 -0.412664 -0.910883
    outer loop
      vertex 2.60397 -45.8341 5.19337
      vertex 8.99603 -45.2381 4.92336
      vertex 8.99603 -45.8341 5.19337
    endloop
  endfacet
  facet normal -0 -0.412664 -0.910883
    outer loop
      vertex 8.99603 -45.2381 4.92336
      vertex 2.60397 -45.8341 5.19337
      vertex 2.60397 -45.2381 4.92336
    endloop
  endfacet
  facet normal 0.382691 0 -0.923876
    outer loop
      vertex 9.38057 -40.6172 4.08612
      vertex 9.74279 -26.65 4.23616
      vertex 9.74279 -40.6172 4.23616
    endloop
  endfacet
  facet normal 0.382691 0 -0.923876
    outer loop
      vertex 9.74279 -26.65 4.23616
      vertex 9.38057 -40.6172 4.08612
      vertex 9.38057 -26.65 4.08612
    endloop
  endfacet
  facet normal -0.707107 0 -0.707107
    outer loop
      vertex 1.53121 -40.6172 4.45398
      vertex 1.25398 -26.65 4.73121
      vertex 1.53121 -26.65 4.45398
    endloop
  endfacet
  facet normal -0.707107 -0 -0.707107
    outer loop
      vertex 1.25398 -26.65 4.73121
      vertex 1.53121 -40.6172 4.45398
      vertex 1.25398 -40.6172 4.73121
    endloop
  endfacet
  facet normal -0.705393 0.069554 -0.705396
    outer loop
      vertex 1.53121 -26.65 4.45398
      vertex 1.29288 -26.6077 4.69648
      vertex 1.53121 -26.5999 4.45892
    endloop
  endfacet
  facet normal -0.705395 0.0695389 -0.705395
    outer loop
      vertex 1.29288 -26.6077 4.69648
      vertex 1.53121 -26.65 4.45398
      vertex 1.25398 -26.65 4.73121
    endloop
  endfacet
  facet normal 0 -0.162901 -0.986642
    outer loop
      vertex 2.60397 -42.9889 4.24107
      vertex 8.99603 -42.3435 4.13451
      vertex 8.99603 -42.9889 4.24107
    endloop
  endfacet
  facet normal -0 -0.162901 -0.986642
    outer loop
      vertex 8.99603 -42.3435 4.13451
      vertex 2.60397 -42.9889 4.24107
      vertex 2.60397 -42.3435 4.13451
    endloop
  endfacet
  facet normal 0 -0.0327333 -0.999464
    outer loop
      vertex 2.60397 -41.3039 4.03212
      vertex 8.99603 -40.6172 4.00963
      vertex 8.99603 -41.3039 4.03212
    endloop
  endfacet
  facet normal -0 -0.0327333 -0.999464
    outer loop
      vertex 8.99603 -40.6172 4.00963
      vertex 2.60397 -41.3039 4.03212
      vertex 2.60397 -40.6172 4.00963
    endloop
  endfacet
  facet normal -0.553695 -0.392593 -0.734365
    outer loop
      vertex 1.85721 -46.0523 5.56565
      vertex 1.53121 -45.9313 5.74676
      vertex 1.85721 -45.7474 5.40265
    endloop
  endfacet
  facet normal -0.381064 -0.815408 -0.435775
    outer loop
      vertex 2.21943 -51.0775 10.2682
      vertex 1.85721 -50.9389 10.3256
      vertex 1.85721 -50.7759 10.0206
    endloop
  endfacet
  facet normal 0.194007 -0.758354 -0.622302
    outer loop
      vertex 8.99603 -49.5748 7.99967
      vertex 9.38057 -49.7588 8.34378
      vertex 8.99603 -49.8223 8.30128
    endloop
  endfacet
  facet normal 0.382423 -0.751005 -0.538279
    outer loop
      vertex 9.38057 -50.5551 9.38159
      vertex 9.74279 -50.0493 8.93324
      vertex 9.74279 -50.4304 9.46495
    endloop
  endfacet
  facet normal 0.382601 -0.751012 -0.538142
    outer loop
      vertex 9.74279 -50.0493 8.93324
      vertex 9.38057 -50.5551 9.38159
      vertex 9.38057 -50.1741 8.84988
    endloop
  endfacet
  facet normal -0.705376 -0.547913 -0.449707
    outer loop
      vertex 1.53121 -49.2606 8.31387
      vertex 1.25398 -49.2224 8.70217
      vertex 1.25398 -49.0646 8.50991
    endloop
  endfacet
  facet normal -0.705392 -0.547952 -0.449635
    outer loop
      vertex 1.53121 -49.4529 8.54815
      vertex 1.25398 -49.6377 9.20828
      vertex 1.25398 -49.2224 8.70217
    endloop
  endfacet
  facet normal -0.705399 -0.547942 -0.449635
    outer loop
      vertex 1.25398 -49.6377 9.20828
      vertex 1.53121 -49.4529 8.54815
      vertex 1.53121 -49.8682 9.05425
    endloop
  endfacet
  facet normal -0.705382 -0.449682 -0.547925
    outer loop
      vertex 1.53121 -48.1017 7.19698
      vertex 1.25398 -47.4419 7.01238
      vertex 1.53121 -47.5959 6.78187
    endloop
  endfacet
  facet normal -0.705392 -0.449682 -0.547912
    outer loop
      vertex 1.25398 -47.4419 7.01238
      vertex 1.53121 -48.1017 7.19698
      vertex 1.25398 -47.9477 7.4275
    endloop
  endfacet
  facet normal 0.555311 -0.606996 -0.568494
    outer loop
      vertex 9.74279 -49.4146 8.15985
      vertex 10.0688 -48.8135 7.83649
      vertex 10.0688 -49.2606 8.31387
    endloop
  endfacet
  facet normal 0.555323 -0.606996 -0.568483
    outer loop
      vertex 10.0688 -48.8135 7.83649
      vertex 9.74279 -49.4146 8.15985
      vertex 9.74279 -48.9675 7.68246
    endloop
  endfacet
  facet normal 0.553677 -0.528268 -0.643719
    outer loop
      vertex 10.0688 -48.1017 7.19698
      vertex 9.74279 -48.49 7.23523
      vertex 9.74279 -48.2227 7.01587
    endloop
  endfacet
  facet normal 0.830169 -0.0548774 0.554805
    outer loop
      vertex 10.5638 -41.9552 26.8562
      vertex 10.346 -41.9552 27.1821
      vertex 10.5638 -42.1392 26.838
    endloop
  endfacet
  facet normal 0.381151 -0.815424 -0.435668
    outer loop
      vertex 9.74279 -50.7759 10.0206
      vertex 9.38057 -51.0775 10.2682
      vertex 9.38057 -50.9007 9.93729
    endloop
  endfacet
  facet normal 0.194181 -0.75833 -0.622277
    outer loop
      vertex 8.99603 -50.2377 8.80739
      vertex 9.38057 -49.7588 8.34378
      vertex 9.38057 -50.1741 8.84988
    endloop
  endfacet
  facet normal 0.194005 -0.75829 -0.622382
    outer loop
      vertex 9.38057 -49.7588 8.34378
      vertex 8.99603 -50.2377 8.80739
      vertex 8.99603 -49.8223 8.30128
    endloop
  endfacet
  facet normal 0.830284 -0.430807 -0.353601
    outer loop
      vertex 10.5638 -49.3667 9.38939
      vertex 10.346 -49.2224 8.70217
      vertex 10.5638 -48.9513 8.88329
    endloop
  endfacet
  facet normal 0.830221 -0.430925 -0.353605
    outer loop
      vertex 10.346 -49.2224 8.70217
      vertex 10.5638 -49.3667 9.38939
      vertex 10.346 -49.6377 9.20828
    endloop
  endfacet
  facet normal 0.553676 -0.643739 -0.528245
    outer loop
      vertex 9.74279 -50.0493 8.93324
      vertex 10.0688 -49.4529 8.54815
      vertex 10.0688 -49.8682 9.05425
    endloop
  endfacet
  facet normal 0.553676 -0.643739 -0.528245
    outer loop
      vertex 10.0688 -49.4529 8.54815
      vertex 9.74279 -50.0493 8.93324
      vertex 9.74279 -49.634 8.42714
    endloop
  endfacet
  facet normal 0.194196 -0.93875 -0.284668
    outer loop
      vertex 8.99603 -51.9572 12.0244
      vertex 9.38057 -51.9954 12.4127
      vertex 8.99603 -52.0704 12.3977
    endloop
  endfacet
  facet normal -0.830261 -0.430834 -0.353623
    outer loop
      vertex 1.25398 -49.2224 8.70217
      vertex 1.03616 -49.3667 9.38939
      vertex 1.03616 -48.9513 8.88329
    endloop
  endfacet
  facet normal -0.830197 -0.430952 -0.353628
    outer loop
      vertex 1.03616 -49.3667 9.38939
      vertex 1.25398 -49.2224 8.70217
      vertex 1.25398 -49.6377 9.20828
    endloop
  endfacet
  facet normal -0.553758 -0.734382 -0.392473
    outer loop
      vertex 1.85721 -50.7759 10.0206
      vertex 1.85721 -50.9389 10.3256
      vertex 1.53121 -50.5948 10.1417
    endloop
  endfacet
  facet normal -0.553756 -0.734389 -0.392463
    outer loop
      vertex 1.53121 -50.7377 10.4089
      vertex 1.85721 -51.2473 10.9025
      vertex 1.53121 -51.046 10.9858
    endloop
  endfacet
  facet normal -0.553595 -0.73443 -0.392613
    outer loop
      vertex 1.85721 -51.2473 10.9025
      vertex 1.53121 -50.7377 10.4089
      vertex 1.85721 -50.9389 10.3256
    endloop
  endfacet
  facet normal -0.830207 -0.533449 -0.161828
    outer loop
      vertex 1.25398 -51.3627 12.5385
      vertex 1.03616 -51.043 12.6021
      vertex 1.25398 -51.2905 12.3005
    endloop
  endfacet
  facet normal -0.923796 -0.382681 -0.012522
    outer loop
      vertex 1.03616 -51.5703 15.346
      vertex 0.886119 -51.2295 16
      vertex 0.886119 -51.2081 15.346
    endloop
  endfacet
  facet normal -0.923796 -0.382681 -0.012522
    outer loop
      vertex 0.886119 -51.2295 16
      vertex 1.03616 -51.5703 15.346
      vertex 1.03616 -51.5917 16
    endloop
  endfacet
  facet normal -0.194195 -0.938721 -0.284765
    outer loop
      vertex 2.21943 -51.9954 12.4127
      vertex 2.60397 -52.2603 13.0237
      vertex 2.21943 -52.1853 13.0387
    endloop
  endfacet
  facet normal -0.194195 -0.938721 -0.284765
    outer loop
      vertex 2.60397 -52.2603 13.0237
      vertex 2.21943 -51.9954 12.4127
      vertex 2.60397 -52.0704 12.3977
    endloop
  endfacet
  facet normal 0 -0.995196 -0.0979049
    outer loop
      vertex 2.60397 -52.5155 14.3065
      vertex 8.99603 -52.5537 14.6948
      vertex 2.60397 -52.5537 14.6948
    endloop
  endfacet
  facet normal 0 -0.995196 -0.0979049
    outer loop
      vertex 8.99603 -52.5537 14.6948
      vertex 2.60397 -52.5155 14.3065
      vertex 8.99603 -52.5155 14.3065
    endloop
  endfacet
  facet normal 0 -0.995175 0.0981116
    outer loop
      vertex 2.60397 -52.6179 16.654
      vertex 8.99603 -52.5537 17.3052
      vertex 2.60397 -52.5537 17.3052
    endloop
  endfacet
  facet normal 0 -0.995175 0.0981116
    outer loop
      vertex 8.99603 -52.5537 17.3052
      vertex 2.60397 -52.6179 16.654
      vertex 8.99603 -52.6179 16.654
    endloop
  endfacet
  facet normal 0.38121 -0.920055 0.0904286
    outer loop
      vertex 9.74279 -52.2933 17.6493
      vertex 9.38057 -52.4405 17.6786
      vertex 9.38057 -52.4772 17.3052
    endloop
  endfacet
  facet normal 0.194214 -0.976247 -0.0960407
    outer loop
      vertex 9.38057 -52.4772 14.6948
      vertex 8.99603 -52.5537 14.6948
      vertex 8.99603 -52.5155 14.3065
    endloop
  endfacet
  facet normal 0.923742 -0.38281 -0.0125262
    outer loop
      vertex 10.7139 -51.2295 16
      vertex 10.5638 -51.5703 15.346
      vertex 10.7139 -51.2081 15.346
    endloop
  endfacet
  facet normal 0.923742 -0.38281 -0.0125262
    outer loop
      vertex 10.5638 -51.5703 15.346
      vertex 10.7139 -51.2295 16
      vertex 10.5638 -51.5917 16
    endloop
  endfacet
  facet normal 0.555456 -0.820451 0.135386
    outer loop
      vertex 9.74279 -52.2933 17.6493
      vertex 10.0688 -51.9731 18.2522
      vertex 9.74279 -52.1868 18.2947
    endloop
  endfacet
  facet normal 0.555284 -0.820544 0.135528
    outer loop
      vertex 10.0688 -51.9731 18.2522
      vertex 9.74279 -52.2933 17.6493
      vertex 10.0688 -52.0797 17.6068
    endloop
  endfacet
  facet normal 0.382405 -0.911643 0.150575
    outer loop
      vertex 9.38057 -52.4405 17.6786
      vertex 9.74279 -52.1868 18.2947
      vertex 9.38057 -52.3339 18.324
    endloop
  endfacet
  facet normal 0.382618 -0.911579 0.150423
    outer loop
      vertex 9.74279 -52.1868 18.2947
      vertex 9.38057 -52.4405 17.6786
      vertex 9.74279 -52.2933 17.6493
    endloop
  endfacet
  facet normal 0.830231 -0.533415 0.161817
    outer loop
      vertex 10.5638 -51.043 19.3979
      vertex 10.346 -51.2905 19.6995
      vertex 10.346 -51.3627 19.4615
    endloop
  endfacet
  facet normal 0.705438 -0.678251 0.20575
    outer loop
      vertex 10.0688 -51.6346 19.5156
      vertex 10.346 -51.5526 18.8355
      vertex 10.346 -51.3627 19.4615
    endloop
  endfacet
  facet normal 0.705438 -0.678251 0.20575
    outer loop
      vertex 10.346 -51.5526 18.8355
      vertex 10.0688 -51.6346 19.5156
      vertex 10.0688 -51.8245 18.8896
    endloop
  endfacet
  facet normal 0.980757 -0.192624 0.0318155
    outer loop
      vertex 10.7139 -51.1328 17.4185
      vertex 10.7904 -50.6491 17.9888
      vertex 10.7139 -51.0262 18.0639
    endloop
  endfacet
  facet normal 0.980765 -0.192589 0.0317848
    outer loop
      vertex 10.7904 -50.6491 17.9888
      vertex 10.7139 -51.1328 17.4185
      vertex 10.7904 -50.7556 17.3435
    endloop
  endfacet
  facet normal 0.830312 -0.554611 0.0546768
    outer loop
      vertex 10.5638 -51.488 17.4891
      vertex 10.346 -51.8078 17.5527
      vertex 10.346 -51.8322 17.3052
    endloop
  endfacet
  facet normal 0.831336 -0.541256 0.126186
    outer loop
      vertex 10.346 -51.5526 18.8355
      vertex 10.5638 -51.3815 18.1345
      vertex 10.5638 -51.2329 18.7719
    endloop
  endfacet
  facet normal 0.831336 -0.541256 0.126186
    outer loop
      vertex 10.5638 -51.3815 18.1345
      vertex 10.346 -51.5526 18.8355
      vertex 10.346 -51.7012 18.1981
    endloop
  endfacet
  facet normal 0.705516 -0.624936 -0.334219
    outer loop
      vertex 10.0688 -50.5948 10.1417
      vertex 10.346 -50.4815 10.515
      vertex 10.0688 -50.7377 10.4089
    endloop
  endfacet
  facet normal 0.980596 -0.124368 -0.151536
    outer loop
      vertex 10.7139 -47.5653 7.99973
      vertex 10.7904 -46.8459 7.90434
      vertex 10.7904 -47.3517 8.31946
    endloop
  endfacet
  facet normal 0.980596 -0.124368 -0.151536
    outer loop
      vertex 10.7904 -46.8459 7.90434
      vertex 10.7139 -47.5653 7.99973
      vertex 10.7139 -47.0595 7.58461
    endloop
  endfacet
  facet normal 0.980766 -0.195082 -0.00641325
    outer loop
      vertex 10.7904 -50.845 16
      vertex 10.7139 -51.2081 15.346
      vertex 10.7904 -50.8235 15.346
    endloop
  endfacet
  facet normal 0.980756 -0.195131 -0.00638502
    outer loop
      vertex 10.7139 -51.2081 15.346
      vertex 10.7904 -50.845 16
      vertex 10.7139 -51.2295 16
    endloop
  endfacet
  facet normal 0.9806 0.151462 0.124433
    outer loop
      vertex 10.7904 -26.487 26.1089
      vertex 10.7139 -26.2395 26.4105
      vertex 10.7904 -26.5114 26.1386
    endloop
  endfacet
  facet normal 0.980606 -0.172894 -0.0923019
    outer loop
      vertex 10.7139 -49.7921 10.678
      vertex 10.7904 -49.4723 10.8917
      vertex 10.7139 -49.8457 10.7784
    endloop
  endfacet
  facet normal 0.980595 -0.172895 -0.0924126
    outer loop
      vertex 10.7904 -49.7988 11.5024
      vertex 10.7139 -49.8457 10.7784
      vertex 10.7904 -49.4905 10.9256
    endloop
  endfacet
  facet normal 0.980599 -0.172873 -0.0924145
    outer loop
      vertex 10.7139 -49.8457 10.7784
      vertex 10.7904 -49.7988 11.5024
      vertex 10.7139 -50.1541 11.3553
    endloop
  endfacet
  facet normal 0.555304 -0.77834 -0.292958
    outer loop
      vertex 9.74279 -51.7479 12.111
      vertex 10.0688 -51.3162 11.582
      vertex 10.0688 -51.5467 12.1944
    endloop
  endfacet
  facet normal 0.555243 -0.778363 -0.293014
    outer loop
      vertex 10.0688 -51.3162 11.582
      vertex 9.74279 -51.7479 12.111
      vertex 9.74279 -51.5174 11.4987
    endloop
  endfacet
  facet normal 0.923731 -0.348906 -0.158067
    outer loop
      vertex 10.7139 -50.4242 11.9515
      vertex 10.5638 -50.4887 11.2167
      vertex 10.7139 -50.1541 11.3553
    endloop
  endfacet
  facet normal 0.923731 -0.348906 -0.158067
    outer loop
      vertex 10.5638 -50.4887 11.2167
      vertex 10.7139 -50.4242 11.9515
      vertex 10.5638 -50.7588 11.8129
    endloop
  endfacet
  facet normal 0.92319 -0.382475 -0.0378524
    outer loop
      vertex 10.7139 -51.1439 14.6948
      vertex 10.5638 -51.5062 14.6948
      vertex 10.5638 -51.488 14.5109
    endloop
  endfacet
  facet normal 0.830244 -0.262718 -0.491603
    outer loop
      vertex 10.346 -45.5579 5.86002
      vertex 10.5638 -45.5962 6.24832
      vertex 10.346 -45.7773 5.97727
    endloop
  endfacet
  facet normal 0.555353 -0.135479 -0.820505
    outer loop
      vertex 9.74279 -42.2994 4.35669
      vertex 10.0688 -42.9022 4.67688
      vertex 9.74279 -42.9447 4.46324
    endloop
  endfacet
  facet normal 0.555336 -0.135494 -0.820514
    outer loop
      vertex 10.0688 -42.9022 4.67688
      vertex 9.74279 -42.2994 4.35669
      vertex 10.0688 -42.2569 4.57032
    endloop
  endfacet
  facet normal 0.980603 0.172892 -0.0923383
    outer loop
      vertex 10.7139 -26.1136 5.77783
      vertex 10.7904 -26.4689 5.92498
      vertex 10.7904 -26.487 5.89109
    endloop
  endfacet
  facet normal 0.980611 -0.195051 0.0188924
    outer loop
      vertex 10.7904 -50.8235 16.654
      vertex 10.7904 -50.8198 16.6922
      vertex 10.7139 -51.2081 16.654
    endloop
  endfacet
  facet normal 0.831389 -0.50617 -0.229313
    outer loop
      vertex 10.5638 -50.7588 11.8129
      vertex 10.346 -50.7899 11.0919
      vertex 10.5638 -50.4887 11.2167
    endloop
  endfacet
  facet normal 0.831389 -0.50617 -0.229313
    outer loop
      vertex 10.346 -50.7899 11.0919
      vertex 10.5638 -50.7588 11.8129
      vertex 10.346 -51.06 11.6881
    endloop
  endfacet
  facet normal 0.980761 -0.182699 -0.0687656
    outer loop
      vertex 10.7139 -50.6547 12.5639
      vertex 10.7904 -50.0689 12.0986
      vertex 10.7904 -50.2994 12.711
    endloop
  endfacet
  facet normal 0.980761 -0.182699 -0.0687656
    outer loop
      vertex 10.7904 -50.0689 12.0986
      vertex 10.7139 -50.6547 12.5639
      vertex 10.7139 -50.4242 11.9515
    endloop
  endfacet
  facet normal 0.830231 -0.533416 -0.161814
    outer loop
      vertex 10.5638 -51.2329 13.2281
      vertex 10.346 -51.3627 12.5385
      vertex 10.5638 -51.043 12.6021
    endloop
  endfacet
  facet normal 0.830231 -0.533416 -0.161814
    outer loop
      vertex 10.346 -51.3627 12.5385
      vertex 10.5638 -51.2329 13.2281
      vertex 10.346 -51.5526 13.1645
    endloop
  endfacet
  facet normal 0.553641 -0.796951 -0.241559
    outer loop
      vertex 10.0688 -51.5467 12.1944
      vertex 10.0688 -51.6346 12.4844
      vertex 9.74279 -51.7479 12.111
    endloop
  endfacet
  facet normal 0.382553 -0.841596 -0.381273
    outer loop
      vertex 9.38057 -51.656 11.4412
      vertex 9.74279 -51.2473 10.9025
      vertex 9.74279 -51.5174 11.4987
    endloop
  endfacet
  facet normal 0.382553 -0.841596 -0.381273
    outer loop
      vertex 9.74279 -51.2473 10.9025
      vertex 9.38057 -51.656 11.4412
      vertex 9.38057 -51.3859 10.845
    endloop
  endfacet
  facet normal 0.555375 -0.343171 -0.757491
    outer loop
      vertex 9.74279 -45.1514 5.13264
      vertex 10.0688 -45.664 5.60389
      vertex 9.74279 -45.7474 5.40265
    endloop
  endfacet
  facet normal 0.555318 -0.343224 -0.757509
    outer loop
      vertex 10.0688 -45.664 5.60389
      vertex 9.74279 -45.1514 5.13264
      vertex 10.0688 -45.0681 5.33389
    endloop
  endfacet
  facet normal 0.830244 -0.353575 -0.430905
    outer loop
      vertex 10.346 -47.9477 7.4275
      vertex 10.5638 -47.9095 7.8158
      vertex 10.346 -48.14 7.58529
    endloop
  endfacet
  facet normal 0 -0.881959 -0.471326
    outer loop
      vertex 2.60397 -51.1482 10.2389
      vertex 8.99603 -51.4565 10.8158
      vertex 2.60397 -51.4565 10.8158
    endloop
  endfacet
  facet normal 0 -0.881959 -0.471326
    outer loop
      vertex 8.99603 -51.4565 10.8158
      vertex 2.60397 -51.1482 10.2389
      vertex 8.99603 -51.1482 10.2389
    endloop
  endfacet
  facet normal 0.194294 -0.865196 -0.462261
    outer loop
      vertex 9.38057 -50.9007 9.93729
      vertex 9.38057 -51.0775 10.2682
      vertex 8.99603 -51.1482 10.2389
    endloop
  endfacet
  facet normal -0.194998 -0.832871 -0.517978
    outer loop
      vertex 2.21943 -50.5551 9.38159
      vertex 2.60397 -50.9643 9.89479
      vertex 2.21943 -50.9007 9.93729
    endloop
  endfacet
  facet normal -0.194985 -0.832869 -0.517986
    outer loop
      vertex 2.60397 -50.9643 9.89479
      vertex 2.21943 -50.5551 9.38159
      vertex 2.60397 -50.6187 9.3391
    endloop
  endfacet
  facet normal 0.194215 -0.62235 -0.758262
    outer loop
      vertex 9.38057 -48.3061 6.89112
      vertex 9.38057 -48.5961 7.12914
      vertex 8.99603 -48.6502 7.07505
    endloop
  endfacet
  facet normal 0.381119 -0.586547 -0.71464
    outer loop
      vertex 9.38057 -48.3061 6.89112
      vertex 9.74279 -48.49 7.23523
      vertex 9.38057 -48.5961 7.12914
    endloop
  endfacet
  facet normal 0.980596 0.19509 -0.0192919
    outer loop
      vertex 10.7139 -26.0806 5.88674
      vertex 10.7139 -26.0694 6
      vertex 10.7904 -26.4577 5.96176
    endloop
  endfacet
  facet normal 0.923184 -0.367806 0.111576
    outer loop
      vertex 10.5638 -51.043 19.3979
      vertex 10.7139 -50.8776 18.7012
      vertex 10.7139 -50.6877 19.3272
    endloop
  endfacet
  facet normal 0.923184 -0.367806 0.111576
    outer loop
      vertex 10.7139 -50.8776 18.7012
      vertex 10.5638 -51.043 19.3979
      vertex 10.5638 -51.2329 18.7719
    endloop
  endfacet
  facet normal 0.980606 -0.172894 0.0923019
    outer loop
      vertex 10.7904 -49.4723 21.1083
      vertex 10.7139 -49.7921 21.322
      vertex 10.7139 -49.8457 21.2216
    endloop
  endfacet
  facet normal 0.980601 -0.151538 0.12433
    outer loop
      vertex 10.7904 -48.3304 22.7018
      vertex 10.7139 -48.5779 23.0035
      vertex 10.7139 -48.6501 22.9155
    endloop
  endfacet
  facet normal 0.9806 0.0191514 -0.19508
    outer loop
      vertex 10.7139 -26.65 5.41943
      vertex 10.7904 -26.6117 5.80773
      vertex 10.7904 -26.65 5.80397
    endloop
  endfacet
  facet normal 0.923176 -0.338926 0.181315
    outer loop
      vertex 10.7139 -49.8457 21.2216
      vertex 10.5638 -50.0932 21.5232
      vertex 10.5638 -50.1804 21.3602
    endloop
  endfacet
  facet normal 0.923128 -0.339184 0.181079
    outer loop
      vertex 10.7139 -49.7921 21.322
      vertex 10.5638 -50.0932 21.5232
      vertex 10.7139 -49.8457 21.2216
    endloop
  endfacet
  facet normal 0.831317 -0.293503 0.471983
    outer loop
      vertex 10.346 -46.3544 25.7142
      vertex 10.5638 -46.7289 25.0977
      vertex 10.5638 -46.1733 25.4432
    endloop
  endfacet
  facet normal 0.831383 -0.29339 0.471938
    outer loop
      vertex 10.5638 -46.7289 25.0977
      vertex 10.346 -46.3544 25.7142
      vertex 10.346 -46.91 25.3688
    endloop
  endfacet
  facet normal 0.831344 -0.379899 0.40564
    outer loop
      vertex 10.346 -48.14 24.4147
      vertex 10.5638 -48.387 23.737
      vertex 10.5638 -47.9095 24.1842
    endloop
  endfacet
  facet normal 0.831344 -0.379899 0.40564
    outer loop
      vertex 10.5638 -48.387 23.737
      vertex 10.346 -48.14 24.4147
      vertex 10.346 -48.6175 23.9675
    endloop
  endfacet
  facet normal 0.923761 -0.261818 0.279495
    outer loop
      vertex 10.5638 -47.9095 24.1842
      vertex 10.7139 -48.1308 23.4808
      vertex 10.7139 -47.6533 23.9281
    endloop
  endfacet
  facet normal 0.923787 -0.261743 0.279477
    outer loop
      vertex 10.7139 -48.1308 23.4808
      vertex 10.5638 -47.9095 24.1842
      vertex 10.5638 -48.387 23.737
    endloop
  endfacet
  facet normal 0.92319 -0.243785 0.297134
    outer loop
      vertex 10.7139 -47.5653 24.0003
      vertex 10.5638 -47.7666 24.3015
      vertex 10.7139 -47.6533 23.9281
    endloop
  endfacet
  facet normal 0.980606 0.18749 -0.0570931
    outer loop
      vertex 10.7139 -26.1136 5.77783
      vertex 10.7904 -26.4577 5.96176
      vertex 10.7904 -26.4689 5.92498
    endloop
  endfacet
  facet normal 0.830233 -0.161766 0.533427
    outer loop
      vertex 10.346 -44.1116 26.7127
      vertex 10.5638 -43.4218 26.5829
      vertex 10.346 -43.4854 26.9026
    endloop
  endfacet
  facet normal 0.830233 -0.161766 0.533427
    outer loop
      vertex 10.5638 -43.4218 26.5829
      vertex 10.346 -44.1116 26.7127
      vertex 10.5638 -44.048 26.393
    endloop
  endfacet
  facet normal 0.705438 -0.205755 0.67825
    outer loop
      vertex 10.346 -44.1116 26.7127
      vertex 10.0688 -44.1657 26.9846
      vertex 10.346 -44.3496 26.6405
    endloop
  endfacet
  facet normal -0.923218 0.0376785 -0.382425
    outer loop
      vertex 1.03616 -26.65 5.05721
      vertex 0.910427 -26.6202 5.36368
      vertex 1.03616 -26.6161 5.06055
    endloop
  endfacet
  facet normal -0.923221 0.037638 -0.382422
    outer loop
      vertex 0.910427 -26.6202 5.36368
      vertex 1.03616 -26.65 5.05721
      vertex 0.886119 -26.65 5.41943
    endloop
  endfacet
  facet normal -0.923232 0.0377114 -0.382388
    outer loop
      vertex 0.886119 -26.65 5.41943
      vertex 0.886119 -26.621 5.42229
      vertex 0.910427 -26.6202 5.36368
    endloop
  endfacet
  facet normal 0.381105 0.884739 0.26832
    outer loop
      vertex 9.52811 -24.8737 26.4962
      vertex 9.44307 -24.9057 26.7225
      vertex 9.74279 -25.0204 26.675
    endloop
  endfacet
  facet normal 0.705435 0.705356 -0.0695297
    outer loop
      vertex 10.0688 -25.1337 5.69839
      vertex 10.346 -25.3812 6
      vertex 10.346 -25.4056 5.75247
    endloop
  endfacet
  facet normal 0.830232 0.554729 -0.0546818
    outer loop
      vertex 10.346 -25.4056 5.75247
      vertex 10.346 -25.3812 6
      vertex 10.5638 -25.7253 5.81607
    endloop
  endfacet
  facet normal 0.553804 0.796774 -0.241768
    outer loop
      vertex 9.74279 -24.92 5.65589
      vertex 10.0688 -25.1337 5.69839
      vertex 9.74279 -25.0204 5.32501
    endloop
  endfacet
  facet normal 0.705418 0.625161 -0.334006
    outer loop
      vertex 10.0688 -25.2217 5.40836
      vertex 10.346 -25.4778 5.51446
      vertex 10.0688 -25.3645 5.14108
    endloop
  endfacet
  facet normal 0.381128 0.88464 -0.268615
    outer loop
      vertex 9.74279 -24.92 5.65589
      vertex 9.52811 -24.8737 5.50377
      vertex 9.58035 -24.854 5.64277
    endloop
  endfacet
  facet normal 0.381034 0.884728 -0.268456
    outer loop
      vertex 9.52811 -24.8737 5.50377
      vertex 9.74279 -24.92 5.65589
      vertex 9.74279 -25.0204 5.32501
    endloop
  endfacet
  facet normal 0.38143 0.919955 -0.0905186
    outer loop
      vertex 9.74279 -24.8862 6
      vertex 9.599 -24.847 5.79249
      vertex 9.62485 -24.8373 6
    endloop
  endfacet
  facet normal 0.381242 0.920048 -0.0903711
    outer loop
      vertex 9.599 -24.847 5.79249
      vertex 9.74279 -24.8862 6
      vertex 9.74279 -24.92 5.65589
    endloop
  endfacet
  facet normal 0.381117 0.0906171 -0.920075
    outer loop
      vertex 9.38057 -26.65 4.08612
      vertex 9.74279 -26.3059 4.27005
      vertex 9.74279 -26.65 4.23616
    endloop
  endfacet
  facet normal 0.194147 0.284739 -0.938739
    outer loop
      vertex 8.99603 -26.2617 4.04788
      vertex 8.99603 -25.8883 4.16114
      vertex 9.38057 -26.2766 4.12289
    endloop
  endfacet
  facet normal 0.705423 0.334071 -0.62512
    outer loop
      vertex 10.0688 -25.7911 4.71453
      vertex 10.346 -25.9451 4.94504
      vertex 10.346 -26.1645 4.82779
    endloop
  endfacet
  facet normal 0.194196 0.622337 -0.758278
    outer loop
      vertex 8.99603 -25.2426 4.5926
      vertex 9.38057 -25.2967 4.64668
      vertex 9.38057 -25.5867 4.40867
    endloop
  endfacet
  facet normal 0.381098 0.43588 -0.815336
    outer loop
      vertex 9.38057 -25.9176 4.2318
      vertex 9.74279 -25.6701 4.53342
      vertex 9.74279 -25.975 4.37042
    endloop
  endfacet
  facet normal 0.705423 0.449629 -0.547917
    outer loop
      vertex 10.0688 -25.5568 4.9068
      vertex 10.346 -25.9451 4.94504
      vertex 10.0688 -25.7911 4.71453
    endloop
  endfacet
  facet normal 0.381012 0.714638 -0.586619
    outer loop
      vertex 9.38057 -25.0587 4.93671
      vertex 9.74279 -25.1834 5.02006
      vertex 9.74279 -25.4028 4.75278
    endloop
  endfacet
  facet normal -0.9806 -0.0566063 0.187668
    outer loop
      vertex 0.80963 -43.9391 25.6494
      vertex 0.886119 -44.0862 26.0047
      vertex 0.80963 -43.9023 25.6605
    endloop
  endfacet
  facet normal -0.98076 -0.0443295 0.190116
    outer loop
      vertex 0.886119 -43.3511 26.2276
      vertex 0.80963 -42.6388 25.9991
      vertex 0.80963 -43.2761 25.8505
    endloop
  endfacet
  facet normal -0.98076 -0.0443295 0.190116
    outer loop
      vertex 0.80963 -42.6388 25.9991
      vertex 0.886119 -43.3511 26.2276
      vertex 0.886119 -42.7138 26.3762
    endloop
  endfacet
  facet normal 0.381134 0.71466 0.586514
    outer loop
      vertex 9.38057 -25.0587 27.0633
      vertex 9.38057 -25.2967 27.3533
      vertex 9.74279 -25.4028 27.2472
    endloop
  endfacet
  facet normal 0.381134 0.586514 0.71466
    outer loop
      vertex 9.38057 -25.2967 27.3533
      vertex 9.38057 -25.5867 27.5913
      vertex 9.74279 -25.4028 27.2472
    endloop
  endfacet
  facet normal 0.382822 0 0.923822
    outer loop
      vertex 9.38057 -26.65 27.9139
      vertex 9.74279 -40.6172 27.7638
      vertex 9.74279 -26.65 27.7638
    endloop
  endfacet
  facet normal 0.382822 0 0.923822
    outer loop
      vertex 9.74279 -40.6172 27.7638
      vertex 9.38057 -26.65 27.9139
      vertex 9.38057 -40.6172 27.9139
    endloop
  endfacet
  facet normal 0.38106 0.435887 0.81535
    outer loop
      vertex 9.74279 -25.6701 27.4666
      vertex 9.38057 -25.9176 27.7682
      vertex 9.74279 -25.975 27.6296
    endloop
  endfacet
  facet normal 0.381059 0.435888 0.81535
    outer loop
      vertex 9.38057 -25.5867 27.5913
      vertex 9.38057 -25.9176 27.7682
      vertex 9.74279 -25.6701 27.4666
    endloop
  endfacet
  facet normal 0.705438 0.0695378 0.705352
    outer loop
      vertex 10.346 -26.4025 27.2444
      vertex 10.0688 -26.3484 27.5163
      vertex 10.346 -26.65 27.2688
    endloop
  endfacet
  facet normal 0.705438 0.205755 0.67825
    outer loop
      vertex 10.346 -26.1645 27.1722
      vertex 10.0688 -26.3484 27.5163
      vertex 10.346 -26.4025 27.2444
    endloop
  endfacet
  facet normal -0.194124 -0.284728 0.938747
    outer loop
      vertex 2.21943 -44.2374 27.3454
      vertex 2.60397 -43.6262 27.6103
      vertex 2.21943 -43.6113 27.5353
    endloop
  endfacet
  facet normal -0.194124 -0.284728 0.938747
    outer loop
      vertex 2.60397 -43.6262 27.6103
      vertex 2.21943 -44.2374 27.3454
      vertex 2.60397 -44.2523 27.4204
    endloop
  endfacet
  facet normal -0.555524 0 0.831501
    outer loop
      vertex 1.53121 -26.65 27.546
      vertex 1.85721 -40.6172 27.7638
      vertex 1.85721 -26.65 27.7638
    endloop
  endfacet
  facet normal -0.555524 0 0.831501
    outer loop
      vertex 1.85721 -40.6172 27.7638
      vertex 1.53121 -26.65 27.546
      vertex 1.53121 -40.6172 27.546
    endloop
  endfacet
  facet normal -0.830158 -0.0546073 0.554848
    outer loop
      vertex 1.25398 -41.9552 27.1821
      vertex 1.03616 -41.3039 26.9203
      vertex 1.03616 -41.9552 26.8562
    endloop
  endfacet
  facet normal -0.830233 -0.0546807 0.554728
    outer loop
      vertex 1.03616 -41.3039 26.9203
      vertex 1.25398 -41.9552 27.1821
      vertex 1.25398 -41.3039 27.2463
    endloop
  endfacet
  facet normal -0.705489 -0.0694324 0.705311
    outer loop
      vertex 1.53121 -42.2569 27.4297
      vertex 1.53121 -41.9552 27.4594
      vertex 1.25398 -41.9552 27.1821
    endloop
  endfacet
  facet normal -0.707069 0 0.707145
    outer loop
      vertex 1.25398 -26.65 27.2688
      vertex 1.53121 -40.6172 27.546
      vertex 1.53121 -26.65 27.546
    endloop
  endfacet
  facet normal -0.707069 0 0.707145
    outer loop
      vertex 1.53121 -40.6172 27.546
      vertex 1.25398 -26.65 27.2688
      vertex 1.25398 -40.6172 27.2688
    endloop
  endfacet
  facet normal -0.195115 0 0.98078
    outer loop
      vertex 2.21943 -26.65 27.9139
      vertex 2.60397 -40.6172 27.9904
      vertex 2.60397 -26.65 27.9904
    endloop
  endfacet
  facet normal -0.195115 0 0.98078
    outer loop
      vertex 2.60397 -40.6172 27.9904
      vertex 2.21943 -26.65 27.9139
      vertex 2.21943 -40.6172 27.9139
    endloop
  endfacet
  facet normal -0.382647 -0.0302555 0.923399
    outer loop
      vertex 1.85721 -40.6172 27.7638
      vertex 2.21943 -41.3039 27.8914
      vertex 2.21943 -40.6172 27.9139
    endloop
  endfacet
  facet normal -0.38243 -0.0301241 0.923493
    outer loop
      vertex 2.21943 -41.3039 27.8914
      vertex 1.85721 -40.6172 27.7638
      vertex 1.85721 -41.3039 27.7414
    endloop
  endfacet
  facet normal -0.38103 -0.090621 0.920111
    outer loop
      vertex 1.85721 -42.2994 27.6433
      vertex 2.21943 -41.9552 27.8272
      vertex 1.85721 -41.9552 27.6772
    endloop
  endfacet
  facet normal -0.194128 -0.0959539 0.976272
    outer loop
      vertex 2.21943 -42.3286 27.7905
      vertex 2.60397 -42.3435 27.8655
      vertex 2.21943 -41.9552 27.8272
    endloop
  endfacet
  facet normal -0.381036 0.0911212 0.920059
    outer loop
      vertex 2.12026 -26.5558 27.8635
      vertex 2.21943 -26.65 27.9139
      vertex 2.21943 -26.546 27.9036
    endloop
  endfacet
  facet normal -0.923784 -0.134886 0.358369
    outer loop
      vertex 0.886119 -44.6986 25.7742
      vertex 1.03616 -44.2248 26.3393
      vertex 0.886119 -44.0862 26.0047
    endloop
  endfacet
  facet normal -0.923784 -0.134886 0.358369
    outer loop
      vertex 1.03616 -44.2248 26.3393
      vertex 0.886119 -44.6986 25.7742
      vertex 1.03616 -44.8372 26.1088
    endloop
  endfacet
  facet normal -0.980596 0.0195066 0.195066
    outer loop
      vertex 0.831677 -26.6228 26.3042
      vertex 0.886119 -26.65 26.5806
      vertex 0.886119 -26.621 26.5777
    endloop
  endfacet
  facet normal -0.923249 -0.037689 0.382349
    outer loop
      vertex 1.03616 -41.9552 26.8562
      vertex 0.886119 -41.3039 26.5581
      vertex 0.886119 -41.9552 26.4939
    endloop
  endfacet
  facet normal -0.923213 -0.0376392 0.38244
    outer loop
      vertex 0.886119 -41.3039 26.5581
      vertex 1.03616 -41.9552 26.8562
      vertex 1.03616 -41.3039 26.9203
    endloop
  endfacet
  facet normal -0.980617 -0.0188405 0.195025
    outer loop
      vertex 0.80963 -41.3422 26.1698
      vertex 0.886119 -41.3039 26.5581
      vertex 0.80963 -41.3039 26.1735
    endloop
  endfacet
  facet normal -0.923181 -0.339071 0.181018
    outer loop
      vertex 0.886119 -49.8457 21.2216
      vertex 1.03616 -50.0932 21.5232
      vertex 0.886119 -49.7921 21.322
    endloop
  endfacet
  facet normal -0.923784 -0.358369 -0.134886
    outer loop
      vertex 1.03616 -50.9893 12.4253
      vertex 0.886119 -50.4242 11.9515
      vertex 1.03616 -50.7588 11.8129
    endloop
  endfacet
  facet normal -0.923784 -0.358369 -0.134886
    outer loop
      vertex 0.886119 -50.4242 11.9515
      vertex 1.03616 -50.9893 12.4253
      vertex 0.886119 -50.6547 12.5639
    endloop
  endfacet
  facet normal -0.55383 -0.392433 0.734349
    outer loop
      vertex 1.53121 -46.5084 25.9448
      vertex 1.85721 -46.0523 26.4344
      vertex 1.53121 -45.9313 26.2532
    endloop
  endfacet
  facet normal -0.553679 -0.39258 0.734385
    outer loop
      vertex 1.85721 -46.0523 26.4344
      vertex 1.53121 -46.5084 25.9448
      vertex 1.85721 -46.6294 26.1259
    endloop
  endfacet
  facet normal -0.381058 -0.435867 0.815361
    outer loop
      vertex 1.85721 -46.6294 26.1259
      vertex 2.21943 -46.1357 26.5591
      vertex 1.85721 -46.0523 26.4344
    endloop
  endfacet
  facet normal -0.381058 -0.435867 0.815361
    outer loop
      vertex 2.21943 -46.1357 26.5591
      vertex 1.85721 -46.6294 26.1259
      vertex 2.21943 -46.7128 26.2506
    endloop
  endfacet
  facet normal 0 -0.528074 0.849198
    outer loop
      vertex 2.60397 -46.7553 26.3142
      vertex 8.99603 -47.3109 25.9687
      vertex 8.99603 -46.7553 26.3142
    endloop
  endfacet
  facet normal 0 -0.528074 0.849198
    outer loop
      vertex 8.99603 -47.3109 25.9687
      vertex 2.60397 -46.7553 26.3142
      vertex 2.60397 -47.3109 25.9687
    endloop
  endfacet
  facet normal -0.194999 -0.571243 0.797281
    outer loop
      vertex 2.21943 -47.8003 25.524
      vertex 2.60397 -47.3109 25.9687
      vertex 2.21943 -47.2684 25.9051
    endloop
  endfacet
  facet normal -0.194999 -0.571243 0.797281
    outer loop
      vertex 2.60397 -47.3109 25.9687
      vertex 2.21943 -47.8003 25.524
      vertex 2.60397 -47.8428 25.5876
    endloop
  endfacet
  facet normal -0.831295 -0.323729 0.451828
    outer loop
      vertex 1.25398 -47.4419 24.9876
      vertex 1.03616 -46.7289 25.0977
      vertex 1.03616 -47.2608 24.7166
    endloop
  endfacet
  facet normal -0.831358 -0.32373 0.451711
    outer loop
      vertex 1.03616 -46.7289 25.0977
      vertex 1.25398 -47.4419 24.9876
      vertex 1.25398 -46.91 25.3688
    endloop
  endfacet
  facet normal -0.830191 -0.353662 0.430937
    outer loop
      vertex 1.25398 -47.9477 24.5725
      vertex 1.03616 -47.2608 24.7166
      vertex 1.03616 -47.7666 24.3015
    endloop
  endfacet
  facet normal -0.830191 -0.353662 0.430937
    outer loop
      vertex 1.03616 -47.2608 24.7166
      vertex 1.25398 -47.9477 24.5725
      vertex 1.25398 -47.4419 24.9876
    endloop
  endfacet
  facet normal 0.553822 -0.392555 0.73429
    outer loop
      vertex 10.0688 -45.664 26.3961
      vertex 9.74279 -45.7474 26.5974
      vertex 10.0688 -45.9313 26.2532
    endloop
  endfacet
  facet normal -0.382553 -0.381262 0.841601
    outer loop
      vertex 1.85721 -45.7474 26.5974
      vertex 2.21943 -45.2089 27.006
      vertex 1.85721 -45.1514 26.8674
    endloop
  endfacet
  facet normal -0.382463 -0.381331 0.841611
    outer loop
      vertex 2.21943 -45.2089 27.006
      vertex 1.85721 -45.7474 26.5974
      vertex 2.21943 -45.8048 26.736
    endloop
  endfacet
  facet normal -0.381014 -0.268446 0.88474
    outer loop
      vertex 1.85721 -44.2082 27.1982
      vertex 2.21943 -43.6113 27.5353
      vertex 1.85721 -43.582 27.3882
    endloop
  endfacet
  facet normal -0.381162 -0.268338 0.884709
    outer loop
      vertex 2.21943 -43.6113 27.5353
      vertex 1.85721 -44.2082 27.1982
      vertex 2.21943 -44.2374 27.3454
    endloop
  endfacet
  facet normal 0 -0.162961 0.986633
    outer loop
      vertex 2.60397 -42.3435 27.8655
      vertex 8.99603 -42.9889 27.7589
      vertex 8.99603 -42.3435 27.8655
    endloop
  endfacet
  facet normal 0 -0.162961 0.986633
    outer loop
      vertex 8.99603 -42.9889 27.7589
      vertex 2.60397 -42.3435 27.8655
      vertex 2.60397 -42.9889 27.7589
    endloop
  endfacet
  facet normal -0.555468 -0.188826 0.809815
    outer loop
      vertex 1.53121 -43.5395 27.1745
      vertex 1.85721 -42.9447 27.5368
      vertex 1.53121 -42.9022 27.3231
    endloop
  endfacet
  facet normal -0.555468 -0.188826 0.809815
    outer loop
      vertex 1.85721 -42.9447 27.5368
      vertex 1.53121 -43.5395 27.1745
      vertex 1.85721 -43.582 27.3882
    endloop
  endfacet
  facet normal -0.553655 -0.24163 0.79692
    outer loop
      vertex 1.85721 -44.539 27.0979
      vertex 1.85721 -44.2082 27.1982
      vertex 1.53121 -44.1657 26.9846
    endloop
  endfacet
  facet normal -0.98076 -0.190117 -0.0443229
    outer loop
      vertex 0.886119 -50.8776 13.2988
      vertex 0.80963 -50.6491 14.0112
      vertex 0.80963 -50.5005 13.3738
    endloop
  endfacet
  facet normal -0.980763 -0.190105 -0.044327
    outer loop
      vertex 0.80963 -50.6491 14.0112
      vertex 0.886119 -50.8776 13.2988
      vertex 0.886119 -51.0262 13.9361
    endloop
  endfacet
  facet normal -0.923796 -0.223012 -0.311233
    outer loop
      vertex 1.03616 -47.2608 7.28343
      vertex 0.886119 -46.5277 7.20348
      vertex 1.03616 -46.7289 6.9023
    endloop
  endfacet
  facet normal -0.923818 -0.22301 -0.311171
    outer loop
      vertex 0.886119 -46.5277 7.20348
      vertex 1.03616 -47.2608 7.28343
      vertex 0.886119 -47.0595 7.58461
    endloop
  endfacet
  facet normal -0.980767 -0.0687561 0.182673
    outer loop
      vertex 0.80963 -44.5515 25.4189
      vertex 0.886119 -44.0862 26.0047
      vertex 0.80963 -43.9391 25.6494
    endloop
  endfacet
  facet normal -0.980767 -0.0687561 0.182673
    outer loop
      vertex 0.886119 -44.0862 26.0047
      vertex 0.80963 -44.5515 25.4189
      vertex 0.886119 -44.6986 25.7742
    endloop
  endfacet
  facet normal -0.923797 -0.202186 -0.325146
    outer loop
      vertex 1.03616 -46.1733 6.55681
      vertex 0.886119 -46.5277 7.20348
      vertex 0.886119 -45.9721 6.85799
    endloop
  endfacet
  facet normal -0.923797 -0.202186 -0.325146
    outer loop
      vertex 0.886119 -46.5277 7.20348
      vertex 1.03616 -46.1733 6.55681
      vertex 1.03616 -46.7289 6.9023
    endloop
  endfacet
  facet normal -0.923206 -0.367719 0.111688
    outer loop
      vertex 1.03616 -51.043 19.3979
      vertex 1.03616 -50.9893 19.5747
      vertex 0.886119 -50.6547 19.4361
    endloop
  endfacet
  facet normal -0.98077 -0.192563 0.0317804
    outer loop
      vertex 0.886119 -51.1328 17.4185
      vertex 0.80963 -50.6491 17.9888
      vertex 0.80963 -50.7556 17.3435
    endloop
  endfacet
  facet normal -0.980762 -0.192597 0.0318111
    outer loop
      vertex 0.80963 -50.6491 17.9888
      vertex 0.886119 -51.1328 17.4185
      vertex 0.886119 -51.0262 18.0639
    endloop
  endfacet
  facet normal -0.923784 -0.358369 0.134886
    outer loop
      vertex 1.03616 -50.9893 19.5747
      vertex 0.886119 -50.4242 20.0485
      vertex 0.886119 -50.6547 19.4361
    endloop
  endfacet
  facet normal -0.923784 -0.358369 0.134886
    outer loop
      vertex 0.886119 -50.4242 20.0485
      vertex 1.03616 -50.9893 19.5747
      vertex 1.03616 -50.7588 20.1871
    endloop
  endfacet
  facet normal -0.923234 -0.338858 0.181147
    outer loop
      vertex 0.886119 -50.1541 20.6447
      vertex 1.03616 -50.1804 21.3602
      vertex 0.886119 -49.8457 21.2216
    endloop
  endfacet
  facet normal -0.923202 -0.33895 0.181137
    outer loop
      vertex 1.03616 -50.1804 21.3602
      vertex 0.886119 -50.1541 20.6447
      vertex 1.03616 -50.4887 20.7833
    endloop
  endfacet
  facet normal 0.381118 -0.090591 -0.920078
    outer loop
      vertex 9.74279 -41.9552 4.3228
      vertex 9.74279 -42.2994 4.35669
      vertex 9.38057 -41.9552 4.17276
    endloop
  endfacet
  facet normal 0.553694 -0.0816241 -0.82871
    outer loop
      vertex 9.74279 -41.9552 4.3228
      vertex 10.0688 -41.3039 4.47647
      vertex 10.0688 -41.9552 4.54062
    endloop
  endfacet
  facet normal 0.553694 -0.0816241 -0.82871
    outer loop
      vertex 10.0688 -41.3039 4.47647
      vertex 9.74279 -41.9552 4.3228
      vertex 9.74279 -41.3039 4.25865
    endloop
  endfacet
  facet normal 0.555547 0 -0.831485
    outer loop
      vertex 9.74279 -40.6172 4.23616
      vertex 10.0688 -26.65 4.45398
      vertex 10.0688 -40.6172 4.45398
    endloop
  endfacet
  facet normal 0.555547 0 -0.831485
    outer loop
      vertex 10.0688 -26.65 4.45398
      vertex 9.74279 -40.6172 4.23616
      vertex 9.74279 -26.65 4.23616
    endloop
  endfacet
  facet normal 0.923756 -0.0623922 -0.377866
    outer loop
      vertex 10.7139 -42.7138 5.62378
      vertex 10.5638 -42.1392 5.16196
      vertex 10.7139 -42.0685 5.51723
    endloop
  endfacet
  facet normal 0.923756 -0.0623922 -0.377866
    outer loop
      vertex 10.5638 -42.1392 5.16196
      vertex 10.7139 -42.7138 5.62378
      vertex 10.5638 -42.7845 5.26851
    endloop
  endfacet
  facet normal 0.831359 -0.0905357 -0.548312
    outer loop
      vertex 10.5638 -42.7845 5.26851
      vertex 10.346 -42.2028 4.84223
      vertex 10.5638 -42.1392 5.16196
    endloop
  endfacet
  facet normal 0.831359 -0.0905357 -0.548312
    outer loop
      vertex 10.346 -42.2028 4.84223
      vertex 10.5638 -42.7845 5.26851
      vertex 10.346 -42.8481 4.94878
    endloop
  endfacet
  facet normal 0.555324 -0.292942 -0.778332
    outer loop
      vertex 9.74279 -44.539 4.90215
      vertex 10.0688 -45.0681 5.33389
      vertex 9.74279 -45.1514 5.13264
    endloop
  endfacet
  facet normal 0.555308 -0.292957 -0.778338
    outer loop
      vertex 10.0688 -45.0681 5.33389
      vertex 9.74279 -44.539 4.90215
      vertex 10.0688 -44.4557 5.10339
    endloop
  endfacet
  facet normal -0.705389 -0.334156 -0.625113
    outer loop
      vertex 1.53121 -45.9313 5.74676
      vertex 1.25398 -46.3544 6.28576
      vertex 1.25398 -45.7773 5.97727
    endloop
  endfacet
  facet normal -0.705399 -0.334142 -0.625108
    outer loop
      vertex 1.25398 -46.3544 6.28576
      vertex 1.53121 -45.9313 5.74676
      vertex 1.53121 -46.5084 6.05524
    endloop
  endfacet
  facet normal -0.194194 -0.462439 -0.865124
    outer loop
      vertex 2.21943 -46.7128 5.74938
      vertex 2.60397 -46.1782 5.3773
      vertex 2.60397 -46.7553 5.68578
    endloop
  endfacet
  facet normal -0.194173 -0.462452 -0.865121
    outer loop
      vertex 2.60397 -46.1782 5.3773
      vertex 2.21943 -46.7128 5.74938
      vertex 2.21943 -46.1357 5.44089
    endloop
  endfacet
  facet normal -0.705385 -0.334089 -0.625153
    outer loop
      vertex 1.53121 -45.9313 5.74676
      vertex 1.25398 -45.7773 5.97727
      vertex 1.25398 -45.5579 5.86002
    endloop
  endfacet
  facet normal -0.831327 -0.293489 -0.471975
    outer loop
      vertex 1.25398 -46.3544 6.28576
      vertex 1.03616 -46.7289 6.9023
      vertex 1.03616 -46.1733 6.55681
    endloop
  endfacet
  facet normal -0.831327 -0.293489 -0.471975
    outer loop
      vertex 1.03616 -46.7289 6.9023
      vertex 1.25398 -46.3544 6.28576
      vertex 1.25398 -46.91 6.63125
    endloop
  endfacet
  facet normal 0.830231 -0.161817 0.533415
    outer loop
      vertex 10.5638 -44.048 26.393
      vertex 10.346 -44.1116 26.7127
      vertex 10.346 -44.3496 26.6405
    endloop
  endfacet
  facet normal 0.83029 -0.161974 0.533276
    outer loop
      vertex 10.5638 -44.048 26.393
      vertex 10.346 -44.3496 26.6405
      vertex 10.5638 -44.2248 26.3393
    endloop
  endfacet
  facet normal 0.92373 -0.0624307 0.377922
    outer loop
      vertex 10.5638 -42.1392 26.838
      vertex 10.7139 -42.7138 26.3762
      vertex 10.7139 -42.0685 26.4828
    endloop
  endfacet
  facet normal 0.923766 -0.0623594 0.377845
    outer loop
      vertex 10.7139 -42.7138 26.3762
      vertex 10.5638 -42.1392 26.838
      vertex 10.5638 -42.7845 26.7315
    endloop
  endfacet
  facet normal 0.831412 -0.0904812 0.54824
    outer loop
      vertex 10.346 -42.2028 27.1578
      vertex 10.5638 -42.7845 26.7315
      vertex 10.5638 -42.1392 26.838
    endloop
  endfacet
  facet normal 0.831336 -0.0905825 0.548339
    outer loop
      vertex 10.5638 -42.7845 26.7315
      vertex 10.346 -42.2028 27.1578
      vertex 10.346 -42.8481 27.0512
    endloop
  endfacet
  facet normal 0.705395 -0.0695323 0.705395
    outer loop
      vertex 10.0688 -41.3039 27.5235
      vertex 10.346 -41.9552 27.1821
      vertex 10.346 -41.3039 27.2463
    endloop
  endfacet
  facet normal 0.705528 -0.069412 0.705274
    outer loop
      vertex 10.346 -41.9552 27.1821
      vertex 10.0688 -41.3039 27.5235
      vertex 10.0688 -41.9552 27.4594
    endloop
  endfacet
  facet normal 0.55366 -0.0815826 0.828737
    outer loop
      vertex 10.0688 -41.9552 27.4594
      vertex 9.74279 -41.9552 27.6772
      vertex 10.0688 -42.2569 27.4297
    endloop
  endfacet
  facet normal 0.705441 -0.205689 0.678266
    outer loop
      vertex 10.0688 -44.1657 26.9846
      vertex 10.346 -43.4854 26.9026
      vertex 10.0688 -43.5395 27.1745
    endloop
  endfacet
  facet normal 0.705441 -0.205689 0.678266
    outer loop
      vertex 10.346 -43.4854 26.9026
      vertex 10.0688 -44.1657 26.9846
      vertex 10.346 -44.1116 26.7127
    endloop
  endfacet
  facet normal 0.831501 -0 0.555524
    outer loop
      vertex 10.346 -40.6172 27.2688
      vertex 10.5638 -26.65 26.9428
      vertex 10.346 -26.65 27.2688
    endloop
  endfacet
  facet normal 0.831501 0 0.555524
    outer loop
      vertex 10.5638 -26.65 26.9428
      vertex 10.346 -40.6172 27.2688
      vertex 10.5638 -40.6172 26.9428
    endloop
  endfacet
  facet normal 0.553838 -0.0815517 0.828621
    outer loop
      vertex 9.74279 -41.3039 27.7414
      vertex 10.0688 -41.9552 27.4594
      vertex 10.0688 -41.3039 27.5235
    endloop
  endfacet
  facet normal 0.553656 -0.0816896 0.828729
    outer loop
      vertex 10.0688 -41.9552 27.4594
      vertex 9.74279 -41.3039 27.7414
      vertex 9.74279 -41.9552 27.6772
    endloop
  endfacet
  facet normal 0.381188 -0.0904294 0.920064
    outer loop
      vertex 9.74279 -42.2994 27.6433
      vertex 9.38057 -41.9552 27.8272
      vertex 9.38057 -42.3286 27.7905
    endloop
  endfacet
  facet normal 0.194128 -0.0959539 0.976272
    outer loop
      vertex 9.38057 -41.9552 27.8272
      vertex 8.99603 -42.3435 27.8655
      vertex 9.38057 -42.3286 27.7905
    endloop
  endfacet
  facet normal 0.83028 -0.491553 0.2627
    outer loop
      vertex 10.5638 -50.0932 21.5232
      vertex 10.346 -50.3643 21.7043
      vertex 10.346 -50.4815 21.485
    endloop
  endfacet
  facet normal 0.706899 -0.483499 0.516258
    outer loop
      vertex 10.0688 -48.336 24.6107
      vertex 10.346 -48.6175 23.9675
      vertex 10.346 -48.14 24.4147
    endloop
  endfacet
  facet normal 0.706899 -0.483499 0.516258
    outer loop
      vertex 10.346 -48.6175 23.9675
      vertex 10.0688 -48.336 24.6107
      vertex 10.0688 -48.8135 24.1635
    endloop
  endfacet
  facet normal 0.381258 -0.586369 0.714712
    outer loop
      vertex 9.74279 -48.2227 24.9841
      vertex 9.38057 -48.3061 25.1089
      vertex 9.74279 -48.49 24.7648
    endloop
  endfacet
  facet normal 0 -0.68357 0.729885
    outer loop
      vertex 2.60397 -48.6502 24.9249
      vertex 8.99603 -49.1277 24.4777
      vertex 8.99603 -48.6502 24.9249
    endloop
  endfacet
  facet normal 0 -0.68357 0.729885
    outer loop
      vertex 8.99603 -49.1277 24.4777
      vertex 2.60397 -48.6502 24.9249
      vertex 2.60397 -49.1277 24.4777
    endloop
  endfacet
  facet normal 0.194044 -0.62234 0.758314
    outer loop
      vertex 9.38057 -48.5961 24.8709
      vertex 9.38057 -48.3061 25.1089
      vertex 8.99603 -48.6502 24.9249
    endloop
  endfacet
  facet normal -0.381253 -0.586479 0.714625
    outer loop
      vertex 1.85721 -48.2227 24.9841
      vertex 2.21943 -47.8003 25.524
      vertex 1.85721 -47.7169 25.3992
    endloop
  endfacet
  facet normal -0.381253 -0.586479 0.714625
    outer loop
      vertex 2.21943 -47.8003 25.524
      vertex 1.85721 -48.2227 24.9841
      vertex 2.21943 -48.3061 25.1089
    endloop
  endfacet
  facet normal -0.555425 -0.675883 0.484444
    outer loop
      vertex 1.53121 -49.8682 22.9457
      vertex 1.85721 -50.4304 22.5351
      vertex 1.85721 -50.0493 23.0668
    endloop
  endfacet
  facet normal -0.555425 -0.675883 0.484444
    outer loop
      vertex 1.85721 -50.4304 22.5351
      vertex 1.53121 -49.8682 22.9457
      vertex 1.53121 -50.2493 22.414
    endloop
  endfacet
  facet normal 0.194237 -0.758156 0.622472
    outer loop
      vertex 9.38057 -49.5207 23.9462
      vertex 8.99603 -49.5748 24.0003
      vertex 9.38057 -49.7588 23.6562
    endloop
  endfacet
  facet normal 0.555243 -0.778363 0.293014
    outer loop
      vertex 9.74279 -51.7479 19.889
      vertex 10.0688 -51.3162 20.418
      vertex 9.74279 -51.5174 20.5013
    endloop
  endfacet
  facet normal 0.555304 -0.77834 0.292958
    outer loop
      vertex 10.0688 -51.3162 20.418
      vertex 9.74279 -51.7479 19.889
      vertex 10.0688 -51.5467 19.8056
    endloop
  endfacet
  facet normal 0.381058 -0.815326 0.435934
    outer loop
      vertex 9.38057 -51.3859 21.155
      vertex 9.74279 -50.9389 21.6744
      vertex 9.38057 -51.0775 21.7318
    endloop
  endfacet
  facet normal 0.381163 -0.815319 0.435855
    outer loop
      vertex 9.74279 -50.9389 21.6744
      vertex 9.38057 -51.3859 21.155
      vertex 9.74279 -51.2473 21.0975
    endloop
  endfacet
  facet normal 0.923163 -0.297135 0.243885
    outer loop
      vertex 10.5638 -48.9513 23.1167
      vertex 10.7139 -49.0655 22.4094
      vertex 10.7139 -48.6501 22.9155
    endloop
  endfacet
  facet normal 0.923163 -0.297135 0.243885
    outer loop
      vertex 10.7139 -49.0655 22.4094
      vertex 10.5638 -48.9513 23.1167
      vertex 10.5638 -49.3667 22.6106
    endloop
  endfacet
  facet normal 0.705378 -0.547957 0.44965
    outer loop
      vertex 10.346 -49.0646 23.4901
      vertex 10.0688 -49.2606 23.6861
      vertex 10.346 -49.2224 23.2978
    endloop
  endfacet
  facet normal 0.555288 -0.60696 0.568556
    outer loop
      vertex 9.74279 -49.4146 23.8402
      vertex 10.0688 -48.8135 24.1635
      vertex 9.74279 -48.9675 24.3175
    endloop
  endfacet
  facet normal 0.555407 -0.606961 0.568438
    outer loop
      vertex 10.0688 -48.8135 24.1635
      vertex 9.74279 -49.4146 23.8402
      vertex 10.0688 -49.2606 23.6861
    endloop
  endfacet
  facet normal 0.553753 -0.643651 0.528272
    outer loop
      vertex 10.0688 -49.2606 23.6861
      vertex 9.74279 -49.4146 23.8402
      vertex 10.0688 -49.4529 23.4518
    endloop
  endfacet
  facet normal 0.830212 -0.353686 0.430876
    outer loop
      vertex 10.5638 -47.7666 24.3015
      vertex 10.346 -47.9477 24.5725
      vertex 10.5638 -47.9095 24.1842
    endloop
  endfacet
  facet normal 0.830214 -0.353639 0.43091
    outer loop
      vertex 10.346 -47.9477 24.5725
      vertex 10.5638 -47.2608 24.7166
      vertex 10.346 -47.4419 24.9876
    endloop
  endfacet
  facet normal 0.830214 -0.353639 0.43091
    outer loop
      vertex 10.5638 -47.2608 24.7166
      vertex 10.346 -47.9477 24.5725
      vertex 10.5638 -47.7666 24.3015
    endloop
  endfacet
  facet normal 0.195003 -0.917935 0.3455
    outer loop
      vertex 8.99603 -51.9572 19.9756
      vertex 9.38057 -51.656 20.5588
      vertex 8.99603 -51.7267 20.588
    endloop
  endfacet
  facet normal 0.195003 -0.917935 0.3455
    outer loop
      vertex 9.38057 -51.656 20.5588
      vertex 8.99603 -51.9572 19.9756
      vertex 9.38057 -51.8865 19.9464
    endloop
  endfacet
  facet normal 0.553813 -0.796822 0.241592
    outer loop
      vertex 9.74279 -52.0381 18.9321
      vertex 10.0688 -51.6346 19.5156
      vertex 9.74279 -51.8483 19.5581
    endloop
  endfacet
  facet normal 0.553638 -0.796898 0.241743
    outer loop
      vertex 10.0688 -51.6346 19.5156
      vertex 9.74279 -52.0381 18.9321
      vertex 10.0688 -51.8245 18.8896
    endloop
  endfacet
  facet normal 0.553805 -0.796778 0.241754
    outer loop
      vertex 10.0688 -51.6346 19.5156
      vertex 9.74279 -51.7479 19.889
      vertex 9.74279 -51.8483 19.5581
    endloop
  endfacet
  facet normal -0.83132 -0.379924 0.405665
    outer loop
      vertex 1.03616 -48.387 23.737
      vertex 1.25398 -48.14 24.4147
      vertex 1.03616 -47.9095 24.1842
    endloop
  endfacet
  facet normal -0.83132 -0.379924 0.405665
    outer loop
      vertex 1.25398 -48.14 24.4147
      vertex 1.03616 -48.387 23.737
      vertex 1.25398 -48.6175 23.9675
    endloop
  endfacet
  facet normal -0.70534 -0.449674 0.547986
    outer loop
      vertex 1.25398 -48.14 24.4147
      vertex 1.53121 -48.336 24.6107
      vertex 1.25398 -47.9477 24.5725
    endloop
  endfacet
  facet normal -0.705375 -0.547961 0.44965
    outer loop
      vertex 1.25398 -49.6377 22.7917
      vertex 1.53121 -49.4529 23.4518
      vertex 1.25398 -49.2224 23.2978
    endloop
  endfacet
  facet normal -0.705375 -0.547961 0.44965
    outer loop
      vertex 1.53121 -49.4529 23.4518
      vertex 1.25398 -49.6377 22.7917
      vertex 1.53121 -49.8682 22.9457
    endloop
  endfacet
  facet normal -0.381059 -0.435888 0.81535
    outer loop
      vertex 2.21943 -46.1357 26.5591
      vertex 2.21943 -45.8048 26.736
      vertex 1.85721 -46.0523 26.4344
    endloop
  endfacet
  facet normal -0.194072 -0.462496 0.865121
    outer loop
      vertex 2.21943 -46.1357 26.5591
      vertex 2.60397 -45.8341 26.8066
      vertex 2.21943 -45.8048 26.736
    endloop
  endfacet
  facet normal -0.980771 -0.195055 0.00641236
    outer loop
      vertex 0.80963 -50.845 16
      vertex 0.886119 -51.2081 16.654
      vertex 0.80963 -50.8235 16.654
    endloop
  endfacet
  facet normal -0.980762 -0.195104 0.00638414
    outer loop
      vertex 0.886119 -51.2081 16.654
      vertex 0.80963 -50.845 16
      vertex 0.886119 -51.2295 16
    endloop
  endfacet
  facet normal -0.980762 -0.192597 -0.0318111
    outer loop
      vertex 0.886119 -51.1328 14.5815
      vertex 0.80963 -50.6491 14.0112
      vertex 0.886119 -51.0262 13.9361
    endloop
  endfacet
  facet normal -0.98077 -0.192563 -0.0317804
    outer loop
      vertex 0.80963 -50.6491 14.0112
      vertex 0.886119 -51.1328 14.5815
      vertex 0.80963 -50.7556 14.6565
    endloop
  endfacet
  facet normal -0.705362 -0.705438 -0.0694389
    outer loop
      vertex 1.25398 -51.8322 14.6948
      vertex 1.53121 -52.1735 15.346
      vertex 1.25398 -51.8963 15.346
    endloop
  endfacet
  facet normal -0.705362 -0.705438 -0.0694389
    outer loop
      vertex 1.53121 -52.1735 15.346
      vertex 1.25398 -51.8322 14.6948
      vertex 1.53121 -52.1094 14.6948
    endloop
  endfacet
  facet normal -0.382408 -0.899831 -0.209923
    outer loop
      vertex 1.85721 -52.0381 13.0679
      vertex 2.21943 -52.3339 13.676
      vertex 1.85721 -52.1868 13.7053
    endloop
  endfacet
  facet normal -0.382572 -0.899789 -0.209805
    outer loop
      vertex 2.21943 -52.3339 13.676
      vertex 1.85721 -52.0381 13.0679
      vertex 2.21943 -52.1853 13.0387
    endloop
  endfacet
  facet normal -0.382645 -0.923396 0.0303563
    outer loop
      vertex 1.85721 -52.4128 16
      vertex 2.21943 -52.5414 16.654
      vertex 1.85721 -52.3913 16.654
    endloop
  endfacet
  facet normal -0.382429 -0.92349 0.0302182
    outer loop
      vertex 2.21943 -52.5414 16.654
      vertex 1.85721 -52.4128 16
      vertex 2.21943 -52.5628 16
    endloop
  endfacet
  facet normal -0.706879 -0.706956 -0.0231328
    outer loop
      vertex 1.25398 -51.8963 15.346
      vertex 1.53121 -52.1949 16
      vertex 1.25398 -51.9177 16
    endloop
  endfacet
  facet normal -0.706879 -0.706956 -0.0231328
    outer loop
      vertex 1.53121 -52.1949 16
      vertex 1.25398 -51.8963 15.346
      vertex 1.53121 -52.1735 15.346
    endloop
  endfacet
  facet normal -0.381032 -0.920115 0.0905703
    outer loop
      vertex 1.85721 -52.3913 16.654
      vertex 2.21943 -52.4772 17.3052
      vertex 1.85721 -52.3272 17.3052
    endloop
  endfacet
  facet normal -0.381244 -0.920014 0.0907017
    outer loop
      vertex 2.21943 -52.4772 17.3052
      vertex 1.85721 -52.3913 16.654
      vertex 2.21943 -52.5414 16.654
    endloop
  endfacet
  facet normal -0.194128 -0.976272 0.0959539
    outer loop
      vertex 2.21943 -52.4772 17.3052
      vertex 2.60397 -52.5155 17.6935
      vertex 2.21943 -52.4405 17.6786
    endloop
  endfacet
  facet normal -0.194195 -0.938721 0.284765
    outer loop
      vertex 2.21943 -51.9954 19.5873
      vertex 2.60397 -52.2603 18.9763
      vertex 2.60397 -52.0704 19.6023
    endloop
  endfacet
  facet normal -0.194195 -0.938721 0.284765
    outer loop
      vertex 2.60397 -52.2603 18.9763
      vertex 2.21943 -51.9954 19.5873
      vertex 2.21943 -52.1853 18.9613
    endloop
  endfacet
  facet normal -0.38121 -0.920055 0.0904286
    outer loop
      vertex 2.21943 -52.4772 17.3052
      vertex 2.21943 -52.4405 17.6786
      vertex 1.85721 -52.2933 17.6493
    endloop
  endfacet
  facet normal 0 -0.973884 0.227046
    outer loop
      vertex 2.60397 -52.4089 18.3389
      vertex 8.99603 -52.2603 18.9763
      vertex 2.60397 -52.2603 18.9763
    endloop
  endfacet
  facet normal 0 -0.973884 0.227046
    outer loop
      vertex 8.99603 -52.2603 18.9763
      vertex 2.60397 -52.4089 18.3389
      vertex 8.99603 -52.4089 18.3389
    endloop
  endfacet
  facet normal -0.381003 -0.714581 0.586695
    outer loop
      vertex 2.21943 -49.7588 23.6562
      vertex 2.21943 -49.5207 23.9462
      vertex 1.85721 -49.4146 23.8402
    endloop
  endfacet
  facet normal -0.706894 -0.574948 0.41199
    outer loop
      vertex 1.25398 -50.0187 22.26
      vertex 1.53121 -49.8682 22.9457
      vertex 1.25398 -49.6377 22.7917
    endloop
  endfacet
  facet normal -0.706996 -0.574814 0.412002
    outer loop
      vertex 1.53121 -49.8682 22.9457
      vertex 1.25398 -50.0187 22.26
      vertex 1.53121 -50.2493 22.414
    endloop
  endfacet
  facet normal -0.555411 -0.757469 0.343161
    outer loop
      vertex 1.53121 -51.046 21.0142
      vertex 1.85721 -51.5174 20.5013
      vertex 1.85721 -51.2473 21.0975
    endloop
  endfacet
  facet normal -0.555248 -0.75752 0.343311
    outer loop
      vertex 1.85721 -51.5174 20.5013
      vertex 1.53121 -51.046 21.0142
      vertex 1.53121 -51.3162 20.418
    endloop
  endfacet
  facet normal -0.923231 -0.181093 -0.338895
    outer loop
      vertex 1.03616 -45.5962 6.24832
      vertex 0.886119 -45.3949 6.5495
      vertex 0.886119 -45.2945 6.49585
    endloop
  endfacet
  facet normal -0.705411 -0.0694772 -0.705385
    outer loop
      vertex 1.53121 -41.9552 4.54062
      vertex 1.25398 -41.3039 4.75371
      vertex 1.53121 -41.3039 4.47647
    endloop
  endfacet
  facet normal -0.705399 -0.0694676 -0.705399
    outer loop
      vertex 1.25398 -41.3039 4.75371
      vertex 1.53121 -41.9552 4.54062
      vertex 1.25398 -41.9552 4.81785
    endloop
  endfacet
  facet normal -0.830237 -0.0545988 -0.554731
    outer loop
      vertex 1.25398 -41.9552 4.81785
      vertex 1.03616 -42.1392 5.16196
      vertex 1.03616 -41.9552 5.14385
    endloop
  endfacet
  facet normal -0.555365 -0.135478 -0.820497
    outer loop
      vertex 1.53121 -42.9022 4.67688
      vertex 1.85721 -42.2994 4.35669
      vertex 1.85721 -42.9447 4.46324
    endloop
  endfacet
  facet normal -0.555347 -0.135492 -0.820507
    outer loop
      vertex 1.85721 -42.2994 4.35669
      vertex 1.53121 -42.9022 4.67688
      vertex 1.53121 -42.2569 4.57032
    endloop
  endfacet
  facet normal -0.923221 -0.0376395 -0.382422
    outer loop
      vertex 1.03616 -42.1392 5.16196
      vertex 0.886119 -41.9552 5.50607
      vertex 1.03616 -41.9552 5.14385
    endloop
  endfacet
  facet normal -0.923809 -0.0623712 -0.37774
    outer loop
      vertex 1.03616 -42.1392 5.16196
      vertex 0.886119 -42.7138 5.62378
      vertex 0.886119 -42.0685 5.51723
    endloop
  endfacet
  facet normal -0.923809 -0.0623712 -0.37774
    outer loop
      vertex 0.886119 -42.7138 5.62378
      vertex 1.03616 -42.1392 5.16196
      vertex 1.03616 -42.7845 5.26851
    endloop
  endfacet
  facet normal -0.831335 -0.0905414 -0.548347
    outer loop
      vertex 1.25398 -42.2028 4.84223
      vertex 1.03616 -42.7845 5.26851
      vertex 1.03616 -42.1392 5.16196
    endloop
  endfacet
  facet normal -0.831335 -0.0905414 -0.548347
    outer loop
      vertex 1.03616 -42.7845 5.26851
      vertex 1.25398 -42.2028 4.84223
      vertex 1.25398 -42.8481 4.94878
    endloop
  endfacet
  facet normal -0.194977 -0.222722 -0.955185
    outer loop
      vertex 2.21943 -43.6113 4.46469
      vertex 2.60397 -42.9889 4.24107
      vertex 2.60397 -43.6262 4.38967
    endloop
  endfacet
  facet normal -0.195033 -0.222686 -0.955182
    outer loop
      vertex 2.60397 -42.9889 4.24107
      vertex 2.21943 -43.6113 4.46469
      vertex 2.21943 -42.9739 4.31609
    endloop
  endfacet
  facet normal 0 -0.352262 -0.935901
    outer loop
      vertex 2.60397 -45.2381 4.92336
      vertex 8.99603 -44.6257 4.69286
      vertex 8.99603 -45.2381 4.92336
    endloop
  endfacet
  facet normal -0 -0.352262 -0.935901
    outer loop
      vertex 8.99603 -44.6257 4.69286
      vertex 2.60397 -45.2381 4.92336
      vertex 2.60397 -44.6257 4.69286
    endloop
  endfacet
  facet normal 0.194181 -0.0961341 -0.976244
    outer loop
      vertex 9.38057 -41.9552 4.17276
      vertex 9.38057 -42.3286 4.20953
      vertex 8.99603 -42.3435 4.13451
    endloop
  endfacet
  facet normal -0.19421 -0.976227 -0.0962435
    outer loop
      vertex 2.21943 -52.4772 14.6948
      vertex 2.60397 -52.6179 15.346
      vertex 2.21943 -52.5414 15.346
    endloop
  endfacet
  facet normal -0.19421 -0.976227 -0.0962435
    outer loop
      vertex 2.60397 -52.6179 15.346
      vertex 2.21943 -52.4772 14.6948
      vertex 2.60397 -52.5537 14.6948
    endloop
  endfacet
  facet normal -0.195015 -0.980276 -0.0320763
    outer loop
      vertex 2.21943 -52.5414 15.346
      vertex 2.60397 -52.6393 16
      vertex 2.21943 -52.5628 16
    endloop
  endfacet
  facet normal -0.195015 -0.980276 -0.0320763
    outer loop
      vertex 2.60397 -52.6393 16
      vertex 2.21943 -52.5414 15.346
      vertex 2.60397 -52.6179 15.346
    endloop
  endfacet
  facet normal -0.195015 -0.980276 0.0320763
    outer loop
      vertex 2.21943 -52.5628 16
      vertex 2.60397 -52.6179 16.654
      vertex 2.21943 -52.5414 16.654
    endloop
  endfacet
  facet normal -0.195015 -0.980276 0.0320763
    outer loop
      vertex 2.60397 -52.6179 16.654
      vertex 2.21943 -52.5628 16
      vertex 2.60397 -52.6393 16
    endloop
  endfacet
  facet normal -0.194211 -0.938743 -0.284681
    outer loop
      vertex 2.60397 -51.9572 12.0244
      vertex 2.21943 -51.9954 12.4127
      vertex 2.21943 -51.8865 12.0536
    endloop
  endfacet
  facet normal -0.980604 -0.0568884 -0.187561
    outer loop
      vertex 0.886119 -43.9773 5.96231
      vertex 0.80963 -43.2761 6.14953
      vertex 0.886119 -43.3511 5.77238
    endloop
  endfacet
  facet normal -0.980604 -0.0568884 -0.187561
    outer loop
      vertex 0.80963 -43.2761 6.14953
      vertex 0.886119 -43.9773 5.96231
      vertex 0.80963 -43.9023 6.33946
    endloop
  endfacet
  facet normal -0.980601 -0.151513 -0.124357
    outer loop
      vertex 0.886119 -48.6501 9.08453
      vertex 0.80963 -48.7458 9.80427
      vertex 0.80963 -48.3304 9.29816
    endloop
  endfacet
  facet normal -0.980602 -0.15151 -0.124357
    outer loop
      vertex 0.80963 -48.7458 9.80427
      vertex 0.886119 -48.6501 9.08453
      vertex 0.886119 -49.0655 9.59063
    endloop
  endfacet
  facet normal -0.830212 -0.262767 -0.491632
    outer loop
      vertex 1.25398 -45.5579 5.86002
      vertex 1.03616 -45.5962 6.24832
      vertex 1.03616 -45.4332 6.1612
    endloop
  endfacet
  facet normal -0.980604 -0.124357 -0.151494
    outer loop
      vertex 0.886119 -47.6533 8.07193
      vertex 0.80963 -47.3814 8.34384
      vertex 0.80963 -47.3517 8.31946
    endloop
  endfacet
  facet normal -0.923822 -0.261696 -0.279408
    outer loop
      vertex 1.03616 -47.9095 7.8158
      vertex 0.886119 -48.1308 8.51916
      vertex 0.886119 -47.6533 8.07193
    endloop
  endfacet
  facet normal -0.923822 -0.261696 -0.279408
    outer loop
      vertex 0.886119 -48.1308 8.51916
      vertex 1.03616 -47.9095 7.8158
      vertex 1.03616 -48.387 8.26303
    endloop
  endfacet
  facet normal 0.980611 -0.195051 -0.0188924
    outer loop
      vertex 10.7904 -50.8235 15.346
      vertex 10.7139 -51.2081 15.346
      vertex 10.7904 -50.8198 15.3078
    endloop
  endfacet
  facet normal 0.980602 -0.195076 -0.0191116
    outer loop
      vertex 10.7904 -50.7556 14.6565
      vertex 10.7139 -51.1439 14.6948
      vertex 10.7139 -51.1328 14.5815
    endloop
  endfacet
  facet normal 0.923168 0.0376806 -0.382546
    outer loop
      vertex 10.5638 -26.4661 5.07532
      vertex 10.7139 -26.5367 5.43059
      vertex 10.7139 -26.65 5.41943
    endloop
  endfacet
  facet normal 0.923149 0.339069 0.181184
    outer loop
      vertex 10.5638 -25.779 26.3608
      vertex 10.5638 -25.8661 26.5238
      vertex 10.7139 -26.1136 26.2222
    endloop
  endfacet
  facet normal 0.92315 0.367864 0.111669
    outer loop
      vertex 10.5638 -25.7253 26.1839
      vertex 10.5638 -25.779 26.3608
      vertex 10.7139 -26.1136 26.2222
    endloop
  endfacet
  facet normal 0.830259 0.0546249 -0.554695
    outer loop
      vertex 10.346 -26.65 4.73121
      vertex 10.5638 -26.4661 5.07532
      vertex 10.5638 -26.65 5.05721
    endloop
  endfacet
  facet normal 0.92375 -0.0125367 -0.382792
    outer loop
      vertex 10.5638 -41.3039 5.0797
      vertex 10.7139 -40.6172 5.41943
      vertex 10.7139 -41.3039 5.44192
    endloop
  endfacet
  facet normal 0.92375 -0.0125367 -0.382792
    outer loop
      vertex 10.7139 -40.6172 5.41943
      vertex 10.5638 -41.3039 5.0797
      vertex 10.5638 -40.6172 5.05721
    endloop
  endfacet
  facet normal 0.705438 0.205755 -0.67825
    outer loop
      vertex 10.0688 -26.3484 4.48369
      vertex 10.346 -26.1645 4.82779
      vertex 10.346 -26.4025 4.75559
    endloop
  endfacet
  facet normal 0.830254 0.161808 -0.533382
    outer loop
      vertex 10.346 -26.1645 4.82779
      vertex 10.5638 -26.4661 5.07532
      vertex 10.346 -26.4025 4.75559
    endloop
  endfacet
  facet normal 0.98076 -0.00639006 -0.195111
    outer loop
      vertex 10.7139 -41.3039 5.44192
      vertex 10.7904 -40.6172 5.80397
      vertex 10.7904 -41.3039 5.82646
    endloop
  endfacet
  facet normal 0.98076 -0.00639006 -0.195111
    outer loop
      vertex 10.7904 -40.6172 5.80397
      vertex 10.7139 -41.3039 5.44192
      vertex 10.7139 -40.6172 5.41943
    endloop
  endfacet
  facet normal 0.980758 -0.068772 -0.182716
    outer loop
      vertex 10.7904 -44.5515 6.58111
      vertex 10.7139 -44.0862 5.99535
      vertex 10.7904 -43.9391 6.35061
    endloop
  endfacet
  facet normal 0.980758 -0.068772 -0.182716
    outer loop
      vertex 10.7139 -44.0862 5.99535
      vertex 10.7904 -44.5515 6.58111
      vertex 10.7139 -44.6986 6.22585
    endloop
  endfacet
  facet normal 0.923185 0.36784 -0.111456
    outer loop
      vertex 10.5638 -25.7253 5.81607
      vertex 10.7139 -26.0806 5.88674
      vertex 10.7139 -26.1136 5.77783
    endloop
  endfacet
  facet normal 0.923187 0.382486 -0.0378231
    outer loop
      vertex 10.5638 -25.7253 5.81607
      vertex 10.7139 -26.0694 6
      vertex 10.7139 -26.0806 5.88674
    endloop
  endfacet
  facet normal 0.553823 0.796759 0.241775
    outer loop
      vertex 10.0688 -25.1337 26.3016
      vertex 9.74279 -25.0204 26.675
      vertex 10.0688 -25.2217 26.5916
    endloop
  endfacet
  facet normal 0.705438 0.67825 0.205755
    outer loop
      vertex 10.0688 -25.1337 26.3016
      vertex 10.346 -25.4778 26.4855
      vertex 10.346 -25.4056 26.2475
    endloop
  endfacet
  facet normal 0.980601 0.0923798 -0.172878
    outer loop
      vertex 10.7139 -26.3274 5.51727
      vertex 10.7904 -26.5411 5.837
      vertex 10.7139 -26.4278 5.46362
    endloop
  endfacet
  facet normal 0.980603 0.0570241 -0.187526
    outer loop
      vertex 10.7139 -26.4278 5.46362
      vertex 10.7904 -26.575 5.81889
      vertex 10.7904 -26.6117 5.80773
    endloop
  endfacet
  facet normal 0.830286 0.430902 -0.35348
    outer loop
      vertex 10.346 -25.595 5.2951
      vertex 10.5638 -25.8661 5.47621
      vertex 10.5638 -25.9833 5.33334
    endloop
  endfacet
  facet normal 0.980598 0.124377 -0.151518
    outer loop
      vertex 10.7139 -26.2395 5.58948
      vertex 10.7904 -26.5114 5.86138
      vertex 10.7904 -26.5411 5.837
    endloop
  endfacet
  facet normal 0.980599 -0.0568963 -0.187587
    outer loop
      vertex 10.7139 -43.9773 5.96231
      vertex 10.7904 -43.2761 6.14953
      vertex 10.7904 -43.9023 6.33946
    endloop
  endfacet
  facet normal 0.980599 -0.0568963 -0.187587
    outer loop
      vertex 10.7904 -43.2761 6.14953
      vertex 10.7139 -43.9773 5.96231
      vertex 10.7139 -43.3511 5.77238
    endloop
  endfacet
  facet normal 0.706964 -0.291888 -0.644208
    outer loop
      vertex 10.0688 -45.664 5.60389
      vertex 10.346 -44.962 5.59002
      vertex 10.346 -45.5579 5.86002
    endloop
  endfacet
  facet normal 0.706964 -0.291888 -0.644208
    outer loop
      vertex 10.346 -44.962 5.59002
      vertex 10.0688 -45.664 5.60389
      vertex 10.0688 -45.0681 5.33389
    endloop
  endfacet
  facet normal 0 -0.471413 -0.881913
    outer loop
      vertex 2.60397 -46.7553 5.68578
      vertex 8.99603 -46.1782 5.3773
      vertex 8.99603 -46.7553 5.68578
    endloop
  endfacet
  facet normal -0 -0.471413 -0.881913
    outer loop
      vertex 8.99603 -46.1782 5.3773
      vertex 2.60397 -46.7553 5.68578
      vertex 2.60397 -46.1782 5.3773
    endloop
  endfacet
  facet normal 0 -0.471406 -0.881916
    outer loop
      vertex 2.60397 -46.1782 5.3773
      vertex 8.99603 -45.8341 5.19337
      vertex 8.99603 -46.1782 5.3773
    endloop
  endfacet
  facet normal -0 -0.471406 -0.881916
    outer loop
      vertex 8.99603 -45.8341 5.19337
      vertex 2.60397 -46.1782 5.3773
      vertex 2.60397 -45.8341 5.19337
    endloop
  endfacet
  facet normal -0.194161 0.096123 -0.976249
    outer loop
      vertex 2.21943 -26.65 4.08612
      vertex 2.21943 -26.546 4.09636
      vertex 2.33353 -26.5348 4.07477
    endloop
  endfacet
  facet normal 0.382516 -0.0302439 -0.923454
    outer loop
      vertex 9.38057 -41.3039 4.10861
      vertex 9.74279 -40.6172 4.23616
      vertex 9.74279 -41.3039 4.25865
    endloop
  endfacet
  facet normal 0.382516 -0.0302439 -0.923454
    outer loop
      vertex 9.74279 -40.6172 4.23616
      vertex 9.38057 -41.3039 4.10861
      vertex 9.38057 -40.6172 4.08612
    endloop
  endfacet
  facet normal -0.382691 0 -0.923876
    outer loop
      vertex 1.85721 -40.6172 4.23616
      vertex 2.21943 -26.65 4.08612
      vertex 2.21943 -40.6172 4.08612
    endloop
  endfacet
  facet normal -0.382691 0 -0.923876
    outer loop
      vertex 2.21943 -26.65 4.08612
      vertex 1.85721 -40.6172 4.23616
      vertex 1.85721 -26.65 4.23616
    endloop
  endfacet
  facet normal 0.194156 0.0961346 -0.976249
    outer loop
      vertex 8.99603 -26.2617 4.04788
      vertex 9.38057 -26.2766 4.12289
      vertex 9.38057 -26.65 4.08612
    endloop
  endfacet
  facet normal -0.555559 0 -0.831477
    outer loop
      vertex 1.53121 -40.6172 4.45398
      vertex 1.85721 -26.65 4.23616
      vertex 1.85721 -40.6172 4.23616
    endloop
  endfacet
  facet normal -0.555559 0 -0.831477
    outer loop
      vertex 1.85721 -26.65 4.23616
      vertex 1.53121 -40.6172 4.45398
      vertex 1.53121 -26.65 4.45398
    endloop
  endfacet
  facet normal 0.194187 -0.0961551 -0.976241
    outer loop
      vertex 8.99603 -41.9552 4.09627
      vertex 9.38057 -41.3039 4.10861
      vertex 9.38057 -41.9552 4.17276
    endloop
  endfacet
  facet normal 0.194187 -0.0961551 -0.976241
    outer loop
      vertex 9.38057 -41.3039 4.10861
      vertex 8.99603 -41.9552 4.09627
      vertex 8.99603 -41.3039 4.03212
    endloop
  endfacet
  facet normal -0.381195 -0.714591 -0.586558
    outer loop
      vertex 2.21943 -49.7588 8.34378
      vertex 1.85721 -49.634 8.42714
      vertex 1.85721 -49.4146 8.15985
    endloop
  endfacet
  facet normal -0.555323 -0.60699 -0.568489
    outer loop
      vertex 1.53121 -48.8135 7.83649
      vertex 1.85721 -49.4146 8.15985
      vertex 1.53121 -49.2606 8.31387
    endloop
  endfacet
  facet normal -0.555335 -0.60699 -0.568477
    outer loop
      vertex 1.85721 -49.4146 8.15985
      vertex 1.53121 -48.8135 7.83649
      vertex 1.85721 -48.9675 7.68246
    endloop
  endfacet
  facet normal 0.194221 -0.758179 -0.622449
    outer loop
      vertex 9.38057 -49.5207 8.05376
      vertex 9.38057 -49.7588 8.34378
      vertex 8.99603 -49.5748 7.99967
    endloop
  endfacet
  facet normal -0.83022 -0.353598 -0.430933
    outer loop
      vertex 1.25398 -48.14 7.58529
      vertex 1.03616 -47.9095 7.8158
      vertex 1.25398 -47.9477 7.4275
    endloop
  endfacet
  facet normal -0.194007 -0.758354 -0.622302
    outer loop
      vertex 2.60397 -49.8223 8.30128
      vertex 2.21943 -49.7588 8.34378
      vertex 2.60397 -49.5748 7.99967
    endloop
  endfacet
  facet normal -0.553689 -0.528263 -0.643713
    outer loop
      vertex 1.85721 -48.2227 7.01587
      vertex 1.85721 -48.49 7.23523
      vertex 1.53121 -48.1017 7.19698
    endloop
  endfacet
  facet normal -0.706898 -0.483517 -0.516243
    outer loop
      vertex 1.53121 -48.336 7.38925
      vertex 1.25398 -48.6175 8.03252
      vertex 1.25398 -48.14 7.58529
    endloop
  endfacet
  facet normal -0.706889 -0.483529 -0.516244
    outer loop
      vertex 1.25398 -48.6175 8.03252
      vertex 1.53121 -48.336 7.38925
      vertex 1.53121 -48.8135 7.83649
    endloop
  endfacet
  facet normal -0.382518 -0.631606 -0.674355
    outer loop
      vertex 1.85721 -48.9675 7.68246
      vertex 2.21943 -48.5961 7.12914
      vertex 2.21943 -49.0736 7.57637
    endloop
  endfacet
  facet normal -0.382518 -0.631606 -0.674355
    outer loop
      vertex 2.21943 -48.5961 7.12914
      vertex 1.85721 -48.9675 7.68246
      vertex 1.85721 -48.49 7.23523
    endloop
  endfacet
  facet normal 0.553665 -0.643674 -0.528336
    outer loop
      vertex 10.0688 -49.2606 8.31387
      vertex 10.0688 -49.4529 8.54815
      vertex 9.74279 -49.4146 8.15985
    endloop
  endfacet
  facet normal 0.553671 -0.643665 -0.528341
    outer loop
      vertex 9.74279 -49.4146 8.15985
      vertex 10.0688 -49.4529 8.54815
      vertex 9.74279 -49.634 8.42714
    endloop
  endfacet
  facet normal 0.706934 -0.516231 -0.483477
    outer loop
      vertex 10.0688 -49.2606 8.31387
      vertex 10.346 -48.6175 8.03252
      vertex 10.346 -49.0646 8.50991
    endloop
  endfacet
  facet normal 0.706925 -0.516232 -0.483488
    outer loop
      vertex 10.346 -48.6175 8.03252
      vertex 10.0688 -49.2606 8.31387
      vertex 10.0688 -48.8135 7.83649
    endloop
  endfacet
  facet normal 0.83135 -0.379907 -0.40562
    outer loop
      vertex 10.5638 -48.387 8.26303
      vertex 10.346 -48.14 7.58529
      vertex 10.5638 -47.9095 7.8158
    endloop
  endfacet
  facet normal 0.83135 -0.379907 -0.40562
    outer loop
      vertex 10.346 -48.14 7.58529
      vertex 10.5638 -48.387 8.26303
      vertex 10.346 -48.6175 8.03252
    endloop
  endfacet
  facet normal 0.381166 -0.884735 -0.268247
    outer loop
      vertex 9.38057 -52.1853 13.0387
      vertex 9.74279 -51.8483 12.4419
      vertex 9.74279 -52.0381 13.0679
    endloop
  endfacet
  facet normal 0.380952 -0.88478 -0.268402
    outer loop
      vertex 9.74279 -51.8483 12.4419
      vertex 9.38057 -52.1853 13.0387
      vertex 9.38057 -51.9954 12.4127
    endloop
  endfacet
  facet normal 0 -0.935901 -0.352262
    outer loop
      vertex 2.60397 -51.7267 11.412
      vertex 8.99603 -51.9572 12.0244
      vertex 2.60397 -51.9572 12.0244
    endloop
  endfacet
  facet normal 0 -0.935901 -0.352262
    outer loop
      vertex 8.99603 -51.9572 12.0244
      vertex 2.60397 -51.7267 11.412
      vertex 8.99603 -51.7267 11.412
    endloop
  endfacet
  facet normal 0.194195 -0.938721 -0.284765
    outer loop
      vertex 8.99603 -52.2603 13.0237
      vertex 9.38057 -51.9954 12.4127
      vertex 9.38057 -52.1853 13.0387
    endloop
  endfacet
  facet normal 0.194195 -0.938721 -0.284765
    outer loop
      vertex 9.38057 -51.9954 12.4127
      vertex 8.99603 -52.2603 13.0237
      vertex 8.99603 -52.0704 12.3977
    endloop
  endfacet
  facet normal -0.830221 -0.353643 -0.430894
    outer loop
      vertex 1.25398 -47.9477 7.4275
      vertex 1.03616 -47.2608 7.28343
      vertex 1.25398 -47.4419 7.01238
    endloop
  endfacet
  facet normal -0.830221 -0.353643 -0.430894
    outer loop
      vertex 1.03616 -47.2608 7.28343
      vertex 1.25398 -47.9477 7.4275
      vertex 1.03616 -47.7666 7.69855
    endloop
  endfacet
  facet normal -0.980602 -0.124325 -0.151532
    outer loop
      vertex 0.886119 -47.6533 8.07193
      vertex 0.80963 -47.3517 8.31946
      vertex 0.886119 -47.5653 7.99973
    endloop
  endfacet
  facet normal -0.555416 -0.70622 -0.439052
    outer loop
      vertex 1.53121 -50.2493 9.58596
      vertex 1.85721 -50.7759 10.0206
      vertex 1.53121 -50.5948 10.1417
    endloop
  endfacet
  facet normal -0.555333 -0.706235 -0.439133
    outer loop
      vertex 1.85721 -50.7759 10.0206
      vertex 1.53121 -50.2493 9.58596
      vertex 1.85721 -50.4304 9.46495
    endloop
  endfacet
  facet normal -0.193956 -0.865115 -0.462555
    outer loop
      vertex 2.21943 -51.0775 10.2682
      vertex 2.60397 -51.4565 10.8158
      vertex 2.21943 -51.3859 10.845
    endloop
  endfacet
  facet normal -0.194292 -0.865152 -0.462344
    outer loop
      vertex 2.60397 -51.4565 10.8158
      vertex 2.21943 -51.0775 10.2682
      vertex 2.60397 -51.1482 10.2389
    endloop
  endfacet
  facet normal -0.381166 -0.884735 -0.268247
    outer loop
      vertex 1.85721 -51.8483 12.4419
      vertex 2.21943 -52.1853 13.0387
      vertex 1.85721 -52.0381 13.0679
    endloop
  endfacet
  facet normal -0.380952 -0.88478 -0.268402
    outer loop
      vertex 2.21943 -52.1853 13.0387
      vertex 1.85721 -51.8483 12.4419
      vertex 2.21943 -51.9954 12.4127
    endloop
  endfacet
  facet normal -0.706891 -0.644289 -0.291886
    outer loop
      vertex 1.53121 -51.046 10.9858
      vertex 1.25398 -51.06 11.6881
      vertex 1.25398 -50.7899 11.0919
    endloop
  endfacet
  facet normal -0.707006 -0.644144 -0.291928
    outer loop
      vertex 1.25398 -51.06 11.6881
      vertex 1.53121 -51.046 10.9858
      vertex 1.53121 -51.3162 11.582
    endloop
  endfacet
  facet normal -0.923234 -0.338858 -0.181147
    outer loop
      vertex 1.03616 -50.1804 10.6398
      vertex 0.886119 -50.1541 11.3553
      vertex 0.886119 -49.8457 10.7784
    endloop
  endfacet
  facet normal -0.923202 -0.33895 -0.181137
    outer loop
      vertex 0.886119 -50.1541 11.3553
      vertex 1.03616 -50.1804 10.6398
      vertex 1.03616 -50.4887 11.2167
    endloop
  endfacet
  facet normal -0.194929 -0.955195 -0.222724
    outer loop
      vertex 2.21943 -52.1853 13.0387
      vertex 2.60397 -52.4089 13.6611
      vertex 2.21943 -52.3339 13.676
    endloop
  endfacet
  facet normal -0.194985 -0.955191 -0.222688
    outer loop
      vertex 2.60397 -52.4089 13.6611
      vertex 2.21943 -52.1853 13.0387
      vertex 2.60397 -52.2603 13.0237
    endloop
  endfacet
  facet normal 0.194214 -0.976247 0.0960407
    outer loop
      vertex 9.38057 -52.4772 17.3052
      vertex 8.99603 -52.5155 17.6935
      vertex 8.99603 -52.5537 17.3052
    endloop
  endfacet
  facet normal 0.19421 -0.976227 0.0962435
    outer loop
      vertex 8.99603 -52.6179 16.654
      vertex 9.38057 -52.4772 17.3052
      vertex 8.99603 -52.5537 17.3052
    endloop
  endfacet
  facet normal 0.19421 -0.976227 0.0962435
    outer loop
      vertex 9.38057 -52.4772 17.3052
      vertex 8.99603 -52.6179 16.654
      vertex 9.38057 -52.5414 16.654
    endloop
  endfacet
  facet normal 0.195015 -0.980276 -0.0320763
    outer loop
      vertex 8.99603 -52.6179 15.346
      vertex 9.38057 -52.5628 16
      vertex 8.99603 -52.6393 16
    endloop
  endfacet
  facet normal 0.195015 -0.980276 -0.0320763
    outer loop
      vertex 9.38057 -52.5628 16
      vertex 8.99603 -52.6179 15.346
      vertex 9.38057 -52.5414 15.346
    endloop
  endfacet
  facet normal 0.194929 -0.955195 -0.222724
    outer loop
      vertex 8.99603 -52.4089 13.6611
      vertex 9.38057 -52.1853 13.0387
      vertex 9.38057 -52.3339 13.676
    endloop
  endfacet
  facet normal 0.194985 -0.955191 -0.222688
    outer loop
      vertex 9.38057 -52.1853 13.0387
      vertex 8.99603 -52.4089 13.6611
      vertex 8.99603 -52.2603 13.0237
    endloop
  endfacet
  facet normal 0.553805 -0.796778 -0.241754
    outer loop
      vertex 9.74279 -51.7479 12.111
      vertex 10.0688 -51.6346 12.4844
      vertex 9.74279 -51.8483 12.4419
    endloop
  endfacet
  facet normal 0.923188 -0.36783 0.111464
    outer loop
      vertex 10.7139 -50.6877 19.3272
      vertex 10.7139 -50.6547 19.4361
      vertex 10.5638 -51.043 19.3979
    endloop
  endfacet
  facet normal 0.923152 -0.367842 0.111726
    outer loop
      vertex 10.7139 -50.6547 19.4361
      vertex 10.5638 -50.9893 19.5747
      vertex 10.5638 -51.043 19.3979
    endloop
  endfacet
  facet normal 0.553635 -0.828748 0.0816464
    outer loop
      vertex 10.0688 -52.0797 17.6068
      vertex 9.74279 -52.2933 17.6493
      vertex 9.74279 -52.3272 17.3052
    endloop
  endfacet
  facet normal 0.7054 -0.7054 0.0694351
    outer loop
      vertex 10.0688 -52.1735 16.654
      vertex 10.346 -51.8322 17.3052
      vertex 10.0688 -52.1094 17.3052
    endloop
  endfacet
  facet normal 0.7054 -0.7054 0.0694351
    outer loop
      vertex 10.346 -51.8322 17.3052
      vertex 10.0688 -52.1735 16.654
      vertex 10.346 -51.8963 16.654
    endloop
  endfacet
  facet normal 0.831336 -0.548341 0.0905689
    outer loop
      vertex 10.346 -51.8078 17.5527
      vertex 10.5638 -51.3815 18.1345
      vertex 10.346 -51.7012 18.1981
    endloop
  endfacet
  facet normal 0.831412 -0.548242 0.0904676
    outer loop
      vertex 10.5638 -51.3815 18.1345
      vertex 10.346 -51.8078 17.5527
      vertex 10.5638 -51.488 17.4891
    endloop
  endfacet
  facet normal 0.194984 -0.797258 -0.57128
    outer loop
      vertex 8.99603 -50.6187 9.3391
      vertex 9.38057 -50.1741 8.84988
      vertex 9.38057 -50.5551 9.38159
    endloop
  endfacet
  facet normal 0.194984 -0.797258 -0.57128
    outer loop
      vertex 9.38057 -50.1741 8.84988
      vertex 8.99603 -50.6187 9.3391
      vertex 8.99603 -50.2377 8.80739
    endloop
  endfacet
  facet normal 0.382547 -0.784625 -0.487875
    outer loop
      vertex 9.38057 -50.9007 9.93729
      vertex 9.74279 -50.4304 9.46495
      vertex 9.74279 -50.7759 10.0206
    endloop
  endfacet
  facet normal 0.38242 -0.784626 -0.487973
    outer loop
      vertex 9.74279 -50.4304 9.46495
      vertex 9.38057 -50.9007 9.93729
      vertex 9.38057 -50.5551 9.38159
    endloop
  endfacet
  facet normal 0.980604 -0.0568408 0.187575
    outer loop
      vertex 10.7904 -43.9023 25.6605
      vertex 10.7139 -43.9773 26.0377
      vertex 10.7139 -44.0862 26.0047
    endloop
  endfacet
  facet normal 0.980766 -0.195082 0.00641325
    outer loop
      vertex 10.7139 -51.2081 16.654
      vertex 10.7904 -50.845 16
      vertex 10.7904 -50.8235 16.654
    endloop
  endfacet
  facet normal 0.980756 -0.195131 0.00638502
    outer loop
      vertex 10.7904 -50.845 16
      vertex 10.7139 -51.2081 16.654
      vertex 10.7139 -51.2295 16
    endloop
  endfacet
  facet normal 0.980588 -0.172755 0.0927475
    outer loop
      vertex 10.7904 -49.4723 21.1083
      vertex 10.7139 -49.8457 21.2216
      vertex 10.7904 -49.4905 21.0744
    endloop
  endfacet
  facet normal 0.980598 -0.019215 -0.195085
    outer loop
      vertex 10.7904 -41.3422 5.83022
      vertex 10.7139 -41.9552 5.50607
      vertex 10.7139 -41.3039 5.44192
    endloop
  endfacet
  facet normal 0.980598 -0.019215 -0.195085
    outer loop
      vertex 10.7139 -41.9552 5.50607
      vertex 10.7904 -41.3422 5.83022
      vertex 10.7904 -41.9935 5.89437
    endloop
  endfacet
  facet normal 0.980755 -0.190143 0.044329
    outer loop
      vertex 10.7139 -50.8776 18.7012
      vertex 10.7904 -50.6491 17.9888
      vertex 10.7904 -50.5005 18.6262
    endloop
  endfacet
  facet normal 0.980757 -0.190131 0.0443331
    outer loop
      vertex 10.7904 -50.6491 17.9888
      vertex 10.7139 -50.8776 18.7012
      vertex 10.7139 -51.0262 18.0639
    endloop
  endfacet
  facet normal 0.980759 -0.133464 0.142475
    outer loop
      vertex 10.7139 -47.6533 23.9281
      vertex 10.7904 -47.8589 23.2089
      vertex 10.7904 -47.3814 23.6562
    endloop
  endfacet
  facet normal 0.980759 -0.133464 0.142475
    outer loop
      vertex 10.7904 -47.8589 23.2089
      vertex 10.7139 -47.6533 23.9281
      vertex 10.7139 -48.1308 23.4808
    endloop
  endfacet
  facet normal 0.980765 -0.192589 -0.0317848
    outer loop
      vertex 10.7139 -51.1328 14.5815
      vertex 10.7904 -50.6491 14.0112
      vertex 10.7904 -50.7556 14.6565
    endloop
  endfacet
  facet normal 0.980757 -0.192624 -0.0318155
    outer loop
      vertex 10.7904 -50.6491 14.0112
      vertex 10.7139 -51.1328 14.5815
      vertex 10.7139 -51.0262 13.9361
    endloop
  endfacet
  facet normal 0.980596 -0.151543 -0.124362
    outer loop
      vertex 10.7139 -48.5779 8.99655
      vertex 10.7904 -48.3304 9.29816
      vertex 10.7139 -48.6501 9.08453
    endloop
  endfacet
  facet normal 0.980758 -0.113711 -0.158694
    outer loop
      vertex 10.7139 -47.0595 7.58461
      vertex 10.7904 -46.314 7.52321
      vertex 10.7904 -46.8459 7.90434
    endloop
  endfacet
  facet normal 0.980763 -0.113709 -0.158661
    outer loop
      vertex 10.7904 -46.314 7.52321
      vertex 10.7139 -47.0595 7.58461
      vertex 10.7139 -46.5277 7.20348
    endloop
  endfacet
  facet normal 0.98076 -0.0443331 -0.190118
    outer loop
      vertex 10.7139 -43.3511 5.77238
      vertex 10.7904 -42.6388 6.00092
      vertex 10.7904 -43.2761 6.14953
    endloop
  endfacet
  facet normal 0.980759 -0.0443313 -0.190124
    outer loop
      vertex 10.7904 -42.6388 6.00092
      vertex 10.7139 -43.3511 5.77238
      vertex 10.7139 -42.7138 5.62378
    endloop
  endfacet
  facet normal 0.980594 -0.187608 0.0569118
    outer loop
      vertex 10.7139 -50.6877 19.3272
      vertex 10.7904 -50.5005 18.6262
      vertex 10.7904 -50.3106 19.2522
    endloop
  endfacet
  facet normal 0.980594 -0.187608 0.0569118
    outer loop
      vertex 10.7904 -50.5005 18.6262
      vertex 10.7139 -50.6877 19.3272
      vertex 10.7139 -50.8776 18.7012
    endloop
  endfacet
  facet normal 0.980601 0.124425 -0.15146
    outer loop
      vertex 10.7139 -26.2395 5.58948
      vertex 10.7904 -26.5411 5.837
      vertex 10.7139 -26.3274 5.51727
    endloop
  endfacet
  facet normal 0.923724 -0.377939 -0.0624237
    outer loop
      vertex 10.5638 -51.488 14.5109
      vertex 10.7139 -51.0262 13.9361
      vertex 10.7139 -51.1328 14.5815
    endloop
  endfacet
  facet normal 0.92376 -0.377862 -0.0623525
    outer loop
      vertex 10.7139 -51.0262 13.9361
      vertex 10.5638 -51.488 14.5109
      vertex 10.5638 -51.3815 13.8655
    endloop
  endfacet
  facet normal 0.923134 -0.382646 -0.0374878
    outer loop
      vertex 10.7139 -51.1328 14.5815
      vertex 10.7139 -51.1439 14.6948
      vertex 10.5638 -51.488 14.5109
    endloop
  endfacet
  facet normal 0.830254 -0.161808 -0.533382
    outer loop
      vertex 10.346 -44.1116 5.28732
      vertex 10.5638 -44.048 5.60705
      vertex 10.346 -44.3496 5.35952
    endloop
  endfacet
  facet normal 0.830255 -0.16178 -0.533389
    outer loop
      vertex 10.346 -44.1116 5.28732
      vertex 10.5638 -43.4218 5.41712
      vertex 10.5638 -44.048 5.60705
    endloop
  endfacet
  facet normal 0.830255 -0.16178 -0.533389
    outer loop
      vertex 10.5638 -43.4218 5.41712
      vertex 10.346 -44.1116 5.28732
      vertex 10.346 -43.4854 5.09739
    endloop
  endfacet
  facet normal 0.553667 -0.241755 -0.796873
    outer loop
      vertex 10.0688 -44.1657 5.01541
      vertex 10.0688 -44.4557 5.10339
      vertex 9.74279 -44.539 4.90215
    endloop
  endfacet
  facet normal 0.980761 -0.158679 0.113704
    outer loop
      vertex 10.7139 -49.0655 22.4094
      vertex 10.7904 -49.1268 21.664
      vertex 10.7904 -48.7458 22.1957
    endloop
  endfacet
  facet normal 0.980761 -0.158679 0.113704
    outer loop
      vertex 10.7904 -49.1268 21.664
      vertex 10.7139 -49.0655 22.4094
      vertex 10.7139 -49.4465 21.8777
    endloop
  endfacet
  facet normal 0.980761 -0.16577 0.103095
    outer loop
      vertex 10.7139 -49.7921 21.322
      vertex 10.7904 -49.1268 21.664
      vertex 10.7139 -49.4465 21.8777
    endloop
  endfacet
  facet normal 0.980769 -0.165749 0.103052
    outer loop
      vertex 10.7904 -49.1268 21.664
      vertex 10.7139 -49.7921 21.322
      vertex 10.7904 -49.4723 21.1083
    endloop
  endfacet
  facet normal 0.980594 -0.187608 -0.0569118
    outer loop
      vertex 10.7904 -50.5005 13.3738
      vertex 10.7139 -50.6877 12.6728
      vertex 10.7904 -50.3106 12.7478
    endloop
  endfacet
  facet normal 0.980594 -0.187608 -0.0569118
    outer loop
      vertex 10.7139 -50.6877 12.6728
      vertex 10.7904 -50.5005 13.3738
      vertex 10.7139 -50.8776 13.2988
    endloop
  endfacet
  facet normal 0.705522 -0.678218 -0.20557
    outer loop
      vertex 10.346 -51.2905 12.3005
      vertex 10.0688 -51.6346 12.4844
      vertex 10.0688 -51.5467 12.1944
    endloop
  endfacet
  facet normal 0.923718 -0.325294 -0.202306
    outer loop
      vertex 10.5638 -50.0932 10.4768
      vertex 10.7139 -49.4465 10.1223
      vertex 10.7139 -49.7921 10.678
    endloop
  endfacet
  facet normal 0.92375 -0.325257 -0.202224
    outer loop
      vertex 10.7139 -49.4465 10.1223
      vertex 10.5638 -50.0932 10.4768
      vertex 10.5638 -49.7477 9.9211
    endloop
  endfacet
  facet normal 0.70543 -0.547923 -0.44961
    outer loop
      vertex 10.346 -49.6377 9.20828
      vertex 10.0688 -49.4529 8.54815
      vertex 10.346 -49.2224 8.70217
    endloop
  endfacet
  facet normal 0.705438 -0.547912 -0.449611
    outer loop
      vertex 10.0688 -49.4529 8.54815
      vertex 10.346 -49.6377 9.20828
      vertex 10.0688 -49.8682 9.05425
    endloop
  endfacet
  facet normal 0.831336 -0.541256 -0.126186
    outer loop
      vertex 10.5638 -51.3815 13.8655
      vertex 10.346 -51.5526 13.1645
      vertex 10.5638 -51.2329 13.2281
    endloop
  endfacet
  facet normal 0.831336 -0.541256 -0.126186
    outer loop
      vertex 10.346 -51.5526 13.1645
      vertex 10.5638 -51.3815 13.8655
      vertex 10.346 -51.7012 13.8019
    endloop
  endfacet
  facet normal 0.706933 -0.600606 -0.373521
    outer loop
      vertex 10.0688 -50.5948 10.1417
      vertex 10.346 -50.0187 9.73999
      vertex 10.346 -50.3643 10.2957
    endloop
  endfacet
  facet normal 0.70706 -0.600556 -0.373362
    outer loop
      vertex 10.346 -50.0187 9.73999
      vertex 10.0688 -50.5948 10.1417
      vertex 10.0688 -50.2493 9.58596
    endloop
  endfacet
  facet normal 0.553577 -0.734373 -0.392746
    outer loop
      vertex 10.0688 -50.5948 10.1417
      vertex 10.0688 -50.7377 10.4089
      vertex 9.74279 -50.9389 10.3256
    endloop
  endfacet
  facet normal 0.706954 -0.373478 -0.600608
    outer loop
      vertex 10.346 -46.91 6.63125
      vertex 10.0688 -46.5084 6.05524
      vertex 10.346 -46.3544 6.28576
    endloop
  endfacet
  facet normal 0.706954 -0.373478 -0.600608
    outer loop
      vertex 10.0688 -46.5084 6.05524
      vertex 10.346 -46.91 6.63125
      vertex 10.0688 -47.064 6.40073
    endloop
  endfacet
  facet normal 0.706963 -0.249137 -0.661917
    outer loop
      vertex 10.346 -44.962 5.59002
      vertex 10.0688 -44.4557 5.10339
      vertex 10.346 -44.3496 5.35952
    endloop
  endfacet
  facet normal 0.706963 -0.249137 -0.661917
    outer loop
      vertex 10.0688 -44.4557 5.10339
      vertex 10.346 -44.962 5.59002
      vertex 10.0688 -45.0681 5.33389
    endloop
  endfacet
  facet normal 0.70543 -0.449658 -0.547883
    outer loop
      vertex 10.0688 -48.1017 7.19698
      vertex 10.346 -47.4419 7.01238
      vertex 10.346 -47.9477 7.4275
    endloop
  endfacet
  facet normal 0.705421 -0.449658 -0.547895
    outer loop
      vertex 10.346 -47.4419 7.01238
      vertex 10.0688 -48.1017 7.19698
      vertex 10.0688 -47.5959 6.78187
    endloop
  endfacet
  facet normal 0.706937 -0.48349 -0.516215
    outer loop
      vertex 10.346 -48.6175 8.03252
      vertex 10.0688 -48.336 7.38925
      vertex 10.346 -48.14 7.58529
    endloop
  endfacet
  facet normal 0.706927 -0.483502 -0.516216
    outer loop
      vertex 10.0688 -48.336 7.38925
      vertex 10.346 -48.6175 8.03252
      vertex 10.0688 -48.8135 7.83649
    endloop
  endfacet
  facet normal 0.194998 -0.832871 -0.517978
    outer loop
      vertex 8.99603 -50.9643 9.89479
      vertex 9.38057 -50.5551 9.38159
      vertex 9.38057 -50.9007 9.93729
    endloop
  endfacet
  facet normal 0.194985 -0.832869 -0.517986
    outer loop
      vertex 9.38057 -50.5551 9.38159
      vertex 8.99603 -50.9643 9.89479
      vertex 8.99603 -50.6187 9.3391
    endloop
  endfacet
  facet normal -0.194294 -0.865196 -0.462261
    outer loop
      vertex 2.60397 -51.1482 10.2389
      vertex 2.21943 -51.0775 10.2682
      vertex 2.21943 -50.9007 9.93729
    endloop
  endfacet
  facet normal 0.194195 -0.622326 -0.758287
    outer loop
      vertex 8.99603 -47.8428 6.41241
      vertex 9.38057 -48.3061 6.89112
      vertex 8.99603 -48.3486 6.82752
    endloop
  endfacet
  facet normal 0.194176 -0.622337 -0.758282
    outer loop
      vertex 9.38057 -48.3061 6.89112
      vertex 8.99603 -47.8428 6.41241
      vertex 9.38057 -47.8003 6.476
    endloop
  endfacet
  facet normal 0.555326 -0.5685 -0.606978
    outer loop
      vertex 9.74279 -48.49 7.23523
      vertex 10.0688 -48.8135 7.83649
      vertex 9.74279 -48.9675 7.68246
    endloop
  endfacet
  facet normal 0.555313 -0.568512 -0.606977
    outer loop
      vertex 10.0688 -48.8135 7.83649
      vertex 9.74279 -48.49 7.23523
      vertex 10.0688 -48.336 7.38925
    endloop
  endfacet
  facet normal 0.553665 -0.52826 -0.643737
    outer loop
      vertex 10.0688 -48.1017 7.19698
      vertex 10.0688 -48.336 7.38925
      vertex 9.74279 -48.49 7.23523
    endloop
  endfacet
  facet normal 0.19502 -0.715869 -0.670447
    outer loop
      vertex 8.99603 -49.5748 7.99967
      vertex 9.38057 -49.0736 7.57637
      vertex 9.38057 -49.5207 8.05376
    endloop
  endfacet
  facet normal 0.19502 -0.715869 -0.670447
    outer loop
      vertex 9.38057 -49.0736 7.57637
      vertex 8.99603 -49.5748 7.99967
      vertex 8.99603 -49.1277 7.52228
    endloop
  endfacet
  facet normal 0.381169 -0.586488 -0.714662
    outer loop
      vertex 9.74279 -48.2227 7.01587
      vertex 9.74279 -48.49 7.23523
      vertex 9.38057 -48.3061 6.89112
    endloop
  endfacet
  facet normal 0.980595 -0.18762 -0.0568545
    outer loop
      vertex 10.7139 -50.6547 12.5639
      vertex 10.7904 -50.3106 12.7478
      vertex 10.7139 -50.6877 12.6728
    endloop
  endfacet
  facet normal 0.980611 0.195051 -0.0188727
    outer loop
      vertex 10.7139 -26.0694 6
      vertex 10.7904 -26.454 6
      vertex 10.7904 -26.4577 5.96176
    endloop
  endfacet
  facet normal 0.980755 -0.0443357 0.190142
    outer loop
      vertex 10.7139 -43.3511 26.2276
      vertex 10.7904 -42.6388 25.9991
      vertex 10.7139 -42.7138 26.3762
    endloop
  endfacet
  facet normal 0.980755 -0.0443357 0.190142
    outer loop
      vertex 10.7904 -42.6388 25.9991
      vertex 10.7139 -43.3511 26.2276
      vertex 10.7904 -43.2761 25.8505
    endloop
  endfacet
  facet normal 0.980604 -0.187508 -0.0570676
    outer loop
      vertex 10.7904 -50.2994 12.711
      vertex 10.7904 -50.3106 12.7478
      vertex 10.7139 -50.6547 12.5639
    endloop
  endfacet
  facet normal 0.9806 -0.0191514 -0.19508
    outer loop
      vertex 10.7904 -41.3039 5.82646
      vertex 10.7904 -41.3422 5.83022
      vertex 10.7139 -41.3039 5.44192
    endloop
  endfacet
  facet normal 0.980598 0.0192158 -0.195086
    outer loop
      vertex 10.7139 -26.5367 5.43059
      vertex 10.7904 -26.6117 5.80773
      vertex 10.7139 -26.65 5.41943
    endloop
  endfacet
  facet normal 0.555398 -0.343202 0.75746
    outer loop
      vertex 9.74279 -45.1514 26.8674
      vertex 10.0688 -45.664 26.3961
      vertex 10.0688 -45.0681 26.6661
    endloop
  endfacet
  facet normal 0.555472 -0.343134 0.757437
    outer loop
      vertex 10.0688 -45.664 26.3961
      vertex 9.74279 -45.1514 26.8674
      vertex 9.74279 -45.7474 26.5974
    endloop
  endfacet
  facet normal 0.980761 -0.103087 0.165775
    outer loop
      vertex 10.7139 -45.9721 25.142
      vertex 10.7904 -46.314 24.4768
      vertex 10.7904 -45.7584 24.8223
    endloop
  endfacet
  facet normal 0.980761 -0.103087 0.165775
    outer loop
      vertex 10.7904 -46.314 24.4768
      vertex 10.7139 -45.9721 25.142
      vertex 10.7139 -46.5277 24.7965
    endloop
  endfacet
  facet normal 0.980761 -0.182699 0.0687656
    outer loop
      vertex 10.7139 -50.6547 19.4361
      vertex 10.7904 -50.0689 19.9014
      vertex 10.7139 -50.4242 20.0485
    endloop
  endfacet
  facet normal 0.980761 -0.182699 0.0687656
    outer loop
      vertex 10.7904 -50.0689 19.9014
      vertex 10.7139 -50.6547 19.4361
      vertex 10.7904 -50.2994 19.289
    endloop
  endfacet
  facet normal 0.923731 -0.158062 0.348908
    outer loop
      vertex 10.5638 -45.4332 25.8388
      vertex 10.7139 -44.6986 25.7742
      vertex 10.5638 -44.8372 26.1088
    endloop
  endfacet
  facet normal 0.923746 -0.158069 0.348865
    outer loop
      vertex 10.7139 -44.6986 25.7742
      vertex 10.5638 -45.4332 25.8388
      vertex 10.7139 -45.2945 25.5042
    endloop
  endfacet
  facet normal 0.923152 -0.111726 0.367842
    outer loop
      vertex 10.7139 -44.0862 26.0047
      vertex 10.5638 -44.048 26.393
      vertex 10.5638 -44.2248 26.3393
    endloop
  endfacet
  facet normal 0.980761 -0.0687656 0.182699
    outer loop
      vertex 10.7139 -44.0862 26.0047
      vertex 10.7904 -44.5515 25.4189
      vertex 10.7904 -43.9391 25.6494
    endloop
  endfacet
  facet normal 0.980761 -0.0687656 0.182699
    outer loop
      vertex 10.7904 -44.5515 25.4189
      vertex 10.7139 -44.0862 26.0047
      vertex 10.7139 -44.6986 25.7742
    endloop
  endfacet
  facet normal 0.980598 -0.0192158 -0.195086
    outer loop
      vertex 10.7139 -41.9552 5.50607
      vertex 10.7904 -41.9935 5.89437
      vertex 10.7139 -42.0685 5.51723
    endloop
  endfacet
  facet normal -0.381168 0.0905902 -0.920057
    outer loop
      vertex 2.21943 -26.65 4.08612
      vertex 2.12026 -26.5558 4.13648
      vertex 2.21943 -26.546 4.09636
    endloop
  endfacet
  facet normal 0.381067 0.815245 0.436077
    outer loop
      vertex 9.74279 -25.1834 26.9799
      vertex 9.38057 -24.9292 26.8212
      vertex 9.38057 -25.0587 27.0633
    endloop
  endfacet
  facet normal 0.381747 0.815521 0.434966
    outer loop
      vertex 9.38057 -24.9292 26.8212
      vertex 9.74279 -25.1834 26.9799
      vertex 9.41981 -24.9145 26.7592
    endloop
  endfacet
  facet normal 0.380424 0.815269 0.436595
    outer loop
      vertex 9.74279 -25.1834 26.9799
      vertex 9.44307 -24.9057 26.7225
      vertex 9.41981 -24.9145 26.7592
    endloop
  endfacet
  facet normal 0.3811 0.815335 0.43588
    outer loop
      vertex 9.44307 -24.9057 26.7225
      vertex 9.74279 -25.1834 26.9799
      vertex 9.74279 -25.0204 26.675
    endloop
  endfacet
  facet normal 0.705425 0.547862 -0.449692
    outer loop
      vertex 10.0688 -25.3645 5.14108
      vertex 10.346 -25.595 5.2951
      vertex 10.0688 -25.5568 4.9068
    endloop
  endfacet
  facet normal 0.705405 0.547902 -0.449674
    outer loop
      vertex 10.0688 -25.5568 4.9068
      vertex 10.346 -25.595 5.2951
      vertex 10.346 -25.7528 5.10283
    endloop
  endfacet
  facet normal 0.55379 0.73441 -0.392374
    outer loop
      vertex 9.74279 -25.0204 5.32501
      vertex 10.0688 -25.2217 5.40836
      vertex 10.0688 -25.3645 5.14108
    endloop
  endfacet
  facet normal 0.553682 0.7344 -0.392547
    outer loop
      vertex 9.74279 -25.1834 5.02006
      vertex 9.74279 -25.0204 5.32501
      vertex 10.0688 -25.3645 5.14108
    endloop
  endfacet
  facet normal 0.553665 0.643674 -0.528336
    outer loop
      vertex 9.74279 -25.4028 4.75278
      vertex 10.0688 -25.3645 5.14108
      vertex 10.0688 -25.5568 4.9068
    endloop
  endfacet
  facet normal 0.553665 0.52826 -0.643737
    outer loop
      vertex 9.74279 -25.4028 4.75278
      vertex 10.0688 -25.5568 4.9068
      vertex 10.0688 -25.7911 4.71453
    endloop
  endfacet
  facet normal -0.9238 -0.158016 0.348748
    outer loop
      vertex 1.03616 -45.4332 25.8388
      vertex 0.886119 -44.6986 25.7742
      vertex 0.886119 -45.2945 25.5042
    endloop
  endfacet
  facet normal -0.923785 -0.158009 0.348791
    outer loop
      vertex 0.886119 -44.6986 25.7742
      vertex 1.03616 -45.4332 25.8388
      vertex 1.03616 -44.8372 26.1088
    endloop
  endfacet
  facet normal -0.923824 -0.22299 0.311167
    outer loop
      vertex 1.03616 -47.2608 24.7166
      vertex 0.886119 -46.5277 24.7965
      vertex 0.886119 -47.0595 24.4154
    endloop
  endfacet
  facet normal -0.923802 -0.222992 0.311229
    outer loop
      vertex 0.886119 -46.5277 24.7965
      vertex 1.03616 -47.2608 24.7166
      vertex 1.03616 -46.7289 25.0977
    endloop
  endfacet
  facet normal -0.830188 -0.353709 0.430904
    outer loop
      vertex 1.03616 -47.9095 24.1842
      vertex 1.25398 -47.9477 24.5725
      vertex 1.03616 -47.7666 24.3015
    endloop
  endfacet
  facet normal -0.923242 -0.243746 0.297005
    outer loop
      vertex 1.03616 -47.7666 24.3015
      vertex 0.886119 -47.0595 24.4154
      vertex 0.886119 -47.5653 24.0003
    endloop
  endfacet
  facet normal -0.923242 -0.243746 0.297005
    outer loop
      vertex 0.886119 -47.0595 24.4154
      vertex 1.03616 -47.7666 24.3015
      vertex 1.03616 -47.2608 24.7166
    endloop
  endfacet
  facet normal -0.705403 -0.2057 0.678302
    outer loop
      vertex 1.53121 -44.1657 26.9846
      vertex 1.25398 -43.4854 26.9026
      vertex 1.25398 -44.1116 26.7127
    endloop
  endfacet
  facet normal -0.705403 -0.2057 0.678302
    outer loop
      vertex 1.25398 -43.4854 26.9026
      vertex 1.53121 -44.1657 26.9846
      vertex 1.53121 -43.5395 27.1745
    endloop
  endfacet
  facet normal 0.381066 0.268379 0.884738
    outer loop
      vertex 9.38057 -25.9176 27.7682
      vertex 9.38057 -26.2766 27.8771
      vertex 9.74279 -25.975 27.6296
    endloop
  endfacet
  facet normal 0.194284 0.28475 0.938707
    outer loop
      vertex 8.99603 -25.8883 27.8389
      vertex 9.38057 -26.2766 27.8771
      vertex 9.38057 -25.9176 27.7682
    endloop
  endfacet
  facet normal 0.553823 0.241775 0.796759
    outer loop
      vertex 10.0688 -26.0584 27.4283
      vertex 9.74279 -25.975 27.6296
      vertex 10.0688 -26.3484 27.5163
    endloop
  endfacet
  facet normal 0.70541 0.205817 0.67826
    outer loop
      vertex 10.0688 -26.0584 27.4283
      vertex 10.0688 -26.3484 27.5163
      vertex 10.346 -26.1645 27.1722
    endloop
  endfacet
  facet normal -0.831339 -0.0182001 0.555467
    outer loop
      vertex 1.25398 -41.3039 27.2463
      vertex 1.03616 -40.6172 26.9428
      vertex 1.03616 -41.3039 26.9203
    endloop
  endfacet
  facet normal -0.831339 -0.0182001 0.555467
    outer loop
      vertex 1.03616 -40.6172 26.9428
      vertex 1.25398 -41.3039 27.2463
      vertex 1.25398 -40.6172 27.2688
    endloop
  endfacet
  facet normal -0.923192 -0.0374744 0.382509
    outer loop
      vertex 0.886119 -42.0685 26.4828
      vertex 1.03616 -42.1392 26.838
      vertex 0.886119 -41.9552 26.4939
    endloop
  endfacet
  facet normal -0.553844 -0.0816773 0.828605
    outer loop
      vertex 1.53121 -41.3039 27.5235
      vertex 1.85721 -41.9552 27.6772
      vertex 1.85721 -41.3039 27.7414
    endloop
  endfacet
  facet normal -0.553673 -0.0815624 0.82873
    outer loop
      vertex 1.85721 -41.9552 27.6772
      vertex 1.53121 -41.3039 27.5235
      vertex 1.53121 -41.9552 27.4594
    endloop
  endfacet
  facet normal -0.705362 -0.0694282 0.705439
    outer loop
      vertex 1.25398 -41.3039 27.2463
      vertex 1.53121 -41.9552 27.4594
      vertex 1.53121 -41.3039 27.5235
    endloop
  endfacet
  facet normal -0.705485 -0.0695236 0.705307
    outer loop
      vertex 1.53121 -41.9552 27.4594
      vertex 1.25398 -41.3039 27.2463
      vertex 1.25398 -41.9552 27.1821
    endloop
  endfacet
  facet normal -0.381027 -0.0906966 0.920105
    outer loop
      vertex 1.85721 -41.3039 27.7414
      vertex 2.21943 -41.9552 27.8272
      vertex 2.21943 -41.3039 27.8914
    endloop
  endfacet
  facet normal -0.381027 -0.0906966 0.920105
    outer loop
      vertex 2.21943 -41.9552 27.8272
      vertex 1.85721 -41.3039 27.7414
      vertex 1.85721 -41.9552 27.6772
    endloop
  endfacet
  facet normal -0.194214 -0.0960407 0.976247
    outer loop
      vertex 2.60397 -42.3435 27.8655
      vertex 2.60397 -41.9552 27.9037
      vertex 2.21943 -41.9552 27.8272
    endloop
  endfacet
  facet normal -0.19421 -0.0962289 0.976229
    outer loop
      vertex 2.21943 -41.3039 27.8914
      vertex 2.60397 -41.9552 27.9037
      vertex 2.60397 -41.3039 27.9679
    endloop
  endfacet
  facet normal -0.19421 -0.0962289 0.976229
    outer loop
      vertex 2.60397 -41.9552 27.9037
      vertex 2.21943 -41.3039 27.8914
      vertex 2.21943 -41.9552 27.8272
    endloop
  endfacet
  facet normal -0.706918 -0.160613 0.688818
    outer loop
      vertex 1.53121 -43.5395 27.1745
      vertex 1.25398 -42.8481 27.0512
      vertex 1.25398 -43.4854 26.9026
    endloop
  endfacet
  facet normal -0.706918 -0.160613 0.688818
    outer loop
      vertex 1.25398 -42.8481 27.0512
      vertex 1.53121 -43.5395 27.1745
      vertex 1.53121 -42.9022 27.3231
    endloop
  endfacet
  facet normal -0.923803 -0.202182 0.32513
    outer loop
      vertex 0.886119 -46.5277 24.7965
      vertex 1.03616 -46.1733 25.4432
      vertex 0.886119 -45.9721 25.142
    endloop
  endfacet
  facet normal -0.923803 -0.202182 0.32513
    outer loop
      vertex 1.03616 -46.1733 25.4432
      vertex 0.886119 -46.5277 24.7965
      vertex 1.03616 -46.7289 25.0977
    endloop
  endfacet
  facet normal -0.830266 -0.161984 0.53331
    outer loop
      vertex 1.03616 -44.2248 26.3393
      vertex 1.25398 -44.3496 26.6405
      vertex 1.03616 -44.048 26.393
    endloop
  endfacet
  facet normal -0.98077 -0.0317804 0.192563
    outer loop
      vertex 0.80963 -42.6388 25.9991
      vertex 0.886119 -42.0685 26.4828
      vertex 0.80963 -41.9935 26.1056
    endloop
  endfacet
  facet normal -0.980761 -0.0318172 0.192604
    outer loop
      vertex 0.886119 -42.0685 26.4828
      vertex 0.80963 -42.6388 25.9991
      vertex 0.886119 -42.7138 26.3762
    endloop
  endfacet
  facet normal -0.980594 -0.172731 -0.0927347
    outer loop
      vertex 0.886119 -49.8457 10.7784
      vertex 0.80963 -49.4905 10.9256
      vertex 0.80963 -49.4723 10.8917
    endloop
  endfacet
  facet normal 0.194072 -0.462496 0.865121
    outer loop
      vertex 9.38057 -45.8048 26.736
      vertex 8.99603 -45.8341 26.8066
      vertex 9.38057 -46.1357 26.5591
    endloop
  endfacet
  facet normal -0.553675 -0.528281 0.643711
    outer loop
      vertex 1.53121 -48.1017 24.803
      vertex 1.85721 -47.7169 25.3992
      vertex 1.53121 -47.5959 25.2181
    endloop
  endfacet
  facet normal -0.553675 -0.528281 0.643711
    outer loop
      vertex 1.85721 -47.7169 25.3992
      vertex 1.53121 -48.1017 24.803
      vertex 1.85721 -48.2227 24.9841
    endloop
  endfacet
  facet normal -0.381258 -0.586369 0.714712
    outer loop
      vertex 1.85721 -48.49 24.7648
      vertex 2.21943 -48.3061 25.1089
      vertex 1.85721 -48.2227 24.9841
    endloop
  endfacet
  facet normal -0.555323 -0.484447 0.675964
    outer loop
      vertex 1.53121 -47.5959 25.2181
      vertex 1.85721 -47.185 25.7804
      vertex 1.53121 -47.064 25.5993
    endloop
  endfacet
  facet normal -0.555323 -0.484447 0.675964
    outer loop
      vertex 1.85721 -47.185 25.7804
      vertex 1.53121 -47.5959 25.2181
      vertex 1.85721 -47.7169 25.3992
    endloop
  endfacet
  facet normal -0.382474 -0.538232 0.751012
    outer loop
      vertex 1.85721 -47.7169 25.3992
      vertex 2.21943 -47.2684 25.9051
      vertex 1.85721 -47.185 25.7804
    endloop
  endfacet
  facet normal -0.382653 -0.538096 0.751019
    outer loop
      vertex 2.21943 -47.2684 25.9051
      vertex 1.85721 -47.7169 25.3992
      vertex 2.21943 -47.8003 25.524
    endloop
  endfacet
  facet normal 0 -0.471437 0.8819
    outer loop
      vertex 2.60397 -46.1782 26.6227
      vertex 8.99603 -46.7553 26.3142
      vertex 8.99603 -46.1782 26.6227
    endloop
  endfacet
  facet normal 0 -0.471437 0.8819
    outer loop
      vertex 8.99603 -46.7553 26.3142
      vertex 2.60397 -46.1782 26.6227
      vertex 2.60397 -46.7553 26.3142
    endloop
  endfacet
  facet normal 0.194195 -0.462462 0.865111
    outer loop
      vertex 8.99603 -46.1782 26.6227
      vertex 9.38057 -46.7128 26.2506
      vertex 9.38057 -46.1357 26.5591
    endloop
  endfacet
  facet normal 0.194195 -0.462462 0.865111
    outer loop
      vertex 9.38057 -46.7128 26.2506
      vertex 8.99603 -46.1782 26.6227
      vertex 8.99603 -46.7553 26.3142
    endloop
  endfacet
  facet normal 0.381059 -0.435888 0.81535
    outer loop
      vertex 9.74279 -46.0523 26.4344
      vertex 9.38057 -45.8048 26.736
      vertex 9.38057 -46.1357 26.5591
    endloop
  endfacet
  facet normal 0.38106 -0.435887 0.81535
    outer loop
      vertex 9.74279 -45.7474 26.5974
      vertex 9.38057 -45.8048 26.736
      vertex 9.74279 -46.0523 26.4344
    endloop
  endfacet
  facet normal 0.705408 -0.334172 0.625082
    outer loop
      vertex 10.346 -45.5579 26.14
      vertex 10.0688 -45.664 26.3961
      vertex 10.0688 -45.9313 26.2532
    endloop
  endfacet
  facet normal -0.194933 -0.159859 0.967702
    outer loop
      vertex 2.21943 -42.9739 27.6839
      vertex 2.60397 -42.3435 27.8655
      vertex 2.21943 -42.3286 27.7905
    endloop
  endfacet
  facet normal -0.194973 -0.159834 0.967698
    outer loop
      vertex 2.60397 -42.3435 27.8655
      vertex 2.21943 -42.9739 27.6839
      vertex 2.60397 -42.9889 27.7589
    endloop
  endfacet
  facet normal 0.194933 -0.159859 0.967702
    outer loop
      vertex 8.99603 -42.3435 27.8655
      vertex 9.38057 -42.9739 27.6839
      vertex 9.38057 -42.3286 27.7905
    endloop
  endfacet
  facet normal 0.194973 -0.159834 0.967698
    outer loop
      vertex 9.38057 -42.9739 27.6839
      vertex 8.99603 -42.3435 27.8655
      vertex 8.99603 -42.9889 27.7589
    endloop
  endfacet
  facet normal -0.381165 -0.268255 0.884733
    outer loop
      vertex 1.85721 -44.539 27.0979
      vertex 2.21943 -44.2374 27.3454
      vertex 1.85721 -44.2082 27.1982
    endloop
  endfacet
  facet normal -0.553822 -0.241636 0.796802
    outer loop
      vertex 1.53121 -44.1657 26.9846
      vertex 1.85721 -43.582 27.3882
      vertex 1.53121 -43.5395 27.1745
    endloop
  endfacet
  facet normal -0.553647 -0.241787 0.796878
    outer loop
      vertex 1.85721 -43.582 27.3882
      vertex 1.53121 -44.1657 26.9846
      vertex 1.85721 -44.2082 27.1982
    endloop
  endfacet
  facet normal -0.923816 -0.279402 0.261724
    outer loop
      vertex 1.03616 -48.8341 23.2596
      vertex 0.886119 -48.1308 23.4808
      vertex 0.886119 -48.5779 23.0035
    endloop
  endfacet
  facet normal -0.923841 -0.279385 0.261653
    outer loop
      vertex 0.886119 -48.1308 23.4808
      vertex 1.03616 -48.8341 23.2596
      vertex 1.03616 -48.387 23.737
    endloop
  endfacet
  facet normal -0.381141 -0.815423 0.435681
    outer loop
      vertex 2.21943 -51.0775 21.7318
      vertex 2.21943 -50.9007 22.0627
      vertex 1.85721 -50.7759 21.9794
    endloop
  endfacet
  facet normal -0.83026 -0.430968 0.353461
    outer loop
      vertex 1.03616 -48.9513 23.1167
      vertex 1.25398 -49.2224 23.2978
      vertex 1.03616 -48.8341 23.2596
    endloop
  endfacet
  facet normal -0.194237 -0.758156 0.622472
    outer loop
      vertex 2.21943 -49.7588 23.6562
      vertex 2.60397 -49.5748 24.0003
      vertex 2.21943 -49.5207 23.9462
    endloop
  endfacet
  facet normal -0.92322 -0.297079 0.24374
    outer loop
      vertex 0.886119 -48.6501 22.9155
      vertex 1.03616 -48.9513 23.1167
      vertex 0.886119 -48.5779 23.0035
    endloop
  endfacet
  facet normal -0.98076 -0.190117 0.0443229
    outer loop
      vertex 0.80963 -50.6491 17.9888
      vertex 0.886119 -50.8776 18.7012
      vertex 0.80963 -50.5005 18.6262
    endloop
  endfacet
  facet normal -0.980763 -0.190105 0.044327
    outer loop
      vertex 0.886119 -50.8776 18.7012
      vertex 0.80963 -50.6491 17.9888
      vertex 0.886119 -51.0262 18.0639
    endloop
  endfacet
  facet normal -0.980763 -0.0805625 -0.177804
    outer loop
      vertex 0.886119 -45.2945 6.49585
      vertex 0.80963 -44.5515 6.58111
      vertex 0.886119 -44.6986 6.22585
    endloop
  endfacet
  facet normal -0.980763 -0.0805632 -0.177799
    outer loop
      vertex 0.80963 -44.5515 6.58111
      vertex 0.886119 -45.2945 6.49585
      vertex 0.80963 -45.1474 6.85112
    endloop
  endfacet
  facet normal -0.980765 -0.133433 -0.142464
    outer loop
      vertex 0.886119 -47.6533 8.07193
      vertex 0.80963 -47.8589 8.79107
      vertex 0.80963 -47.3814 8.34384
    endloop
  endfacet
  facet normal -0.980765 -0.133433 -0.142464
    outer loop
      vertex 0.80963 -47.8589 8.79107
      vertex 0.886119 -47.6533 8.07193
      vertex 0.886119 -48.1308 8.51916
    endloop
  endfacet
  facet normal -0.980767 -0.182673 0.0687561
    outer loop
      vertex 0.886119 -50.6547 19.4361
      vertex 0.80963 -50.0689 19.9014
      vertex 0.80963 -50.2994 19.289
    endloop
  endfacet
  facet normal -0.980767 -0.182673 0.0687561
    outer loop
      vertex 0.80963 -50.0689 19.9014
      vertex 0.886119 -50.6547 19.4361
      vertex 0.886119 -50.4242 20.0485
    endloop
  endfacet
  facet normal -0.923777 -0.377812 0.0624028
    outer loop
      vertex 1.03616 -51.488 17.4891
      vertex 0.886119 -51.0262 18.0639
      vertex 0.886119 -51.1328 17.4185
    endloop
  endfacet
  facet normal -0.923813 -0.377735 0.0623316
    outer loop
      vertex 0.886119 -51.0262 18.0639
      vertex 1.03616 -51.488 17.4891
      vertex 1.03616 -51.3815 18.1345
    endloop
  endfacet
  facet normal -0.705399 -0.70539 0.0695415
    outer loop
      vertex 1.25398 -51.8322 17.3052
      vertex 1.53121 -52.0797 17.6068
      vertex 1.25398 -51.8078 17.5527
    endloop
  endfacet
  facet normal -0.92382 -0.372825 0.0869321
    outer loop
      vertex 0.886119 -51.0262 18.0639
      vertex 1.03616 -51.2329 18.7719
      vertex 0.886119 -50.8776 18.7012
    endloop
  endfacet
  facet normal -0.923812 -0.372848 0.0869238
    outer loop
      vertex 1.03616 -51.2329 18.7719
      vertex 0.886119 -51.0262 18.0639
      vertex 1.03616 -51.3815 18.1345
    endloop
  endfacet
  facet normal -0.830207 -0.533449 0.161828
    outer loop
      vertex 1.25398 -51.3627 19.4615
      vertex 1.25398 -51.2905 19.6995
      vertex 1.03616 -51.043 19.3979
    endloop
  endfacet
  facet normal -0.831366 -0.506202 0.229328
    outer loop
      vertex 1.03616 -50.7588 20.1871
      vertex 1.25398 -50.7899 20.9081
      vertex 1.03616 -50.4887 20.7833
    endloop
  endfacet
  facet normal -0.831366 -0.506202 0.229328
    outer loop
      vertex 1.25398 -50.7899 20.9081
      vertex 1.03616 -50.7588 20.1871
      vertex 1.25398 -51.06 20.3119
    endloop
  endfacet
  facet normal 0.706968 -0.160611 -0.688767
    outer loop
      vertex 10.0688 -43.5395 4.82548
      vertex 10.346 -42.8481 4.94878
      vertex 10.346 -43.4854 5.09739
    endloop
  endfacet
  facet normal 0.706956 -0.160604 -0.688781
    outer loop
      vertex 10.346 -42.8481 4.94878
      vertex 10.0688 -43.5395 4.82548
      vertex 10.0688 -42.9022 4.67688
    endloop
  endfacet
  facet normal 0 -0.22708 -0.973876
    outer loop
      vertex 2.60397 -43.6262 4.38967
      vertex 8.99603 -42.9889 4.24107
      vertex 8.99603 -43.6262 4.38967
    endloop
  endfacet
  facet normal -0 -0.22708 -0.973876
    outer loop
      vertex 8.99603 -42.9889 4.24107
      vertex 2.60397 -43.6262 4.38967
      vertex 2.60397 -42.9889 4.24107
    endloop
  endfacet
  facet normal 0.553681 -0.392559 -0.734394
    outer loop
      vertex 9.74279 -46.0523 5.56565
      vertex 10.0688 -46.5084 6.05524
      vertex 9.74279 -46.6294 5.87413
    endloop
  endfacet
  facet normal 0.553681 -0.392559 -0.734394
    outer loop
      vertex 10.0688 -46.5084 6.05524
      vertex 9.74279 -46.0523 5.56565
      vertex 10.0688 -45.9313 5.74676
    endloop
  endfacet
  facet normal 0.381169 -0.268321 -0.884711
    outer loop
      vertex 9.38057 -44.2374 4.65462
      vertex 9.74279 -44.539 4.90215
      vertex 9.38057 -44.5965 4.76353
    endloop
  endfacet
  facet normal 0.382561 -0.325466 -0.864707
    outer loop
      vertex 9.38057 -44.5965 4.76353
      vertex 9.74279 -45.1514 5.13264
      vertex 9.38057 -45.2089 4.99403
    endloop
  endfacet
  facet normal 0.382582 -0.32545 -0.864704
    outer loop
      vertex 9.74279 -45.1514 5.13264
      vertex 9.38057 -44.5965 4.76353
      vertex 9.74279 -44.539 4.90215
    endloop
  endfacet
  facet normal 0.70545 -0.205751 -0.678238
    outer loop
      vertex 10.346 -44.1116 5.28732
      vertex 10.346 -44.3496 5.35952
      vertex 10.0688 -44.1657 5.01541
    endloop
  endfacet
  facet normal -0.381054 -0.268464 -0.884717
    outer loop
      vertex 2.21943 -44.2374 4.65462
      vertex 1.85721 -44.539 4.90215
      vertex 1.85721 -44.2082 4.80177
    endloop
  endfacet
  facet normal 0 -0.634414 -0.772994
    outer loop
      vertex 2.60397 -48.6502 7.07505
      vertex 8.99603 -48.3486 6.82752
      vertex 8.99603 -48.6502 7.07505
    endloop
  endfacet
  facet normal -0 -0.634414 -0.772994
    outer loop
      vertex 8.99603 -48.3486 6.82752
      vertex 2.60397 -48.6502 7.07505
      vertex 2.60397 -48.3486 6.82752
    endloop
  endfacet
  facet normal -0.194979 -0.571284 -0.797256
    outer loop
      vertex 2.21943 -47.8003 6.476
      vertex 2.60397 -47.3109 6.03127
      vertex 2.60397 -47.8428 6.41241
    endloop
  endfacet
  facet normal -0.194999 -0.571272 -0.79726
    outer loop
      vertex 2.60397 -47.3109 6.03127
      vertex 2.21943 -47.8003 6.476
      vertex 2.21943 -47.2684 6.09487
    endloop
  endfacet
  facet normal -0.555338 -0.484391 -0.675992
    outer loop
      vertex 1.53121 -47.5959 6.78187
      vertex 1.85721 -47.185 6.21962
      vertex 1.85721 -47.7169 6.60076
    endloop
  endfacet
  facet normal -0.555338 -0.484391 -0.675992
    outer loop
      vertex 1.85721 -47.185 6.21962
      vertex 1.53121 -47.5959 6.78187
      vertex 1.53121 -47.064 6.40073
    endloop
  endfacet
  facet normal -0.382581 -0.538141 -0.751023
    outer loop
      vertex 1.85721 -47.7169 6.60076
      vertex 2.21943 -47.2684 6.09487
      vertex 2.21943 -47.8003 6.476
    endloop
  endfacet
  facet normal -0.382563 -0.538155 -0.751022
    outer loop
      vertex 2.21943 -47.2684 6.09487
      vertex 1.85721 -47.7169 6.60076
      vertex 1.85721 -47.185 6.21962
    endloop
  endfacet
  facet normal -0.553719 -0.241679 -0.79686
    outer loop
      vertex 1.53121 -44.1657 5.01541
      vertex 1.85721 -43.582 4.61185
      vertex 1.85721 -44.2082 4.80177
    endloop
  endfacet
  facet normal -0.553702 -0.241694 -0.796868
    outer loop
      vertex 1.85721 -43.582 4.61185
      vertex 1.53121 -44.1657 5.01541
      vertex 1.53121 -43.5395 4.82548
    endloop
  endfacet
  facet normal -0.194204 -0.462402 -0.865141
    outer loop
      vertex 2.60397 -45.8341 5.19337
      vertex 2.21943 -46.1357 5.44089
      vertex 2.21943 -45.8048 5.26403
    endloop
  endfacet
  facet normal 0.706927 -0.24915 0.66195
    outer loop
      vertex 10.0688 -44.4557 26.8966
      vertex 10.346 -44.962 26.41
      vertex 10.346 -44.3496 26.6405
    endloop
  endfacet
  facet normal 0.706927 -0.24915 0.66195
    outer loop
      vertex 10.346 -44.962 26.41
      vertex 10.0688 -44.4557 26.8966
      vertex 10.0688 -45.0681 26.6661
    endloop
  endfacet
  facet normal 0.705412 -0.625125 0.334084
    outer loop
      vertex 10.346 -50.3643 21.7043
      vertex 10.0688 -50.5948 21.8583
      vertex 10.346 -50.4815 21.485
    endloop
  endfacet
  facet normal 0.70541 -0.449679 0.547892
    outer loop
      vertex 10.346 -47.9477 24.5725
      vertex 10.0688 -48.1017 24.803
      vertex 10.0688 -48.336 24.6107
    endloop
  endfacet
  facet normal 0.194196 -0.622317 0.758294
    outer loop
      vertex 8.99603 -47.8428 25.5876
      vertex 9.38057 -48.3061 25.1089
      vertex 9.38057 -47.8003 25.524
    endloop
  endfacet
  facet normal 0.194196 -0.622317 0.758294
    outer loop
      vertex 9.38057 -48.3061 25.1089
      vertex 8.99603 -47.8428 25.5876
      vertex 8.99603 -48.3486 25.1725
    endloop
  endfacet
  facet normal 0 -0.634521 0.772906
    outer loop
      vertex 2.60397 -48.3486 25.1725
      vertex 8.99603 -48.6502 24.9249
      vertex 8.99603 -48.3486 25.1725
    endloop
  endfacet
  facet normal 0 -0.634521 0.772906
    outer loop
      vertex 8.99603 -48.6502 24.9249
      vertex 2.60397 -48.3486 25.1725
      vertex 2.60397 -48.6502 24.9249
    endloop
  endfacet
  facet normal -0.194193 -0.622442 0.758192
    outer loop
      vertex 2.60397 -48.6502 24.9249
      vertex 2.60397 -48.3486 25.1725
      vertex 2.21943 -48.3061 25.1089
    endloop
  endfacet
  facet normal 0.382535 -0.631654 0.6743
    outer loop
      vertex 9.38057 -48.5961 24.8709
      vertex 9.74279 -48.9675 24.3175
      vertex 9.74279 -48.49 24.7648
    endloop
  endfacet
  facet normal 0.382535 -0.631654 0.6743
    outer loop
      vertex 9.74279 -48.9675 24.3175
      vertex 9.38057 -48.5961 24.8709
      vertex 9.38057 -49.0736 24.4236
    endloop
  endfacet
  facet normal 0.553669 -0.528186 0.643794
    outer loop
      vertex 10.0688 -48.1017 24.803
      vertex 9.74279 -48.2227 24.9841
      vertex 9.74279 -48.49 24.7648
    endloop
  endfacet
  facet normal 0.923749 -0.223067 0.311334
    outer loop
      vertex 10.5638 -47.2608 24.7166
      vertex 10.7139 -46.5277 24.7965
      vertex 10.5638 -46.7289 25.0977
    endloop
  endfacet
  facet normal 0.923771 -0.223064 0.311272
    outer loop
      vertex 10.7139 -46.5277 24.7965
      vertex 10.5638 -47.2608 24.7166
      vertex 10.7139 -47.0595 24.4154
    endloop
  endfacet
  facet normal 0.831381 -0.32371 0.451682
    outer loop
      vertex 10.346 -47.4419 24.9876
      vertex 10.5638 -46.7289 25.0977
      vertex 10.346 -46.91 25.3688
    endloop
  endfacet
  facet normal 0.831318 -0.323709 0.451799
    outer loop
      vertex 10.5638 -46.7289 25.0977
      vertex 10.346 -47.4419 24.9876
      vertex 10.5638 -47.2608 24.7166
    endloop
  endfacet
  facet normal 0.381063 -0.88476 0.268311
    outer loop
      vertex 9.74279 -51.7479 19.889
      vertex 9.38057 -51.8865 19.9464
      vertex 9.38057 -51.9954 19.5873
    endloop
  endfacet
  facet normal 0.194211 -0.938743 0.284681
    outer loop
      vertex 9.38057 -51.8865 19.9464
      vertex 8.99603 -51.9572 19.9756
      vertex 9.38057 -51.9954 19.5873
    endloop
  endfacet
  facet normal 0.705438 -0.67825 0.205755
    outer loop
      vertex 10.346 -51.3627 19.4615
      vertex 10.346 -51.2905 19.6995
      vertex 10.0688 -51.6346 19.5156
    endloop
  endfacet
  facet normal 0.705522 -0.678218 0.20557
    outer loop
      vertex 10.346 -51.2905 19.6995
      vertex 10.0688 -51.5467 19.8056
      vertex 10.0688 -51.6346 19.5156
    endloop
  endfacet
  facet normal -0.923772 -0.325185 0.202239
    outer loop
      vertex 1.03616 -50.0932 21.5232
      vertex 0.886119 -49.4465 21.8777
      vertex 0.886119 -49.7921 21.322
    endloop
  endfacet
  facet normal -0.923803 -0.325147 0.202157
    outer loop
      vertex 0.886119 -49.4465 21.8777
      vertex 1.03616 -50.0932 21.5232
      vertex 1.03616 -49.7477 22.0789
    endloop
  endfacet
  facet normal -0.194195 -0.462462 0.865111
    outer loop
      vertex 2.21943 -46.7128 26.2506
      vertex 2.60397 -46.1782 26.6227
      vertex 2.21943 -46.1357 26.5591
    endloop
  endfacet
  facet normal -0.194195 -0.462462 0.865111
    outer loop
      vertex 2.60397 -46.1782 26.6227
      vertex 2.21943 -46.7128 26.2506
      vertex 2.60397 -46.7553 26.3142
    endloop
  endfacet
  facet normal -0.194193 -0.462373 0.865159
    outer loop
      vertex 2.60397 -46.1782 26.6227
      vertex 2.60397 -45.8341 26.8066
      vertex 2.21943 -46.1357 26.5591
    endloop
  endfacet
  facet normal -0.830266 -0.53331 -0.161984
    outer loop
      vertex 1.25398 -51.2905 12.3005
      vertex 1.03616 -51.043 12.6021
      vertex 1.03616 -50.9893 12.4253
    endloop
  endfacet
  facet normal -0.830236 -0.55473 -0.0546041
    outer loop
      vertex 1.25398 -51.8322 14.6948
      vertex 1.03616 -51.5703 15.346
      vertex 1.03616 -51.5062 14.6948
    endloop
  endfacet
  facet normal -0.830236 -0.55473 -0.0546041
    outer loop
      vertex 1.03616 -51.5703 15.346
      vertex 1.25398 -51.8322 14.6948
      vertex 1.25398 -51.8963 15.346
    endloop
  endfacet
  facet normal -0.382618 -0.911579 -0.150423
    outer loop
      vertex 1.85721 -52.1868 13.7053
      vertex 2.21943 -52.4405 14.3214
      vertex 1.85721 -52.2933 14.3507
    endloop
  endfacet
  facet normal -0.382405 -0.911643 -0.150575
    outer loop
      vertex 2.21943 -52.4405 14.3214
      vertex 1.85721 -52.1868 13.7053
      vertex 2.21943 -52.3339 13.676
    endloop
  endfacet
  facet normal -0.553646 -0.82874 -0.0816457
    outer loop
      vertex 1.85721 -52.2933 14.3507
      vertex 1.85721 -52.3272 14.6948
      vertex 1.53121 -52.0797 14.3932
    endloop
  endfacet
  facet normal -0.83134 -0.555467 0.0181758
    outer loop
      vertex 1.03616 -51.5917 16
      vertex 1.25398 -51.8963 16.654
      vertex 1.03616 -51.5703 16.654
    endloop
  endfacet
  facet normal -0.83134 -0.555467 0.0181758
    outer loop
      vertex 1.25398 -51.8963 16.654
      vertex 1.03616 -51.5917 16
      vertex 1.25398 -51.9177 16
    endloop
  endfacet
  facet normal -0.194933 -0.967706 0.159835
    outer loop
      vertex 2.21943 -52.3339 18.324
      vertex 2.60397 -52.5155 17.6935
      vertex 2.60397 -52.4089 18.3389
    endloop
  endfacet
  facet normal -0.194933 -0.967706 0.159835
    outer loop
      vertex 2.60397 -52.5155 17.6935
      vertex 2.21943 -52.3339 18.324
      vertex 2.21943 -52.4405 17.6786
    endloop
  endfacet
  facet normal -0.382405 -0.911643 0.150575
    outer loop
      vertex 1.85721 -52.1868 18.2947
      vertex 2.21943 -52.4405 17.6786
      vertex 2.21943 -52.3339 18.324
    endloop
  endfacet
  facet normal -0.382618 -0.911579 0.150423
    outer loop
      vertex 2.21943 -52.4405 17.6786
      vertex 1.85721 -52.1868 18.2947
      vertex 1.85721 -52.2933 17.6493
    endloop
  endfacet
  facet normal -0.830208 -0.533449 0.161824
    outer loop
      vertex 1.03616 -51.2329 18.7719
      vertex 1.25398 -51.3627 19.4615
      vertex 1.03616 -51.043 19.3979
    endloop
  endfacet
  facet normal -0.830208 -0.533449 0.161824
    outer loop
      vertex 1.25398 -51.3627 19.4615
      vertex 1.03616 -51.2329 18.7719
      vertex 1.25398 -51.5526 18.8355
    endloop
  endfacet
  facet normal -0.555468 -0.820443 0.135385
    outer loop
      vertex 1.53121 -51.9731 18.2522
      vertex 1.85721 -52.2933 17.6493
      vertex 1.85721 -52.1868 18.2947
    endloop
  endfacet
  facet normal -0.555296 -0.820536 0.135527
    outer loop
      vertex 1.85721 -52.2933 17.6493
      vertex 1.53121 -51.9731 18.2522
      vertex 1.53121 -52.0797 17.6068
    endloop
  endfacet
  facet normal -0.195003 -0.917935 0.3455
    outer loop
      vertex 2.21943 -51.656 20.5588
      vertex 2.60397 -51.9572 19.9756
      vertex 2.60397 -51.7267 20.588
    endloop
  endfacet
  facet normal -0.195003 -0.917935 0.3455
    outer loop
      vertex 2.60397 -51.9572 19.9756
      vertex 2.21943 -51.656 20.5588
      vertex 2.21943 -51.8865 19.9464
    endloop
  endfacet
  facet normal -0.194193 -0.865159 0.462373
    outer loop
      vertex 2.60397 -51.1482 21.7611
      vertex 2.60397 -50.9643 22.1052
      vertex 2.21943 -50.9007 22.0627
    endloop
  endfacet
  facet normal -0.194998 -0.832871 0.517978
    outer loop
      vertex 2.21943 -50.5551 22.6184
      vertex 2.60397 -50.9643 22.1052
      vertex 2.60397 -50.6187 22.6609
    endloop
  endfacet
  facet normal -0.194998 -0.832871 0.517978
    outer loop
      vertex 2.60397 -50.9643 22.1052
      vertex 2.21943 -50.5551 22.6184
      vertex 2.21943 -50.9007 22.0627
    endloop
  endfacet
  facet normal -0.194858 -0.670547 0.715819
    outer loop
      vertex 2.21943 -49.0736 24.4236
      vertex 2.60397 -48.6502 24.9249
      vertex 2.21943 -48.5961 24.8709
    endloop
  endfacet
  facet normal -0.195037 -0.670443 0.715868
    outer loop
      vertex 2.60397 -48.6502 24.9249
      vertex 2.21943 -49.0736 24.4236
      vertex 2.60397 -49.1277 24.4777
    endloop
  endfacet
  facet normal -0.195037 -0.715873 0.670437
    outer loop
      vertex 2.21943 -49.0736 24.4236
      vertex 2.60397 -49.5748 24.0003
      vertex 2.60397 -49.1277 24.4777
    endloop
  endfacet
  facet normal -0.195037 -0.715873 0.670437
    outer loop
      vertex 2.60397 -49.5748 24.0003
      vertex 2.21943 -49.0736 24.4236
      vertex 2.21943 -49.5207 23.9462
    endloop
  endfacet
  facet normal -0.382541 -0.864715 0.325468
    outer loop
      vertex 1.85721 -51.5174 20.5013
      vertex 2.21943 -51.8865 19.9464
      vertex 2.21943 -51.656 20.5588
    endloop
  endfacet
  facet normal -0.382465 -0.864727 0.325526
    outer loop
      vertex 2.21943 -51.8865 19.9464
      vertex 1.85721 -51.5174 20.5013
      vertex 1.85721 -51.7479 19.889
    endloop
  endfacet
  facet normal -0.980609 -0.187482 -0.0570597
    outer loop
      vertex 0.886119 -50.6547 12.5639
      vertex 0.80963 -50.3106 12.7478
      vertex 0.80963 -50.2994 12.711
    endloop
  endfacet
  facet normal -0.830232 -0.16179 -0.533423
    outer loop
      vertex 1.25398 -44.1116 5.28732
      vertex 1.03616 -43.4218 5.41712
      vertex 1.25398 -43.4854 5.09739
    endloop
  endfacet
  facet normal -0.830232 -0.16179 -0.533423
    outer loop
      vertex 1.03616 -43.4218 5.41712
      vertex 1.25398 -44.1116 5.28732
      vertex 1.03616 -44.048 5.60705
    endloop
  endfacet
  facet normal -0.553697 -0.081595 -0.828711
    outer loop
      vertex 1.85721 -42.2994 4.35669
      vertex 1.53121 -42.2569 4.57032
      vertex 1.85721 -41.9552 4.3228
    endloop
  endfacet
  facet normal -0.831335 -0.126213 -0.541251
    outer loop
      vertex 1.25398 -43.4854 5.09739
      vertex 1.03616 -42.7845 5.26851
      vertex 1.25398 -42.8481 4.94878
    endloop
  endfacet
  facet normal -0.831335 -0.126213 -0.541251
    outer loop
      vertex 1.03616 -42.7845 5.26851
      vertex 1.25398 -43.4854 5.09739
      vertex 1.03616 -43.4218 5.41712
    endloop
  endfacet
  facet normal -0.553707 -0.0815796 -0.828706
    outer loop
      vertex 1.85721 -41.9552 4.3228
      vertex 1.53121 -42.2569 4.57032
      vertex 1.53121 -41.9552 4.54062
    endloop
  endfacet
  facet normal -0.7054 -0.0694411 -0.7054
    outer loop
      vertex 1.53121 -42.2569 4.57032
      vertex 1.25398 -41.9552 4.81785
      vertex 1.53121 -41.9552 4.54062
    endloop
  endfacet
  facet normal -0.923225 -0.0376671 -0.382409
    outer loop
      vertex 1.03616 -42.1392 5.16196
      vertex 0.886119 -42.0685 5.51723
      vertex 0.886119 -41.9552 5.50607
    endloop
  endfacet
  facet normal -0.830227 -0.0546309 -0.554741
    outer loop
      vertex 1.25398 -41.9552 4.81785
      vertex 1.03616 -41.3039 5.0797
      vertex 1.25398 -41.3039 4.75371
    endloop
  endfacet
  facet normal -0.830235 -0.0546382 -0.554729
    outer loop
      vertex 1.03616 -41.3039 5.0797
      vertex 1.25398 -41.9552 4.81785
      vertex 1.03616 -41.9552 5.14385
    endloop
  endfacet
  facet normal -0.381057 -0.268389 -0.884739
    outer loop
      vertex 1.85721 -44.2082 4.80177
      vertex 2.21943 -43.6113 4.46469
      vertex 2.21943 -44.2374 4.65462
    endloop
  endfacet
  facet normal -0.381143 -0.268327 -0.884721
    outer loop
      vertex 2.21943 -43.6113 4.46469
      vertex 1.85721 -44.2082 4.80177
      vertex 1.85721 -43.582 4.61185
    endloop
  endfacet
  facet normal 0.194977 -0.222722 -0.955185
    outer loop
      vertex 8.99603 -42.9889 4.24107
      vertex 9.38057 -43.6113 4.46469
      vertex 8.99603 -43.6262 4.38967
    endloop
  endfacet
  facet normal 0.195033 -0.222686 -0.955182
    outer loop
      vertex 9.38057 -43.6113 4.46469
      vertex 8.99603 -42.9889 4.24107
      vertex 9.38057 -42.9739 4.31609
    endloop
  endfacet
  facet normal 0.553696 -0.0815803 -0.828713
    outer loop
      vertex 10.0688 -41.9552 4.54062
      vertex 10.0688 -42.2569 4.57032
      vertex 9.74279 -41.9552 4.3228
    endloop
  endfacet
  facet normal 0.553685 -0.0815958 -0.828719
    outer loop
      vertex 9.74279 -41.9552 4.3228
      vertex 10.0688 -42.2569 4.57032
      vertex 9.74279 -42.2994 4.35669
    endloop
  endfacet
  facet normal -0.381249 -0.920026 -0.0905615
    outer loop
      vertex 1.85721 -52.3272 14.6948
      vertex 2.21943 -52.5414 15.346
      vertex 1.85721 -52.3913 15.346
    endloop
  endfacet
  facet normal -0.381027 -0.920103 -0.0907104
    outer loop
      vertex 2.21943 -52.5414 15.346
      vertex 1.85721 -52.3272 14.6948
      vertex 2.21943 -52.4772 14.6948
    endloop
  endfacet
  facet normal -0.194128 -0.976272 -0.0959539
    outer loop
      vertex 2.60397 -52.5155 14.3065
      vertex 2.21943 -52.4772 14.6948
      vertex 2.21943 -52.4405 14.3214
    endloop
  endfacet
  facet normal -0.194214 -0.976247 -0.0960407
    outer loop
      vertex 2.60397 -52.5155 14.3065
      vertex 2.60397 -52.5537 14.6948
      vertex 2.21943 -52.4772 14.6948
    endloop
  endfacet
  facet normal -0.923236 -0.243763 -0.297011
    outer loop
      vertex 1.03616 -47.7666 7.69855
      vertex 0.886119 -47.0595 7.58461
      vertex 1.03616 -47.2608 7.28343
    endloop
  endfacet
  facet normal -0.923236 -0.243763 -0.297011
    outer loop
      vertex 0.886119 -47.0595 7.58461
      vertex 1.03616 -47.7666 7.69855
      vertex 0.886119 -47.5653 7.99973
    endloop
  endfacet
  facet normal -0.980765 -0.142468 -0.133429
    outer loop
      vertex 0.886119 -48.5779 8.99655
      vertex 0.80963 -47.8589 8.79107
      vertex 0.886119 -48.1308 8.51916
    endloop
  endfacet
  facet normal -0.980765 -0.142468 -0.133429
    outer loop
      vertex 0.80963 -47.8589 8.79107
      vertex 0.886119 -48.5779 8.99655
      vertex 0.80963 -48.306 9.26846
    endloop
  endfacet
  facet normal -0.706916 -0.373498 -0.600641
    outer loop
      vertex 1.53121 -46.5084 6.05524
      vertex 1.25398 -46.91 6.63125
      vertex 1.25398 -46.3544 6.28576
    endloop
  endfacet
  facet normal -0.706916 -0.373498 -0.600641
    outer loop
      vertex 1.25398 -46.91 6.63125
      vertex 1.53121 -46.5084 6.05524
      vertex 1.53121 -47.064 6.40073
    endloop
  endfacet
  facet normal -0.706887 -0.51626 -0.483514
    outer loop
      vertex 1.53121 -49.2606 8.31387
      vertex 1.25398 -48.6175 8.03252
      vertex 1.53121 -48.8135 7.83649
    endloop
  endfacet
  facet normal -0.706896 -0.516259 -0.483503
    outer loop
      vertex 1.25398 -48.6175 8.03252
      vertex 1.53121 -49.2606 8.31387
      vertex 1.25398 -49.0646 8.50991
    endloop
  endfacet
  facet normal 0.980597 -0.0924149 -0.172883
    outer loop
      vertex 10.7904 -45.7584 7.17772
      vertex 10.7139 -45.3949 6.5495
      vertex 10.7904 -45.1813 6.86923
    endloop
  endfacet
  facet normal 0.980602 -0.0923922 -0.17287
    outer loop
      vertex 10.7139 -45.3949 6.5495
      vertex 10.7904 -45.7584 7.17772
      vertex 10.7139 -45.9721 6.85799
    endloop
  endfacet
  facet normal 0.980597 -0.0923907 -0.172899
    outer loop
      vertex 10.7139 -45.2945 6.49585
      vertex 10.7904 -45.1813 6.86923
      vertex 10.7139 -45.3949 6.5495
    endloop
  endfacet
  facet normal 0.923166 0.0376725 -0.38255
    outer loop
      vertex 10.5638 -26.4661 5.07532
      vertex 10.7139 -26.65 5.41943
      vertex 10.5638 -26.65 5.05721
    endloop
  endfacet
  facet normal 0.70541 0.67826 0.205817
    outer loop
      vertex 10.0688 -25.1337 26.3016
      vertex 10.0688 -25.2217 26.5916
      vertex 10.346 -25.4778 26.4855
    endloop
  endfacet
  facet normal 0.705399 0.705399 0.069464
    outer loop
      vertex 10.0688 -25.104 26
      vertex 10.0688 -25.1337 26.3016
      vertex 10.346 -25.3812 26
    endloop
  endfacet
  facet normal 0.705438 0.705352 0.0695378
    outer loop
      vertex 10.346 -25.3812 26
      vertex 10.0688 -25.1337 26.3016
      vertex 10.346 -25.4056 26.2475
    endloop
  endfacet
  facet normal 0.830233 0.554728 0.0546883
    outer loop
      vertex 10.346 -25.3812 26
      vertex 10.346 -25.4056 26.2475
      vertex 10.5638 -25.7253 26.1839
    endloop
  endfacet
  facet normal 0.923187 0.297158 -0.243767
    outer loop
      vertex 10.5638 -25.8661 5.47621
      vertex 10.7139 -26.2395 5.58948
      vertex 10.5638 -25.9833 5.33334
    endloop
  endfacet
  facet normal 0.92318 0.338919 -0.18131
    outer loop
      vertex 10.5638 -25.8661 5.47621
      vertex 10.7139 -26.1136 5.77783
      vertex 10.7139 -26.1673 5.67745
    endloop
  endfacet
  facet normal 0.705427 -0.334138 -0.62508
    outer loop
      vertex 10.346 -46.3544 6.28576
      vertex 10.0688 -45.9313 5.74676
      vertex 10.346 -45.7773 5.97727
    endloop
  endfacet
  facet normal 0.705438 -0.334124 -0.625075
    outer loop
      vertex 10.0688 -45.9313 5.74676
      vertex 10.346 -46.3544 6.28576
      vertex 10.0688 -46.5084 6.05524
    endloop
  endfacet
  facet normal 0.923183 -0.243805 -0.297141
    outer loop
      vertex 10.5638 -47.7666 7.69855
      vertex 10.7139 -47.6533 8.07193
      vertex 10.5638 -47.9095 7.8158
    endloop
  endfacet
  facet normal 0.980758 -0.0805743 -0.177824
    outer loop
      vertex 10.7139 -45.2945 6.49585
      vertex 10.7904 -44.5515 6.58111
      vertex 10.7904 -45.1474 6.85112
    endloop
  endfacet
  facet normal 0.980757 -0.0805737 -0.177829
    outer loop
      vertex 10.7904 -44.5515 6.58111
      vertex 10.7139 -45.2945 6.49585
      vertex 10.7139 -44.6986 6.22585
    endloop
  endfacet
  facet normal 0.553683 0.392597 -0.734372
    outer loop
      vertex 9.74279 -25.6701 4.53342
      vertex 10.0688 -25.7911 4.71453
      vertex 9.74279 -25.975 4.37042
    endloop
  endfacet
  facet normal 0.19419 0.284779 -0.938718
    outer loop
      vertex 8.99603 -25.8883 4.16114
      vertex 9.38057 -25.9176 4.2318
      vertex 9.38057 -26.2766 4.12289
    endloop
  endfacet
  facet normal 0.194187 0.0961658 -0.97624
    outer loop
      vertex 8.99603 -26.2617 4.04788
      vertex 9.38057 -26.65 4.08612
      vertex 8.99603 -26.65 4.00963
    endloop
  endfacet
  facet normal -0.194187 -0.0961551 -0.976241
    outer loop
      vertex 2.21943 -41.9552 4.17276
      vertex 2.60397 -41.3039 4.03212
      vertex 2.60397 -41.9552 4.09627
    endloop
  endfacet
  facet normal -0.194187 -0.0961551 -0.976241
    outer loop
      vertex 2.60397 -41.3039 4.03212
      vertex 2.21943 -41.9552 4.17276
      vertex 2.21943 -41.3039 4.10861
    endloop
  endfacet
  facet normal -0.382516 -0.0302439 -0.923454
    outer loop
      vertex 1.85721 -41.3039 4.25865
      vertex 2.21943 -40.6172 4.08612
      vertex 2.21943 -41.3039 4.10861
    endloop
  endfacet
  facet normal -0.382516 -0.0302439 -0.923454
    outer loop
      vertex 2.21943 -40.6172 4.08612
      vertex 1.85721 -41.3039 4.25865
      vertex 1.85721 -40.6172 4.23616
    endloop
  endfacet
  facet normal 0 0.0980318 -0.995183
    outer loop
      vertex 8.99603 -26.65 4.00963
      vertex 4.44952 -26.2617 4.04788
      vertex 8.99603 -26.2617 4.04788
    endloop
  endfacet
  facet normal -1.96185e-07 0.0980296 -0.995184
    outer loop
      vertex 8.99603 -26.65 4.00963
      vertex 3.47852 -26.422 4.03209
      vertex 4.44952 -26.2617 4.04788
    endloop
  endfacet
  facet normal 0 0.0980343 -0.995183
    outer loop
      vertex 2.60397 -26.65 4.00963
      vertex 3.47852 -26.422 4.03209
      vertex 8.99603 -26.65 4.00963
    endloop
  endfacet
  facet normal 1.5349e-05 0.0979759 -0.995189
    outer loop
      vertex 3.47852 -26.422 4.03209
      vertex 2.60397 -26.65 4.00963
      vertex 2.60397 -26.5081 4.0236
    endloop
  endfacet
  facet normal -0.381115 0.0906541 -0.920072
    outer loop
      vertex 1.85721 -26.65 4.23616
      vertex 2.12026 -26.5558 4.13648
      vertex 2.21943 -26.65 4.08612
    endloop
  endfacet
  facet normal -0.381117 0.09066 -0.920071
    outer loop
      vertex 2.12026 -26.5558 4.13648
      vertex 1.85721 -26.65 4.23616
      vertex 1.85721 -26.5817 4.24289
    endloop
  endfacet
  facet normal -0.553653 0.08166 -0.828734
    outer loop
      vertex 1.85721 -26.65 4.23616
      vertex 1.79048 -26.5883 4.28682
      vertex 1.85721 -26.5817 4.24289
    endloop
  endfacet
  facet normal -0.555353 -0.0272215 -0.831169
    outer loop
      vertex 1.53121 -41.3039 4.47647
      vertex 1.85721 -40.6172 4.23616
      vertex 1.85721 -41.3039 4.25865
    endloop
  endfacet
  facet normal -0.555353 -0.0272215 -0.831169
    outer loop
      vertex 1.85721 -40.6172 4.23616
      vertex 1.53121 -41.3039 4.47647
      vertex 1.53121 -40.6172 4.45398
    endloop
  endfacet
  facet normal 0 -0.098021 -0.995184
    outer loop
      vertex 2.60397 -41.9552 4.09627
      vertex 8.99603 -41.3039 4.03212
      vertex 8.99603 -41.9552 4.09627
    endloop
  endfacet
  facet normal -0 -0.098021 -0.995184
    outer loop
      vertex 8.99603 -41.3039 4.03212
      vertex 2.60397 -41.9552 4.09627
      vertex 2.60397 -41.3039 4.03212
    endloop
  endfacet
  facet normal 0 -0.0980064 -0.995186
    outer loop
      vertex 2.60397 -42.3435 4.13451
      vertex 8.99603 -41.9552 4.09627
      vertex 8.99603 -42.3435 4.13451
    endloop
  endfacet
  facet normal -0 -0.0980064 -0.995186
    outer loop
      vertex 8.99603 -41.9552 4.09627
      vertex 2.60397 -42.3435 4.13451
      vertex 2.60397 -41.9552 4.09627
    endloop
  endfacet
  facet normal -0.923238 -0.297063 -0.243689
    outer loop
      vertex 1.03616 -48.9513 8.88329
      vertex 0.886119 -48.5779 8.99655
      vertex 1.03616 -48.8341 8.74042
    endloop
  endfacet
  facet normal -0.705379 -0.449632 -0.547971
    outer loop
      vertex 1.53121 -48.336 7.38925
      vertex 1.25398 -48.14 7.58529
      vertex 1.25398 -47.9477 7.4275
    endloop
  endfacet
  facet normal -0.705394 -0.449647 -0.547939
    outer loop
      vertex 1.53121 -48.336 7.38925
      vertex 1.25398 -47.9477 7.4275
      vertex 1.53121 -48.1017 7.19698
    endloop
  endfacet
  facet normal 0.381195 -0.714591 -0.586558
    outer loop
      vertex 9.74279 -49.4146 8.15985
      vertex 9.74279 -49.634 8.42714
      vertex 9.38057 -49.7588 8.34378
    endloop
  endfacet
  facet normal 0.705414 -0.547883 -0.449683
    outer loop
      vertex 10.346 -49.0646 8.50991
      vertex 10.346 -49.2224 8.70217
      vertex 10.0688 -49.2606 8.31387
    endloop
  endfacet
  facet normal 0.830246 -0.430856 -0.353631
    outer loop
      vertex 10.346 -49.0646 8.50991
      vertex 10.5638 -48.8341 8.74042
      vertex 10.346 -49.2224 8.70217
    endloop
  endfacet
  facet normal -0.923242 -0.111426 0.367707
    outer loop
      vertex 0.886119 -44.0862 26.0047
      vertex 1.03616 -44.048 26.393
      vertex 0.886119 -43.9773 26.0377
    endloop
  endfacet
  facet normal -0.923796 -0.382681 0.012522
    outer loop
      vertex 0.886119 -51.2295 16
      vertex 1.03616 -51.5703 16.654
      vertex 0.886119 -51.2081 16.654
    endloop
  endfacet
  facet normal -0.923796 -0.382681 0.012522
    outer loop
      vertex 1.03616 -51.5703 16.654
      vertex 0.886119 -51.2295 16
      vertex 1.03616 -51.5917 16
    endloop
  endfacet
  facet normal -0.980769 -0.103065 -0.165743
    outer loop
      vertex 0.886119 -45.9721 6.85799
      vertex 0.80963 -46.314 7.52321
      vertex 0.80963 -45.7584 7.17772
    endloop
  endfacet
  facet normal -0.980769 -0.103065 -0.165743
    outer loop
      vertex 0.80963 -46.314 7.52321
      vertex 0.886119 -45.9721 6.85799
      vertex 0.886119 -46.5277 7.20348
    endloop
  endfacet
  facet normal -0.980766 -0.177792 0.0805461
    outer loop
      vertex 0.80963 -50.0689 19.9014
      vertex 0.886119 -50.1541 20.6447
      vertex 0.80963 -49.7988 20.4976
    endloop
  endfacet
  facet normal -0.980766 -0.177792 0.0805461
    outer loop
      vertex 0.886119 -50.1541 20.6447
      vertex 0.80963 -50.0689 19.9014
      vertex 0.886119 -50.4242 20.0485
    endloop
  endfacet
  facet normal -0.830256 -0.491584 -0.262716
    outer loop
      vertex 1.25398 -50.3643 10.2957
      vertex 1.25398 -50.4815 10.515
      vertex 1.03616 -50.0932 10.4768
    endloop
  endfacet
  facet normal -0.830183 -0.491569 -0.262974
    outer loop
      vertex 1.25398 -50.4815 10.515
      vertex 1.03616 -50.1804 10.6398
      vertex 1.03616 -50.0932 10.4768
    endloop
  endfacet
  facet normal -0.923181 -0.339071 -0.181018
    outer loop
      vertex 1.03616 -50.0932 10.4768
      vertex 0.886119 -49.8457 10.7784
      vertex 0.886119 -49.7921 10.678
    endloop
  endfacet
  facet normal -0.705374 -0.625159 -0.334102
    outer loop
      vertex 1.53121 -50.5948 10.1417
      vertex 1.25398 -50.4815 10.515
      vertex 1.25398 -50.3643 10.2957
    endloop
  endfacet
  facet normal -0.555468 -0.809821 -0.188797
    outer loop
      vertex 1.53121 -51.8245 13.1104
      vertex 1.85721 -52.1868 13.7053
      vertex 1.53121 -51.9731 13.7478
    endloop
  endfacet
  facet normal -0.555295 -0.809906 -0.188944
    outer loop
      vertex 1.85721 -52.1868 13.7053
      vertex 1.53121 -51.8245 13.1104
      vertex 1.85721 -52.0381 13.0679
    endloop
  endfacet
  facet normal -0.706918 -0.688824 -0.160589
    outer loop
      vertex 1.53121 -51.8245 13.1104
      vertex 1.25398 -51.7012 13.8019
      vertex 1.25398 -51.5526 13.1645
    endloop
  endfacet
  facet normal -0.706918 -0.688824 -0.160589
    outer loop
      vertex 1.25398 -51.7012 13.8019
      vertex 1.53121 -51.8245 13.1104
      vertex 1.53121 -51.9731 13.7478
    endloop
  endfacet
  facet normal -0.555248 -0.75752 -0.343311
    outer loop
      vertex 1.53121 -51.046 10.9858
      vertex 1.85721 -51.5174 11.4987
      vertex 1.53121 -51.3162 11.582
    endloop
  endfacet
  facet normal -0.555411 -0.757469 -0.343161
    outer loop
      vertex 1.85721 -51.5174 11.4987
      vertex 1.53121 -51.046 10.9858
      vertex 1.85721 -51.2473 10.9025
    endloop
  endfacet
  facet normal -0.38095 -0.884766 -0.268451
    outer loop
      vertex 2.21943 -51.9954 12.4127
      vertex 1.85721 -51.8483 12.4419
      vertex 1.85721 -51.7479 12.111
    endloop
  endfacet
  facet normal -0.381063 -0.88476 -0.268311
    outer loop
      vertex 2.21943 -51.8865 12.0536
      vertex 2.21943 -51.9954 12.4127
      vertex 1.85721 -51.7479 12.111
    endloop
  endfacet
  facet normal 0.555481 -0.83108 -0.0273214
    outer loop
      vertex 9.74279 -52.3913 15.346
      vertex 10.0688 -52.1949 16
      vertex 9.74279 -52.4128 16
    endloop
  endfacet
  facet normal 0.555307 -0.831201 -0.0271983
    outer loop
      vertex 10.0688 -52.1949 16
      vertex 9.74279 -52.3913 15.346
      vertex 10.0688 -52.1735 15.346
    endloop
  endfacet
  facet normal 0.19421 -0.976227 -0.0962435
    outer loop
      vertex 8.99603 -52.5537 14.6948
      vertex 9.38057 -52.5414 15.346
      vertex 8.99603 -52.6179 15.346
    endloop
  endfacet
  facet normal 0.19421 -0.976227 -0.0962435
    outer loop
      vertex 9.38057 -52.5414 15.346
      vertex 8.99603 -52.5537 14.6948
      vertex 9.38057 -52.4772 14.6948
    endloop
  endfacet
  facet normal 0.381029 -0.920109 -0.0906472
    outer loop
      vertex 9.74279 -52.3272 14.6948
      vertex 9.38057 -52.4772 14.6948
      vertex 9.74279 -52.2933 14.3507
    endloop
  endfacet
  facet normal 0.553635 -0.828748 -0.0816464
    outer loop
      vertex 10.0688 -52.0797 14.3932
      vertex 9.74279 -52.3272 14.6948
      vertex 9.74279 -52.2933 14.3507
    endloop
  endfacet
  facet normal 0.553638 -0.796898 -0.241743
    outer loop
      vertex 9.74279 -52.0381 13.0679
      vertex 10.0688 -51.6346 12.4844
      vertex 10.0688 -51.8245 13.1104
    endloop
  endfacet
  facet normal 0.553813 -0.796822 -0.241592
    outer loop
      vertex 10.0688 -51.6346 12.4844
      vertex 9.74279 -52.0381 13.0679
      vertex 9.74279 -51.8483 12.4419
    endloop
  endfacet
  facet normal 0.555284 -0.820544 -0.135528
    outer loop
      vertex 9.74279 -52.2933 14.3507
      vertex 10.0688 -51.9731 13.7478
      vertex 10.0688 -52.0797 14.3932
    endloop
  endfacet
  facet normal 0.555456 -0.820451 -0.135386
    outer loop
      vertex 10.0688 -51.9731 13.7478
      vertex 9.74279 -52.2933 14.3507
      vertex 9.74279 -52.1868 13.7053
    endloop
  endfacet
  facet normal 0.831363 -0.555432 0.0181747
    outer loop
      vertex 10.346 -51.8963 16.654
      vertex 10.5638 -51.5917 16
      vertex 10.5638 -51.5703 16.654
    endloop
  endfacet
  facet normal 0.831363 -0.555432 0.0181747
    outer loop
      vertex 10.5638 -51.5917 16
      vertex 10.346 -51.8963 16.654
      vertex 10.346 -51.9177 16
    endloop
  endfacet
  facet normal 0.706918 -0.706918 0.0231316
    outer loop
      vertex 10.0688 -52.1949 16
      vertex 10.346 -51.8963 16.654
      vertex 10.0688 -52.1735 16.654
    endloop
  endfacet
  facet normal 0.706918 -0.706918 0.0231316
    outer loop
      vertex 10.346 -51.8963 16.654
      vertex 10.0688 -52.1949 16
      vertex 10.346 -51.9177 16
    endloop
  endfacet
  facet normal 0.553661 -0.828737 0.0815756
    outer loop
      vertex 9.74279 -52.3913 16.654
      vertex 10.0688 -52.1094 17.3052
      vertex 9.74279 -52.3272 17.3052
    endloop
  endfacet
  facet normal 0.553661 -0.828737 0.0815756
    outer loop
      vertex 10.0688 -52.1094 17.3052
      vertex 9.74279 -52.3913 16.654
      vertex 10.0688 -52.1735 16.654
    endloop
  endfacet
  facet normal 0.980602 -0.195076 0.0191116
    outer loop
      vertex 10.7904 -50.7556 17.3435
      vertex 10.7139 -51.1328 17.4185
      vertex 10.7139 -51.1439 17.3052
    endloop
  endfacet
  facet normal 0.923134 -0.382646 0.0374878
    outer loop
      vertex 10.7139 -51.1328 17.4185
      vertex 10.5638 -51.488 17.4891
      vertex 10.7139 -51.1439 17.3052
    endloop
  endfacet
  facet normal 0.923767 -0.37295 0.0869613
    outer loop
      vertex 10.5638 -51.2329 18.7719
      vertex 10.7139 -51.0262 18.0639
      vertex 10.7139 -50.8776 18.7012
    endloop
  endfacet
  facet normal 0.923759 -0.372973 0.0869529
    outer loop
      vertex 10.7139 -51.0262 18.0639
      vertex 10.5638 -51.2329 18.7719
      vertex 10.5638 -51.3815 18.1345
    endloop
  endfacet
  facet normal 0.92376 -0.377862 0.0623525
    outer loop
      vertex 10.5638 -51.488 17.4891
      vertex 10.7139 -51.0262 18.0639
      vertex 10.5638 -51.3815 18.1345
    endloop
  endfacet
  facet normal 0.923724 -0.377939 0.0624237
    outer loop
      vertex 10.7139 -51.0262 18.0639
      vertex 10.5638 -51.488 17.4891
      vertex 10.7139 -51.1328 17.4185
    endloop
  endfacet
  facet normal 0.923767 -0.37295 -0.0869613
    outer loop
      vertex 10.7139 -51.0262 13.9361
      vertex 10.5638 -51.2329 13.2281
      vertex 10.7139 -50.8776 13.2988
    endloop
  endfacet
  facet normal 0.923759 -0.372973 -0.0869529
    outer loop
      vertex 10.5638 -51.2329 13.2281
      vertex 10.7139 -51.0262 13.9361
      vertex 10.5638 -51.3815 13.8655
    endloop
  endfacet
  facet normal 0.980597 -0.195087 -0.0192301
    outer loop
      vertex 10.7904 -50.8198 15.3078
      vertex 10.7139 -51.1439 14.6948
      vertex 10.7904 -50.7556 14.6565
    endloop
  endfacet
  facet normal 0.980598 -0.195082 -0.0192326
    outer loop
      vertex 10.7139 -51.1439 14.6948
      vertex 10.7904 -50.8198 15.3078
      vertex 10.7139 -51.2081 15.346
    endloop
  endfacet
  facet normal 0.705452 -0.205716 -0.678247
    outer loop
      vertex 10.0688 -44.1657 5.01541
      vertex 10.346 -43.4854 5.09739
      vertex 10.346 -44.1116 5.28732
    endloop
  endfacet
  facet normal 0.705452 -0.205716 -0.678247
    outer loop
      vertex 10.346 -43.4854 5.09739
      vertex 10.0688 -44.1657 5.01541
      vertex 10.0688 -43.5395 4.82548
    endloop
  endfacet
  facet normal 0.555336 -0.188858 -0.809898
    outer loop
      vertex 9.74279 -42.9447 4.46324
      vertex 10.0688 -43.5395 4.82548
      vertex 9.74279 -43.582 4.61185
    endloop
  endfacet
  facet normal 0.555353 -0.188843 -0.80989
    outer loop
      vertex 10.0688 -43.5395 4.82548
      vertex 9.74279 -42.9447 4.46324
      vertex 10.0688 -42.9022 4.67688
    endloop
  endfacet
  facet normal 0.923182 -0.181178 -0.338982
    outer loop
      vertex 10.5638 -45.4332 6.1612
      vertex 10.7139 -45.2945 6.49585
      vertex 10.5638 -45.5962 6.24832
    endloop
  endfacet
  facet normal 0.923167 -0.11162 -0.367837
    outer loop
      vertex 10.5638 -44.048 5.60705
      vertex 10.7139 -44.0862 5.99535
      vertex 10.5638 -44.2248 5.6607
    endloop
  endfacet
  facet normal 0.9806 -0.151516 0.124362
    outer loop
      vertex 10.7139 -48.6501 22.9155
      vertex 10.7904 -48.7458 22.1957
      vertex 10.7904 -48.3304 22.7018
    endloop
  endfacet
  facet normal 0.9806 -0.151516 0.124362
    outer loop
      vertex 10.7904 -48.7458 22.1957
      vertex 10.7139 -48.6501 22.9155
      vertex 10.7139 -49.0655 22.4094
    endloop
  endfacet
  facet normal 0.923173 -0.297118 -0.24387
    outer loop
      vertex 10.7139 -49.0655 9.59063
      vertex 10.5638 -48.9513 8.88329
      vertex 10.7139 -48.6501 9.08453
    endloop
  endfacet
  facet normal 0.923173 -0.297118 -0.24387
    outer loop
      vertex 10.5638 -48.9513 8.88329
      vertex 10.7139 -49.0655 9.59063
      vertex 10.5638 -49.3667 9.38939
    endloop
  endfacet
  facet normal 0.923174 -0.297137 -0.243843
    outer loop
      vertex 10.7139 -48.5779 8.99655
      vertex 10.7139 -48.6501 9.08453
      vertex 10.5638 -48.9513 8.88329
    endloop
  endfacet
  facet normal 0.923731 -0.358489 -0.134931
    outer loop
      vertex 10.5638 -50.9893 12.4253
      vertex 10.7139 -50.4242 11.9515
      vertex 10.7139 -50.6547 12.5639
    endloop
  endfacet
  facet normal 0.923731 -0.358489 -0.134931
    outer loop
      vertex 10.7139 -50.4242 11.9515
      vertex 10.5638 -50.9893 12.4253
      vertex 10.5638 -50.7588 11.8129
    endloop
  endfacet
  facet normal 0.923152 -0.367842 -0.111726
    outer loop
      vertex 10.7139 -50.6547 12.5639
      vertex 10.5638 -51.043 12.6021
      vertex 10.5638 -50.9893 12.4253
    endloop
  endfacet
  facet normal 0.831323 -0.451779 -0.323725
    outer loop
      vertex 10.5638 -49.7477 9.9211
      vertex 10.346 -49.6377 9.20828
      vertex 10.5638 -49.3667 9.38939
    endloop
  endfacet
  facet normal 0.831323 -0.451779 -0.323725
    outer loop
      vertex 10.346 -49.6377 9.20828
      vertex 10.5638 -49.7477 9.9211
      vertex 10.346 -50.0187 9.73999
    endloop
  endfacet
  facet normal 0.831412 -0.548242 -0.0904676
    outer loop
      vertex 10.346 -51.8078 14.4473
      vertex 10.5638 -51.3815 13.8655
      vertex 10.5638 -51.488 14.5109
    endloop
  endfacet
  facet normal 0.831336 -0.548341 -0.0905689
    outer loop
      vertex 10.5638 -51.3815 13.8655
      vertex 10.346 -51.8078 14.4473
      vertex 10.346 -51.7012 13.8019
    endloop
  endfacet
  facet normal 0.555457 -0.809829 -0.188799
    outer loop
      vertex 9.74279 -52.1868 13.7053
      vertex 10.0688 -51.8245 13.1104
      vertex 10.0688 -51.9731 13.7478
    endloop
  endfacet
  facet normal 0.555283 -0.809914 -0.188946
    outer loop
      vertex 10.0688 -51.8245 13.1104
      vertex 9.74279 -52.1868 13.7053
      vertex 9.74279 -52.0381 13.0679
    endloop
  endfacet
  facet normal 0.705412 -0.625125 -0.334084
    outer loop
      vertex 10.346 -50.3643 10.2957
      vertex 10.346 -50.4815 10.515
      vertex 10.0688 -50.5948 10.1417
    endloop
  endfacet
  facet normal 0.92318 -0.338972 -0.181208
    outer loop
      vertex 10.7139 -50.1541 11.3553
      vertex 10.5638 -50.1804 10.6398
      vertex 10.7139 -49.8457 10.7784
    endloop
  endfacet
  facet normal 0.923149 -0.339063 -0.181198
    outer loop
      vertex 10.5638 -50.1804 10.6398
      vertex 10.7139 -50.1541 11.3553
      vertex 10.5638 -50.4887 11.2167
    endloop
  endfacet
  facet normal 0.705446 -0.3341 -0.625079
    outer loop
      vertex 10.0688 -45.664 5.60389
      vertex 10.346 -45.5579 5.86002
      vertex 10.0688 -45.9313 5.74676
    endloop
  endfacet
  facet normal 0.555327 -0.439154 -0.706226
    outer loop
      vertex 9.74279 -46.6294 5.87413
      vertex 10.0688 -47.064 6.40073
      vertex 9.74279 -47.185 6.21962
    endloop
  endfacet
  facet normal 0.555327 -0.439154 -0.706226
    outer loop
      vertex 10.0688 -47.064 6.40073
      vertex 9.74279 -46.6294 5.87413
      vertex 10.0688 -46.5084 6.05524
    endloop
  endfacet
  facet normal 0.381154 -0.435838 -0.815333
    outer loop
      vertex 9.38057 -46.1357 5.44089
      vertex 9.74279 -46.6294 5.87413
      vertex 9.38057 -46.7128 5.74938
    endloop
  endfacet
  facet normal 0.381173 -0.435823 -0.815332
    outer loop
      vertex 9.74279 -46.6294 5.87413
      vertex 9.38057 -46.1357 5.44089
      vertex 9.74279 -46.0523 5.56565
    endloop
  endfacet
  facet normal 0.92377 -0.279508 -0.261773
    outer loop
      vertex 10.5638 -48.8341 8.74042
      vertex 10.7139 -48.1308 8.51916
      vertex 10.7139 -48.5779 8.99655
    endloop
  endfacet
  facet normal 0.92377 -0.279508 -0.261773
    outer loop
      vertex 10.7139 -48.1308 8.51916
      vertex 10.5638 -48.8341 8.74042
      vertex 10.5638 -48.387 8.26303
    endloop
  endfacet
  facet normal 0.83135 -0.323698 -0.451748
    outer loop
      vertex 10.346 -47.4419 7.01238
      vertex 10.5638 -46.7289 6.9023
      vertex 10.5638 -47.2608 7.28343
    endloop
  endfacet
  facet normal 0.83135 -0.323698 -0.451748
    outer loop
      vertex 10.5638 -46.7289 6.9023
      vertex 10.346 -47.4419 7.01238
      vertex 10.346 -46.91 6.63125
    endloop
  endfacet
  facet normal -0.555332 -0.675937 -0.484474
    outer loop
      vertex 1.53121 -49.8682 9.05425
      vertex 1.85721 -50.4304 9.46495
      vertex 1.53121 -50.2493 9.58596
    endloop
  endfacet
  facet normal -0.555332 -0.675937 -0.484474
    outer loop
      vertex 1.85721 -50.4304 9.46495
      vertex 1.53121 -49.8682 9.05425
      vertex 1.85721 -50.0493 8.93324
    endloop
  endfacet
  facet normal -0.381163 -0.815319 -0.435855
    outer loop
      vertex 1.85721 -50.9389 10.3256
      vertex 2.21943 -51.3859 10.845
      vertex 1.85721 -51.2473 10.9025
    endloop
  endfacet
  facet normal -0.381058 -0.815326 -0.435934
    outer loop
      vertex 2.21943 -51.3859 10.845
      vertex 1.85721 -50.9389 10.3256
      vertex 2.21943 -51.0775 10.2682
    endloop
  endfacet
  facet normal -0.382547 -0.784625 -0.487875
    outer loop
      vertex 1.85721 -50.4304 9.46495
      vertex 2.21943 -50.9007 9.93729
      vertex 1.85721 -50.7759 10.0206
    endloop
  endfacet
  facet normal -0.38242 -0.784626 -0.487973
    outer loop
      vertex 2.21943 -50.9007 9.93729
      vertex 1.85721 -50.4304 9.46495
      vertex 2.21943 -50.5551 9.38159
    endloop
  endfacet
  facet normal 0.382581 -0.538141 -0.751023
    outer loop
      vertex 9.38057 -47.2684 6.09487
      vertex 9.74279 -47.7169 6.60076
      vertex 9.38057 -47.8003 6.476
    endloop
  endfacet
  facet normal 0.382563 -0.538155 -0.751022
    outer loop
      vertex 9.74279 -47.7169 6.60076
      vertex 9.38057 -47.2684 6.09487
      vertex 9.74279 -47.185 6.21962
    endloop
  endfacet
  facet normal 0.195019 -0.670469 -0.715848
    outer loop
      vertex 8.99603 -48.6502 7.07505
      vertex 9.38057 -49.0736 7.57637
      vertex 8.99603 -49.1277 7.52228
    endloop
  endfacet
  facet normal 0.195019 -0.670469 -0.715848
    outer loop
      vertex 9.38057 -49.0736 7.57637
      vertex 8.99603 -48.6502 7.07505
      vertex 9.38057 -48.5961 7.12914
    endloop
  endfacet
  facet normal 0.830274 -0.430819 0.35361
    outer loop
      vertex 10.346 -49.2224 23.2978
      vertex 10.5638 -49.3667 22.6106
      vertex 10.5638 -48.9513 23.1167
    endloop
  endfacet
  facet normal 0.830216 -0.430928 0.353614
    outer loop
      vertex 10.5638 -49.3667 22.6106
      vertex 10.346 -49.2224 23.2978
      vertex 10.346 -49.6377 22.7917
    endloop
  endfacet
  facet normal 0.980598 -0.0923693 -0.172906
    outer loop
      vertex 10.7904 -45.1474 6.85112
      vertex 10.7904 -45.1813 6.86923
      vertex 10.7139 -45.2945 6.49585
    endloop
  endfacet
  facet normal 0.705416 -0.334151 0.625085
    outer loop
      vertex 10.0688 -45.9313 26.2532
      vertex 10.346 -46.3544 25.7142
      vertex 10.346 -45.7773 26.0227
    endloop
  endfacet
  facet normal 0.705525 -0.334016 0.625035
    outer loop
      vertex 10.346 -46.3544 25.7142
      vertex 10.0688 -45.9313 26.2532
      vertex 10.0688 -46.5084 25.9448
    endloop
  endfacet
  facet normal 0.706929 -0.291903 0.64424
    outer loop
      vertex 10.0688 -45.664 26.3961
      vertex 10.346 -44.962 26.41
      vertex 10.0688 -45.0681 26.6661
    endloop
  endfacet
  facet normal 0.706929 -0.291903 0.64424
    outer loop
      vertex 10.346 -44.962 26.41
      vertex 10.0688 -45.664 26.3961
      vertex 10.346 -45.5579 26.14
    endloop
  endfacet
  facet normal 0.923185 -0.181175 0.338976
    outer loop
      vertex 10.5638 -45.5962 25.7517
      vertex 10.7139 -45.9721 25.142
      vertex 10.7139 -45.3949 25.4505
    endloop
  endfacet
  facet normal 0.923168 -0.181218 0.338999
    outer loop
      vertex 10.7139 -45.9721 25.142
      vertex 10.5638 -45.5962 25.7517
      vertex 10.5638 -46.1733 25.4432
    endloop
  endfacet
  facet normal 0.980759 -0.133451 -0.142484
    outer loop
      vertex 10.7904 -47.8589 8.79107
      vertex 10.7139 -47.6533 8.07193
      vertex 10.7904 -47.3814 8.34384
    endloop
  endfacet
  facet normal 0.980759 -0.133451 -0.142484
    outer loop
      vertex 10.7139 -47.6533 8.07193
      vertex 10.7904 -47.8589 8.79107
      vertex 10.7139 -48.1308 8.51916
    endloop
  endfacet
  facet normal 0.980759 -0.142488 -0.133447
    outer loop
      vertex 10.7139 -48.5779 8.99655
      vertex 10.7904 -47.8589 8.79107
      vertex 10.7904 -48.306 9.26846
    endloop
  endfacet
  facet normal 0.980759 -0.142488 -0.133447
    outer loop
      vertex 10.7904 -47.8589 8.79107
      vertex 10.7139 -48.5779 8.99655
      vertex 10.7139 -48.1308 8.51916
    endloop
  endfacet
  facet normal 0.923186 -0.111542 0.367813
    outer loop
      vertex 10.5638 -44.048 26.393
      vertex 10.7139 -43.3511 26.2276
      vertex 10.5638 -43.4218 26.5829
    endloop
  endfacet
  facet normal 0.923186 -0.111542 0.367813
    outer loop
      vertex 10.7139 -43.3511 26.2276
      vertex 10.5638 -44.048 26.393
      vertex 10.7139 -43.9773 26.0377
    endloop
  endfacet
  facet normal 0.980602 0.0923584 -0.172885
    outer loop
      vertex 10.7139 -26.4278 5.46362
      vertex 10.7904 -26.5411 5.837
      vertex 10.7904 -26.575 5.81889
    endloop
  endfacet
  facet normal 0.553732 0.392519 -0.734377
    outer loop
      vertex 9.74279 -25.975 4.37042
      vertex 10.0688 -25.7911 4.71453
      vertex 10.0688 -26.0584 4.57166
    endloop
  endfacet
  facet normal 0.381153 0.435812 -0.815347
    outer loop
      vertex 9.38057 -25.5867 4.40867
      vertex 9.74279 -25.6701 4.53342
      vertex 9.38057 -25.9176 4.2318
    endloop
  endfacet
  facet normal 0.381114 0.884724 -0.268357
    outer loop
      vertex 9.44307 -24.9057 5.2775
      vertex 9.52811 -24.8737 5.50377
      vertex 9.74279 -25.0204 5.32501
    endloop
  endfacet
  facet normal 0.381114 0.81536 -0.435821
    outer loop
      vertex 9.74279 -25.1834 5.02006
      vertex 9.44307 -24.9057 5.2775
      vertex 9.74279 -25.0204 5.32501
    endloop
  endfacet
  facet normal 0.380534 0.815303 -0.436435
    outer loop
      vertex 9.44307 -24.9057 5.2775
      vertex 9.74279 -25.1834 5.02006
      vertex 9.41981 -24.9145 5.24078
    endloop
  endfacet
  facet normal 0 0.634414 -0.772994
    outer loop
      vertex 8.99603 -25.5442 4.34507
      vertex 8.5436 -25.2426 4.5926
      vertex 8.99603 -25.2426 4.5926
    endloop
  endfacet
  facet normal 0 0.634414 -0.772994
    outer loop
      vertex 8.5436 -25.2426 4.5926
      vertex 8.99603 -25.5442 4.34507
      vertex 7.54931 -25.5442 4.34507
    endloop
  endfacet
  facet normal -0.980611 -0.151417 0.124396
    outer loop
      vertex 0.80963 -48.3304 22.7018
      vertex 0.886119 -48.5779 23.0035
      vertex 0.80963 -48.306 22.7315
    endloop
  endfacet
  facet normal -0.980608 -0.124308 0.151512
    outer loop
      vertex 0.886119 -47.6533 23.9281
      vertex 0.886119 -47.5653 24.0003
      vertex 0.80963 -47.3517 23.6805
    endloop
  endfacet
  facet normal -0.92323 -0.243795 0.297002
    outer loop
      vertex 1.03616 -47.9095 24.1842
      vertex 1.03616 -47.7666 24.3015
      vertex 0.886119 -47.6533 23.9281
    endloop
  endfacet
  facet normal -0.980766 -0.165747 -0.103081
    outer loop
      vertex 0.886119 -49.7921 10.678
      vertex 0.80963 -49.1268 10.336
      vertex 0.886119 -49.4465 10.1223
    endloop
  endfacet
  facet normal -0.980774 -0.165726 -0.103038
    outer loop
      vertex 0.80963 -49.1268 10.336
      vertex 0.886119 -49.7921 10.678
      vertex 0.80963 -49.4723 10.8917
    endloop
  endfacet
  facet normal -0.553672 -0.0815819 0.828729
    outer loop
      vertex 1.53121 -42.2569 27.4297
      vertex 1.85721 -41.9552 27.6772
      vertex 1.53121 -41.9552 27.4594
    endloop
  endfacet
  facet normal -0.706918 -0.115279 0.697838
    outer loop
      vertex 1.25398 -42.8481 27.0512
      vertex 1.53121 -42.2569 27.4297
      vertex 1.25398 -42.2028 27.1578
    endloop
  endfacet
  facet normal -0.706918 -0.115279 0.697838
    outer loop
      vertex 1.53121 -42.2569 27.4297
      vertex 1.25398 -42.8481 27.0512
      vertex 1.53121 -42.9022 27.3231
    endloop
  endfacet
  facet normal -0.706889 -0.249164 0.661986
    outer loop
      vertex 1.25398 -44.962 26.41
      vertex 1.53121 -44.4557 26.8966
      vertex 1.25398 -44.3496 26.6405
    endloop
  endfacet
  facet normal -0.706889 -0.249164 0.661986
    outer loop
      vertex 1.53121 -44.4557 26.8966
      vertex 1.25398 -44.962 26.41
      vertex 1.53121 -45.0681 26.6661
    endloop
  endfacet
  facet normal -0.705372 -0.449703 0.547922
    outer loop
      vertex 1.53121 -48.336 24.6107
      vertex 1.53121 -48.1017 24.803
      vertex 1.25398 -47.9477 24.5725
    endloop
  endfacet
  facet normal -0.194044 -0.62234 0.758314
    outer loop
      vertex 2.60397 -48.6502 24.9249
      vertex 2.21943 -48.3061 25.1089
      vertex 2.21943 -48.5961 24.8709
    endloop
  endfacet
  facet normal -0.194196 -0.622317 0.758294
    outer loop
      vertex 2.21943 -48.3061 25.1089
      vertex 2.60397 -47.8428 25.5876
      vertex 2.21943 -47.8003 25.524
    endloop
  endfacet
  facet normal -0.194196 -0.622317 0.758294
    outer loop
      vertex 2.60397 -47.8428 25.5876
      vertex 2.21943 -48.3061 25.1089
      vertex 2.60397 -48.3486 25.1725
    endloop
  endfacet
  facet normal 0 -0.412651 0.910889
    outer loop
      vertex 2.60397 -45.2381 27.0766
      vertex 8.99603 -45.8341 26.8066
      vertex 8.99603 -45.2381 27.0766
    endloop
  endfacet
  facet normal 0 -0.412651 0.910889
    outer loop
      vertex 8.99603 -45.8341 26.8066
      vertex 2.60397 -45.2381 27.0766
      vertex 2.60397 -45.8341 26.8066
    endloop
  endfacet
  facet normal 0.382541 -0.325468 0.864715
    outer loop
      vertex 9.38057 -44.5965 27.2365
      vertex 9.74279 -45.1514 26.8674
      vertex 9.74279 -44.539 27.0979
    endloop
  endfacet
  facet normal 0.382541 -0.325468 0.864715
    outer loop
      vertex 9.74279 -45.1514 26.8674
      vertex 9.38057 -44.5965 27.2365
      vertex 9.38057 -45.2089 27.006
    endloop
  endfacet
  facet normal 0.381058 -0.435867 0.815361
    outer loop
      vertex 9.38057 -46.1357 26.5591
      vertex 9.74279 -46.6294 26.1259
      vertex 9.74279 -46.0523 26.4344
    endloop
  endfacet
  facet normal 0.381058 -0.435867 0.815361
    outer loop
      vertex 9.74279 -46.6294 26.1259
      vertex 9.38057 -46.1357 26.5591
      vertex 9.38057 -46.7128 26.2506
    endloop
  endfacet
  facet normal 0.194124 -0.284728 0.938747
    outer loop
      vertex 8.99603 -43.6262 27.6103
      vertex 9.38057 -44.2374 27.3454
      vertex 9.38057 -43.6113 27.5353
    endloop
  endfacet
  facet normal 0.194124 -0.284728 0.938747
    outer loop
      vertex 9.38057 -44.2374 27.3454
      vertex 8.99603 -43.6262 27.6103
      vertex 8.99603 -44.2523 27.4204
    endloop
  endfacet
  facet normal -0.381127 -0.268303 0.884735
    outer loop
      vertex 2.21943 -44.5965 27.2365
      vertex 2.21943 -44.2374 27.3454
      vertex 1.85721 -44.539 27.0979
    endloop
  endfacet
  facet normal -0.193976 -0.284695 0.938788
    outer loop
      vertex 2.60397 -44.6257 27.3071
      vertex 2.21943 -44.2374 27.3454
      vertex 2.21943 -44.5965 27.2365
    endloop
  endfacet
  facet normal -0.830207 -0.161828 0.533449
    outer loop
      vertex 1.25398 -44.3496 26.6405
      vertex 1.25398 -44.1116 26.7127
      vertex 1.03616 -44.048 26.393
    endloop
  endfacet
  facet normal -0.980608 -0.0569014 0.187535
    outer loop
      vertex 0.886119 -43.9773 26.0377
      vertex 0.80963 -43.2761 25.8505
      vertex 0.80963 -43.9023 25.6605
    endloop
  endfacet
  facet normal -0.9806 -0.0568868 0.187586
    outer loop
      vertex 0.80963 -43.2761 25.8505
      vertex 0.886119 -43.9773 26.0377
      vertex 0.886119 -43.3511 26.2276
    endloop
  endfacet
  facet normal -0.980606 -0.151438 -0.124414
    outer loop
      vertex 0.886119 -48.5779 8.99655
      vertex 0.80963 -48.3304 9.29816
      vertex 0.80963 -48.306 9.26846
    endloop
  endfacet
  facet normal -0.830183 -0.491569 0.262974
    outer loop
      vertex 1.25398 -50.4815 21.485
      vertex 1.03616 -50.0932 21.5232
      vertex 1.03616 -50.1804 21.3602
    endloop
  endfacet
  facet normal -0.706891 -0.644289 0.291886
    outer loop
      vertex 1.25398 -51.06 20.3119
      vertex 1.53121 -51.046 21.0142
      vertex 1.25398 -50.7899 20.9081
    endloop
  endfacet
  facet normal -0.707006 -0.644144 0.291928
    outer loop
      vertex 1.53121 -51.046 21.0142
      vertex 1.25398 -51.06 20.3119
      vertex 1.53121 -51.3162 20.418
    endloop
  endfacet
  facet normal -0.980774 -0.165726 0.103038
    outer loop
      vertex 0.886119 -49.7921 21.322
      vertex 0.80963 -49.1268 21.664
      vertex 0.80963 -49.4723 21.1083
    endloop
  endfacet
  facet normal -0.980766 -0.165747 0.103081
    outer loop
      vertex 0.80963 -49.1268 21.664
      vertex 0.886119 -49.7921 21.322
      vertex 0.886119 -49.4465 21.8777
    endloop
  endfacet
  facet normal -0.980766 -0.158657 0.113689
    outer loop
      vertex 0.80963 -49.1268 21.664
      vertex 0.886119 -49.0655 22.4094
      vertex 0.80963 -48.7458 22.1957
    endloop
  endfacet
  facet normal -0.980766 -0.158657 0.113689
    outer loop
      vertex 0.886119 -49.0655 22.4094
      vertex 0.80963 -49.1268 21.664
      vertex 0.886119 -49.4465 21.8777
    endloop
  endfacet
  facet normal -0.980606 -0.151495 0.124345
    outer loop
      vertex 0.80963 -48.7458 22.1957
      vertex 0.886119 -48.6501 22.9155
      vertex 0.80963 -48.3304 22.7018
    endloop
  endfacet
  facet normal -0.980606 -0.151495 0.124345
    outer loop
      vertex 0.886119 -48.6501 22.9155
      vertex 0.80963 -48.7458 22.1957
      vertex 0.886119 -49.0655 22.4094
    endloop
  endfacet
  facet normal -0.923244 -0.382347 0.0378397
    outer loop
      vertex 1.03616 -51.5062 17.3052
      vertex 1.03616 -51.488 17.4891
      vertex 0.886119 -51.1439 17.3052
    endloop
  endfacet
  facet normal -0.830223 -0.554721 0.054899
    outer loop
      vertex 1.25398 -51.8322 17.3052
      vertex 1.03616 -51.488 17.4891
      vertex 1.03616 -51.5062 17.3052
    endloop
  endfacet
  facet normal -0.92323 -0.338812 0.181254
    outer loop
      vertex 1.03616 -50.1804 21.3602
      vertex 1.03616 -50.0932 21.5232
      vertex 0.886119 -49.8457 21.2216
    endloop
  endfacet
  facet normal -0.830288 -0.554646 0.0546802
    outer loop
      vertex 1.25398 -51.8322 17.3052
      vertex 1.25398 -51.8078 17.5527
      vertex 1.03616 -51.488 17.4891
    endloop
  endfacet
  facet normal -0.830266 -0.53331 0.161984
    outer loop
      vertex 1.03616 -51.043 19.3979
      vertex 1.25398 -51.2905 19.6995
      vertex 1.03616 -50.9893 19.5747
    endloop
  endfacet
  facet normal 0.706968 -0.115218 -0.697798
    outer loop
      vertex 10.346 -42.8481 4.94878
      vertex 10.0688 -42.2569 4.57032
      vertex 10.346 -42.2028 4.84223
    endloop
  endfacet
  facet normal 0.706955 -0.115231 -0.697808
    outer loop
      vertex 10.0688 -42.2569 4.57032
      vertex 10.346 -42.8481 4.94878
      vertex 10.0688 -42.9022 4.67688
    endloop
  endfacet
  facet normal 0.705446 -0.0694527 -0.705352
    outer loop
      vertex 10.346 -41.9552 4.81785
      vertex 10.346 -42.2028 4.84223
      vertex 10.0688 -42.2569 4.57032
    endloop
  endfacet
  facet normal 0.831355 -0.0181913 -0.555444
    outer loop
      vertex 10.346 -41.3039 4.75371
      vertex 10.5638 -40.6172 5.05721
      vertex 10.5638 -41.3039 5.0797
    endloop
  endfacet
  facet normal 0.831363 -0.018199 -0.555432
    outer loop
      vertex 10.5638 -40.6172 5.05721
      vertex 10.346 -41.3039 4.75371
      vertex 10.346 -40.6172 4.73121
    endloop
  endfacet
  facet normal 0.923167 -0.0376521 -0.38255
    outer loop
      vertex 10.5638 -41.9552 5.14385
      vertex 10.7139 -41.9552 5.50607
      vertex 10.5638 -42.1392 5.16196
    endloop
  endfacet
  facet normal 0.83026 -0.0545953 -0.554695
    outer loop
      vertex 10.5638 -41.9552 5.14385
      vertex 10.5638 -42.1392 5.16196
      vertex 10.346 -41.9552 4.81785
    endloop
  endfacet
  facet normal 0 -0.290262 -0.956947
    outer loop
      vertex 2.60397 -44.6257 4.69286
      vertex 8.99603 -44.2523 4.5796
      vertex 8.99603 -44.6257 4.69286
    endloop
  endfacet
  facet normal -0 -0.290262 -0.956947
    outer loop
      vertex 8.99603 -44.2523 4.5796
      vertex 2.60397 -44.6257 4.69286
      vertex 2.60397 -44.2523 4.5796
    endloop
  endfacet
  facet normal 0.19417 -0.284766 -0.938726
    outer loop
      vertex 8.99603 -43.6262 4.38967
      vertex 9.38057 -44.2374 4.65462
      vertex 8.99603 -44.2523 4.5796
    endloop
  endfacet
  facet normal 0.19417 -0.284766 -0.938726
    outer loop
      vertex 9.38057 -44.2374 4.65462
      vertex 8.99603 -43.6262 4.38967
      vertex 9.38057 -43.6113 4.46469
    endloop
  endfacet
  facet normal 0.382502 -0.381324 -0.841596
    outer loop
      vertex 9.38057 -45.2089 4.99403
      vertex 9.74279 -45.7474 5.40265
      vertex 9.38057 -45.8048 5.26403
    endloop
  endfacet
  facet normal 0.382573 -0.381271 -0.841588
    outer loop
      vertex 9.74279 -45.7474 5.40265
      vertex 9.38057 -45.2089 4.99403
      vertex 9.74279 -45.1514 5.13264
    endloop
  endfacet
  facet normal 0.705444 -0.205764 -0.67824
    outer loop
      vertex 10.0688 -44.1657 5.01541
      vertex 10.346 -44.3496 5.35952
      vertex 10.0688 -44.4557 5.10339
    endloop
  endfacet
  facet normal 0.381054 -0.268464 -0.884717
    outer loop
      vertex 9.74279 -44.2082 4.80177
      vertex 9.74279 -44.539 4.90215
      vertex 9.38057 -44.2374 4.65462
    endloop
  endfacet
  facet normal -0.705406 -0.205775 -0.678277
    outer loop
      vertex 1.53121 -44.4557 5.10339
      vertex 1.25398 -44.3496 5.35952
      vertex 1.53121 -44.1657 5.01541
    endloop
  endfacet
  facet normal -0.194195 -0.622336 -0.758278
    outer loop
      vertex 2.60397 -48.3486 6.82752
      vertex 2.60397 -48.6502 7.07505
      vertex 2.21943 -48.3061 6.89112
    endloop
  endfacet
  facet normal 0 -0.634403 -0.773002
    outer loop
      vertex 2.60397 -48.3486 6.82752
      vertex 8.99603 -47.8428 6.41241
      vertex 8.99603 -48.3486 6.82752
    endloop
  endfacet
  facet normal -0 -0.634403 -0.773002
    outer loop
      vertex 8.99603 -47.8428 6.41241
      vertex 2.60397 -48.3486 6.82752
      vertex 2.60397 -47.8428 6.41241
    endloop
  endfacet
  facet normal -0.831351 -0.229362 -0.50621
    outer loop
      vertex 1.25398 -45.5579 5.86002
      vertex 1.03616 -44.8372 5.8912
      vertex 1.25398 -44.962 5.59002
    endloop
  endfacet
  facet normal -0.831319 -0.22935 -0.506268
    outer loop
      vertex 1.03616 -44.8372 5.8912
      vertex 1.25398 -45.5579 5.86002
      vertex 1.03616 -45.4332 6.1612
    endloop
  endfacet
  facet normal -0.706918 -0.160613 -0.688818
    outer loop
      vertex 1.53121 -43.5395 4.82548
      vertex 1.25398 -42.8481 4.94878
      vertex 1.53121 -42.9022 4.67688
    endloop
  endfacet
  facet normal -0.70693 -0.16062 -0.688804
    outer loop
      vertex 1.25398 -42.8481 4.94878
      vertex 1.53121 -43.5395 4.82548
      vertex 1.25398 -43.4854 5.09739
    endloop
  endfacet
  facet normal -0.381169 -0.268321 -0.884711
    outer loop
      vertex 2.21943 -44.5965 4.76353
      vertex 1.85721 -44.539 4.90215
      vertex 2.21943 -44.2374 4.65462
    endloop
  endfacet
  facet normal -0.194934 -0.345504 -0.917947
    outer loop
      vertex 2.21943 -45.2089 4.99403
      vertex 2.60397 -44.6257 4.69286
      vertex 2.60397 -45.2381 4.92336
    endloop
  endfacet
  facet normal -0.194934 -0.345504 -0.917947
    outer loop
      vertex 2.60397 -44.6257 4.69286
      vertex 2.21943 -45.2089 4.99403
      vertex 2.21943 -44.5965 4.76353
    endloop
  endfacet
  facet normal 0.555415 -0.568438 0.606953
    outer loop
      vertex 9.74279 -48.49 24.7648
      vertex 10.0688 -48.8135 24.1635
      vertex 10.0688 -48.336 24.6107
    endloop
  endfacet
  facet normal 0.555288 -0.568564 0.606951
    outer loop
      vertex 10.0688 -48.8135 24.1635
      vertex 9.74279 -48.49 24.7648
      vertex 9.74279 -48.9675 24.3175
    endloop
  endfacet
  facet normal 0.382533 -0.674376 0.631574
    outer loop
      vertex 9.38057 -49.5207 23.9462
      vertex 9.74279 -48.9675 24.3175
      vertex 9.38057 -49.0736 24.4236
    endloop
  endfacet
  facet normal 0.382386 -0.674354 0.631686
    outer loop
      vertex 9.74279 -48.9675 24.3175
      vertex 9.38057 -49.5207 23.9462
      vertex 9.74279 -49.4146 23.8402
    endloop
  endfacet
  facet normal 0.706929 -0.644254 0.29187
    outer loop
      vertex 10.0688 -51.046 21.0142
      vertex 10.346 -51.06 20.3119
      vertex 10.346 -50.7899 20.9081
    endloop
  endfacet
  facet normal 0.707044 -0.644109 0.291912
    outer loop
      vertex 10.346 -51.06 20.3119
      vertex 10.0688 -51.046 21.0142
      vertex 10.0688 -51.3162 20.418
    endloop
  endfacet
  facet normal 0.923188 -0.243828 0.297105
    outer loop
      vertex 10.5638 -47.7666 24.3015
      vertex 10.7139 -47.0595 24.4154
      vertex 10.5638 -47.2608 24.7166
    endloop
  endfacet
  facet normal 0.923188 -0.243828 0.297105
    outer loop
      vertex 10.7139 -47.0595 24.4154
      vertex 10.5638 -47.7666 24.3015
      vertex 10.7139 -47.5653 24.0003
    endloop
  endfacet
  facet normal -0.83136 -0.471953 0.293431
    outer loop
      vertex 1.25398 -50.3643 21.7043
      vertex 1.03616 -49.7477 22.0789
      vertex 1.03616 -50.0932 21.5232
    endloop
  endfacet
  facet normal -0.831294 -0.471998 0.293544
    outer loop
      vertex 1.03616 -49.7477 22.0789
      vertex 1.25398 -50.3643 21.7043
      vertex 1.25398 -50.0187 22.26
    endloop
  endfacet
  facet normal -0.555416 -0.706205 0.439075
    outer loop
      vertex 1.53121 -50.2493 22.414
      vertex 1.85721 -50.7759 21.9794
      vertex 1.85721 -50.4304 22.5351
    endloop
  endfacet
  facet normal -0.555416 -0.706205 0.439075
    outer loop
      vertex 1.85721 -50.7759 21.9794
      vertex 1.53121 -50.2493 22.414
      vertex 1.53121 -50.5948 21.8583
    endloop
  endfacet
  facet normal -0.555318 -0.831193 0.0271981
    outer loop
      vertex 1.53121 -52.1949 16
      vertex 1.85721 -52.3913 16.654
      vertex 1.53121 -52.1735 16.654
    endloop
  endfacet
  facet normal -0.555493 -0.831072 0.0273212
    outer loop
      vertex 1.85721 -52.3913 16.654
      vertex 1.53121 -52.1949 16
      vertex 1.85721 -52.4128 16
    endloop
  endfacet
  facet normal -0.923206 -0.367719 -0.111688
    outer loop
      vertex 1.03616 -50.9893 12.4253
      vertex 1.03616 -51.043 12.6021
      vertex 0.886119 -50.6547 12.5639
    endloop
  endfacet
  facet normal -0.830288 -0.554646 -0.0546802
    outer loop
      vertex 1.25398 -51.8078 14.4473
      vertex 1.25398 -51.8322 14.6948
      vertex 1.03616 -51.488 14.5109
    endloop
  endfacet
  facet normal -0.923244 -0.382347 -0.0378397
    outer loop
      vertex 1.03616 -51.488 14.5109
      vertex 1.03616 -51.5062 14.6948
      vertex 0.886119 -51.1439 14.6948
    endloop
  endfacet
  facet normal -0.923238 -0.367683 -0.111538
    outer loop
      vertex 1.03616 -51.043 12.6021
      vertex 0.886119 -50.8776 13.2988
      vertex 0.886119 -50.6877 12.6728
    endloop
  endfacet
  facet normal -0.923238 -0.367683 -0.111538
    outer loop
      vertex 0.886119 -50.8776 13.2988
      vertex 1.03616 -51.043 12.6021
      vertex 1.03616 -51.2329 13.2281
    endloop
  endfacet
  facet normal -0.980607 -0.195049 -0.019109
    outer loop
      vertex 0.886119 -51.1328 14.5815
      vertex 0.886119 -51.1439 14.6948
      vertex 0.80963 -50.7556 14.6565
    endloop
  endfacet
  facet normal -0.555296 -0.820536 -0.135527
    outer loop
      vertex 1.53121 -51.9731 13.7478
      vertex 1.85721 -52.2933 14.3507
      vertex 1.53121 -52.0797 14.3932
    endloop
  endfacet
  facet normal -0.555468 -0.820443 -0.135385
    outer loop
      vertex 1.85721 -52.2933 14.3507
      vertex 1.53121 -51.9731 13.7478
      vertex 1.85721 -52.1868 13.7053
    endloop
  endfacet
  facet normal -0.553673 -0.828729 0.0815749
    outer loop
      vertex 1.53121 -52.1735 16.654
      vertex 1.85721 -52.3272 17.3052
      vertex 1.53121 -52.1094 17.3052
    endloop
  endfacet
  facet normal -0.553673 -0.828729 0.0815749
    outer loop
      vertex 1.85721 -52.3272 17.3052
      vertex 1.53121 -52.1735 16.654
      vertex 1.85721 -52.3913 16.654
    endloop
  endfacet
  facet normal -0.706879 -0.706956 0.0231328
    outer loop
      vertex 1.25398 -51.9177 16
      vertex 1.53121 -52.1735 16.654
      vertex 1.25398 -51.8963 16.654
    endloop
  endfacet
  facet normal -0.706879 -0.706956 0.0231328
    outer loop
      vertex 1.53121 -52.1735 16.654
      vertex 1.25398 -51.9177 16
      vertex 1.53121 -52.1949 16
    endloop
  endfacet
  facet normal -0.706917 -0.697841 0.115262
    outer loop
      vertex 1.53121 -52.0797 17.6068
      vertex 1.25398 -51.7012 18.1981
      vertex 1.25398 -51.8078 17.5527
    endloop
  endfacet
  facet normal -0.706917 -0.697841 0.115262
    outer loop
      vertex 1.25398 -51.7012 18.1981
      vertex 1.53121 -52.0797 17.6068
      vertex 1.53121 -51.9731 18.2522
    endloop
  endfacet
  facet normal -0.553824 -0.796814 0.24159
    outer loop
      vertex 1.53121 -51.6346 19.5156
      vertex 1.85721 -52.0381 18.9321
      vertex 1.85721 -51.8483 19.5581
    endloop
  endfacet
  facet normal -0.553649 -0.79689 0.24174
    outer loop
      vertex 1.85721 -52.0381 18.9321
      vertex 1.53121 -51.6346 19.5156
      vertex 1.53121 -51.8245 18.8896
    endloop
  endfacet
  facet normal -0.555295 -0.809906 0.188944
    outer loop
      vertex 1.53121 -51.8245 18.8896
      vertex 1.85721 -52.1868 18.2947
      vertex 1.85721 -52.0381 18.9321
    endloop
  endfacet
  facet normal -0.555468 -0.809821 0.188797
    outer loop
      vertex 1.85721 -52.1868 18.2947
      vertex 1.53121 -51.8245 18.8896
      vertex 1.53121 -51.9731 18.2522
    endloop
  endfacet
  facet normal -0.382553 -0.841596 0.381273
    outer loop
      vertex 1.85721 -51.2473 21.0975
      vertex 2.21943 -51.656 20.5588
      vertex 2.21943 -51.3859 21.155
    endloop
  endfacet
  facet normal -0.382553 -0.841596 0.381273
    outer loop
      vertex 2.21943 -51.656 20.5588
      vertex 1.85721 -51.2473 21.0975
      vertex 1.85721 -51.5174 20.5013
    endloop
  endfacet
  facet normal -0.382525 -0.751033 0.538167
    outer loop
      vertex 1.85721 -50.0493 23.0668
      vertex 2.21943 -50.5551 22.6184
      vertex 2.21943 -50.1741 23.1501
    endloop
  endfacet
  facet normal -0.382347 -0.751026 0.538304
    outer loop
      vertex 2.21943 -50.5551 22.6184
      vertex 1.85721 -50.0493 23.0668
      vertex 1.85721 -50.4304 22.5351
    endloop
  endfacet
  facet normal -0.194005 -0.758284 0.622389
    outer loop
      vertex 2.21943 -49.7588 23.6562
      vertex 2.60397 -50.2377 23.1926
      vertex 2.60397 -49.8223 23.6987
    endloop
  endfacet
  facet normal -0.194197 -0.758328 0.622275
    outer loop
      vertex 2.60397 -50.2377 23.1926
      vertex 2.21943 -49.7588 23.6562
      vertex 2.21943 -50.1741 23.1501
    endloop
  endfacet
  facet normal -0.553789 -0.643681 0.528197
    outer loop
      vertex 1.53121 -49.4529 23.4518
      vertex 1.85721 -50.0493 23.0668
      vertex 1.85721 -49.634 23.5729
    endloop
  endfacet
  facet normal -0.553789 -0.643681 0.528197
    outer loop
      vertex 1.85721 -50.0493 23.0668
      vertex 1.53121 -49.4529 23.4518
      vertex 1.53121 -49.8682 22.9457
    endloop
  endfacet
  facet normal -0.555427 -0.568433 0.606947
    outer loop
      vertex 1.53121 -48.8135 24.1635
      vertex 1.85721 -48.49 24.7648
      vertex 1.53121 -48.336 24.6107
    endloop
  endfacet
  facet normal -0.5553 -0.568559 0.606946
    outer loop
      vertex 1.85721 -48.49 24.7648
      vertex 1.53121 -48.8135 24.1635
      vertex 1.85721 -48.9675 24.3175
    endloop
  endfacet
  facet normal -0.382533 -0.674376 0.631574
    outer loop
      vertex 1.85721 -48.9675 24.3175
      vertex 2.21943 -49.5207 23.9462
      vertex 2.21943 -49.0736 24.4236
    endloop
  endfacet
  facet normal -0.382386 -0.674354 0.631686
    outer loop
      vertex 2.21943 -49.5207 23.9462
      vertex 1.85721 -48.9675 24.3175
      vertex 1.85721 -49.4146 23.8402
    endloop
  endfacet
  facet normal -0.553595 -0.73443 0.392613
    outer loop
      vertex 1.53121 -50.7377 21.5911
      vertex 1.85721 -51.2473 21.0975
      vertex 1.85721 -50.9389 21.6744
    endloop
  endfacet
  facet normal -0.553756 -0.734389 0.392463
    outer loop
      vertex 1.85721 -51.2473 21.0975
      vertex 1.53121 -50.7377 21.5911
      vertex 1.53121 -51.046 21.0142
    endloop
  endfacet
  facet normal -0.92322 -0.111583 -0.367714
    outer loop
      vertex 1.03616 -44.2248 5.6607
      vertex 0.886119 -44.0862 5.99535
      vertex 1.03616 -44.048 5.60705
    endloop
  endfacet
  facet normal -0.923223 -0.111563 -0.367713
    outer loop
      vertex 1.03616 -44.048 5.60705
      vertex 0.886119 -44.0862 5.99535
      vertex 0.886119 -43.9773 5.96231
    endloop
  endfacet
  facet normal -0.381107 -0.0906035 -0.920081
    outer loop
      vertex 2.21943 -42.3286 4.20953
      vertex 1.85721 -42.2994 4.35669
      vertex 2.21943 -41.9552 4.17276
    endloop
  endfacet
  facet normal -0.92322 -0.0376668 -0.382422
    outer loop
      vertex 1.03616 -41.9552 5.14385
      vertex 0.886119 -41.3039 5.44192
      vertex 1.03616 -41.3039 5.0797
    endloop
  endfacet
  facet normal -0.92322 -0.0376668 -0.382422
    outer loop
      vertex 0.886119 -41.3039 5.44192
      vertex 1.03616 -41.9552 5.14385
      vertex 0.886119 -41.9552 5.50607
    endloop
  endfacet
  facet normal -0.706929 -0.115224 -0.697835
    outer loop
      vertex 1.53121 -42.2569 4.57032
      vertex 1.25398 -42.8481 4.94878
      vertex 1.25398 -42.2028 4.84223
    endloop
  endfacet
  facet normal -0.706917 -0.115237 -0.697846
    outer loop
      vertex 1.25398 -42.8481 4.94878
      vertex 1.53121 -42.2569 4.57032
      vertex 1.53121 -42.9022 4.67688
    endloop
  endfacet
  facet normal 0.382476 -0.150538 -0.91162
    outer loop
      vertex 9.38057 -42.3286 4.20953
      vertex 9.74279 -42.9447 4.46324
      vertex 9.38057 -42.9739 4.31609
    endloop
  endfacet
  facet normal 0.382498 -0.150523 -0.911613
    outer loop
      vertex 9.74279 -42.9447 4.46324
      vertex 9.38057 -42.3286 4.20953
      vertex 9.74279 -42.2994 4.35669
    endloop
  endfacet
  facet normal 0.195021 -0.159774 -0.967698
    outer loop
      vertex 8.99603 -42.3435 4.13451
      vertex 9.38057 -42.9739 4.31609
      vertex 8.99603 -42.9889 4.24107
    endloop
  endfacet
  facet normal 0.194981 -0.159799 -0.967702
    outer loop
      vertex 9.38057 -42.9739 4.31609
      vertex 8.99603 -42.3435 4.13451
      vertex 9.38057 -42.3286 4.20953
    endloop
  endfacet
  facet normal -0.980602 -0.092378 -0.172875
    outer loop
      vertex 0.886119 -45.3949 6.5495
      vertex 0.80963 -45.1813 6.86923
      vertex 0.886119 -45.2945 6.49585
    endloop
  endfacet
  facet normal -0.923232 -0.181117 -0.338879
    outer loop
      vertex 1.03616 -45.5962 6.24832
      vertex 0.886119 -45.9721 6.85799
      vertex 0.886119 -45.3949 6.5495
    endloop
  endfacet
  facet normal -0.923215 -0.181161 -0.338902
    outer loop
      vertex 0.886119 -45.9721 6.85799
      vertex 1.03616 -45.5962 6.24832
      vertex 1.03616 -46.1733 6.55681
    endloop
  endfacet
  facet normal -0.923236 -0.181118 -0.338868
    outer loop
      vertex 1.03616 -45.5962 6.24832
      vertex 0.886119 -45.2945 6.49585
      vertex 1.03616 -45.4332 6.1612
    endloop
  endfacet
  facet normal -0.923802 -0.157992 -0.348754
    outer loop
      vertex 1.03616 -45.4332 6.1612
      vertex 0.886119 -44.6986 6.22585
      vertex 1.03616 -44.8372 5.8912
    endloop
  endfacet
  facet normal -0.923817 -0.157999 -0.34871
    outer loop
      vertex 0.886119 -44.6986 6.22585
      vertex 1.03616 -45.4332 6.1612
      vertex 0.886119 -45.2945 6.49585
    endloop
  endfacet
  facet normal -0.830224 -0.353585 -0.430936
    outer loop
      vertex 1.25398 -47.9477 7.4275
      vertex 1.03616 -47.9095 7.8158
      vertex 1.03616 -47.7666 7.69855
    endloop
  endfacet
  facet normal -0.923236 -0.243724 -0.297042
    outer loop
      vertex 1.03616 -47.9095 7.8158
      vertex 0.886119 -47.6533 8.07193
      vertex 1.03616 -47.7666 7.69855
    endloop
  endfacet
  facet normal -0.923823 -0.279414 -0.261685
    outer loop
      vertex 1.03616 -48.8341 8.74042
      vertex 0.886119 -48.1308 8.51916
      vertex 1.03616 -48.387 8.26303
    endloop
  endfacet
  facet normal -0.923823 -0.279414 -0.261685
    outer loop
      vertex 0.886119 -48.1308 8.51916
      vertex 1.03616 -48.8341 8.74042
      vertex 0.886119 -48.5779 8.99655
    endloop
  endfacet
  facet normal 0.830252 0.491604 0.262692
    outer loop
      vertex 10.346 -25.4778 26.4855
      vertex 10.5638 -25.8661 26.5238
      vertex 10.5638 -25.779 26.3608
    endloop
  endfacet
  facet normal 0.830263 0.53334 0.161901
    outer loop
      vertex 10.5638 -25.7253 26.1839
      vertex 10.346 -25.4778 26.4855
      vertex 10.5638 -25.779 26.3608
    endloop
  endfacet
  facet normal 0.5538 0.828662 0.0813972
    outer loop
      vertex 9.74279 -24.8862 26
      vertex 9.74279 -24.92 26.3441
      vertex 10.0688 -25.1337 26.3016
    endloop
  endfacet
  facet normal 0.553805 0.796778 0.241754
    outer loop
      vertex 9.74279 -24.92 26.3441
      vertex 9.74279 -25.0204 26.675
      vertex 10.0688 -25.1337 26.3016
    endloop
  endfacet
  facet normal 0.980598 0.172851 -0.0924697
    outer loop
      vertex 10.7139 -26.1136 5.77783
      vertex 10.7904 -26.487 5.89109
      vertex 10.7139 -26.1673 5.67745
    endloop
  endfacet
  facet normal 0.980597 0.151534 -0.124369
    outer loop
      vertex 10.7139 -26.1673 5.67745
      vertex 10.7904 -26.487 5.89109
      vertex 10.7139 -26.2395 5.58948
    endloop
  endfacet
  facet normal 0.980598 0.0568977 -0.187592
    outer loop
      vertex 10.7139 -26.4278 5.46362
      vertex 10.7904 -26.6117 5.80773
      vertex 10.7139 -26.5367 5.43059
    endloop
  endfacet
  facet normal 0.923163 0.111574 -0.36786
    outer loop
      vertex 10.5638 -26.4661 5.07532
      vertex 10.7139 -26.4278 5.46362
      vertex 10.7139 -26.5367 5.43059
    endloop
  endfacet
  facet normal 0.923764 -0.223085 -0.311276
    outer loop
      vertex 10.5638 -47.2608 7.28343
      vertex 10.7139 -46.5277 7.20348
      vertex 10.7139 -47.0595 7.58461
    endloop
  endfacet
  facet normal 0.923743 -0.223087 -0.311338
    outer loop
      vertex 10.7139 -46.5277 7.20348
      vertex 10.5638 -47.2608 7.28343
      vertex 10.5638 -46.7289 6.9023
    endloop
  endfacet
  facet normal 0.923177 -0.181154 -0.339009
    outer loop
      vertex 10.7139 -45.2945 6.49585
      vertex 10.7139 -45.3949 6.5495
      vertex 10.5638 -45.5962 6.24832
    endloop
  endfacet
  facet normal 0.923178 -0.181178 -0.338993
    outer loop
      vertex 10.7139 -45.9721 6.85799
      vertex 10.5638 -45.5962 6.24832
      vertex 10.7139 -45.3949 6.5495
    endloop
  endfacet
  facet normal 0.923161 -0.181222 -0.339016
    outer loop
      vertex 10.5638 -45.5962 6.24832
      vertex 10.7139 -45.9721 6.85799
      vertex 10.5638 -46.1733 6.55681
    endloop
  endfacet
  facet normal 0.830268 -0.161845 -0.533349
    outer loop
      vertex 10.5638 -44.048 5.60705
      vertex 10.5638 -44.2248 5.6607
      vertex 10.346 -44.3496 5.35952
    endloop
  endfacet
  facet normal 0.923748 -0.134916 -0.35845
    outer loop
      vertex 10.7139 -44.6986 6.22585
      vertex 10.5638 -44.2248 5.6607
      vertex 10.7139 -44.0862 5.99535
    endloop
  endfacet
  facet normal 0.923748 -0.134916 -0.35845
    outer loop
      vertex 10.5638 -44.2248 5.6607
      vertex 10.7139 -44.6986 6.22585
      vertex 10.5638 -44.8372 5.8912
    endloop
  endfacet
  facet normal 0.381169 0.586488 -0.714662
    outer loop
      vertex 9.38057 -25.5867 4.40867
      vertex 9.74279 -25.4028 4.75278
      vertex 9.74279 -25.6701 4.53342
    endloop
  endfacet
  facet normal 0.553677 0.528268 -0.643719
    outer loop
      vertex 9.74279 -25.6701 4.53342
      vertex 9.74279 -25.4028 4.75278
      vertex 10.0688 -25.7911 4.71453
    endloop
  endfacet
  facet normal 0.381129 0.0906027 -0.920072
    outer loop
      vertex 9.38057 -26.2766 4.12289
      vertex 9.74279 -26.3059 4.27005
      vertex 9.38057 -26.65 4.08612
    endloop
  endfacet
  facet normal 0.553706 0.241707 -0.796861
    outer loop
      vertex 9.74279 -25.975 4.37042
      vertex 10.0688 -26.3484 4.48369
      vertex 9.74279 -26.3059 4.27005
    endloop
  endfacet
  facet normal 0 0.471406 -0.881916
    outer loop
      vertex 8.99603 -25.8883 4.16114
      vertex 7.54931 -25.5442 4.34507
      vertex 8.99603 -25.5442 4.34507
    endloop
  endfacet
  facet normal 2.63903e-06 0.471415 -0.881912
    outer loop
      vertex 8.99603 -25.8883 4.16114
      vertex 6.89753 -25.7419 4.23939
      vertex 7.54931 -25.5442 4.34507
    endloop
  endfacet
  facet normal 0 0.471385 -0.881927
    outer loop
      vertex 6.89753 -25.7419 4.23939
      vertex 8.99603 -25.8883 4.16114
      vertex 6.26969 -25.8883 4.16114
    endloop
  endfacet
  facet normal -0.381117 -0.0906231 -0.920075
    outer loop
      vertex 1.85721 -41.9552 4.3228
      vertex 2.21943 -41.3039 4.10861
      vertex 2.21943 -41.9552 4.17276
    endloop
  endfacet
  facet normal -0.381117 -0.0906231 -0.920075
    outer loop
      vertex 2.21943 -41.3039 4.10861
      vertex 1.85721 -41.9552 4.3228
      vertex 1.85721 -41.3039 4.25865
    endloop
  endfacet
  facet normal -0.3812 -0.714674 -0.586454
    outer loop
      vertex 1.85721 -49.634 8.42714
      vertex 2.21943 -50.1741 8.84988
      vertex 1.85721 -50.0493 8.93324
    endloop
  endfacet
  facet normal -0.3812 -0.714674 -0.586454
    outer loop
      vertex 2.21943 -50.1741 8.84988
      vertex 1.85721 -49.634 8.42714
      vertex 2.21943 -49.7588 8.34378
    endloop
  endfacet
  facet normal -0.705387 -0.547892 -0.449716
    outer loop
      vertex 1.53121 -49.4529 8.54815
      vertex 1.25398 -49.2224 8.70217
      vertex 1.53121 -49.2606 8.31387
    endloop
  endfacet
  facet normal -0.194181 -0.75833 -0.622277
    outer loop
      vertex 2.21943 -49.7588 8.34378
      vertex 2.60397 -50.2377 8.80739
      vertex 2.21943 -50.1741 8.84988
    endloop
  endfacet
  facet normal -0.194005 -0.75829 -0.622382
    outer loop
      vertex 2.60397 -50.2377 8.80739
      vertex 2.21943 -49.7588 8.34378
      vertex 2.60397 -49.8223 8.30128
    endloop
  endfacet
  facet normal -0.830268 -0.430923 -0.353498
    outer loop
      vertex 1.25398 -49.2224 8.70217
      vertex 1.03616 -48.9513 8.88329
      vertex 1.03616 -48.8341 8.74042
    endloop
  endfacet
  facet normal 0.382519 -0.674374 -0.631585
    outer loop
      vertex 9.38057 -49.5207 8.05376
      vertex 9.74279 -48.9675 7.68246
      vertex 9.74279 -49.4146 8.15985
    endloop
  endfacet
  facet normal 0.382519 -0.674374 -0.631585
    outer loop
      vertex 9.74279 -48.9675 7.68246
      vertex 9.38057 -49.5207 8.05376
      vertex 9.38057 -49.0736 7.57637
    endloop
  endfacet
  facet normal 0.381126 -0.714561 -0.586639
    outer loop
      vertex 9.74279 -49.4146 8.15985
      vertex 9.38057 -49.7588 8.34378
      vertex 9.38057 -49.5207 8.05376
    endloop
  endfacet
  facet normal -0.980761 -0.113696 0.158686
    outer loop
      vertex 0.886119 -47.0595 24.4154
      vertex 0.80963 -46.314 24.4768
      vertex 0.80963 -46.8459 24.0957
    endloop
  endfacet
  facet normal -0.980766 -0.113694 0.158653
    outer loop
      vertex 0.80963 -46.314 24.4768
      vertex 0.886119 -47.0595 24.4154
      vertex 0.886119 -46.5277 24.7965
    endloop
  endfacet
  facet normal -0.923803 -0.325147 -0.202157
    outer loop
      vertex 1.03616 -50.0932 10.4768
      vertex 0.886119 -49.4465 10.1223
      vertex 1.03616 -49.7477 9.9211
    endloop
  endfacet
  facet normal -0.923772 -0.325185 -0.202239
    outer loop
      vertex 0.886119 -49.4465 10.1223
      vertex 1.03616 -50.0932 10.4768
      vertex 0.886119 -49.7921 10.678
    endloop
  endfacet
  facet normal -0.705484 -0.625022 -0.334125
    outer loop
      vertex 1.53121 -50.7377 10.4089
      vertex 1.25398 -50.7899 11.0919
      vertex 1.25398 -50.4815 10.515
    endloop
  endfacet
  facet normal -0.705375 -0.625162 -0.334092
    outer loop
      vertex 1.25398 -50.7899 11.0919
      vertex 1.53121 -50.7377 10.4089
      vertex 1.53121 -51.046 10.9858
    endloop
  endfacet
  facet normal -0.830195 -0.491669 -0.262752
    outer loop
      vertex 1.25398 -50.4815 10.515
      vertex 1.03616 -50.4887 11.2167
      vertex 1.03616 -50.1804 10.6398
    endloop
  endfacet
  facet normal -0.830261 -0.491546 -0.262771
    outer loop
      vertex 1.03616 -50.4887 11.2167
      vertex 1.25398 -50.4815 10.515
      vertex 1.25398 -50.7899 11.0919
    endloop
  endfacet
  facet normal -0.923784 -0.348789 -0.158014
    outer loop
      vertex 1.03616 -50.4887 11.2167
      vertex 0.886119 -50.4242 11.9515
      vertex 0.886119 -50.1541 11.3553
    endloop
  endfacet
  facet normal -0.923784 -0.348789 -0.158014
    outer loop
      vertex 0.886119 -50.4242 11.9515
      vertex 1.03616 -50.4887 11.2167
      vertex 1.03616 -50.7588 11.8129
    endloop
  endfacet
  facet normal -0.705483 -0.678255 -0.205581
    outer loop
      vertex 1.53121 -51.5467 12.1944
      vertex 1.53121 -51.6346 12.4844
      vertex 1.25398 -51.2905 12.3005
    endloop
  endfacet
  facet normal -0.553653 -0.796944 -0.241556
    outer loop
      vertex 1.85721 -51.7479 12.111
      vertex 1.53121 -51.6346 12.4844
      vertex 1.53121 -51.5467 12.1944
    endloop
  endfacet
  facet normal -0.831363 -0.520108 -0.195762
    outer loop
      vertex 1.25398 -51.2905 12.3005
      vertex 1.03616 -50.7588 11.8129
      vertex 1.25398 -51.06 11.6881
    endloop
  endfacet
  facet normal -0.831363 -0.520108 -0.195762
    outer loop
      vertex 1.03616 -50.7588 11.8129
      vertex 1.25398 -51.2905 12.3005
      vertex 1.03616 -50.9893 12.4253
    endloop
  endfacet
  facet normal -0.194196 -0.93875 -0.284668
    outer loop
      vertex 2.60397 -52.0704 12.3977
      vertex 2.21943 -51.9954 12.4127
      vertex 2.60397 -51.9572 12.0244
    endloop
  endfacet
  facet normal 0.553661 -0.828737 -0.0815756
    outer loop
      vertex 9.74279 -52.3272 14.6948
      vertex 10.0688 -52.1735 15.346
      vertex 9.74279 -52.3913 15.346
    endloop
  endfacet
  facet normal 0.553661 -0.828737 -0.0815756
    outer loop
      vertex 10.0688 -52.1735 15.346
      vertex 9.74279 -52.3272 14.6948
      vertex 10.0688 -52.1094 14.6948
    endloop
  endfacet
  facet normal 0.553659 -0.828735 -0.0816095
    outer loop
      vertex 10.0688 -52.1094 14.6948
      vertex 9.74279 -52.3272 14.6948
      vertex 10.0688 -52.0797 14.3932
    endloop
  endfacet
  facet normal 0.381244 -0.920014 -0.0907017
    outer loop
      vertex 9.38057 -52.4772 14.6948
      vertex 9.74279 -52.3913 15.346
      vertex 9.38057 -52.5414 15.346
    endloop
  endfacet
  facet normal 0.381032 -0.920115 -0.0905703
    outer loop
      vertex 9.74279 -52.3913 15.346
      vertex 9.38057 -52.4772 14.6948
      vertex 9.74279 -52.3272 14.6948
    endloop
  endfacet
  facet normal 0.831363 -0.555432 -0.0181747
    outer loop
      vertex 10.5638 -51.5917 16
      vertex 10.346 -51.8963 15.346
      vertex 10.5638 -51.5703 15.346
    endloop
  endfacet
  facet normal 0.831363 -0.555432 -0.0181747
    outer loop
      vertex 10.346 -51.8963 15.346
      vertex 10.5638 -51.5917 16
      vertex 10.346 -51.9177 16
    endloop
  endfacet
  facet normal 0.705438 -0.678251 -0.20575
    outer loop
      vertex 10.346 -51.5526 13.1645
      vertex 10.0688 -51.6346 12.4844
      vertex 10.346 -51.3627 12.5385
    endloop
  endfacet
  facet normal 0.705438 -0.678251 -0.20575
    outer loop
      vertex 10.0688 -51.6346 12.4844
      vertex 10.346 -51.5526 13.1645
      vertex 10.0688 -51.8245 13.1104
    endloop
  endfacet
  facet normal 0.830312 -0.554611 -0.0546768
    outer loop
      vertex 10.5638 -51.488 14.5109
      vertex 10.346 -51.8322 14.6948
      vertex 10.346 -51.8078 14.4473
    endloop
  endfacet
  facet normal 0.706957 -0.688786 -0.16058
    outer loop
      vertex 10.346 -51.7012 13.8019
      vertex 10.0688 -51.8245 13.1104
      vertex 10.346 -51.5526 13.1645
    endloop
  endfacet
  facet normal 0.706957 -0.688786 -0.16058
    outer loop
      vertex 10.0688 -51.8245 13.1104
      vertex 10.346 -51.7012 13.8019
      vertex 10.0688 -51.9731 13.7478
    endloop
  endfacet
  facet normal 0.706956 -0.697804 -0.115255
    outer loop
      vertex 10.0688 -52.0797 14.3932
      vertex 10.346 -51.7012 13.8019
      vertex 10.346 -51.8078 14.4473
    endloop
  endfacet
  facet normal 0.706956 -0.697804 -0.115255
    outer loop
      vertex 10.346 -51.7012 13.8019
      vertex 10.0688 -52.0797 14.3932
      vertex 10.0688 -51.9731 13.7478
    endloop
  endfacet
  facet normal 0.553702 -0.241797 -0.796836
    outer loop
      vertex 9.74279 -44.2082 4.80177
      vertex 10.0688 -44.1657 5.01541
      vertex 9.74279 -44.539 4.90215
    endloop
  endfacet
  facet normal 0.553708 -0.241682 -0.796867
    outer loop
      vertex 9.74279 -43.582 4.61185
      vertex 10.0688 -44.1657 5.01541
      vertex 9.74279 -44.2082 4.80177
    endloop
  endfacet
  facet normal 0.55369 -0.241697 -0.796875
    outer loop
      vertex 10.0688 -44.1657 5.01541
      vertex 9.74279 -43.582 4.61185
      vertex 10.0688 -43.5395 4.82548
    endloop
  endfacet
  facet normal 0.980763 -0.103079 -0.165766
    outer loop
      vertex 10.7904 -46.314 7.52321
      vertex 10.7139 -45.9721 6.85799
      vertex 10.7904 -45.7584 7.17772
    endloop
  endfacet
  facet normal 0.980763 -0.103079 -0.165766
    outer loop
      vertex 10.7139 -45.9721 6.85799
      vertex 10.7904 -46.314 7.52321
      vertex 10.7139 -46.5277 7.20348
    endloop
  endfacet
  facet normal 0.831342 -0.229335 -0.506236
    outer loop
      vertex 10.346 -45.5579 5.86002
      vertex 10.5638 -44.8372 5.8912
      vertex 10.5638 -45.4332 6.1612
    endloop
  endfacet
  facet normal 0.831374 -0.229347 -0.506178
    outer loop
      vertex 10.5638 -44.8372 5.8912
      vertex 10.346 -45.5579 5.86002
      vertex 10.346 -44.962 5.59002
    endloop
  endfacet
  facet normal 0.92317 -0.111569 -0.367843
    outer loop
      vertex 10.5638 -44.048 5.60705
      vertex 10.7139 -43.3511 5.77238
      vertex 10.7139 -43.9773 5.96231
    endloop
  endfacet
  facet normal 0.92317 -0.111569 -0.367843
    outer loop
      vertex 10.7139 -43.3511 5.77238
      vertex 10.5638 -44.048 5.60705
      vertex 10.5638 -43.4218 5.41712
    endloop
  endfacet
  facet normal 0.980599 -0.124375 -0.151515
    outer loop
      vertex 10.7904 -47.3517 8.31946
      vertex 10.7904 -47.3814 8.34384
      vertex 10.7139 -47.6533 8.07193
    endloop
  endfacet
  facet normal 0.980594 -0.0568947 0.187612
    outer loop
      vertex 10.7139 -43.9773 26.0377
      vertex 10.7904 -43.2761 25.8505
      vertex 10.7139 -43.3511 26.2276
    endloop
  endfacet
  facet normal 0.980603 -0.0569092 0.187561
    outer loop
      vertex 10.7904 -43.2761 25.8505
      vertex 10.7139 -43.9773 26.0377
      vertex 10.7904 -43.9023 25.6605
    endloop
  endfacet
  facet normal 0.980595 -0.0566141 0.187694
    outer loop
      vertex 10.7904 -43.9023 25.6605
      vertex 10.7139 -44.0862 26.0047
      vertex 10.7904 -43.9391 25.6494
    endloop
  endfacet
  facet normal 0.830291 -0.430896 -0.353475
    outer loop
      vertex 10.5638 -48.8341 8.74042
      vertex 10.5638 -48.9513 8.88329
      vertex 10.346 -49.2224 8.70217
    endloop
  endfacet
  facet normal 0.555236 -0.757528 -0.343314
    outer loop
      vertex 9.74279 -51.5174 11.4987
      vertex 10.0688 -51.046 10.9858
      vertex 10.0688 -51.3162 11.582
    endloop
  endfacet
  facet normal 0.555399 -0.757476 -0.343164
    outer loop
      vertex 10.0688 -51.046 10.9858
      vertex 9.74279 -51.5174 11.4987
      vertex 9.74279 -51.2473 10.9025
    endloop
  endfacet
  facet normal 0.553745 -0.734395 -0.392467
    outer loop
      vertex 9.74279 -51.2473 10.9025
      vertex 10.0688 -50.7377 10.4089
      vertex 10.0688 -51.046 10.9858
    endloop
  endfacet
  facet normal 0.553583 -0.734437 -0.392616
    outer loop
      vertex 10.0688 -50.7377 10.4089
      vertex 9.74279 -51.2473 10.9025
      vertex 9.74279 -50.9389 10.3256
    endloop
  endfacet
  facet normal 0.830218 -0.491638 -0.262735
    outer loop
      vertex 10.5638 -50.4887 11.2167
      vertex 10.346 -50.4815 10.515
      vertex 10.5638 -50.1804 10.6398
    endloop
  endfacet
  facet normal 0.830285 -0.491515 -0.262755
    outer loop
      vertex 10.346 -50.4815 10.515
      vertex 10.5638 -50.4887 11.2167
      vertex 10.346 -50.7899 11.0919
    endloop
  endfacet
  facet normal 0.381171 -0.43579 -0.81535
    outer loop
      vertex 9.38057 -45.8048 5.26403
      vertex 9.74279 -46.0523 5.56565
      vertex 9.38057 -46.1357 5.44089
    endloop
  endfacet
  facet normal 0.830248 -0.353562 -0.430909
    outer loop
      vertex 10.5638 -47.7666 7.69855
      vertex 10.5638 -47.9095 7.8158
      vertex 10.346 -47.9477 7.4275
    endloop
  endfacet
  facet normal 0.382518 -0.631606 -0.674355
    outer loop
      vertex 9.38057 -48.5961 7.12914
      vertex 9.74279 -48.9675 7.68246
      vertex 9.38057 -49.0736 7.57637
    endloop
  endfacet
  facet normal 0.382518 -0.631606 -0.674355
    outer loop
      vertex 9.74279 -48.9675 7.68246
      vertex 9.38057 -48.5961 7.12914
      vertex 9.74279 -48.49 7.23523
    endloop
  endfacet
  facet normal 0.923787 -0.279479 0.261741
    outer loop
      vertex 10.5638 -48.8341 23.2596
      vertex 10.7139 -48.1308 23.4808
      vertex 10.5638 -48.387 23.737
    endloop
  endfacet
  facet normal 0.923762 -0.279496 0.261811
    outer loop
      vertex 10.7139 -48.1308 23.4808
      vertex 10.5638 -48.8341 23.2596
      vertex 10.7139 -48.5779 23.0035
    endloop
  endfacet
  facet normal 0.830214 -0.262827 0.491596
    outer loop
      vertex 10.5638 -45.5962 25.7517
      vertex 10.346 -45.5579 26.14
      vertex 10.346 -45.7773 26.0227
    endloop
  endfacet
  facet normal 0.830252 -0.262692 0.491604
    outer loop
      vertex 10.5638 -45.4332 25.8388
      vertex 10.346 -45.5579 26.14
      vertex 10.5638 -45.5962 25.7517
    endloop
  endfacet
  facet normal 0.553824 -0.392552 0.73429
    outer loop
      vertex 10.0688 -45.9313 26.2532
      vertex 9.74279 -45.7474 26.5974
      vertex 9.74279 -46.0523 26.4344
    endloop
  endfacet
  facet normal 0.553818 -0.392437 0.734356
    outer loop
      vertex 9.74279 -46.0523 26.4344
      vertex 10.0688 -46.5084 25.9448
      vertex 10.0688 -45.9313 26.2532
    endloop
  endfacet
  facet normal 0.553667 -0.392583 0.734392
    outer loop
      vertex 10.0688 -46.5084 25.9448
      vertex 9.74279 -46.0523 26.4344
      vertex 9.74279 -46.6294 26.1259
    endloop
  endfacet
  facet normal 0.70704 -0.373362 0.600579
    outer loop
      vertex 10.0688 -46.5084 25.9448
      vertex 10.346 -46.91 25.3688
      vertex 10.346 -46.3544 25.7142
    endloop
  endfacet
  facet normal 0.706933 -0.373497 0.600622
    outer loop
      vertex 10.346 -46.91 25.3688
      vertex 10.0688 -46.5084 25.9448
      vertex 10.0688 -47.064 25.5993
    endloop
  endfacet
  facet normal 0.92375 -0.20225 0.325239
    outer loop
      vertex 10.5638 -46.1733 25.4432
      vertex 10.7139 -46.5277 24.7965
      vertex 10.7139 -45.9721 25.142
    endloop
  endfacet
  facet normal 0.92375 -0.20225 0.325239
    outer loop
      vertex 10.7139 -46.5277 24.7965
      vertex 10.5638 -46.1733 25.4432
      vertex 10.5638 -46.7289 25.0977
    endloop
  endfacet
  facet normal 0.923188 -0.111464 0.36783
    outer loop
      vertex 10.7139 -43.9773 26.0377
      vertex 10.5638 -44.048 26.393
      vertex 10.7139 -44.0862 26.0047
    endloop
  endfacet
  facet normal 0.381135 0.586528 -0.714647
    outer loop
      vertex 9.38057 -25.2967 4.64668
      vertex 9.74279 -25.4028 4.75278
      vertex 9.38057 -25.5867 4.40867
    endloop
  endfacet
  facet normal 0.194154 0.865014 -0.46266
    outer loop
      vertex 9.2537 -24.977 5.03622
      vertex 9.38057 -24.9292 5.17883
      vertex 9.38057 -25.0587 4.93671
    endloop
  endfacet
  facet normal 0.381133 0.71469 -0.586478
    outer loop
      vertex 9.38057 -25.2967 4.64668
      vertex 9.38057 -25.0587 4.93671
      vertex 9.74279 -25.4028 4.75278
    endloop
  endfacet
  facet normal 0.194201 0.758321 -0.622282
    outer loop
      vertex 8.99603 -25.2426 4.5926
      vertex 9.38057 -25.0587 4.93671
      vertex 9.38057 -25.2967 4.64668
    endloop
  endfacet
  facet normal 0 0.290262 -0.956947
    outer loop
      vertex 8.99603 -26.2617 4.04788
      vertex 6.26969 -25.8883 4.16114
      vertex 8.99603 -25.8883 4.16114
    endloop
  endfacet
  facet normal 3.67812e-06 0.290287 -0.95694
    outer loop
      vertex 8.99603 -26.2617 4.04788
      vertex 5.19916 -26.1379 4.08542
      vertex 6.26969 -25.8883 4.16114
    endloop
  endfacet
  facet normal 0 0.290183 -0.956971
    outer loop
      vertex 5.19916 -26.1379 4.08542
      vertex 8.99603 -26.2617 4.04788
      vertex 4.44952 -26.2617 4.04788
    endloop
  endfacet
  facet normal -0.980764 -0.133446 0.142456
    outer loop
      vertex 0.80963 -47.8589 23.2089
      vertex 0.886119 -47.6533 23.9281
      vertex 0.80963 -47.3814 23.6562
    endloop
  endfacet
  facet normal -0.980764 -0.133446 0.142456
    outer loop
      vertex 0.886119 -47.6533 23.9281
      vertex 0.80963 -47.8589 23.2089
      vertex 0.886119 -48.1308 23.4808
    endloop
  endfacet
  facet normal -0.831312 -0.126212 0.541286
    outer loop
      vertex 1.25398 -43.4854 26.9026
      vertex 1.03616 -42.7845 26.7315
      vertex 1.03616 -43.4218 26.5829
    endloop
  endfacet
  facet normal -0.831312 -0.126212 0.541286
    outer loop
      vertex 1.03616 -42.7845 26.7315
      vertex 1.25398 -43.4854 26.9026
      vertex 1.25398 -42.8481 27.0512
    endloop
  endfacet
  facet normal -0.923244 -0.0378192 0.382348
    outer loop
      vertex 1.03616 -42.1392 26.838
      vertex 1.03616 -41.9552 26.8562
      vertex 0.886119 -41.9552 26.4939
    endloop
  endfacet
  facet normal -0.831363 -0.195762 0.520108
    outer loop
      vertex 1.03616 -44.8372 26.1088
      vertex 1.25398 -44.3496 26.6405
      vertex 1.03616 -44.2248 26.3393
    endloop
  endfacet
  facet normal -0.831363 -0.195762 0.520108
    outer loop
      vertex 1.25398 -44.3496 26.6405
      vertex 1.03616 -44.8372 26.1088
      vertex 1.25398 -44.962 26.41
    endloop
  endfacet
  facet normal -0.70689 -0.291918 0.644275
    outer loop
      vertex 1.53121 -45.664 26.3961
      vertex 1.25398 -44.962 26.41
      vertex 1.25398 -45.5579 26.14
    endloop
  endfacet
  facet normal -0.70689 -0.291918 0.644275
    outer loop
      vertex 1.25398 -44.962 26.41
      vertex 1.53121 -45.664 26.3961
      vertex 1.53121 -45.0681 26.6661
    endloop
  endfacet
  facet normal -0.831293 -0.293522 0.472013
    outer loop
      vertex 1.03616 -46.7289 25.0977
      vertex 1.25398 -46.3544 25.7142
      vertex 1.03616 -46.1733 25.4432
    endloop
  endfacet
  facet normal -0.831359 -0.293408 0.471968
    outer loop
      vertex 1.25398 -46.3544 25.7142
      vertex 1.03616 -46.7289 25.0977
      vertex 1.25398 -46.91 25.3688
    endloop
  endfacet
  facet normal -0.706893 -0.412031 0.57492
    outer loop
      vertex 1.53121 -47.5959 25.2181
      vertex 1.25398 -46.91 25.3688
      vertex 1.25398 -47.4419 24.9876
    endloop
  endfacet
  facet normal -0.706893 -0.412031 0.57492
    outer loop
      vertex 1.25398 -46.91 25.3688
      vertex 1.53121 -47.5959 25.2181
      vertex 1.53121 -47.064 25.5993
    endloop
  endfacet
  facet normal -0.70537 -0.33419 0.625116
    outer loop
      vertex 1.53121 -45.9313 26.2532
      vertex 1.53121 -45.664 26.3961
      vertex 1.25398 -45.5579 26.14
    endloop
  endfacet
  facet normal 0 -0.634394 0.77301
    outer loop
      vertex 2.60397 -47.8428 25.5876
      vertex 8.99603 -48.3486 25.1725
      vertex 8.99603 -47.8428 25.5876
    endloop
  endfacet
  facet normal 0 -0.634394 0.77301
    outer loop
      vertex 8.99603 -48.3486 25.1725
      vertex 2.60397 -47.8428 25.5876
      vertex 2.60397 -48.3486 25.1725
    endloop
  endfacet
  facet normal 0.194193 -0.462373 0.865159
    outer loop
      vertex 9.38057 -46.1357 26.5591
      vertex 8.99603 -45.8341 26.8066
      vertex 8.99603 -46.1782 26.6227
    endloop
  endfacet
  facet normal -0.194985 -0.222688 0.955191
    outer loop
      vertex 2.21943 -43.6113 27.5353
      vertex 2.60397 -42.9889 27.7589
      vertex 2.21943 -42.9739 27.6839
    endloop
  endfacet
  facet normal -0.194929 -0.222724 0.955195
    outer loop
      vertex 2.60397 -42.9889 27.7589
      vertex 2.21943 -43.6113 27.5353
      vertex 2.60397 -43.6262 27.6103
    endloop
  endfacet
  facet normal -0.831294 -0.451811 0.323754
    outer loop
      vertex 1.03616 -49.7477 22.0789
      vertex 1.25398 -49.6377 22.7917
      vertex 1.03616 -49.3667 22.6106
    endloop
  endfacet
  facet normal -0.831294 -0.451811 0.323754
    outer loop
      vertex 1.25398 -49.6377 22.7917
      vertex 1.03616 -49.7477 22.0789
      vertex 1.25398 -50.0187 22.26
    endloop
  endfacet
  facet normal -0.553784 -0.643616 0.528281
    outer loop
      vertex 1.85721 -49.634 23.5729
      vertex 1.85721 -49.4146 23.8402
      vertex 1.53121 -49.4529 23.4518
    endloop
  endfacet
  facet normal -0.980611 -0.17287 -0.0922891
    outer loop
      vertex 0.886119 -49.8457 10.7784
      vertex 0.80963 -49.4723 10.8917
      vertex 0.886119 -49.7921 10.678
    endloop
  endfacet
  facet normal -0.923802 -0.311218 0.223009
    outer loop
      vertex 0.886119 -49.4465 21.8777
      vertex 1.03616 -49.3667 22.6106
      vertex 0.886119 -49.0655 22.4094
    endloop
  endfacet
  facet normal -0.923802 -0.311218 0.223009
    outer loop
      vertex 1.03616 -49.3667 22.6106
      vertex 0.886119 -49.4465 21.8777
      vertex 1.03616 -49.7477 22.0789
    endloop
  endfacet
  facet normal -0.707008 -0.661874 0.249121
    outer loop
      vertex 1.53121 -51.5467 19.8056
      vertex 1.25398 -51.06 20.3119
      vertex 1.25398 -51.2905 19.6995
    endloop
  endfacet
  facet normal -0.707008 -0.661874 0.249121
    outer loop
      vertex 1.25398 -51.06 20.3119
      vertex 1.53121 -51.5467 19.8056
      vertex 1.53121 -51.3162 20.418
    endloop
  endfacet
  facet normal -0.980594 -0.172731 0.0927347
    outer loop
      vertex 0.80963 -49.4905 21.0744
      vertex 0.886119 -49.8457 21.2216
      vertex 0.80963 -49.4723 21.1083
    endloop
  endfacet
  facet normal -0.553758 -0.734382 0.392473
    outer loop
      vertex 1.85721 -50.9389 21.6744
      vertex 1.85721 -50.7759 21.9794
      vertex 1.53121 -50.5948 21.8583
    endloop
  endfacet
  facet normal -0.980611 -0.17287 0.0922891
    outer loop
      vertex 0.886119 -49.8457 21.2216
      vertex 0.886119 -49.7921 21.322
      vertex 0.80963 -49.4723 21.1083
    endloop
  endfacet
  facet normal -0.980771 -0.195055 -0.00641236
    outer loop
      vertex 0.886119 -51.2081 15.346
      vertex 0.80963 -50.845 16
      vertex 0.80963 -50.8235 15.346
    endloop
  endfacet
  facet normal -0.980762 -0.195104 -0.00638414
    outer loop
      vertex 0.80963 -50.845 16
      vertex 0.886119 -51.2081 15.346
      vertex 0.886119 -51.2295 16
    endloop
  endfacet
  facet normal -0.980599 -0.187582 -0.0569039
    outer loop
      vertex 0.886119 -50.6877 12.6728
      vertex 0.80963 -50.5005 13.3738
      vertex 0.80963 -50.3106 12.7478
    endloop
  endfacet
  facet normal -0.980599 -0.187582 -0.0569039
    outer loop
      vertex 0.80963 -50.5005 13.3738
      vertex 0.886119 -50.6877 12.6728
      vertex 0.886119 -50.8776 13.2988
    endloop
  endfacet
  facet normal -1 0 0
    outer loop
      vertex 0.80963 -37.1575 15.7711
      vertex 0.80963 -26.6235 5.80658
      vertex 0.80963 -26.65 5.80397
    endloop
  endfacet
  facet normal -1 0 0
    outer loop
      vertex 0.80963 -26.6235 5.80658
      vertex 0.80963 -37.15 16
      vertex 0.80963 -26.6235 26.1934
    endloop
  endfacet
  facet normal -1 0 0
    outer loop
      vertex 0.80963 -37.1575 16.2289
      vertex 0.80963 -26.6235 26.1934
      vertex 0.80963 -37.15 16
    endloop
  endfacet
  facet normal -1 0 0
    outer loop
      vertex 0.80963 -26.6235 5.80658
      vertex 0.80963 -37.1575 15.7711
      vertex 0.80963 -37.15 16
    endloop
  endfacet
  facet normal -1 0 0
    outer loop
      vertex 0.80963 -26.65 5.80397
      vertex 0.80963 -37.1799 15.5432
      vertex 0.80963 -37.1575 15.7711
    endloop
  endfacet
  facet normal -1 0 0
    outer loop
      vertex 0.80963 -26.65 5.80397
      vertex 0.80963 -37.2173 15.3172
      vertex 0.80963 -37.1799 15.5432
    endloop
  endfacet
  facet normal -1 0 0
    outer loop
      vertex 0.80963 -26.65 5.80397
      vertex 0.80963 -37.2693 15.0941
      vertex 0.80963 -37.2173 15.3172
    endloop
  endfacet
  facet normal -1 0 0
    outer loop
      vertex 0.80963 -26.65 5.80397
      vertex 0.80963 -37.3357 14.875
      vertex 0.80963 -37.2693 15.0941
    endloop
  endfacet
  facet normal -1 0 0
    outer loop
      vertex 0.80963 -26.65 5.80397
      vertex 0.80963 -37.4164 14.6606
      vertex 0.80963 -37.3357 14.875
    endloop
  endfacet
  facet normal -1 0 0
    outer loop
      vertex 0.80963 -26.65 5.80397
      vertex 0.80963 -37.5109 14.452
      vertex 0.80963 -37.4164 14.6606
    endloop
  endfacet
  facet normal -1 0 0
    outer loop
      vertex 0.80963 -26.65 5.80397
      vertex 0.80963 -37.6189 14.25
      vertex 0.80963 -37.5109 14.452
    endloop
  endfacet
  facet normal -1 0 0
    outer loop
      vertex 0.80963 -26.65 5.80397
      vertex 0.80963 -37.7399 14.0555
      vertex 0.80963 -37.6189 14.25
    endloop
  endfacet
  facet normal -1 0 0
    outer loop
      vertex 0.80963 -26.65 5.80397
      vertex 0.80963 -37.8733 13.8693
      vertex 0.80963 -37.7399 14.0555
    endloop
  endfacet
  facet normal -1 0 0
    outer loop
      vertex 0.80963 -26.65 5.80397
      vertex 0.80963 -38.0186 13.6923
      vertex 0.80963 -37.8733 13.8693
    endloop
  endfacet
  facet normal -1 0 0
    outer loop
      vertex 0.80963 -26.65 5.80397
      vertex 0.80963 -38.1751 13.5251
      vertex 0.80963 -38.0186 13.6923
    endloop
  endfacet
  facet normal -1 0 0
    outer loop
      vertex 0.80963 -26.65 5.80397
      vertex 0.80963 -38.3423 13.3686
      vertex 0.80963 -38.1751 13.5251
    endloop
  endfacet
  facet normal -1 0 0
    outer loop
      vertex 0.80963 -40.6172 5.80397
      vertex 0.80963 -38.3423 13.3686
      vertex 0.80963 -26.65 5.80397
    endloop
  endfacet
  facet normal -1 0 0
    outer loop
      vertex 0.80963 -38.3423 13.3686
      vertex 0.80963 -40.6172 5.80397
      vertex 0.80963 -38.5193 13.2233
    endloop
  endfacet
  facet normal -1 0 0
    outer loop
      vertex 0.80963 -38.5193 13.2233
      vertex 0.80963 -40.6172 5.80397
      vertex 0.80963 -38.7055 13.0899
    endloop
  endfacet
  facet normal -1 0 0
    outer loop
      vertex 0.80963 -38.7055 13.0899
      vertex 0.80963 -40.6172 5.80397
      vertex 0.80963 -38.9 12.9689
    endloop
  endfacet
  facet normal -1 0 0
    outer loop
      vertex 0.80963 -38.9 12.9689
      vertex 0.80963 -40.6172 5.80397
      vertex 0.80963 -39.102 12.8609
    endloop
  endfacet
  facet normal -1 0 0
    outer loop
      vertex 0.80963 -39.102 12.8609
      vertex 0.80963 -40.6172 5.80397
      vertex 0.80963 -39.3106 12.7664
    endloop
  endfacet
  facet normal -1 0 0
    outer loop
      vertex 0.80963 -39.3106 12.7664
      vertex 0.80963 -40.6172 5.80397
      vertex 0.80963 -39.525 12.6857
    endloop
  endfacet
  facet normal -1 0 0
    outer loop
      vertex 0.80963 -39.525 12.6857
      vertex 0.80963 -40.6172 5.80397
      vertex 0.80963 -39.7441 12.6193
    endloop
  endfacet
  facet normal -1 0 0
    outer loop
      vertex 0.80963 -39.7441 12.6193
      vertex 0.80963 -40.6172 5.80397
      vertex 0.80963 -39.9672 12.5673
    endloop
  endfacet
  facet normal -1 0 0
    outer loop
      vertex 0.80963 -39.9672 12.5673
      vertex 0.80963 -40.6172 5.80397
      vertex 0.80963 -40.1932 12.5299
    endloop
  endfacet
  facet normal -1 0 0
    outer loop
      vertex 0.80963 -40.1932 12.5299
      vertex 0.80963 -40.6172 5.80397
      vertex 0.80963 -40.4211 12.5075
    endloop
  endfacet
  facet normal -1 0 0
    outer loop
      vertex 0.80963 -40.6172 5.80397
      vertex 0.80963 -40.65 12.5
      vertex 0.80963 -40.4211 12.5075
    endloop
  endfacet
  facet normal -1 0 0
    outer loop
      vertex 0.80963 -40.6172 5.80397
      vertex 0.80963 -40.8789 12.5075
      vertex 0.80963 -40.65 12.5
    endloop
  endfacet
  facet normal -1 0 0
    outer loop
      vertex 0.80963 -41.3039 5.82646
      vertex 0.80963 -40.8789 12.5075
      vertex 0.80963 -40.6172 5.80397
    endloop
  endfacet
  facet normal -1 0 0
    outer loop
      vertex 0.80963 -41.3422 5.83022
      vertex 0.80963 -40.8789 12.5075
      vertex 0.80963 -41.3039 5.82646
    endloop
  endfacet
  facet normal -1 -0 0
    outer loop
      vertex 0.80963 -40.8789 12.5075
      vertex 0.80963 -41.3422 5.83022
      vertex 0.80963 -41.1068 12.5299
    endloop
  endfacet
  facet normal -1 0 0
    outer loop
      vertex 0.80963 -41.9935 5.89437
      vertex 0.80963 -41.1068 12.5299
      vertex 0.80963 -41.3422 5.83022
    endloop
  endfacet
  facet normal -1 -0 0
    outer loop
      vertex 0.80963 -41.1068 12.5299
      vertex 0.80963 -41.9935 5.89437
      vertex 0.80963 -41.3328 12.5673
    endloop
  endfacet
  facet normal -1 0 0
    outer loop
      vertex 0.80963 -42.6388 6.00092
      vertex 0.80963 -41.3328 12.5673
      vertex 0.80963 -41.9935 5.89437
    endloop
  endfacet
  facet normal -1 -0 0
    outer loop
      vertex 0.80963 -41.3328 12.5673
      vertex 0.80963 -42.6388 6.00092
      vertex 0.80963 -41.5559 12.6193
    endloop
  endfacet
  facet normal -1 0 0
    outer loop
      vertex 0.80963 -43.2761 6.14953
      vertex 0.80963 -41.5559 12.6193
      vertex 0.80963 -42.6388 6.00092
    endloop
  endfacet
  facet normal -1 -0 0
    outer loop
      vertex 0.80963 -41.5559 12.6193
      vertex 0.80963 -43.2761 6.14953
      vertex 0.80963 -41.775 12.6857
    endloop
  endfacet
  facet normal -1 0 0
    outer loop
      vertex 0.80963 -43.9023 6.33946
      vertex 0.80963 -41.775 12.6857
      vertex 0.80963 -43.2761 6.14953
    endloop
  endfacet
  facet normal -1 0 0
    outer loop
      vertex 0.80963 -43.9391 6.35061
      vertex 0.80963 -41.775 12.6857
      vertex 0.80963 -43.9023 6.33946
    endloop
  endfacet
  facet normal -1 -0 0
    outer loop
      vertex 0.80963 -41.775 12.6857
      vertex 0.80963 -43.9391 6.35061
      vertex 0.80963 -41.9894 12.7664
    endloop
  endfacet
  facet normal -1 0 0
    outer loop
      vertex 0.80963 -44.5515 6.58111
      vertex 0.80963 -41.9894 12.7664
      vertex 0.80963 -43.9391 6.35061
    endloop
  endfacet
  facet normal -1 -0 0
    outer loop
      vertex 0.80963 -41.9894 12.7664
      vertex 0.80963 -44.5515 6.58111
      vertex 0.80963 -42.198 12.8609
    endloop
  endfacet
  facet normal -1 0 0
    outer loop
      vertex 0.80963 -45.1474 6.85112
      vertex 0.80963 -42.198 12.8609
      vertex 0.80963 -44.5515 6.58111
    endloop
  endfacet
  facet normal -1 0 0
    outer loop
      vertex 0.80963 -45.1813 6.86923
      vertex 0.80963 -42.198 12.8609
      vertex 0.80963 -45.1474 6.85112
    endloop
  endfacet
  facet normal -1 -0 0
    outer loop
      vertex 0.80963 -42.198 12.8609
      vertex 0.80963 -45.1813 6.86923
      vertex 0.80963 -42.4 12.9689
    endloop
  endfacet
  facet normal -1 0 0
    outer loop
      vertex 0.80963 -45.7584 7.17772
      vertex 0.80963 -42.4 12.9689
      vertex 0.80963 -45.1813 6.86923
    endloop
  endfacet
  facet normal -1 -0 0
    outer loop
      vertex 0.80963 -42.4 12.9689
      vertex 0.80963 -45.7584 7.17772
      vertex 0.80963 -42.5945 13.0899
    endloop
  endfacet
  facet normal -1 0 0
    outer loop
      vertex 0.80963 -46.314 7.52321
      vertex 0.80963 -42.5945 13.0899
      vertex 0.80963 -45.7584 7.17772
    endloop
  endfacet
  facet normal -1 -0 0
    outer loop
      vertex 0.80963 -42.5945 13.0899
      vertex 0.80963 -46.314 7.52321
      vertex 0.80963 -42.7807 13.2233
    endloop
  endfacet
  facet normal -1 0 0
    outer loop
      vertex 0.80963 -46.8459 7.90434
      vertex 0.80963 -42.7807 13.2233
      vertex 0.80963 -46.314 7.52321
    endloop
  endfacet
  facet normal -1 -0 0
    outer loop
      vertex 0.80963 -42.7807 13.2233
      vertex 0.80963 -46.8459 7.90434
      vertex 0.80963 -42.9577 13.3686
    endloop
  endfacet
  facet normal -1 0 0
    outer loop
      vertex 0.80963 -47.3517 8.31946
      vertex 0.80963 -42.9577 13.3686
      vertex 0.80963 -46.8459 7.90434
    endloop
  endfacet
  facet normal -1 0 0
    outer loop
      vertex 0.80963 -47.3814 8.34384
      vertex 0.80963 -42.9577 13.3686
      vertex 0.80963 -47.3517 8.31946
    endloop
  endfacet
  facet normal -1 -0 0
    outer loop
      vertex 0.80963 -42.9577 13.3686
      vertex 0.80963 -47.3814 8.34384
      vertex 0.80963 -43.1249 13.5251
    endloop
  endfacet
  facet normal -1 0 0
    outer loop
      vertex 0.80963 -47.8589 8.79107
      vertex 0.80963 -43.1249 13.5251
      vertex 0.80963 -47.3814 8.34384
    endloop
  endfacet
  facet normal -1 -0 0
    outer loop
      vertex 0.80963 -43.1249 13.5251
      vertex 0.80963 -47.8589 8.79107
      vertex 0.80963 -43.2814 13.6923
    endloop
  endfacet
  facet normal -1 0 0
    outer loop
      vertex 0.80963 -48.306 9.26846
      vertex 0.80963 -43.2814 13.6923
      vertex 0.80963 -47.8589 8.79107
    endloop
  endfacet
  facet normal -1 -0 0
    outer loop
      vertex 0.80963 -43.2814 13.6923
      vertex 0.80963 -48.3304 9.29816
      vertex 0.80963 -43.4267 13.8693
    endloop
  endfacet
  facet normal -1 0 0
    outer loop
      vertex 0.80963 -48.7458 9.80427
      vertex 0.80963 -43.4267 13.8693
      vertex 0.80963 -48.3304 9.29816
    endloop
  endfacet
  facet normal -1 -0 0
    outer loop
      vertex 0.80963 -26.6235 26.1934
      vertex 0.80963 -37.1575 16.2289
      vertex 0.80963 -26.65 26.196
    endloop
  endfacet
  facet normal -1 0 0
    outer loop
      vertex 0.80963 -37.1799 16.4568
      vertex 0.80963 -26.65 26.196
      vertex 0.80963 -37.1575 16.2289
    endloop
  endfacet
  facet normal -1 0 0
    outer loop
      vertex 0.80963 -37.2173 16.6828
      vertex 0.80963 -26.65 26.196
      vertex 0.80963 -37.1799 16.4568
    endloop
  endfacet
  facet normal -1 0 0
    outer loop
      vertex 0.80963 -37.2693 16.9059
      vertex 0.80963 -26.65 26.196
      vertex 0.80963 -37.2173 16.6828
    endloop
  endfacet
  facet normal -1 0 0
    outer loop
      vertex 0.80963 -37.3357 17.125
      vertex 0.80963 -26.65 26.196
      vertex 0.80963 -37.2693 16.9059
    endloop
  endfacet
  facet normal -1 0 0
    outer loop
      vertex 0.80963 -37.4164 17.3394
      vertex 0.80963 -26.65 26.196
      vertex 0.80963 -37.3357 17.125
    endloop
  endfacet
  facet normal -1 0 0
    outer loop
      vertex 0.80963 -37.5109 17.548
      vertex 0.80963 -26.65 26.196
      vertex 0.80963 -37.4164 17.3394
    endloop
  endfacet
  facet normal -1 0 0
    outer loop
      vertex 0.80963 -37.6189 17.75
      vertex 0.80963 -26.65 26.196
      vertex 0.80963 -37.5109 17.548
    endloop
  endfacet
  facet normal -1 0 0
    outer loop
      vertex 0.80963 -37.7399 17.9445
      vertex 0.80963 -26.65 26.196
      vertex 0.80963 -37.6189 17.75
    endloop
  endfacet
  facet normal -1 0 0
    outer loop
      vertex 0.80963 -37.8733 18.1307
      vertex 0.80963 -26.65 26.196
      vertex 0.80963 -37.7399 17.9445
    endloop
  endfacet
  facet normal -1 0 0
    outer loop
      vertex 0.80963 -38.0186 18.3077
      vertex 0.80963 -26.65 26.196
      vertex 0.80963 -37.8733 18.1307
    endloop
  endfacet
  facet normal -1 0 0
    outer loop
      vertex 0.80963 -38.1751 18.4749
      vertex 0.80963 -26.65 26.196
      vertex 0.80963 -38.0186 18.3077
    endloop
  endfacet
  facet normal -1 0 0
    outer loop
      vertex 0.80963 -38.3423 18.6314
      vertex 0.80963 -26.65 26.196
      vertex 0.80963 -38.1751 18.4749
    endloop
  endfacet
  facet normal -1 0 0
    outer loop
      vertex 0.80963 -40.6172 26.196
      vertex 0.80963 -38.3423 18.6314
      vertex 0.80963 -38.5193 18.7767
    endloop
  endfacet
  facet normal -1 0 0
    outer loop
      vertex 0.80963 -40.6172 26.196
      vertex 0.80963 -38.5193 18.7767
      vertex 0.80963 -38.7055 18.9101
    endloop
  endfacet
  facet normal -1 0 0
    outer loop
      vertex 0.80963 -40.6172 26.196
      vertex 0.80963 -38.7055 18.9101
      vertex 0.80963 -38.9 19.0311
    endloop
  endfacet
  facet normal -1 0 0
    outer loop
      vertex 0.80963 -40.6172 26.196
      vertex 0.80963 -38.9 19.0311
      vertex 0.80963 -39.102 19.1391
    endloop
  endfacet
  facet normal -1 0 0
    outer loop
      vertex 0.80963 -40.6172 26.196
      vertex 0.80963 -39.102 19.1391
      vertex 0.80963 -39.3106 19.2336
    endloop
  endfacet
  facet normal -1 0 0
    outer loop
      vertex 0.80963 -40.6172 26.196
      vertex 0.80963 -39.3106 19.2336
      vertex 0.80963 -39.525 19.3143
    endloop
  endfacet
  facet normal -1 0 0
    outer loop
      vertex 0.80963 -40.6172 26.196
      vertex 0.80963 -39.525 19.3143
      vertex 0.80963 -39.7441 19.3807
    endloop
  endfacet
  facet normal -1 0 0
    outer loop
      vertex 0.80963 -40.6172 26.196
      vertex 0.80963 -39.7441 19.3807
      vertex 0.80963 -39.9672 19.4327
    endloop
  endfacet
  facet normal -1 0 0
    outer loop
      vertex 0.80963 -40.6172 26.196
      vertex 0.80963 -39.9672 19.4327
      vertex 0.80963 -40.1932 19.4701
    endloop
  endfacet
  facet normal -1 0 0
    outer loop
      vertex 0.80963 -40.6172 26.196
      vertex 0.80963 -40.1932 19.4701
      vertex 0.80963 -40.4211 19.4925
    endloop
  endfacet
  facet normal -1 0 0
    outer loop
      vertex 0.80963 -38.3423 18.6314
      vertex 0.80963 -40.6172 26.196
      vertex 0.80963 -26.65 26.196
    endloop
  endfacet
  facet normal -1 0 0
    outer loop
      vertex 0.80963 -40.65 19.5
      vertex 0.80963 -40.6172 26.196
      vertex 0.80963 -40.4211 19.4925
    endloop
  endfacet
  facet normal -1 0 0
    outer loop
      vertex 0.80963 -40.8789 19.4925
      vertex 0.80963 -40.6172 26.196
      vertex 0.80963 -40.65 19.5
    endloop
  endfacet
  facet normal -1 0 0
    outer loop
      vertex 0.80963 -41.3422 26.1698
      vertex 0.80963 -40.8789 19.4925
      vertex 0.80963 -41.1068 19.4701
    endloop
  endfacet
  facet normal -1 0 0
    outer loop
      vertex 0.80963 -40.8789 19.4925
      vertex 0.80963 -41.3039 26.1735
      vertex 0.80963 -40.6172 26.196
    endloop
  endfacet
  facet normal -1 0 0
    outer loop
      vertex 0.80963 -41.9935 26.1056
      vertex 0.80963 -41.1068 19.4701
      vertex 0.80963 -41.3328 19.4327
    endloop
  endfacet
  facet normal -1 0 0
    outer loop
      vertex 0.80963 -40.8789 19.4925
      vertex 0.80963 -41.3422 26.1698
      vertex 0.80963 -41.3039 26.1735
    endloop
  endfacet
  facet normal -1 0 0
    outer loop
      vertex 0.80963 -42.6388 25.9991
      vertex 0.80963 -41.3328 19.4327
      vertex 0.80963 -41.5559 19.3807
    endloop
  endfacet
  facet normal -1 0 0
    outer loop
      vertex 0.80963 -43.2761 25.8505
      vertex 0.80963 -41.5559 19.3807
      vertex 0.80963 -41.775 19.3143
    endloop
  endfacet
  facet normal -1 0 0
    outer loop
      vertex 0.80963 -43.9391 25.6494
      vertex 0.80963 -41.775 19.3143
      vertex 0.80963 -41.9894 19.2336
    endloop
  endfacet
  facet normal -1 0 0
    outer loop
      vertex 0.80963 -41.1068 19.4701
      vertex 0.80963 -41.9935 26.1056
      vertex 0.80963 -41.3422 26.1698
    endloop
  endfacet
  facet normal -1 0 0
    outer loop
      vertex 0.80963 -44.5515 25.4189
      vertex 0.80963 -41.9894 19.2336
      vertex 0.80963 -42.198 19.1391
    endloop
  endfacet
  facet normal -1 0 0
    outer loop
      vertex 0.80963 -45.1813 25.1308
      vertex 0.80963 -42.198 19.1391
      vertex 0.80963 -42.4 19.0311
    endloop
  endfacet
  facet normal -1 0 0
    outer loop
      vertex 0.80963 -45.7584 24.8223
      vertex 0.80963 -42.4 19.0311
      vertex 0.80963 -42.5945 18.9101
    endloop
  endfacet
  facet normal -1 0 0
    outer loop
      vertex 0.80963 -41.3328 19.4327
      vertex 0.80963 -42.6388 25.9991
      vertex 0.80963 -41.9935 26.1056
    endloop
  endfacet
  facet normal -1 0 0
    outer loop
      vertex 0.80963 -46.314 24.4768
      vertex 0.80963 -42.5945 18.9101
      vertex 0.80963 -42.7807 18.7767
    endloop
  endfacet
  facet normal -1 0 0
    outer loop
      vertex 0.80963 -46.8459 24.0957
      vertex 0.80963 -42.7807 18.7767
      vertex 0.80963 -42.9577 18.6314
    endloop
  endfacet
  facet normal -1 0 0
    outer loop
      vertex 0.80963 -47.3814 23.6562
      vertex 0.80963 -42.9577 18.6314
      vertex 0.80963 -43.1249 18.4749
    endloop
  endfacet
  facet normal -1 0 0
    outer loop
      vertex 0.80963 -41.5559 19.3807
      vertex 0.80963 -43.2761 25.8505
      vertex 0.80963 -42.6388 25.9991
    endloop
  endfacet
  facet normal -1 0 0
    outer loop
      vertex 0.80963 -47.8589 23.2089
      vertex 0.80963 -43.1249 18.4749
      vertex 0.80963 -43.2814 18.3077
    endloop
  endfacet
  facet normal -1 0 0
    outer loop
      vertex 0.80963 -48.3304 22.7018
      vertex 0.80963 -43.2814 18.3077
      vertex 0.80963 -43.4267 18.1307
    endloop
  endfacet
  facet normal -1 0 0
    outer loop
      vertex 0.80963 -48.7458 22.1957
      vertex 0.80963 -43.4267 18.1307
      vertex 0.80963 -43.5601 17.9445
    endloop
  endfacet
  facet normal -1 0 0
    outer loop
      vertex 0.80963 -49.1268 21.664
      vertex 0.80963 -43.5601 17.9445
      vertex 0.80963 -43.6811 17.75
    endloop
  endfacet
  facet normal -1 0 0
    outer loop
      vertex 0.80963 -49.4905 21.0744
      vertex 0.80963 -43.6811 17.75
      vertex 0.80963 -43.7891 17.548
    endloop
  endfacet
  facet normal -1 0 0
    outer loop
      vertex 0.80963 -49.7988 20.4976
      vertex 0.80963 -43.7891 17.548
      vertex 0.80963 -43.8836 17.3394
    endloop
  endfacet
  facet normal -1 0 0
    outer loop
      vertex 0.80963 -41.775 19.3143
      vertex 0.80963 -43.9023 25.6605
      vertex 0.80963 -43.2761 25.8505
    endloop
  endfacet
  facet normal -1 0 0
    outer loop
      vertex 0.80963 -41.775 19.3143
      vertex 0.80963 -43.9391 25.6494
      vertex 0.80963 -43.9023 25.6605
    endloop
  endfacet
  facet normal -1 0 0
    outer loop
      vertex 0.80963 -50.0689 19.9014
      vertex 0.80963 -43.8836 17.3394
      vertex 0.80963 -43.9643 17.125
    endloop
  endfacet
  facet normal -1 0 0
    outer loop
      vertex 0.80963 -50.3106 19.2522
      vertex 0.80963 -43.9643 17.125
      vertex 0.80963 -44.0307 16.9059
    endloop
  endfacet
  facet normal -1 0 0
    outer loop
      vertex 0.80963 -50.5005 18.6262
      vertex 0.80963 -44.0307 16.9059
      vertex 0.80963 -44.0827 16.6828
    endloop
  endfacet
  facet normal -1 0 0
    outer loop
      vertex 0.80963 -50.6491 17.9888
      vertex 0.80963 -44.0827 16.6828
      vertex 0.80963 -44.1201 16.4568
    endloop
  endfacet
  facet normal -1 0 0
    outer loop
      vertex 0.80963 -50.7556 17.3435
      vertex 0.80963 -44.1201 16.4568
      vertex 0.80963 -44.1425 16.2289
    endloop
  endfacet
  facet normal -1 0 0
    outer loop
      vertex 0.80963 -50.8235 16.654
      vertex 0.80963 -44.1425 16.2289
      vertex 0.80963 -44.15 16
    endloop
  endfacet
  facet normal -1 -0 0
    outer loop
      vertex 0.80963 -43.4267 13.8693
      vertex 0.80963 -48.7458 9.80427
      vertex 0.80963 -43.5601 14.0555
    endloop
  endfacet
  facet normal -1 0 0
    outer loop
      vertex 0.80963 -41.9894 19.2336
      vertex 0.80963 -44.5515 25.4189
      vertex 0.80963 -43.9391 25.6494
    endloop
  endfacet
  facet normal -1 0 0
    outer loop
      vertex 0.80963 -48.3304 9.29816
      vertex 0.80963 -43.2814 13.6923
      vertex 0.80963 -48.306 9.26846
    endloop
  endfacet
  facet normal -1 0 0
    outer loop
      vertex 0.80963 -49.1268 10.336
      vertex 0.80963 -43.5601 14.0555
      vertex 0.80963 -48.7458 9.80427
    endloop
  endfacet
  facet normal -1 0 0
    outer loop
      vertex 0.80963 -42.198 19.1391
      vertex 0.80963 -45.1813 25.1308
      vertex 0.80963 -45.1474 25.1489
    endloop
  endfacet
  facet normal -1 0 0
    outer loop
      vertex 0.80963 -42.198 19.1391
      vertex 0.80963 -45.1474 25.1489
      vertex 0.80963 -44.5515 25.4189
    endloop
  endfacet
  facet normal -1 -0 0
    outer loop
      vertex 0.80963 -43.5601 14.0555
      vertex 0.80963 -49.1268 10.336
      vertex 0.80963 -43.6811 14.25
    endloop
  endfacet
  facet normal -1 0 0
    outer loop
      vertex 0.80963 -42.4 19.0311
      vertex 0.80963 -45.7584 24.8223
      vertex 0.80963 -45.1813 25.1308
    endloop
  endfacet
  facet normal -1 0 0
    outer loop
      vertex 0.80963 -49.4723 10.8917
      vertex 0.80963 -43.6811 14.25
      vertex 0.80963 -49.1268 10.336
    endloop
  endfacet
  facet normal -1 0 0
    outer loop
      vertex 0.80963 -42.5945 18.9101
      vertex 0.80963 -46.314 24.4768
      vertex 0.80963 -45.7584 24.8223
    endloop
  endfacet
  facet normal -1 0 0
    outer loop
      vertex 0.80963 -49.4905 10.9256
      vertex 0.80963 -43.6811 14.25
      vertex 0.80963 -49.4723 10.8917
    endloop
  endfacet
  facet normal -1 0 0
    outer loop
      vertex 0.80963 -42.7807 18.7767
      vertex 0.80963 -46.8459 24.0957
      vertex 0.80963 -46.314 24.4768
    endloop
  endfacet
  facet normal -1 -0 0
    outer loop
      vertex 0.80963 -43.6811 14.25
      vertex 0.80963 -49.4905 10.9256
      vertex 0.80963 -43.7891 14.452
    endloop
  endfacet
  facet normal -1 0 0
    outer loop
      vertex 0.80963 -42.9577 18.6314
      vertex 0.80963 -47.3517 23.6805
      vertex 0.80963 -46.8459 24.0957
    endloop
  endfacet
  facet normal -1 0 0
    outer loop
      vertex 0.80963 -49.7988 11.5024
      vertex 0.80963 -43.7891 14.452
      vertex 0.80963 -49.4905 10.9256
    endloop
  endfacet
  facet normal -1 -0 0
    outer loop
      vertex 0.80963 -43.7891 14.452
      vertex 0.80963 -49.7988 11.5024
      vertex 0.80963 -43.8836 14.6606
    endloop
  endfacet
  facet normal -1 0 0
    outer loop
      vertex 0.80963 -43.1249 18.4749
      vertex 0.80963 -47.8589 23.2089
      vertex 0.80963 -47.3814 23.6562
    endloop
  endfacet
  facet normal -1 0 0
    outer loop
      vertex 0.80963 -42.9577 18.6314
      vertex 0.80963 -47.3814 23.6562
      vertex 0.80963 -47.3517 23.6805
    endloop
  endfacet
  facet normal -1 0 0
    outer loop
      vertex 0.80963 -50.0689 12.0986
      vertex 0.80963 -43.8836 14.6606
      vertex 0.80963 -49.7988 11.5024
    endloop
  endfacet
  facet normal -1 -0 0
    outer loop
      vertex 0.80963 -43.8836 14.6606
      vertex 0.80963 -50.0689 12.0986
      vertex 0.80963 -43.9643 14.875
    endloop
  endfacet
  facet normal -1 0 0
    outer loop
      vertex 0.80963 -43.2814 18.3077
      vertex 0.80963 -48.3304 22.7018
      vertex 0.80963 -48.306 22.7315
    endloop
  endfacet
  facet normal -1 0 0
    outer loop
      vertex 0.80963 -43.2814 18.3077
      vertex 0.80963 -48.306 22.7315
      vertex 0.80963 -47.8589 23.2089
    endloop
  endfacet
  facet normal -1 0 0
    outer loop
      vertex 0.80963 -50.2994 12.711
      vertex 0.80963 -43.9643 14.875
      vertex 0.80963 -50.0689 12.0986
    endloop
  endfacet
  facet normal -1 0 0
    outer loop
      vertex 0.80963 -43.4267 18.1307
      vertex 0.80963 -48.7458 22.1957
      vertex 0.80963 -48.3304 22.7018
    endloop
  endfacet
  facet normal -1 0 0
    outer loop
      vertex 0.80963 -50.3106 12.7478
      vertex 0.80963 -43.9643 14.875
      vertex 0.80963 -50.2994 12.711
    endloop
  endfacet
  facet normal -1 0 0
    outer loop
      vertex 0.80963 -43.5601 17.9445
      vertex 0.80963 -49.1268 21.664
      vertex 0.80963 -48.7458 22.1957
    endloop
  endfacet
  facet normal -1 -0 0
    outer loop
      vertex 0.80963 -43.9643 14.875
      vertex 0.80963 -50.3106 12.7478
      vertex 0.80963 -44.0307 15.0941
    endloop
  endfacet
  facet normal -1 0 0
    outer loop
      vertex 0.80963 -50.5005 13.3738
      vertex 0.80963 -44.0307 15.0941
      vertex 0.80963 -50.3106 12.7478
    endloop
  endfacet
  facet normal -1 0 0
    outer loop
      vertex 0.80963 -43.6811 17.75
      vertex 0.80963 -49.4905 21.0744
      vertex 0.80963 -49.4723 21.1083
    endloop
  endfacet
  facet normal -1 0 0
    outer loop
      vertex 0.80963 -43.6811 17.75
      vertex 0.80963 -49.4723 21.1083
      vertex 0.80963 -49.1268 21.664
    endloop
  endfacet
  facet normal -1 -0 0
    outer loop
      vertex 0.80963 -44.0307 15.0941
      vertex 0.80963 -50.5005 13.3738
      vertex 0.80963 -44.0827 15.3172
    endloop
  endfacet
  facet normal -1 0 0
    outer loop
      vertex 0.80963 -43.7891 17.548
      vertex 0.80963 -49.7988 20.4976
      vertex 0.80963 -49.4905 21.0744
    endloop
  endfacet
  facet normal -1 0 0
    outer loop
      vertex 0.80963 -50.6491 14.0112
      vertex 0.80963 -44.0827 15.3172
      vertex 0.80963 -50.5005 13.3738
    endloop
  endfacet
  facet normal -1 0 0
    outer loop
      vertex 0.80963 -43.8836 17.3394
      vertex 0.80963 -50.0689 19.9014
      vertex 0.80963 -49.7988 20.4976
    endloop
  endfacet
  facet normal -1 -0 0
    outer loop
      vertex 0.80963 -44.0827 15.3172
      vertex 0.80963 -50.6491 14.0112
      vertex 0.80963 -44.1201 15.5432
    endloop
  endfacet
  facet normal -1 0 0
    outer loop
      vertex 0.80963 -50.7556 14.6565
      vertex 0.80963 -44.1201 15.5432
      vertex 0.80963 -50.6491 14.0112
    endloop
  endfacet
  facet normal -1 0 0
    outer loop
      vertex 0.80963 -43.9643 17.125
      vertex 0.80963 -50.3106 19.2522
      vertex 0.80963 -50.2994 19.289
    endloop
  endfacet
  facet normal -1 0 0
    outer loop
      vertex 0.80963 -43.9643 17.125
      vertex 0.80963 -50.2994 19.289
      vertex 0.80963 -50.0689 19.9014
    endloop
  endfacet
  facet normal -1 -0 0
    outer loop
      vertex 0.80963 -44.1201 15.5432
      vertex 0.80963 -50.7556 14.6565
      vertex 0.80963 -44.1425 15.7711
    endloop
  endfacet
  facet normal -1 0 0
    outer loop
      vertex 0.80963 -44.0307 16.9059
      vertex 0.80963 -50.5005 18.6262
      vertex 0.80963 -50.3106 19.2522
    endloop
  endfacet
  facet normal -1 0 0
    outer loop
      vertex 0.80963 -50.8198 15.3078
      vertex 0.80963 -44.1425 15.7711
      vertex 0.80963 -50.7556 14.6565
    endloop
  endfacet
  facet normal -1 0 0
    outer loop
      vertex 0.80963 -44.0827 16.6828
      vertex 0.80963 -50.6491 17.9888
      vertex 0.80963 -50.5005 18.6262
    endloop
  endfacet
  facet normal -1 0 0
    outer loop
      vertex 0.80963 -50.8235 15.346
      vertex 0.80963 -44.1425 15.7711
      vertex 0.80963 -50.8198 15.3078
    endloop
  endfacet
  facet normal -1 0 0
    outer loop
      vertex 0.80963 -44.1201 16.4568
      vertex 0.80963 -50.7556 17.3435
      vertex 0.80963 -50.6491 17.9888
    endloop
  endfacet
  facet normal -1 -0 0
    outer loop
      vertex 0.80963 -44.1425 15.7711
      vertex 0.80963 -50.8235 15.346
      vertex 0.80963 -44.15 16
    endloop
  endfacet
  facet normal -1 0 0
    outer loop
      vertex 0.80963 -44.1425 16.2289
      vertex 0.80963 -50.8198 16.6922
      vertex 0.80963 -50.7556 17.3435
    endloop
  endfacet
  facet normal -1 -0 0
    outer loop
      vertex 0.80963 -44.15 16
      vertex 0.80963 -50.8235 15.346
      vertex 0.80963 -50.845 16
    endloop
  endfacet
  facet normal -1 0 -0
    outer loop
      vertex 0.80963 -50.8235 16.654
      vertex 0.80963 -44.15 16
      vertex 0.80963 -50.845 16
    endloop
  endfacet
  facet normal -1 0 0
    outer loop
      vertex 0.80963 -44.1425 16.2289
      vertex 0.80963 -50.8235 16.654
      vertex 0.80963 -50.8198 16.6922
    endloop
  endfacet
  facet normal -0.9806 -0.187594 -0.0568466
    outer loop
      vertex 0.886119 -50.6877 12.6728
      vertex 0.80963 -50.3106 12.7478
      vertex 0.886119 -50.6547 12.5639
    endloop
  endfacet
  facet normal -0.831312 -0.54129 0.126194
    outer loop
      vertex 1.03616 -51.3815 18.1345
      vertex 1.25398 -51.5526 18.8355
      vertex 1.03616 -51.2329 18.7719
    endloop
  endfacet
  facet normal -0.831312 -0.54129 0.126194
    outer loop
      vertex 1.25398 -51.5526 18.8355
      vertex 1.03616 -51.3815 18.1345
      vertex 1.25398 -51.7012 18.1981
    endloop
  endfacet
  facet normal 0.830253 -0.054619 -0.554704
    outer loop
      vertex 10.346 -41.9552 4.81785
      vertex 10.5638 -42.1392 5.16196
      vertex 10.346 -42.2028 4.84223
    endloop
  endfacet
  facet normal 0 -0.290291 -0.956938
    outer loop
      vertex 2.60397 -44.2523 4.5796
      vertex 8.99603 -43.6262 4.38967
      vertex 8.99603 -44.2523 4.5796
    endloop
  endfacet
  facet normal -0 -0.290291 -0.956938
    outer loop
      vertex 8.99603 -43.6262 4.38967
      vertex 2.60397 -44.2523 4.5796
      vertex 2.60397 -43.6262 4.38967
    endloop
  endfacet
  facet normal -0.553714 -0.241795 -0.796829
    outer loop
      vertex 1.85721 -44.539 4.90215
      vertex 1.53121 -44.1657 5.01541
      vertex 1.85721 -44.2082 4.80177
    endloop
  endfacet
  facet normal -0.705407 -0.334118 -0.625113
    outer loop
      vertex 1.53121 -45.9313 5.74676
      vertex 1.25398 -45.5579 5.86002
      vertex 1.53121 -45.664 5.60389
    endloop
  endfacet
  facet normal -0.194215 -0.62235 -0.758262
    outer loop
      vertex 2.60397 -48.6502 7.07505
      vertex 2.21943 -48.5961 7.12914
      vertex 2.21943 -48.3061 6.89112
    endloop
  endfacet
  facet normal -0.381119 -0.586547 -0.71464
    outer loop
      vertex 2.21943 -48.5961 7.12914
      vertex 1.85721 -48.49 7.23523
      vertex 2.21943 -48.3061 6.89112
    endloop
  endfacet
  facet normal -0.194195 -0.622326 -0.758287
    outer loop
      vertex 2.21943 -48.3061 6.89112
      vertex 2.60397 -47.8428 6.41241
      vertex 2.60397 -48.3486 6.82752
    endloop
  endfacet
  facet normal -0.194176 -0.622337 -0.758282
    outer loop
      vertex 2.60397 -47.8428 6.41241
      vertex 2.21943 -48.3061 6.89112
      vertex 2.21943 -47.8003 6.476
    endloop
  endfacet
  facet normal -0.830223 -0.262787 -0.491602
    outer loop
      vertex 1.25398 -45.7773 5.97727
      vertex 1.03616 -46.1733 6.55681
      vertex 1.03616 -45.5962 6.24832
    endloop
  endfacet
  facet normal -0.830223 -0.262787 -0.491602
    outer loop
      vertex 1.03616 -46.1733 6.55681
      vertex 1.25398 -45.7773 5.97727
      vertex 1.25398 -46.3544 6.28576
    endloop
  endfacet
  facet normal -0.831349 -0.19577 -0.520128
    outer loop
      vertex 1.25398 -44.3496 5.35952
      vertex 1.03616 -44.8372 5.8912
      vertex 1.03616 -44.2248 5.6607
    endloop
  endfacet
  facet normal -0.831349 -0.19577 -0.520128
    outer loop
      vertex 1.03616 -44.8372 5.8912
      vertex 1.25398 -44.3496 5.35952
      vertex 1.25398 -44.962 5.59002
    endloop
  endfacet
  facet normal -0.705412 -0.205762 -0.678274
    outer loop
      vertex 1.53121 -44.1657 5.01541
      vertex 1.25398 -44.3496 5.35952
      vertex 1.25398 -44.1116 5.28732
    endloop
  endfacet
  facet normal -0.555347 -0.188856 -0.809891
    outer loop
      vertex 1.53121 -43.5395 4.82548
      vertex 1.85721 -42.9447 4.46324
      vertex 1.85721 -43.582 4.61185
    endloop
  endfacet
  facet normal -0.555365 -0.188841 -0.809882
    outer loop
      vertex 1.85721 -42.9447 4.46324
      vertex 1.53121 -43.5395 4.82548
      vertex 1.53121 -42.9022 4.67688
    endloop
  endfacet
  facet normal -0.195003 -0.404742 -0.893397
    outer loop
      vertex 2.21943 -45.8048 5.26403
      vertex 2.60397 -45.2381 4.92336
      vertex 2.60397 -45.8341 5.19337
    endloop
  endfacet
  facet normal -0.194924 -0.404792 -0.893391
    outer loop
      vertex 2.60397 -45.2381 4.92336
      vertex 2.21943 -45.8048 5.26403
      vertex 2.21943 -45.2089 4.99403
    endloop
  endfacet
  facet normal -0.382502 -0.381324 -0.841596
    outer loop
      vertex 1.85721 -45.7474 5.40265
      vertex 2.21943 -45.2089 4.99403
      vertex 2.21943 -45.8048 5.26403
    endloop
  endfacet
  facet normal -0.382573 -0.381271 -0.841588
    outer loop
      vertex 2.21943 -45.2089 4.99403
      vertex 1.85721 -45.7474 5.40265
      vertex 1.85721 -45.1514 5.13264
    endloop
  endfacet
  facet normal 0.705411 -0.449657 0.547908
    outer loop
      vertex 10.0688 -48.1017 24.803
      vertex 10.346 -47.4419 24.9876
      vertex 10.0688 -47.5959 25.2181
    endloop
  endfacet
  facet normal 0.705411 -0.449657 0.547908
    outer loop
      vertex 10.346 -47.4419 24.9876
      vertex 10.0688 -48.1017 24.803
      vertex 10.346 -47.9477 24.5725
    endloop
  endfacet
  facet normal 0.706899 -0.516262 0.483495
    outer loop
      vertex 10.0688 -49.2606 23.6861
      vertex 10.346 -48.6175 23.9675
      vertex 10.0688 -48.8135 24.1635
    endloop
  endfacet
  facet normal 0.706899 -0.516262 0.483495
    outer loop
      vertex 10.346 -48.6175 23.9675
      vertex 10.0688 -49.2606 23.6861
      vertex 10.346 -49.0646 23.4901
    endloop
  endfacet
  facet normal -0.705362 -0.705438 0.0694389
    outer loop
      vertex 1.25398 -51.8963 16.654
      vertex 1.53121 -52.1094 17.3052
      vertex 1.25398 -51.8322 17.3052
    endloop
  endfacet
  facet normal -0.705362 -0.705438 0.0694389
    outer loop
      vertex 1.53121 -52.1094 17.3052
      vertex 1.25398 -51.8963 16.654
      vertex 1.53121 -52.1735 16.654
    endloop
  endfacet
  facet normal -0.7054 -0.678287 -0.205762
    outer loop
      vertex 1.53121 -51.6346 12.4844
      vertex 1.25398 -51.5526 13.1645
      vertex 1.25398 -51.3627 12.5385
    endloop
  endfacet
  facet normal -0.7054 -0.678287 -0.205762
    outer loop
      vertex 1.25398 -51.5526 13.1645
      vertex 1.53121 -51.6346 12.4844
      vertex 1.53121 -51.8245 13.1104
    endloop
  endfacet
  facet normal -0.830208 -0.533449 -0.161824
    outer loop
      vertex 1.25398 -51.3627 12.5385
      vertex 1.03616 -51.2329 13.2281
      vertex 1.03616 -51.043 12.6021
    endloop
  endfacet
  facet normal -0.830208 -0.533449 -0.161824
    outer loop
      vertex 1.03616 -51.2329 13.2281
      vertex 1.25398 -51.3627 12.5385
      vertex 1.25398 -51.5526 13.1645
    endloop
  endfacet
  facet normal -0.980601 -0.172871 -0.0923999
    outer loop
      vertex 0.886119 -49.8457 10.7784
      vertex 0.80963 -49.7988 11.5024
      vertex 0.80963 -49.4905 10.9256
    endloop
  endfacet
  facet normal -0.980605 -0.172849 -0.0924017
    outer loop
      vertex 0.80963 -49.7988 11.5024
      vertex 0.886119 -49.8457 10.7784
      vertex 0.886119 -50.1541 11.3553
    endloop
  endfacet
  facet normal -0.980603 -0.19506 0.0192275
    outer loop
      vertex 0.80963 -50.8198 16.6922
      vertex 0.886119 -51.1439 17.3052
      vertex 0.80963 -50.7556 17.3435
    endloop
  endfacet
  facet normal -0.980604 -0.195055 0.01923
    outer loop
      vertex 0.886119 -51.1439 17.3052
      vertex 0.80963 -50.8198 16.6922
      vertex 0.886119 -51.2081 16.654
    endloop
  endfacet
  facet normal -0.705399 -0.70539 -0.0695415
    outer loop
      vertex 1.53121 -52.0797 14.3932
      vertex 1.25398 -51.8322 14.6948
      vertex 1.25398 -51.8078 14.4473
    endloop
  endfacet
  facet normal -0.70536 -0.705437 -0.0694677
    outer loop
      vertex 1.53121 -52.0797 14.3932
      vertex 1.53121 -52.1094 14.6948
      vertex 1.25398 -51.8322 14.6948
    endloop
  endfacet
  facet normal -0.92382 -0.372825 -0.0869321
    outer loop
      vertex 1.03616 -51.2329 13.2281
      vertex 0.886119 -51.0262 13.9361
      vertex 0.886119 -50.8776 13.2988
    endloop
  endfacet
  facet normal -0.923812 -0.372848 -0.0869238
    outer loop
      vertex 0.886119 -51.0262 13.9361
      vertex 1.03616 -51.2329 13.2281
      vertex 1.03616 -51.3815 13.8655
    endloop
  endfacet
  facet normal -0.923813 -0.377735 -0.0623316
    outer loop
      vertex 1.03616 -51.488 14.5109
      vertex 0.886119 -51.0262 13.9361
      vertex 1.03616 -51.3815 13.8655
    endloop
  endfacet
  facet normal -0.923777 -0.377812 -0.0624028
    outer loop
      vertex 0.886119 -51.0262 13.9361
      vertex 1.03616 -51.488 14.5109
      vertex 0.886119 -51.1328 14.5815
    endloop
  endfacet
  facet normal -0.923242 -0.367707 -0.111426
    outer loop
      vertex 1.03616 -51.043 12.6021
      vertex 0.886119 -50.6877 12.6728
      vertex 0.886119 -50.6547 12.5639
    endloop
  endfacet
  facet normal -0.553673 -0.828729 -0.0815749
    outer loop
      vertex 1.53121 -52.1094 14.6948
      vertex 1.85721 -52.3913 15.346
      vertex 1.53121 -52.1735 15.346
    endloop
  endfacet
  facet normal -0.553673 -0.828729 -0.0815749
    outer loop
      vertex 1.85721 -52.3913 15.346
      vertex 1.53121 -52.1094 14.6948
      vertex 1.85721 -52.3272 14.6948
    endloop
  endfacet
  facet normal -0.7054 -0.678287 0.205762
    outer loop
      vertex 1.25398 -51.5526 18.8355
      vertex 1.53121 -51.6346 19.5156
      vertex 1.25398 -51.3627 19.4615
    endloop
  endfacet
  facet normal -0.7054 -0.678287 0.205762
    outer loop
      vertex 1.53121 -51.6346 19.5156
      vertex 1.25398 -51.5526 18.8355
      vertex 1.53121 -51.8245 18.8896
    endloop
  endfacet
  facet normal -0.38095 -0.884766 0.268451
    outer loop
      vertex 2.21943 -51.9954 19.5873
      vertex 1.85721 -51.7479 19.889
      vertex 1.85721 -51.8483 19.5581
    endloop
  endfacet
  facet normal -0.380952 -0.88478 0.268402
    outer loop
      vertex 1.85721 -51.8483 19.5581
      vertex 2.21943 -52.1853 18.9613
      vertex 2.21943 -51.9954 19.5873
    endloop
  endfacet
  facet normal -0.381166 -0.884735 0.268247
    outer loop
      vertex 2.21943 -52.1853 18.9613
      vertex 1.85721 -51.8483 19.5581
      vertex 1.85721 -52.0381 18.9321
    endloop
  endfacet
  facet normal -0.705484 -0.625022 0.334125
    outer loop
      vertex 1.25398 -50.7899 20.9081
      vertex 1.53121 -50.7377 21.5911
      vertex 1.25398 -50.4815 21.485
    endloop
  endfacet
  facet normal -0.705375 -0.625162 0.334092
    outer loop
      vertex 1.53121 -50.7377 21.5911
      vertex 1.25398 -50.7899 20.9081
      vertex 1.53121 -51.046 21.0142
    endloop
  endfacet
  facet normal -0.381058 -0.815326 0.435934
    outer loop
      vertex 1.85721 -50.9389 21.6744
      vertex 2.21943 -51.3859 21.155
      vertex 2.21943 -51.0775 21.7318
    endloop
  endfacet
  facet normal -0.381163 -0.815319 0.435855
    outer loop
      vertex 2.21943 -51.3859 21.155
      vertex 1.85721 -50.9389 21.6744
      vertex 1.85721 -51.2473 21.0975
    endloop
  endfacet
  facet normal -0.5553 -0.606954 0.56855
    outer loop
      vertex 1.53121 -48.8135 24.1635
      vertex 1.85721 -49.4146 23.8402
      vertex 1.85721 -48.9675 24.3175
    endloop
  endfacet
  facet normal -0.555419 -0.606955 0.568432
    outer loop
      vertex 1.85721 -49.4146 23.8402
      vertex 1.53121 -48.8135 24.1635
      vertex 1.53121 -49.2606 23.6861
    endloop
  endfacet
  facet normal -0.381134 -0.586514 0.71466
    outer loop
      vertex 2.21943 -48.5961 24.8709
      vertex 2.21943 -48.3061 25.1089
      vertex 1.85721 -48.49 24.7648
    endloop
  endfacet
  facet normal -0.923217 -0.297036 0.243803
    outer loop
      vertex 0.886119 -49.0655 22.4094
      vertex 1.03616 -48.9513 23.1167
      vertex 0.886119 -48.6501 22.9155
    endloop
  endfacet
  facet normal -0.923217 -0.297036 0.243803
    outer loop
      vertex 1.03616 -48.9513 23.1167
      vertex 0.886119 -49.0655 22.4094
      vertex 1.03616 -49.3667 22.6106
    endloop
  endfacet
  facet normal -0.70534 -0.547986 0.449674
    outer loop
      vertex 1.25398 -49.2224 23.2978
      vertex 1.53121 -49.2606 23.6861
      vertex 1.25398 -49.0646 23.4901
    endloop
  endfacet
  facet normal -0.194999 -0.797251 0.571285
    outer loop
      vertex 2.21943 -50.1741 23.1501
      vertex 2.60397 -50.6187 22.6609
      vertex 2.60397 -50.2377 23.1926
    endloop
  endfacet
  facet normal -0.194999 -0.797251 0.571285
    outer loop
      vertex 2.60397 -50.6187 22.6609
      vertex 2.21943 -50.1741 23.1501
      vertex 2.21943 -50.5551 22.6184
    endloop
  endfacet
  facet normal -0.553681 -0.528181 0.643788
    outer loop
      vertex 1.85721 -48.49 24.7648
      vertex 1.85721 -48.2227 24.9841
      vertex 1.53121 -48.1017 24.803
    endloop
  endfacet
  facet normal -0.553789 -0.528257 0.643632
    outer loop
      vertex 1.85721 -48.49 24.7648
      vertex 1.53121 -48.1017 24.803
      vertex 1.53121 -48.336 24.6107
    endloop
  endfacet
  facet normal -0.194767 -0.893384 0.404885
    outer loop
      vertex 2.21943 -51.3859 21.155
      vertex 2.60397 -51.7267 20.588
      vertex 2.60397 -51.4565 21.1842
    endloop
  endfacet
  facet normal -0.194991 -0.893399 0.404742
    outer loop
      vertex 2.60397 -51.7267 20.588
      vertex 2.21943 -51.3859 21.155
      vertex 2.21943 -51.656 20.5588
    endloop
  endfacet
  facet normal -0.381064 -0.815408 0.435775
    outer loop
      vertex 2.21943 -51.0775 21.7318
      vertex 1.85721 -50.7759 21.9794
      vertex 1.85721 -50.9389 21.6744
    endloop
  endfacet
  facet normal -0.382537 -0.209777 -0.899811
    outer loop
      vertex 1.85721 -43.582 4.61185
      vertex 2.21943 -42.9739 4.31609
      vertex 2.21943 -43.6113 4.46469
    endloop
  endfacet
  facet normal -0.382466 -0.209828 -0.899829
    outer loop
      vertex 2.21943 -42.9739 4.31609
      vertex 1.85721 -43.582 4.61185
      vertex 1.85721 -42.9447 4.46324
    endloop
  endfacet
  facet normal 0.923156 0.181178 -0.339054
    outer loop
      vertex 10.5638 -26.1262 5.2161
      vertex 10.7139 -26.3274 5.51727
      vertex 10.7139 -26.4278 5.46362
    endloop
  endfacet
  facet normal 0.923149 0.244034 -0.297058
    outer loop
      vertex 10.5638 -26.1262 5.2161
      vertex 10.7139 -26.2395 5.58948
      vertex 10.7139 -26.3274 5.51727
    endloop
  endfacet
  facet normal 0.923744 -0.202254 -0.325255
    outer loop
      vertex 10.7139 -46.5277 7.20348
      vertex 10.5638 -46.1733 6.55681
      vertex 10.7139 -45.9721 6.85799
    endloop
  endfacet
  facet normal 0.923744 -0.202254 -0.325255
    outer loop
      vertex 10.5638 -46.1733 6.55681
      vertex 10.7139 -46.5277 7.20348
      vertex 10.5638 -46.7289 6.9023
    endloop
  endfacet
  facet normal 0.705423 -0.334071 -0.62512
    outer loop
      vertex 10.346 -45.5579 5.86002
      vertex 10.346 -45.7773 5.97727
      vertex 10.0688 -45.9313 5.74676
    endloop
  endfacet
  facet normal 0.381142 0.268355 -0.884713
    outer loop
      vertex 9.38057 -26.2766 4.12289
      vertex 9.74279 -25.975 4.37042
      vertex 9.74279 -26.3059 4.27005
    endloop
  endfacet
  facet normal 0.381108 0.268396 -0.884715
    outer loop
      vertex 9.38057 -25.9176 4.2318
      vertex 9.74279 -25.975 4.37042
      vertex 9.38057 -26.2766 4.12289
    endloop
  endfacet
  facet normal -0.382519 -0.674374 -0.631585
    outer loop
      vertex 1.85721 -48.9675 7.68246
      vertex 2.21943 -49.5207 8.05376
      vertex 1.85721 -49.4146 8.15985
    endloop
  endfacet
  facet normal -0.382519 -0.674374 -0.631585
    outer loop
      vertex 2.21943 -49.5207 8.05376
      vertex 1.85721 -48.9675 7.68246
      vertex 2.21943 -49.0736 7.57637
    endloop
  endfacet
  facet normal -0.706916 -0.574934 -0.411972
    outer loop
      vertex 1.53121 -49.8682 9.05425
      vertex 1.25398 -50.0187 9.73999
      vertex 1.25398 -49.6377 9.20828
    endloop
  endfacet
  facet normal -0.707018 -0.574799 -0.411984
    outer loop
      vertex 1.25398 -50.0187 9.73999
      vertex 1.53121 -49.8682 9.05425
      vertex 1.53121 -50.2493 9.58596
    endloop
  endfacet
  facet normal -0.923228 -0.297037 -0.243761
    outer loop
      vertex 1.03616 -48.9513 8.88329
      vertex 0.886119 -48.6501 9.08453
      vertex 0.886119 -48.5779 8.99655
    endloop
  endfacet
  facet normal -0.830223 -0.430883 -0.353653
    outer loop
      vertex 1.25398 -49.2224 8.70217
      vertex 1.03616 -48.8341 8.74042
      vertex 1.25398 -49.0646 8.50991
    endloop
  endfacet
  facet normal -0.831326 -0.405658 -0.379919
    outer loop
      vertex 1.25398 -49.0646 8.50991
      vertex 1.03616 -48.387 8.26303
      vertex 1.25398 -48.6175 8.03252
    endloop
  endfacet
  facet normal -0.831326 -0.405658 -0.379919
    outer loop
      vertex 1.03616 -48.387 8.26303
      vertex 1.25398 -49.0646 8.50991
      vertex 1.03616 -48.8341 8.74042
    endloop
  endfacet
  facet normal -0.553676 -0.643668 -0.528331
    outer loop
      vertex 1.85721 -49.4146 8.15985
      vertex 1.53121 -49.4529 8.54815
      vertex 1.53121 -49.2606 8.31387
    endloop
  endfacet
  facet normal -0.553683 -0.643659 -0.528336
    outer loop
      vertex 1.85721 -49.634 8.42714
      vertex 1.53121 -49.4529 8.54815
      vertex 1.85721 -49.4146 8.15985
    endloop
  endfacet
  facet normal -0.980607 -0.12435 0.151484
    outer loop
      vertex 0.886119 -47.5653 24.0003
      vertex 0.80963 -46.8459 24.0957
      vertex 0.80963 -47.3517 23.6805
    endloop
  endfacet
  facet normal -0.9806 -0.124355 0.151526
    outer loop
      vertex 0.80963 -46.8459 24.0957
      vertex 0.886119 -47.5653 24.0003
      vertex 0.886119 -47.0595 24.4154
    endloop
  endfacet
  facet normal -0.831298 -0.471995 -0.293537
    outer loop
      vertex 1.25398 -50.3643 10.2957
      vertex 1.03616 -49.7477 9.9211
      vertex 1.25398 -50.0187 9.73999
    endloop
  endfacet
  facet normal -0.83136 -0.471953 -0.293431
    outer loop
      vertex 1.03616 -49.7477 9.9211
      vertex 1.25398 -50.3643 10.2957
      vertex 1.03616 -50.0932 10.4768
    endloop
  endfacet
  facet normal -0.980766 -0.0805552 0.177788
    outer loop
      vertex 0.886119 -45.2945 25.5042
      vertex 0.80963 -44.5515 25.4189
      vertex 0.80963 -45.1474 25.1489
    endloop
  endfacet
  facet normal -0.980766 -0.0805552 0.177788
    outer loop
      vertex 0.80963 -44.5515 25.4189
      vertex 0.886119 -45.2945 25.5042
      vertex 0.886119 -44.6986 25.7742
    endloop
  endfacet
  facet normal -0.980767 -0.182673 -0.0687561
    outer loop
      vertex 0.886119 -50.6547 12.5639
      vertex 0.80963 -50.0689 12.0986
      vertex 0.886119 -50.4242 11.9515
    endloop
  endfacet
  facet normal -0.980767 -0.182673 -0.0687561
    outer loop
      vertex 0.80963 -50.0689 12.0986
      vertex 0.886119 -50.6547 12.5639
      vertex 0.80963 -50.2994 12.711
    endloop
  endfacet
  facet normal -0.831366 -0.506202 -0.229328
    outer loop
      vertex 1.25398 -50.7899 11.0919
      vertex 1.03616 -50.7588 11.8129
      vertex 1.03616 -50.4887 11.2167
    endloop
  endfacet
  facet normal -0.831366 -0.506202 -0.229328
    outer loop
      vertex 1.03616 -50.7588 11.8129
      vertex 1.25398 -50.7899 11.0919
      vertex 1.25398 -51.06 11.6881
    endloop
  endfacet
  facet normal -0.553817 -0.79677 -0.241752
    outer loop
      vertex 1.85721 -51.8483 12.4419
      vertex 1.53121 -51.6346 12.4844
      vertex 1.85721 -51.7479 12.111
    endloop
  endfacet
  facet normal 0.830235 -0.26275 -0.491601
    outer loop
      vertex 10.5638 -45.4332 6.1612
      vertex 10.5638 -45.5962 6.24832
      vertex 10.346 -45.5579 5.86002
    endloop
  endfacet
  facet normal 0.830247 -0.26277 -0.49157
    outer loop
      vertex 10.5638 -46.1733 6.55681
      vertex 10.346 -45.7773 5.97727
      vertex 10.5638 -45.5962 6.24832
    endloop
  endfacet
  facet normal 0.830247 -0.26277 -0.49157
    outer loop
      vertex 10.346 -45.7773 5.97727
      vertex 10.5638 -46.1733 6.55681
      vertex 10.346 -46.3544 6.28576
    endloop
  endfacet
  facet normal 0.923184 -0.243794 -0.297145
    outer loop
      vertex 10.7139 -47.5653 7.99973
      vertex 10.7139 -47.6533 8.07193
      vertex 10.5638 -47.7666 7.69855
    endloop
  endfacet
  facet normal 0.923182 -0.243844 -0.297111
    outer loop
      vertex 10.5638 -47.7666 7.69855
      vertex 10.7139 -47.0595 7.58461
      vertex 10.7139 -47.5653 7.99973
    endloop
  endfacet
  facet normal 0.923182 -0.243844 -0.297111
    outer loop
      vertex 10.7139 -47.0595 7.58461
      vertex 10.5638 -47.7666 7.69855
      vertex 10.5638 -47.2608 7.28343
    endloop
  endfacet
  facet normal 0.831318 -0.451782 0.323733
    outer loop
      vertex 10.346 -49.6377 22.7917
      vertex 10.5638 -49.7477 22.0789
      vertex 10.5638 -49.3667 22.6106
    endloop
  endfacet
  facet normal 0.831318 -0.451782 0.323733
    outer loop
      vertex 10.5638 -49.7477 22.0789
      vertex 10.346 -49.6377 22.7917
      vertex 10.346 -50.0187 22.26
    endloop
  endfacet
  facet normal 0.830284 -0.430941 0.353438
    outer loop
      vertex 10.5638 -48.8341 23.2596
      vertex 10.346 -49.2224 23.2978
      vertex 10.5638 -48.9513 23.1167
    endloop
  endfacet
  facet normal 0.923176 -0.297204 0.243753
    outer loop
      vertex 10.7139 -48.5779 23.0035
      vertex 10.5638 -48.8341 23.2596
      vertex 10.5638 -48.9513 23.1167
    endloop
  endfacet
  facet normal -0.980763 -0.158674 -0.113694
    outer loop
      vertex 0.886119 -49.0655 9.59063
      vertex 0.80963 -49.1268 10.336
      vertex 0.80963 -48.7458 9.80427
    endloop
  endfacet
  facet normal -0.980766 -0.158654 -0.113693
    outer loop
      vertex 0.80963 -49.1268 10.336
      vertex 0.886119 -49.0655 9.59063
      vertex 0.886119 -49.4465 10.1223
    endloop
  endfacet
  facet normal -0.831389 -0.0904869 0.548274
    outer loop
      vertex 1.03616 -42.7845 26.7315
      vertex 1.25398 -42.2028 27.1578
      vertex 1.03616 -42.1392 26.838
    endloop
  endfacet
  facet normal -0.831312 -0.0905883 0.548374
    outer loop
      vertex 1.25398 -42.2028 27.1578
      vertex 1.03616 -42.7845 26.7315
      vertex 1.25398 -42.8481 27.0512
    endloop
  endfacet
  facet normal -0.705378 -0.334169 0.625119
    outer loop
      vertex 1.25398 -46.3544 25.7142
      vertex 1.53121 -45.9313 26.2532
      vertex 1.25398 -45.7773 26.0227
    endloop
  endfacet
  facet normal -0.705486 -0.334034 0.625068
    outer loop
      vertex 1.53121 -45.9313 26.2532
      vertex 1.25398 -46.3544 25.7142
      vertex 1.53121 -46.5084 25.9448
    endloop
  endfacet
  facet normal -0.980601 -0.0924477 0.172844
    outer loop
      vertex 0.886119 -45.3949 25.4505
      vertex 0.886119 -45.2945 25.5042
      vertex 0.80963 -45.1813 25.1308
    endloop
  endfacet
  facet normal -0.830228 -0.262708 0.491635
    outer loop
      vertex 1.03616 -45.5962 25.7517
      vertex 1.25398 -45.5579 26.14
      vertex 1.03616 -45.4332 25.8388
    endloop
  endfacet
  facet normal -0.7054 -0.205766 0.678286
    outer loop
      vertex 1.25398 -44.3496 26.6405
      vertex 1.53121 -44.1657 26.9846
      vertex 1.25398 -44.1116 26.7127
    endloop
  endfacet
  facet normal -0.555419 -0.292931 0.778268
    outer loop
      vertex 1.53121 -45.0681 26.6661
      vertex 1.85721 -44.539 27.0979
      vertex 1.53121 -44.4557 26.8966
    endloop
  endfacet
  facet normal -0.555419 -0.292931 0.778268
    outer loop
      vertex 1.85721 -44.539 27.0979
      vertex 1.53121 -45.0681 26.6661
      vertex 1.85721 -45.1514 26.8674
    endloop
  endfacet
  facet normal -0.553836 -0.392549 0.734283
    outer loop
      vertex 1.85721 -46.0523 26.4344
      vertex 1.85721 -45.7474 26.5974
      vertex 1.53121 -45.9313 26.2532
    endloop
  endfacet
  facet normal -0.553834 -0.392551 0.734283
    outer loop
      vertex 1.53121 -45.9313 26.2532
      vertex 1.85721 -45.7474 26.5974
      vertex 1.53121 -45.664 26.3961
    endloop
  endfacet
  facet normal -0.830215 -0.430928 0.353616
    outer loop
      vertex 1.25398 -49.2224 23.2978
      vertex 1.25398 -49.0646 23.4901
      vertex 1.03616 -48.8341 23.2596
    endloop
  endfacet
  facet normal -0.92323 -0.297104 0.243671
    outer loop
      vertex 1.03616 -48.9513 23.1167
      vertex 1.03616 -48.8341 23.2596
      vertex 0.886119 -48.5779 23.0035
    endloop
  endfacet
  facet normal -0.705374 -0.625159 0.334102
    outer loop
      vertex 1.25398 -50.4815 21.485
      vertex 1.53121 -50.5948 21.8583
      vertex 1.25398 -50.3643 21.7043
    endloop
  endfacet
  facet normal -0.830256 -0.491584 0.262716
    outer loop
      vertex 1.25398 -50.4815 21.485
      vertex 1.25398 -50.3643 21.7043
      vertex 1.03616 -50.0932 21.5232
    endloop
  endfacet
  facet normal -0.705478 -0.624969 0.334237
    outer loop
      vertex 1.53121 -50.7377 21.5911
      vertex 1.53121 -50.5948 21.8583
      vertex 1.25398 -50.4815 21.485
    endloop
  endfacet
  facet normal -0.830236 -0.55473 0.0546041
    outer loop
      vertex 1.03616 -51.5703 16.654
      vertex 1.25398 -51.8322 17.3052
      vertex 1.03616 -51.5062 17.3052
    endloop
  endfacet
  facet normal -0.830236 -0.55473 0.0546041
    outer loop
      vertex 1.25398 -51.8322 17.3052
      vertex 1.03616 -51.5703 16.654
      vertex 1.25398 -51.8963 16.654
    endloop
  endfacet
  facet normal -0.980607 -0.195049 0.019109
    outer loop
      vertex 0.886119 -51.1439 17.3052
      vertex 0.886119 -51.1328 17.4185
      vertex 0.80963 -50.7556 17.3435
    endloop
  endfacet
  facet normal -0.923188 -0.382518 0.0374753
    outer loop
      vertex 0.886119 -51.1439 17.3052
      vertex 1.03616 -51.488 17.4891
      vertex 0.886119 -51.1328 17.4185
    endloop
  endfacet
  facet normal -0.980601 -0.172871 0.0923999
    outer loop
      vertex 0.80963 -49.7988 20.4976
      vertex 0.886119 -49.8457 21.2216
      vertex 0.80963 -49.4905 21.0744
    endloop
  endfacet
  facet normal -0.980605 -0.172849 0.0924017
    outer loop
      vertex 0.886119 -49.8457 21.2216
      vertex 0.80963 -49.7988 20.4976
      vertex 0.886119 -50.1541 20.6447
    endloop
  endfacet
  facet normal -0.980599 -0.187582 0.0569039
    outer loop
      vertex 0.80963 -50.5005 18.6262
      vertex 0.886119 -50.6877 19.3272
      vertex 0.80963 -50.3106 19.2522
    endloop
  endfacet
  facet normal -0.980599 -0.187582 0.0569039
    outer loop
      vertex 0.886119 -50.6877 19.3272
      vertex 0.80963 -50.5005 18.6262
      vertex 0.886119 -50.8776 18.7012
    endloop
  endfacet
  facet normal -0.381098 -0.43588 -0.815336
    outer loop
      vertex 2.21943 -45.8048 5.26403
      vertex 1.85721 -46.0523 5.56565
      vertex 1.85721 -45.7474 5.40265
    endloop
  endfacet
  facet normal -0.381171 -0.43579 -0.81535
    outer loop
      vertex 2.21943 -46.1357 5.44089
      vertex 1.85721 -46.0523 5.56565
      vertex 2.21943 -45.8048 5.26403
    endloop
  endfacet
  facet normal -0.706925 -0.291904 -0.644243
    outer loop
      vertex 1.53121 -45.664 5.60389
      vertex 1.25398 -44.962 5.59002
      vertex 1.53121 -45.0681 5.33389
    endloop
  endfacet
  facet normal -0.706925 -0.291904 -0.644243
    outer loop
      vertex 1.25398 -44.962 5.59002
      vertex 1.53121 -45.664 5.60389
      vertex 1.25398 -45.5579 5.86002
    endloop
  endfacet
  facet normal -0.555387 -0.343168 -0.757483
    outer loop
      vertex 1.53121 -45.664 5.60389
      vertex 1.85721 -45.1514 5.13264
      vertex 1.85721 -45.7474 5.40265
    endloop
  endfacet
  facet normal -0.55533 -0.343221 -0.757501
    outer loop
      vertex 1.85721 -45.1514 5.13264
      vertex 1.53121 -45.664 5.60389
      vertex 1.53121 -45.0681 5.33389
    endloop
  endfacet
  facet normal -0.553688 -0.528283 -0.643698
    outer loop
      vertex 1.53121 -48.1017 7.19698
      vertex 1.85721 -47.7169 6.60076
      vertex 1.85721 -48.2227 7.01587
    endloop
  endfacet
  facet normal -0.553688 -0.528283 -0.643698
    outer loop
      vertex 1.85721 -47.7169 6.60076
      vertex 1.53121 -48.1017 7.19698
      vertex 1.53121 -47.5959 6.78187
    endloop
  endfacet
  facet normal -0.555337 -0.568494 -0.606972
    outer loop
      vertex 1.53121 -48.8135 7.83649
      vertex 1.85721 -48.49 7.23523
      vertex 1.85721 -48.9675 7.68246
    endloop
  endfacet
  facet normal -0.555325 -0.568507 -0.606972
    outer loop
      vertex 1.85721 -48.49 7.23523
      vertex 1.53121 -48.8135 7.83649
      vertex 1.53121 -48.336 7.38925
    endloop
  endfacet
  facet normal 0 -0.582463 -0.812857
    outer loop
      vertex 2.60397 -47.8428 6.41241
      vertex 8.99603 -47.3109 6.03127
      vertex 8.99603 -47.8428 6.41241
    endloop
  endfacet
  facet normal -0 -0.582463 -0.812857
    outer loop
      vertex 8.99603 -47.3109 6.03127
      vertex 2.60397 -47.8428 6.41241
      vertex 2.60397 -47.3109 6.03127
    endloop
  endfacet
  facet normal -0.83023 -0.161818 -0.533416
    outer loop
      vertex 1.25398 -44.3496 5.35952
      vertex 1.03616 -44.048 5.60705
      vertex 1.25398 -44.1116 5.28732
    endloop
  endfacet
  facet normal -0.706925 -0.249151 -0.661952
    outer loop
      vertex 1.53121 -44.4557 5.10339
      vertex 1.25398 -44.962 5.59002
      vertex 1.25398 -44.3496 5.35952
    endloop
  endfacet
  facet normal -0.706925 -0.249151 -0.661952
    outer loop
      vertex 1.25398 -44.962 5.59002
      vertex 1.53121 -44.4557 5.10339
      vertex 1.53121 -45.0681 5.33389
    endloop
  endfacet
  facet normal -0.706918 -0.688824 0.160589
    outer loop
      vertex 1.25398 -51.7012 18.1981
      vertex 1.53121 -51.8245 18.8896
      vertex 1.25398 -51.5526 18.8355
    endloop
  endfacet
  facet normal -0.706918 -0.688824 0.160589
    outer loop
      vertex 1.53121 -51.8245 18.8896
      vertex 1.25398 -51.7012 18.1981
      vertex 1.53121 -51.9731 18.2522
    endloop
  endfacet
  facet normal -0.553817 -0.79677 0.241752
    outer loop
      vertex 1.85721 -51.8483 19.5581
      vertex 1.85721 -51.7479 19.889
      vertex 1.53121 -51.6346 19.5156
    endloop
  endfacet
  facet normal -0.705483 -0.678255 0.205581
    outer loop
      vertex 1.53121 -51.6346 19.5156
      vertex 1.53121 -51.5467 19.8056
      vertex 1.25398 -51.2905 19.6995
    endloop
  endfacet
  facet normal -0.7054 -0.678286 0.205766
    outer loop
      vertex 1.53121 -51.6346 19.5156
      vertex 1.25398 -51.2905 19.6995
      vertex 1.25398 -51.3627 19.4615
    endloop
  endfacet
  facet normal -0.553588 -0.734366 0.392743
    outer loop
      vertex 1.85721 -50.9389 21.6744
      vertex 1.53121 -50.5948 21.8583
      vertex 1.53121 -50.7377 21.5911
    endloop
  endfacet
  facet normal -0.706895 -0.600635 0.373546
    outer loop
      vertex 1.53121 -50.5948 21.8583
      vertex 1.25398 -50.0187 22.26
      vertex 1.25398 -50.3643 21.7043
    endloop
  endfacet
  facet normal -0.707002 -0.600593 0.373412
    outer loop
      vertex 1.25398 -50.0187 22.26
      vertex 1.53121 -50.5948 21.8583
      vertex 1.53121 -50.2493 22.414
    endloop
  endfacet
  facet normal -0.83025 -0.430846 0.353632
    outer loop
      vertex 1.03616 -49.3667 22.6106
      vertex 1.25398 -49.2224 23.2978
      vertex 1.03616 -48.9513 23.1167
    endloop
  endfacet
  facet normal -0.830192 -0.430955 0.353637
    outer loop
      vertex 1.25398 -49.2224 23.2978
      vertex 1.03616 -49.3667 22.6106
      vertex 1.25398 -49.6377 22.7917
    endloop
  endfacet
  facet normal -0.705372 -0.547922 0.449703
    outer loop
      vertex 1.53121 -49.4529 23.4518
      vertex 1.53121 -49.2606 23.6861
      vertex 1.25398 -49.2224 23.2978
    endloop
  endfacet
  facet normal -0.194292 -0.865152 0.462344
    outer loop
      vertex 2.21943 -51.0775 21.7318
      vertex 2.60397 -51.4565 21.1842
      vertex 2.60397 -51.1482 21.7611
    endloop
  endfacet
  facet normal -0.193956 -0.865115 0.462555
    outer loop
      vertex 2.60397 -51.4565 21.1842
      vertex 2.21943 -51.0775 21.7318
      vertex 2.21943 -51.3859 21.155
    endloop
  endfacet
  facet normal -0.831327 -0.379931 -0.405646
    outer loop
      vertex 1.25398 -48.14 7.58529
      vertex 1.03616 -48.387 8.26303
      vertex 1.03616 -47.9095 7.8158
    endloop
  endfacet
  facet normal -0.831327 -0.379931 -0.405646
    outer loop
      vertex 1.03616 -48.387 8.26303
      vertex 1.25398 -48.14 7.58529
      vertex 1.25398 -48.6175 8.03252
    endloop
  endfacet
  facet normal -0.980602 -0.124351 -0.151515
    outer loop
      vertex 0.886119 -47.5653 7.99973
      vertex 0.80963 -46.8459 7.90434
      vertex 0.886119 -47.0595 7.58461
    endloop
  endfacet
  facet normal -0.980602 -0.124351 -0.151515
    outer loop
      vertex 0.80963 -46.8459 7.90434
      vertex 0.886119 -47.5653 7.99973
      vertex 0.80963 -47.3517 8.31946
    endloop
  endfacet
  facet normal -2.20669e-06 0.773041 -0.634356
    outer loop
      vertex 8.99603 -25.2426 4.5926
      vertex 8.56636 -25.2357 4.60101
      vertex 8.99603 -25.074 4.79806
    endloop
  endfacet
  facet normal 0 0.773096 -0.634288
    outer loop
      vertex 8.56636 -25.2357 4.60101
      vertex 8.99603 -25.2426 4.5926
      vertex 8.5436 -25.2426 4.5926
    endloop
  endfacet
  facet normal -0.381126 -0.714561 -0.586639
    outer loop
      vertex 2.21943 -49.5207 8.05376
      vertex 2.21943 -49.7588 8.34378
      vertex 1.85721 -49.4146 8.15985
    endloop
  endfacet
  facet normal -0.194221 -0.758179 -0.622449
    outer loop
      vertex 2.60397 -49.5748 7.99967
      vertex 2.21943 -49.7588 8.34378
      vertex 2.21943 -49.5207 8.05376
    endloop
  endfacet
  facet normal -0.195019 -0.670469 -0.715848
    outer loop
      vertex 2.21943 -49.0736 7.57637
      vertex 2.60397 -48.6502 7.07505
      vertex 2.60397 -49.1277 7.52228
    endloop
  endfacet
  facet normal -0.195019 -0.670469 -0.715848
    outer loop
      vertex 2.60397 -48.6502 7.07505
      vertex 2.21943 -49.0736 7.57637
      vertex 2.21943 -48.5961 7.12914
    endloop
  endfacet
  facet normal -0.923227 -0.297018 -0.243788
    outer loop
      vertex 1.03616 -48.9513 8.88329
      vertex 0.886119 -49.0655 9.59063
      vertex 0.886119 -48.6501 9.08453
    endloop
  endfacet
  facet normal -0.923227 -0.297018 -0.243788
    outer loop
      vertex 0.886119 -49.0655 9.59063
      vertex 1.03616 -48.9513 8.88329
      vertex 1.03616 -49.3667 9.38939
    endloop
  endfacet
  facet normal -0.831299 -0.451808 -0.323746
    outer loop
      vertex 1.25398 -49.6377 9.20828
      vertex 1.03616 -49.7477 9.9211
      vertex 1.03616 -49.3667 9.38939
    endloop
  endfacet
  facet normal -0.831299 -0.451808 -0.323746
    outer loop
      vertex 1.03616 -49.7477 9.9211
      vertex 1.25398 -49.6377 9.20828
      vertex 1.25398 -50.0187 9.73999
    endloop
  endfacet
  facet normal -0.92323 -0.338812 -0.181254
    outer loop
      vertex 1.03616 -50.1804 10.6398
      vertex 0.886119 -49.8457 10.7784
      vertex 1.03616 -50.0932 10.4768
    endloop
  endfacet
  facet normal 0.831387 -0.520075 -0.19575
    outer loop
      vertex 10.346 -51.2905 12.3005
      vertex 10.5638 -50.7588 11.8129
      vertex 10.5638 -50.9893 12.4253
    endloop
  endfacet
  facet normal 0.831387 -0.520075 -0.19575
    outer loop
      vertex 10.5638 -50.7588 11.8129
      vertex 10.346 -51.2905 12.3005
      vertex 10.346 -51.06 11.6881
    endloop
  endfacet
  facet normal 0.83029 -0.533276 -0.161974
    outer loop
      vertex 10.5638 -50.9893 12.4253
      vertex 10.5638 -51.043 12.6021
      vertex 10.346 -51.2905 12.3005
    endloop
  endfacet
  facet normal -0.92382 -0.0869321 0.372825
    outer loop
      vertex 1.03616 -43.4218 26.5829
      vertex 0.886119 -42.7138 26.3762
      vertex 0.886119 -43.3511 26.2276
    endloop
  endfacet
  facet normal -0.92382 -0.0869321 0.372825
    outer loop
      vertex 0.886119 -42.7138 26.3762
      vertex 1.03616 -43.4218 26.5829
      vertex 1.03616 -42.7845 26.7315
    endloop
  endfacet
  facet normal -0.923239 -0.111505 0.36769
    outer loop
      vertex 1.03616 -44.048 26.393
      vertex 0.886119 -43.3511 26.2276
      vertex 0.886119 -43.9773 26.0377
    endloop
  endfacet
  facet normal -0.923239 -0.111505 0.36769
    outer loop
      vertex 0.886119 -43.3511 26.2276
      vertex 1.03616 -44.048 26.393
      vertex 1.03616 -43.4218 26.5829
    endloop
  endfacet
  facet normal -0.923206 -0.111688 0.367719
    outer loop
      vertex 1.03616 -44.2248 26.3393
      vertex 1.03616 -44.048 26.393
      vertex 0.886119 -44.0862 26.0047
    endloop
  endfacet
  facet normal -0.923243 -0.181211 0.3388
    outer loop
      vertex 0.886119 -45.3949 25.4505
      vertex 1.03616 -45.5962 25.7517
      vertex 0.886119 -45.2945 25.5042
    endloop
  endfacet
  facet normal -0.9806 -0.0924105 0.172869
    outer loop
      vertex 0.80963 -45.7584 24.8223
      vertex 0.886119 -45.3949 25.4505
      vertex 0.80963 -45.1813 25.1308
    endloop
  endfacet
  facet normal -0.980604 -0.0923877 0.172856
    outer loop
      vertex 0.886119 -45.3949 25.4505
      vertex 0.80963 -45.7584 24.8223
      vertex 0.886119 -45.9721 25.142
    endloop
  endfacet
  facet normal -0.923239 -0.181114 0.338863
    outer loop
      vertex 0.886119 -45.9721 25.142
      vertex 1.03616 -45.5962 25.7517
      vertex 0.886119 -45.3949 25.4505
    endloop
  endfacet
  facet normal -0.923222 -0.181158 0.338885
    outer loop
      vertex 1.03616 -45.5962 25.7517
      vertex 0.886119 -45.9721 25.142
      vertex 1.03616 -46.1733 25.4432
    endloop
  endfacet
  facet normal -0.830195 -0.491669 0.262752
    outer loop
      vertex 1.03616 -50.4887 20.7833
      vertex 1.25398 -50.4815 21.485
      vertex 1.03616 -50.1804 21.3602
    endloop
  endfacet
  facet normal -0.830261 -0.491546 0.262771
    outer loop
      vertex 1.25398 -50.4815 21.485
      vertex 1.03616 -50.4887 20.7833
      vertex 1.25398 -50.7899 20.9081
    endloop
  endfacet
  facet normal -0.923242 -0.367707 0.111426
    outer loop
      vertex 1.03616 -51.043 19.3979
      vertex 0.886119 -50.6547 19.4361
      vertex 0.886119 -50.6877 19.3272
    endloop
  endfacet
  facet normal -0.9806 -0.187594 0.0568466
    outer loop
      vertex 0.886119 -50.6877 19.3272
      vertex 0.886119 -50.6547 19.4361
      vertex 0.80963 -50.3106 19.2522
    endloop
  endfacet
  facet normal -0.553693 -0.392555 -0.734387
    outer loop
      vertex 1.53121 -46.5084 6.05524
      vertex 1.85721 -46.0523 5.56565
      vertex 1.85721 -46.6294 5.87413
    endloop
  endfacet
  facet normal -0.553693 -0.392555 -0.734387
    outer loop
      vertex 1.85721 -46.0523 5.56565
      vertex 1.53121 -46.5084 6.05524
      vertex 1.53121 -45.9313 5.74676
    endloop
  endfacet
  facet normal -0.382561 -0.325466 -0.864707
    outer loop
      vertex 1.85721 -45.1514 5.13264
      vertex 2.21943 -44.5965 4.76353
      vertex 2.21943 -45.2089 4.99403
    endloop
  endfacet
  facet normal -0.382582 -0.32545 -0.864704
    outer loop
      vertex 2.21943 -44.5965 4.76353
      vertex 1.85721 -45.1514 5.13264
      vertex 1.85721 -44.539 4.90215
    endloop
  endfacet
  facet normal -0.553679 -0.241753 -0.796866
    outer loop
      vertex 1.85721 -44.539 4.90215
      vertex 1.53121 -44.4557 5.10339
      vertex 1.53121 -44.1657 5.01541
    endloop
  endfacet
  facet normal -0.705414 -0.205727 -0.678283
    outer loop
      vertex 1.53121 -44.1657 5.01541
      vertex 1.25398 -43.4854 5.09739
      vertex 1.53121 -43.5395 4.82548
    endloop
  endfacet
  facet normal -0.705414 -0.205727 -0.678283
    outer loop
      vertex 1.25398 -43.4854 5.09739
      vertex 1.53121 -44.1657 5.01541
      vertex 1.25398 -44.1116 5.28732
    endloop
  endfacet
  facet normal -0.555336 -0.292939 -0.778324
    outer loop
      vertex 1.53121 -45.0681 5.33389
      vertex 1.85721 -44.539 4.90215
      vertex 1.85721 -45.1514 5.13264
    endloop
  endfacet
  facet normal -0.55532 -0.292954 -0.77833
    outer loop
      vertex 1.85721 -44.539 4.90215
      vertex 1.53121 -45.0681 5.33389
      vertex 1.53121 -44.4557 5.10339
    endloop
  endfacet
  facet normal -0.923249 -0.382349 -0.0376948
    outer loop
      vertex 1.03616 -51.5062 14.6948
      vertex 0.886119 -51.2081 15.346
      vertex 0.886119 -51.1439 14.6948
    endloop
  endfacet
  facet normal -0.923213 -0.38244 -0.037645
    outer loop
      vertex 0.886119 -51.2081 15.346
      vertex 1.03616 -51.5062 14.6948
      vertex 1.03616 -51.5703 15.346
    endloop
  endfacet
  facet normal -0.381117 -0.714701 0.586475
    outer loop
      vertex 1.85721 -49.634 23.5729
      vertex 2.21943 -50.1741 23.1501
      vertex 2.21943 -49.7588 23.6562
    endloop
  endfacet
  facet normal -0.381117 -0.714701 0.586475
    outer loop
      vertex 2.21943 -50.1741 23.1501
      vertex 1.85721 -49.634 23.5729
      vertex 1.85721 -50.0493 23.0668
    endloop
  endfacet
  facet normal -0.381112 -0.714628 0.586567
    outer loop
      vertex 2.21943 -49.7588 23.6562
      vertex 1.85721 -49.4146 23.8402
      vertex 1.85721 -49.634 23.5729
    endloop
  endfacet
  facet normal 0.705438 -0.67825 -0.205755
    outer loop
      vertex 10.346 -51.2905 12.3005
      vertex 10.346 -51.3627 12.5385
      vertex 10.0688 -51.6346 12.4844
    endloop
  endfacet
  facet normal 0.830231 -0.533415 -0.161817
    outer loop
      vertex 10.346 -51.2905 12.3005
      vertex 10.5638 -51.043 12.6021
      vertex 10.346 -51.3627 12.5385
    endloop
  endfacet
  facet normal -0.98061 -0.056833 0.187549
    outer loop
      vertex 0.886119 -44.0862 26.0047
      vertex 0.886119 -43.9773 26.0377
      vertex 0.80963 -43.9023 25.6605
    endloop
  endfacet
  facet normal -0.831333 -0.229341 0.506249
    outer loop
      vertex 1.25398 -45.5579 26.14
      vertex 1.03616 -44.8372 26.1088
      vertex 1.03616 -45.4332 25.8388
    endloop
  endfacet
  facet normal -0.831365 -0.229353 0.506191
    outer loop
      vertex 1.03616 -44.8372 26.1088
      vertex 1.25398 -45.5579 26.14
      vertex 1.25398 -44.962 26.41
    endloop
  endfacet
  facet normal -0.83019 -0.262844 0.491627
    outer loop
      vertex 1.25398 -45.7773 26.0227
      vertex 1.25398 -45.5579 26.14
      vertex 1.03616 -45.5962 25.7517
    endloop
  endfacet
  facet normal -0.830189 -0.262818 0.491644
    outer loop
      vertex 1.03616 -46.1733 25.4432
      vertex 1.25398 -45.7773 26.0227
      vertex 1.03616 -45.5962 25.7517
    endloop
  endfacet
  facet normal -0.830189 -0.262818 0.491644
    outer loop
      vertex 1.25398 -45.7773 26.0227
      vertex 1.03616 -46.1733 25.4432
      vertex 1.25398 -46.3544 25.7142
    endloop
  endfacet
  facet normal -0 0.0327478 0.999464
    outer loop
      vertex 0.80963 -40.65 12.5
      vertex 10.7904 -40.8789 12.5075
      vertex 10.7904 -40.65 12.5
    endloop
  endfacet
  facet normal 0 0.0327478 0.999464
    outer loop
      vertex 10.7904 -40.8789 12.5075
      vertex 0.80963 -40.65 12.5
      vertex 0.80963 -40.8789 12.5075
    endloop
  endfacet
  facet normal 0 -0.0978174 0.995204
    outer loop
      vertex 0.80963 -40.1932 12.5299
      vertex 10.7904 -40.4211 12.5075
      vertex 10.7904 -40.1932 12.5299
    endloop
  endfacet
  facet normal 0 -0.0978174 0.995204
    outer loop
      vertex 10.7904 -40.4211 12.5075
      vertex 0.80963 -40.1932 12.5299
      vertex 0.80963 -40.4211 12.5075
    endloop
  endfacet
  facet normal 0 -0.0327478 0.999464
    outer loop
      vertex 0.80963 -40.4211 12.5075
      vertex 10.7904 -40.65 12.5
      vertex 10.7904 -40.4211 12.5075
    endloop
  endfacet
  facet normal 0 -0.0327478 0.999464
    outer loop
      vertex 10.7904 -40.65 12.5
      vertex 0.80963 -40.4211 12.5075
      vertex 0.80963 -40.65 12.5
    endloop
  endfacet
  facet normal 0 -0.352271 0.935898
    outer loop
      vertex 0.80963 -39.3106 12.7664
      vertex 10.7904 -39.525 12.6857
      vertex 10.7904 -39.3106 12.7664
    endloop
  endfacet
  facet normal 0 -0.352271 0.935898
    outer loop
      vertex 10.7904 -39.525 12.6857
      vertex 0.80963 -39.3106 12.7664
      vertex 0.80963 -39.525 12.6857
    endloop
  endfacet
  facet normal 0 0.8491 0.528232
    outer loop
      vertex 10.7904 -43.5601 14.0555
      vertex 0.80963 -43.6811 14.25
      vertex 10.7904 -43.6811 14.25
    endloop
  endfacet
  facet normal 0 0.8491 0.528232
    outer loop
      vertex 0.80963 -43.6811 14.25
      vertex 10.7904 -43.5601 14.0555
      vertex 0.80963 -43.5601 14.0555
    endloop
  endfacet
  facet normal 0 -0.999464 0.0327478
    outer loop
      vertex 0.80963 -37.1575 15.7711
      vertex 10.7904 -37.15 16
      vertex 0.80963 -37.15 16
    endloop
  endfacet
  facet normal 0 -0.999464 0.0327478
    outer loop
      vertex 10.7904 -37.15 16
      vertex 0.80963 -37.1575 15.7711
      vertex 10.7904 -37.1575 15.7711
    endloop
  endfacet
  facet normal 0 -0.290032 -0.957017
    outer loop
      vertex 0.80963 -39.7441 19.3807
      vertex 10.7904 -39.525 19.3143
      vertex 10.7904 -39.7441 19.3807
    endloop
  endfacet
  facet normal -0 -0.290032 -0.957017
    outer loop
      vertex 10.7904 -39.525 19.3143
      vertex 0.80963 -39.7441 19.3807
      vertex 0.80963 -39.525 19.3143
    endloop
  endfacet
  facet normal 0 -0.881869 0.471494
    outer loop
      vertex 0.80963 -37.6189 14.25
      vertex 10.7904 -37.5109 14.452
      vertex 0.80963 -37.5109 14.452
    endloop
  endfacet
  facet normal 0 -0.881869 0.471494
    outer loop
      vertex 10.7904 -37.5109 14.452
      vertex 0.80963 -37.6189 14.25
      vertex 10.7904 -37.6189 14.25
    endloop
  endfacet
  facet normal 0 -0.999464 -0.0327478
    outer loop
      vertex 0.80963 -37.15 16
      vertex 10.7904 -37.1575 16.2289
      vertex 0.80963 -37.1575 16.2289
    endloop
  endfacet
  facet normal 0 -0.999464 -0.0327478
    outer loop
      vertex 10.7904 -37.1575 16.2289
      vertex 0.80963 -37.15 16
      vertex 10.7904 -37.15 16
    endloop
  endfacet
  facet normal 0 0.957017 0.290032
    outer loop
      vertex 10.7904 -43.9643 14.875
      vertex 0.80963 -44.0307 15.0941
      vertex 10.7904 -44.0307 15.0941
    endloop
  endfacet
  facet normal 0 0.957017 0.290032
    outer loop
      vertex 0.80963 -44.0307 15.0941
      vertex 10.7904 -43.9643 14.875
      vertex 0.80963 -43.9643 14.875
    endloop
  endfacet
  facet normal 0 -0.226995 -0.973896
    outer loop
      vertex 0.80963 -39.9672 19.4327
      vertex 10.7904 -39.7441 19.3807
      vertex 10.7904 -39.9672 19.4327
    endloop
  endfacet
  facet normal -0 -0.226995 -0.973896
    outer loop
      vertex 10.7904 -39.7441 19.3807
      vertex 0.80963 -39.9672 19.4327
      vertex 0.80963 -39.7441 19.3807
    endloop
  endfacet
  facet normal 0 0.973896 0.226995
    outer loop
      vertex 10.7904 -44.0307 15.0941
      vertex 0.80963 -44.0827 15.3172
      vertex 10.7904 -44.0827 15.3172
    endloop
  endfacet
  facet normal 0 0.973896 0.226995
    outer loop
      vertex 0.80963 -44.0827 15.3172
      vertex 10.7904 -44.0307 15.0941
      vertex 0.80963 -44.0307 15.0941
    endloop
  endfacet
  facet normal 0 -0.730082 -0.68336
    outer loop
      vertex 0.80963 -38.0186 18.3077
      vertex 10.7904 -38.1751 18.4749
      vertex 0.80963 -38.1751 18.4749
    endloop
  endfacet
  facet normal 0 -0.730082 -0.68336
    outer loop
      vertex 10.7904 -38.1751 18.4749
      vertex 0.80963 -38.0186 18.3077
      vertex 10.7904 -38.0186 18.3077
    endloop
  endfacet
  facet normal 0 -0.910889 0.412651
    outer loop
      vertex 0.80963 -37.5109 14.452
      vertex 10.7904 -37.4164 14.6606
      vertex 0.80963 -37.4164 14.6606
    endloop
  endfacet
  facet normal 0 -0.910889 0.412651
    outer loop
      vertex 10.7904 -37.4164 14.6606
      vertex 0.80963 -37.5109 14.452
      vertex 10.7904 -37.5109 14.452
    endloop
  endfacet
  facet normal 0 -0.163266 -0.986582
    outer loop
      vertex 0.80963 -40.1932 19.4701
      vertex 10.7904 -39.9672 19.4327
      vertex 10.7904 -40.1932 19.4701
    endloop
  endfacet
  facet normal -0 -0.163266 -0.986582
    outer loop
      vertex 10.7904 -39.9672 19.4327
      vertex 0.80963 -40.1932 19.4701
      vertex 0.80963 -39.9672 19.4327
    endloop
  endfacet
  facet normal 0 0.528232 -0.8491
    outer loop
      vertex 0.80963 -42.5945 18.9101
      vertex 10.7904 -42.4 19.0311
      vertex 10.7904 -42.5945 18.9101
    endloop
  endfacet
  facet normal 0 0.528232 -0.8491
    outer loop
      vertex 10.7904 -42.4 19.0311
      vertex 0.80963 -42.5945 18.9101
      vertex 0.80963 -42.4 19.0311
    endloop
  endfacet
  facet normal 0 -0.935898 0.352271
    outer loop
      vertex 0.80963 -37.4164 14.6606
      vertex 10.7904 -37.3357 14.875
      vertex 0.80963 -37.3357 14.875
    endloop
  endfacet
  facet normal 0 -0.935898 0.352271
    outer loop
      vertex 10.7904 -37.3357 14.875
      vertex 0.80963 -37.4164 14.6606
      vertex 10.7904 -37.4164 14.6606
    endloop
  endfacet
  facet normal 0 0.634497 -0.772925
    outer loop
      vertex 0.80963 -42.9577 18.6314
      vertex 10.7904 -42.7807 18.7767
      vertex 10.7904 -42.9577 18.6314
    endloop
  endfacet
  facet normal 0 0.634497 -0.772925
    outer loop
      vertex 10.7904 -42.7807 18.7767
      vertex 0.80963 -42.9577 18.6314
      vertex 0.80963 -42.7807 18.7767
    endloop
  endfacet
  facet normal 0 -0.8491 0.528232
    outer loop
      vertex 0.80963 -37.7399 14.0555
      vertex 10.7904 -37.6189 14.25
      vertex 0.80963 -37.6189 14.25
    endloop
  endfacet
  facet normal 0 -0.8491 0.528232
    outer loop
      vertex 10.7904 -37.6189 14.25
      vertex 0.80963 -37.7399 14.0555
      vertex 10.7904 -37.7399 14.0555
    endloop
  endfacet
  facet normal 0 -0.0978174 -0.995204
    outer loop
      vertex 0.80963 -40.4211 19.4925
      vertex 10.7904 -40.1932 19.4701
      vertex 10.7904 -40.4211 19.4925
    endloop
  endfacet
  facet normal -0 -0.0978174 -0.995204
    outer loop
      vertex 10.7904 -40.1932 19.4701
      vertex 0.80963 -40.4211 19.4925
      vertex 0.80963 -40.1932 19.4701
    endloop
  endfacet
  facet normal 0 -0.68336 -0.730082
    outer loop
      vertex 0.80963 -38.3423 18.6314
      vertex 10.7904 -38.1751 18.4749
      vertex 10.7904 -38.3423 18.6314
    endloop
  endfacet
  facet normal -0 -0.68336 -0.730082
    outer loop
      vertex 10.7904 -38.1751 18.4749
      vertex 0.80963 -38.3423 18.6314
      vertex 0.80963 -38.1751 18.4749
    endloop
  endfacet
  facet normal 0 0.352271 -0.935898
    outer loop
      vertex 0.80963 -41.9894 19.2336
      vertex 10.7904 -41.775 19.3143
      vertex 10.7904 -41.9894 19.2336
    endloop
  endfacet
  facet normal 0 0.352271 -0.935898
    outer loop
      vertex 10.7904 -41.775 19.3143
      vertex 0.80963 -41.9894 19.2336
      vertex 0.80963 -41.775 19.3143
    endloop
  endfacet
  facet normal 0 -0.812907 -0.582394
    outer loop
      vertex 0.80963 -37.7399 17.9445
      vertex 10.7904 -37.8733 18.1307
      vertex 0.80963 -37.8733 18.1307
    endloop
  endfacet
  facet normal 0 -0.812907 -0.582394
    outer loop
      vertex 10.7904 -37.8733 18.1307
      vertex 0.80963 -37.7399 17.9445
      vertex 10.7904 -37.7399 17.9445
    endloop
  endfacet
  facet normal -0 0.352271 0.935898
    outer loop
      vertex 0.80963 -41.775 12.6857
      vertex 10.7904 -41.9894 12.7664
      vertex 10.7904 -41.775 12.6857
    endloop
  endfacet
  facet normal 0 0.352271 0.935898
    outer loop
      vertex 10.7904 -41.9894 12.7664
      vertex 0.80963 -41.775 12.6857
      vertex 0.80963 -41.9894 12.7664
    endloop
  endfacet
  facet normal 0 -0.634497 -0.772925
    outer loop
      vertex 0.80963 -38.5193 18.7767
      vertex 10.7904 -38.3423 18.6314
      vertex 10.7904 -38.5193 18.7767
    endloop
  endfacet
  facet normal -0 -0.634497 -0.772925
    outer loop
      vertex 10.7904 -38.3423 18.6314
      vertex 0.80963 -38.5193 18.7767
      vertex 0.80963 -38.3423 18.6314
    endloop
  endfacet
  facet normal 0 -0.986582 -0.163266
    outer loop
      vertex 0.80963 -37.1799 16.4568
      vertex 10.7904 -37.2173 16.6828
      vertex 0.80963 -37.2173 16.6828
    endloop
  endfacet
  facet normal 0 -0.986582 -0.163266
    outer loop
      vertex 10.7904 -37.2173 16.6828
      vertex 0.80963 -37.1799 16.4568
      vertex 10.7904 -37.1799 16.4568
    endloop
  endfacet
  facet normal 0 -0.528232 0.8491
    outer loop
      vertex 0.80963 -38.7055 13.0899
      vertex 10.7904 -38.9 12.9689
      vertex 10.7904 -38.7055 13.0899
    endloop
  endfacet
  facet normal 0 -0.528232 0.8491
    outer loop
      vertex 10.7904 -38.9 12.9689
      vertex 0.80963 -38.7055 13.0899
      vertex 0.80963 -38.9 12.9689
    endloop
  endfacet
  facet normal 0 -0.995204 -0.0978174
    outer loop
      vertex 0.80963 -37.1575 16.2289
      vertex 10.7904 -37.1799 16.4568
      vertex 0.80963 -37.1799 16.4568
    endloop
  endfacet
  facet normal 0 -0.995204 -0.0978174
    outer loop
      vertex 10.7904 -37.1799 16.4568
      vertex 0.80963 -37.1575 16.2289
      vertex 10.7904 -37.1575 16.2289
    endloop
  endfacet
  facet normal 0 -0.772925 0.634497
    outer loop
      vertex 0.80963 -38.0186 13.6923
      vertex 10.7904 -37.8733 13.8693
      vertex 0.80963 -37.8733 13.8693
    endloop
  endfacet
  facet normal 0 -0.772925 0.634497
    outer loop
      vertex 10.7904 -37.8733 13.8693
      vertex 0.80963 -38.0186 13.6923
      vertex 10.7904 -38.0186 13.6923
    endloop
  endfacet
  facet normal -0 0.471494 0.881869
    outer loop
      vertex 0.80963 -42.198 12.8609
      vertex 10.7904 -42.4 12.9689
      vertex 10.7904 -42.198 12.8609
    endloop
  endfacet
  facet normal 0 0.471494 0.881869
    outer loop
      vertex 10.7904 -42.4 12.9689
      vertex 0.80963 -42.198 12.8609
      vertex 0.80963 -42.4 12.9689
    endloop
  endfacet
  facet normal 0 0.995204 -0.0978174
    outer loop
      vertex 10.7904 -44.1425 16.2289
      vertex 0.80963 -44.1201 16.4568
      vertex 10.7904 -44.1201 16.4568
    endloop
  endfacet
  facet normal 0 0.995204 -0.0978174
    outer loop
      vertex 0.80963 -44.1201 16.4568
      vertex 10.7904 -44.1425 16.2289
      vertex 0.80963 -44.1425 16.2289
    endloop
  endfacet
  facet normal 0 -0.352271 -0.935898
    outer loop
      vertex 0.80963 -39.525 19.3143
      vertex 10.7904 -39.3106 19.2336
      vertex 10.7904 -39.525 19.3143
    endloop
  endfacet
  facet normal -0 -0.352271 -0.935898
    outer loop
      vertex 10.7904 -39.3106 19.2336
      vertex 0.80963 -39.525 19.3143
      vertex 0.80963 -39.3106 19.2336
    endloop
  endfacet
  facet normal 0 -0.986582 0.163266
    outer loop
      vertex 0.80963 -37.2173 15.3172
      vertex 10.7904 -37.1799 15.5432
      vertex 0.80963 -37.1799 15.5432
    endloop
  endfacet
  facet normal 0 -0.986582 0.163266
    outer loop
      vertex 10.7904 -37.1799 15.5432
      vertex 0.80963 -37.2173 15.3172
      vertex 10.7904 -37.2173 15.3172
    endloop
  endfacet
  facet normal 0 0.226995 -0.973896
    outer loop
      vertex 0.80963 -41.5559 19.3807
      vertex 10.7904 -41.3328 19.4327
      vertex 10.7904 -41.5559 19.3807
    endloop
  endfacet
  facet normal 0 0.226995 -0.973896
    outer loop
      vertex 10.7904 -41.3328 19.4327
      vertex 0.80963 -41.5559 19.3807
      vertex 0.80963 -41.3328 19.4327
    endloop
  endfacet
  facet normal 0 -0.582394 0.812907
    outer loop
      vertex 0.80963 -38.5193 13.2233
      vertex 10.7904 -38.7055 13.0899
      vertex 10.7904 -38.5193 13.2233
    endloop
  endfacet
  facet normal 0 -0.582394 0.812907
    outer loop
      vertex 10.7904 -38.7055 13.0899
      vertex 0.80963 -38.5193 13.2233
      vertex 0.80963 -38.7055 13.0899
    endloop
  endfacet
  facet normal 0 -0.582394 -0.812907
    outer loop
      vertex 0.80963 -38.7055 18.9101
      vertex 10.7904 -38.5193 18.7767
      vertex 10.7904 -38.7055 18.9101
    endloop
  endfacet
  facet normal -0 -0.582394 -0.812907
    outer loop
      vertex 10.7904 -38.5193 18.7767
      vertex 0.80963 -38.7055 18.9101
      vertex 0.80963 -38.5193 18.7767
    endloop
  endfacet
  facet normal -0 0.290032 0.957017
    outer loop
      vertex 0.80963 -41.5559 12.6193
      vertex 10.7904 -41.775 12.6857
      vertex 10.7904 -41.5559 12.6193
    endloop
  endfacet
  facet normal 0 0.290032 0.957017
    outer loop
      vertex 10.7904 -41.775 12.6857
      vertex 0.80963 -41.5559 12.6193
      vertex 0.80963 -41.775 12.6857
    endloop
  endfacet
  facet normal 0 -0.68336 0.730082
    outer loop
      vertex 0.80963 -38.1751 13.5251
      vertex 10.7904 -38.3423 13.3686
      vertex 10.7904 -38.1751 13.5251
    endloop
  endfacet
  facet normal 0 -0.68336 0.730082
    outer loop
      vertex 10.7904 -38.3423 13.3686
      vertex 0.80963 -38.1751 13.5251
      vertex 0.80963 -38.3423 13.3686
    endloop
  endfacet
  facet normal 0 -0.910889 -0.412651
    outer loop
      vertex 0.80963 -37.4164 17.3394
      vertex 10.7904 -37.5109 17.548
      vertex 0.80963 -37.5109 17.548
    endloop
  endfacet
  facet normal 0 -0.910889 -0.412651
    outer loop
      vertex 10.7904 -37.5109 17.548
      vertex 0.80963 -37.4164 17.3394
      vertex 10.7904 -37.4164 17.3394
    endloop
  endfacet
  facet normal -0 0.0978174 0.995204
    outer loop
      vertex 0.80963 -40.8789 12.5075
      vertex 10.7904 -41.1068 12.5299
      vertex 10.7904 -40.8789 12.5075
    endloop
  endfacet
  facet normal 0 0.0978174 0.995204
    outer loop
      vertex 10.7904 -41.1068 12.5299
      vertex 0.80963 -40.8789 12.5075
      vertex 0.80963 -41.1068 12.5299
    endloop
  endfacet
  facet normal 0 0.986582 0.163266
    outer loop
      vertex 10.7904 -44.0827 15.3172
      vertex 0.80963 -44.1201 15.5432
      vertex 10.7904 -44.1201 15.5432
    endloop
  endfacet
  facet normal 0 0.986582 0.163266
    outer loop
      vertex 0.80963 -44.1201 15.5432
      vertex 10.7904 -44.0827 15.3172
      vertex 0.80963 -44.0827 15.3172
    endloop
  endfacet
  facet normal 0 0.999464 0.0327478
    outer loop
      vertex 10.7904 -44.1425 15.7711
      vertex 0.80963 -44.15 16
      vertex 10.7904 -44.15 16
    endloop
  endfacet
  facet normal 0 0.999464 0.0327478
    outer loop
      vertex 0.80963 -44.15 16
      vertex 10.7904 -44.1425 15.7711
      vertex 0.80963 -44.1425 15.7711
    endloop
  endfacet
  facet normal 0 -0.812907 0.582394
    outer loop
      vertex 0.80963 -37.8733 13.8693
      vertex 10.7904 -37.7399 14.0555
      vertex 0.80963 -37.7399 14.0555
    endloop
  endfacet
  facet normal 0 -0.812907 0.582394
    outer loop
      vertex 10.7904 -37.7399 14.0555
      vertex 0.80963 -37.8733 13.8693
      vertex 10.7904 -37.8733 13.8693
    endloop
  endfacet
  facet normal -0 0.528232 0.8491
    outer loop
      vertex 0.80963 -42.4 12.9689
      vertex 10.7904 -42.5945 13.0899
      vertex 10.7904 -42.4 12.9689
    endloop
  endfacet
  facet normal 0 0.528232 0.8491
    outer loop
      vertex 10.7904 -42.5945 13.0899
      vertex 0.80963 -42.4 12.9689
      vertex 0.80963 -42.5945 13.0899
    endloop
  endfacet
  facet normal -0 0.634497 0.772925
    outer loop
      vertex 0.80963 -42.7807 13.2233
      vertex 10.7904 -42.9577 13.3686
      vertex 10.7904 -42.7807 13.2233
    endloop
  endfacet
  facet normal 0 0.634497 0.772925
    outer loop
      vertex 10.7904 -42.9577 13.3686
      vertex 0.80963 -42.7807 13.2233
      vertex 0.80963 -42.9577 13.3686
    endloop
  endfacet
  facet normal 0 0.999464 -0.0327478
    outer loop
      vertex 10.7904 -44.15 16
      vertex 0.80963 -44.1425 16.2289
      vertex 10.7904 -44.1425 16.2289
    endloop
  endfacet
  facet normal 0 0.999464 -0.0327478
    outer loop
      vertex 0.80963 -44.1425 16.2289
      vertex 10.7904 -44.15 16
      vertex 0.80963 -44.15 16
    endloop
  endfacet
  facet normal 0 -0.290032 0.957017
    outer loop
      vertex 0.80963 -39.525 12.6857
      vertex 10.7904 -39.7441 12.6193
      vertex 10.7904 -39.525 12.6857
    endloop
  endfacet
  facet normal 0 -0.290032 0.957017
    outer loop
      vertex 10.7904 -39.7441 12.6193
      vertex 0.80963 -39.525 12.6857
      vertex 0.80963 -39.7441 12.6193
    endloop
  endfacet
  facet normal 0 -0.471494 0.881869
    outer loop
      vertex 0.80963 -38.9 12.9689
      vertex 10.7904 -39.102 12.8609
      vertex 10.7904 -38.9 12.9689
    endloop
  endfacet
  facet normal 0 -0.471494 0.881869
    outer loop
      vertex 10.7904 -39.102 12.8609
      vertex 0.80963 -38.9 12.9689
      vertex 0.80963 -39.102 12.8609
    endloop
  endfacet
  facet normal 0 0.881869 0.471494
    outer loop
      vertex 10.7904 -43.6811 14.25
      vertex 0.80963 -43.7891 14.452
      vertex 10.7904 -43.7891 14.452
    endloop
  endfacet
  facet normal 0 0.881869 0.471494
    outer loop
      vertex 0.80963 -43.7891 14.452
      vertex 10.7904 -43.6811 14.25
      vertex 0.80963 -43.6811 14.25
    endloop
  endfacet
  facet normal 0 -0.412651 0.910889
    outer loop
      vertex 0.80963 -39.102 12.8609
      vertex 10.7904 -39.3106 12.7664
      vertex 10.7904 -39.102 12.8609
    endloop
  endfacet
  facet normal 0 -0.412651 0.910889
    outer loop
      vertex 10.7904 -39.3106 12.7664
      vertex 0.80963 -39.102 12.8609
      vertex 0.80963 -39.3106 12.7664
    endloop
  endfacet
  facet normal -0 0.582394 0.812907
    outer loop
      vertex 0.80963 -42.5945 13.0899
      vertex 10.7904 -42.7807 13.2233
      vertex 10.7904 -42.5945 13.0899
    endloop
  endfacet
  facet normal 0 0.582394 0.812907
    outer loop
      vertex 10.7904 -42.7807 13.2233
      vertex 0.80963 -42.5945 13.0899
      vertex 0.80963 -42.7807 13.2233
    endloop
  endfacet
  facet normal -0 0.412651 0.910889
    outer loop
      vertex 0.80963 -41.9894 12.7664
      vertex 10.7904 -42.198 12.8609
      vertex 10.7904 -41.9894 12.7664
    endloop
  endfacet
  facet normal 0 0.412651 0.910889
    outer loop
      vertex 10.7904 -42.198 12.8609
      vertex 0.80963 -41.9894 12.7664
      vertex 0.80963 -42.198 12.8609
    endloop
  endfacet
  facet normal 0 -0.772925 -0.634497
    outer loop
      vertex 0.80963 -37.8733 18.1307
      vertex 10.7904 -38.0186 18.3077
      vertex 0.80963 -38.0186 18.3077
    endloop
  endfacet
  facet normal 0 -0.772925 -0.634497
    outer loop
      vertex 10.7904 -38.0186 18.3077
      vertex 0.80963 -37.8733 18.1307
      vertex 10.7904 -37.8733 18.1307
    endloop
  endfacet
  facet normal 0 0.0978174 -0.995204
    outer loop
      vertex 0.80963 -41.1068 19.4701
      vertex 10.7904 -40.8789 19.4925
      vertex 10.7904 -41.1068 19.4701
    endloop
  endfacet
  facet normal 0 0.0978174 -0.995204
    outer loop
      vertex 10.7904 -40.8789 19.4925
      vertex 0.80963 -41.1068 19.4701
      vertex 0.80963 -40.8789 19.4925
    endloop
  endfacet
  facet normal 0 -0.935898 -0.352271
    outer loop
      vertex 0.80963 -37.3357 17.125
      vertex 10.7904 -37.4164 17.3394
      vertex 0.80963 -37.4164 17.3394
    endloop
  endfacet
  facet normal 0 -0.935898 -0.352271
    outer loop
      vertex 10.7904 -37.4164 17.3394
      vertex 0.80963 -37.3357 17.125
      vertex 10.7904 -37.3357 17.125
    endloop
  endfacet
  facet normal 0 -0.957017 -0.290032
    outer loop
      vertex 0.80963 -37.2693 16.9059
      vertex 10.7904 -37.3357 17.125
      vertex 0.80963 -37.3357 17.125
    endloop
  endfacet
  facet normal 0 -0.957017 -0.290032
    outer loop
      vertex 10.7904 -37.3357 17.125
      vertex 0.80963 -37.2693 16.9059
      vertex 10.7904 -37.2693 16.9059
    endloop
  endfacet
  facet normal 0 0.0327478 -0.999464
    outer loop
      vertex 0.80963 -40.8789 19.4925
      vertex 10.7904 -40.65 19.5
      vertex 10.7904 -40.8789 19.4925
    endloop
  endfacet
  facet normal 0 0.0327478 -0.999464
    outer loop
      vertex 10.7904 -40.65 19.5
      vertex 0.80963 -40.8789 19.4925
      vertex 0.80963 -40.65 19.5
    endloop
  endfacet
  facet normal -0 0.68336 0.730082
    outer loop
      vertex 0.80963 -42.9577 13.3686
      vertex 10.7904 -43.1249 13.5251
      vertex 10.7904 -42.9577 13.3686
    endloop
  endfacet
  facet normal 0 0.68336 0.730082
    outer loop
      vertex 10.7904 -43.1249 13.5251
      vertex 0.80963 -42.9577 13.3686
      vertex 0.80963 -43.1249 13.5251
    endloop
  endfacet
  facet normal 0 0.935898 0.352271
    outer loop
      vertex 10.7904 -43.8836 14.6606
      vertex 0.80963 -43.9643 14.875
      vertex 10.7904 -43.9643 14.875
    endloop
  endfacet
  facet normal 0 0.935898 0.352271
    outer loop
      vertex 0.80963 -43.9643 14.875
      vertex 10.7904 -43.8836 14.6606
      vertex 0.80963 -43.8836 14.6606
    endloop
  endfacet
  facet normal -0 0.163266 0.986582
    outer loop
      vertex 0.80963 -41.1068 12.5299
      vertex 10.7904 -41.3328 12.5673
      vertex 10.7904 -41.1068 12.5299
    endloop
  endfacet
  facet normal 0 0.163266 0.986582
    outer loop
      vertex 10.7904 -41.3328 12.5673
      vertex 0.80963 -41.1068 12.5299
      vertex 0.80963 -41.3328 12.5673
    endloop
  endfacet
  facet normal 0 0.290032 -0.957017
    outer loop
      vertex 0.80963 -41.775 19.3143
      vertex 10.7904 -41.5559 19.3807
      vertex 10.7904 -41.775 19.3143
    endloop
  endfacet
  facet normal 0 0.290032 -0.957017
    outer loop
      vertex 10.7904 -41.5559 19.3807
      vertex 0.80963 -41.775 19.3143
      vertex 0.80963 -41.5559 19.3807
    endloop
  endfacet
  facet normal -0 0.226995 0.973896
    outer loop
      vertex 0.80963 -41.3328 12.5673
      vertex 10.7904 -41.5559 12.6193
      vertex 10.7904 -41.3328 12.5673
    endloop
  endfacet
  facet normal 0 0.226995 0.973896
    outer loop
      vertex 10.7904 -41.5559 12.6193
      vertex 0.80963 -41.3328 12.5673
      vertex 0.80963 -41.5559 12.6193
    endloop
  endfacet
  facet normal 0 0.68336 -0.730082
    outer loop
      vertex 0.80963 -43.1249 18.4749
      vertex 10.7904 -42.9577 18.6314
      vertex 10.7904 -43.1249 18.4749
    endloop
  endfacet
  facet normal 0 0.68336 -0.730082
    outer loop
      vertex 10.7904 -42.9577 18.6314
      vertex 0.80963 -43.1249 18.4749
      vertex 0.80963 -42.9577 18.6314
    endloop
  endfacet
  facet normal 0 0.471494 -0.881869
    outer loop
      vertex 0.80963 -42.4 19.0311
      vertex 10.7904 -42.198 19.1391
      vertex 10.7904 -42.4 19.0311
    endloop
  endfacet
  facet normal 0 0.471494 -0.881869
    outer loop
      vertex 10.7904 -42.198 19.1391
      vertex 0.80963 -42.4 19.0311
      vertex 0.80963 -42.198 19.1391
    endloop
  endfacet
  facet normal 0 -0.881869 -0.471494
    outer loop
      vertex 0.80963 -37.5109 17.548
      vertex 10.7904 -37.6189 17.75
      vertex 0.80963 -37.6189 17.75
    endloop
  endfacet
  facet normal 0 -0.881869 -0.471494
    outer loop
      vertex 10.7904 -37.6189 17.75
      vertex 0.80963 -37.5109 17.548
      vertex 10.7904 -37.5109 17.548
    endloop
  endfacet
  facet normal 0 0.163266 -0.986582
    outer loop
      vertex 0.80963 -41.3328 19.4327
      vertex 10.7904 -41.1068 19.4701
      vertex 10.7904 -41.3328 19.4327
    endloop
  endfacet
  facet normal 0 0.163266 -0.986582
    outer loop
      vertex 10.7904 -41.1068 19.4701
      vertex 0.80963 -41.3328 19.4327
      vertex 0.80963 -41.1068 19.4701
    endloop
  endfacet
  facet normal 0 0.935898 -0.352271
    outer loop
      vertex 10.7904 -43.9643 17.125
      vertex 0.80963 -43.8836 17.3394
      vertex 10.7904 -43.8836 17.3394
    endloop
  endfacet
  facet normal 0 0.935898 -0.352271
    outer loop
      vertex 0.80963 -43.8836 17.3394
      vertex 10.7904 -43.9643 17.125
      vertex 0.80963 -43.9643 17.125
    endloop
  endfacet
  facet normal 0 -0.730082 0.68336
    outer loop
      vertex 0.80963 -38.1751 13.5251
      vertex 10.7904 -38.0186 13.6923
      vertex 0.80963 -38.0186 13.6923
    endloop
  endfacet
  facet normal 0 -0.730082 0.68336
    outer loop
      vertex 10.7904 -38.0186 13.6923
      vertex 0.80963 -38.1751 13.5251
      vertex 10.7904 -38.1751 13.5251
    endloop
  endfacet
  facet normal 0 -0.8491 -0.528232
    outer loop
      vertex 0.80963 -37.6189 17.75
      vertex 10.7904 -37.7399 17.9445
      vertex 0.80963 -37.7399 17.9445
    endloop
  endfacet
  facet normal 0 -0.8491 -0.528232
    outer loop
      vertex 10.7904 -37.7399 17.9445
      vertex 0.80963 -37.6189 17.75
      vertex 10.7904 -37.6189 17.75
    endloop
  endfacet
  facet normal 0 -0.973896 -0.226995
    outer loop
      vertex 0.80963 -37.2173 16.6828
      vertex 10.7904 -37.2693 16.9059
      vertex 0.80963 -37.2693 16.9059
    endloop
  endfacet
  facet normal 0 -0.973896 -0.226995
    outer loop
      vertex 10.7904 -37.2693 16.9059
      vertex 0.80963 -37.2173 16.6828
      vertex 10.7904 -37.2173 16.6828
    endloop
  endfacet
  facet normal 0 -0.412651 -0.910889
    outer loop
      vertex 0.80963 -39.3106 19.2336
      vertex 10.7904 -39.102 19.1391
      vertex 10.7904 -39.3106 19.2336
    endloop
  endfacet
  facet normal -0 -0.412651 -0.910889
    outer loop
      vertex 10.7904 -39.102 19.1391
      vertex 0.80963 -39.3106 19.2336
      vertex 0.80963 -39.102 19.1391
    endloop
  endfacet
  facet normal 0 -0.471494 -0.881869
    outer loop
      vertex 0.80963 -39.102 19.1391
      vertex 10.7904 -38.9 19.0311
      vertex 10.7904 -39.102 19.1391
    endloop
  endfacet
  facet normal -0 -0.471494 -0.881869
    outer loop
      vertex 10.7904 -38.9 19.0311
      vertex 0.80963 -39.102 19.1391
      vertex 0.80963 -38.9 19.0311
    endloop
  endfacet
  facet normal 0 0.910889 0.412651
    outer loop
      vertex 10.7904 -43.7891 14.452
      vertex 0.80963 -43.8836 14.6606
      vertex 10.7904 -43.8836 14.6606
    endloop
  endfacet
  facet normal 0 0.910889 0.412651
    outer loop
      vertex 0.80963 -43.8836 14.6606
      vertex 10.7904 -43.7891 14.452
      vertex 0.80963 -43.7891 14.452
    endloop
  endfacet
  facet normal 0 -0.634497 0.772925
    outer loop
      vertex 0.80963 -38.3423 13.3686
      vertex 10.7904 -38.5193 13.2233
      vertex 10.7904 -38.3423 13.3686
    endloop
  endfacet
  facet normal 0 -0.634497 0.772925
    outer loop
      vertex 10.7904 -38.5193 13.2233
      vertex 0.80963 -38.3423 13.3686
      vertex 0.80963 -38.5193 13.2233
    endloop
  endfacet
  facet normal 0 -0.226995 0.973896
    outer loop
      vertex 0.80963 -39.7441 12.6193
      vertex 10.7904 -39.9672 12.5673
      vertex 10.7904 -39.7441 12.6193
    endloop
  endfacet
  facet normal 0 -0.226995 0.973896
    outer loop
      vertex 10.7904 -39.9672 12.5673
      vertex 0.80963 -39.7441 12.6193
      vertex 0.80963 -39.9672 12.5673
    endloop
  endfacet
  facet normal 0 -0.163266 0.986582
    outer loop
      vertex 0.80963 -39.9672 12.5673
      vertex 10.7904 -40.1932 12.5299
      vertex 10.7904 -39.9672 12.5673
    endloop
  endfacet
  facet normal 0 -0.163266 0.986582
    outer loop
      vertex 10.7904 -40.1932 12.5299
      vertex 0.80963 -39.9672 12.5673
      vertex 0.80963 -40.1932 12.5299
    endloop
  endfacet
  facet normal 0 0.412651 -0.910889
    outer loop
      vertex 0.80963 -42.198 19.1391
      vertex 10.7904 -41.9894 19.2336
      vertex 10.7904 -42.198 19.1391
    endloop
  endfacet
  facet normal 0 0.412651 -0.910889
    outer loop
      vertex 10.7904 -41.9894 19.2336
      vertex 0.80963 -42.198 19.1391
      vertex 0.80963 -41.9894 19.2336
    endloop
  endfacet
  facet normal 0 0.995204 0.0978174
    outer loop
      vertex 10.7904 -44.1201 15.5432
      vertex 0.80963 -44.1425 15.7711
      vertex 10.7904 -44.1425 15.7711
    endloop
  endfacet
  facet normal 0 0.995204 0.0978174
    outer loop
      vertex 0.80963 -44.1425 15.7711
      vertex 10.7904 -44.1201 15.5432
      vertex 0.80963 -44.1201 15.5432
    endloop
  endfacet
  facet normal 0 -0.528232 -0.8491
    outer loop
      vertex 0.80963 -38.9 19.0311
      vertex 10.7904 -38.7055 18.9101
      vertex 10.7904 -38.9 19.0311
    endloop
  endfacet
  facet normal -0 -0.528232 -0.8491
    outer loop
      vertex 10.7904 -38.7055 18.9101
      vertex 0.80963 -38.9 19.0311
      vertex 0.80963 -38.7055 18.9101
    endloop
  endfacet
  facet normal 0 0.772925 0.634497
    outer loop
      vertex 10.7904 -43.2814 13.6923
      vertex 0.80963 -43.4267 13.8693
      vertex 10.7904 -43.4267 13.8693
    endloop
  endfacet
  facet normal 0 0.772925 0.634497
    outer loop
      vertex 0.80963 -43.4267 13.8693
      vertex 10.7904 -43.2814 13.6923
      vertex 0.80963 -43.2814 13.6923
    endloop
  endfacet
  facet normal 0 0.812907 -0.582394
    outer loop
      vertex 10.7904 -43.5601 17.9445
      vertex 0.80963 -43.4267 18.1307
      vertex 10.7904 -43.4267 18.1307
    endloop
  endfacet
  facet normal 0 0.812907 -0.582394
    outer loop
      vertex 0.80963 -43.4267 18.1307
      vertex 10.7904 -43.5601 17.9445
      vertex 0.80963 -43.5601 17.9445
    endloop
  endfacet
  facet normal 0 -0.0327478 -0.999464
    outer loop
      vertex 0.80963 -40.65 19.5
      vertex 10.7904 -40.4211 19.4925
      vertex 10.7904 -40.65 19.5
    endloop
  endfacet
  facet normal -0 -0.0327478 -0.999464
    outer loop
      vertex 10.7904 -40.4211 19.4925
      vertex 0.80963 -40.65 19.5
      vertex 0.80963 -40.4211 19.4925
    endloop
  endfacet
  facet normal 0 0.812907 0.582394
    outer loop
      vertex 10.7904 -43.4267 13.8693
      vertex 0.80963 -43.5601 14.0555
      vertex 10.7904 -43.5601 14.0555
    endloop
  endfacet
  facet normal 0 0.812907 0.582394
    outer loop
      vertex 0.80963 -43.5601 14.0555
      vertex 10.7904 -43.4267 13.8693
      vertex 0.80963 -43.4267 13.8693
    endloop
  endfacet
  facet normal 0 0.8491 -0.528232
    outer loop
      vertex 10.7904 -43.6811 17.75
      vertex 0.80963 -43.5601 17.9445
      vertex 10.7904 -43.5601 17.9445
    endloop
  endfacet
  facet normal 0 0.8491 -0.528232
    outer loop
      vertex 0.80963 -43.5601 17.9445
      vertex 10.7904 -43.6811 17.75
      vertex 0.80963 -43.6811 17.75
    endloop
  endfacet
  facet normal 0 -0.973896 0.226995
    outer loop
      vertex 0.80963 -37.2693 15.0941
      vertex 10.7904 -37.2173 15.3172
      vertex 0.80963 -37.2173 15.3172
    endloop
  endfacet
  facet normal 0 -0.973896 0.226995
    outer loop
      vertex 10.7904 -37.2173 15.3172
      vertex 0.80963 -37.2693 15.0941
      vertex 10.7904 -37.2693 15.0941
    endloop
  endfacet
  facet normal 0 0.582394 -0.812907
    outer loop
      vertex 0.80963 -42.7807 18.7767
      vertex 10.7904 -42.5945 18.9101
      vertex 10.7904 -42.7807 18.7767
    endloop
  endfacet
  facet normal 0 0.582394 -0.812907
    outer loop
      vertex 10.7904 -42.5945 18.9101
      vertex 0.80963 -42.7807 18.7767
      vertex 0.80963 -42.5945 18.9101
    endloop
  endfacet
  facet normal 0 -0.995204 0.0978174
    outer loop
      vertex 0.80963 -37.1799 15.5432
      vertex 10.7904 -37.1575 15.7711
      vertex 0.80963 -37.1575 15.7711
    endloop
  endfacet
  facet normal 0 -0.995204 0.0978174
    outer loop
      vertex 10.7904 -37.1575 15.7711
      vertex 0.80963 -37.1799 15.5432
      vertex 10.7904 -37.1799 15.5432
    endloop
  endfacet
  facet normal 0 0.957017 -0.290032
    outer loop
      vertex 10.7904 -44.0307 16.9059
      vertex 0.80963 -43.9643 17.125
      vertex 10.7904 -43.9643 17.125
    endloop
  endfacet
  facet normal 0 0.957017 -0.290032
    outer loop
      vertex 0.80963 -43.9643 17.125
      vertex 10.7904 -44.0307 16.9059
      vertex 0.80963 -44.0307 16.9059
    endloop
  endfacet
  facet normal 0 -0.957017 0.290032
    outer loop
      vertex 0.80963 -37.3357 14.875
      vertex 10.7904 -37.2693 15.0941
      vertex 0.80963 -37.2693 15.0941
    endloop
  endfacet
  facet normal 0 -0.957017 0.290032
    outer loop
      vertex 10.7904 -37.2693 15.0941
      vertex 0.80963 -37.3357 14.875
      vertex 10.7904 -37.3357 14.875
    endloop
  endfacet
  facet normal 0 0.730082 -0.68336
    outer loop
      vertex 10.7904 -43.2814 18.3077
      vertex 0.80963 -43.1249 18.4749
      vertex 10.7904 -43.1249 18.4749
    endloop
  endfacet
  facet normal 0 0.730082 -0.68336
    outer loop
      vertex 0.80963 -43.1249 18.4749
      vertex 10.7904 -43.2814 18.3077
      vertex 0.80963 -43.2814 18.3077
    endloop
  endfacet
  facet normal 0 0.986582 -0.163266
    outer loop
      vertex 10.7904 -44.1201 16.4568
      vertex 0.80963 -44.0827 16.6828
      vertex 10.7904 -44.0827 16.6828
    endloop
  endfacet
  facet normal 0 0.986582 -0.163266
    outer loop
      vertex 0.80963 -44.0827 16.6828
      vertex 10.7904 -44.1201 16.4568
      vertex 0.80963 -44.1201 16.4568
    endloop
  endfacet
  facet normal 0 0.973896 -0.226995
    outer loop
      vertex 10.7904 -44.0827 16.6828
      vertex 0.80963 -44.0307 16.9059
      vertex 10.7904 -44.0307 16.9059
    endloop
  endfacet
  facet normal 0 0.973896 -0.226995
    outer loop
      vertex 0.80963 -44.0307 16.9059
      vertex 10.7904 -44.0827 16.6828
      vertex 0.80963 -44.0827 16.6828
    endloop
  endfacet
  facet normal 0 0.881869 -0.471494
    outer loop
      vertex 10.7904 -43.7891 17.548
      vertex 0.80963 -43.6811 17.75
      vertex 10.7904 -43.6811 17.75
    endloop
  endfacet
  facet normal 0 0.881869 -0.471494
    outer loop
      vertex 0.80963 -43.6811 17.75
      vertex 10.7904 -43.7891 17.548
      vertex 0.80963 -43.7891 17.548
    endloop
  endfacet
  facet normal 0 0.730082 0.68336
    outer loop
      vertex 10.7904 -43.1249 13.5251
      vertex 0.80963 -43.2814 13.6923
      vertex 10.7904 -43.2814 13.6923
    endloop
  endfacet
  facet normal 0 0.730082 0.68336
    outer loop
      vertex 0.80963 -43.2814 13.6923
      vertex 10.7904 -43.1249 13.5251
      vertex 0.80963 -43.1249 13.5251
    endloop
  endfacet
  facet normal 0 0.772925 -0.634497
    outer loop
      vertex 10.7904 -43.4267 18.1307
      vertex 0.80963 -43.2814 18.3077
      vertex 10.7904 -43.2814 18.3077
    endloop
  endfacet
  facet normal 0 0.772925 -0.634497
    outer loop
      vertex 0.80963 -43.2814 18.3077
      vertex 10.7904 -43.4267 18.1307
      vertex 0.80963 -43.4267 18.1307
    endloop
  endfacet
  facet normal 0 0.910889 -0.412651
    outer loop
      vertex 10.7904 -43.8836 17.3394
      vertex 0.80963 -43.7891 17.548
      vertex 10.7904 -43.7891 17.548
    endloop
  endfacet
  facet normal 0 0.910889 -0.412651
    outer loop
      vertex 0.80963 -43.7891 17.548
      vertex 10.7904 -43.8836 17.3394
      vertex 0.80963 -43.8836 17.3394
    endloop
  endfacet
endsolid OpenSCAD_Model
