solid OpenSCAD_Model
  facet normal 0 -0.910869 0.412696
    outer loop
      vertex -16 -24.9909 10.3516
      vertex 16 -24.2604 11.9639
      vertex -16 -24.2604 11.9639
    endloop
  endfacet
  facet normal 0 -0.910869 0.412696
    outer loop
      vertex 16 -24.2604 11.9639
      vertex -16 -24.9909 10.3516
      vertex 16 -24.9909 10.3516
    endloop
  endfacet
  facet normal 0 -0.582504 0.812828
    outer loop
      vertex -16 -15.0282 22.4913
      vertex 16 -16.467 21.4602
      vertex 16 -15.0282 22.4913
    endloop
  endfacet
  facet normal 0 -0.582504 0.812828
    outer loop
      vertex 16 -16.467 21.4602
      vertex -16 -15.0282 22.4913
      vertex -16 -16.467 21.4602
    endloop
  endfacet
  facet normal -0 0.683623 0.729835
    outer loop
      vertex -16 19.1272 19.1272
      vertex 16 17.8353 20.3373
      vertex 16 19.1272 19.1272
    endloop
  endfacet
  facet normal 0 0.683623 0.729835
    outer loop
      vertex 16 17.8353 20.3373
      vertex -16 19.1272 19.1272
      vertex -16 17.8353 20.3373
    endloop
  endfacet
  facet normal 0 0.995185 0.0980169
    outer loop
      vertex 16 26.9921 1.76915
      vertex 12 26.8186 3.53073
      vertex 16 26.8186 3.53073
    endloop
  endfacet
  facet normal 0 0.995185 0.0980169
    outer loop
      vertex 12 26.8186 3.53073
      vertex 16 26.9921 1.76915
      vertex 12 26.9921 1.76915
    endloop
  endfacet
  facet normal 0 0.995185 0.0980169
    outer loop
      vertex -12 26.9921 1.76915
      vertex -16 26.8186 3.53073
      vertex -12 26.8186 3.53073
    endloop
  endfacet
  facet normal 0 0.995185 0.0980169
    outer loop
      vertex -16 26.8186 3.53073
      vertex -12 26.9921 1.76915
      vertex -16 26.9921 1.76915
    endloop
  endfacet
  facet normal 0 -0.995185 0.0980169
    outer loop
      vertex -16 -26.9921 1.76915
      vertex -6 -26.8186 3.53073
      vertex -16 -26.8186 3.53073
    endloop
  endfacet
  facet normal 0 -0.995185 0.0980169
    outer loop
      vertex -6 -26.8186 3.53073
      vertex -16 -26.9921 1.76915
      vertex -6 -26.9921 1.76915
    endloop
  endfacet
  facet normal 0 -0.995185 0.0980169
    outer loop
      vertex 6 -26.9921 1.76915
      vertex 16 -26.8186 3.53073
      vertex 6 -26.8186 3.53073
    endloop
  endfacet
  facet normal 0 -0.995185 0.0980169
    outer loop
      vertex 16 -26.8186 3.53073
      vertex 6 -26.9921 1.76915
      vertex 16 -26.9921 1.76915
    endloop
  endfacet
  facet normal 0 0.956946 0.290266
    outer loop
      vertex 16 26.1283 7.00105
      vertex 12 25.6145 8.69494
      vertex 16 25.6145 8.69494
    endloop
  endfacet
  facet normal 0 0.956946 0.290266
    outer loop
      vertex 12 25.6145 8.69494
      vertex 16 26.1283 7.00105
      vertex 12 26.1283 7.00105
    endloop
  endfacet
  facet normal 0 0.956946 0.290266
    outer loop
      vertex -12 26.1283 7.00105
      vertex -16 25.6145 8.69494
      vertex -12 25.6145 8.69494
    endloop
  endfacet
  facet normal 0 0.956946 0.290266
    outer loop
      vertex -16 25.6145 8.69494
      vertex -12 26.1283 7.00105
      vertex -16 26.1283 7.00105
    endloop
  endfacet
  facet normal 0 -0.935892 0.352288
    outer loop
      vertex -16 -25.6145 8.69494
      vertex 16 -24.9909 10.3516
      vertex -16 -24.9909 10.3516
    endloop
  endfacet
  facet normal 0 -0.935892 0.352288
    outer loop
      vertex 16 -24.9909 10.3516
      vertex -16 -25.6145 8.69494
      vertex 16 -25.6145 8.69494
    endloop
  endfacet
  facet normal 0 -0.999465 0.0326916
    outer loop
      vertex -16 -27.0238 0.799999
      vertex -6 -26.9921 1.76915
      vertex -16 -26.9921 1.76915
    endloop
  endfacet
  facet normal 0 -0.999465 0.0326916
    outer loop
      vertex -6 -26.9921 1.76915
      vertex -16 -27.0238 0.799999
      vertex -6 -27.0238 0.799999
    endloop
  endfacet
  facet normal 0 -0.999465 0.0326916
    outer loop
      vertex 6 -27.0238 0.799999
      vertex 16 -26.9921 1.76915
      vertex 6 -26.9921 1.76915
    endloop
  endfacet
  facet normal 0 -0.999465 0.0326916
    outer loop
      vertex 16 -26.9921 1.76915
      vertex 6 -27.0238 0.799999
      vertex 16 -27.0238 0.799999
    endloop
  endfacet
  facet normal -0 0.290266 0.956946
    outer loop
      vertex -16 8.69494 25.6145
      vertex 16 7.00105 26.1283
      vertex 16 8.69494 25.6145
    endloop
  endfacet
  facet normal 0 0.290266 0.956946
    outer loop
      vertex 16 7.00105 26.1283
      vertex -16 8.69494 25.6145
      vertex -16 7.00105 26.1283
    endloop
  endfacet
  facet normal -0 0.582504 0.812828
    outer loop
      vertex -16 16.467 21.4602
      vertex 16 15.0282 22.4913
      vertex 16 16.467 21.4602
    endloop
  endfacet
  facet normal 0 0.582504 0.812828
    outer loop
      vertex 16 15.0282 22.4913
      vertex -16 16.467 21.4602
      vertex -16 15.0282 22.4913
    endloop
  endfacet
  facet normal 0 -0.849215 0.528048
    outer loop
      vertex -16 -23.426 13.525
      vertex 16 -22.4913 15.0282
      vertex -16 -22.4913 15.0282
    endloop
  endfacet
  facet normal 0 -0.849215 0.528048
    outer loop
      vertex 16 -22.4913 15.0282
      vertex -16 -23.426 13.525
      vertex 16 -23.426 13.525
    endloop
  endfacet
  facet normal 0 -0.683623 0.729835
    outer loop
      vertex -16 -17.8353 20.3373
      vertex 16 -19.1272 19.1272
      vertex 16 -17.8353 20.3373
    endloop
  endfacet
  facet normal 0 -0.683623 0.729835
    outer loop
      vertex 16 -19.1272 19.1272
      vertex -16 -17.8353 20.3373
      vertex -16 -19.1272 19.1272
    endloop
  endfacet
  facet normal -0 0.471386 0.881927
    outer loop
      vertex -16 13.525 23.426
      vertex 16 11.9639 24.2604
      vertex 16 13.525 23.426
    endloop
  endfacet
  facet normal 0 0.471386 0.881927
    outer loop
      vertex 16 11.9639 24.2604
      vertex -16 13.525 23.426
      vertex -16 11.9639 24.2604
    endloop
  endfacet
  facet normal 0 -0.412689 0.910872
    outer loop
      vertex -16 -11.477 24.481
      vertex 16 -11.9639 24.2604
      vertex 16 -11.477 24.481
    endloop
  endfacet
  facet normal 0 -0.412689 0.910872
    outer loop
      vertex 16 -11.9639 24.2604
      vertex -16 -11.477 24.481
      vertex -16 -11.9639 24.2604
    endloop
  endfacet
  facet normal -0 0.352288 0.935892
    outer loop
      vertex -16 10.3516 24.9909
      vertex 16 8.69494 25.6145
      vertex 16 10.3516 24.9909
    endloop
  endfacet
  facet normal 0 0.352288 0.935892
    outer loop
      vertex 16 8.69494 25.6145
      vertex -16 10.3516 24.9909
      vertex -16 8.69494 25.6145
    endloop
  endfacet
  facet normal 0 -0.881927 0.471386
    outer loop
      vertex -16 -24.2604 11.9639
      vertex 16 -23.426 13.525
      vertex -16 -23.426 13.525
    endloop
  endfacet
  facet normal 0 -0.881927 0.471386
    outer loop
      vertex 16 -23.426 13.525
      vertex -16 -24.2604 11.9639
      vertex 16 -24.2604 11.9639
    endloop
  endfacet
  facet normal 0 0.729835 0.683623
    outer loop
      vertex 16 20.3373 17.8353
      vertex -16 19.1272 19.1272
      vertex 16 19.1272 19.1272
    endloop
  endfacet
  facet normal 0 0.729835 0.683623
    outer loop
      vertex -16 19.1272 19.1272
      vertex 16 20.3373 17.8353
      vertex -16 20.3373 17.8353
    endloop
  endfacet
  facet normal 0 -0.956946 0.290266
    outer loop
      vertex -16 -26.1283 7.00105
      vertex 16 -25.6145 8.69494
      vertex -16 -25.6145 8.69494
    endloop
  endfacet
  facet normal 0 -0.956946 0.290266
    outer loop
      vertex 16 -25.6145 8.69494
      vertex -16 -26.1283 7.00105
      vertex 16 -26.1283 7.00105
    endloop
  endfacet
  facet normal 0 -0.812828 0.582504
    outer loop
      vertex -16 -22.4913 15.0282
      vertex 16 -21.4602 16.467
      vertex -16 -21.4602 16.467
    endloop
  endfacet
  facet normal 0 -0.812828 0.582504
    outer loop
      vertex 16 -21.4602 16.467
      vertex -16 -22.4913 15.0282
      vertex 16 -22.4913 15.0282
    endloop
  endfacet
  facet normal 0 0.999465 0.0326916
    outer loop
      vertex -12 27.0238 0.799999
      vertex -16 26.9921 1.76915
      vertex -12 26.9921 1.76915
    endloop
  endfacet
  facet normal 0 0.999465 0.0326916
    outer loop
      vertex -16 26.9921 1.76915
      vertex -12 27.0238 0.799999
      vertex -16 27.0238 0.799999
    endloop
  endfacet
  facet normal 0 0.999465 0.0326916
    outer loop
      vertex 16 27.0238 0.799999
      vertex 12 26.9921 1.76915
      vertex 16 26.9921 1.76915
    endloop
  endfacet
  facet normal 0 0.999465 0.0326916
    outer loop
      vertex 12 26.9921 1.76915
      vertex 16 27.0238 0.799999
      vertex 12 27.0238 0.799999
    endloop
  endfacet
  facet normal 0 0.910869 0.412696
    outer loop
      vertex 16 24.9909 10.3516
      vertex -16 24.2604 11.9639
      vertex 16 24.2604 11.9639
    endloop
  endfacet
  facet normal 0 0.910869 0.412696
    outer loop
      vertex -16 24.2604 11.9639
      vertex 16 24.9909 10.3516
      vertex -16 24.9909 10.3516
    endloop
  endfacet
  facet normal -0 0.528048 0.849215
    outer loop
      vertex -16 15.0282 22.4913
      vertex 16 13.525 23.426
      vertex 16 15.0282 22.4913
    endloop
  endfacet
  facet normal 0 0.528048 0.849215
    outer loop
      vertex 16 13.525 23.426
      vertex -16 15.0282 22.4913
      vertex -16 13.525 23.426
    endloop
  endfacet
  facet normal 0 -0.729835 0.683623
    outer loop
      vertex -16 -20.3373 17.8353
      vertex 16 -19.1272 19.1272
      vertex -16 -19.1272 19.1272
    endloop
  endfacet
  facet normal 0 -0.729835 0.683623
    outer loop
      vertex 16 -19.1272 19.1272
      vertex -16 -20.3373 17.8353
      vertex 16 -20.3373 17.8353
    endloop
  endfacet
  facet normal 0 -0.973876 0.227079
    outer loop
      vertex -16 -26.1283 7.00105
      vertex -6 -26.4783 5.5
      vertex 16 -26.1283 7.00105
    endloop
  endfacet
  facet normal -4.46333e-06 -0.973883 0.227051
    outer loop
      vertex -16 -26.5302 5.27719
      vertex -6 -26.4783 5.5
      vertex -16 -26.1283 7.00105
    endloop
  endfacet
  facet normal 0 -0.973927 0.226861
    outer loop
      vertex -6 -26.4783 5.5
      vertex -16 -26.5302 5.27719
      vertex -6 -26.5302 5.27719
    endloop
  endfacet
  facet normal 0 -0.973876 0.227079
    outer loop
      vertex 6 -26.4783 5.5
      vertex 16 -26.1283 7.00105
      vertex -6 -26.4783 5.5
    endloop
  endfacet
  facet normal 0 -0.973927 0.226861
    outer loop
      vertex 16 -26.5302 5.27719
      vertex 6 -26.4783 5.5
      vertex 6 -26.5302 5.27719
    endloop
  endfacet
  facet normal 4.46333e-06 -0.973883 0.227051
    outer loop
      vertex 6 -26.4783 5.5
      vertex 16 -26.5302 5.27719
      vertex 16 -26.1283 7.00105
    endloop
  endfacet
  facet normal 0 -0.634382 0.77302
    outer loop
      vertex -16 -16.467 21.4602
      vertex 16 -17.8353 20.3373
      vertex 16 -16.467 21.4602
    endloop
  endfacet
  facet normal 0 -0.634382 0.77302
    outer loop
      vertex 16 -17.8353 20.3373
      vertex -16 -16.467 21.4602
      vertex -16 -17.8353 20.3373
    endloop
  endfacet
  facet normal 0 -0.471386 0.881927
    outer loop
      vertex -16 -11.9639 24.2604
      vertex 16 -13.525 23.426
      vertex 16 -11.9639 24.2604
    endloop
  endfacet
  facet normal 0 -0.471386 0.881927
    outer loop
      vertex 16 -13.525 23.426
      vertex -16 -11.9639 24.2604
      vertex -16 -13.525 23.426
    endloop
  endfacet
  facet normal -0 0.634382 0.77302
    outer loop
      vertex -16 17.8353 20.3373
      vertex 16 16.467 21.4602
      vertex 16 17.8353 20.3373
    endloop
  endfacet
  facet normal 0 0.634382 0.77302
    outer loop
      vertex 16 16.467 21.4602
      vertex -16 17.8353 20.3373
      vertex -16 16.467 21.4602
    endloop
  endfacet
  facet normal -0 0.412696 0.910869
    outer loop
      vertex -16 11.9639 24.2604
      vertex 16 10.3516 24.9909
      vertex 16 11.9639 24.2604
    endloop
  endfacet
  facet normal 0 0.412696 0.910869
    outer loop
      vertex 16 10.3516 24.9909
      vertex -16 11.9639 24.2604
      vertex -16 10.3516 24.9909
    endloop
  endfacet
  facet normal 0 -0.986638 0.162928
    outer loop
      vertex -16 -26.8186 3.53073
      vertex -6 -26.5302 5.27719
      vertex -16 -26.5302 5.27719
    endloop
  endfacet
  facet normal 0 -0.986638 0.162928
    outer loop
      vertex -6 -26.5302 5.27719
      vertex -16 -26.8186 3.53073
      vertex -6 -26.8186 3.53073
    endloop
  endfacet
  facet normal 0 -0.986638 0.162928
    outer loop
      vertex 6 -26.8186 3.53073
      vertex 16 -26.5302 5.27719
      vertex 6 -26.5302 5.27719
    endloop
  endfacet
  facet normal 0 -0.986638 0.162928
    outer loop
      vertex 16 -26.5302 5.27719
      vertex 6 -26.8186 3.53073
      vertex 16 -26.8186 3.53073
    endloop
  endfacet
  facet normal 0 -0.528048 0.849215
    outer loop
      vertex -16 -13.525 23.426
      vertex 16 -15.0282 22.4913
      vertex 16 -13.525 23.426
    endloop
  endfacet
  facet normal 0 -0.528048 0.849215
    outer loop
      vertex 16 -15.0282 22.4913
      vertex -16 -13.525 23.426
      vertex -16 -15.0282 22.4913
    endloop
  endfacet
  facet normal 0 0.812828 0.582504
    outer loop
      vertex 16 22.4913 15.0282
      vertex -16 21.4602 16.467
      vertex 16 21.4602 16.467
    endloop
  endfacet
  facet normal 0 0.812828 0.582504
    outer loop
      vertex -16 21.4602 16.467
      vertex 16 22.4913 15.0282
      vertex -16 22.4913 15.0282
    endloop
  endfacet
  facet normal -0 0.187112 0.982339
    outer loop
      vertex -16 7.00105 26.1283
      vertex 16 7 26.1285
      vertex 16 7.00105 26.1283
    endloop
  endfacet
  facet normal 0 0.187112 0.982339
    outer loop
      vertex 16 7 26.1285
      vertex -16 7.00105 26.1283
      vertex -16 7 26.1285
    endloop
  endfacet
  facet normal 0 0.77302 0.634382
    outer loop
      vertex 16 21.4602 16.467
      vertex -16 20.3373 17.8353
      vertex 16 20.3373 17.8353
    endloop
  endfacet
  facet normal 0 0.77302 0.634382
    outer loop
      vertex -16 20.3373 17.8353
      vertex 16 21.4602 16.467
      vertex -16 21.4602 16.467
    endloop
  endfacet
  facet normal 0 0.986638 0.162928
    outer loop
      vertex 16 26.8186 3.53073
      vertex 12 26.5302 5.27719
      vertex 16 26.5302 5.27719
    endloop
  endfacet
  facet normal 0 0.986638 0.162928
    outer loop
      vertex 12 26.5302 5.27719
      vertex 16 26.8186 3.53073
      vertex 12 26.8186 3.53073
    endloop
  endfacet
  facet normal 0 0.986638 0.162928
    outer loop
      vertex -12 26.8186 3.53073
      vertex -16 26.5302 5.27719
      vertex -12 26.5302 5.27719
    endloop
  endfacet
  facet normal 0 0.986638 0.162928
    outer loop
      vertex -16 26.5302 5.27719
      vertex -12 26.8186 3.53073
      vertex -16 26.8186 3.53073
    endloop
  endfacet
  facet normal -1 0 0
    outer loop
      vertex -16 -40.6082 27.2854
      vertex -16 -19.55 28.05
      vertex -16 -11.477 24.481
    endloop
  endfacet
  facet normal -1 0 0
    outer loop
      vertex -16 -40.6082 27.2854
      vertex -16 -57.55 28.05
      vertex -16 -19.55 28.05
    endloop
  endfacet
  facet normal -1 0 0
    outer loop
      vertex -16 -59.55 28.05
      vertex -16 -57.55 28.05
      vertex -16 -40.6082 27.2854
    endloop
  endfacet
  facet normal -1 0 0
    outer loop
      vertex -16 -59.55 28.05
      vertex -16 -57.55 33.05
      vertex -16 -57.55 28.05
    endloop
  endfacet
  facet normal -1 -0 0
    outer loop
      vertex -16 -57.55 33.05
      vertex -16 -59.55 28.05
      vertex -16 -59.55 33.05
    endloop
  endfacet
  facet normal -1 0 0
    outer loop
      vertex -16 21.0049 1.37674
      vertex -16 26.9921 1.76915
      vertex -16 27.0238 0.799999
    endloop
  endfacet
  facet normal -1 -0 0
    outer loop
      vertex -16 26.9921 1.76915
      vertex -16 21.0049 1.37674
      vertex -16 26.8186 3.53073
    endloop
  endfacet
  facet normal -1 -0 0
    outer loop
      vertex -16 26.8186 3.53073
      vertex -16 20.8699 2.74758
      vertex -16 26.5302 5.27719
    endloop
  endfacet
  facet normal -1 0 0
    outer loop
      vertex -16 20.6455 4.10665
      vertex -16 26.5302 5.27719
      vertex -16 20.8699 2.74758
    endloop
  endfacet
  facet normal -1 0 0
    outer loop
      vertex -16 20.3327 5.44814
      vertex -16 26.1283 7.00105
      vertex -16 20.6455 4.10665
    endloop
  endfacet
  facet normal -1 -0 0
    outer loop
      vertex -16 26.1283 7.00105
      vertex -16 20.3327 5.44814
      vertex -16 25.6145 8.69494
    endloop
  endfacet
  facet normal -1 -0 0
    outer loop
      vertex -16 25.6145 8.69494
      vertex -16 19.9329 6.7663
      vertex -16 24.9909 10.3516
    endloop
  endfacet
  facet normal -1 0 0
    outer loop
      vertex -16 19.4477 8.05549
      vertex -16 24.9909 10.3516
      vertex -16 19.9329 6.7663
    endloop
  endfacet
  facet normal -1 0 0
    outer loop
      vertex -16 18.8792 9.31018
      vertex -16 24.2604 11.9639
      vertex -16 19.4477 8.05549
    endloop
  endfacet
  facet normal -1 0 0
    outer loop
      vertex -16 21.0049 1.37674
      vertex -16 27.0238 0.799999
      vertex -16 21.0238 0.799999
    endloop
  endfacet
  facet normal -1 0 0
    outer loop
      vertex -16 26.8186 3.53073
      vertex -16 21.0049 1.37674
      vertex -16 20.8699 2.74758
    endloop
  endfacet
  facet normal -1 -0 0
    outer loop
      vertex -16 26.5302 5.27719
      vertex -16 20.6455 4.10665
      vertex -16 26.1283 7.00105
    endloop
  endfacet
  facet normal -1 0 0
    outer loop
      vertex -16 19.9329 6.7663
      vertex -16 25.6145 8.69494
      vertex -16 20.3327 5.44814
    endloop
  endfacet
  facet normal -1 -0 0
    outer loop
      vertex -16 24.9909 10.3516
      vertex -16 19.4477 8.05549
      vertex -16 24.2604 11.9639
    endloop
  endfacet
  facet normal -1 -0 0
    outer loop
      vertex -16 24.2604 11.9639
      vertex -16 18.8792 9.31018
      vertex -16 23.426 13.525
    endloop
  endfacet
  facet normal -1 0 0
    outer loop
      vertex -16 18.2298 10.525
      vertex -16 23.426 13.525
      vertex -16 18.8792 9.31018
    endloop
  endfacet
  facet normal -1 -0 0
    outer loop
      vertex -16 23.426 13.525
      vertex -16 18.2298 10.525
      vertex -16 22.4913 15.0282
    endloop
  endfacet
  facet normal -1 0 0
    outer loop
      vertex -16 17.5024 11.6948
      vertex -16 22.4913 15.0282
      vertex -16 18.2298 10.525
    endloop
  endfacet
  facet normal -1 -0 0
    outer loop
      vertex -16 22.4913 15.0282
      vertex -16 17.5024 11.6948
      vertex -16 21.4602 16.467
    endloop
  endfacet
  facet normal -1 0 0
    outer loop
      vertex -16 16.7001 12.8144
      vertex -16 21.4602 16.467
      vertex -16 17.5024 11.6948
    endloop
  endfacet
  facet normal -1 -0 0
    outer loop
      vertex -16 21.4602 16.467
      vertex -16 16.7001 12.8144
      vertex -16 20.3373 17.8353
    endloop
  endfacet
  facet normal -1 0 0
    outer loop
      vertex -16 15.8262 13.8792
      vertex -16 20.3373 17.8353
      vertex -16 16.7001 12.8144
    endloop
  endfacet
  facet normal -1 -0 0
    outer loop
      vertex -16 20.3373 17.8353
      vertex -16 15.8262 13.8792
      vertex -16 19.1272 19.1272
    endloop
  endfacet
  facet normal -1 0 0
    outer loop
      vertex -16 14.8846 14.8846
      vertex -16 19.1272 19.1272
      vertex -16 15.8262 13.8792
    endloop
  endfacet
  facet normal -1 -0 0
    outer loop
      vertex -16 19.1272 19.1272
      vertex -16 14.8846 14.8846
      vertex -16 17.8353 20.3373
    endloop
  endfacet
  facet normal -1 0 0
    outer loop
      vertex -16 13.8792 15.8262
      vertex -16 17.8353 20.3373
      vertex -16 14.8846 14.8846
    endloop
  endfacet
  facet normal -1 -0 0
    outer loop
      vertex -16 17.8353 20.3373
      vertex -16 13.8792 15.8262
      vertex -16 16.467 21.4602
    endloop
  endfacet
  facet normal -1 0 0
    outer loop
      vertex -16 12.8144 16.7001
      vertex -16 16.467 21.4602
      vertex -16 13.8792 15.8262
    endloop
  endfacet
  facet normal -1 -0 0
    outer loop
      vertex -16 16.467 21.4602
      vertex -16 12.8144 16.7001
      vertex -16 15.0282 22.4913
    endloop
  endfacet
  facet normal -1 0 0
    outer loop
      vertex -16 11.6948 17.5024
      vertex -16 15.0282 22.4913
      vertex -16 12.8144 16.7001
    endloop
  endfacet
  facet normal -1 -0 0
    outer loop
      vertex -16 15.0282 22.4913
      vertex -16 11.6948 17.5024
      vertex -16 13.525 23.426
    endloop
  endfacet
  facet normal -1 0 0
    outer loop
      vertex -16 10.525 18.2298
      vertex -16 13.525 23.426
      vertex -16 11.6948 17.5024
    endloop
  endfacet
  facet normal -1 -0 0
    outer loop
      vertex -16 13.525 23.426
      vertex -16 10.525 18.2298
      vertex -16 11.9639 24.2604
    endloop
  endfacet
  facet normal -1 0 0
    outer loop
      vertex -16 9.31018 18.8792
      vertex -16 11.9639 24.2604
      vertex -16 10.525 18.2298
    endloop
  endfacet
  facet normal -1 -0 0
    outer loop
      vertex -16 11.9639 24.2604
      vertex -16 9.31018 18.8792
      vertex -16 10.3516 24.9909
    endloop
  endfacet
  facet normal -1 0 0
    outer loop
      vertex -16 8.05549 19.4477
      vertex -16 10.3516 24.9909
      vertex -16 9.31018 18.8792
    endloop
  endfacet
  facet normal -1 -0 0
    outer loop
      vertex -16 10.3516 24.9909
      vertex -16 8.05549 19.4477
      vertex -16 8.69494 25.6145
    endloop
  endfacet
  facet normal -1 0 0
    outer loop
      vertex -16 6.7663 19.9329
      vertex -16 8.69494 25.6145
      vertex -16 8.05549 19.4477
    endloop
  endfacet
  facet normal -1 -0 0
    outer loop
      vertex -16 8.69494 25.6145
      vertex -16 6.7663 19.9329
      vertex -16 7.00105 26.1283
    endloop
  endfacet
  facet normal -1 0 0
    outer loop
      vertex -16 5.44814 20.3327
      vertex -16 7.00105 26.1283
      vertex -16 6.7663 19.9329
    endloop
  endfacet
  facet normal -1 -0 0
    outer loop
      vertex -16 7.00105 26.1283
      vertex -16 5.44814 20.3327
      vertex -16 7 26.1285
    endloop
  endfacet
  facet normal -1 0 0
    outer loop
      vertex -16 4.10665 20.6455
      vertex -16 7 26.1285
      vertex -16 5.44814 20.3327
    endloop
  endfacet
  facet normal -1 0 0
    outer loop
      vertex -16 2.74758 20.8699
      vertex -16 7 26.1285
      vertex -16 4.10665 20.6455
    endloop
  endfacet
  facet normal -1 0 0
    outer loop
      vertex -16 1.37674 21.0049
      vertex -16 7 26.1285
      vertex -16 2.74758 20.8699
    endloop
  endfacet
  facet normal -1 0 0
    outer loop
      vertex -16 -4 29.5147
      vertex -16 7 26.1285
      vertex -16 1.37674 21.0049
    endloop
  endfacet
  facet normal -1 0 0
    outer loop
      vertex -16 -4 29.5147
      vertex -16 1.37674 21.0049
      vertex -16 0 21.05
    endloop
  endfacet
  facet normal -1 0 0
    outer loop
      vertex -16 -4 29.5147
      vertex -16 0 21.05
      vertex -16 -1.37674 21.0049
    endloop
  endfacet
  facet normal -1 0 0
    outer loop
      vertex -16 -4 29.5147
      vertex -16 -1.37674 21.0049
      vertex -16 -2.74758 20.8699
    endloop
  endfacet
  facet normal -1 0 0
    outer loop
      vertex -16 7 26.1285
      vertex -16 -4 29.5147
      vertex -16 7 28.05
    endloop
  endfacet
  facet normal -1 0 0
    outer loop
      vertex -16 -4.10665 20.6455
      vertex -16 -4 29.5147
      vertex -16 -2.74758 20.8699
    endloop
  endfacet
  facet normal -1 0 0
    outer loop
      vertex -16 -5.44814 20.3327
      vertex -16 -4 29.5147
      vertex -16 -4.10665 20.6455
    endloop
  endfacet
  facet normal -1 0 0
    outer loop
      vertex -16 -11.477 24.481
      vertex -16 -4 29.5147
      vertex -16 -5.44814 20.3327
    endloop
  endfacet
  facet normal -1 0 0
    outer loop
      vertex -16 -11.477 24.481
      vertex -16 -5.44814 20.3327
      vertex -16 -6.7663 19.9329
    endloop
  endfacet
  facet normal -1 0 0
    outer loop
      vertex -16 -11.477 24.481
      vertex -16 -6.7663 19.9329
      vertex -16 -8.05549 19.4477
    endloop
  endfacet
  facet normal -1 0 0
    outer loop
      vertex -16 -11.477 24.481
      vertex -16 -8.05549 19.4477
      vertex -16 -9.31018 18.8792
    endloop
  endfacet
  facet normal -1 0 0
    outer loop
      vertex -16 -11.9639 24.2604
      vertex -16 -9.31018 18.8792
      vertex -16 -10.525 18.2298
    endloop
  endfacet
  facet normal -1 0 -0
    outer loop
      vertex -16 -11.372 30.4963
      vertex -16 -4 29.5147
      vertex -16 -11.477 24.481
    endloop
  endfacet
  facet normal -1 0 0
    outer loop
      vertex -16 -4 29.5147
      vertex -16 -11.372 30.4963
      vertex -16 -4 30.05
    endloop
  endfacet
  facet normal -1 0 0
    outer loop
      vertex -16 -13.525 23.426
      vertex -16 -10.525 18.2298
      vertex -16 -11.6948 17.5024
    endloop
  endfacet
  facet normal -1 0 0
    outer loop
      vertex -16 -9.31018 18.8792
      vertex -16 -11.9639 24.2604
      vertex -16 -11.477 24.481
    endloop
  endfacet
  facet normal -1 0 0
    outer loop
      vertex -16 -15.0282 22.4913
      vertex -16 -11.6948 17.5024
      vertex -16 -12.8144 16.7001
    endloop
  endfacet
  facet normal -1 0 0
    outer loop
      vertex -16 -10.525 18.2298
      vertex -16 -13.525 23.426
      vertex -16 -11.9639 24.2604
    endloop
  endfacet
  facet normal -1 0 0
    outer loop
      vertex -16 -16.467 21.4602
      vertex -16 -12.8144 16.7001
      vertex -16 -13.8792 15.8262
    endloop
  endfacet
  facet normal -1 0 0
    outer loop
      vertex -16 -17.8353 20.3373
      vertex -16 -13.8792 15.8262
      vertex -16 -14.8846 14.8846
    endloop
  endfacet
  facet normal -1 0 0
    outer loop
      vertex -16 -11.6948 17.5024
      vertex -16 -15.0282 22.4913
      vertex -16 -13.525 23.426
    endloop
  endfacet
  facet normal -1 0 0
    outer loop
      vertex -16 -19.1272 19.1272
      vertex -16 -14.8846 14.8846
      vertex -16 -15.8262 13.8792
    endloop
  endfacet
  facet normal -1 0 0
    outer loop
      vertex -16 -12.8144 16.7001
      vertex -16 -16.467 21.4602
      vertex -16 -15.0282 22.4913
    endloop
  endfacet
  facet normal -1 0 0
    outer loop
      vertex -16 -20.3373 17.8353
      vertex -16 -15.8262 13.8792
      vertex -16 -16.7001 12.8144
    endloop
  endfacet
  facet normal -1 0 0
    outer loop
      vertex -16 -21.4602 16.467
      vertex -16 -16.7001 12.8144
      vertex -16 -17.5024 11.6948
    endloop
  endfacet
  facet normal -1 0 0
    outer loop
      vertex -16 -13.8792 15.8262
      vertex -16 -17.8353 20.3373
      vertex -16 -16.467 21.4602
    endloop
  endfacet
  facet normal -1 0 0
    outer loop
      vertex -16 -22.4913 15.0282
      vertex -16 -17.5024 11.6948
      vertex -16 -18.2298 10.525
    endloop
  endfacet
  facet normal -1 0 0
    outer loop
      vertex -16 -23.426 13.525
      vertex -16 -18.2298 10.525
      vertex -16 -18.8792 9.31018
    endloop
  endfacet
  facet normal -1 0 0
    outer loop
      vertex -16 -14.8846 14.8846
      vertex -16 -19.1272 19.1272
      vertex -16 -17.8353 20.3373
    endloop
  endfacet
  facet normal -1 0 0
    outer loop
      vertex -16 -24.2604 11.9639
      vertex -16 -18.8792 9.31018
      vertex -16 -19.4477 8.05549
    endloop
  endfacet
  facet normal -1 0 0
    outer loop
      vertex -16 -24.9909 10.3516
      vertex -16 -19.4477 8.05549
      vertex -16 -19.9329 6.7663
    endloop
  endfacet
  facet normal -1 0 0
    outer loop
      vertex -16 -25.6145 8.69494
      vertex -16 -19.9329 6.7663
      vertex -16 -20.3327 5.44814
    endloop
  endfacet
  facet normal -1 0 0
    outer loop
      vertex -16 -15.8262 13.8792
      vertex -16 -20.3373 17.8353
      vertex -16 -19.1272 19.1272
    endloop
  endfacet
  facet normal -1 0 0
    outer loop
      vertex -16 -26.1283 7.00105
      vertex -16 -20.3327 5.44814
      vertex -16 -20.6455 4.10665
    endloop
  endfacet
  facet normal -1 0 0
    outer loop
      vertex -16 -26.5302 5.27719
      vertex -16 -20.6455 4.10665
      vertex -16 -20.8699 2.74758
    endloop
  endfacet
  facet normal -1 0 0
    outer loop
      vertex -16 -26.8186 3.53073
      vertex -16 -20.8699 2.74758
      vertex -16 -21.0049 1.37674
    endloop
  endfacet
  facet normal -1 0 0
    outer loop
      vertex -16 -16.7001 12.8144
      vertex -16 -21.4602 16.467
      vertex -16 -20.3373 17.8353
    endloop
  endfacet
  facet normal -1 0 0
    outer loop
      vertex -16 -26.9921 1.76915
      vertex -16 -21.0049 1.37674
      vertex -16 -21.0238 0.799999
    endloop
  endfacet
  facet normal -1 0 0
    outer loop
      vertex -16 -17.5024 11.6948
      vertex -16 -22.4913 15.0282
      vertex -16 -21.4602 16.467
    endloop
  endfacet
  facet normal -1 0 0
    outer loop
      vertex -16 -18.2298 10.525
      vertex -16 -23.426 13.525
      vertex -16 -22.4913 15.0282
    endloop
  endfacet
  facet normal -1 0 0
    outer loop
      vertex -16 -18.8792 9.31018
      vertex -16 -24.2604 11.9639
      vertex -16 -23.426 13.525
    endloop
  endfacet
  facet normal -1 0 0
    outer loop
      vertex -16 -19.4477 8.05549
      vertex -16 -24.9909 10.3516
      vertex -16 -24.2604 11.9639
    endloop
  endfacet
  facet normal -1 0 0
    outer loop
      vertex -16 -19.9329 6.7663
      vertex -16 -25.6145 8.69494
      vertex -16 -24.9909 10.3516
    endloop
  endfacet
  facet normal -1 0 0
    outer loop
      vertex -16 -20.3327 5.44814
      vertex -16 -26.1283 7.00105
      vertex -16 -25.6145 8.69494
    endloop
  endfacet
  facet normal -1 0 0
    outer loop
      vertex -16 -20.6455 4.10665
      vertex -16 -26.5302 5.27719
      vertex -16 -26.1283 7.00105
    endloop
  endfacet
  facet normal -1 0 0
    outer loop
      vertex -16 -20.8699 2.74758
      vertex -16 -26.8186 3.53073
      vertex -16 -26.5302 5.27719
    endloop
  endfacet
  facet normal -1 0 0
    outer loop
      vertex -16 -21.0049 1.37674
      vertex -16 -26.9921 1.76915
      vertex -16 -26.8186 3.53073
    endloop
  endfacet
  facet normal -1 0 -0
    outer loop
      vertex -16 -26.9921 1.76915
      vertex -16 -21.0238 0.799999
      vertex -16 -27.0238 0.799999
    endloop
  endfacet
  facet normal -1 0 0
    outer loop
      vertex -16 -19.55 28.05
      vertex -16 -11.372 30.4963
      vertex -16 -11.477 24.481
    endloop
  endfacet
  facet normal -1 -0 0
    outer loop
      vertex -16 -11.372 30.4963
      vertex -16 -19.55 28.05
      vertex -16 -19.55 31.5853
    endloop
  endfacet
  facet normal 0 -0.77302 0.634382
    outer loop
      vertex -16 -21.4602 16.467
      vertex 16 -20.3373 17.8353
      vertex -16 -20.3373 17.8353
    endloop
  endfacet
  facet normal 0 -0.77302 0.634382
    outer loop
      vertex 16 -20.3373 17.8353
      vertex -16 -21.4602 16.467
      vertex 16 -21.4602 16.467
    endloop
  endfacet
  facet normal 0 0.849215 0.528048
    outer loop
      vertex 16 23.426 13.525
      vertex -16 22.4913 15.0282
      vertex 16 22.4913 15.0282
    endloop
  endfacet
  facet normal 0 0.849215 0.528048
    outer loop
      vertex -16 22.4913 15.0282
      vertex 16 23.426 13.525
      vertex -16 23.426 13.525
    endloop
  endfacet
  facet normal 1 0 0
    outer loop
      vertex 16 -57.55 33.05
      vertex 16 -59.55 33.05
      vertex 16 -57.55 28.05
    endloop
  endfacet
  facet normal 1 0 0
    outer loop
      vertex 16 -19.55 28.05
      vertex 16 -11.372 30.4963
      vertex 16 -19.55 31.5853
    endloop
  endfacet
  facet normal 1 0 0
    outer loop
      vertex 16 -11.372 30.4963
      vertex 16 -19.55 28.05
      vertex 16 -11.477 24.481
    endloop
  endfacet
  facet normal 1 0 0
    outer loop
      vertex 16 -19.55 28.05
      vertex 16 -40.6082 27.2854
      vertex 16 -11.477 24.481
    endloop
  endfacet
  facet normal 1 -0 0
    outer loop
      vertex 16 -57.55 28.05
      vertex 16 -40.6082 27.2854
      vertex 16 -19.55 28.05
    endloop
  endfacet
  facet normal 1 0 0
    outer loop
      vertex 16 -57.55 28.05
      vertex 16 -59.55 28.05
      vertex 16 -40.6082 27.2854
    endloop
  endfacet
  facet normal 1 0 0
    outer loop
      vertex 16 -59.55 28.05
      vertex 16 -57.55 28.05
      vertex 16 -59.55 33.05
    endloop
  endfacet
  facet normal 1 0 0
    outer loop
      vertex 16 -11.372 30.4963
      vertex 16 -4 29.5147
      vertex 16 -4 30.05
    endloop
  endfacet
  facet normal 1 0 0
    outer loop
      vertex 16 -4 29.5147
      vertex 16 -5.44814 20.3327
      vertex 16 -4.10665 20.6455
    endloop
  endfacet
  facet normal 1 0 0
    outer loop
      vertex 16 -4 29.5147
      vertex 16 -11.477 24.481
      vertex 16 -5.44814 20.3327
    endloop
  endfacet
  facet normal 1 0 0
    outer loop
      vertex 16 -5.44814 20.3327
      vertex 16 -11.477 24.481
      vertex 16 -6.7663 19.9329
    endloop
  endfacet
  facet normal 1 0 0
    outer loop
      vertex 16 -6.7663 19.9329
      vertex 16 -11.477 24.481
      vertex 16 -8.05549 19.4477
    endloop
  endfacet
  facet normal 1 0 0
    outer loop
      vertex 16 -8.05549 19.4477
      vertex 16 -11.477 24.481
      vertex 16 -9.31018 18.8792
    endloop
  endfacet
  facet normal 1 0 0
    outer loop
      vertex 16 -4 29.5147
      vertex 16 -11.372 30.4963
      vertex 16 -11.477 24.481
    endloop
  endfacet
  facet normal 1 -0 0
    outer loop
      vertex 16 -11.9639 24.2604
      vertex 16 -9.31018 18.8792
      vertex 16 -11.477 24.481
    endloop
  endfacet
  facet normal 1 0 0
    outer loop
      vertex 16 -9.31018 18.8792
      vertex 16 -11.9639 24.2604
      vertex 16 -10.525 18.2298
    endloop
  endfacet
  facet normal 1 -0 0
    outer loop
      vertex 16 -13.525 23.426
      vertex 16 -10.525 18.2298
      vertex 16 -11.9639 24.2604
    endloop
  endfacet
  facet normal 1 0 0
    outer loop
      vertex 16 -10.525 18.2298
      vertex 16 -13.525 23.426
      vertex 16 -11.6948 17.5024
    endloop
  endfacet
  facet normal 1 -0 0
    outer loop
      vertex 16 -15.0282 22.4913
      vertex 16 -11.6948 17.5024
      vertex 16 -13.525 23.426
    endloop
  endfacet
  facet normal 1 0 0
    outer loop
      vertex 16 -11.6948 17.5024
      vertex 16 -15.0282 22.4913
      vertex 16 -12.8144 16.7001
    endloop
  endfacet
  facet normal 1 -0 0
    outer loop
      vertex 16 -16.467 21.4602
      vertex 16 -12.8144 16.7001
      vertex 16 -15.0282 22.4913
    endloop
  endfacet
  facet normal 1 0 0
    outer loop
      vertex 16 -12.8144 16.7001
      vertex 16 -16.467 21.4602
      vertex 16 -13.8792 15.8262
    endloop
  endfacet
  facet normal 1 -0 0
    outer loop
      vertex 16 -17.8353 20.3373
      vertex 16 -13.8792 15.8262
      vertex 16 -16.467 21.4602
    endloop
  endfacet
  facet normal 1 0 0
    outer loop
      vertex 16 -13.8792 15.8262
      vertex 16 -17.8353 20.3373
      vertex 16 -14.8846 14.8846
    endloop
  endfacet
  facet normal 1 -0 0
    outer loop
      vertex 16 -19.1272 19.1272
      vertex 16 -14.8846 14.8846
      vertex 16 -17.8353 20.3373
    endloop
  endfacet
  facet normal 1 0 0
    outer loop
      vertex 16 -14.8846 14.8846
      vertex 16 -19.1272 19.1272
      vertex 16 -15.8262 13.8792
    endloop
  endfacet
  facet normal 1 -0 0
    outer loop
      vertex 16 -20.3373 17.8353
      vertex 16 -15.8262 13.8792
      vertex 16 -19.1272 19.1272
    endloop
  endfacet
  facet normal 1 0 0
    outer loop
      vertex 16 -15.8262 13.8792
      vertex 16 -20.3373 17.8353
      vertex 16 -16.7001 12.8144
    endloop
  endfacet
  facet normal 1 -0 0
    outer loop
      vertex 16 -21.4602 16.467
      vertex 16 -16.7001 12.8144
      vertex 16 -20.3373 17.8353
    endloop
  endfacet
  facet normal 1 0 0
    outer loop
      vertex 16 -16.7001 12.8144
      vertex 16 -21.4602 16.467
      vertex 16 -17.5024 11.6948
    endloop
  endfacet
  facet normal 1 -0 0
    outer loop
      vertex 16 -22.4913 15.0282
      vertex 16 -17.5024 11.6948
      vertex 16 -21.4602 16.467
    endloop
  endfacet
  facet normal 1 0 0
    outer loop
      vertex 16 -17.5024 11.6948
      vertex 16 -22.4913 15.0282
      vertex 16 -18.2298 10.525
    endloop
  endfacet
  facet normal 1 -0 0
    outer loop
      vertex 16 -23.426 13.525
      vertex 16 -18.2298 10.525
      vertex 16 -22.4913 15.0282
    endloop
  endfacet
  facet normal 1 0 0
    outer loop
      vertex 16 -18.2298 10.525
      vertex 16 -23.426 13.525
      vertex 16 -18.8792 9.31018
    endloop
  endfacet
  facet normal 1 -0 0
    outer loop
      vertex 16 -24.2604 11.9639
      vertex 16 -18.8792 9.31018
      vertex 16 -23.426 13.525
    endloop
  endfacet
  facet normal 1 0 0
    outer loop
      vertex 16 -18.8792 9.31018
      vertex 16 -24.2604 11.9639
      vertex 16 -19.4477 8.05549
    endloop
  endfacet
  facet normal 1 -0 0
    outer loop
      vertex 16 -24.9909 10.3516
      vertex 16 -19.4477 8.05549
      vertex 16 -24.2604 11.9639
    endloop
  endfacet
  facet normal 1 0 0
    outer loop
      vertex 16 -19.4477 8.05549
      vertex 16 -24.9909 10.3516
      vertex 16 -19.9329 6.7663
    endloop
  endfacet
  facet normal 1 -0 0
    outer loop
      vertex 16 -25.6145 8.69494
      vertex 16 -19.9329 6.7663
      vertex 16 -24.9909 10.3516
    endloop
  endfacet
  facet normal 1 0 0
    outer loop
      vertex 16 -19.9329 6.7663
      vertex 16 -25.6145 8.69494
      vertex 16 -20.3327 5.44814
    endloop
  endfacet
  facet normal 1 -0 0
    outer loop
      vertex 16 -26.1283 7.00105
      vertex 16 -20.3327 5.44814
      vertex 16 -25.6145 8.69494
    endloop
  endfacet
  facet normal 1 0 0
    outer loop
      vertex 16 -20.3327 5.44814
      vertex 16 -26.1283 7.00105
      vertex 16 -20.6455 4.10665
    endloop
  endfacet
  facet normal 1 -0 0
    outer loop
      vertex 16 -26.5302 5.27719
      vertex 16 -20.6455 4.10665
      vertex 16 -26.1283 7.00105
    endloop
  endfacet
  facet normal 1 0 0
    outer loop
      vertex 16 -20.6455 4.10665
      vertex 16 -26.5302 5.27719
      vertex 16 -20.8699 2.74758
    endloop
  endfacet
  facet normal 1 -0 0
    outer loop
      vertex 16 -26.8186 3.53073
      vertex 16 -20.8699 2.74758
      vertex 16 -26.5302 5.27719
    endloop
  endfacet
  facet normal 1 0 0
    outer loop
      vertex 16 -20.8699 2.74758
      vertex 16 -26.8186 3.53073
      vertex 16 -21.0049 1.37674
    endloop
  endfacet
  facet normal 1 -0 0
    outer loop
      vertex 16 -26.9921 1.76915
      vertex 16 -21.0049 1.37674
      vertex 16 -26.8186 3.53073
    endloop
  endfacet
  facet normal 1 0 0
    outer loop
      vertex 16 -21.0049 1.37674
      vertex 16 -26.9921 1.76915
      vertex 16 -21.0238 0.799999
    endloop
  endfacet
  facet normal 1 0 0
    outer loop
      vertex 16 -21.0238 0.799999
      vertex 16 -26.9921 1.76915
      vertex 16 -27.0238 0.799999
    endloop
  endfacet
  facet normal 1 0 0
    outer loop
      vertex 16 -4 29.5147
      vertex 16 7 26.1285
      vertex 16 7 28.05
    endloop
  endfacet
  facet normal 1 0 0
    outer loop
      vertex 16 7 26.1285
      vertex 16 5.44814 20.3327
      vertex 16 6.7663 19.9329
    endloop
  endfacet
  facet normal 1 0 0
    outer loop
      vertex 16 7 26.1285
      vertex 16 4.10665 20.6455
      vertex 16 5.44814 20.3327
    endloop
  endfacet
  facet normal 1 0 0
    outer loop
      vertex 16 7 26.1285
      vertex 16 2.74758 20.8699
      vertex 16 4.10665 20.6455
    endloop
  endfacet
  facet normal 1 0 0
    outer loop
      vertex 16 7 26.1285
      vertex 16 1.37674 21.0049
      vertex 16 2.74758 20.8699
    endloop
  endfacet
  facet normal 1 0 0
    outer loop
      vertex 16 7 26.1285
      vertex 16 -4 29.5147
      vertex 16 1.37674 21.0049
    endloop
  endfacet
  facet normal 1 0 0
    outer loop
      vertex 16 1.37674 21.0049
      vertex 16 -4 29.5147
      vertex 16 0 21.05
    endloop
  endfacet
  facet normal 1 0 0
    outer loop
      vertex 16 0 21.05
      vertex 16 -4 29.5147
      vertex 16 -1.37674 21.0049
    endloop
  endfacet
  facet normal 1 0 0
    outer loop
      vertex 16 -1.37674 21.0049
      vertex 16 -4 29.5147
      vertex 16 -2.74758 20.8699
    endloop
  endfacet
  facet normal 1 0 0
    outer loop
      vertex 16 -2.74758 20.8699
      vertex 16 -4 29.5147
      vertex 16 -4.10665 20.6455
    endloop
  endfacet
  facet normal 1 0 0
    outer loop
      vertex 16 21.0049 1.37674
      vertex 16 26.9921 1.76915
      vertex 16 26.8186 3.53073
    endloop
  endfacet
  facet normal 1 0 0
    outer loop
      vertex 16 20.8699 2.74758
      vertex 16 26.8186 3.53073
      vertex 16 26.5302 5.27719
    endloop
  endfacet
  facet normal 1 0 0
    outer loop
      vertex 16 20.6455 4.10665
      vertex 16 26.5302 5.27719
      vertex 16 26.1283 7.00105
    endloop
  endfacet
  facet normal 1 0 0
    outer loop
      vertex 16 20.3327 5.44814
      vertex 16 26.1283 7.00105
      vertex 16 25.6145 8.69494
    endloop
  endfacet
  facet normal 1 0 0
    outer loop
      vertex 16 19.9329 6.7663
      vertex 16 25.6145 8.69494
      vertex 16 24.9909 10.3516
    endloop
  endfacet
  facet normal 1 0 0
    outer loop
      vertex 16 19.4477 8.05549
      vertex 16 24.9909 10.3516
      vertex 16 24.2604 11.9639
    endloop
  endfacet
  facet normal 1 0 0
    outer loop
      vertex 16 18.8792 9.31018
      vertex 16 24.2604 11.9639
      vertex 16 23.426 13.525
    endloop
  endfacet
  facet normal 1 0 0
    outer loop
      vertex 16 18.2298 10.525
      vertex 16 23.426 13.525
      vertex 16 22.4913 15.0282
    endloop
  endfacet
  facet normal 1 0 0
    outer loop
      vertex 16 17.5024 11.6948
      vertex 16 22.4913 15.0282
      vertex 16 21.4602 16.467
    endloop
  endfacet
  facet normal 1 0 0
    outer loop
      vertex 16 25.6145 8.69494
      vertex 16 19.9329 6.7663
      vertex 16 20.3327 5.44814
    endloop
  endfacet
  facet normal 1 0 0
    outer loop
      vertex 16 27.0238 0.799999
      vertex 16 21.0049 1.37674
      vertex 16 21.0238 0.799999
    endloop
  endfacet
  facet normal 1 0 0
    outer loop
      vertex 16 26.9921 1.76915
      vertex 16 21.0049 1.37674
      vertex 16 27.0238 0.799999
    endloop
  endfacet
  facet normal 1 0 -0
    outer loop
      vertex 16 21.0049 1.37674
      vertex 16 26.8186 3.53073
      vertex 16 20.8699 2.74758
    endloop
  endfacet
  facet normal 1 0 0
    outer loop
      vertex 16 16.7001 12.8144
      vertex 16 21.4602 16.467
      vertex 16 20.3373 17.8353
    endloop
  endfacet
  facet normal 1 0 0
    outer loop
      vertex 16 26.5302 5.27719
      vertex 16 20.6455 4.10665
      vertex 16 20.8699 2.74758
    endloop
  endfacet
  facet normal 1 0 0
    outer loop
      vertex 16 26.1283 7.00105
      vertex 16 20.3327 5.44814
      vertex 16 20.6455 4.10665
    endloop
  endfacet
  facet normal 1 0 0
    outer loop
      vertex 16 24.9909 10.3516
      vertex 16 19.4477 8.05549
      vertex 16 19.9329 6.7663
    endloop
  endfacet
  facet normal 1 0 0
    outer loop
      vertex 16 15.8262 13.8792
      vertex 16 20.3373 17.8353
      vertex 16 19.1272 19.1272
    endloop
  endfacet
  facet normal 1 0 0
    outer loop
      vertex 16 24.2604 11.9639
      vertex 16 18.8792 9.31018
      vertex 16 19.4477 8.05549
    endloop
  endfacet
  facet normal 1 0 0
    outer loop
      vertex 16 23.426 13.525
      vertex 16 18.2298 10.525
      vertex 16 18.8792 9.31018
    endloop
  endfacet
  facet normal 1 0 0
    outer loop
      vertex 16 14.8846 14.8846
      vertex 16 19.1272 19.1272
      vertex 16 17.8353 20.3373
    endloop
  endfacet
  facet normal 1 0 0
    outer loop
      vertex 16 22.4913 15.0282
      vertex 16 17.5024 11.6948
      vertex 16 18.2298 10.525
    endloop
  endfacet
  facet normal 1 0 0
    outer loop
      vertex 16 21.4602 16.467
      vertex 16 16.7001 12.8144
      vertex 16 17.5024 11.6948
    endloop
  endfacet
  facet normal 1 0 0
    outer loop
      vertex 16 13.8792 15.8262
      vertex 16 17.8353 20.3373
      vertex 16 16.467 21.4602
    endloop
  endfacet
  facet normal 1 0 0
    outer loop
      vertex 16 20.3373 17.8353
      vertex 16 15.8262 13.8792
      vertex 16 16.7001 12.8144
    endloop
  endfacet
  facet normal 1 0 0
    outer loop
      vertex 16 12.8144 16.7001
      vertex 16 16.467 21.4602
      vertex 16 15.0282 22.4913
    endloop
  endfacet
  facet normal 1 0 0
    outer loop
      vertex 16 19.1272 19.1272
      vertex 16 14.8846 14.8846
      vertex 16 15.8262 13.8792
    endloop
  endfacet
  facet normal 1 0 0
    outer loop
      vertex 16 17.8353 20.3373
      vertex 16 13.8792 15.8262
      vertex 16 14.8846 14.8846
    endloop
  endfacet
  facet normal 1 0 0
    outer loop
      vertex 16 11.6948 17.5024
      vertex 16 15.0282 22.4913
      vertex 16 13.525 23.426
    endloop
  endfacet
  facet normal 1 0 0
    outer loop
      vertex 16 16.467 21.4602
      vertex 16 12.8144 16.7001
      vertex 16 13.8792 15.8262
    endloop
  endfacet
  facet normal 1 0 0
    outer loop
      vertex 16 10.525 18.2298
      vertex 16 13.525 23.426
      vertex 16 11.9639 24.2604
    endloop
  endfacet
  facet normal 1 0 0
    outer loop
      vertex 16 15.0282 22.4913
      vertex 16 11.6948 17.5024
      vertex 16 12.8144 16.7001
    endloop
  endfacet
  facet normal 1 0 0
    outer loop
      vertex 16 13.525 23.426
      vertex 16 10.525 18.2298
      vertex 16 11.6948 17.5024
    endloop
  endfacet
  facet normal 1 0 0
    outer loop
      vertex 16 9.31018 18.8792
      vertex 16 11.9639 24.2604
      vertex 16 10.3516 24.9909
    endloop
  endfacet
  facet normal 1 0 0
    outer loop
      vertex 16 11.9639 24.2604
      vertex 16 9.31018 18.8792
      vertex 16 10.525 18.2298
    endloop
  endfacet
  facet normal 1 0 0
    outer loop
      vertex 16 8.05549 19.4477
      vertex 16 10.3516 24.9909
      vertex 16 8.69494 25.6145
    endloop
  endfacet
  facet normal 1 0 0
    outer loop
      vertex 16 10.3516 24.9909
      vertex 16 8.05549 19.4477
      vertex 16 9.31018 18.8792
    endloop
  endfacet
  facet normal 1 0 0
    outer loop
      vertex 16 6.7663 19.9329
      vertex 16 8.69494 25.6145
      vertex 16 7.00105 26.1283
    endloop
  endfacet
  facet normal 1 0 0
    outer loop
      vertex 16 6.7663 19.9329
      vertex 16 7.00105 26.1283
      vertex 16 7 26.1285
    endloop
  endfacet
  facet normal 1 0 0
    outer loop
      vertex 16 8.69494 25.6145
      vertex 16 6.7663 19.9329
      vertex 16 8.05549 19.4477
    endloop
  endfacet
  facet normal 0 0.973883 0.227051
    outer loop
      vertex -12 26.5302 5.27719
      vertex -16 26.1283 7.00105
      vertex -12 26.1283 7.00105
    endloop
  endfacet
  facet normal 0 0.973883 0.227051
    outer loop
      vertex -16 26.1283 7.00105
      vertex -12 26.5302 5.27719
      vertex -16 26.5302 5.27719
    endloop
  endfacet
  facet normal 0 0.973883 0.227051
    outer loop
      vertex 16 26.5302 5.27719
      vertex 12 26.1283 7.00105
      vertex 16 26.1283 7.00105
    endloop
  endfacet
  facet normal 0 0.973883 0.227051
    outer loop
      vertex 12 26.1283 7.00105
      vertex 16 26.5302 5.27719
      vertex 12 26.5302 5.27719
    endloop
  endfacet
  facet normal 0 0.935813 0.352496
    outer loop
      vertex 16 24.9909 10.3516
      vertex 12 25.05 10.1947
      vertex -16 24.9909 10.3516
    endloop
  endfacet
  facet normal 9.28824e-06 0.935892 0.352288
    outer loop
      vertex 16 25.6145 8.69494
      vertex 12 25.05 10.1947
      vertex 16 24.9909 10.3516
    endloop
  endfacet
  facet normal 0 0.9359 0.352267
    outer loop
      vertex 12 25.05 10.1947
      vertex 16 25.6145 8.69494
      vertex 12 25.6145 8.69494
    endloop
  endfacet
  facet normal -0 0.935813 0.352496
    outer loop
      vertex -12 25.05 10.1947
      vertex -16 24.9909 10.3516
      vertex 12 25.05 10.1947
    endloop
  endfacet
  facet normal -0 0.9359 0.352267
    outer loop
      vertex -16 25.6145 8.69494
      vertex -12 25.05 10.1947
      vertex -12 25.6145 8.69494
    endloop
  endfacet
  facet normal -9.28824e-06 0.935892 0.352288
    outer loop
      vertex -12 25.05 10.1947
      vertex -16 25.6145 8.69494
      vertex -16 24.9909 10.3516
    endloop
  endfacet
  facet normal 0 0.881927 0.471386
    outer loop
      vertex 16 24.2604 11.9639
      vertex -16 23.426 13.525
      vertex 16 23.426 13.525
    endloop
  endfacet
  facet normal 0 0.881927 0.471386
    outer loop
      vertex -16 23.426 13.525
      vertex 16 24.2604 11.9639
      vertex -16 24.2604 11.9639
    endloop
  endfacet
  facet normal 0 -0.881902 -0.471434
    outer loop
      vertex -16 18.8792 9.31018
      vertex 16 18.2298 10.525
      vertex -16 18.2298 10.525
    endloop
  endfacet
  facet normal 0 -0.881902 -0.471434
    outer loop
      vertex 16 18.2298 10.525
      vertex -16 18.8792 9.31018
      vertex 16 18.8792 9.31018
    endloop
  endfacet
  facet normal 0 -0.032741 -0.999464
    outer loop
      vertex -16 0 21.05
      vertex 16 1.37674 21.0049
      vertex 16 0 21.05
    endloop
  endfacet
  facet normal -0 -0.032741 -0.999464
    outer loop
      vertex 16 1.37674 21.0049
      vertex -16 0 21.05
      vertex -16 1.37674 21.0049
    endloop
  endfacet
  facet normal 0 -0.162907 -0.986641
    outer loop
      vertex -16 2.74758 20.8699
      vertex 16 4.10665 20.6455
      vertex 16 2.74758 20.8699
    endloop
  endfacet
  facet normal -0 -0.162907 -0.986641
    outer loop
      vertex 16 4.10665 20.6455
      vertex -16 2.74758 20.8699
      vertex -16 4.10665 20.6455
    endloop
  endfacet
  facet normal 0 0.956952 -0.290245
    outer loop
      vertex 16 -20.3327 5.44814
      vertex -16 -19.9329 6.7663
      vertex 16 -19.9329 6.7663
    endloop
  endfacet
  facet normal 0 0.956952 -0.290245
    outer loop
      vertex -16 -19.9329 6.7663
      vertex 16 -20.3327 5.44814
      vertex -16 -20.3327 5.44814
    endloop
  endfacet
  facet normal 0 0.528053 -0.849211
    outer loop
      vertex -16 -11.6948 17.5024
      vertex 16 -10.525 18.2298
      vertex 16 -11.6948 17.5024
    endloop
  endfacet
  facet normal 0 0.528053 -0.849211
    outer loop
      vertex 16 -10.525 18.2298
      vertex -16 -11.6948 17.5024
      vertex -16 -10.525 18.2298
    endloop
  endfacet
  facet normal 0 -0.528053 -0.849211
    outer loop
      vertex -16 10.525 18.2298
      vertex 16 11.6948 17.5024
      vertex 16 10.525 18.2298
    endloop
  endfacet
  facet normal -0 -0.528053 -0.849211
    outer loop
      vertex 16 11.6948 17.5024
      vertex -16 10.525 18.2298
      vertex -16 11.6948 17.5024
    endloop
  endfacet
  facet normal 0 0.772996 -0.634411
    outer loop
      vertex 16 -16.7001 12.8144
      vertex -16 -15.8262 13.8792
      vertex 16 -15.8262 13.8792
    endloop
  endfacet
  facet normal 0 0.772996 -0.634411
    outer loop
      vertex -16 -15.8262 13.8792
      vertex 16 -16.7001 12.8144
      vertex -16 -16.7001 12.8144
    endloop
  endfacet
  facet normal 0 -0.0980057 -0.995186
    outer loop
      vertex -16 1.37674 21.0049
      vertex 16 2.74758 20.8699
      vertex 16 1.37674 21.0049
    endloop
  endfacet
  facet normal -0 -0.0980057 -0.995186
    outer loop
      vertex 16 2.74758 20.8699
      vertex -16 1.37674 21.0049
      vertex -16 2.74758 20.8699
    endloop
  endfacet
  facet normal 0 -0.93591 -0.352239
    outer loop
      vertex -16 19.9329 6.7663
      vertex 16 19.4477 8.05549
      vertex -16 19.4477 8.05549
    endloop
  endfacet
  facet normal 0 -0.93591 -0.352239
    outer loop
      vertex 16 19.4477 8.05549
      vertex -16 19.9329 6.7663
      vertex 16 19.9329 6.7663
    endloop
  endfacet
  facet normal 0 0.910862 -0.412711
    outer loop
      vertex 16 -19.4477 8.05549
      vertex -16 -18.8792 9.31018
      vertex 16 -18.8792 9.31018
    endloop
  endfacet
  facet normal 0 0.910862 -0.412711
    outer loop
      vertex -16 -18.8792 9.31018
      vertex 16 -19.4477 8.05549
      vertex -16 -19.4477 8.05549
    endloop
  endfacet
  facet normal 0 -0.634411 -0.772996
    outer loop
      vertex -16 12.8144 16.7001
      vertex 16 13.8792 15.8262
      vertex 16 12.8144 16.7001
    endloop
  endfacet
  facet normal -0 -0.634411 -0.772996
    outer loop
      vertex 16 13.8792 15.8262
      vertex -16 12.8144 16.7001
      vertex -16 13.8792 15.8262
    endloop
  endfacet
  facet normal 0 -0.352239 -0.93591
    outer loop
      vertex -16 6.7663 19.9329
      vertex 16 8.05549 19.4477
      vertex 16 6.7663 19.9329
    endloop
  endfacet
  facet normal -0 -0.352239 -0.93591
    outer loop
      vertex 16 8.05549 19.4477
      vertex -16 6.7663 19.9329
      vertex -16 8.05549 19.4477
    endloop
  endfacet
  facet normal 0 -0.290245 -0.956952
    outer loop
      vertex -16 5.44814 20.3327
      vertex 16 6.7663 19.9329
      vertex 16 5.44814 20.3327
    endloop
  endfacet
  facet normal -0 -0.290245 -0.956952
    outer loop
      vertex 16 6.7663 19.9329
      vertex -16 5.44814 20.3327
      vertex -16 6.7663 19.9329
    endloop
  endfacet
  facet normal 0 -0.999463 -0.0327528
    outer loop
      vertex -16 21.0238 0.799999
      vertex 16 21.0049 1.37674
      vertex -16 21.0049 1.37674
    endloop
  endfacet
  facet normal 0 -0.999463 -0.0327528
    outer loop
      vertex 16 21.0049 1.37674
      vertex -16 21.0238 0.799999
      vertex 16 21.0238 0.799999
    endloop
  endfacet
  facet normal 0 -0.412711 -0.910862
    outer loop
      vertex -16 8.05549 19.4477
      vertex 16 9.31018 18.8792
      vertex 16 8.05549 19.4477
    endloop
  endfacet
  facet normal -0 -0.412711 -0.910862
    outer loop
      vertex 16 9.31018 18.8792
      vertex -16 8.05549 19.4477
      vertex -16 9.31018 18.8792
    endloop
  endfacet
  facet normal 0 0.93591 -0.352239
    outer loop
      vertex 16 -19.9329 6.7663
      vertex -16 -19.4477 8.05549
      vertex 16 -19.4477 8.05549
    endloop
  endfacet
  facet normal 0 0.93591 -0.352239
    outer loop
      vertex -16 -19.4477 8.05549
      vertex 16 -19.9329 6.7663
      vertex -16 -19.9329 6.7663
    endloop
  endfacet
  facet normal 0 -0.986641 -0.162907
    outer loop
      vertex -16 20.8699 2.74758
      vertex 16 20.6455 4.10665
      vertex -16 20.6455 4.10665
    endloop
  endfacet
  facet normal 0 -0.986641 -0.162907
    outer loop
      vertex 16 20.6455 4.10665
      vertex -16 20.8699 2.74758
      vertex 16 20.8699 2.74758
    endloop
  endfacet
  facet normal 0 0.812845 -0.582481
    outer loop
      vertex 16 -17.5024 11.6948
      vertex -16 -16.7001 12.8144
      vertex 16 -16.7001 12.8144
    endloop
  endfacet
  facet normal 0 0.812845 -0.582481
    outer loop
      vertex -16 -16.7001 12.8144
      vertex 16 -17.5024 11.6948
      vertex -16 -17.5024 11.6948
    endloop
  endfacet
  facet normal 0 0.412711 -0.910862
    outer loop
      vertex -16 -9.31018 18.8792
      vertex 16 -8.05549 19.4477
      vertex 16 -9.31018 18.8792
    endloop
  endfacet
  facet normal 0 0.412711 -0.910862
    outer loop
      vertex 16 -8.05549 19.4477
      vertex -16 -9.31018 18.8792
      vertex -16 -8.05549 19.4477
    endloop
  endfacet
  facet normal 0 0.634411 -0.772996
    outer loop
      vertex -16 -13.8792 15.8262
      vertex 16 -12.8144 16.7001
      vertex 16 -13.8792 15.8262
    endloop
  endfacet
  facet normal 0 0.634411 -0.772996
    outer loop
      vertex 16 -12.8144 16.7001
      vertex -16 -13.8792 15.8262
      vertex -16 -12.8144 16.7001
    endloop
  endfacet
  facet normal 0 -0.995186 -0.0980057
    outer loop
      vertex -16 21.0049 1.37674
      vertex 16 20.8699 2.74758
      vertex -16 20.8699 2.74758
    endloop
  endfacet
  facet normal 0 -0.995186 -0.0980057
    outer loop
      vertex 16 20.8699 2.74758
      vertex -16 21.0049 1.37674
      vertex 16 21.0049 1.37674
    endloop
  endfacet
  facet normal 0 -0.582481 -0.812845
    outer loop
      vertex -16 11.6948 17.5024
      vertex 16 12.8144 16.7001
      vertex 16 11.6948 17.5024
    endloop
  endfacet
  facet normal -0 -0.582481 -0.812845
    outer loop
      vertex 16 12.8144 16.7001
      vertex -16 11.6948 17.5024
      vertex -16 12.8144 16.7001
    endloop
  endfacet
  facet normal 0 -0.973876 -0.227082
    outer loop
      vertex -16 20.6455 4.10665
      vertex 16 20.3327 5.44814
      vertex -16 20.3327 5.44814
    endloop
  endfacet
  facet normal 0 -0.973876 -0.227082
    outer loop
      vertex 16 20.3327 5.44814
      vertex -16 20.6455 4.10665
      vertex 16 20.6455 4.10665
    endloop
  endfacet
  facet normal 0 0.352239 -0.93591
    outer loop
      vertex -16 -8.05549 19.4477
      vertex 16 -6.7663 19.9329
      vertex 16 -8.05549 19.4477
    endloop
  endfacet
  facet normal 0 0.352239 -0.93591
    outer loop
      vertex 16 -6.7663 19.9329
      vertex -16 -8.05549 19.4477
      vertex -16 -6.7663 19.9329
    endloop
  endfacet
  facet normal 0 0.290245 -0.956952
    outer loop
      vertex -16 -6.7663 19.9329
      vertex 16 -5.44814 20.3327
      vertex 16 -6.7663 19.9329
    endloop
  endfacet
  facet normal 0 0.290245 -0.956952
    outer loop
      vertex 16 -5.44814 20.3327
      vertex -16 -6.7663 19.9329
      vertex -16 -5.44814 20.3327
    endloop
  endfacet
  facet normal 0 -0.227082 -0.973876
    outer loop
      vertex -16 4.10665 20.6455
      vertex 16 5.44814 20.3327
      vertex 16 4.10665 20.6455
    endloop
  endfacet
  facet normal -0 -0.227082 -0.973876
    outer loop
      vertex 16 5.44814 20.3327
      vertex -16 4.10665 20.6455
      vertex -16 5.44814 20.3327
    endloop
  endfacet
  facet normal 0 0.986641 -0.162907
    outer loop
      vertex 16 -20.8699 2.74758
      vertex -16 -20.6455 4.10665
      vertex 16 -20.6455 4.10665
    endloop
  endfacet
  facet normal 0 0.986641 -0.162907
    outer loop
      vertex -16 -20.6455 4.10665
      vertex 16 -20.8699 2.74758
      vertex -16 -20.8699 2.74758
    endloop
  endfacet
  facet normal 0 0.471434 -0.881902
    outer loop
      vertex -16 -10.525 18.2298
      vertex 16 -9.31018 18.8792
      vertex 16 -10.525 18.2298
    endloop
  endfacet
  facet normal 0 0.471434 -0.881902
    outer loop
      vertex 16 -9.31018 18.8792
      vertex -16 -10.525 18.2298
      vertex -16 -9.31018 18.8792
    endloop
  endfacet
  facet normal 0 -0.729886 -0.683569
    outer loop
      vertex -16 15.8262 13.8792
      vertex 16 14.8846 14.8846
      vertex -16 14.8846 14.8846
    endloop
  endfacet
  facet normal 0 -0.729886 -0.683569
    outer loop
      vertex 16 14.8846 14.8846
      vertex -16 15.8262 13.8792
      vertex 16 15.8262 13.8792
    endloop
  endfacet
  facet normal 0 0.729886 -0.683569
    outer loop
      vertex 16 -15.8262 13.8792
      vertex -16 -14.8846 14.8846
      vertex 16 -14.8846 14.8846
    endloop
  endfacet
  facet normal 0 0.729886 -0.683569
    outer loop
      vertex -16 -14.8846 14.8846
      vertex 16 -15.8262 13.8792
      vertex -16 -15.8262 13.8792
    endloop
  endfacet
  facet normal 0 -0.772996 -0.634411
    outer loop
      vertex -16 16.7001 12.8144
      vertex 16 15.8262 13.8792
      vertex -16 15.8262 13.8792
    endloop
  endfacet
  facet normal 0 -0.772996 -0.634411
    outer loop
      vertex 16 15.8262 13.8792
      vertex -16 16.7001 12.8144
      vertex 16 16.7001 12.8144
    endloop
  endfacet
  facet normal 0 0.849211 -0.528053
    outer loop
      vertex 16 -18.2298 10.525
      vertex -16 -17.5024 11.6948
      vertex 16 -17.5024 11.6948
    endloop
  endfacet
  facet normal 0 0.849211 -0.528053
    outer loop
      vertex -16 -17.5024 11.6948
      vertex 16 -18.2298 10.525
      vertex -16 -18.2298 10.525
    endloop
  endfacet
  facet normal 0 0.999463 -0.0327528
    outer loop
      vertex 16 -21.0238 0.799999
      vertex -16 -21.0049 1.37674
      vertex 16 -21.0049 1.37674
    endloop
  endfacet
  facet normal 0 0.999463 -0.0327528
    outer loop
      vertex -16 -21.0049 1.37674
      vertex 16 -21.0238 0.799999
      vertex -16 -21.0238 0.799999
    endloop
  endfacet
  facet normal 0 0.973876 -0.227082
    outer loop
      vertex 16 -20.6455 4.10665
      vertex -16 -20.3327 5.44814
      vertex 16 -20.3327 5.44814
    endloop
  endfacet
  facet normal 0 0.973876 -0.227082
    outer loop
      vertex -16 -20.3327 5.44814
      vertex 16 -20.6455 4.10665
      vertex -16 -20.6455 4.10665
    endloop
  endfacet
  facet normal 0 0.995186 -0.0980057
    outer loop
      vertex 16 -21.0049 1.37674
      vertex -16 -20.8699 2.74758
      vertex 16 -20.8699 2.74758
    endloop
  endfacet
  facet normal 0 0.995186 -0.0980057
    outer loop
      vertex -16 -20.8699 2.74758
      vertex 16 -21.0049 1.37674
      vertex -16 -21.0049 1.37674
    endloop
  endfacet
  facet normal 0 -0.956952 -0.290245
    outer loop
      vertex -16 20.3327 5.44814
      vertex 16 19.9329 6.7663
      vertex -16 19.9329 6.7663
    endloop
  endfacet
  facet normal 0 -0.956952 -0.290245
    outer loop
      vertex 16 19.9329 6.7663
      vertex -16 20.3327 5.44814
      vertex 16 20.3327 5.44814
    endloop
  endfacet
  facet normal 0 -0.471434 -0.881902
    outer loop
      vertex -16 9.31018 18.8792
      vertex 16 10.525 18.2298
      vertex 16 9.31018 18.8792
    endloop
  endfacet
  facet normal -0 -0.471434 -0.881902
    outer loop
      vertex 16 10.525 18.2298
      vertex -16 9.31018 18.8792
      vertex -16 10.525 18.2298
    endloop
  endfacet
  facet normal 0 0.162907 -0.986641
    outer loop
      vertex -16 -4.10665 20.6455
      vertex 16 -2.74758 20.8699
      vertex 16 -4.10665 20.6455
    endloop
  endfacet
  facet normal 0 0.162907 -0.986641
    outer loop
      vertex 16 -2.74758 20.8699
      vertex -16 -4.10665 20.6455
      vertex -16 -2.74758 20.8699
    endloop
  endfacet
  facet normal 0 0.582481 -0.812845
    outer loop
      vertex -16 -12.8144 16.7001
      vertex 16 -11.6948 17.5024
      vertex 16 -12.8144 16.7001
    endloop
  endfacet
  facet normal 0 0.582481 -0.812845
    outer loop
      vertex 16 -11.6948 17.5024
      vertex -16 -12.8144 16.7001
      vertex -16 -11.6948 17.5024
    endloop
  endfacet
  facet normal 0 0.683569 -0.729886
    outer loop
      vertex -16 -14.8846 14.8846
      vertex 16 -13.8792 15.8262
      vertex 16 -14.8846 14.8846
    endloop
  endfacet
  facet normal 0 0.683569 -0.729886
    outer loop
      vertex 16 -13.8792 15.8262
      vertex -16 -14.8846 14.8846
      vertex -16 -13.8792 15.8262
    endloop
  endfacet
  facet normal 0 -0.683569 -0.729886
    outer loop
      vertex -16 13.8792 15.8262
      vertex 16 14.8846 14.8846
      vertex 16 13.8792 15.8262
    endloop
  endfacet
  facet normal -0 -0.683569 -0.729886
    outer loop
      vertex 16 14.8846 14.8846
      vertex -16 13.8792 15.8262
      vertex -16 14.8846 14.8846
    endloop
  endfacet
  facet normal 0 0.227082 -0.973876
    outer loop
      vertex -16 -5.44814 20.3327
      vertex 16 -4.10665 20.6455
      vertex 16 -5.44814 20.3327
    endloop
  endfacet
  facet normal 0 0.227082 -0.973876
    outer loop
      vertex 16 -4.10665 20.6455
      vertex -16 -5.44814 20.3327
      vertex -16 -4.10665 20.6455
    endloop
  endfacet
  facet normal 0 -0.812845 -0.582481
    outer loop
      vertex -16 17.5024 11.6948
      vertex 16 16.7001 12.8144
      vertex -16 16.7001 12.8144
    endloop
  endfacet
  facet normal 0 -0.812845 -0.582481
    outer loop
      vertex 16 16.7001 12.8144
      vertex -16 17.5024 11.6948
      vertex 16 17.5024 11.6948
    endloop
  endfacet
  facet normal 0 0.0980057 -0.995186
    outer loop
      vertex -16 -2.74758 20.8699
      vertex 16 -1.37674 21.0049
      vertex 16 -2.74758 20.8699
    endloop
  endfacet
  facet normal 0 0.0980057 -0.995186
    outer loop
      vertex 16 -1.37674 21.0049
      vertex -16 -2.74758 20.8699
      vertex -16 -1.37674 21.0049
    endloop
  endfacet
  facet normal 0 0.032741 -0.999464
    outer loop
      vertex -16 -1.37674 21.0049
      vertex 16 0 21.05
      vertex 16 -1.37674 21.0049
    endloop
  endfacet
  facet normal 0 0.032741 -0.999464
    outer loop
      vertex 16 0 21.05
      vertex -16 -1.37674 21.0049
      vertex -16 0 21.05
    endloop
  endfacet
  facet normal 0 -0.849211 -0.528053
    outer loop
      vertex -16 18.2298 10.525
      vertex 16 17.5024 11.6948
      vertex -16 17.5024 11.6948
    endloop
  endfacet
  facet normal 0 -0.849211 -0.528053
    outer loop
      vertex 16 17.5024 11.6948
      vertex -16 18.2298 10.525
      vertex 16 18.2298 10.525
    endloop
  endfacet
  facet normal 0 -0.910862 -0.412711
    outer loop
      vertex -16 19.4477 8.05549
      vertex 16 18.8792 9.31018
      vertex -16 18.8792 9.31018
    endloop
  endfacet
  facet normal 0 -0.910862 -0.412711
    outer loop
      vertex 16 18.8792 9.31018
      vertex -16 19.4477 8.05549
      vertex 16 19.4477 8.05549
    endloop
  endfacet
  facet normal 0 0.881902 -0.471434
    outer loop
      vertex 16 -18.8792 9.31018
      vertex -16 -18.2298 10.525
      vertex 16 -18.2298 10.525
    endloop
  endfacet
  facet normal 0 0.881902 -0.471434
    outer loop
      vertex -16 -18.2298 10.525
      vertex 16 -18.8792 9.31018
      vertex -16 -18.8792 9.31018
    endloop
  endfacet
  facet normal 0 0 -1
    outer loop
      vertex 16 21.0238 0.799999
      vertex 12 27.0238 0.799999
      vertex 16 27.0238 0.799999
    endloop
  endfacet
  facet normal 0 0 -1
    outer loop
      vertex 4.59015 40.7491 0.799999
      vertex 12 53.05 0.799999
      vertex 12 27.0238 0.799999
    endloop
  endfacet
  facet normal 0 0 -1
    outer loop
      vertex 12 53.05 0.799999
      vertex 4.59015 40.7491 0.799999
      vertex 4.6 41.05 0.799999
    endloop
  endfacet
  facet normal 0 0 -1
    outer loop
      vertex 12 27.0238 0.799999
      vertex 4.56065 40.4496 0.799999
      vertex 4.59015 40.7491 0.799999
    endloop
  endfacet
  facet normal 0 0 -1
    outer loop
      vertex 12 27.0238 0.799999
      vertex 4.51161 40.1526 0.799999
      vertex 4.56065 40.4496 0.799999
    endloop
  endfacet
  facet normal 0 0 -1
    outer loop
      vertex 12 27.0238 0.799999
      vertex 4.44326 39.8594 0.799999
      vertex 4.51161 40.1526 0.799999
    endloop
  endfacet
  facet normal 0 0 -1
    outer loop
      vertex 12 27.0238 0.799999
      vertex 4.35588 39.5714 0.799999
      vertex 4.44326 39.8594 0.799999
    endloop
  endfacet
  facet normal 0 0 -1
    outer loop
      vertex 12 27.0238 0.799999
      vertex 4.24985 39.2897 0.799999
      vertex 4.35588 39.5714 0.799999
    endloop
  endfacet
  facet normal 0 0 -1
    outer loop
      vertex 12 27.0238 0.799999
      vertex 4.12561 39.0155 0.799999
      vertex 4.24985 39.2897 0.799999
    endloop
  endfacet
  facet normal 0 0 -1
    outer loop
      vertex 12 27.0238 0.799999
      vertex 3.98372 38.75 0.799999
      vertex 4.12561 39.0155 0.799999
    endloop
  endfacet
  facet normal 0 0 -1
    outer loop
      vertex -12 27.0238 0.799999
      vertex 12 27.0238 0.799999
      vertex 16 21.0238 0.799999
    endloop
  endfacet
  facet normal 0 0 -1
    outer loop
      vertex 12 27.0238 0.799999
      vertex 3.82476 38.4944 0.799999
      vertex 3.98372 38.75 0.799999
    endloop
  endfacet
  facet normal 0 0 -1
    outer loop
      vertex 12 27.0238 0.799999
      vertex 3.64942 38.2497 0.799999
      vertex 3.82476 38.4944 0.799999
    endloop
  endfacet
  facet normal 0 0 -1
    outer loop
      vertex 12 27.0238 0.799999
      vertex 3.45846 38.017 0.799999
      vertex 3.64942 38.2497 0.799999
    endloop
  endfacet
  facet normal 0 0 -1
    outer loop
      vertex 12 27.0238 0.799999
      vertex 3.25269 37.7973 0.799999
      vertex 3.45846 38.017 0.799999
    endloop
  endfacet
  facet normal 0 0 -1
    outer loop
      vertex 12 27.0238 0.799999
      vertex 3.03299 37.5915 0.799999
      vertex 3.25269 37.7973 0.799999
    endloop
  endfacet
  facet normal 0 0 -1
    outer loop
      vertex 12 27.0238 0.799999
      vertex 2.8003 37.4006 0.799999
      vertex 3.03299 37.5915 0.799999
    endloop
  endfacet
  facet normal 0 0 -1
    outer loop
      vertex 12 27.0238 0.799999
      vertex 2.55562 37.2252 0.799999
      vertex 2.8003 37.4006 0.799999
    endloop
  endfacet
  facet normal 0 0 -1
    outer loop
      vertex 12 27.0238 0.799999
      vertex 2.3 37.0663 0.799999
      vertex 2.55562 37.2252 0.799999
    endloop
  endfacet
  facet normal 0 0 -1
    outer loop
      vertex 12 27.0238 0.799999
      vertex 2.03453 36.9244 0.799999
      vertex 2.3 37.0663 0.799999
    endloop
  endfacet
  facet normal 0 0 -1
    outer loop
      vertex 12 27.0238 0.799999
      vertex 1.76034 36.8002 0.799999
      vertex 2.03453 36.9244 0.799999
    endloop
  endfacet
  facet normal 0 0 -1
    outer loop
      vertex 12 27.0238 0.799999
      vertex 1.47862 36.6941 0.799999
      vertex 1.76034 36.8002 0.799999
    endloop
  endfacet
  facet normal 0 0 -1
    outer loop
      vertex 12 27.0238 0.799999
      vertex 1.19057 36.6067 0.799999
      vertex 1.47862 36.6941 0.799999
    endloop
  endfacet
  facet normal 0 0 -1
    outer loop
      vertex 12 27.0238 0.799999
      vertex 0.897415 36.5384 0.799999
      vertex 1.19057 36.6067 0.799999
    endloop
  endfacet
  facet normal 0 0 -1
    outer loop
      vertex 12 27.0238 0.799999
      vertex 0.60042 36.4894 0.799999
      vertex 0.897415 36.5384 0.799999
    endloop
  endfacet
  facet normal 0 0 -1
    outer loop
      vertex 12 27.0238 0.799999
      vertex 0.300854 36.4598 0.799999
      vertex 0.60042 36.4894 0.799999
    endloop
  endfacet
  facet normal 0 -0 -1
    outer loop
      vertex 0 36.45 0.799999
      vertex 12 27.0238 0.799999
      vertex -12 27.0238 0.799999
    endloop
  endfacet
  facet normal 0 0 -1
    outer loop
      vertex 12 27.0238 0.799999
      vertex 0 36.45 0.799999
      vertex 0.300854 36.4598 0.799999
    endloop
  endfacet
  facet normal -0 0 -1
    outer loop
      vertex 0 36.45 0.799999
      vertex -12 27.0238 0.799999
      vertex -0.300854 36.4598 0.799999
    endloop
  endfacet
  facet normal -0 0 -1
    outer loop
      vertex -0.300854 36.4598 0.799999
      vertex -12 27.0238 0.799999
      vertex -0.60042 36.4894 0.799999
    endloop
  endfacet
  facet normal -0 0 -1
    outer loop
      vertex -0.60042 36.4894 0.799999
      vertex -12 27.0238 0.799999
      vertex -0.897415 36.5384 0.799999
    endloop
  endfacet
  facet normal -0 0 -1
    outer loop
      vertex -0.897415 36.5384 0.799999
      vertex -12 27.0238 0.799999
      vertex -1.19057 36.6067 0.799999
    endloop
  endfacet
  facet normal -0 0 -1
    outer loop
      vertex -1.19057 36.6067 0.799999
      vertex -12 27.0238 0.799999
      vertex -1.47862 36.6941 0.799999
    endloop
  endfacet
  facet normal -0 0 -1
    outer loop
      vertex -1.47862 36.6941 0.799999
      vertex -12 27.0238 0.799999
      vertex -1.76034 36.8002 0.799999
    endloop
  endfacet
  facet normal -0 0 -1
    outer loop
      vertex -1.76034 36.8002 0.799999
      vertex -12 27.0238 0.799999
      vertex -2.03453 36.9244 0.799999
    endloop
  endfacet
  facet normal -0 0 -1
    outer loop
      vertex -2.03453 36.9244 0.799999
      vertex -12 27.0238 0.799999
      vertex -2.3 37.0663 0.799999
    endloop
  endfacet
  facet normal -0 0 -1
    outer loop
      vertex -2.3 37.0663 0.799999
      vertex -12 27.0238 0.799999
      vertex -2.55562 37.2252 0.799999
    endloop
  endfacet
  facet normal -0 0 -1
    outer loop
      vertex -2.55562 37.2252 0.799999
      vertex -12 27.0238 0.799999
      vertex -2.8003 37.4006 0.799999
    endloop
  endfacet
  facet normal 0 0 -1
    outer loop
      vertex -12 53.05 0.799999
      vertex -4.59015 40.7491 0.799999
      vertex -12 27.0238 0.799999
    endloop
  endfacet
  facet normal -0 0 -1
    outer loop
      vertex -4.56065 40.4496 0.799999
      vertex -12 27.0238 0.799999
      vertex -4.59015 40.7491 0.799999
    endloop
  endfacet
  facet normal -0 0 -1
    outer loop
      vertex -4.51161 40.1526 0.799999
      vertex -12 27.0238 0.799999
      vertex -4.56065 40.4496 0.799999
    endloop
  endfacet
  facet normal -0 0 -1
    outer loop
      vertex -4.44326 39.8594 0.799999
      vertex -12 27.0238 0.799999
      vertex -4.51161 40.1526 0.799999
    endloop
  endfacet
  facet normal -0 0 -1
    outer loop
      vertex -4.35588 39.5714 0.799999
      vertex -12 27.0238 0.799999
      vertex -4.44326 39.8594 0.799999
    endloop
  endfacet
  facet normal -0 0 -1
    outer loop
      vertex -4.24985 39.2897 0.799999
      vertex -12 27.0238 0.799999
      vertex -4.35588 39.5714 0.799999
    endloop
  endfacet
  facet normal -0 0 -1
    outer loop
      vertex -4.12561 39.0155 0.799999
      vertex -12 27.0238 0.799999
      vertex -4.24985 39.2897 0.799999
    endloop
  endfacet
  facet normal -0 0 -1
    outer loop
      vertex -3.98372 38.75 0.799999
      vertex -12 27.0238 0.799999
      vertex -4.12561 39.0155 0.799999
    endloop
  endfacet
  facet normal -0 0 -1
    outer loop
      vertex -3.82476 38.4944 0.799999
      vertex -12 27.0238 0.799999
      vertex -3.98372 38.75 0.799999
    endloop
  endfacet
  facet normal -0 0 -1
    outer loop
      vertex -3.64942 38.2497 0.799999
      vertex -12 27.0238 0.799999
      vertex -3.82476 38.4944 0.799999
    endloop
  endfacet
  facet normal -0 0 -1
    outer loop
      vertex -3.45846 38.017 0.799999
      vertex -12 27.0238 0.799999
      vertex -3.64942 38.2497 0.799999
    endloop
  endfacet
  facet normal -0 0 -1
    outer loop
      vertex -3.25269 37.7973 0.799999
      vertex -12 27.0238 0.799999
      vertex -3.45846 38.017 0.799999
    endloop
  endfacet
  facet normal -0 0 -1
    outer loop
      vertex -3.03299 37.5915 0.799999
      vertex -12 27.0238 0.799999
      vertex -3.25269 37.7973 0.799999
    endloop
  endfacet
  facet normal -0 0 -1
    outer loop
      vertex -2.8003 37.4006 0.799999
      vertex -12 27.0238 0.799999
      vertex -3.03299 37.5915 0.799999
    endloop
  endfacet
  facet normal 0 0 -1
    outer loop
      vertex -16 21.0238 0.799999
      vertex -12 27.0238 0.799999
      vertex 16 21.0238 0.799999
    endloop
  endfacet
  facet normal -0 0 -1
    outer loop
      vertex -12 27.0238 0.799999
      vertex -16 21.0238 0.799999
      vertex -16 27.0238 0.799999
    endloop
  endfacet
  facet normal 0 0 -1
    outer loop
      vertex 4.59015 41.3509 0.799999
      vertex 12 53.05 0.799999
      vertex 4.6 41.05 0.799999
    endloop
  endfacet
  facet normal 0 0 -1
    outer loop
      vertex 4.56065 41.6504 0.799999
      vertex 12 53.05 0.799999
      vertex 4.59015 41.3509 0.799999
    endloop
  endfacet
  facet normal 0 0 -1
    outer loop
      vertex 4.51161 41.9474 0.799999
      vertex 12 53.05 0.799999
      vertex 4.56065 41.6504 0.799999
    endloop
  endfacet
  facet normal 0 0 -1
    outer loop
      vertex 4.44326 42.2406 0.799999
      vertex 12 53.05 0.799999
      vertex 4.51161 41.9474 0.799999
    endloop
  endfacet
  facet normal 0 0 -1
    outer loop
      vertex 4.35588 42.5286 0.799999
      vertex 12 53.05 0.799999
      vertex 4.44326 42.2406 0.799999
    endloop
  endfacet
  facet normal 0 0 -1
    outer loop
      vertex 4.24985 42.8103 0.799999
      vertex 12 53.05 0.799999
      vertex 4.35588 42.5286 0.799999
    endloop
  endfacet
  facet normal 0 0 -1
    outer loop
      vertex 4.12561 43.0845 0.799999
      vertex 12 53.05 0.799999
      vertex 4.24985 42.8103 0.799999
    endloop
  endfacet
  facet normal 0 0 -1
    outer loop
      vertex 3.98372 43.35 0.799999
      vertex 12 53.05 0.799999
      vertex 4.12561 43.0845 0.799999
    endloop
  endfacet
  facet normal 0 0 -1
    outer loop
      vertex 3.82476 43.6056 0.799999
      vertex 12 53.05 0.799999
      vertex 3.98372 43.35 0.799999
    endloop
  endfacet
  facet normal 0 0 -1
    outer loop
      vertex 3.64942 43.8503 0.799999
      vertex 12 53.05 0.799999
      vertex 3.82476 43.6056 0.799999
    endloop
  endfacet
  facet normal 0 0 -1
    outer loop
      vertex 3.45846 44.083 0.799999
      vertex 12 53.05 0.799999
      vertex 3.64942 43.8503 0.799999
    endloop
  endfacet
  facet normal 0 0 -1
    outer loop
      vertex 3.25269 44.3027 0.799999
      vertex 12 53.05 0.799999
      vertex 3.45846 44.083 0.799999
    endloop
  endfacet
  facet normal 0 0 -1
    outer loop
      vertex 3.03299 44.5085 0.799999
      vertex 12 53.05 0.799999
      vertex 3.25269 44.3027 0.799999
    endloop
  endfacet
  facet normal 0 0 -1
    outer loop
      vertex 2.8003 44.6994 0.799999
      vertex 12 53.05 0.799999
      vertex 3.03299 44.5085 0.799999
    endloop
  endfacet
  facet normal 0 0 -1
    outer loop
      vertex 2.55562 44.8748 0.799999
      vertex 12 53.05 0.799999
      vertex 2.8003 44.6994 0.799999
    endloop
  endfacet
  facet normal 0 0 -1
    outer loop
      vertex 2.3 45.0337 0.799999
      vertex 12 53.05 0.799999
      vertex 2.55562 44.8748 0.799999
    endloop
  endfacet
  facet normal 0 0 -1
    outer loop
      vertex 2.03453 45.1756 0.799999
      vertex 12 53.05 0.799999
      vertex 2.3 45.0337 0.799999
    endloop
  endfacet
  facet normal 0 0 -1
    outer loop
      vertex 1.76034 45.2998 0.799999
      vertex 12 53.05 0.799999
      vertex 2.03453 45.1756 0.799999
    endloop
  endfacet
  facet normal 0 0 -1
    outer loop
      vertex 1.47862 45.4059 0.799999
      vertex 12 53.05 0.799999
      vertex 1.76034 45.2998 0.799999
    endloop
  endfacet
  facet normal 0 0 -1
    outer loop
      vertex 1.19057 45.4933 0.799999
      vertex 12 53.05 0.799999
      vertex 1.47862 45.4059 0.799999
    endloop
  endfacet
  facet normal 0 0 -1
    outer loop
      vertex 0.897415 45.5616 0.799999
      vertex 12 53.05 0.799999
      vertex 1.19057 45.4933 0.799999
    endloop
  endfacet
  facet normal 0 0 -1
    outer loop
      vertex 0.60042 45.6106 0.799999
      vertex 12 53.05 0.799999
      vertex 0.897415 45.5616 0.799999
    endloop
  endfacet
  facet normal 0 0 -1
    outer loop
      vertex 0.300854 45.6402 0.799999
      vertex 12 53.05 0.799999
      vertex 0.60042 45.6106 0.799999
    endloop
  endfacet
  facet normal 0 0 -1
    outer loop
      vertex 0 45.65 0.799999
      vertex 12 53.05 0.799999
      vertex 0.300854 45.6402 0.799999
    endloop
  endfacet
  facet normal 0 0 -1
    outer loop
      vertex -12 53.05 0.799999
      vertex 0 45.65 0.799999
      vertex -0.300854 45.6402 0.799999
    endloop
  endfacet
  facet normal 0 0 -1
    outer loop
      vertex -12 53.05 0.799999
      vertex -0.300854 45.6402 0.799999
      vertex -0.60042 45.6106 0.799999
    endloop
  endfacet
  facet normal 0 0 -1
    outer loop
      vertex -12 53.05 0.799999
      vertex -0.60042 45.6106 0.799999
      vertex -0.897415 45.5616 0.799999
    endloop
  endfacet
  facet normal 0 0 -1
    outer loop
      vertex -12 53.05 0.799999
      vertex -0.897415 45.5616 0.799999
      vertex -1.19057 45.4933 0.799999
    endloop
  endfacet
  facet normal 0 0 -1
    outer loop
      vertex -12 53.05 0.799999
      vertex -1.19057 45.4933 0.799999
      vertex -1.47862 45.4059 0.799999
    endloop
  endfacet
  facet normal 0 0 -1
    outer loop
      vertex -12 53.05 0.799999
      vertex -1.47862 45.4059 0.799999
      vertex -1.76034 45.2998 0.799999
    endloop
  endfacet
  facet normal 0 0 -1
    outer loop
      vertex -12 53.05 0.799999
      vertex -1.76034 45.2998 0.799999
      vertex -2.03453 45.1756 0.799999
    endloop
  endfacet
  facet normal 0 0 -1
    outer loop
      vertex -12 53.05 0.799999
      vertex -2.03453 45.1756 0.799999
      vertex -2.3 45.0337 0.799999
    endloop
  endfacet
  facet normal 0 0 -1
    outer loop
      vertex -4.59015 40.7491 0.799999
      vertex -12 53.05 0.799999
      vertex -4.6 41.05 0.799999
    endloop
  endfacet
  facet normal 0 0 -1
    outer loop
      vertex -4.6 41.05 0.799999
      vertex -12 53.05 0.799999
      vertex -4.59015 41.3509 0.799999
    endloop
  endfacet
  facet normal 0 0 -1
    outer loop
      vertex -4.59015 41.3509 0.799999
      vertex -12 53.05 0.799999
      vertex -4.56065 41.6504 0.799999
    endloop
  endfacet
  facet normal 0 0 -1
    outer loop
      vertex -4.56065 41.6504 0.799999
      vertex -12 53.05 0.799999
      vertex -4.51161 41.9474 0.799999
    endloop
  endfacet
  facet normal 0 0 -1
    outer loop
      vertex -4.51161 41.9474 0.799999
      vertex -12 53.05 0.799999
      vertex -4.44326 42.2406 0.799999
    endloop
  endfacet
  facet normal 0 0 -1
    outer loop
      vertex -4.44326 42.2406 0.799999
      vertex -12 53.05 0.799999
      vertex -4.35588 42.5286 0.799999
    endloop
  endfacet
  facet normal 0 0 -1
    outer loop
      vertex -4.35588 42.5286 0.799999
      vertex -12 53.05 0.799999
      vertex -4.24985 42.8103 0.799999
    endloop
  endfacet
  facet normal 0 0 -1
    outer loop
      vertex 0 45.65 0.799999
      vertex -12 53.05 0.799999
      vertex 12 53.05 0.799999
    endloop
  endfacet
  facet normal 0 0 -1
    outer loop
      vertex -2.55562 44.8748 0.799999
      vertex -12 53.05 0.799999
      vertex -2.3 45.0337 0.799999
    endloop
  endfacet
  facet normal 0 0 -1
    outer loop
      vertex -2.8003 44.6994 0.799999
      vertex -12 53.05 0.799999
      vertex -2.55562 44.8748 0.799999
    endloop
  endfacet
  facet normal 0 0 -1
    outer loop
      vertex -3.03299 44.5085 0.799999
      vertex -12 53.05 0.799999
      vertex -2.8003 44.6994 0.799999
    endloop
  endfacet
  facet normal 0 0 -1
    outer loop
      vertex -3.25269 44.3027 0.799999
      vertex -12 53.05 0.799999
      vertex -3.03299 44.5085 0.799999
    endloop
  endfacet
  facet normal 0 0 -1
    outer loop
      vertex -3.45846 44.083 0.799999
      vertex -12 53.05 0.799999
      vertex -3.25269 44.3027 0.799999
    endloop
  endfacet
  facet normal 0 0 -1
    outer loop
      vertex -3.64942 43.8503 0.799999
      vertex -12 53.05 0.799999
      vertex -3.45846 44.083 0.799999
    endloop
  endfacet
  facet normal 0 0 -1
    outer loop
      vertex -3.82476 43.6056 0.799999
      vertex -12 53.05 0.799999
      vertex -3.64942 43.8503 0.799999
    endloop
  endfacet
  facet normal 0 0 -1
    outer loop
      vertex -3.98372 43.35 0.799999
      vertex -12 53.05 0.799999
      vertex -3.82476 43.6056 0.799999
    endloop
  endfacet
  facet normal 0 0 -1
    outer loop
      vertex -4.12561 43.0845 0.799999
      vertex -12 53.05 0.799999
      vertex -3.98372 43.35 0.799999
    endloop
  endfacet
  facet normal 0 0 -1
    outer loop
      vertex -4.24985 42.8103 0.799999
      vertex -12 53.05 0.799999
      vertex -4.12561 43.0845 0.799999
    endloop
  endfacet
  facet normal 0 0 -1
    outer loop
      vertex -6 -27.0238 0.799999
      vertex -16 -27.0238 0.799999
      vertex -6 -25.05 0.799999
    endloop
  endfacet
  facet normal 0 0 -1
    outer loop
      vertex 6 -25.05 0.799999
      vertex 16 -27.0238 0.799999
      vertex 6 -27.0238 0.799999
    endloop
  endfacet
  facet normal 0 0 -1
    outer loop
      vertex 16 -27.0238 0.799999
      vertex 6 -25.05 0.799999
      vertex 16 -21.0238 0.799999
    endloop
  endfacet
  facet normal 0 0 -1
    outer loop
      vertex -6 -25.05 0.799999
      vertex 16 -21.0238 0.799999
      vertex 6 -25.05 0.799999
    endloop
  endfacet
  facet normal 0 0 -1
    outer loop
      vertex -6 -25.05 0.799999
      vertex -16 -21.0238 0.799999
      vertex 16 -21.0238 0.799999
    endloop
  endfacet
  facet normal 0 0 -1
    outer loop
      vertex -16 -21.0238 0.799999
      vertex -6 -25.05 0.799999
      vertex -16 -27.0238 0.799999
    endloop
  endfacet
  facet normal 0 -0.935885 0.352305
    outer loop
      vertex -6 -39.2581 1.76792
      vertex 6 -39.1313 2.10476
      vertex -6 -39.1313 2.10476
    endloop
  endfacet
  facet normal 0 -0.935885 0.352305
    outer loop
      vertex 6 -39.1313 2.10476
      vertex -6 -39.2581 1.76792
      vertex 6 -39.2581 1.76792
    endloop
  endfacet
  facet normal 0 0.812766 -0.582591
    outer loop
      vertex 6 -29.6866 -3.34819
      vertex -6 -29.4769 -3.05564
      vertex 6 -29.4769 -3.05564
    endloop
  endfacet
  facet normal 0 0.812766 -0.582591
    outer loop
      vertex -6 -29.4769 -3.05564
      vertex 6 -29.6866 -3.34819
      vertex -6 -29.6866 -3.34819
    endloop
  endfacet
  facet normal 0 -0.032732 -0.999464
    outer loop
      vertex -6 -34.4097 -5.48822
      vertex 6 -34.05 -5.5
      vertex 6 -34.4097 -5.48822
    endloop
  endfacet
  facet normal -0 -0.032732 -0.999464
    outer loop
      vertex 6 -34.05 -5.5
      vertex -6 -34.4097 -5.48822
      vertex -6 -34.05 -5.5
    endloop
  endfacet
  facet normal 0 -0.634405 -0.773001
    outer loop
      vertex -6 -37.6764 -4.13512
      vertex 6 -37.3982 -4.36344
      vertex 6 -37.6764 -4.13512
    endloop
  endfacet
  facet normal -0 -0.634405 -0.773001
    outer loop
      vertex 6 -37.3982 -4.36344
      vertex -6 -37.6764 -4.13512
      vertex -6 -37.3982 -4.36344
    endloop
  endfacet
  facet normal 0 -0.582415 0.812892
    outer loop
      vertex -6 -37.1056 4.57308
      vertex 6 -37.3982 4.36344
      vertex 6 -37.1056 4.57308
    endloop
  endfacet
  facet normal 0 -0.582415 0.812892
    outer loop
      vertex 6 -37.3982 4.36344
      vertex -6 -37.1056 4.57308
      vertex -6 -37.3982 4.36344
    endloop
  endfacet
  facet normal 0 0.986656 -0.162819
    outer loop
      vertex 6 -28.6557 -1.073
      vertex -6 -28.5971 -0.717894
      vertex 6 -28.5971 -0.717894
    endloop
  endfacet
  facet normal 0 0.986656 -0.162819
    outer loop
      vertex -6 -28.5971 -0.717894
      vertex 6 -28.6557 -1.073
      vertex -6 -28.6557 -1.073
    endloop
  endfacet
  facet normal 0 -0.999462 0.032786
    outer loop
      vertex -6 -39.55 0
      vertex 6 -39.5382 0.359716
      vertex -6 -39.5382 0.359716
    endloop
  endfacet
  facet normal 0 -0.999462 0.032786
    outer loop
      vertex 6 -39.5382 0.359716
      vertex -6 -39.55 0
      vertex 6 -39.55 0
    endloop
  endfacet
  facet normal 0 -0.956924 -0.290339
    outer loop
      vertex -6 -39.2581 -1.76792
      vertex 6 -39.3626 -1.4235
      vertex -6 -39.3626 -1.4235
    endloop
  endfacet
  facet normal 0 -0.956924 -0.290339
    outer loop
      vertex 6 -39.3626 -1.4235
      vertex -6 -39.2581 -1.76792
      vertex 6 -39.2581 -1.76792
    endloop
  endfacet
  facet normal 0 -0.227089 0.973874
    outer loop
      vertex -6 -35.123 5.39432
      vertex 6 -35.4735 5.31259
      vertex 6 -35.123 5.39432
    endloop
  endfacet
  facet normal 0 -0.227089 0.973874
    outer loop
      vertex 6 -35.4735 5.31259
      vertex -6 -35.123 5.39432
      vertex -6 -35.4735 5.31259
    endloop
  endfacet
  facet normal 0 -0.729914 -0.683539
    outer loop
      vertex -6 -37.9391 -3.88909
      vertex 6 -38.1851 -3.6264
      vertex -6 -38.1851 -3.6264
    endloop
  endfacet
  facet normal 0 -0.729914 -0.683539
    outer loop
      vertex 6 -38.1851 -3.6264
      vertex -6 -37.9391 -3.88909
      vertex 6 -37.9391 -3.88909
    endloop
  endfacet
  facet normal 0 0.881874 -0.471485
    outer loop
      vertex 6 -29.2869 -2.75
      vertex -6 -29.1172 -2.43259
      vertex 6 -29.1172 -2.43259
    endloop
  endfacet
  facet normal 0 0.881874 -0.471485
    outer loop
      vertex -6 -29.1172 -2.43259
      vertex 6 -29.2869 -2.75
      vertex -6 -29.2869 -2.75
    endloop
  endfacet
  facet normal 0 -0.352201 -0.935924
    outer loop
      vertex -6 -36.1548 -5.08134
      vertex 6 -35.8179 -5.20812
      vertex 6 -36.1548 -5.08134
    endloop
  endfacet
  facet normal -0 -0.352201 -0.935924
    outer loop
      vertex 6 -35.8179 -5.20812
      vertex -6 -36.1548 -5.08134
      vertex -6 -35.8179 -5.20812
    endloop
  endfacet
  facet normal 0 -0.47141 0.881914
    outer loop
      vertex -6 -36.4826 4.9328
      vertex 6 -36.8 4.76314
      vertex 6 -36.4826 4.9328
    endloop
  endfacet
  facet normal 0 -0.47141 0.881914
    outer loop
      vertex 6 -36.8 4.76314
      vertex -6 -36.4826 4.9328
      vertex -6 -36.8 4.76314
    endloop
  endfacet
  facet normal 0 0.999462 -0.032786
    outer loop
      vertex 6 -28.5618 -0.359716
      vertex -6 -28.55 0
      vertex 6 -28.55 0
    endloop
  endfacet
  facet normal 0 0.999462 -0.032786
    outer loop
      vertex -6 -28.55 0
      vertex 6 -28.5618 -0.359716
      vertex -6 -28.5618 -0.359716
    endloop
  endfacet
  facet normal 0 -0.881874 -0.471485
    outer loop
      vertex -6 -38.8131 -2.75
      vertex 6 -38.9828 -2.43259
      vertex -6 -38.9828 -2.43259
    endloop
  endfacet
  facet normal 0 -0.881874 -0.471485
    outer loop
      vertex 6 -38.9828 -2.43259
      vertex -6 -38.8131 -2.75
      vertex 6 -38.8131 -2.75
    endloop
  endfacet
  facet normal 0 0.0979907 -0.995187
    outer loop
      vertex -6 -33.6903 -5.48822
      vertex 6 -33.3321 -5.45295
      vertex 6 -33.6903 -5.48822
    endloop
  endfacet
  facet normal 0 0.0979907 -0.995187
    outer loop
      vertex 6 -33.3321 -5.45295
      vertex -6 -33.6903 -5.48822
      vertex -6 -33.3321 -5.45295
    endloop
  endfacet
  facet normal 0 -0.999462 -0.032786
    outer loop
      vertex -6 -39.5382 -0.359716
      vertex 6 -39.55 0
      vertex -6 -39.55 0
    endloop
  endfacet
  facet normal 0 -0.999462 -0.032786
    outer loop
      vertex 6 -39.55 0
      vertex -6 -39.5382 -0.359716
      vertex 6 -39.5382 -0.359716
    endloop
  endfacet
  facet normal 0 0.290278 -0.956942
    outer loop
      vertex -6 -32.6265 -5.31259
      vertex 6 -32.2821 -5.20812
      vertex 6 -32.6265 -5.31259
    endloop
  endfacet
  facet normal 0 0.290278 -0.956942
    outer loop
      vertex 6 -32.2821 -5.20812
      vertex -6 -32.6265 -5.31259
      vertex -6 -32.2821 -5.20812
    endloop
  endfacet
  facet normal 0 -0.582415 -0.812892
    outer loop
      vertex -6 -37.3982 -4.36344
      vertex 6 -37.1056 -4.57308
      vertex 6 -37.3982 -4.36344
    endloop
  endfacet
  facet normal -0 -0.582415 -0.812892
    outer loop
      vertex 6 -37.1056 -4.57308
      vertex -6 -37.3982 -4.36344
      vertex -6 -37.1056 -4.57308
    endloop
  endfacet
  facet normal 0 -0.849276 -0.527949
    outer loop
      vertex -6 -38.6231 -3.05564
      vertex 6 -38.8131 -2.75
      vertex -6 -38.8131 -2.75
    endloop
  endfacet
  facet normal 0 -0.849276 -0.527949
    outer loop
      vertex 6 -38.8131 -2.75
      vertex -6 -38.6231 -3.05564
      vertex 6 -38.6231 -3.05564
    endloop
  endfacet
  facet normal 0 -0.68357 0.729885
    outer loop
      vertex -6 -37.6764 4.13512
      vertex 6 -37.9391 3.88909
      vertex 6 -37.6764 4.13512
    endloop
  endfacet
  facet normal 0 -0.68357 0.729885
    outer loop
      vertex 6 -37.9391 3.88909
      vertex -6 -37.6764 4.13512
      vertex -6 -37.9391 3.88909
    endloop
  endfacet
  facet normal 0 -0.729914 0.683539
    outer loop
      vertex -6 -38.1851 3.6264
      vertex 6 -37.9391 3.88909
      vertex -6 -37.9391 3.88909
    endloop
  endfacet
  facet normal 0 -0.729914 0.683539
    outer loop
      vertex 6 -37.9391 3.88909
      vertex -6 -38.1851 3.6264
      vertex 6 -38.1851 3.6264
    endloop
  endfacet
  facet normal 0 -0.0979907 -0.995187
    outer loop
      vertex -6 -34.7679 -5.45295
      vertex 6 -34.4097 -5.48822
      vertex 6 -34.7679 -5.45295
    endloop
  endfacet
  facet normal -0 -0.0979907 -0.995187
    outer loop
      vertex 6 -34.4097 -5.48822
      vertex -6 -34.7679 -5.45295
      vertex -6 -34.4097 -5.48822
    endloop
  endfacet
  facet normal 0 -0.849276 0.527949
    outer loop
      vertex -6 -38.8131 2.75
      vertex 6 -38.6231 3.05564
      vertex -6 -38.6231 3.05564
    endloop
  endfacet
  facet normal 0 -0.849276 0.527949
    outer loop
      vertex 6 -38.6231 3.05564
      vertex -6 -38.8131 2.75
      vertex 6 -38.8131 2.75
    endloop
  endfacet
  facet normal 0 0.849276 -0.527949
    outer loop
      vertex 6 -29.4769 -3.05564
      vertex -6 -29.2869 -2.75
      vertex 6 -29.2869 -2.75
    endloop
  endfacet
  facet normal 0 0.849276 -0.527949
    outer loop
      vertex -6 -29.2869 -2.75
      vertex 6 -29.4769 -3.05564
      vertex -6 -29.4769 -3.05564
    endloop
  endfacet
  facet normal 0 -0.910903 -0.41262
    outer loop
      vertex -6 -38.9828 -2.43259
      vertex 6 -39.1313 -2.10476
      vertex -6 -39.1313 -2.10476
    endloop
  endfacet
  facet normal 0 -0.910903 -0.41262
    outer loop
      vertex 6 -39.1313 -2.10476
      vertex -6 -38.9828 -2.43259
      vertex 6 -38.9828 -2.43259
    endloop
  endfacet
  facet normal 0 -0.227089 -0.973874
    outer loop
      vertex -6 -35.4735 -5.31259
      vertex 6 -35.123 -5.39432
      vertex 6 -35.4735 -5.31259
    endloop
  endfacet
  facet normal -0 -0.227089 -0.973874
    outer loop
      vertex 6 -35.123 -5.39432
      vertex -6 -35.4735 -5.31259
      vertex -6 -35.123 -5.39432
    endloop
  endfacet
  facet normal 0 0.162903 -0.986642
    outer loop
      vertex -6 -33.3321 -5.45295
      vertex 6 -32.977 -5.39432
      vertex 6 -33.3321 -5.45295
    endloop
  endfacet
  facet normal 0 0.162903 -0.986642
    outer loop
      vertex 6 -32.977 -5.39432
      vertex -6 -33.3321 -5.45295
      vertex -6 -32.977 -5.39432
    endloop
  endfacet
  facet normal 0 0.995179 -0.0980792
    outer loop
      vertex 6 -28.5971 -0.717894
      vertex -6 -28.5618 -0.359716
      vertex 6 -28.5618 -0.359716
    endloop
  endfacet
  facet normal 0 0.995179 -0.0980792
    outer loop
      vertex -6 -28.5618 -0.359716
      vertex 6 -28.5971 -0.717894
      vertex -6 -28.5971 -0.717894
    endloop
  endfacet
  facet normal 0 -0.528119 -0.84917
    outer loop
      vertex -6 -37.1056 -4.57308
      vertex 6 -36.8 -4.76314
      vertex 6 -37.1056 -4.57308
    endloop
  endfacet
  facet normal -0 -0.528119 -0.84917
    outer loop
      vertex 6 -36.8 -4.76314
      vertex -6 -37.1056 -4.57308
      vertex -6 -36.8 -4.76314
    endloop
  endfacet
  facet normal 0 -0.68357 -0.729885
    outer loop
      vertex -6 -37.9391 -3.88909
      vertex 6 -37.6764 -4.13512
      vertex 6 -37.9391 -3.88909
    endloop
  endfacet
  facet normal -0 -0.68357 -0.729885
    outer loop
      vertex 6 -37.6764 -4.13512
      vertex -6 -37.9391 -3.88909
      vertex -6 -37.6764 -4.13512
    endloop
  endfacet
  facet normal 0 -0.910903 0.41262
    outer loop
      vertex -6 -39.1313 2.10476
      vertex 6 -38.9828 2.43259
      vertex -6 -38.9828 2.43259
    endloop
  endfacet
  facet normal 0 -0.910903 0.41262
    outer loop
      vertex 6 -38.9828 2.43259
      vertex -6 -39.1313 2.10476
      vertex 6 -39.1313 2.10476
    endloop
  endfacet
  facet normal 0 -0.773039 -0.634358
    outer loop
      vertex -6 -38.1851 -3.6264
      vertex 6 -38.4134 -3.34819
      vertex -6 -38.4134 -3.34819
    endloop
  endfacet
  facet normal 0 -0.773039 -0.634358
    outer loop
      vertex 6 -38.4134 -3.34819
      vertex -6 -38.1851 -3.6264
      vertex 6 -38.1851 -3.6264
    endloop
  endfacet
  facet normal 0 0.47141 -0.881914
    outer loop
      vertex -6 -31.6174 -4.9328
      vertex 6 -31.3 -4.76314
      vertex 6 -31.6174 -4.9328
    endloop
  endfacet
  facet normal 0 0.47141 -0.881914
    outer loop
      vertex 6 -31.3 -4.76314
      vertex -6 -31.6174 -4.9328
      vertex -6 -31.3 -4.76314
    endloop
  endfacet
  facet normal 0 -0.634405 0.773001
    outer loop
      vertex -6 -37.3982 4.36344
      vertex 6 -37.6764 4.13512
      vertex 6 -37.3982 4.36344
    endloop
  endfacet
  facet normal 0 -0.634405 0.773001
    outer loop
      vertex 6 -37.6764 4.13512
      vertex -6 -37.3982 4.36344
      vertex -6 -37.6764 4.13512
    endloop
  endfacet
  facet normal 0 -0.290278 0.956942
    outer loop
      vertex -6 -35.4735 5.31259
      vertex 6 -35.8179 5.20812
      vertex 6 -35.4735 5.31259
    endloop
  endfacet
  facet normal 0 -0.290278 0.956942
    outer loop
      vertex 6 -35.8179 5.20812
      vertex -6 -35.4735 5.31259
      vertex -6 -35.8179 5.20812
    endloop
  endfacet
  facet normal 0 0.634405 -0.773001
    outer loop
      vertex -6 -30.7018 -4.36344
      vertex 6 -30.4236 -4.13512
      vertex 6 -30.7018 -4.36344
    endloop
  endfacet
  facet normal 0 0.634405 -0.773001
    outer loop
      vertex 6 -30.4236 -4.13512
      vertex -6 -30.7018 -4.36344
      vertex -6 -30.4236 -4.13512
    endloop
  endfacet
  facet normal 0 0.582415 -0.812892
    outer loop
      vertex -6 -30.9944 -4.57308
      vertex 6 -30.7018 -4.36344
      vertex 6 -30.9944 -4.57308
    endloop
  endfacet
  facet normal 0 0.582415 -0.812892
    outer loop
      vertex 6 -30.7018 -4.36344
      vertex -6 -30.9944 -4.57308
      vertex -6 -30.7018 -4.36344
    endloop
  endfacet
  facet normal 0 -0.290278 -0.956942
    outer loop
      vertex -6 -35.8179 -5.20812
      vertex 6 -35.4735 -5.31259
      vertex 6 -35.8179 -5.20812
    endloop
  endfacet
  facet normal -0 -0.290278 -0.956942
    outer loop
      vertex 6 -35.4735 -5.31259
      vertex -6 -35.8179 -5.20812
      vertex -6 -35.4735 -5.31259
    endloop
  endfacet
  facet normal 0 0.528119 -0.84917
    outer loop
      vertex -6 -31.3 -4.76314
      vertex 6 -30.9944 -4.57308
      vertex 6 -31.3 -4.76314
    endloop
  endfacet
  facet normal 0 0.528119 -0.84917
    outer loop
      vertex 6 -30.9944 -4.57308
      vertex -6 -31.3 -4.76314
      vertex -6 -30.9944 -4.57308
    endloop
  endfacet
  facet normal 0 -0.956924 0.290339
    outer loop
      vertex -6 -39.3626 1.4235
      vertex 6 -39.2581 1.76792
      vertex -6 -39.2581 1.76792
    endloop
  endfacet
  facet normal 0 -0.956924 0.290339
    outer loop
      vertex 6 -39.2581 1.76792
      vertex -6 -39.3626 1.4235
      vertex 6 -39.3626 1.4235
    endloop
  endfacet
  facet normal 0 -0.773039 0.634358
    outer loop
      vertex -6 -38.4134 3.34819
      vertex 6 -38.1851 3.6264
      vertex -6 -38.1851 3.6264
    endloop
  endfacet
  facet normal 0 -0.773039 0.634358
    outer loop
      vertex 6 -38.1851 3.6264
      vertex -6 -38.4134 3.34819
      vertex 6 -38.4134 3.34819
    endloop
  endfacet
  facet normal 0 -0.47141 -0.881914
    outer loop
      vertex -6 -36.8 -4.76314
      vertex 6 -36.4826 -4.9328
      vertex 6 -36.8 -4.76314
    endloop
  endfacet
  facet normal -0 -0.47141 -0.881914
    outer loop
      vertex 6 -36.4826 -4.9328
      vertex -6 -36.8 -4.76314
      vertex -6 -36.4826 -4.9328
    endloop
  endfacet
  facet normal 0 0.032732 -0.999464
    outer loop
      vertex -6 -34.05 -5.5
      vertex 6 -33.6903 -5.48822
      vertex 6 -34.05 -5.5
    endloop
  endfacet
  facet normal 0 0.032732 -0.999464
    outer loop
      vertex 6 -33.6903 -5.48822
      vertex -6 -34.05 -5.5
      vertex -6 -33.6903 -5.48822
    endloop
  endfacet
  facet normal 0 -0.995179 -0.0980792
    outer loop
      vertex -6 -39.5029 -0.717894
      vertex 6 -39.5382 -0.359716
      vertex -6 -39.5382 -0.359716
    endloop
  endfacet
  facet normal 0 -0.995179 -0.0980792
    outer loop
      vertex 6 -39.5382 -0.359716
      vertex -6 -39.5029 -0.717894
      vertex 6 -39.5029 -0.717894
    endloop
  endfacet
  facet normal 0 -0.162903 0.986642
    outer loop
      vertex -6 -34.7679 5.45295
      vertex 6 -35.123 5.39432
      vertex 6 -34.7679 5.45295
    endloop
  endfacet
  facet normal 0 -0.162903 0.986642
    outer loop
      vertex 6 -35.123 5.39432
      vertex -6 -34.7679 5.45295
      vertex -6 -35.123 5.39432
    endloop
  endfacet
  facet normal 0 0.935885 -0.352305
    outer loop
      vertex 6 -28.9687 -2.10476
      vertex -6 -28.8419 -1.76792
      vertex 6 -28.8419 -1.76792
    endloop
  endfacet
  facet normal 0 0.935885 -0.352305
    outer loop
      vertex -6 -28.8419 -1.76792
      vertex 6 -28.9687 -2.10476
      vertex -6 -28.9687 -2.10476
    endloop
  endfacet
  facet normal 0 -0.352201 0.935924
    outer loop
      vertex -6 -35.8179 5.20812
      vertex 6 -36.1548 5.08134
      vertex 6 -35.8179 5.20812
    endloop
  endfacet
  facet normal 0 -0.352201 0.935924
    outer loop
      vertex 6 -36.1548 5.08134
      vertex -6 -35.8179 5.20812
      vertex -6 -36.1548 5.08134
    endloop
  endfacet
  facet normal 0 -0.812766 -0.582591
    outer loop
      vertex -6 -38.4134 -3.34819
      vertex 6 -38.6231 -3.05564
      vertex -6 -38.6231 -3.05564
    endloop
  endfacet
  facet normal 0 -0.812766 -0.582591
    outer loop
      vertex 6 -38.6231 -3.05564
      vertex -6 -38.4134 -3.34819
      vertex 6 -38.4134 -3.34819
    endloop
  endfacet
  facet normal 0 -0.973892 0.22701
    outer loop
      vertex -6 -39.4443 1.073
      vertex 6 -39.3626 1.4235
      vertex -6 -39.3626 1.4235
    endloop
  endfacet
  facet normal 0 -0.973892 0.22701
    outer loop
      vertex 6 -39.3626 1.4235
      vertex -6 -39.4443 1.073
      vertex 6 -39.4443 1.073
    endloop
  endfacet
  facet normal 0 0.352201 -0.935924
    outer loop
      vertex -6 -32.2821 -5.20812
      vertex 6 -31.9452 -5.08134
      vertex 6 -32.2821 -5.20812
    endloop
  endfacet
  facet normal 0 0.352201 -0.935924
    outer loop
      vertex 6 -31.9452 -5.08134
      vertex -6 -32.2821 -5.20812
      vertex -6 -31.9452 -5.08134
    endloop
  endfacet
  facet normal 0 -0.986656 0.162819
    outer loop
      vertex -6 -39.5029 0.717894
      vertex 6 -39.4443 1.073
      vertex -6 -39.4443 1.073
    endloop
  endfacet
  facet normal 0 -0.986656 0.162819
    outer loop
      vertex 6 -39.4443 1.073
      vertex -6 -39.5029 0.717894
      vertex 6 -39.5029 0.717894
    endloop
  endfacet
  facet normal 0 0.412743 -0.910847
    outer loop
      vertex -6 -31.9452 -5.08134
      vertex 6 -31.6174 -4.9328
      vertex 6 -31.9452 -5.08134
    endloop
  endfacet
  facet normal 0 0.412743 -0.910847
    outer loop
      vertex 6 -31.6174 -4.9328
      vertex -6 -31.9452 -5.08134
      vertex -6 -31.6174 -4.9328
    endloop
  endfacet
  facet normal 0 0.910903 -0.41262
    outer loop
      vertex 6 -29.1172 -2.43259
      vertex -6 -28.9687 -2.10476
      vertex 6 -28.9687 -2.10476
    endloop
  endfacet
  facet normal 0 0.910903 -0.41262
    outer loop
      vertex -6 -28.9687 -2.10476
      vertex 6 -29.1172 -2.43259
      vertex -6 -29.1172 -2.43259
    endloop
  endfacet
  facet normal 0 0.227089 -0.973874
    outer loop
      vertex -6 -32.977 -5.39432
      vertex 6 -32.6265 -5.31259
      vertex 6 -32.977 -5.39432
    endloop
  endfacet
  facet normal 0 0.227089 -0.973874
    outer loop
      vertex 6 -32.6265 -5.31259
      vertex -6 -32.977 -5.39432
      vertex -6 -32.6265 -5.31259
    endloop
  endfacet
  facet normal 0 -0.986656 -0.162819
    outer loop
      vertex -6 -39.4443 -1.073
      vertex 6 -39.5029 -0.717894
      vertex -6 -39.5029 -0.717894
    endloop
  endfacet
  facet normal 0 -0.986656 -0.162819
    outer loop
      vertex 6 -39.5029 -0.717894
      vertex -6 -39.4443 -1.073
      vertex 6 -39.4443 -1.073
    endloop
  endfacet
  facet normal 0 -0.973892 -0.22701
    outer loop
      vertex -6 -39.3626 -1.4235
      vertex 6 -39.4443 -1.073
      vertex -6 -39.4443 -1.073
    endloop
  endfacet
  facet normal 0 -0.973892 -0.22701
    outer loop
      vertex 6 -39.4443 -1.073
      vertex -6 -39.3626 -1.4235
      vertex 6 -39.3626 -1.4235
    endloop
  endfacet
  facet normal 0 -0.528119 0.84917
    outer loop
      vertex -6 -36.8 4.76314
      vertex 6 -37.1056 4.57308
      vertex 6 -36.8 4.76314
    endloop
  endfacet
  facet normal 0 -0.528119 0.84917
    outer loop
      vertex 6 -37.1056 4.57308
      vertex -6 -36.8 4.76314
      vertex -6 -37.1056 4.57308
    endloop
  endfacet
  facet normal 0 -0.162903 -0.986642
    outer loop
      vertex -6 -35.123 -5.39432
      vertex 6 -34.7679 -5.45295
      vertex 6 -35.123 -5.39432
    endloop
  endfacet
  facet normal -0 -0.162903 -0.986642
    outer loop
      vertex 6 -34.7679 -5.45295
      vertex -6 -35.123 -5.39432
      vertex -6 -34.7679 -5.45295
    endloop
  endfacet
  facet normal 0 -0.812766 0.582591
    outer loop
      vertex -6 -38.6231 3.05564
      vertex 6 -38.4134 3.34819
      vertex -6 -38.4134 3.34819
    endloop
  endfacet
  facet normal 0 -0.812766 0.582591
    outer loop
      vertex 6 -38.4134 3.34819
      vertex -6 -38.6231 3.05564
      vertex 6 -38.6231 3.05564
    endloop
  endfacet
  facet normal 0 -0.412743 -0.910847
    outer loop
      vertex -6 -36.4826 -4.9328
      vertex 6 -36.1548 -5.08134
      vertex 6 -36.4826 -4.9328
    endloop
  endfacet
  facet normal -0 -0.412743 -0.910847
    outer loop
      vertex 6 -36.1548 -5.08134
      vertex -6 -36.4826 -4.9328
      vertex -6 -36.1548 -5.08134
    endloop
  endfacet
  facet normal 0 -0.995179 0.0980792
    outer loop
      vertex -6 -39.5382 0.359716
      vertex 6 -39.5029 0.717894
      vertex -6 -39.5029 0.717894
    endloop
  endfacet
  facet normal 0 -0.995179 0.0980792
    outer loop
      vertex 6 -39.5029 0.717894
      vertex -6 -39.5382 0.359716
      vertex 6 -39.5382 0.359716
    endloop
  endfacet
  facet normal 0 0.973892 -0.22701
    outer loop
      vertex 6 -28.7374 -1.4235
      vertex -6 -28.6557 -1.073
      vertex 6 -28.6557 -1.073
    endloop
  endfacet
  facet normal 0 0.973892 -0.22701
    outer loop
      vertex -6 -28.6557 -1.073
      vertex 6 -28.7374 -1.4235
      vertex -6 -28.7374 -1.4235
    endloop
  endfacet
  facet normal 0 0.729914 -0.683539
    outer loop
      vertex 6 -30.1609 -3.88909
      vertex -6 -29.9149 -3.6264
      vertex 6 -29.9149 -3.6264
    endloop
  endfacet
  facet normal 0 0.729914 -0.683539
    outer loop
      vertex -6 -29.9149 -3.6264
      vertex 6 -30.1609 -3.88909
      vertex -6 -30.1609 -3.88909
    endloop
  endfacet
  facet normal 0 0.773039 -0.634358
    outer loop
      vertex 6 -29.9149 -3.6264
      vertex -6 -29.6866 -3.34819
      vertex 6 -29.6866 -3.34819
    endloop
  endfacet
  facet normal 0 0.773039 -0.634358
    outer loop
      vertex -6 -29.6866 -3.34819
      vertex 6 -29.9149 -3.6264
      vertex -6 -29.9149 -3.6264
    endloop
  endfacet
  facet normal 0 0.956924 -0.290339
    outer loop
      vertex 6 -28.8419 -1.76792
      vertex -6 -28.7374 -1.4235
      vertex 6 -28.7374 -1.4235
    endloop
  endfacet
  facet normal 0 0.956924 -0.290339
    outer loop
      vertex -6 -28.7374 -1.4235
      vertex 6 -28.8419 -1.76792
      vertex -6 -28.8419 -1.76792
    endloop
  endfacet
  facet normal 0 -0.935885 -0.352305
    outer loop
      vertex -6 -39.1313 -2.10476
      vertex 6 -39.2581 -1.76792
      vertex -6 -39.2581 -1.76792
    endloop
  endfacet
  facet normal 0 -0.935885 -0.352305
    outer loop
      vertex 6 -39.2581 -1.76792
      vertex -6 -39.1313 -2.10476
      vertex 6 -39.1313 -2.10476
    endloop
  endfacet
  facet normal 0 -0.0979907 0.995187
    outer loop
      vertex -6 -34.4097 5.48822
      vertex 6 -34.7679 5.45295
      vertex 6 -34.4097 5.48822
    endloop
  endfacet
  facet normal 0 -0.0979907 0.995187
    outer loop
      vertex 6 -34.7679 5.45295
      vertex -6 -34.4097 5.48822
      vertex -6 -34.7679 5.45295
    endloop
  endfacet
  facet normal 0 -0.032732 0.999464
    outer loop
      vertex -6 -34.05 5.5
      vertex 6 -34.4097 5.48822
      vertex 6 -34.05 5.5
    endloop
  endfacet
  facet normal 0 -0.032732 0.999464
    outer loop
      vertex 6 -34.4097 5.48822
      vertex -6 -34.05 5.5
      vertex -6 -34.4097 5.48822
    endloop
  endfacet
  facet normal 1 0 0
    outer loop
      vertex 6 -26.9921 1.76915
      vertex 6 -28.55 0
      vertex 6 -27.0238 0.799999
    endloop
  endfacet
  facet normal 1 0 0
    outer loop
      vertex 6 -31.7635 1.52782
      vertex 6 -26.9921 1.76915
      vertex 6 -26.8186 3.53073
    endloop
  endfacet
  facet normal 1 0 0
    outer loop
      vertex 6 -32.3759 2.18172
      vertex 6 -26.8186 3.53073
      vertex 6 -26.5302 5.27719
    endloop
  endfacet
  facet normal 1 -0 0
    outer loop
      vertex 6 -34.05 5.5
      vertex 6 -26.5302 5.27719
      vertex 6 -26.4783 5.5
    endloop
  endfacet
  facet normal 1 -0 0
    outer loop
      vertex 6 -31.3059 -0.179858
      vertex 6 -28.5618 -0.359716
      vertex 6 -28.55 0
    endloop
  endfacet
  facet normal 1 0 0
    outer loop
      vertex 6 -28.5618 -0.359716
      vertex 6 -31.3059 -0.179858
      vertex 6 -28.5971 -0.717894
    endloop
  endfacet
  facet normal 1 0 0
    outer loop
      vertex 6 -28.5971 -0.717894
      vertex 6 -31.3235 -0.358947
      vertex 6 -28.6557 -1.073
    endloop
  endfacet
  facet normal 1 -0 0
    outer loop
      vertex 6 -31.3528 -0.536498
      vertex 6 -28.6557 -1.073
      vertex 6 -31.3235 -0.358947
    endloop
  endfacet
  facet normal 1 -0 0
    outer loop
      vertex 6 -31.3937 -0.711752
      vertex 6 -28.7374 -1.4235
      vertex 6 -31.3528 -0.536498
    endloop
  endfacet
  facet normal 1 0 0
    outer loop
      vertex 6 -28.7374 -1.4235
      vertex 6 -31.3937 -0.711752
      vertex 6 -28.8419 -1.76792
    endloop
  endfacet
  facet normal 1 0 0
    outer loop
      vertex 6 -28.8419 -1.76792
      vertex 6 -31.4459 -0.883958
      vertex 6 -28.9687 -2.10476
    endloop
  endfacet
  facet normal 1 -0 0
    outer loop
      vertex 6 -31.5093 -1.05238
      vertex 6 -28.9687 -2.10476
      vertex 6 -31.4459 -0.883958
    endloop
  endfacet
  facet normal 1 -0 0
    outer loop
      vertex 6 -31.5836 -1.21629
      vertex 6 -29.1172 -2.43259
      vertex 6 -31.5093 -1.05238
    endloop
  endfacet
  facet normal 1 0 0
    outer loop
      vertex 6 -29.1172 -2.43259
      vertex 6 -31.5836 -1.21629
      vertex 6 -29.2869 -2.75
    endloop
  endfacet
  facet normal 1 0 0
    outer loop
      vertex 6 -29.2869 -2.75
      vertex 6 -31.6684 -1.375
      vertex 6 -29.4769 -3.05564
    endloop
  endfacet
  facet normal 1 0 0
    outer loop
      vertex 6 -26.9921 1.76915
      vertex 6 -31.7635 1.52782
      vertex 6 -31.6684 1.375
    endloop
  endfacet
  facet normal 1 0 0
    outer loop
      vertex 6 -28.5971 -0.717894
      vertex 6 -31.3059 -0.179858
      vertex 6 -31.3235 -0.358947
    endloop
  endfacet
  facet normal 1 0 0
    outer loop
      vertex 6 -28.6557 -1.073
      vertex 6 -31.3528 -0.536498
      vertex 6 -28.7374 -1.4235
    endloop
  endfacet
  facet normal 1 0 0
    outer loop
      vertex 6 -28.9687 -2.10476
      vertex 6 -31.5093 -1.05238
      vertex 6 -29.1172 -2.43259
    endloop
  endfacet
  facet normal 1 0 0
    outer loop
      vertex 6 -28.55 0
      vertex 6 -31.3 0
      vertex 6 -31.3059 -0.179858
    endloop
  endfacet
  facet normal 1 0 0
    outer loop
      vertex 6 -28.55 0
      vertex 6 -31.3059 0.179858
      vertex 6 -31.3 0
    endloop
  endfacet
  facet normal 1 0 0
    outer loop
      vertex 6 -28.55 0
      vertex 6 -31.3235 0.358947
      vertex 6 -31.3059 0.179858
    endloop
  endfacet
  facet normal 1 0 0
    outer loop
      vertex 6 -28.55 0
      vertex 6 -31.3528 0.536498
      vertex 6 -31.3235 0.358947
    endloop
  endfacet
  facet normal 1 0 0
    outer loop
      vertex 6 -28.55 0
      vertex 6 -31.3937 0.711752
      vertex 6 -31.3528 0.536498
    endloop
  endfacet
  facet normal 1 0 0
    outer loop
      vertex 6 -28.55 0
      vertex 6 -31.4459 0.883958
      vertex 6 -31.3937 0.711752
    endloop
  endfacet
  facet normal 1 0 0
    outer loop
      vertex 6 -28.55 0
      vertex 6 -31.5093 1.05238
      vertex 6 -31.4459 0.883958
    endloop
  endfacet
  facet normal 1 0 0
    outer loop
      vertex 6 -28.55 0
      vertex 6 -31.5836 1.21629
      vertex 6 -31.5093 1.05238
    endloop
  endfacet
  facet normal 1 0 0
    outer loop
      vertex 6 -26.9921 1.76915
      vertex 6 -31.5836 1.21629
      vertex 6 -28.55 0
    endloop
  endfacet
  facet normal 1 0 -0
    outer loop
      vertex 6 -31.5836 1.21629
      vertex 6 -26.9921 1.76915
      vertex 6 -31.6684 1.375
    endloop
  endfacet
  facet normal 1 0 0
    outer loop
      vertex 6 -26.8186 3.53073
      vertex 6 -31.8683 1.67409
      vertex 6 -31.7635 1.52782
    endloop
  endfacet
  facet normal 1 0 0
    outer loop
      vertex 6 -26.8186 3.53073
      vertex 6 -31.9824 1.8132
      vertex 6 -31.8683 1.67409
    endloop
  endfacet
  facet normal 1 0 0
    outer loop
      vertex 6 -26.8186 3.53073
      vertex 6 -32.1055 1.94454
      vertex 6 -31.9824 1.8132
    endloop
  endfacet
  facet normal 1 0 0
    outer loop
      vertex 6 -26.8186 3.53073
      vertex 6 -32.2368 2.06756
      vertex 6 -32.1055 1.94454
    endloop
  endfacet
  facet normal 1 0 0
    outer loop
      vertex 6 -26.8186 3.53073
      vertex 6 -32.3759 2.18172
      vertex 6 -32.2368 2.06756
    endloop
  endfacet
  facet normal 1 0 0
    outer loop
      vertex 6 -26.5302 5.27719
      vertex 6 -32.5222 2.28654
      vertex 6 -32.3759 2.18172
    endloop
  endfacet
  facet normal 1 0 0
    outer loop
      vertex 6 -26.5302 5.27719
      vertex 6 -34.05 5.5
      vertex 6 -32.5222 2.28654
    endloop
  endfacet
  facet normal 1 0 0
    outer loop
      vertex 6 -32.5222 2.28654
      vertex 6 -34.05 5.5
      vertex 6 -32.675 2.38157
    endloop
  endfacet
  facet normal 1 0 0
    outer loop
      vertex 6 -32.675 2.38157
      vertex 6 -34.05 5.5
      vertex 6 -32.8337 2.4664
    endloop
  endfacet
  facet normal 1 0 0
    outer loop
      vertex 6 -32.8337 2.4664
      vertex 6 -34.05 5.5
      vertex 6 -32.9976 2.54067
    endloop
  endfacet
  facet normal 1 0 0
    outer loop
      vertex 6 -32.9976 2.54067
      vertex 6 -34.05 5.5
      vertex 6 -33.166 2.60406
    endloop
  endfacet
  facet normal 1 0 0
    outer loop
      vertex 6 -33.166 2.60406
      vertex 6 -34.05 5.5
      vertex 6 -33.3382 2.6563
    endloop
  endfacet
  facet normal 1 0 0
    outer loop
      vertex 6 -33.3382 2.6563
      vertex 6 -34.05 5.5
      vertex 6 -33.5135 2.69716
    endloop
  endfacet
  facet normal 1 0 0
    outer loop
      vertex 6 -33.5135 2.69716
      vertex 6 -34.05 5.5
      vertex 6 -33.6911 2.72647
    endloop
  endfacet
  facet normal 1 0 0
    outer loop
      vertex 6 -33.6911 2.72647
      vertex 6 -34.05 5.5
      vertex 6 -33.8701 2.74411
    endloop
  endfacet
  facet normal 1 0 0
    outer loop
      vertex 6 -34.05 5.5
      vertex 6 -34.05 2.75
      vertex 6 -33.8701 2.74411
    endloop
  endfacet
  facet normal 1 0 0
    outer loop
      vertex 6 -34.05 5.5
      vertex 6 -34.2299 2.74411
      vertex 6 -34.05 2.75
    endloop
  endfacet
  facet normal 1 -0 0
    outer loop
      vertex 6 -34.4097 5.48822
      vertex 6 -34.2299 2.74411
      vertex 6 -34.05 5.5
    endloop
  endfacet
  facet normal 1 0 0
    outer loop
      vertex 6 -34.2299 2.74411
      vertex 6 -34.4097 5.48822
      vertex 6 -34.4089 2.72647
    endloop
  endfacet
  facet normal 1 -0 0
    outer loop
      vertex 6 -34.7679 5.45295
      vertex 6 -34.4089 2.72647
      vertex 6 -34.4097 5.48822
    endloop
  endfacet
  facet normal 1 0 0
    outer loop
      vertex 6 -34.4089 2.72647
      vertex 6 -34.7679 5.45295
      vertex 6 -34.5865 2.69716
    endloop
  endfacet
  facet normal 1 -0 0
    outer loop
      vertex 6 -35.123 5.39432
      vertex 6 -34.5865 2.69716
      vertex 6 -34.7679 5.45295
    endloop
  endfacet
  facet normal 1 0 0
    outer loop
      vertex 6 -34.5865 2.69716
      vertex 6 -35.123 5.39432
      vertex 6 -34.7618 2.6563
    endloop
  endfacet
  facet normal 1 -0 0
    outer loop
      vertex 6 -35.4735 5.31259
      vertex 6 -34.7618 2.6563
      vertex 6 -35.123 5.39432
    endloop
  endfacet
  facet normal 1 0 0
    outer loop
      vertex 6 -34.7618 2.6563
      vertex 6 -35.4735 5.31259
      vertex 6 -34.934 2.60406
    endloop
  endfacet
  facet normal 1 -0 0
    outer loop
      vertex 6 -35.8179 5.20812
      vertex 6 -34.934 2.60406
      vertex 6 -35.4735 5.31259
    endloop
  endfacet
  facet normal 1 0 0
    outer loop
      vertex 6 -34.934 2.60406
      vertex 6 -35.8179 5.20812
      vertex 6 -35.1024 2.54067
    endloop
  endfacet
  facet normal 1 -0 0
    outer loop
      vertex 6 -36.1548 5.08134
      vertex 6 -35.1024 2.54067
      vertex 6 -35.8179 5.20812
    endloop
  endfacet
  facet normal 1 0 0
    outer loop
      vertex 6 -35.1024 2.54067
      vertex 6 -36.1548 5.08134
      vertex 6 -35.2663 2.4664
    endloop
  endfacet
  facet normal 1 -0 0
    outer loop
      vertex 6 -36.4826 4.9328
      vertex 6 -35.2663 2.4664
      vertex 6 -36.1548 5.08134
    endloop
  endfacet
  facet normal 1 0 0
    outer loop
      vertex 6 -35.2663 2.4664
      vertex 6 -36.4826 4.9328
      vertex 6 -35.425 2.38157
    endloop
  endfacet
  facet normal 1 -0 0
    outer loop
      vertex 6 -36.8 4.76314
      vertex 6 -35.425 2.38157
      vertex 6 -36.4826 4.9328
    endloop
  endfacet
  facet normal 1 0 0
    outer loop
      vertex 6 -35.425 2.38157
      vertex 6 -36.8 4.76314
      vertex 6 -35.5778 2.28654
    endloop
  endfacet
  facet normal 1 -0 0
    outer loop
      vertex 6 -37.1056 4.57308
      vertex 6 -35.5778 2.28654
      vertex 6 -36.8 4.76314
    endloop
  endfacet
  facet normal 1 0 0
    outer loop
      vertex 6 -35.5778 2.28654
      vertex 6 -37.1056 4.57308
      vertex 6 -35.7241 2.18172
    endloop
  endfacet
  facet normal 1 -0 0
    outer loop
      vertex 6 -37.3982 4.36344
      vertex 6 -35.7241 2.18172
      vertex 6 -37.1056 4.57308
    endloop
  endfacet
  facet normal 1 0 0
    outer loop
      vertex 6 -35.7241 2.18172
      vertex 6 -37.3982 4.36344
      vertex 6 -35.8632 2.06756
    endloop
  endfacet
  facet normal 1 -0 0
    outer loop
      vertex 6 -37.6764 4.13512
      vertex 6 -35.8632 2.06756
      vertex 6 -37.3982 4.36344
    endloop
  endfacet
  facet normal 1 0 0
    outer loop
      vertex 6 -35.8632 2.06756
      vertex 6 -37.6764 4.13512
      vertex 6 -35.9945 1.94454
    endloop
  endfacet
  facet normal 1 -0 0
    outer loop
      vertex 6 -37.9391 3.88909
      vertex 6 -35.9945 1.94454
      vertex 6 -37.6764 4.13512
    endloop
  endfacet
  facet normal 1 0 0
    outer loop
      vertex 6 -35.9945 1.94454
      vertex 6 -37.9391 3.88909
      vertex 6 -36.1176 1.8132
    endloop
  endfacet
  facet normal 1 -0 0
    outer loop
      vertex 6 -38.1851 3.6264
      vertex 6 -36.1176 1.8132
      vertex 6 -37.9391 3.88909
    endloop
  endfacet
  facet normal 1 0 0
    outer loop
      vertex 6 -36.1176 1.8132
      vertex 6 -38.1851 3.6264
      vertex 6 -36.2317 1.67409
    endloop
  endfacet
  facet normal 1 -0 0
    outer loop
      vertex 6 -38.4134 3.34819
      vertex 6 -36.2317 1.67409
      vertex 6 -38.1851 3.6264
    endloop
  endfacet
  facet normal 1 0 0
    outer loop
      vertex 6 -36.2317 1.67409
      vertex 6 -38.4134 3.34819
      vertex 6 -36.3365 1.52782
    endloop
  endfacet
  facet normal 1 -0 0
    outer loop
      vertex 6 -38.6231 3.05564
      vertex 6 -36.3365 1.52782
      vertex 6 -38.4134 3.34819
    endloop
  endfacet
  facet normal 1 0 0
    outer loop
      vertex 6 -36.3365 1.52782
      vertex 6 -38.6231 3.05564
      vertex 6 -36.4316 1.375
    endloop
  endfacet
  facet normal 1 -0 0
    outer loop
      vertex 6 -38.8131 2.75
      vertex 6 -36.4316 1.375
      vertex 6 -38.6231 3.05564
    endloop
  endfacet
  facet normal 1 0 0
    outer loop
      vertex 6 -36.4316 1.375
      vertex 6 -38.8131 2.75
      vertex 6 -36.5164 1.21629
    endloop
  endfacet
  facet normal 1 -0 0
    outer loop
      vertex 6 -38.9828 2.43259
      vertex 6 -36.5164 1.21629
      vertex 6 -38.8131 2.75
    endloop
  endfacet
  facet normal 1 0 0
    outer loop
      vertex 6 -36.8 0
      vertex 6 -37.1056 -4.57308
      vertex 6 -36.8 -4.76314
    endloop
  endfacet
  facet normal 1 0 0
    outer loop
      vertex 6 -36.5164 1.21629
      vertex 6 -38.9828 2.43259
      vertex 6 -36.5907 1.05238
    endloop
  endfacet
  facet normal 1 0 0
    outer loop
      vertex 6 -36.8 0
      vertex 6 -37.3982 -4.36344
      vertex 6 -37.1056 -4.57308
    endloop
  endfacet
  facet normal 1 -0 0
    outer loop
      vertex 6 -39.1313 2.10476
      vertex 6 -36.5907 1.05238
      vertex 6 -38.9828 2.43259
    endloop
  endfacet
  facet normal 1 0 0
    outer loop
      vertex 6 -36.8 0
      vertex 6 -37.6764 -4.13512
      vertex 6 -37.3982 -4.36344
    endloop
  endfacet
  facet normal 1 0 0
    outer loop
      vertex 6 -36.5907 1.05238
      vertex 6 -39.1313 2.10476
      vertex 6 -36.6541 0.883958
    endloop
  endfacet
  facet normal 1 0 0
    outer loop
      vertex 6 -36.8 0
      vertex 6 -37.9391 -3.88909
      vertex 6 -37.6764 -4.13512
    endloop
  endfacet
  facet normal 1 -0 0
    outer loop
      vertex 6 -39.2581 1.76792
      vertex 6 -36.6541 0.883958
      vertex 6 -39.1313 2.10476
    endloop
  endfacet
  facet normal 1 0 0
    outer loop
      vertex 6 -36.8 0
      vertex 6 -38.1851 -3.6264
      vertex 6 -37.9391 -3.88909
    endloop
  endfacet
  facet normal 1 0 0
    outer loop
      vertex 6 -36.6541 0.883958
      vertex 6 -39.2581 1.76792
      vertex 6 -36.7063 0.711752
    endloop
  endfacet
  facet normal 1 0 0
    outer loop
      vertex 6 -36.8 0
      vertex 6 -38.4134 -3.34819
      vertex 6 -38.1851 -3.6264
    endloop
  endfacet
  facet normal 1 -0 0
    outer loop
      vertex 6 -39.3626 1.4235
      vertex 6 -36.7063 0.711752
      vertex 6 -39.2581 1.76792
    endloop
  endfacet
  facet normal 1 0 0
    outer loop
      vertex 6 -36.8 0
      vertex 6 -38.6231 -3.05564
      vertex 6 -38.4134 -3.34819
    endloop
  endfacet
  facet normal 1 0 0
    outer loop
      vertex 6 -36.7063 0.711752
      vertex 6 -39.3626 1.4235
      vertex 6 -36.7472 0.536498
    endloop
  endfacet
  facet normal 1 0 0
    outer loop
      vertex 6 -36.8 0
      vertex 6 -38.8131 -2.75
      vertex 6 -38.6231 -3.05564
    endloop
  endfacet
  facet normal 1 -0 0
    outer loop
      vertex 6 -39.4443 1.073
      vertex 6 -36.7472 0.536498
      vertex 6 -39.3626 1.4235
    endloop
  endfacet
  facet normal 1 0 0
    outer loop
      vertex 6 -36.8 0
      vertex 6 -38.9828 -2.43259
      vertex 6 -38.8131 -2.75
    endloop
  endfacet
  facet normal 1 0 0
    outer loop
      vertex 6 -36.7472 0.536498
      vertex 6 -39.4443 1.073
      vertex 6 -36.7765 0.358947
    endloop
  endfacet
  facet normal 1 0 0
    outer loop
      vertex 6 -36.8 0
      vertex 6 -39.1313 -2.10476
      vertex 6 -38.9828 -2.43259
    endloop
  endfacet
  facet normal 1 -0 0
    outer loop
      vertex 6 -39.5029 0.717894
      vertex 6 -36.7765 0.358947
      vertex 6 -39.4443 1.073
    endloop
  endfacet
  facet normal 1 0 0
    outer loop
      vertex 6 -36.8 0
      vertex 6 -39.2581 -1.76792
      vertex 6 -39.1313 -2.10476
    endloop
  endfacet
  facet normal 1 0 0
    outer loop
      vertex 6 -36.7765 0.358947
      vertex 6 -39.5029 0.717894
      vertex 6 -36.7941 0.179858
    endloop
  endfacet
  facet normal 1 0 0
    outer loop
      vertex 6 -36.8 0
      vertex 6 -39.3626 -1.4235
      vertex 6 -39.2581 -1.76792
    endloop
  endfacet
  facet normal 1 -0 0
    outer loop
      vertex 6 -39.5382 0.359716
      vertex 6 -36.7941 0.179858
      vertex 6 -39.5029 0.717894
    endloop
  endfacet
  facet normal 1 0 0
    outer loop
      vertex 6 -36.8 0
      vertex 6 -39.4443 -1.073
      vertex 6 -39.3626 -1.4235
    endloop
  endfacet
  facet normal 1 0 0
    outer loop
      vertex 6 -36.7941 0.179858
      vertex 6 -39.5382 0.359716
      vertex 6 -36.8 0
    endloop
  endfacet
  facet normal 1 0 0
    outer loop
      vertex 6 -36.8 0
      vertex 6 -39.5029 -0.717894
      vertex 6 -39.4443 -1.073
    endloop
  endfacet
  facet normal 1 0 0
    outer loop
      vertex 6 -39.55 0
      vertex 6 -36.8 0
      vertex 6 -39.5382 0.359716
    endloop
  endfacet
  facet normal 1 0 0
    outer loop
      vertex 6 -36.8 0
      vertex 6 -39.5382 -0.359716
      vertex 6 -39.5029 -0.717894
    endloop
  endfacet
  facet normal 1 0 0
    outer loop
      vertex 6 -36.8 0
      vertex 6 -39.55 0
      vertex 6 -39.5382 -0.359716
    endloop
  endfacet
  facet normal 1 -0 0
    outer loop
      vertex 6 -27.0238 0.799999
      vertex 6 -25.05 0
      vertex 6 -25.05 0.799999
    endloop
  endfacet
  facet normal 1 0 0
    outer loop
      vertex 6 -25.05 0
      vertex 6 -27.0238 0.799999
      vertex 6 -28.55 0
    endloop
  endfacet
  facet normal 1 -0 0
    outer loop
      vertex 6 -31.4459 -0.883958
      vertex 6 -28.8419 -1.76792
      vertex 6 -31.3937 -0.711752
    endloop
  endfacet
  facet normal 1 -0 0
    outer loop
      vertex 6 -31.6684 -1.375
      vertex 6 -29.2869 -2.75
      vertex 6 -31.5836 -1.21629
    endloop
  endfacet
  facet normal 1 -0 0
    outer loop
      vertex 6 -31.7635 -1.52782
      vertex 6 -29.4769 -3.05564
      vertex 6 -31.6684 -1.375
    endloop
  endfacet
  facet normal 1 0 0
    outer loop
      vertex 6 -29.4769 -3.05564
      vertex 6 -31.7635 -1.52782
      vertex 6 -29.6866 -3.34819
    endloop
  endfacet
  facet normal 1 -0 0
    outer loop
      vertex 6 -31.8683 -1.67409
      vertex 6 -29.6866 -3.34819
      vertex 6 -31.7635 -1.52782
    endloop
  endfacet
  facet normal 1 0 0
    outer loop
      vertex 6 -29.6866 -3.34819
      vertex 6 -31.8683 -1.67409
      vertex 6 -29.9149 -3.6264
    endloop
  endfacet
  facet normal 1 -0 0
    outer loop
      vertex 6 -31.9824 -1.8132
      vertex 6 -29.9149 -3.6264
      vertex 6 -31.8683 -1.67409
    endloop
  endfacet
  facet normal 1 0 0
    outer loop
      vertex 6 -29.9149 -3.6264
      vertex 6 -31.9824 -1.8132
      vertex 6 -30.1609 -3.88909
    endloop
  endfacet
  facet normal 1 -0 0
    outer loop
      vertex 6 -32.1055 -1.94454
      vertex 6 -30.1609 -3.88909
      vertex 6 -31.9824 -1.8132
    endloop
  endfacet
  facet normal 1 0 0
    outer loop
      vertex 6 -30.1609 -3.88909
      vertex 6 -32.1055 -1.94454
      vertex 6 -30.4236 -4.13512
    endloop
  endfacet
  facet normal 1 -0 0
    outer loop
      vertex 6 -32.2368 -2.06756
      vertex 6 -30.4236 -4.13512
      vertex 6 -32.1055 -1.94454
    endloop
  endfacet
  facet normal 1 0 0
    outer loop
      vertex 6 -30.4236 -4.13512
      vertex 6 -32.2368 -2.06756
      vertex 6 -30.7018 -4.36344
    endloop
  endfacet
  facet normal 1 -0 0
    outer loop
      vertex 6 -32.3759 -2.18172
      vertex 6 -30.7018 -4.36344
      vertex 6 -32.2368 -2.06756
    endloop
  endfacet
  facet normal 1 0 0
    outer loop
      vertex 6 -30.7018 -4.36344
      vertex 6 -32.3759 -2.18172
      vertex 6 -30.9944 -4.57308
    endloop
  endfacet
  facet normal 1 -0 0
    outer loop
      vertex 6 -32.5222 -2.28654
      vertex 6 -30.9944 -4.57308
      vertex 6 -32.3759 -2.18172
    endloop
  endfacet
  facet normal 1 0 0
    outer loop
      vertex 6 -30.9944 -4.57308
      vertex 6 -32.5222 -2.28654
      vertex 6 -31.3 -4.76314
    endloop
  endfacet
  facet normal 1 -0 0
    outer loop
      vertex 6 -32.675 -2.38157
      vertex 6 -31.3 -4.76314
      vertex 6 -32.5222 -2.28654
    endloop
  endfacet
  facet normal 1 0 0
    outer loop
      vertex 6 -31.3 -4.76314
      vertex 6 -32.675 -2.38157
      vertex 6 -31.6174 -4.9328
    endloop
  endfacet
  facet normal 1 -0 0
    outer loop
      vertex 6 -32.8337 -2.4664
      vertex 6 -31.6174 -4.9328
      vertex 6 -32.675 -2.38157
    endloop
  endfacet
  facet normal 1 0 0
    outer loop
      vertex 6 -31.6174 -4.9328
      vertex 6 -32.8337 -2.4664
      vertex 6 -31.9452 -5.08134
    endloop
  endfacet
  facet normal 1 -0 0
    outer loop
      vertex 6 -32.9976 -2.54067
      vertex 6 -31.9452 -5.08134
      vertex 6 -32.8337 -2.4664
    endloop
  endfacet
  facet normal 1 0 0
    outer loop
      vertex 6 -31.9452 -5.08134
      vertex 6 -32.9976 -2.54067
      vertex 6 -32.2821 -5.20812
    endloop
  endfacet
  facet normal 1 -0 0
    outer loop
      vertex 6 -33.166 -2.60406
      vertex 6 -32.2821 -5.20812
      vertex 6 -32.9976 -2.54067
    endloop
  endfacet
  facet normal 1 0 0
    outer loop
      vertex 6 -32.2821 -5.20812
      vertex 6 -33.166 -2.60406
      vertex 6 -32.6265 -5.31259
    endloop
  endfacet
  facet normal 1 -0 0
    outer loop
      vertex 6 -33.3382 -2.6563
      vertex 6 -32.6265 -5.31259
      vertex 6 -33.166 -2.60406
    endloop
  endfacet
  facet normal 1 0 0
    outer loop
      vertex 6 -32.6265 -5.31259
      vertex 6 -33.3382 -2.6563
      vertex 6 -32.977 -5.39432
    endloop
  endfacet
  facet normal 1 -0 0
    outer loop
      vertex 6 -33.5135 -2.69716
      vertex 6 -32.977 -5.39432
      vertex 6 -33.3382 -2.6563
    endloop
  endfacet
  facet normal 1 0 0
    outer loop
      vertex 6 -32.977 -5.39432
      vertex 6 -33.5135 -2.69716
      vertex 6 -33.3321 -5.45295
    endloop
  endfacet
  facet normal 1 -0 0
    outer loop
      vertex 6 -33.6911 -2.72647
      vertex 6 -33.3321 -5.45295
      vertex 6 -33.5135 -2.69716
    endloop
  endfacet
  facet normal 1 0 0
    outer loop
      vertex 6 -33.3321 -5.45295
      vertex 6 -33.6911 -2.72647
      vertex 6 -33.6903 -5.48822
    endloop
  endfacet
  facet normal 1 -0 0
    outer loop
      vertex 6 -33.8701 -2.74411
      vertex 6 -33.6903 -5.48822
      vertex 6 -33.6911 -2.72647
    endloop
  endfacet
  facet normal 1 -0 0
    outer loop
      vertex 6 -34.05 -2.75
      vertex 6 -33.6903 -5.48822
      vertex 6 -33.8701 -2.74411
    endloop
  endfacet
  facet normal 1 0 0
    outer loop
      vertex 6 -34.05 -2.75
      vertex 6 -34.05 -5.5
      vertex 6 -33.6903 -5.48822
    endloop
  endfacet
  facet normal 1 0 0
    outer loop
      vertex 6 -34.2299 -2.74411
      vertex 6 -34.05 -5.5
      vertex 6 -34.05 -2.75
    endloop
  endfacet
  facet normal 1 0 0
    outer loop
      vertex 6 -34.4097 -5.48822
      vertex 6 -34.2299 -2.74411
      vertex 6 -34.4089 -2.72647
    endloop
  endfacet
  facet normal 1 0 0
    outer loop
      vertex 6 -34.2299 -2.74411
      vertex 6 -34.4097 -5.48822
      vertex 6 -34.05 -5.5
    endloop
  endfacet
  facet normal 1 0 0
    outer loop
      vertex 6 -34.7679 -5.45295
      vertex 6 -34.4089 -2.72647
      vertex 6 -34.5865 -2.69716
    endloop
  endfacet
  facet normal 1 0 0
    outer loop
      vertex 6 -35.123 -5.39432
      vertex 6 -34.5865 -2.69716
      vertex 6 -34.7618 -2.6563
    endloop
  endfacet
  facet normal 1 0 0
    outer loop
      vertex 6 -34.4089 -2.72647
      vertex 6 -34.7679 -5.45295
      vertex 6 -34.4097 -5.48822
    endloop
  endfacet
  facet normal 1 0 0
    outer loop
      vertex 6 -35.4735 -5.31259
      vertex 6 -34.7618 -2.6563
      vertex 6 -34.934 -2.60406
    endloop
  endfacet
  facet normal 1 0 0
    outer loop
      vertex 6 -35.8179 -5.20812
      vertex 6 -34.934 -2.60406
      vertex 6 -35.1024 -2.54067
    endloop
  endfacet
  facet normal 1 0 0
    outer loop
      vertex 6 -34.5865 -2.69716
      vertex 6 -35.123 -5.39432
      vertex 6 -34.7679 -5.45295
    endloop
  endfacet
  facet normal 1 0 0
    outer loop
      vertex 6 -36.1548 -5.08134
      vertex 6 -35.1024 -2.54067
      vertex 6 -35.2663 -2.4664
    endloop
  endfacet
  facet normal 1 0 0
    outer loop
      vertex 6 -36.4826 -4.9328
      vertex 6 -35.2663 -2.4664
      vertex 6 -35.425 -2.38157
    endloop
  endfacet
  facet normal 1 0 0
    outer loop
      vertex 6 -34.7618 -2.6563
      vertex 6 -35.4735 -5.31259
      vertex 6 -35.123 -5.39432
    endloop
  endfacet
  facet normal 1 0 0
    outer loop
      vertex 6 -36.8 -4.76314
      vertex 6 -35.425 -2.38157
      vertex 6 -35.5778 -2.28654
    endloop
  endfacet
  facet normal 1 0 0
    outer loop
      vertex 6 -36.8 -4.76314
      vertex 6 -35.5778 -2.28654
      vertex 6 -35.7241 -2.18172
    endloop
  endfacet
  facet normal 1 0 0
    outer loop
      vertex 6 -34.934 -2.60406
      vertex 6 -35.8179 -5.20812
      vertex 6 -35.4735 -5.31259
    endloop
  endfacet
  facet normal 1 0 0
    outer loop
      vertex 6 -36.8 -4.76314
      vertex 6 -35.7241 -2.18172
      vertex 6 -35.8632 -2.06756
    endloop
  endfacet
  facet normal 1 0 0
    outer loop
      vertex 6 -36.8 -4.76314
      vertex 6 -35.8632 -2.06756
      vertex 6 -35.9945 -1.94454
    endloop
  endfacet
  facet normal 1 0 0
    outer loop
      vertex 6 -36.8 -4.76314
      vertex 6 -35.9945 -1.94454
      vertex 6 -36.1176 -1.8132
    endloop
  endfacet
  facet normal 1 0 0
    outer loop
      vertex 6 -35.1024 -2.54067
      vertex 6 -36.1548 -5.08134
      vertex 6 -35.8179 -5.20812
    endloop
  endfacet
  facet normal 1 0 0
    outer loop
      vertex 6 -36.8 -4.76314
      vertex 6 -36.1176 -1.8132
      vertex 6 -36.2317 -1.67409
    endloop
  endfacet
  facet normal 1 0 0
    outer loop
      vertex 6 -36.8 -4.76314
      vertex 6 -36.2317 -1.67409
      vertex 6 -36.3365 -1.52782
    endloop
  endfacet
  facet normal 1 0 0
    outer loop
      vertex 6 -36.8 -4.76314
      vertex 6 -36.3365 -1.52782
      vertex 6 -36.4316 -1.375
    endloop
  endfacet
  facet normal 1 0 0
    outer loop
      vertex 6 -35.2663 -2.4664
      vertex 6 -36.4826 -4.9328
      vertex 6 -36.1548 -5.08134
    endloop
  endfacet
  facet normal 1 0 0
    outer loop
      vertex 6 -36.8 -4.76314
      vertex 6 -36.4316 -1.375
      vertex 6 -36.5164 -1.21629
    endloop
  endfacet
  facet normal 1 0 0
    outer loop
      vertex 6 -36.8 -4.76314
      vertex 6 -36.5164 -1.21629
      vertex 6 -36.5907 -1.05238
    endloop
  endfacet
  facet normal 1 0 0
    outer loop
      vertex 6 -36.8 -4.76314
      vertex 6 -36.5907 -1.05238
      vertex 6 -36.6541 -0.883958
    endloop
  endfacet
  facet normal 1 0 0
    outer loop
      vertex 6 -36.8 -4.76314
      vertex 6 -36.6541 -0.883958
      vertex 6 -36.7063 -0.711752
    endloop
  endfacet
  facet normal 1 0 0
    outer loop
      vertex 6 -36.8 -4.76314
      vertex 6 -36.7063 -0.711752
      vertex 6 -36.7472 -0.536498
    endloop
  endfacet
  facet normal 1 0 0
    outer loop
      vertex 6 -36.8 -4.76314
      vertex 6 -36.7472 -0.536498
      vertex 6 -36.7765 -0.358947
    endloop
  endfacet
  facet normal 1 0 0
    outer loop
      vertex 6 -36.8 -4.76314
      vertex 6 -36.7765 -0.358947
      vertex 6 -36.7941 -0.179858
    endloop
  endfacet
  facet normal 1 0 0
    outer loop
      vertex 6 -35.425 -2.38157
      vertex 6 -36.8 -4.76314
      vertex 6 -36.4826 -4.9328
    endloop
  endfacet
  facet normal 1 0 0
    outer loop
      vertex 6 -36.8 -4.76314
      vertex 6 -36.7941 -0.179858
      vertex 6 -36.8 0
    endloop
  endfacet
  facet normal -1 0 0
    outer loop
      vertex -6 -25.05 0
      vertex -6 -27.0238 0.799999
      vertex -6 -25.05 0.799999
    endloop
  endfacet
  facet normal -1 0 -0
    outer loop
      vertex -6 -27.0238 0.799999
      vertex -6 -25.05 0
      vertex -6 -28.55 0
    endloop
  endfacet
  facet normal -1 0 0
    outer loop
      vertex -6 -28.55 0
      vertex -6 -26.9921 1.76915
      vertex -6 -27.0238 0.799999
    endloop
  endfacet
  facet normal -1 0 0
    outer loop
      vertex -6 -31.5836 1.21629
      vertex -6 -26.9921 1.76915
      vertex -6 -28.55 0
    endloop
  endfacet
  facet normal -1 0 0
    outer loop
      vertex -6 -31.7635 1.52782
      vertex -6 -26.9921 1.76915
      vertex -6 -31.6684 1.375
    endloop
  endfacet
  facet normal -1 0 0
    outer loop
      vertex -6 -31.8683 1.67409
      vertex -6 -26.8186 3.53073
      vertex -6 -31.7635 1.52782
    endloop
  endfacet
  facet normal -1 0 0
    outer loop
      vertex -6 -31.3059 -0.179858
      vertex -6 -28.5618 -0.359716
      vertex -6 -28.5971 -0.717894
    endloop
  endfacet
  facet normal -1 0 0
    outer loop
      vertex -6 -31.3235 -0.358947
      vertex -6 -28.5971 -0.717894
      vertex -6 -28.6557 -1.073
    endloop
  endfacet
  facet normal -1 0 0
    outer loop
      vertex -6 -31.3528 -0.536498
      vertex -6 -28.6557 -1.073
      vertex -6 -28.7374 -1.4235
    endloop
  endfacet
  facet normal -1 0 0
    outer loop
      vertex -6 -31.3937 -0.711752
      vertex -6 -28.7374 -1.4235
      vertex -6 -28.8419 -1.76792
    endloop
  endfacet
  facet normal -1 0 0
    outer loop
      vertex -6 -31.4459 -0.883958
      vertex -6 -28.8419 -1.76792
      vertex -6 -28.9687 -2.10476
    endloop
  endfacet
  facet normal -1 0 0
    outer loop
      vertex -6 -31.5093 -1.05238
      vertex -6 -28.9687 -2.10476
      vertex -6 -29.1172 -2.43259
    endloop
  endfacet
  facet normal -1 0 0
    outer loop
      vertex -6 -31.5836 -1.21629
      vertex -6 -29.1172 -2.43259
      vertex -6 -29.2869 -2.75
    endloop
  endfacet
  facet normal -1 0 0
    outer loop
      vertex -6 -31.6684 -1.375
      vertex -6 -29.2869 -2.75
      vertex -6 -29.4769 -3.05564
    endloop
  endfacet
  facet normal -1 0 0
    outer loop
      vertex -6 -31.7635 -1.52782
      vertex -6 -29.4769 -3.05564
      vertex -6 -29.6866 -3.34819
    endloop
  endfacet
  facet normal -1 0 0
    outer loop
      vertex -6 -31.8683 -1.67409
      vertex -6 -29.6866 -3.34819
      vertex -6 -29.9149 -3.6264
    endloop
  endfacet
  facet normal -1 0 0
    outer loop
      vertex -6 -31.9824 -1.8132
      vertex -6 -29.9149 -3.6264
      vertex -6 -30.1609 -3.88909
    endloop
  endfacet
  facet normal -1 0 0
    outer loop
      vertex -6 -28.9687 -2.10476
      vertex -6 -31.5093 -1.05238
      vertex -6 -31.4459 -0.883958
    endloop
  endfacet
  facet normal -1 0 0
    outer loop
      vertex -6 -32.1055 -1.94454
      vertex -6 -30.1609 -3.88909
      vertex -6 -30.4236 -4.13512
    endloop
  endfacet
  facet normal -1 0 0
    outer loop
      vertex -6 -32.2368 -2.06756
      vertex -6 -30.4236 -4.13512
      vertex -6 -30.7018 -4.36344
    endloop
  endfacet
  facet normal -1 0 0
    outer loop
      vertex -6 -32.3759 -2.18172
      vertex -6 -30.7018 -4.36344
      vertex -6 -30.9944 -4.57308
    endloop
  endfacet
  facet normal -1 0 0
    outer loop
      vertex -6 -32.5222 -2.28654
      vertex -6 -30.9944 -4.57308
      vertex -6 -31.3 -4.76314
    endloop
  endfacet
  facet normal -1 0 -0
    outer loop
      vertex -6 -31.3059 -0.179858
      vertex -6 -28.5971 -0.717894
      vertex -6 -31.3235 -0.358947
    endloop
  endfacet
  facet normal -1 0 0
    outer loop
      vertex -6 -31.3235 0.358947
      vertex -6 -28.55 0
      vertex -6 -31.3059 0.179858
    endloop
  endfacet
  facet normal -1 0 0
    outer loop
      vertex -6 -31.3528 0.536498
      vertex -6 -28.55 0
      vertex -6 -31.3235 0.358947
    endloop
  endfacet
  facet normal -1 0 0
    outer loop
      vertex -6 -31.3937 0.711752
      vertex -6 -28.55 0
      vertex -6 -31.3528 0.536498
    endloop
  endfacet
  facet normal -1 0 0
    outer loop
      vertex -6 -31.4459 0.883958
      vertex -6 -28.55 0
      vertex -6 -31.3937 0.711752
    endloop
  endfacet
  facet normal -1 0 0
    outer loop
      vertex -6 -31.5093 1.05238
      vertex -6 -28.55 0
      vertex -6 -31.4459 0.883958
    endloop
  endfacet
  facet normal -1 0 0
    outer loop
      vertex -6 -31.5836 1.21629
      vertex -6 -28.55 0
      vertex -6 -31.5093 1.05238
    endloop
  endfacet
  facet normal -1 0 0
    outer loop
      vertex -6 -26.9921 1.76915
      vertex -6 -31.5836 1.21629
      vertex -6 -31.6684 1.375
    endloop
  endfacet
  facet normal -1 -0 0
    outer loop
      vertex -6 -26.9921 1.76915
      vertex -6 -31.7635 1.52782
      vertex -6 -26.8186 3.53073
    endloop
  endfacet
  facet normal -1 0 0
    outer loop
      vertex -6 -31.9824 1.8132
      vertex -6 -26.8186 3.53073
      vertex -6 -31.8683 1.67409
    endloop
  endfacet
  facet normal -1 0 0
    outer loop
      vertex -6 -32.1055 1.94454
      vertex -6 -26.8186 3.53073
      vertex -6 -31.9824 1.8132
    endloop
  endfacet
  facet normal -1 0 0
    outer loop
      vertex -6 -32.2368 2.06756
      vertex -6 -26.8186 3.53073
      vertex -6 -32.1055 1.94454
    endloop
  endfacet
  facet normal -1 0 0
    outer loop
      vertex -6 -32.3759 2.18172
      vertex -6 -26.8186 3.53073
      vertex -6 -32.2368 2.06756
    endloop
  endfacet
  facet normal -1 -0 0
    outer loop
      vertex -6 -26.8186 3.53073
      vertex -6 -32.3759 2.18172
      vertex -6 -26.5302 5.27719
    endloop
  endfacet
  facet normal -1 0 0
    outer loop
      vertex -6 -32.5222 2.28654
      vertex -6 -26.5302 5.27719
      vertex -6 -32.3759 2.18172
    endloop
  endfacet
  facet normal -1 0 0
    outer loop
      vertex -6 -34.05 5.5
      vertex -6 -26.5302 5.27719
      vertex -6 -32.5222 2.28654
    endloop
  endfacet
  facet normal -1 0 0
    outer loop
      vertex -6 -34.05 5.5
      vertex -6 -32.5222 2.28654
      vertex -6 -32.675 2.38157
    endloop
  endfacet
  facet normal -1 0 0
    outer loop
      vertex -6 -34.05 5.5
      vertex -6 -32.675 2.38157
      vertex -6 -32.8337 2.4664
    endloop
  endfacet
  facet normal -1 0 0
    outer loop
      vertex -6 -34.05 5.5
      vertex -6 -32.8337 2.4664
      vertex -6 -32.9976 2.54067
    endloop
  endfacet
  facet normal -1 0 0
    outer loop
      vertex -6 -34.05 5.5
      vertex -6 -32.9976 2.54067
      vertex -6 -33.166 2.60406
    endloop
  endfacet
  facet normal -1 0 0
    outer loop
      vertex -6 -34.05 5.5
      vertex -6 -33.166 2.60406
      vertex -6 -33.3382 2.6563
    endloop
  endfacet
  facet normal -1 0 0
    outer loop
      vertex -6 -34.05 5.5
      vertex -6 -33.3382 2.6563
      vertex -6 -33.5135 2.69716
    endloop
  endfacet
  facet normal -1 0 0
    outer loop
      vertex -6 -34.05 5.5
      vertex -6 -33.5135 2.69716
      vertex -6 -33.6911 2.72647
    endloop
  endfacet
  facet normal -1 0 0
    outer loop
      vertex -6 -34.05 5.5
      vertex -6 -33.6911 2.72647
      vertex -6 -33.8701 2.74411
    endloop
  endfacet
  facet normal -1 0 0
    outer loop
      vertex -6 -34.05 5.5
      vertex -6 -33.8701 2.74411
      vertex -6 -34.05 2.75
    endloop
  endfacet
  facet normal -1 0 0
    outer loop
      vertex -6 -26.5302 5.27719
      vertex -6 -34.05 5.5
      vertex -6 -26.4783 5.5
    endloop
  endfacet
  facet normal -1 0 0
    outer loop
      vertex -6 -34.2299 2.74411
      vertex -6 -34.05 5.5
      vertex -6 -34.05 2.75
    endloop
  endfacet
  facet normal -1 0 0
    outer loop
      vertex -6 -34.4097 5.48822
      vertex -6 -34.2299 2.74411
      vertex -6 -34.4089 2.72647
    endloop
  endfacet
  facet normal -1 0 0
    outer loop
      vertex -6 -34.2299 2.74411
      vertex -6 -34.4097 5.48822
      vertex -6 -34.05 5.5
    endloop
  endfacet
  facet normal -1 0 0
    outer loop
      vertex -6 -34.7679 5.45295
      vertex -6 -34.4089 2.72647
      vertex -6 -34.5865 2.69716
    endloop
  endfacet
  facet normal -1 0 0
    outer loop
      vertex -6 -35.123 5.39432
      vertex -6 -34.5865 2.69716
      vertex -6 -34.7618 2.6563
    endloop
  endfacet
  facet normal -1 0 0
    outer loop
      vertex -6 -34.4089 2.72647
      vertex -6 -34.7679 5.45295
      vertex -6 -34.4097 5.48822
    endloop
  endfacet
  facet normal -1 0 0
    outer loop
      vertex -6 -35.4735 5.31259
      vertex -6 -34.7618 2.6563
      vertex -6 -34.934 2.60406
    endloop
  endfacet
  facet normal -1 0 0
    outer loop
      vertex -6 -35.8179 5.20812
      vertex -6 -34.934 2.60406
      vertex -6 -35.1024 2.54067
    endloop
  endfacet
  facet normal -1 0 0
    outer loop
      vertex -6 -34.5865 2.69716
      vertex -6 -35.123 5.39432
      vertex -6 -34.7679 5.45295
    endloop
  endfacet
  facet normal -1 0 0
    outer loop
      vertex -6 -36.1548 5.08134
      vertex -6 -35.1024 2.54067
      vertex -6 -35.2663 2.4664
    endloop
  endfacet
  facet normal -1 0 0
    outer loop
      vertex -6 -36.4826 4.9328
      vertex -6 -35.2663 2.4664
      vertex -6 -35.425 2.38157
    endloop
  endfacet
  facet normal -1 0 0
    outer loop
      vertex -6 -34.7618 2.6563
      vertex -6 -35.4735 5.31259
      vertex -6 -35.123 5.39432
    endloop
  endfacet
  facet normal -1 0 0
    outer loop
      vertex -6 -36.8 4.76314
      vertex -6 -35.425 2.38157
      vertex -6 -35.5778 2.28654
    endloop
  endfacet
  facet normal -1 0 0
    outer loop
      vertex -6 -37.1056 4.57308
      vertex -6 -35.5778 2.28654
      vertex -6 -35.7241 2.18172
    endloop
  endfacet
  facet normal -1 0 0
    outer loop
      vertex -6 -34.934 2.60406
      vertex -6 -35.8179 5.20812
      vertex -6 -35.4735 5.31259
    endloop
  endfacet
  facet normal -1 0 0
    outer loop
      vertex -6 -37.3982 4.36344
      vertex -6 -35.7241 2.18172
      vertex -6 -35.8632 2.06756
    endloop
  endfacet
  facet normal -1 0 0
    outer loop
      vertex -6 -37.6764 4.13512
      vertex -6 -35.8632 2.06756
      vertex -6 -35.9945 1.94454
    endloop
  endfacet
  facet normal -1 0 0
    outer loop
      vertex -6 -37.9391 3.88909
      vertex -6 -35.9945 1.94454
      vertex -6 -36.1176 1.8132
    endloop
  endfacet
  facet normal -1 0 0
    outer loop
      vertex -6 -35.1024 2.54067
      vertex -6 -36.1548 5.08134
      vertex -6 -35.8179 5.20812
    endloop
  endfacet
  facet normal -1 0 0
    outer loop
      vertex -6 -38.1851 3.6264
      vertex -6 -36.1176 1.8132
      vertex -6 -36.2317 1.67409
    endloop
  endfacet
  facet normal -1 0 0
    outer loop
      vertex -6 -38.4134 3.34819
      vertex -6 -36.2317 1.67409
      vertex -6 -36.3365 1.52782
    endloop
  endfacet
  facet normal -1 0 0
    outer loop
      vertex -6 -38.6231 3.05564
      vertex -6 -36.3365 1.52782
      vertex -6 -36.4316 1.375
    endloop
  endfacet
  facet normal -1 0 0
    outer loop
      vertex -6 -35.2663 2.4664
      vertex -6 -36.4826 4.9328
      vertex -6 -36.1548 5.08134
    endloop
  endfacet
  facet normal -1 0 0
    outer loop
      vertex -6 -38.8131 2.75
      vertex -6 -36.4316 1.375
      vertex -6 -36.5164 1.21629
    endloop
  endfacet
  facet normal -1 0 0
    outer loop
      vertex -6 -38.9828 2.43259
      vertex -6 -36.5164 1.21629
      vertex -6 -36.5907 1.05238
    endloop
  endfacet
  facet normal -1 0 0
    outer loop
      vertex -6 -39.1313 2.10476
      vertex -6 -36.5907 1.05238
      vertex -6 -36.6541 0.883958
    endloop
  endfacet
  facet normal -1 0 0
    outer loop
      vertex -6 -39.2581 1.76792
      vertex -6 -36.6541 0.883958
      vertex -6 -36.7063 0.711752
    endloop
  endfacet
  facet normal -1 0 0
    outer loop
      vertex -6 -39.3626 1.4235
      vertex -6 -36.7063 0.711752
      vertex -6 -36.7472 0.536498
    endloop
  endfacet
  facet normal -1 0 0
    outer loop
      vertex -6 -39.4443 1.073
      vertex -6 -36.7472 0.536498
      vertex -6 -36.7765 0.358947
    endloop
  endfacet
  facet normal -1 0 0
    outer loop
      vertex -6 -39.5029 0.717894
      vertex -6 -36.7765 0.358947
      vertex -6 -36.7941 0.179858
    endloop
  endfacet
  facet normal -1 0 0
    outer loop
      vertex -6 -35.425 2.38157
      vertex -6 -36.8 4.76314
      vertex -6 -36.4826 4.9328
    endloop
  endfacet
  facet normal -1 0 0
    outer loop
      vertex -6 -39.5382 0.359716
      vertex -6 -36.7941 0.179858
      vertex -6 -36.8 0
    endloop
  endfacet
  facet normal -1 0 0
    outer loop
      vertex -6 -31.3059 0.179858
      vertex -6 -28.55 0
      vertex -6 -31.3 0
    endloop
  endfacet
  facet normal -1 0 -0
    outer loop
      vertex -6 -31.3 0
      vertex -6 -28.55 0
      vertex -6 -31.3059 -0.179858
    endloop
  endfacet
  facet normal -1 0 0
    outer loop
      vertex -6 -28.5618 -0.359716
      vertex -6 -31.3059 -0.179858
      vertex -6 -28.55 0
    endloop
  endfacet
  facet normal -1 0 0
    outer loop
      vertex -6 -28.6557 -1.073
      vertex -6 -31.3528 -0.536498
      vertex -6 -31.3235 -0.358947
    endloop
  endfacet
  facet normal -1 0 0
    outer loop
      vertex -6 -28.7374 -1.4235
      vertex -6 -31.3937 -0.711752
      vertex -6 -31.3528 -0.536498
    endloop
  endfacet
  facet normal -1 0 0
    outer loop
      vertex -6 -28.8419 -1.76792
      vertex -6 -31.4459 -0.883958
      vertex -6 -31.3937 -0.711752
    endloop
  endfacet
  facet normal -1 0 0
    outer loop
      vertex -6 -29.1172 -2.43259
      vertex -6 -31.5836 -1.21629
      vertex -6 -31.5093 -1.05238
    endloop
  endfacet
  facet normal -1 0 0
    outer loop
      vertex -6 -32.675 -2.38157
      vertex -6 -31.3 -4.76314
      vertex -6 -31.6174 -4.9328
    endloop
  endfacet
  facet normal -1 0 0
    outer loop
      vertex -6 -29.2869 -2.75
      vertex -6 -31.6684 -1.375
      vertex -6 -31.5836 -1.21629
    endloop
  endfacet
  facet normal -1 0 0
    outer loop
      vertex -6 -29.4769 -3.05564
      vertex -6 -31.7635 -1.52782
      vertex -6 -31.6684 -1.375
    endloop
  endfacet
  facet normal -1 0 0
    outer loop
      vertex -6 -29.6866 -3.34819
      vertex -6 -31.8683 -1.67409
      vertex -6 -31.7635 -1.52782
    endloop
  endfacet
  facet normal -1 0 0
    outer loop
      vertex -6 -32.8337 -2.4664
      vertex -6 -31.6174 -4.9328
      vertex -6 -31.9452 -5.08134
    endloop
  endfacet
  facet normal -1 0 0
    outer loop
      vertex -6 -29.9149 -3.6264
      vertex -6 -31.9824 -1.8132
      vertex -6 -31.8683 -1.67409
    endloop
  endfacet
  facet normal -1 0 0
    outer loop
      vertex -6 -30.1609 -3.88909
      vertex -6 -32.1055 -1.94454
      vertex -6 -31.9824 -1.8132
    endloop
  endfacet
  facet normal -1 0 0
    outer loop
      vertex -6 -30.4236 -4.13512
      vertex -6 -32.2368 -2.06756
      vertex -6 -32.1055 -1.94454
    endloop
  endfacet
  facet normal -1 0 0
    outer loop
      vertex -6 -32.9976 -2.54067
      vertex -6 -31.9452 -5.08134
      vertex -6 -32.2821 -5.20812
    endloop
  endfacet
  facet normal -1 0 0
    outer loop
      vertex -6 -30.7018 -4.36344
      vertex -6 -32.3759 -2.18172
      vertex -6 -32.2368 -2.06756
    endloop
  endfacet
  facet normal -1 0 0
    outer loop
      vertex -6 -30.9944 -4.57308
      vertex -6 -32.5222 -2.28654
      vertex -6 -32.3759 -2.18172
    endloop
  endfacet
  facet normal -1 0 0
    outer loop
      vertex -6 -33.166 -2.60406
      vertex -6 -32.2821 -5.20812
      vertex -6 -32.6265 -5.31259
    endloop
  endfacet
  facet normal -1 0 0
    outer loop
      vertex -6 -31.3 -4.76314
      vertex -6 -32.675 -2.38157
      vertex -6 -32.5222 -2.28654
    endloop
  endfacet
  facet normal -1 0 0
    outer loop
      vertex -6 -31.6174 -4.9328
      vertex -6 -32.8337 -2.4664
      vertex -6 -32.675 -2.38157
    endloop
  endfacet
  facet normal -1 0 0
    outer loop
      vertex -6 -33.3382 -2.6563
      vertex -6 -32.6265 -5.31259
      vertex -6 -32.977 -5.39432
    endloop
  endfacet
  facet normal -1 0 0
    outer loop
      vertex -6 -31.9452 -5.08134
      vertex -6 -32.9976 -2.54067
      vertex -6 -32.8337 -2.4664
    endloop
  endfacet
  facet normal -1 0 0
    outer loop
      vertex -6 -32.2821 -5.20812
      vertex -6 -33.166 -2.60406
      vertex -6 -32.9976 -2.54067
    endloop
  endfacet
  facet normal -1 0 0
    outer loop
      vertex -6 -33.5135 -2.69716
      vertex -6 -32.977 -5.39432
      vertex -6 -33.3321 -5.45295
    endloop
  endfacet
  facet normal -1 0 0
    outer loop
      vertex -6 -32.6265 -5.31259
      vertex -6 -33.3382 -2.6563
      vertex -6 -33.166 -2.60406
    endloop
  endfacet
  facet normal -1 0 0
    outer loop
      vertex -6 -32.977 -5.39432
      vertex -6 -33.5135 -2.69716
      vertex -6 -33.3382 -2.6563
    endloop
  endfacet
  facet normal -1 0 0
    outer loop
      vertex -6 -33.6911 -2.72647
      vertex -6 -33.3321 -5.45295
      vertex -6 -33.6903 -5.48822
    endloop
  endfacet
  facet normal -1 0 0
    outer loop
      vertex -6 -33.3321 -5.45295
      vertex -6 -33.6911 -2.72647
      vertex -6 -33.5135 -2.69716
    endloop
  endfacet
  facet normal -1 0 0
    outer loop
      vertex -6 -33.6903 -5.48822
      vertex -6 -33.8701 -2.74411
      vertex -6 -33.6911 -2.72647
    endloop
  endfacet
  facet normal -1 0 0
    outer loop
      vertex -6 -34.05 -5.5
      vertex -6 -33.8701 -2.74411
      vertex -6 -33.6903 -5.48822
    endloop
  endfacet
  facet normal -1 0 0
    outer loop
      vertex -6 -34.05 -5.5
      vertex -6 -34.05 -2.75
      vertex -6 -33.8701 -2.74411
    endloop
  endfacet
  facet normal -1 0 0
    outer loop
      vertex -6 -34.05 -5.5
      vertex -6 -34.2299 -2.74411
      vertex -6 -34.05 -2.75
    endloop
  endfacet
  facet normal -1 0 0
    outer loop
      vertex -6 -34.4097 -5.48822
      vertex -6 -34.2299 -2.74411
      vertex -6 -34.05 -5.5
    endloop
  endfacet
  facet normal -1 -0 0
    outer loop
      vertex -6 -34.2299 -2.74411
      vertex -6 -34.4097 -5.48822
      vertex -6 -34.4089 -2.72647
    endloop
  endfacet
  facet normal -1 0 0
    outer loop
      vertex -6 -34.7679 -5.45295
      vertex -6 -34.4089 -2.72647
      vertex -6 -34.4097 -5.48822
    endloop
  endfacet
  facet normal -1 -0 0
    outer loop
      vertex -6 -34.4089 -2.72647
      vertex -6 -34.7679 -5.45295
      vertex -6 -34.5865 -2.69716
    endloop
  endfacet
  facet normal -1 0 0
    outer loop
      vertex -6 -35.123 -5.39432
      vertex -6 -34.5865 -2.69716
      vertex -6 -34.7679 -5.45295
    endloop
  endfacet
  facet normal -1 -0 0
    outer loop
      vertex -6 -34.5865 -2.69716
      vertex -6 -35.123 -5.39432
      vertex -6 -34.7618 -2.6563
    endloop
  endfacet
  facet normal -1 0 0
    outer loop
      vertex -6 -35.4735 -5.31259
      vertex -6 -34.7618 -2.6563
      vertex -6 -35.123 -5.39432
    endloop
  endfacet
  facet normal -1 -0 0
    outer loop
      vertex -6 -34.7618 -2.6563
      vertex -6 -35.4735 -5.31259
      vertex -6 -34.934 -2.60406
    endloop
  endfacet
  facet normal -1 0 0
    outer loop
      vertex -6 -35.8179 -5.20812
      vertex -6 -34.934 -2.60406
      vertex -6 -35.4735 -5.31259
    endloop
  endfacet
  facet normal -1 -0 0
    outer loop
      vertex -6 -34.934 -2.60406
      vertex -6 -35.8179 -5.20812
      vertex -6 -35.1024 -2.54067
    endloop
  endfacet
  facet normal -1 0 0
    outer loop
      vertex -6 -36.1548 -5.08134
      vertex -6 -35.1024 -2.54067
      vertex -6 -35.8179 -5.20812
    endloop
  endfacet
  facet normal -1 -0 0
    outer loop
      vertex -6 -35.1024 -2.54067
      vertex -6 -36.1548 -5.08134
      vertex -6 -35.2663 -2.4664
    endloop
  endfacet
  facet normal -1 0 0
    outer loop
      vertex -6 -36.4826 -4.9328
      vertex -6 -35.2663 -2.4664
      vertex -6 -36.1548 -5.08134
    endloop
  endfacet
  facet normal -1 -0 0
    outer loop
      vertex -6 -35.2663 -2.4664
      vertex -6 -36.4826 -4.9328
      vertex -6 -35.425 -2.38157
    endloop
  endfacet
  facet normal -1 0 0
    outer loop
      vertex -6 -36.8 -4.76314
      vertex -6 -35.425 -2.38157
      vertex -6 -36.4826 -4.9328
    endloop
  endfacet
  facet normal -1 -0 0
    outer loop
      vertex -6 -35.425 -2.38157
      vertex -6 -36.8 -4.76314
      vertex -6 -35.5778 -2.28654
    endloop
  endfacet
  facet normal -1 0 0
    outer loop
      vertex -6 -37.1056 -4.57308
      vertex -6 -35.5778 -2.28654
      vertex -6 -36.8 -4.76314
    endloop
  endfacet
  facet normal -1 -0 0
    outer loop
      vertex -6 -35.5778 -2.28654
      vertex -6 -37.1056 -4.57308
      vertex -6 -35.7241 -2.18172
    endloop
  endfacet
  facet normal -1 0 0
    outer loop
      vertex -6 -37.3982 -4.36344
      vertex -6 -35.7241 -2.18172
      vertex -6 -37.1056 -4.57308
    endloop
  endfacet
  facet normal -1 -0 0
    outer loop
      vertex -6 -35.7241 -2.18172
      vertex -6 -37.3982 -4.36344
      vertex -6 -35.8632 -2.06756
    endloop
  endfacet
  facet normal -1 0 0
    outer loop
      vertex -6 -37.6764 -4.13512
      vertex -6 -35.8632 -2.06756
      vertex -6 -37.3982 -4.36344
    endloop
  endfacet
  facet normal -1 -0 0
    outer loop
      vertex -6 -35.8632 -2.06756
      vertex -6 -37.6764 -4.13512
      vertex -6 -35.9945 -1.94454
    endloop
  endfacet
  facet normal -1 0 0
    outer loop
      vertex -6 -37.9391 -3.88909
      vertex -6 -35.9945 -1.94454
      vertex -6 -37.6764 -4.13512
    endloop
  endfacet
  facet normal -1 -0 0
    outer loop
      vertex -6 -35.9945 -1.94454
      vertex -6 -37.9391 -3.88909
      vertex -6 -36.1176 -1.8132
    endloop
  endfacet
  facet normal -1 0 0
    outer loop
      vertex -6 -38.1851 -3.6264
      vertex -6 -36.1176 -1.8132
      vertex -6 -37.9391 -3.88909
    endloop
  endfacet
  facet normal -1 -0 0
    outer loop
      vertex -6 -36.1176 -1.8132
      vertex -6 -38.1851 -3.6264
      vertex -6 -36.2317 -1.67409
    endloop
  endfacet
  facet normal -1 0 0
    outer loop
      vertex -6 -38.4134 -3.34819
      vertex -6 -36.2317 -1.67409
      vertex -6 -38.1851 -3.6264
    endloop
  endfacet
  facet normal -1 -0 0
    outer loop
      vertex -6 -36.2317 -1.67409
      vertex -6 -38.4134 -3.34819
      vertex -6 -36.3365 -1.52782
    endloop
  endfacet
  facet normal -1 0 0
    outer loop
      vertex -6 -38.6231 -3.05564
      vertex -6 -36.3365 -1.52782
      vertex -6 -38.4134 -3.34819
    endloop
  endfacet
  facet normal -1 -0 0
    outer loop
      vertex -6 -36.3365 -1.52782
      vertex -6 -38.6231 -3.05564
      vertex -6 -36.4316 -1.375
    endloop
  endfacet
  facet normal -1 0 0
    outer loop
      vertex -6 -38.8131 -2.75
      vertex -6 -36.4316 -1.375
      vertex -6 -38.6231 -3.05564
    endloop
  endfacet
  facet normal -1 -0 0
    outer loop
      vertex -6 -36.4316 -1.375
      vertex -6 -38.8131 -2.75
      vertex -6 -36.5164 -1.21629
    endloop
  endfacet
  facet normal -1 0 0
    outer loop
      vertex -6 -38.9828 -2.43259
      vertex -6 -36.5164 -1.21629
      vertex -6 -38.8131 -2.75
    endloop
  endfacet
  facet normal -1 0 0
    outer loop
      vertex -6 -35.5778 2.28654
      vertex -6 -37.1056 4.57308
      vertex -6 -36.8 4.76314
    endloop
  endfacet
  facet normal -1 -0 0
    outer loop
      vertex -6 -36.5164 -1.21629
      vertex -6 -38.9828 -2.43259
      vertex -6 -36.5907 -1.05238
    endloop
  endfacet
  facet normal -1 0 0
    outer loop
      vertex -6 -35.7241 2.18172
      vertex -6 -37.3982 4.36344
      vertex -6 -37.1056 4.57308
    endloop
  endfacet
  facet normal -1 0 0
    outer loop
      vertex -6 -39.1313 -2.10476
      vertex -6 -36.5907 -1.05238
      vertex -6 -38.9828 -2.43259
    endloop
  endfacet
  facet normal -1 0 0
    outer loop
      vertex -6 -35.8632 2.06756
      vertex -6 -37.6764 4.13512
      vertex -6 -37.3982 4.36344
    endloop
  endfacet
  facet normal -1 -0 0
    outer loop
      vertex -6 -36.5907 -1.05238
      vertex -6 -39.1313 -2.10476
      vertex -6 -36.6541 -0.883958
    endloop
  endfacet
  facet normal -1 0 0
    outer loop
      vertex -6 -35.9945 1.94454
      vertex -6 -37.9391 3.88909
      vertex -6 -37.6764 4.13512
    endloop
  endfacet
  facet normal -1 0 0
    outer loop
      vertex -6 -39.2581 -1.76792
      vertex -6 -36.6541 -0.883958
      vertex -6 -39.1313 -2.10476
    endloop
  endfacet
  facet normal -1 0 0
    outer loop
      vertex -6 -36.1176 1.8132
      vertex -6 -38.1851 3.6264
      vertex -6 -37.9391 3.88909
    endloop
  endfacet
  facet normal -1 -0 0
    outer loop
      vertex -6 -36.6541 -0.883958
      vertex -6 -39.2581 -1.76792
      vertex -6 -36.7063 -0.711752
    endloop
  endfacet
  facet normal -1 0 0
    outer loop
      vertex -6 -36.2317 1.67409
      vertex -6 -38.4134 3.34819
      vertex -6 -38.1851 3.6264
    endloop
  endfacet
  facet normal -1 0 0
    outer loop
      vertex -6 -39.3626 -1.4235
      vertex -6 -36.7063 -0.711752
      vertex -6 -39.2581 -1.76792
    endloop
  endfacet
  facet normal -1 0 0
    outer loop
      vertex -6 -36.3365 1.52782
      vertex -6 -38.6231 3.05564
      vertex -6 -38.4134 3.34819
    endloop
  endfacet
  facet normal -1 -0 0
    outer loop
      vertex -6 -36.7063 -0.711752
      vertex -6 -39.3626 -1.4235
      vertex -6 -36.7472 -0.536498
    endloop
  endfacet
  facet normal -1 0 0
    outer loop
      vertex -6 -36.4316 1.375
      vertex -6 -38.8131 2.75
      vertex -6 -38.6231 3.05564
    endloop
  endfacet
  facet normal -1 0 0
    outer loop
      vertex -6 -39.4443 -1.073
      vertex -6 -36.7472 -0.536498
      vertex -6 -39.3626 -1.4235
    endloop
  endfacet
  facet normal -1 0 0
    outer loop
      vertex -6 -36.5164 1.21629
      vertex -6 -38.9828 2.43259
      vertex -6 -38.8131 2.75
    endloop
  endfacet
  facet normal -1 -0 0
    outer loop
      vertex -6 -36.7472 -0.536498
      vertex -6 -39.4443 -1.073
      vertex -6 -36.7765 -0.358947
    endloop
  endfacet
  facet normal -1 0 0
    outer loop
      vertex -6 -36.5907 1.05238
      vertex -6 -39.1313 2.10476
      vertex -6 -38.9828 2.43259
    endloop
  endfacet
  facet normal -1 0 0
    outer loop
      vertex -6 -39.5029 -0.717894
      vertex -6 -36.7765 -0.358947
      vertex -6 -39.4443 -1.073
    endloop
  endfacet
  facet normal -1 0 0
    outer loop
      vertex -6 -36.6541 0.883958
      vertex -6 -39.2581 1.76792
      vertex -6 -39.1313 2.10476
    endloop
  endfacet
  facet normal -1 -0 0
    outer loop
      vertex -6 -36.7765 -0.358947
      vertex -6 -39.5029 -0.717894
      vertex -6 -36.7941 -0.179858
    endloop
  endfacet
  facet normal -1 0 0
    outer loop
      vertex -6 -36.7063 0.711752
      vertex -6 -39.3626 1.4235
      vertex -6 -39.2581 1.76792
    endloop
  endfacet
  facet normal -1 0 0
    outer loop
      vertex -6 -39.5382 -0.359716
      vertex -6 -36.7941 -0.179858
      vertex -6 -39.5029 -0.717894
    endloop
  endfacet
  facet normal -1 0 0
    outer loop
      vertex -6 -36.7472 0.536498
      vertex -6 -39.4443 1.073
      vertex -6 -39.3626 1.4235
    endloop
  endfacet
  facet normal -1 -0 0
    outer loop
      vertex -6 -36.7941 -0.179858
      vertex -6 -39.5382 -0.359716
      vertex -6 -36.8 0
    endloop
  endfacet
  facet normal -1 0 0
    outer loop
      vertex -6 -36.7765 0.358947
      vertex -6 -39.5029 0.717894
      vertex -6 -39.4443 1.073
    endloop
  endfacet
  facet normal -1 0 0
    outer loop
      vertex -6 -39.55 0
      vertex -6 -36.8 0
      vertex -6 -39.5382 -0.359716
    endloop
  endfacet
  facet normal -1 0 0
    outer loop
      vertex -6 -36.7941 0.179858
      vertex -6 -39.5382 0.359716
      vertex -6 -39.5029 0.717894
    endloop
  endfacet
  facet normal -1 0 0
    outer loop
      vertex -6 -36.8 0
      vertex -6 -39.55 0
      vertex -6 -39.5382 0.359716
    endloop
  endfacet
  facet normal 0 0.68357 -0.729885
    outer loop
      vertex -6 -30.4236 -4.13512
      vertex 6 -30.1609 -3.88909
      vertex 6 -30.4236 -4.13512
    endloop
  endfacet
  facet normal 0 0.68357 -0.729885
    outer loop
      vertex 6 -30.1609 -3.88909
      vertex -6 -30.4236 -4.13512
      vertex -6 -30.1609 -3.88909
    endloop
  endfacet
  facet normal 0 -0.412743 0.910847
    outer loop
      vertex -6 -36.1548 5.08134
      vertex 6 -36.4826 4.9328
      vertex 6 -36.1548 5.08134
    endloop
  endfacet
  facet normal 0 -0.412743 0.910847
    outer loop
      vertex 6 -36.4826 4.9328
      vertex -6 -36.1548 5.08134
      vertex -6 -36.4826 4.9328
    endloop
  endfacet
  facet normal 0 -0.881874 0.471485
    outer loop
      vertex -6 -38.9828 2.43259
      vertex 6 -38.8131 2.75
      vertex -6 -38.8131 2.75
    endloop
  endfacet
  facet normal 0 -0.881874 0.471485
    outer loop
      vertex 6 -38.8131 2.75
      vertex -6 -38.9828 2.43259
      vertex 6 -38.9828 2.43259
    endloop
  endfacet
  facet normal -0 0 1
    outer loop
      vertex -6 -26.4783 5.5
      vertex 6 -34.05 5.5
      vertex 6 -26.4783 5.5
    endloop
  endfacet
  facet normal 0 0 1
    outer loop
      vertex 6 -34.05 5.5
      vertex -6 -26.4783 5.5
      vertex -6 -34.05 5.5
    endloop
  endfacet
  facet normal 0 0 -1
    outer loop
      vertex -6 -28.55 0
      vertex 6 -25.05 0
      vertex 6 -28.55 0
    endloop
  endfacet
  facet normal -0 0 -1
    outer loop
      vertex 6 -25.05 0
      vertex -6 -28.55 0
      vertex -6 -25.05 0
    endloop
  endfacet
  facet normal 0 1 -0
    outer loop
      vertex 6 -25.05 0
      vertex -6 -25.05 0.799999
      vertex 6 -25.05 0.799999
    endloop
  endfacet
  facet normal 0 1 0
    outer loop
      vertex -6 -25.05 0.799999
      vertex 6 -25.05 0
      vertex -6 -25.05 0
    endloop
  endfacet
  facet normal 0 -0.0327229 0.999464
    outer loop
      vertex -6 -33.8701 -2.74411
      vertex 6 -34.05 -2.75
      vertex 6 -33.8701 -2.74411
    endloop
  endfacet
  facet normal 0 -0.0327229 0.999464
    outer loop
      vertex 6 -34.05 -2.75
      vertex -6 -33.8701 -2.74411
      vertex -6 -34.05 -2.75
    endloop
  endfacet
  facet normal 0 0.729624 0.683849
    outer loop
      vertex 6 -35.9945 -1.94454
      vertex -6 -36.1176 -1.8132
      vertex 6 -36.1176 -1.8132
    endloop
  endfacet
  facet normal 0 0.729624 0.683849
    outer loop
      vertex -6 -36.1176 -1.8132
      vertex 6 -35.9945 -1.94454
      vertex -6 -35.9945 -1.94454
    endloop
  endfacet
  facet normal 0 -0.935887 -0.352301
    outer loop
      vertex -6 -31.4459 0.883958
      vertex 6 -31.5093 1.05238
      vertex -6 -31.5093 1.05238
    endloop
  endfacet
  facet normal 0 -0.935887 -0.352301
    outer loop
      vertex 6 -31.5093 1.05238
      vertex -6 -31.4459 0.883958
      vertex 6 -31.4459 0.883958
    endloop
  endfacet
  facet normal 0 0.910794 0.412861
    outer loop
      vertex 6 -36.5164 -1.21629
      vertex -6 -36.5907 -1.05238
      vertex 6 -36.5907 -1.05238
    endloop
  endfacet
  facet normal 0 0.910794 0.412861
    outer loop
      vertex -6 -36.5907 -1.05238
      vertex 6 -36.5164 -1.21629
      vertex -6 -36.5164 -1.21629
    endloop
  endfacet
  facet normal 0 -0.412743 -0.910847
    outer loop
      vertex -6 -32.9976 2.54067
      vertex 6 -32.8337 2.4664
      vertex 6 -32.9976 2.54067
    endloop
  endfacet
  facet normal -0 -0.412743 -0.910847
    outer loop
      vertex 6 -32.8337 2.4664
      vertex -6 -32.9976 2.54067
      vertex -6 -32.8337 2.4664
    endloop
  endfacet
  facet normal 0 -0.582415 0.812892
    outer loop
      vertex -6 -32.3759 -2.18172
      vertex 6 -32.5222 -2.28654
      vertex 6 -32.3759 -2.18172
    endloop
  endfacet
  facet normal 0 -0.582415 0.812892
    outer loop
      vertex 6 -32.5222 -2.28654
      vertex -6 -32.3759 -2.18172
      vertex -6 -32.5222 -2.28654
    endloop
  endfacet
  facet normal 0 0.973832 0.227269
    outer loop
      vertex 6 -36.7063 -0.711752
      vertex -6 -36.7472 -0.536498
      vertex 6 -36.7472 -0.536498
    endloop
  endfacet
  facet normal 0 0.973832 0.227269
    outer loop
      vertex -6 -36.7472 -0.536498
      vertex 6 -36.7063 -0.711752
      vertex -6 -36.7063 -0.711752
    endloop
  endfacet
  facet normal 0 -0.999462 0.032786
    outer loop
      vertex -6 -31.3059 -0.179858
      vertex 6 -31.3 0
      vertex -6 -31.3 0
    endloop
  endfacet
  facet normal 0 -0.999462 0.032786
    outer loop
      vertex 6 -31.3 0
      vertex -6 -31.3059 -0.179858
      vertex 6 -31.3059 -0.179858
    endloop
  endfacet
  facet normal -0 0.352293 0.93589
    outer loop
      vertex -6 -34.934 -2.60406
      vertex 6 -35.1024 -2.54067
      vertex 6 -34.934 -2.60406
    endloop
  endfacet
  facet normal 0 0.352293 0.93589
    outer loop
      vertex 6 -35.1024 -2.54067
      vertex -6 -34.934 -2.60406
      vertex -6 -35.1024 -2.54067
    endloop
  endfacet
  facet normal 0 0.999462 -0.032786
    outer loop
      vertex 6 -36.8 0
      vertex -6 -36.7941 0.179858
      vertex 6 -36.7941 0.179858
    endloop
  endfacet
  facet normal 0 0.999462 -0.032786
    outer loop
      vertex -6 -36.7941 0.179858
      vertex 6 -36.8 0
      vertex -6 -36.8 0
    endloop
  endfacet
  facet normal 0 0.227001 -0.973894
    outer loop
      vertex -6 -34.7618 2.6563
      vertex 6 -34.5865 2.69716
      vertex 6 -34.7618 2.6563
    endloop
  endfacet
  facet normal 0 0.227001 -0.973894
    outer loop
      vertex 6 -34.5865 2.69716
      vertex -6 -34.7618 2.6563
      vertex -6 -34.5865 2.69716
    endloop
  endfacet
  facet normal 0 0.973832 -0.227269
    outer loop
      vertex 6 -36.7472 0.536498
      vertex -6 -36.7063 0.711752
      vertex 6 -36.7063 0.711752
    endloop
  endfacet
  facet normal 0 0.973832 -0.227269
    outer loop
      vertex -6 -36.7063 0.711752
      vertex 6 -36.7472 0.536498
      vertex -6 -36.7472 0.536498
    endloop
  endfacet
  facet normal 0 0.935887 0.352301
    outer loop
      vertex 6 -36.5907 -1.05238
      vertex -6 -36.6541 -0.883958
      vertex 6 -36.6541 -0.883958
    endloop
  endfacet
  facet normal 0 0.935887 0.352301
    outer loop
      vertex -6 -36.6541 -0.883958
      vertex 6 -36.5907 -1.05238
      vertex -6 -36.5907 -1.05238
    endloop
  endfacet
  facet normal 0 0.47141 -0.881914
    outer loop
      vertex -6 -35.425 2.38157
      vertex 6 -35.2663 2.4664
      vertex 6 -35.425 2.38157
    endloop
  endfacet
  facet normal 0 0.47141 -0.881914
    outer loop
      vertex 6 -35.2663 2.4664
      vertex -6 -35.425 2.38157
      vertex -6 -35.2663 2.4664
    endloop
  endfacet
  facet normal -0 0.0980724 0.995179
    outer loop
      vertex -6 -34.2299 -2.74411
      vertex 6 -34.4089 -2.72647
      vertex 6 -34.2299 -2.74411
    endloop
  endfacet
  facet normal 0 0.0980724 0.995179
    outer loop
      vertex 6 -34.4089 -2.72647
      vertex -6 -34.2299 -2.74411
      vertex -6 -34.4089 -2.72647
    endloop
  endfacet
  facet normal 0 -0.227001 -0.973894
    outer loop
      vertex -6 -33.5135 2.69716
      vertex 6 -33.3382 2.6563
      vertex 6 -33.5135 2.69716
    endloop
  endfacet
  facet normal -0 -0.227001 -0.973894
    outer loop
      vertex 6 -33.3382 2.6563
      vertex -6 -33.5135 2.69716
      vertex -6 -33.3382 2.6563
    endloop
  endfacet
  facet normal -0 0.47141 0.881914
    outer loop
      vertex -6 -35.2663 -2.4664
      vertex 6 -35.425 -2.38157
      vertex 6 -35.2663 -2.4664
    endloop
  endfacet
  facet normal 0 0.47141 0.881914
    outer loop
      vertex 6 -35.425 -2.38157
      vertex -6 -35.2663 -2.4664
      vertex -6 -35.425 -2.38157
    endloop
  endfacet
  facet normal 0 -0.973832 -0.227269
    outer loop
      vertex -6 -31.3528 0.536498
      vertex 6 -31.3937 0.711752
      vertex -6 -31.3937 0.711752
    endloop
  endfacet
  facet normal 0 -0.973832 -0.227269
    outer loop
      vertex 6 -31.3937 0.711752
      vertex -6 -31.3528 0.536498
      vertex 6 -31.3528 0.536498
    endloop
  endfacet
  facet normal 0 0.773187 0.634179
    outer loop
      vertex 6 -36.1176 -1.8132
      vertex -6 -36.2317 -1.67409
      vertex 6 -36.2317 -1.67409
    endloop
  endfacet
  facet normal 0 0.773187 0.634179
    outer loop
      vertex -6 -36.2317 -1.67409
      vertex 6 -36.1176 -1.8132
      vertex -6 -36.1176 -1.8132
    endloop
  endfacet
  facet normal 0 0.412743 -0.910847
    outer loop
      vertex -6 -35.2663 2.4664
      vertex 6 -35.1024 2.54067
      vertex 6 -35.2663 2.4664
    endloop
  endfacet
  facet normal 0 0.412743 -0.910847
    outer loop
      vertex 6 -35.1024 2.54067
      vertex -6 -35.2663 2.4664
      vertex -6 -35.1024 2.54067
    endloop
  endfacet
  facet normal 0 -0.0327229 -0.999464
    outer loop
      vertex -6 -34.05 2.75
      vertex 6 -33.8701 2.74411
      vertex 6 -34.05 2.75
    endloop
  endfacet
  facet normal -0 -0.0327229 -0.999464
    outer loop
      vertex 6 -33.8701 2.74411
      vertex -6 -34.05 2.75
      vertex -6 -33.8701 2.74411
    endloop
  endfacet
  facet normal 0 -0.634405 0.773001
    outer loop
      vertex -6 -32.2368 -2.06756
      vertex 6 -32.3759 -2.18172
      vertex 6 -32.2368 -2.06756
    endloop
  endfacet
  facet normal 0 -0.634405 0.773001
    outer loop
      vertex 6 -32.3759 -2.18172
      vertex -6 -32.2368 -2.06756
      vertex -6 -32.3759 -2.18172
    endloop
  endfacet
  facet normal -0 0.0327229 0.999464
    outer loop
      vertex -6 -34.05 -2.75
      vertex 6 -34.2299 -2.74411
      vertex 6 -34.05 -2.75
    endloop
  endfacet
  facet normal 0 0.0327229 0.999464
    outer loop
      vertex 6 -34.2299 -2.74411
      vertex -6 -34.05 -2.75
      vertex -6 -34.2299 -2.74411
    endloop
  endfacet
  facet normal 0 0.881996 0.471257
    outer loop
      vertex 6 -36.4316 -1.375
      vertex -6 -36.5164 -1.21629
      vertex 6 -36.5164 -1.21629
    endloop
  endfacet
  facet normal 0 0.881996 0.471257
    outer loop
      vertex -6 -36.5164 -1.21629
      vertex 6 -36.4316 -1.375
      vertex -6 -36.4316 -1.375
    endloop
  endfacet
  facet normal 0 0.986656 0.162821
    outer loop
      vertex 6 -36.7472 -0.536498
      vertex -6 -36.7765 -0.358947
      vertex 6 -36.7765 -0.358947
    endloop
  endfacet
  facet normal 0 0.986656 0.162821
    outer loop
      vertex -6 -36.7765 -0.358947
      vertex 6 -36.7472 -0.536498
      vertex -6 -36.7472 -0.536498
    endloop
  endfacet
  facet normal 0 0.995206 0.097804
    outer loop
      vertex 6 -36.7765 -0.358947
      vertex -6 -36.7941 -0.179858
      vertex 6 -36.7941 -0.179858
    endloop
  endfacet
  facet normal 0 0.995206 0.097804
    outer loop
      vertex -6 -36.7941 -0.179858
      vertex 6 -36.7765 -0.358947
      vertex -6 -36.7765 -0.358947
    endloop
  endfacet
  facet normal 0 -0.812888 0.58242
    outer loop
      vertex -6 -31.8683 -1.67409
      vertex 6 -31.7635 -1.52782
      vertex -6 -31.7635 -1.52782
    endloop
  endfacet
  facet normal 0 -0.812888 0.58242
    outer loop
      vertex 6 -31.7635 -1.52782
      vertex -6 -31.8683 -1.67409
      vertex 6 -31.8683 -1.67409
    endloop
  endfacet
  facet normal 0 -0.412743 0.910847
    outer loop
      vertex -6 -32.8337 -2.4664
      vertex 6 -32.9976 -2.54067
      vertex 6 -32.8337 -2.4664
    endloop
  endfacet
  facet normal 0 -0.412743 0.910847
    outer loop
      vertex 6 -32.9976 -2.54067
      vertex -6 -32.8337 -2.4664
      vertex -6 -32.9976 -2.54067
    endloop
  endfacet
  facet normal 0 0.999462 0.032786
    outer loop
      vertex 6 -36.7941 -0.179858
      vertex -6 -36.8 0
      vertex 6 -36.8 0
    endloop
  endfacet
  facet normal 0 0.999462 0.032786
    outer loop
      vertex -6 -36.8 0
      vertex 6 -36.7941 -0.179858
      vertex -6 -36.7941 -0.179858
    endloop
  endfacet
  facet normal 0 -0.986656 -0.162821
    outer loop
      vertex -6 -31.3235 0.358947
      vertex 6 -31.3528 0.536498
      vertex -6 -31.3528 0.536498
    endloop
  endfacet
  facet normal 0 -0.986656 -0.162821
    outer loop
      vertex 6 -31.3528 0.536498
      vertex -6 -31.3235 0.358947
      vertex 6 -31.3235 0.358947
    endloop
  endfacet
  facet normal -0 0.290304 0.956935
    outer loop
      vertex -6 -34.7618 -2.6563
      vertex 6 -34.934 -2.60406
      vertex 6 -34.7618 -2.6563
    endloop
  endfacet
  facet normal 0 0.290304 0.956935
    outer loop
      vertex 6 -34.934 -2.60406
      vertex -6 -34.7618 -2.6563
      vertex -6 -34.934 -2.60406
    endloop
  endfacet
  facet normal 0 0.812888 0.58242
    outer loop
      vertex 6 -36.2317 -1.67409
      vertex -6 -36.3365 -1.52782
      vertex 6 -36.3365 -1.52782
    endloop
  endfacet
  facet normal 0 0.812888 0.58242
    outer loop
      vertex -6 -36.3365 -1.52782
      vertex 6 -36.2317 -1.67409
      vertex -6 -36.2317 -1.67409
    endloop
  endfacet
  facet normal 0 0.956999 -0.290091
    outer loop
      vertex 6 -36.7063 0.711752
      vertex -6 -36.6541 0.883958
      vertex 6 -36.6541 0.883958
    endloop
  endfacet
  facet normal 0 0.956999 -0.290091
    outer loop
      vertex -6 -36.6541 0.883958
      vertex 6 -36.7063 0.711752
      vertex -6 -36.7063 0.711752
    endloop
  endfacet
  facet normal 0 0.935887 -0.352301
    outer loop
      vertex 6 -36.6541 0.883958
      vertex -6 -36.5907 1.05238
      vertex 6 -36.5907 1.05238
    endloop
  endfacet
  facet normal 0 0.935887 -0.352301
    outer loop
      vertex -6 -36.5907 1.05238
      vertex 6 -36.6541 0.883958
      vertex -6 -36.6541 0.883958
    endloop
  endfacet
  facet normal 0 0.910794 -0.412861
    outer loop
      vertex 6 -36.5907 1.05238
      vertex -6 -36.5164 1.21629
      vertex 6 -36.5164 1.21629
    endloop
  endfacet
  facet normal 0 0.910794 -0.412861
    outer loop
      vertex -6 -36.5164 1.21629
      vertex 6 -36.5907 1.05238
      vertex -6 -36.5907 1.05238
    endloop
  endfacet
  facet normal 0 -0.227001 0.973894
    outer loop
      vertex -6 -33.3382 -2.6563
      vertex 6 -33.5135 -2.69716
      vertex 6 -33.3382 -2.6563
    endloop
  endfacet
  facet normal 0 -0.227001 0.973894
    outer loop
      vertex 6 -33.5135 -2.69716
      vertex -6 -33.3382 -2.6563
      vertex -6 -33.5135 -2.69716
    endloop
  endfacet
  facet normal 0 -0.0980724 0.995179
    outer loop
      vertex -6 -33.6911 -2.72647
      vertex 6 -33.8701 -2.74411
      vertex 6 -33.6911 -2.72647
    endloop
  endfacet
  facet normal 0 -0.0980724 0.995179
    outer loop
      vertex 6 -33.8701 -2.74411
      vertex -6 -33.6911 -2.72647
      vertex -6 -33.8701 -2.74411
    endloop
  endfacet
  facet normal 0 -0.47141 0.881914
    outer loop
      vertex -6 -32.675 -2.38157
      vertex 6 -32.8337 -2.4664
      vertex 6 -32.675 -2.38157
    endloop
  endfacet
  facet normal 0 -0.47141 0.881914
    outer loop
      vertex 6 -32.8337 -2.4664
      vertex -6 -32.675 -2.38157
      vertex -6 -32.8337 -2.4664
    endloop
  endfacet
  facet normal 0 0.773187 -0.634179
    outer loop
      vertex 6 -36.2317 1.67409
      vertex -6 -36.1176 1.8132
      vertex 6 -36.1176 1.8132
    endloop
  endfacet
  facet normal 0 0.773187 -0.634179
    outer loop
      vertex -6 -36.1176 1.8132
      vertex 6 -36.2317 1.67409
      vertex -6 -36.2317 1.67409
    endloop
  endfacet
  facet normal 0 -0.881996 0.471257
    outer loop
      vertex -6 -31.6684 -1.375
      vertex 6 -31.5836 -1.21629
      vertex -6 -31.5836 -1.21629
    endloop
  endfacet
  facet normal 0 -0.881996 0.471257
    outer loop
      vertex 6 -31.5836 -1.21629
      vertex -6 -31.6684 -1.375
      vertex 6 -31.6684 -1.375
    endloop
  endfacet
  facet normal 0 0.812888 -0.58242
    outer loop
      vertex 6 -36.3365 1.52782
      vertex -6 -36.2317 1.67409
      vertex 6 -36.2317 1.67409
    endloop
  endfacet
  facet normal 0 0.812888 -0.58242
    outer loop
      vertex -6 -36.2317 1.67409
      vertex 6 -36.3365 1.52782
      vertex -6 -36.3365 1.52782
    endloop
  endfacet
  facet normal -0 0.528119 0.84917
    outer loop
      vertex -6 -35.425 -2.38157
      vertex 6 -35.5778 -2.28654
      vertex 6 -35.425 -2.38157
    endloop
  endfacet
  facet normal 0 0.528119 0.84917
    outer loop
      vertex 6 -35.5778 -2.28654
      vertex -6 -35.425 -2.38157
      vertex -6 -35.5778 -2.28654
    endloop
  endfacet
  facet normal 0 0.849027 0.52835
    outer loop
      vertex 6 -36.3365 -1.52782
      vertex -6 -36.4316 -1.375
      vertex 6 -36.4316 -1.375
    endloop
  endfacet
  facet normal 0 0.849027 0.52835
    outer loop
      vertex -6 -36.4316 -1.375
      vertex 6 -36.3365 -1.52782
      vertex -6 -36.3365 -1.52782
    endloop
  endfacet
  facet normal 0 0.986656 -0.162821
    outer loop
      vertex 6 -36.7765 0.358947
      vertex -6 -36.7472 0.536498
      vertex 6 -36.7472 0.536498
    endloop
  endfacet
  facet normal 0 0.986656 -0.162821
    outer loop
      vertex -6 -36.7472 0.536498
      vertex 6 -36.7765 0.358947
      vertex -6 -36.7765 0.358947
    endloop
  endfacet
  facet normal 0 -0.290304 0.956935
    outer loop
      vertex -6 -33.166 -2.60406
      vertex 6 -33.3382 -2.6563
      vertex 6 -33.166 -2.60406
    endloop
  endfacet
  facet normal 0 -0.290304 0.956935
    outer loop
      vertex 6 -33.3382 -2.6563
      vertex -6 -33.166 -2.60406
      vertex -6 -33.3382 -2.6563
    endloop
  endfacet
  facet normal 0 -0.995206 -0.097804
    outer loop
      vertex -6 -31.3059 0.179858
      vertex 6 -31.3235 0.358947
      vertex -6 -31.3235 0.358947
    endloop
  endfacet
  facet normal 0 -0.995206 -0.097804
    outer loop
      vertex 6 -31.3235 0.358947
      vertex -6 -31.3059 0.179858
      vertex 6 -31.3059 0.179858
    endloop
  endfacet
  facet normal -0 0.162831 0.986654
    outer loop
      vertex -6 -34.4089 -2.72647
      vertex 6 -34.5865 -2.69716
      vertex 6 -34.4089 -2.72647
    endloop
  endfacet
  facet normal 0 0.162831 0.986654
    outer loop
      vertex 6 -34.5865 -2.69716
      vertex -6 -34.4089 -2.72647
      vertex -6 -34.5865 -2.69716
    endloop
  endfacet
  facet normal 0 0.162831 -0.986654
    outer loop
      vertex -6 -34.5865 2.69716
      vertex 6 -34.4089 2.72647
      vertex 6 -34.5865 2.69716
    endloop
  endfacet
  facet normal 0 0.162831 -0.986654
    outer loop
      vertex 6 -34.4089 2.72647
      vertex -6 -34.5865 2.69716
      vertex -6 -34.4089 2.72647
    endloop
  endfacet
  facet normal -0 0.634405 0.773001
    outer loop
      vertex -6 -35.7241 -2.18172
      vertex 6 -35.8632 -2.06756
      vertex 6 -35.7241 -2.18172
    endloop
  endfacet
  facet normal 0 0.634405 0.773001
    outer loop
      vertex 6 -35.8632 -2.06756
      vertex -6 -35.7241 -2.18172
      vertex -6 -35.8632 -2.06756
    endloop
  endfacet
  facet normal 0 0.956999 0.290091
    outer loop
      vertex 6 -36.6541 -0.883958
      vertex -6 -36.7063 -0.711752
      vertex 6 -36.7063 -0.711752
    endloop
  endfacet
  facet normal 0 0.956999 0.290091
    outer loop
      vertex -6 -36.7063 -0.711752
      vertex 6 -36.6541 -0.883958
      vertex -6 -36.6541 -0.883958
    endloop
  endfacet
  facet normal -0 0.412743 0.910847
    outer loop
      vertex -6 -35.1024 -2.54067
      vertex 6 -35.2663 -2.4664
      vertex 6 -35.1024 -2.54067
    endloop
  endfacet
  facet normal 0 0.412743 0.910847
    outer loop
      vertex 6 -35.2663 -2.4664
      vertex -6 -35.1024 -2.54067
      vertex -6 -35.2663 -2.4664
    endloop
  endfacet
  facet normal -0 0.582415 0.812892
    outer loop
      vertex -6 -35.5778 -2.28654
      vertex 6 -35.7241 -2.18172
      vertex 6 -35.5778 -2.28654
    endloop
  endfacet
  facet normal 0 0.582415 0.812892
    outer loop
      vertex 6 -35.7241 -2.18172
      vertex -6 -35.5778 -2.28654
      vertex -6 -35.7241 -2.18172
    endloop
  endfacet
  facet normal 0 -0.849027 -0.52835
    outer loop
      vertex -6 -31.6684 1.375
      vertex 6 -31.7635 1.52782
      vertex -6 -31.7635 1.52782
    endloop
  endfacet
  facet normal 0 -0.849027 -0.52835
    outer loop
      vertex 6 -31.7635 1.52782
      vertex -6 -31.6684 1.375
      vertex 6 -31.6684 1.375
    endloop
  endfacet
  facet normal 0 -0.352293 0.93589
    outer loop
      vertex -6 -32.9976 -2.54067
      vertex 6 -33.166 -2.60406
      vertex 6 -32.9976 -2.54067
    endloop
  endfacet
  facet normal 0 -0.352293 0.93589
    outer loop
      vertex 6 -33.166 -2.60406
      vertex -6 -32.9976 -2.54067
      vertex -6 -33.166 -2.60406
    endloop
  endfacet
  facet normal 0 -0.995206 0.097804
    outer loop
      vertex -6 -31.3235 -0.358947
      vertex 6 -31.3059 -0.179858
      vertex -6 -31.3059 -0.179858
    endloop
  endfacet
  facet normal 0 -0.995206 0.097804
    outer loop
      vertex 6 -31.3059 -0.179858
      vertex -6 -31.3235 -0.358947
      vertex 6 -31.3235 -0.358947
    endloop
  endfacet
  facet normal 0 0.729624 -0.683849
    outer loop
      vertex 6 -36.1176 1.8132
      vertex -6 -35.9945 1.94454
      vertex 6 -35.9945 1.94454
    endloop
  endfacet
  facet normal 0 0.729624 -0.683849
    outer loop
      vertex -6 -35.9945 1.94454
      vertex 6 -36.1176 1.8132
      vertex -6 -36.1176 1.8132
    endloop
  endfacet
  facet normal 0 -0.352293 -0.93589
    outer loop
      vertex -6 -33.166 2.60406
      vertex 6 -32.9976 2.54067
      vertex 6 -33.166 2.60406
    endloop
  endfacet
  facet normal -0 -0.352293 -0.93589
    outer loop
      vertex 6 -32.9976 2.54067
      vertex -6 -33.166 2.60406
      vertex -6 -32.9976 2.54067
    endloop
  endfacet
  facet normal 0 -0.683723 -0.729742
    outer loop
      vertex -6 -32.2368 2.06756
      vertex 6 -32.1055 1.94454
      vertex 6 -32.2368 2.06756
    endloop
  endfacet
  facet normal -0 -0.683723 -0.729742
    outer loop
      vertex 6 -32.1055 1.94454
      vertex -6 -32.2368 2.06756
      vertex -6 -32.1055 1.94454
    endloop
  endfacet
  facet normal 0 -0.999462 -0.032786
    outer loop
      vertex -6 -31.3 0
      vertex 6 -31.3059 0.179858
      vertex -6 -31.3059 0.179858
    endloop
  endfacet
  facet normal 0 -0.999462 -0.032786
    outer loop
      vertex 6 -31.3059 0.179858
      vertex -6 -31.3 0
      vertex 6 -31.3 0
    endloop
  endfacet
  facet normal 0 0.881996 -0.471257
    outer loop
      vertex 6 -36.5164 1.21629
      vertex -6 -36.4316 1.375
      vertex 6 -36.4316 1.375
    endloop
  endfacet
  facet normal 0 0.881996 -0.471257
    outer loop
      vertex -6 -36.4316 1.375
      vertex 6 -36.5164 1.21629
      vertex -6 -36.5164 1.21629
    endloop
  endfacet
  facet normal 0 -0.986656 0.162821
    outer loop
      vertex -6 -31.3528 -0.536498
      vertex 6 -31.3235 -0.358947
      vertex -6 -31.3235 -0.358947
    endloop
  endfacet
  facet normal 0 -0.986656 0.162821
    outer loop
      vertex 6 -31.3235 -0.358947
      vertex -6 -31.3528 -0.536498
      vertex 6 -31.3528 -0.536498
    endloop
  endfacet
  facet normal 0 -0.849027 0.52835
    outer loop
      vertex -6 -31.7635 -1.52782
      vertex 6 -31.6684 -1.375
      vertex -6 -31.6684 -1.375
    endloop
  endfacet
  facet normal 0 -0.849027 0.52835
    outer loop
      vertex 6 -31.6684 -1.375
      vertex -6 -31.7635 -1.52782
      vertex 6 -31.7635 -1.52782
    endloop
  endfacet
  facet normal 0 -0.956999 0.290091
    outer loop
      vertex -6 -31.4459 -0.883958
      vertex 6 -31.3937 -0.711752
      vertex -6 -31.3937 -0.711752
    endloop
  endfacet
  facet normal 0 -0.956999 0.290091
    outer loop
      vertex 6 -31.3937 -0.711752
      vertex -6 -31.4459 -0.883958
      vertex 6 -31.4459 -0.883958
    endloop
  endfacet
  facet normal 0 -0.910794 0.412861
    outer loop
      vertex -6 -31.5836 -1.21629
      vertex 6 -31.5093 -1.05238
      vertex -6 -31.5093 -1.05238
    endloop
  endfacet
  facet normal 0 -0.910794 0.412861
    outer loop
      vertex 6 -31.5093 -1.05238
      vertex -6 -31.5836 -1.21629
      vertex 6 -31.5836 -1.21629
    endloop
  endfacet
  facet normal 0 0.683723 -0.729742
    outer loop
      vertex -6 -35.9945 1.94454
      vertex 6 -35.8632 2.06756
      vertex 6 -35.9945 1.94454
    endloop
  endfacet
  facet normal 0 0.683723 -0.729742
    outer loop
      vertex 6 -35.8632 2.06756
      vertex -6 -35.9945 1.94454
      vertex -6 -35.8632 2.06756
    endloop
  endfacet
  facet normal 0 -0.683723 0.729742
    outer loop
      vertex -6 -32.1055 -1.94454
      vertex 6 -32.2368 -2.06756
      vertex 6 -32.1055 -1.94454
    endloop
  endfacet
  facet normal 0 -0.683723 0.729742
    outer loop
      vertex 6 -32.2368 -2.06756
      vertex -6 -32.1055 -1.94454
      vertex -6 -32.2368 -2.06756
    endloop
  endfacet
  facet normal 0 0.582415 -0.812892
    outer loop
      vertex -6 -35.7241 2.18172
      vertex 6 -35.5778 2.28654
      vertex 6 -35.7241 2.18172
    endloop
  endfacet
  facet normal 0 0.582415 -0.812892
    outer loop
      vertex 6 -35.5778 2.28654
      vertex -6 -35.7241 2.18172
      vertex -6 -35.5778 2.28654
    endloop
  endfacet
  facet normal 0 0.0327229 -0.999464
    outer loop
      vertex -6 -34.2299 2.74411
      vertex 6 -34.05 2.75
      vertex 6 -34.2299 2.74411
    endloop
  endfacet
  facet normal 0 0.0327229 -0.999464
    outer loop
      vertex 6 -34.05 2.75
      vertex -6 -34.2299 2.74411
      vertex -6 -34.05 2.75
    endloop
  endfacet
  facet normal 0 -0.290304 -0.956935
    outer loop
      vertex -6 -33.3382 2.6563
      vertex 6 -33.166 2.60406
      vertex 6 -33.3382 2.6563
    endloop
  endfacet
  facet normal -0 -0.290304 -0.956935
    outer loop
      vertex 6 -33.166 2.60406
      vertex -6 -33.3382 2.6563
      vertex -6 -33.166 2.60406
    endloop
  endfacet
  facet normal -0 0.227001 0.973894
    outer loop
      vertex -6 -34.5865 -2.69716
      vertex 6 -34.7618 -2.6563
      vertex 6 -34.5865 -2.69716
    endloop
  endfacet
  facet normal 0 0.227001 0.973894
    outer loop
      vertex 6 -34.7618 -2.6563
      vertex -6 -34.5865 -2.69716
      vertex -6 -34.7618 -2.6563
    endloop
  endfacet
  facet normal 0 -0.729624 -0.683849
    outer loop
      vertex -6 -31.9824 1.8132
      vertex 6 -32.1055 1.94454
      vertex -6 -32.1055 1.94454
    endloop
  endfacet
  facet normal 0 -0.729624 -0.683849
    outer loop
      vertex 6 -32.1055 1.94454
      vertex -6 -31.9824 1.8132
      vertex 6 -31.9824 1.8132
    endloop
  endfacet
  facet normal 0 0.849027 -0.52835
    outer loop
      vertex 6 -36.4316 1.375
      vertex -6 -36.3365 1.52782
      vertex 6 -36.3365 1.52782
    endloop
  endfacet
  facet normal 0 0.849027 -0.52835
    outer loop
      vertex -6 -36.3365 1.52782
      vertex 6 -36.4316 1.375
      vertex -6 -36.4316 1.375
    endloop
  endfacet
  facet normal 0 0.995206 -0.097804
    outer loop
      vertex 6 -36.7941 0.179858
      vertex -6 -36.7765 0.358947
      vertex 6 -36.7765 0.358947
    endloop
  endfacet
  facet normal 0 0.995206 -0.097804
    outer loop
      vertex -6 -36.7765 0.358947
      vertex 6 -36.7941 0.179858
      vertex -6 -36.7941 0.179858
    endloop
  endfacet
  facet normal 0 -0.729624 0.683849
    outer loop
      vertex -6 -32.1055 -1.94454
      vertex 6 -31.9824 -1.8132
      vertex -6 -31.9824 -1.8132
    endloop
  endfacet
  facet normal 0 -0.729624 0.683849
    outer loop
      vertex 6 -31.9824 -1.8132
      vertex -6 -32.1055 -1.94454
      vertex 6 -32.1055 -1.94454
    endloop
  endfacet
  facet normal 0 -0.773187 0.634179
    outer loop
      vertex -6 -31.9824 -1.8132
      vertex 6 -31.8683 -1.67409
      vertex -6 -31.8683 -1.67409
    endloop
  endfacet
  facet normal 0 -0.773187 0.634179
    outer loop
      vertex 6 -31.8683 -1.67409
      vertex -6 -31.9824 -1.8132
      vertex 6 -31.9824 -1.8132
    endloop
  endfacet
  facet normal 0 -0.956999 -0.290091
    outer loop
      vertex -6 -31.3937 0.711752
      vertex 6 -31.4459 0.883958
      vertex -6 -31.4459 0.883958
    endloop
  endfacet
  facet normal 0 -0.956999 -0.290091
    outer loop
      vertex 6 -31.4459 0.883958
      vertex -6 -31.3937 0.711752
      vertex 6 -31.3937 0.711752
    endloop
  endfacet
  facet normal 0 -0.528119 -0.84917
    outer loop
      vertex -6 -32.675 2.38157
      vertex 6 -32.5222 2.28654
      vertex 6 -32.675 2.38157
    endloop
  endfacet
  facet normal -0 -0.528119 -0.84917
    outer loop
      vertex 6 -32.5222 2.28654
      vertex -6 -32.675 2.38157
      vertex -6 -32.5222 2.28654
    endloop
  endfacet
  facet normal 0 -0.162831 -0.986654
    outer loop
      vertex -6 -33.6911 2.72647
      vertex 6 -33.5135 2.69716
      vertex 6 -33.6911 2.72647
    endloop
  endfacet
  facet normal -0 -0.162831 -0.986654
    outer loop
      vertex 6 -33.5135 2.69716
      vertex -6 -33.6911 2.72647
      vertex -6 -33.5135 2.69716
    endloop
  endfacet
  facet normal 0 0.0980724 -0.995179
    outer loop
      vertex -6 -34.4089 2.72647
      vertex 6 -34.2299 2.74411
      vertex 6 -34.4089 2.72647
    endloop
  endfacet
  facet normal 0 0.0980724 -0.995179
    outer loop
      vertex 6 -34.2299 2.74411
      vertex -6 -34.4089 2.72647
      vertex -6 -34.2299 2.74411
    endloop
  endfacet
  facet normal -0 0.683723 0.729742
    outer loop
      vertex -6 -35.8632 -2.06756
      vertex 6 -35.9945 -1.94454
      vertex 6 -35.8632 -2.06756
    endloop
  endfacet
  facet normal 0 0.683723 0.729742
    outer loop
      vertex 6 -35.9945 -1.94454
      vertex -6 -35.8632 -2.06756
      vertex -6 -35.9945 -1.94454
    endloop
  endfacet
  facet normal 0 -0.0980724 -0.995179
    outer loop
      vertex -6 -33.8701 2.74411
      vertex 6 -33.6911 2.72647
      vertex 6 -33.8701 2.74411
    endloop
  endfacet
  facet normal -0 -0.0980724 -0.995179
    outer loop
      vertex 6 -33.6911 2.72647
      vertex -6 -33.8701 2.74411
      vertex -6 -33.6911 2.72647
    endloop
  endfacet
  facet normal 0 -0.773187 -0.634179
    outer loop
      vertex -6 -31.8683 1.67409
      vertex 6 -31.9824 1.8132
      vertex -6 -31.9824 1.8132
    endloop
  endfacet
  facet normal 0 -0.773187 -0.634179
    outer loop
      vertex 6 -31.9824 1.8132
      vertex -6 -31.8683 1.67409
      vertex 6 -31.8683 1.67409
    endloop
  endfacet
  facet normal 0 -0.881996 -0.471257
    outer loop
      vertex -6 -31.5836 1.21629
      vertex 6 -31.6684 1.375
      vertex -6 -31.6684 1.375
    endloop
  endfacet
  facet normal 0 -0.881996 -0.471257
    outer loop
      vertex 6 -31.6684 1.375
      vertex -6 -31.5836 1.21629
      vertex 6 -31.5836 1.21629
    endloop
  endfacet
  facet normal 0 -0.528119 0.84917
    outer loop
      vertex -6 -32.5222 -2.28654
      vertex 6 -32.675 -2.38157
      vertex 6 -32.5222 -2.28654
    endloop
  endfacet
  facet normal 0 -0.528119 0.84917
    outer loop
      vertex 6 -32.675 -2.38157
      vertex -6 -32.5222 -2.28654
      vertex -6 -32.675 -2.38157
    endloop
  endfacet
  facet normal 0 0.528119 -0.84917
    outer loop
      vertex -6 -35.5778 2.28654
      vertex 6 -35.425 2.38157
      vertex 6 -35.5778 2.28654
    endloop
  endfacet
  facet normal 0 0.528119 -0.84917
    outer loop
      vertex 6 -35.425 2.38157
      vertex -6 -35.5778 2.28654
      vertex -6 -35.425 2.38157
    endloop
  endfacet
  facet normal 0 -0.973832 0.227269
    outer loop
      vertex -6 -31.3937 -0.711752
      vertex 6 -31.3528 -0.536498
      vertex -6 -31.3528 -0.536498
    endloop
  endfacet
  facet normal 0 -0.973832 0.227269
    outer loop
      vertex 6 -31.3528 -0.536498
      vertex -6 -31.3937 -0.711752
      vertex 6 -31.3937 -0.711752
    endloop
  endfacet
  facet normal 0 -0.935887 0.352301
    outer loop
      vertex -6 -31.5093 -1.05238
      vertex 6 -31.4459 -0.883958
      vertex -6 -31.4459 -0.883958
    endloop
  endfacet
  facet normal 0 -0.935887 0.352301
    outer loop
      vertex 6 -31.4459 -0.883958
      vertex -6 -31.5093 -1.05238
      vertex 6 -31.5093 -1.05238
    endloop
  endfacet
  facet normal 0 -0.910794 -0.412861
    outer loop
      vertex -6 -31.5093 1.05238
      vertex 6 -31.5836 1.21629
      vertex -6 -31.5836 1.21629
    endloop
  endfacet
  facet normal 0 -0.910794 -0.412861
    outer loop
      vertex 6 -31.5836 1.21629
      vertex -6 -31.5093 1.05238
      vertex 6 -31.5093 1.05238
    endloop
  endfacet
  facet normal 0 -0.812888 -0.58242
    outer loop
      vertex -6 -31.7635 1.52782
      vertex 6 -31.8683 1.67409
      vertex -6 -31.8683 1.67409
    endloop
  endfacet
  facet normal 0 -0.812888 -0.58242
    outer loop
      vertex 6 -31.8683 1.67409
      vertex -6 -31.7635 1.52782
      vertex 6 -31.7635 1.52782
    endloop
  endfacet
  facet normal 0 0.290304 -0.956935
    outer loop
      vertex -6 -34.934 2.60406
      vertex 6 -34.7618 2.6563
      vertex 6 -34.934 2.60406
    endloop
  endfacet
  facet normal 0 0.290304 -0.956935
    outer loop
      vertex 6 -34.7618 2.6563
      vertex -6 -34.934 2.60406
      vertex -6 -34.7618 2.6563
    endloop
  endfacet
  facet normal 0 0.634405 -0.773001
    outer loop
      vertex -6 -35.8632 2.06756
      vertex 6 -35.7241 2.18172
      vertex 6 -35.8632 2.06756
    endloop
  endfacet
  facet normal 0 0.634405 -0.773001
    outer loop
      vertex 6 -35.7241 2.18172
      vertex -6 -35.8632 2.06756
      vertex -6 -35.7241 2.18172
    endloop
  endfacet
  facet normal 0 0.352293 -0.93589
    outer loop
      vertex -6 -35.1024 2.54067
      vertex 6 -34.934 2.60406
      vertex 6 -35.1024 2.54067
    endloop
  endfacet
  facet normal 0 0.352293 -0.93589
    outer loop
      vertex 6 -34.934 2.60406
      vertex -6 -35.1024 2.54067
      vertex -6 -34.934 2.60406
    endloop
  endfacet
  facet normal 0 -0.634405 -0.773001
    outer loop
      vertex -6 -32.3759 2.18172
      vertex 6 -32.2368 2.06756
      vertex 6 -32.3759 2.18172
    endloop
  endfacet
  facet normal -0 -0.634405 -0.773001
    outer loop
      vertex 6 -32.2368 2.06756
      vertex -6 -32.3759 2.18172
      vertex -6 -32.2368 2.06756
    endloop
  endfacet
  facet normal 0 -0.582415 -0.812892
    outer loop
      vertex -6 -32.5222 2.28654
      vertex 6 -32.3759 2.18172
      vertex 6 -32.5222 2.28654
    endloop
  endfacet
  facet normal -0 -0.582415 -0.812892
    outer loop
      vertex 6 -32.3759 2.18172
      vertex -6 -32.5222 2.28654
      vertex -6 -32.3759 2.18172
    endloop
  endfacet
  facet normal 0 -0.162831 0.986654
    outer loop
      vertex -6 -33.5135 -2.69716
      vertex 6 -33.6911 -2.72647
      vertex 6 -33.5135 -2.69716
    endloop
  endfacet
  facet normal 0 -0.162831 0.986654
    outer loop
      vertex 6 -33.6911 -2.72647
      vertex -6 -33.5135 -2.69716
      vertex -6 -33.6911 -2.72647
    endloop
  endfacet
  facet normal 0 -0.47141 -0.881914
    outer loop
      vertex -6 -32.8337 2.4664
      vertex 6 -32.675 2.38157
      vertex 6 -32.8337 2.4664
    endloop
  endfacet
  facet normal -0 -0.47141 -0.881914
    outer loop
      vertex 6 -32.675 2.38157
      vertex -6 -32.8337 2.4664
      vertex -6 -32.675 2.38157
    endloop
  endfacet
  facet normal 1 -0 0
    outer loop
      vertex 12 26.8186 3.53073
      vertex 12 53.05 0.799999
      vertex 12 53.05 10.8
    endloop
  endfacet
  facet normal 1 0 0
    outer loop
      vertex 12 53.05 0.799999
      vertex 12 26.9921 1.76915
      vertex 12 27.0238 0.799999
    endloop
  endfacet
  facet normal 1 0 0
    outer loop
      vertex 12 53.05 0.799999
      vertex 12 26.8186 3.53073
      vertex 12 26.9921 1.76915
    endloop
  endfacet
  facet normal 1 0 0
    outer loop
      vertex 12 53.05 10.8
      vertex 12 26.5302 5.27719
      vertex 12 26.8186 3.53073
    endloop
  endfacet
  facet normal 1 0 0
    outer loop
      vertex 12 53.05 10.8
      vertex 12 26.1283 7.00105
      vertex 12 26.5302 5.27719
    endloop
  endfacet
  facet normal 1 0 0
    outer loop
      vertex 12 53.05 10.8
      vertex 12 25.6145 8.69494
      vertex 12 26.1283 7.00105
    endloop
  endfacet
  facet normal 1 -0 0
    outer loop
      vertex 12 25.05 10.8
      vertex 12 25.6145 8.69494
      vertex 12 53.05 10.8
    endloop
  endfacet
  facet normal 1 0 0
    outer loop
      vertex 12 25.6145 8.69494
      vertex 12 25.05 10.8
      vertex 12 25.05 10.1947
    endloop
  endfacet
  facet normal 0 0 1
    outer loop
      vertex 4.59015 40.7491 10.8
      vertex 12 53.05 10.8
      vertex 4.6 41.05 10.8
    endloop
  endfacet
  facet normal 0 0 1
    outer loop
      vertex 12 53.05 10.8
      vertex 4.59015 41.3509 10.8
      vertex 4.6 41.05 10.8
    endloop
  endfacet
  facet normal 0 0 1
    outer loop
      vertex 12 53.05 10.8
      vertex 4.56065 41.6504 10.8
      vertex 4.59015 41.3509 10.8
    endloop
  endfacet
  facet normal 0 0 1
    outer loop
      vertex 12 53.05 10.8
      vertex 4.51161 41.9474 10.8
      vertex 4.56065 41.6504 10.8
    endloop
  endfacet
  facet normal 0 0 1
    outer loop
      vertex 12 53.05 10.8
      vertex 4.44326 42.2406 10.8
      vertex 4.51161 41.9474 10.8
    endloop
  endfacet
  facet normal 0 0 1
    outer loop
      vertex 12 53.05 10.8
      vertex 4.35588 42.5286 10.8
      vertex 4.44326 42.2406 10.8
    endloop
  endfacet
  facet normal 0 0 1
    outer loop
      vertex 12 53.05 10.8
      vertex 4.24985 42.8103 10.8
      vertex 4.35588 42.5286 10.8
    endloop
  endfacet
  facet normal 0 0 1
    outer loop
      vertex 12 53.05 10.8
      vertex 4.12561 43.0845 10.8
      vertex 4.24985 42.8103 10.8
    endloop
  endfacet
  facet normal 0 0 1
    outer loop
      vertex 12 53.05 10.8
      vertex 3.98372 43.35 10.8
      vertex 4.12561 43.0845 10.8
    endloop
  endfacet
  facet normal 0 0 1
    outer loop
      vertex 12 53.05 10.8
      vertex 3.82476 43.6056 10.8
      vertex 3.98372 43.35 10.8
    endloop
  endfacet
  facet normal 0 0 1
    outer loop
      vertex 12 53.05 10.8
      vertex 3.64942 43.8503 10.8
      vertex 3.82476 43.6056 10.8
    endloop
  endfacet
  facet normal 0 0 1
    outer loop
      vertex 12 53.05 10.8
      vertex 3.45846 44.083 10.8
      vertex 3.64942 43.8503 10.8
    endloop
  endfacet
  facet normal 0 0 1
    outer loop
      vertex 12 53.05 10.8
      vertex 3.25269 44.3027 10.8
      vertex 3.45846 44.083 10.8
    endloop
  endfacet
  facet normal 0 0 1
    outer loop
      vertex 12 53.05 10.8
      vertex 3.03299 44.5085 10.8
      vertex 3.25269 44.3027 10.8
    endloop
  endfacet
  facet normal 0 0 1
    outer loop
      vertex 12 53.05 10.8
      vertex 2.8003 44.6994 10.8
      vertex 3.03299 44.5085 10.8
    endloop
  endfacet
  facet normal 0 0 1
    outer loop
      vertex 12 53.05 10.8
      vertex 2.55562 44.8748 10.8
      vertex 2.8003 44.6994 10.8
    endloop
  endfacet
  facet normal 0 0 1
    outer loop
      vertex 12 53.05 10.8
      vertex 2.3 45.0337 10.8
      vertex 2.55562 44.8748 10.8
    endloop
  endfacet
  facet normal 0 0 1
    outer loop
      vertex 12 53.05 10.8
      vertex 2.03453 45.1756 10.8
      vertex 2.3 45.0337 10.8
    endloop
  endfacet
  facet normal 0 0 1
    outer loop
      vertex 12 53.05 10.8
      vertex 1.76034 45.2998 10.8
      vertex 2.03453 45.1756 10.8
    endloop
  endfacet
  facet normal 0 0 1
    outer loop
      vertex 12 53.05 10.8
      vertex 1.47862 45.4059 10.8
      vertex 1.76034 45.2998 10.8
    endloop
  endfacet
  facet normal 0 0 1
    outer loop
      vertex 12 53.05 10.8
      vertex 1.19057 45.4933 10.8
      vertex 1.47862 45.4059 10.8
    endloop
  endfacet
  facet normal 0 0 1
    outer loop
      vertex 12 53.05 10.8
      vertex 0.897415 45.5616 10.8
      vertex 1.19057 45.4933 10.8
    endloop
  endfacet
  facet normal 0 0 1
    outer loop
      vertex 12 53.05 10.8
      vertex 0.60042 45.6106 10.8
      vertex 0.897415 45.5616 10.8
    endloop
  endfacet
  facet normal 0 0 1
    outer loop
      vertex 12 53.05 10.8
      vertex 0.300854 45.6402 10.8
      vertex 0.60042 45.6106 10.8
    endloop
  endfacet
  facet normal 0 0 1
    outer loop
      vertex 12 53.05 10.8
      vertex 0 45.65 10.8
      vertex 0.300854 45.6402 10.8
    endloop
  endfacet
  facet normal -0 0 1
    outer loop
      vertex -12 53.05 10.8
      vertex 0 45.65 10.8
      vertex 12 53.05 10.8
    endloop
  endfacet
  facet normal 0 0 1
    outer loop
      vertex 0 45.65 10.8
      vertex -12 53.05 10.8
      vertex -0.300854 45.6402 10.8
    endloop
  endfacet
  facet normal 0 0 1
    outer loop
      vertex -0.300854 45.6402 10.8
      vertex -12 53.05 10.8
      vertex -0.60042 45.6106 10.8
    endloop
  endfacet
  facet normal 0 0 1
    outer loop
      vertex -0.60042 45.6106 10.8
      vertex -12 53.05 10.8
      vertex -0.897415 45.5616 10.8
    endloop
  endfacet
  facet normal 0 0 1
    outer loop
      vertex -0.897415 45.5616 10.8
      vertex -12 53.05 10.8
      vertex -1.19057 45.4933 10.8
    endloop
  endfacet
  facet normal 0 0 1
    outer loop
      vertex -1.19057 45.4933 10.8
      vertex -12 53.05 10.8
      vertex -1.47862 45.4059 10.8
    endloop
  endfacet
  facet normal 0 0 1
    outer loop
      vertex -1.47862 45.4059 10.8
      vertex -12 53.05 10.8
      vertex -1.76034 45.2998 10.8
    endloop
  endfacet
  facet normal 0 0 1
    outer loop
      vertex -1.76034 45.2998 10.8
      vertex -12 53.05 10.8
      vertex -2.03453 45.1756 10.8
    endloop
  endfacet
  facet normal 0 0 1
    outer loop
      vertex -4.59015 41.3509 10.8
      vertex -12 53.05 10.8
      vertex -4.6 41.05 10.8
    endloop
  endfacet
  facet normal 0 0 1
    outer loop
      vertex -4.56065 41.6504 10.8
      vertex -12 53.05 10.8
      vertex -4.59015 41.3509 10.8
    endloop
  endfacet
  facet normal 0 0 1
    outer loop
      vertex -4.51161 41.9474 10.8
      vertex -12 53.05 10.8
      vertex -4.56065 41.6504 10.8
    endloop
  endfacet
  facet normal 0 0 1
    outer loop
      vertex -4.44326 42.2406 10.8
      vertex -12 53.05 10.8
      vertex -4.51161 41.9474 10.8
    endloop
  endfacet
  facet normal 0 0 1
    outer loop
      vertex -4.35588 42.5286 10.8
      vertex -12 53.05 10.8
      vertex -4.44326 42.2406 10.8
    endloop
  endfacet
  facet normal 0 0 1
    outer loop
      vertex -4.24985 42.8103 10.8
      vertex -12 53.05 10.8
      vertex -4.35588 42.5286 10.8
    endloop
  endfacet
  facet normal 0 0 1
    outer loop
      vertex -4.12561 43.0845 10.8
      vertex -12 53.05 10.8
      vertex -4.24985 42.8103 10.8
    endloop
  endfacet
  facet normal 0 0 1
    outer loop
      vertex -3.98372 43.35 10.8
      vertex -12 53.05 10.8
      vertex -4.12561 43.0845 10.8
    endloop
  endfacet
  facet normal 0 0 1
    outer loop
      vertex -3.82476 43.6056 10.8
      vertex -12 53.05 10.8
      vertex -3.98372 43.35 10.8
    endloop
  endfacet
  facet normal 0 0 1
    outer loop
      vertex -3.64942 43.8503 10.8
      vertex -12 53.05 10.8
      vertex -3.82476 43.6056 10.8
    endloop
  endfacet
  facet normal 0 0 1
    outer loop
      vertex -3.45846 44.083 10.8
      vertex -12 53.05 10.8
      vertex -3.64942 43.8503 10.8
    endloop
  endfacet
  facet normal 0 0 1
    outer loop
      vertex -3.25269 44.3027 10.8
      vertex -12 53.05 10.8
      vertex -3.45846 44.083 10.8
    endloop
  endfacet
  facet normal 0 0 1
    outer loop
      vertex -3.03299 44.5085 10.8
      vertex -12 53.05 10.8
      vertex -3.25269 44.3027 10.8
    endloop
  endfacet
  facet normal 0 0 1
    outer loop
      vertex -2.8003 44.6994 10.8
      vertex -12 53.05 10.8
      vertex -3.03299 44.5085 10.8
    endloop
  endfacet
  facet normal 0 0 1
    outer loop
      vertex -2.55562 44.8748 10.8
      vertex -12 53.05 10.8
      vertex -2.8003 44.6994 10.8
    endloop
  endfacet
  facet normal 0 0 1
    outer loop
      vertex -2.3 45.0337 10.8
      vertex -12 53.05 10.8
      vertex -2.55562 44.8748 10.8
    endloop
  endfacet
  facet normal 0 0 1
    outer loop
      vertex -2.03453 45.1756 10.8
      vertex -12 53.05 10.8
      vertex -2.3 45.0337 10.8
    endloop
  endfacet
  facet normal 0 0 1
    outer loop
      vertex 12 53.05 10.8
      vertex 4.59015 40.7491 10.8
      vertex 12 25.05 10.8
    endloop
  endfacet
  facet normal -0 0 1
    outer loop
      vertex 4.56065 40.4496 10.8
      vertex 12 25.05 10.8
      vertex 4.59015 40.7491 10.8
    endloop
  endfacet
  facet normal -0 0 1
    outer loop
      vertex 4.51161 40.1526 10.8
      vertex 12 25.05 10.8
      vertex 4.56065 40.4496 10.8
    endloop
  endfacet
  facet normal -0 0 1
    outer loop
      vertex 4.44326 39.8594 10.8
      vertex 12 25.05 10.8
      vertex 4.51161 40.1526 10.8
    endloop
  endfacet
  facet normal -0 0 1
    outer loop
      vertex 4.35588 39.5714 10.8
      vertex 12 25.05 10.8
      vertex 4.44326 39.8594 10.8
    endloop
  endfacet
  facet normal -0 0 1
    outer loop
      vertex 4.24985 39.2897 10.8
      vertex 12 25.05 10.8
      vertex 4.35588 39.5714 10.8
    endloop
  endfacet
  facet normal -0 0 1
    outer loop
      vertex 4.12561 39.0155 10.8
      vertex 12 25.05 10.8
      vertex 4.24985 39.2897 10.8
    endloop
  endfacet
  facet normal -0 0 1
    outer loop
      vertex 3.98372 38.75 10.8
      vertex 12 25.05 10.8
      vertex 4.12561 39.0155 10.8
    endloop
  endfacet
  facet normal -0 0 1
    outer loop
      vertex 3.82476 38.4944 10.8
      vertex 12 25.05 10.8
      vertex 3.98372 38.75 10.8
    endloop
  endfacet
  facet normal -0 0 1
    outer loop
      vertex 3.64942 38.2497 10.8
      vertex 12 25.05 10.8
      vertex 3.82476 38.4944 10.8
    endloop
  endfacet
  facet normal -0 0 1
    outer loop
      vertex 3.45846 38.017 10.8
      vertex 12 25.05 10.8
      vertex 3.64942 38.2497 10.8
    endloop
  endfacet
  facet normal -0 0 1
    outer loop
      vertex 3.25269 37.7973 10.8
      vertex 12 25.05 10.8
      vertex 3.45846 38.017 10.8
    endloop
  endfacet
  facet normal -0 0 1
    outer loop
      vertex 3.03299 37.5915 10.8
      vertex 12 25.05 10.8
      vertex 3.25269 37.7973 10.8
    endloop
  endfacet
  facet normal -0 0 1
    outer loop
      vertex 2.8003 37.4006 10.8
      vertex 12 25.05 10.8
      vertex 3.03299 37.5915 10.8
    endloop
  endfacet
  facet normal -0 0 1
    outer loop
      vertex 2.55562 37.2252 10.8
      vertex 12 25.05 10.8
      vertex 2.8003 37.4006 10.8
    endloop
  endfacet
  facet normal -0 0 1
    outer loop
      vertex 2.3 37.0663 10.8
      vertex 12 25.05 10.8
      vertex 2.55562 37.2252 10.8
    endloop
  endfacet
  facet normal -0 0 1
    outer loop
      vertex 2.03453 36.9244 10.8
      vertex 12 25.05 10.8
      vertex 2.3 37.0663 10.8
    endloop
  endfacet
  facet normal -0 0 1
    outer loop
      vertex 1.76034 36.8002 10.8
      vertex 12 25.05 10.8
      vertex 2.03453 36.9244 10.8
    endloop
  endfacet
  facet normal -0 0 1
    outer loop
      vertex 1.47862 36.6941 10.8
      vertex 12 25.05 10.8
      vertex 1.76034 36.8002 10.8
    endloop
  endfacet
  facet normal -0 0 1
    outer loop
      vertex 1.19057 36.6067 10.8
      vertex 12 25.05 10.8
      vertex 1.47862 36.6941 10.8
    endloop
  endfacet
  facet normal -0 0 1
    outer loop
      vertex 0.897415 36.5384 10.8
      vertex 12 25.05 10.8
      vertex 1.19057 36.6067 10.8
    endloop
  endfacet
  facet normal -0 0 1
    outer loop
      vertex 0.60042 36.4894 10.8
      vertex 12 25.05 10.8
      vertex 0.897415 36.5384 10.8
    endloop
  endfacet
  facet normal -0 0 1
    outer loop
      vertex 0.300854 36.4598 10.8
      vertex 12 25.05 10.8
      vertex 0.60042 36.4894 10.8
    endloop
  endfacet
  facet normal -0 0 1
    outer loop
      vertex 0 36.45 10.8
      vertex 12 25.05 10.8
      vertex 0.300854 36.4598 10.8
    endloop
  endfacet
  facet normal 0 0 1
    outer loop
      vertex -12 25.05 10.8
      vertex 0 36.45 10.8
      vertex -0.300854 36.4598 10.8
    endloop
  endfacet
  facet normal 0 0 1
    outer loop
      vertex -12 25.05 10.8
      vertex -0.300854 36.4598 10.8
      vertex -0.60042 36.4894 10.8
    endloop
  endfacet
  facet normal 0 0 1
    outer loop
      vertex -12 25.05 10.8
      vertex -0.60042 36.4894 10.8
      vertex -0.897415 36.5384 10.8
    endloop
  endfacet
  facet normal 0 0 1
    outer loop
      vertex -12 25.05 10.8
      vertex -0.897415 36.5384 10.8
      vertex -1.19057 36.6067 10.8
    endloop
  endfacet
  facet normal 0 0 1
    outer loop
      vertex -12 25.05 10.8
      vertex -1.19057 36.6067 10.8
      vertex -1.47862 36.6941 10.8
    endloop
  endfacet
  facet normal 0 0 1
    outer loop
      vertex -12 25.05 10.8
      vertex -1.47862 36.6941 10.8
      vertex -1.76034 36.8002 10.8
    endloop
  endfacet
  facet normal 0 0 1
    outer loop
      vertex -12 25.05 10.8
      vertex -1.76034 36.8002 10.8
      vertex -2.03453 36.9244 10.8
    endloop
  endfacet
  facet normal 0 0 1
    outer loop
      vertex -12 25.05 10.8
      vertex -2.03453 36.9244 10.8
      vertex -2.3 37.0663 10.8
    endloop
  endfacet
  facet normal 0 0 1
    outer loop
      vertex -12 25.05 10.8
      vertex -2.3 37.0663 10.8
      vertex -2.55562 37.2252 10.8
    endloop
  endfacet
  facet normal 0 0 1
    outer loop
      vertex -12 25.05 10.8
      vertex -2.55562 37.2252 10.8
      vertex -2.8003 37.4006 10.8
    endloop
  endfacet
  facet normal 0 0 1
    outer loop
      vertex -12 25.05 10.8
      vertex -2.8003 37.4006 10.8
      vertex -3.03299 37.5915 10.8
    endloop
  endfacet
  facet normal 0 0 1
    outer loop
      vertex -12 53.05 10.8
      vertex -4.59015 40.7491 10.8
      vertex -4.6 41.05 10.8
    endloop
  endfacet
  facet normal 0 0 1
    outer loop
      vertex -12 53.05 10.8
      vertex -4.56065 40.4496 10.8
      vertex -4.59015 40.7491 10.8
    endloop
  endfacet
  facet normal 0 0 1
    outer loop
      vertex -12 25.05 10.8
      vertex -4.56065 40.4496 10.8
      vertex -12 53.05 10.8
    endloop
  endfacet
  facet normal 0 0 1
    outer loop
      vertex -4.56065 40.4496 10.8
      vertex -12 25.05 10.8
      vertex -4.51161 40.1526 10.8
    endloop
  endfacet
  facet normal 0 0 1
    outer loop
      vertex -4.51161 40.1526 10.8
      vertex -12 25.05 10.8
      vertex -4.44326 39.8594 10.8
    endloop
  endfacet
  facet normal 0 0 1
    outer loop
      vertex -4.44326 39.8594 10.8
      vertex -12 25.05 10.8
      vertex -4.35588 39.5714 10.8
    endloop
  endfacet
  facet normal 0 0 1
    outer loop
      vertex -4.35588 39.5714 10.8
      vertex -12 25.05 10.8
      vertex -4.24985 39.2897 10.8
    endloop
  endfacet
  facet normal 0 0 1
    outer loop
      vertex -4.24985 39.2897 10.8
      vertex -12 25.05 10.8
      vertex -4.12561 39.0155 10.8
    endloop
  endfacet
  facet normal 0 0 1
    outer loop
      vertex 0 36.45 10.8
      vertex -12 25.05 10.8
      vertex 12 25.05 10.8
    endloop
  endfacet
  facet normal 0 0 1
    outer loop
      vertex -3.25269 37.7973 10.8
      vertex -12 25.05 10.8
      vertex -3.03299 37.5915 10.8
    endloop
  endfacet
  facet normal 0 0 1
    outer loop
      vertex -3.45846 38.017 10.8
      vertex -12 25.05 10.8
      vertex -3.25269 37.7973 10.8
    endloop
  endfacet
  facet normal 0 0 1
    outer loop
      vertex -3.64942 38.2497 10.8
      vertex -12 25.05 10.8
      vertex -3.45846 38.017 10.8
    endloop
  endfacet
  facet normal 0 0 1
    outer loop
      vertex -3.82476 38.4944 10.8
      vertex -12 25.05 10.8
      vertex -3.64942 38.2497 10.8
    endloop
  endfacet
  facet normal 0 0 1
    outer loop
      vertex -3.98372 38.75 10.8
      vertex -12 25.05 10.8
      vertex -3.82476 38.4944 10.8
    endloop
  endfacet
  facet normal 0 0 1
    outer loop
      vertex -4.12561 39.0155 10.8
      vertex -12 25.05 10.8
      vertex -3.98372 38.75 10.8
    endloop
  endfacet
  facet normal -1 0 0
    outer loop
      vertex -12 26.9921 1.76915
      vertex -12 53.05 0.799999
      vertex -12 27.0238 0.799999
    endloop
  endfacet
  facet normal -1 0 0
    outer loop
      vertex -12 26.8186 3.53073
      vertex -12 53.05 0.799999
      vertex -12 26.9921 1.76915
    endloop
  endfacet
  facet normal -1 0 0
    outer loop
      vertex -12 53.05 0.799999
      vertex -12 26.8186 3.53073
      vertex -12 53.05 10.8
    endloop
  endfacet
  facet normal -1 0 0
    outer loop
      vertex -12 26.5302 5.27719
      vertex -12 53.05 10.8
      vertex -12 26.8186 3.53073
    endloop
  endfacet
  facet normal -1 0 0
    outer loop
      vertex -12 26.1283 7.00105
      vertex -12 53.05 10.8
      vertex -12 26.5302 5.27719
    endloop
  endfacet
  facet normal -1 0 0
    outer loop
      vertex -12 25.6145 8.69494
      vertex -12 53.05 10.8
      vertex -12 26.1283 7.00105
    endloop
  endfacet
  facet normal -1 0 0
    outer loop
      vertex -12 25.05 10.8
      vertex -12 25.6145 8.69494
      vertex -12 25.05 10.1947
    endloop
  endfacet
  facet normal -1 0 0
    outer loop
      vertex -12 25.6145 8.69494
      vertex -12 25.05 10.8
      vertex -12 53.05 10.8
    endloop
  endfacet
  facet normal 0 -1 0
    outer loop
      vertex -12 25.05 10.1947
      vertex 12 25.05 10.8
      vertex -12 25.05 10.8
    endloop
  endfacet
  facet normal 0 -1 -0
    outer loop
      vertex 12 25.05 10.8
      vertex -12 25.05 10.1947
      vertex 12 25.05 10.1947
    endloop
  endfacet
  facet normal 0 1 -0
    outer loop
      vertex 12 53.05 0.799999
      vertex -12 53.05 10.8
      vertex 12 53.05 10.8
    endloop
  endfacet
  facet normal 0 1 0
    outer loop
      vertex -12 53.05 10.8
      vertex 12 53.05 0.799999
      vertex -12 53.05 0.799999
    endloop
  endfacet
  facet normal -0.986641 0.162912 0
    outer loop
      vertex 4.51161 40.1526 0.799999
      vertex 4.56065 40.4496 10.8
      vertex 4.56065 40.4496 0.799999
    endloop
  endfacet
  facet normal -0.986641 0.162912 0
    outer loop
      vertex 4.56065 40.4496 10.8
      vertex 4.51161 40.1526 0.799999
      vertex 4.51161 40.1526 10.8
    endloop
  endfacet
  facet normal 0.77303 -0.63437 0
    outer loop
      vertex -3.64942 43.8503 10.8
      vertex -3.45846 44.083 0.799999
      vertex -3.45846 44.083 10.8
    endloop
  endfacet
  facet normal 0.77303 -0.63437 0
    outer loop
      vertex -3.45846 44.083 0.799999
      vertex -3.64942 43.8503 10.8
      vertex -3.64942 43.8503 0.799999
    endloop
  endfacet
  facet normal 0.881953 0.471338 0
    outer loop
      vertex -3.98372 38.75 10.8
      vertex -4.12561 39.0155 0.799999
      vertex -4.12561 39.0155 10.8
    endloop
  endfacet
  facet normal 0.881953 0.471338 0
    outer loop
      vertex -4.12561 39.0155 0.799999
      vertex -3.98372 38.75 10.8
      vertex -3.98372 38.75 0.799999
    endloop
  endfacet
  facet normal -0.0983308 -0.995154 0
    outer loop
      vertex 0.300854 45.6402 0.799999
      vertex 0.60042 45.6106 10.8
      vertex 0.300854 45.6402 10.8
    endloop
  endfacet
  facet normal -0.0983308 -0.995154 -0
    outer loop
      vertex 0.60042 45.6106 10.8
      vertex 0.300854 45.6402 0.799999
      vertex 0.60042 45.6106 0.799999
    endloop
  endfacet
  facet normal 0.634267 -0.773114 0
    outer loop
      vertex -3.03299 44.5085 0.799999
      vertex -2.8003 44.6994 10.8
      vertex -3.03299 44.5085 10.8
    endloop
  endfacet
  facet normal 0.634267 -0.773114 0
    outer loop
      vertex -2.8003 44.6994 10.8
      vertex -3.03299 44.5085 0.799999
      vertex -2.8003 44.6994 0.799999
    endloop
  endfacet
  facet normal -0.634267 -0.773114 0
    outer loop
      vertex 2.8003 44.6994 0.799999
      vertex 3.03299 44.5085 10.8
      vertex 2.8003 44.6994 10.8
    endloop
  endfacet
  facet normal -0.634267 -0.773114 -0
    outer loop
      vertex 3.03299 44.5085 10.8
      vertex 2.8003 44.6994 0.799999
      vertex 3.03299 44.5085 0.799999
    endloop
  endfacet
  facet normal -0.58262 -0.812745 0
    outer loop
      vertex 2.55562 44.8748 0.799999
      vertex 2.8003 44.6994 10.8
      vertex 2.55562 44.8748 10.8
    endloop
  endfacet
  facet normal -0.58262 -0.812745 -0
    outer loop
      vertex 2.8003 44.6994 10.8
      vertex 2.55562 44.8748 0.799999
      vertex 2.8003 44.6994 0.799999
    endloop
  endfacet
  facet normal -0.812862 0.582457 0
    outer loop
      vertex 3.64942 38.2497 0.799999
      vertex 3.82476 38.4944 10.8
      vertex 3.82476 38.4944 0.799999
    endloop
  endfacet
  facet normal -0.812862 0.582457 0
    outer loop
      vertex 3.82476 38.4944 10.8
      vertex 3.64942 38.2497 0.799999
      vertex 3.64942 38.2497 10.8
    endloop
  endfacet
  facet normal -0.849176 0.52811 0
    outer loop
      vertex 3.82476 38.4944 0.799999
      vertex 3.98372 38.75 10.8
      vertex 3.98372 38.75 0.799999
    endloop
  endfacet
  facet normal -0.849176 0.52811 0
    outer loop
      vertex 3.98372 38.75 10.8
      vertex 3.82476 38.4944 0.799999
      vertex 3.82476 38.4944 10.8
    endloop
  endfacet
  facet normal -0.471405 0.881917 0
    outer loop
      vertex 2.3 37.0663 0.799999
      vertex 2.03453 36.9244 10.8
      vertex 2.3 37.0663 10.8
    endloop
  endfacet
  facet normal -0.471405 0.881917 0
    outer loop
      vertex 2.03453 36.9244 10.8
      vertex 2.3 37.0663 0.799999
      vertex 2.03453 36.9244 0.799999
    endloop
  endfacet
  facet normal -0.527937 -0.849284 0
    outer loop
      vertex 2.3 45.0337 0.799999
      vertex 2.55562 44.8748 10.8
      vertex 2.3 45.0337 10.8
    endloop
  endfacet
  facet normal -0.527937 -0.849284 -0
    outer loop
      vertex 2.55562 44.8748 10.8
      vertex 2.3 45.0337 0.799999
      vertex 2.55562 44.8748 0.799999
    endloop
  endfacet
  facet normal -0.683643 -0.729817 0
    outer loop
      vertex 3.03299 44.5085 0.799999
      vertex 3.25269 44.3027 10.8
      vertex 3.03299 44.5085 10.8
    endloop
  endfacet
  facet normal -0.683643 -0.729817 -0
    outer loop
      vertex 3.25269 44.3027 10.8
      vertex 3.03299 44.5085 0.799999
      vertex 3.25269 44.3027 0.799999
    endloop
  endfacet
  facet normal 0.849176 0.52811 0
    outer loop
      vertex -3.82476 38.4944 10.8
      vertex -3.98372 38.75 0.799999
      vertex -3.98372 38.75 10.8
    endloop
  endfacet
  facet normal 0.849176 0.52811 0
    outer loop
      vertex -3.98372 38.75 0.799999
      vertex -3.82476 38.4944 10.8
      vertex -3.82476 38.4944 0.799999
    endloop
  endfacet
  facet normal 0.956925 -0.290334 0
    outer loop
      vertex -4.44326 42.2406 10.8
      vertex -4.35588 42.5286 0.799999
      vertex -4.35588 42.5286 10.8
    endloop
  endfacet
  facet normal 0.956925 -0.290334 0
    outer loop
      vertex -4.35588 42.5286 0.799999
      vertex -4.44326 42.2406 10.8
      vertex -4.44326 42.2406 0.799999
    endloop
  endfacet
  facet normal -0.0983308 0.995154 0
    outer loop
      vertex 0.60042 36.4894 0.799999
      vertex 0.300854 36.4598 10.8
      vertex 0.60042 36.4894 10.8
    endloop
  endfacet
  facet normal -0.0983308 0.995154 0
    outer loop
      vertex 0.300854 36.4598 10.8
      vertex 0.60042 36.4894 0.799999
      vertex 0.300854 36.4598 0.799999
    endloop
  endfacet
  facet normal -0.999465 -0.0327176 0
    outer loop
      vertex 4.6 41.05 0.799999
      vertex 4.59015 41.3509 10.8
      vertex 4.59015 41.3509 0.799999
    endloop
  endfacet
  facet normal -0.999465 -0.0327176 0
    outer loop
      vertex 4.59015 41.3509 10.8
      vertex 4.6 41.05 0.799999
      vertex 4.6 41.05 10.8
    endloop
  endfacet
  facet normal -0.352448 0.935831 0
    outer loop
      vertex 1.76034 36.8002 0.799999
      vertex 1.47862 36.6941 10.8
      vertex 1.76034 36.8002 10.8
    endloop
  endfacet
  facet normal -0.352448 0.935831 0
    outer loop
      vertex 1.47862 36.6941 10.8
      vertex 1.76034 36.8002 0.799999
      vertex 1.47862 36.6941 0.799999
    endloop
  endfacet
  facet normal 0.77303 0.63437 0
    outer loop
      vertex -3.45846 38.017 10.8
      vertex -3.64942 38.2497 0.799999
      vertex -3.64942 38.2497 10.8
    endloop
  endfacet
  facet normal 0.77303 0.63437 0
    outer loop
      vertex -3.64942 38.2497 0.799999
      vertex -3.45846 38.017 10.8
      vertex -3.45846 38.017 0.799999
    endloop
  endfacet
  facet normal -0.9359 0.352266 0
    outer loop
      vertex 4.24985 39.2897 0.799999
      vertex 4.35588 39.5714 10.8
      vertex 4.35588 39.5714 0.799999
    endloop
  endfacet
  facet normal -0.9359 0.352266 0
    outer loop
      vertex 4.35588 39.5714 10.8
      vertex 4.24985 39.2897 0.799999
      vertex 4.24985 39.2897 10.8
    endloop
  endfacet
  facet normal -0.226906 -0.973917 0
    outer loop
      vertex 0.897415 45.5616 0.799999
      vertex 1.19057 45.4933 10.8
      vertex 0.897415 45.5616 10.8
    endloop
  endfacet
  facet normal -0.226906 -0.973917 -0
    outer loop
      vertex 1.19057 45.4933 10.8
      vertex 0.897415 45.5616 0.799999
      vertex 1.19057 45.4933 0.799999
    endloop
  endfacet
  facet normal 0.527937 0.849284 -0
    outer loop
      vertex -2.3 37.0663 0.799999
      vertex -2.55562 37.2252 10.8
      vertex -2.3 37.0663 10.8
    endloop
  endfacet
  facet normal 0.527937 0.849284 0
    outer loop
      vertex -2.55562 37.2252 10.8
      vertex -2.3 37.0663 0.799999
      vertex -2.55562 37.2252 0.799999
    endloop
  endfacet
  facet normal -0.956925 0.290334 0
    outer loop
      vertex 4.35588 39.5714 0.799999
      vertex 4.44326 39.8594 10.8
      vertex 4.44326 39.8594 0.799999
    endloop
  endfacet
  facet normal -0.956925 0.290334 0
    outer loop
      vertex 4.44326 39.8594 10.8
      vertex 4.35588 39.5714 0.799999
      vertex 4.35588 39.5714 10.8
    endloop
  endfacet
  facet normal -0.995184 -0.0980231 0
    outer loop
      vertex 4.59015 41.3509 0.799999
      vertex 4.56065 41.6504 10.8
      vertex 4.56065 41.6504 0.799999
    endloop
  endfacet
  facet normal -0.995184 -0.0980231 0
    outer loop
      vertex 4.56065 41.6504 10.8
      vertex 4.59015 41.3509 0.799999
      vertex 4.59015 41.3509 10.8
    endloop
  endfacet
  facet normal -0.973888 0.22703 0
    outer loop
      vertex 4.44326 39.8594 0.799999
      vertex 4.51161 40.1526 10.8
      vertex 4.51161 40.1526 0.799999
    endloop
  endfacet
  facet normal -0.973888 0.22703 0
    outer loop
      vertex 4.51161 40.1526 10.8
      vertex 4.44326 39.8594 0.799999
      vertex 4.44326 39.8594 10.8
    endloop
  endfacet
  facet normal -0.995184 0.0980231 0
    outer loop
      vertex 4.56065 40.4496 0.799999
      vertex 4.59015 40.7491 10.8
      vertex 4.59015 40.7491 0.799999
    endloop
  endfacet
  facet normal -0.995184 0.0980231 0
    outer loop
      vertex 4.59015 40.7491 10.8
      vertex 4.56065 40.4496 0.799999
      vertex 4.56065 40.4496 10.8
    endloop
  endfacet
  facet normal -0.910862 -0.412711 0
    outer loop
      vertex 4.24985 42.8103 0.799999
      vertex 4.12561 43.0845 10.8
      vertex 4.12561 43.0845 0.799999
    endloop
  endfacet
  facet normal -0.910862 -0.412711 0
    outer loop
      vertex 4.12561 43.0845 10.8
      vertex 4.24985 42.8103 0.799999
      vertex 4.24985 42.8103 10.8
    endloop
  endfacet
  facet normal 0.973888 0.22703 0
    outer loop
      vertex -4.44326 39.8594 10.8
      vertex -4.51161 40.1526 0.799999
      vertex -4.51161 40.1526 10.8
    endloop
  endfacet
  facet normal 0.973888 0.22703 0
    outer loop
      vertex -4.51161 40.1526 0.799999
      vertex -4.44326 39.8594 10.8
      vertex -4.44326 39.8594 0.799999
    endloop
  endfacet
  facet normal 0.0983308 -0.995154 0
    outer loop
      vertex -0.60042 45.6106 0.799999
      vertex -0.300854 45.6402 10.8
      vertex -0.60042 45.6106 10.8
    endloop
  endfacet
  facet normal 0.0983308 -0.995154 0
    outer loop
      vertex -0.300854 45.6402 10.8
      vertex -0.60042 45.6106 0.799999
      vertex -0.300854 45.6402 0.799999
    endloop
  endfacet
  facet normal -0.881953 0.471338 0
    outer loop
      vertex 3.98372 38.75 0.799999
      vertex 4.12561 39.0155 10.8
      vertex 4.12561 39.0155 0.799999
    endloop
  endfacet
  facet normal -0.881953 0.471338 0
    outer loop
      vertex 4.12561 39.0155 10.8
      vertex 3.98372 38.75 0.799999
      vertex 3.98372 38.75 10.8
    endloop
  endfacet
  facet normal 0.881953 -0.471338 0
    outer loop
      vertex -4.12561 43.0845 10.8
      vertex -3.98372 43.35 0.799999
      vertex -3.98372 43.35 10.8
    endloop
  endfacet
  facet normal 0.881953 -0.471338 0
    outer loop
      vertex -3.98372 43.35 0.799999
      vertex -4.12561 43.0845 10.8
      vertex -4.12561 43.0845 0.799999
    endloop
  endfacet
  facet normal 0.729867 -0.68359 0
    outer loop
      vertex -3.45846 44.083 10.8
      vertex -3.25269 44.3027 0.799999
      vertex -3.25269 44.3027 10.8
    endloop
  endfacet
  facet normal 0.729867 -0.68359 0
    outer loop
      vertex -3.25269 44.3027 0.799999
      vertex -3.45846 44.083 10.8
      vertex -3.45846 44.083 0.799999
    endloop
  endfacet
  facet normal -0.986641 -0.162912 0
    outer loop
      vertex 4.56065 41.6504 0.799999
      vertex 4.51161 41.9474 10.8
      vertex 4.51161 41.9474 0.799999
    endloop
  endfacet
  facet normal -0.986641 -0.162912 0
    outer loop
      vertex 4.51161 41.9474 10.8
      vertex 4.56065 41.6504 0.799999
      vertex 4.56065 41.6504 10.8
    endloop
  endfacet
  facet normal 0.729867 0.68359 0
    outer loop
      vertex -3.25269 37.7973 10.8
      vertex -3.45846 38.017 0.799999
      vertex -3.45846 38.017 10.8
    endloop
  endfacet
  facet normal 0.729867 0.68359 0
    outer loop
      vertex -3.45846 38.017 0.799999
      vertex -3.25269 37.7973 10.8
      vertex -3.25269 37.7973 0.799999
    endloop
  endfacet
  facet normal 0.471405 0.881917 -0
    outer loop
      vertex -2.03453 36.9244 0.799999
      vertex -2.3 37.0663 10.8
      vertex -2.03453 36.9244 10.8
    endloop
  endfacet
  facet normal 0.471405 0.881917 0
    outer loop
      vertex -2.3 37.0663 10.8
      vertex -2.03453 36.9244 0.799999
      vertex -2.3 37.0663 0.799999
    endloop
  endfacet
  facet normal -0.9359 -0.352266 0
    outer loop
      vertex 4.35588 42.5286 0.799999
      vertex 4.24985 42.8103 10.8
      vertex 4.24985 42.8103 0.799999
    endloop
  endfacet
  facet normal -0.9359 -0.352266 0
    outer loop
      vertex 4.24985 42.8103 10.8
      vertex 4.35588 42.5286 0.799999
      vertex 4.35588 42.5286 10.8
    endloop
  endfacet
  facet normal 0.683643 0.729817 -0
    outer loop
      vertex -3.03299 37.5915 0.799999
      vertex -3.25269 37.7973 10.8
      vertex -3.03299 37.5915 10.8
    endloop
  endfacet
  facet normal 0.683643 0.729817 0
    outer loop
      vertex -3.25269 37.7973 10.8
      vertex -3.03299 37.5915 0.799999
      vertex -3.25269 37.7973 0.799999
    endloop
  endfacet
  facet normal 0.986641 0.162912 0
    outer loop
      vertex -4.51161 40.1526 10.8
      vertex -4.56065 40.4496 0.799999
      vertex -4.56065 40.4496 10.8
    endloop
  endfacet
  facet normal 0.986641 0.162912 0
    outer loop
      vertex -4.56065 40.4496 0.799999
      vertex -4.51161 40.1526 10.8
      vertex -4.51161 40.1526 0.799999
    endloop
  endfacet
  facet normal 0.910862 -0.412711 0
    outer loop
      vertex -4.24985 42.8103 10.8
      vertex -4.12561 43.0845 0.799999
      vertex -4.12561 43.0845 10.8
    endloop
  endfacet
  facet normal 0.910862 -0.412711 0
    outer loop
      vertex -4.12561 43.0845 0.799999
      vertex -4.24985 42.8103 10.8
      vertex -4.24985 42.8103 0.799999
    endloop
  endfacet
  facet normal -0.999465 0.0327176 0
    outer loop
      vertex 4.59015 40.7491 0.799999
      vertex 4.6 41.05 10.8
      vertex 4.6 41.05 0.799999
    endloop
  endfacet
  facet normal -0.999465 0.0327176 0
    outer loop
      vertex 4.6 41.05 10.8
      vertex 4.59015 40.7491 0.799999
      vertex 4.59015 40.7491 10.8
    endloop
  endfacet
  facet normal 0.999465 -0.0327176 0
    outer loop
      vertex -4.6 41.05 10.8
      vertex -4.59015 41.3509 0.799999
      vertex -4.59015 41.3509 10.8
    endloop
  endfacet
  facet normal 0.999465 -0.0327176 0
    outer loop
      vertex -4.59015 41.3509 0.799999
      vertex -4.6 41.05 10.8
      vertex -4.6 41.05 0.799999
    endloop
  endfacet
  facet normal 0.9359 0.352266 0
    outer loop
      vertex -4.24985 39.2897 10.8
      vertex -4.35588 39.5714 0.799999
      vertex -4.35588 39.5714 10.8
    endloop
  endfacet
  facet normal 0.9359 0.352266 0
    outer loop
      vertex -4.35588 39.5714 0.799999
      vertex -4.24985 39.2897 10.8
      vertex -4.24985 39.2897 0.799999
    endloop
  endfacet
  facet normal -0.58262 0.812745 0
    outer loop
      vertex 2.8003 37.4006 0.799999
      vertex 2.55562 37.2252 10.8
      vertex 2.8003 37.4006 10.8
    endloop
  endfacet
  facet normal -0.58262 0.812745 0
    outer loop
      vertex 2.55562 37.2252 10.8
      vertex 2.8003 37.4006 0.799999
      vertex 2.55562 37.2252 0.799999
    endloop
  endfacet
  facet normal -0.910862 0.412711 0
    outer loop
      vertex 4.12561 39.0155 0.799999
      vertex 4.24985 39.2897 10.8
      vertex 4.24985 39.2897 0.799999
    endloop
  endfacet
  facet normal -0.910862 0.412711 0
    outer loop
      vertex 4.24985 39.2897 10.8
      vertex 4.12561 39.0155 0.799999
      vertex 4.12561 39.0155 10.8
    endloop
  endfacet
  facet normal 0.352448 0.935831 -0
    outer loop
      vertex -1.47862 36.6941 0.799999
      vertex -1.76034 36.8002 10.8
      vertex -1.47862 36.6941 10.8
    endloop
  endfacet
  facet normal 0.352448 0.935831 0
    outer loop
      vertex -1.76034 36.8002 10.8
      vertex -1.47862 36.6941 0.799999
      vertex -1.76034 36.8002 0.799999
    endloop
  endfacet
  facet normal -0.226906 0.973917 0
    outer loop
      vertex 1.19057 36.6067 0.799999
      vertex 0.897415 36.5384 10.8
      vertex 1.19057 36.6067 10.8
    endloop
  endfacet
  facet normal -0.226906 0.973917 0
    outer loop
      vertex 0.897415 36.5384 10.8
      vertex 1.19057 36.6067 0.799999
      vertex 0.897415 36.5384 0.799999
    endloop
  endfacet
  facet normal 0.226906 0.973917 -0
    outer loop
      vertex -0.897415 36.5384 0.799999
      vertex -1.19057 36.6067 10.8
      vertex -0.897415 36.5384 10.8
    endloop
  endfacet
  facet normal 0.226906 0.973917 0
    outer loop
      vertex -1.19057 36.6067 10.8
      vertex -0.897415 36.5384 0.799999
      vertex -1.19057 36.6067 0.799999
    endloop
  endfacet
  facet normal 0.0325567 0.99947 -0
    outer loop
      vertex 0 36.45 0.799999
      vertex -0.300854 36.4598 10.8
      vertex 0 36.45 10.8
    endloop
  endfacet
  facet normal 0.0325567 0.99947 0
    outer loop
      vertex -0.300854 36.4598 10.8
      vertex 0 36.45 0.799999
      vertex -0.300854 36.4598 0.799999
    endloop
  endfacet
  facet normal -0.634267 0.773114 0
    outer loop
      vertex 3.03299 37.5915 0.799999
      vertex 2.8003 37.4006 10.8
      vertex 3.03299 37.5915 10.8
    endloop
  endfacet
  facet normal -0.634267 0.773114 0
    outer loop
      vertex 2.8003 37.4006 10.8
      vertex 3.03299 37.5915 0.799999
      vertex 2.8003 37.4006 0.799999
    endloop
  endfacet
  facet normal 0.527937 -0.849284 0
    outer loop
      vertex -2.55562 44.8748 0.799999
      vertex -2.3 45.0337 10.8
      vertex -2.55562 44.8748 10.8
    endloop
  endfacet
  facet normal 0.527937 -0.849284 0
    outer loop
      vertex -2.3 45.0337 10.8
      vertex -2.55562 44.8748 0.799999
      vertex -2.3 45.0337 0.799999
    endloop
  endfacet
  facet normal 0.352448 -0.935831 0
    outer loop
      vertex -1.76034 45.2998 0.799999
      vertex -1.47862 45.4059 10.8
      vertex -1.76034 45.2998 10.8
    endloop
  endfacet
  facet normal 0.352448 -0.935831 0
    outer loop
      vertex -1.47862 45.4059 10.8
      vertex -1.76034 45.2998 0.799999
      vertex -1.47862 45.4059 0.799999
    endloop
  endfacet
  facet normal -0.956925 -0.290334 0
    outer loop
      vertex 4.44326 42.2406 0.799999
      vertex 4.35588 42.5286 10.8
      vertex 4.35588 42.5286 0.799999
    endloop
  endfacet
  facet normal -0.956925 -0.290334 0
    outer loop
      vertex 4.35588 42.5286 10.8
      vertex 4.44326 42.2406 0.799999
      vertex 4.44326 42.2406 10.8
    endloop
  endfacet
  facet normal 0.162785 0.986662 -0
    outer loop
      vertex -0.60042 36.4894 0.799999
      vertex -0.897415 36.5384 10.8
      vertex -0.60042 36.4894 10.8
    endloop
  endfacet
  facet normal 0.162785 0.986662 0
    outer loop
      vertex -0.897415 36.5384 10.8
      vertex -0.60042 36.4894 0.799999
      vertex -0.897415 36.5384 0.799999
    endloop
  endfacet
  facet normal -0.0325567 0.99947 0
    outer loop
      vertex 0.300854 36.4598 0.799999
      vertex 0 36.45 10.8
      vertex 0.300854 36.4598 10.8
    endloop
  endfacet
  facet normal -0.0325567 0.99947 0
    outer loop
      vertex 0 36.45 10.8
      vertex 0.300854 36.4598 0.799999
      vertex 0 36.45 0.799999
    endloop
  endfacet
  facet normal -0.162785 -0.986662 0
    outer loop
      vertex 0.60042 45.6106 0.799999
      vertex 0.897415 45.5616 10.8
      vertex 0.60042 45.6106 10.8
    endloop
  endfacet
  facet normal -0.162785 -0.986662 -0
    outer loop
      vertex 0.897415 45.5616 10.8
      vertex 0.60042 45.6106 0.799999
      vertex 0.897415 45.5616 0.799999
    endloop
  endfacet
  facet normal -0.162785 0.986662 0
    outer loop
      vertex 0.897415 36.5384 0.799999
      vertex 0.60042 36.4894 10.8
      vertex 0.897415 36.5384 10.8
    endloop
  endfacet
  facet normal -0.162785 0.986662 0
    outer loop
      vertex 0.60042 36.4894 10.8
      vertex 0.897415 36.5384 0.799999
      vertex 0.60042 36.4894 0.799999
    endloop
  endfacet
  facet normal 0.226906 -0.973917 0
    outer loop
      vertex -1.19057 45.4933 0.799999
      vertex -0.897415 45.5616 10.8
      vertex -1.19057 45.4933 10.8
    endloop
  endfacet
  facet normal 0.226906 -0.973917 0
    outer loop
      vertex -0.897415 45.5616 10.8
      vertex -1.19057 45.4933 0.799999
      vertex -0.897415 45.5616 0.799999
    endloop
  endfacet
  facet normal 0.412614 -0.910906 0
    outer loop
      vertex -2.03453 45.1756 0.799999
      vertex -1.76034 45.2998 10.8
      vertex -2.03453 45.1756 10.8
    endloop
  endfacet
  facet normal 0.412614 -0.910906 0
    outer loop
      vertex -1.76034 45.2998 10.8
      vertex -2.03453 45.1756 0.799999
      vertex -1.76034 45.2998 0.799999
    endloop
  endfacet
  facet normal -0.729867 -0.68359 0
    outer loop
      vertex 3.45846 44.083 0.799999
      vertex 3.25269 44.3027 10.8
      vertex 3.25269 44.3027 0.799999
    endloop
  endfacet
  facet normal -0.729867 -0.68359 0
    outer loop
      vertex 3.25269 44.3027 10.8
      vertex 3.45846 44.083 0.799999
      vertex 3.45846 44.083 10.8
    endloop
  endfacet
  facet normal -0.77303 0.63437 0
    outer loop
      vertex 3.45846 38.017 0.799999
      vertex 3.64942 38.2497 10.8
      vertex 3.64942 38.2497 0.799999
    endloop
  endfacet
  facet normal -0.77303 0.63437 0
    outer loop
      vertex 3.64942 38.2497 10.8
      vertex 3.45846 38.017 0.799999
      vertex 3.45846 38.017 10.8
    endloop
  endfacet
  facet normal 0.0983308 0.995154 -0
    outer loop
      vertex -0.300854 36.4598 0.799999
      vertex -0.60042 36.4894 10.8
      vertex -0.300854 36.4598 10.8
    endloop
  endfacet
  facet normal 0.0983308 0.995154 0
    outer loop
      vertex -0.60042 36.4894 10.8
      vertex -0.300854 36.4598 0.799999
      vertex -0.60042 36.4894 0.799999
    endloop
  endfacet
  facet normal 0.995184 0.0980231 0
    outer loop
      vertex -4.56065 40.4496 10.8
      vertex -4.59015 40.7491 0.799999
      vertex -4.59015 40.7491 10.8
    endloop
  endfacet
  facet normal 0.995184 0.0980231 0
    outer loop
      vertex -4.59015 40.7491 0.799999
      vertex -4.56065 40.4496 10.8
      vertex -4.56065 40.4496 0.799999
    endloop
  endfacet
  facet normal 0.58262 0.812745 -0
    outer loop
      vertex -2.55562 37.2252 0.799999
      vertex -2.8003 37.4006 10.8
      vertex -2.55562 37.2252 10.8
    endloop
  endfacet
  facet normal 0.58262 0.812745 0
    outer loop
      vertex -2.8003 37.4006 10.8
      vertex -2.55562 37.2252 0.799999
      vertex -2.8003 37.4006 0.799999
    endloop
  endfacet
  facet normal 0.162785 -0.986662 0
    outer loop
      vertex -0.897415 45.5616 0.799999
      vertex -0.60042 45.6106 10.8
      vertex -0.897415 45.5616 10.8
    endloop
  endfacet
  facet normal 0.162785 -0.986662 0
    outer loop
      vertex -0.60042 45.6106 10.8
      vertex -0.897415 45.5616 0.799999
      vertex -0.60042 45.6106 0.799999
    endloop
  endfacet
  facet normal 0.412614 0.910906 -0
    outer loop
      vertex -1.76034 36.8002 0.799999
      vertex -2.03453 36.9244 10.8
      vertex -1.76034 36.8002 10.8
    endloop
  endfacet
  facet normal 0.412614 0.910906 0
    outer loop
      vertex -2.03453 36.9244 10.8
      vertex -1.76034 36.8002 0.799999
      vertex -2.03453 36.9244 0.799999
    endloop
  endfacet
  facet normal 0.986641 -0.162912 0
    outer loop
      vertex -4.56065 41.6504 10.8
      vertex -4.51161 41.9474 0.799999
      vertex -4.51161 41.9474 10.8
    endloop
  endfacet
  facet normal 0.986641 -0.162912 0
    outer loop
      vertex -4.51161 41.9474 0.799999
      vertex -4.56065 41.6504 10.8
      vertex -4.56065 41.6504 0.799999
    endloop
  endfacet
  facet normal -0.527937 0.849284 0
    outer loop
      vertex 2.55562 37.2252 0.799999
      vertex 2.3 37.0663 10.8
      vertex 2.55562 37.2252 10.8
    endloop
  endfacet
  facet normal -0.527937 0.849284 0
    outer loop
      vertex 2.3 37.0663 10.8
      vertex 2.55562 37.2252 0.799999
      vertex 2.3 37.0663 0.799999
    endloop
  endfacet
  facet normal -0.849176 -0.52811 0
    outer loop
      vertex 3.98372 43.35 0.799999
      vertex 3.82476 43.6056 10.8
      vertex 3.82476 43.6056 0.799999
    endloop
  endfacet
  facet normal -0.849176 -0.52811 0
    outer loop
      vertex 3.82476 43.6056 10.8
      vertex 3.98372 43.35 0.799999
      vertex 3.98372 43.35 10.8
    endloop
  endfacet
  facet normal 0.999465 0.0327176 0
    outer loop
      vertex -4.59015 40.7491 10.8
      vertex -4.6 41.05 0.799999
      vertex -4.6 41.05 10.8
    endloop
  endfacet
  facet normal 0.999465 0.0327176 0
    outer loop
      vertex -4.6 41.05 0.799999
      vertex -4.59015 40.7491 10.8
      vertex -4.59015 40.7491 0.799999
    endloop
  endfacet
  facet normal 0.995184 -0.0980231 0
    outer loop
      vertex -4.59015 41.3509 10.8
      vertex -4.56065 41.6504 0.799999
      vertex -4.56065 41.6504 10.8
    endloop
  endfacet
  facet normal 0.995184 -0.0980231 0
    outer loop
      vertex -4.56065 41.6504 0.799999
      vertex -4.59015 41.3509 10.8
      vertex -4.59015 41.3509 0.799999
    endloop
  endfacet
  facet normal 0.973888 -0.22703 0
    outer loop
      vertex -4.51161 41.9474 10.8
      vertex -4.44326 42.2406 0.799999
      vertex -4.44326 42.2406 10.8
    endloop
  endfacet
  facet normal 0.973888 -0.22703 0
    outer loop
      vertex -4.44326 42.2406 0.799999
      vertex -4.51161 41.9474 10.8
      vertex -4.51161 41.9474 0.799999
    endloop
  endfacet
  facet normal -0.729867 0.68359 0
    outer loop
      vertex 3.25269 37.7973 0.799999
      vertex 3.45846 38.017 10.8
      vertex 3.45846 38.017 0.799999
    endloop
  endfacet
  facet normal -0.729867 0.68359 0
    outer loop
      vertex 3.45846 38.017 10.8
      vertex 3.25269 37.7973 0.799999
      vertex 3.25269 37.7973 10.8
    endloop
  endfacet
  facet normal -0.412614 -0.910906 0
    outer loop
      vertex 1.76034 45.2998 0.799999
      vertex 2.03453 45.1756 10.8
      vertex 1.76034 45.2998 10.8
    endloop
  endfacet
  facet normal -0.412614 -0.910906 -0
    outer loop
      vertex 2.03453 45.1756 10.8
      vertex 1.76034 45.2998 0.799999
      vertex 2.03453 45.1756 0.799999
    endloop
  endfacet
  facet normal -0.973888 -0.22703 0
    outer loop
      vertex 4.51161 41.9474 0.799999
      vertex 4.44326 42.2406 10.8
      vertex 4.44326 42.2406 0.799999
    endloop
  endfacet
  facet normal -0.973888 -0.22703 0
    outer loop
      vertex 4.44326 42.2406 10.8
      vertex 4.51161 41.9474 0.799999
      vertex 4.51161 41.9474 10.8
    endloop
  endfacet
  facet normal 0.683643 -0.729817 0
    outer loop
      vertex -3.25269 44.3027 0.799999
      vertex -3.03299 44.5085 10.8
      vertex -3.25269 44.3027 10.8
    endloop
  endfacet
  facet normal 0.683643 -0.729817 0
    outer loop
      vertex -3.03299 44.5085 10.8
      vertex -3.25269 44.3027 0.799999
      vertex -3.03299 44.5085 0.799999
    endloop
  endfacet
  facet normal 0.849176 -0.52811 0
    outer loop
      vertex -3.98372 43.35 10.8
      vertex -3.82476 43.6056 0.799999
      vertex -3.82476 43.6056 10.8
    endloop
  endfacet
  facet normal 0.849176 -0.52811 0
    outer loop
      vertex -3.82476 43.6056 0.799999
      vertex -3.98372 43.35 10.8
      vertex -3.98372 43.35 0.799999
    endloop
  endfacet
  facet normal -0.683643 0.729817 0
    outer loop
      vertex 3.25269 37.7973 0.799999
      vertex 3.03299 37.5915 10.8
      vertex 3.25269 37.7973 10.8
    endloop
  endfacet
  facet normal -0.683643 0.729817 0
    outer loop
      vertex 3.03299 37.5915 10.8
      vertex 3.25269 37.7973 0.799999
      vertex 3.03299 37.5915 0.799999
    endloop
  endfacet
  facet normal 0.9359 -0.352266 0
    outer loop
      vertex -4.35588 42.5286 10.8
      vertex -4.24985 42.8103 0.799999
      vertex -4.24985 42.8103 10.8
    endloop
  endfacet
  facet normal 0.9359 -0.352266 0
    outer loop
      vertex -4.24985 42.8103 0.799999
      vertex -4.35588 42.5286 10.8
      vertex -4.35588 42.5286 0.799999
    endloop
  endfacet
  facet normal 0.634267 0.773114 -0
    outer loop
      vertex -2.8003 37.4006 0.799999
      vertex -3.03299 37.5915 10.8
      vertex -2.8003 37.4006 10.8
    endloop
  endfacet
  facet normal 0.634267 0.773114 0
    outer loop
      vertex -3.03299 37.5915 10.8
      vertex -2.8003 37.4006 0.799999
      vertex -3.03299 37.5915 0.799999
    endloop
  endfacet
  facet normal 0.812862 -0.582457 0
    outer loop
      vertex -3.82476 43.6056 10.8
      vertex -3.64942 43.8503 0.799999
      vertex -3.64942 43.8503 10.8
    endloop
  endfacet
  facet normal 0.812862 -0.582457 0
    outer loop
      vertex -3.64942 43.8503 0.799999
      vertex -3.82476 43.6056 10.8
      vertex -3.82476 43.6056 0.799999
    endloop
  endfacet
  facet normal -0.412614 0.910906 0
    outer loop
      vertex 2.03453 36.9244 0.799999
      vertex 1.76034 36.8002 10.8
      vertex 2.03453 36.9244 10.8
    endloop
  endfacet
  facet normal -0.412614 0.910906 0
    outer loop
      vertex 1.76034 36.8002 10.8
      vertex 2.03453 36.9244 0.799999
      vertex 1.76034 36.8002 0.799999
    endloop
  endfacet
  facet normal -0.812862 -0.582457 0
    outer loop
      vertex 3.82476 43.6056 0.799999
      vertex 3.64942 43.8503 10.8
      vertex 3.64942 43.8503 0.799999
    endloop
  endfacet
  facet normal -0.812862 -0.582457 0
    outer loop
      vertex 3.64942 43.8503 10.8
      vertex 3.82476 43.6056 0.799999
      vertex 3.82476 43.6056 10.8
    endloop
  endfacet
  facet normal 0.0325567 -0.99947 0
    outer loop
      vertex -0.300854 45.6402 0.799999
      vertex 0 45.65 10.8
      vertex -0.300854 45.6402 10.8
    endloop
  endfacet
  facet normal 0.0325567 -0.99947 0
    outer loop
      vertex 0 45.65 10.8
      vertex -0.300854 45.6402 0.799999
      vertex 0 45.65 0.799999
    endloop
  endfacet
  facet normal -0.0325567 -0.99947 0
    outer loop
      vertex 0 45.65 0.799999
      vertex 0.300854 45.6402 10.8
      vertex 0 45.65 10.8
    endloop
  endfacet
  facet normal -0.0325567 -0.99947 -0
    outer loop
      vertex 0.300854 45.6402 10.8
      vertex 0 45.65 0.799999
      vertex 0.300854 45.6402 0.799999
    endloop
  endfacet
  facet normal 0.956925 0.290334 0
    outer loop
      vertex -4.35588 39.5714 10.8
      vertex -4.44326 39.8594 0.799999
      vertex -4.44326 39.8594 10.8
    endloop
  endfacet
  facet normal 0.956925 0.290334 0
    outer loop
      vertex -4.44326 39.8594 0.799999
      vertex -4.35588 39.5714 10.8
      vertex -4.35588 39.5714 0.799999
    endloop
  endfacet
  facet normal -0.290349 0.956921 0
    outer loop
      vertex 1.47862 36.6941 0.799999
      vertex 1.19057 36.6067 10.8
      vertex 1.47862 36.6941 10.8
    endloop
  endfacet
  facet normal -0.290349 0.956921 0
    outer loop
      vertex 1.19057 36.6067 10.8
      vertex 1.47862 36.6941 0.799999
      vertex 1.19057 36.6067 0.799999
    endloop
  endfacet
  facet normal -0.352448 -0.935831 0
    outer loop
      vertex 1.47862 45.4059 0.799999
      vertex 1.76034 45.2998 10.8
      vertex 1.47862 45.4059 10.8
    endloop
  endfacet
  facet normal -0.352448 -0.935831 -0
    outer loop
      vertex 1.76034 45.2998 10.8
      vertex 1.47862 45.4059 0.799999
      vertex 1.76034 45.2998 0.799999
    endloop
  endfacet
  facet normal -0.77303 -0.63437 0
    outer loop
      vertex 3.64942 43.8503 0.799999
      vertex 3.45846 44.083 10.8
      vertex 3.45846 44.083 0.799999
    endloop
  endfacet
  facet normal -0.77303 -0.63437 0
    outer loop
      vertex 3.45846 44.083 10.8
      vertex 3.64942 43.8503 0.799999
      vertex 3.64942 43.8503 10.8
    endloop
  endfacet
  facet normal -0.290349 -0.956921 0
    outer loop
      vertex 1.19057 45.4933 0.799999
      vertex 1.47862 45.4059 10.8
      vertex 1.19057 45.4933 10.8
    endloop
  endfacet
  facet normal -0.290349 -0.956921 -0
    outer loop
      vertex 1.47862 45.4059 10.8
      vertex 1.19057 45.4933 0.799999
      vertex 1.47862 45.4059 0.799999
    endloop
  endfacet
  facet normal 0.812862 0.582457 0
    outer loop
      vertex -3.64942 38.2497 10.8
      vertex -3.82476 38.4944 0.799999
      vertex -3.82476 38.4944 10.8
    endloop
  endfacet
  facet normal 0.812862 0.582457 0
    outer loop
      vertex -3.82476 38.4944 0.799999
      vertex -3.64942 38.2497 10.8
      vertex -3.64942 38.2497 0.799999
    endloop
  endfacet
  facet normal -0.471405 -0.881917 0
    outer loop
      vertex 2.03453 45.1756 0.799999
      vertex 2.3 45.0337 10.8
      vertex 2.03453 45.1756 10.8
    endloop
  endfacet
  facet normal -0.471405 -0.881917 -0
    outer loop
      vertex 2.3 45.0337 10.8
      vertex 2.03453 45.1756 0.799999
      vertex 2.3 45.0337 0.799999
    endloop
  endfacet
  facet normal 0.471405 -0.881917 0
    outer loop
      vertex -2.3 45.0337 0.799999
      vertex -2.03453 45.1756 10.8
      vertex -2.3 45.0337 10.8
    endloop
  endfacet
  facet normal 0.471405 -0.881917 0
    outer loop
      vertex -2.03453 45.1756 10.8
      vertex -2.3 45.0337 0.799999
      vertex -2.03453 45.1756 0.799999
    endloop
  endfacet
  facet normal -0.881953 -0.471338 0
    outer loop
      vertex 4.12561 43.0845 0.799999
      vertex 3.98372 43.35 10.8
      vertex 3.98372 43.35 0.799999
    endloop
  endfacet
  facet normal -0.881953 -0.471338 0
    outer loop
      vertex 3.98372 43.35 10.8
      vertex 4.12561 43.0845 0.799999
      vertex 4.12561 43.0845 10.8
    endloop
  endfacet
  facet normal 0.290349 0.956921 -0
    outer loop
      vertex -1.19057 36.6067 0.799999
      vertex -1.47862 36.6941 10.8
      vertex -1.19057 36.6067 10.8
    endloop
  endfacet
  facet normal 0.290349 0.956921 0
    outer loop
      vertex -1.47862 36.6941 10.8
      vertex -1.19057 36.6067 0.799999
      vertex -1.47862 36.6941 0.799999
    endloop
  endfacet
  facet normal 0.290349 -0.956921 0
    outer loop
      vertex -1.47862 45.4059 0.799999
      vertex -1.19057 45.4933 10.8
      vertex -1.47862 45.4059 10.8
    endloop
  endfacet
  facet normal 0.290349 -0.956921 0
    outer loop
      vertex -1.19057 45.4933 10.8
      vertex -1.47862 45.4059 0.799999
      vertex -1.19057 45.4933 0.799999
    endloop
  endfacet
  facet normal 0.910862 0.412711 0
    outer loop
      vertex -4.12561 39.0155 10.8
      vertex -4.24985 39.2897 0.799999
      vertex -4.24985 39.2897 10.8
    endloop
  endfacet
  facet normal 0.910862 0.412711 0
    outer loop
      vertex -4.24985 39.2897 0.799999
      vertex -4.12561 39.0155 10.8
      vertex -4.12561 39.0155 0.799999
    endloop
  endfacet
  facet normal 0.58262 -0.812745 0
    outer loop
      vertex -2.8003 44.6994 0.799999
      vertex -2.55562 44.8748 10.8
      vertex -2.8003 44.6994 10.8
    endloop
  endfacet
  facet normal 0.58262 -0.812745 0
    outer loop
      vertex -2.55562 44.8748 10.8
      vertex -2.8003 44.6994 0.799999
      vertex -2.55562 44.8748 0.799999
    endloop
  endfacet
  facet normal 0 -0.0403329 -0.999186
    outer loop
      vertex -16 -59.55 28.05
      vertex -12 -40.6082 27.2854
      vertex -12 -59.55 28.05
    endloop
  endfacet
  facet normal -0 -0.0403329 -0.999186
    outer loop
      vertex -12 -40.6082 27.2854
      vertex -16 -59.55 28.05
      vertex -16 -40.6082 27.2854
    endloop
  endfacet
  facet normal 0 -1 0
    outer loop
      vertex -16 -59.55 28.05
      vertex -12 -59.55 33.05
      vertex -16 -59.55 33.05
    endloop
  endfacet
  facet normal 0 -1 -0
    outer loop
      vertex -12 -59.55 33.05
      vertex -16 -59.55 28.05
      vertex -12 -59.55 28.05
    endloop
  endfacet
  facet normal -0 0.0604292 0.998172
    outer loop
      vertex -16 -4 30.05
      vertex -12 -11.372 30.4963
      vertex -12 -4 30.05
    endloop
  endfacet
  facet normal 0 0.0604292 0.998172
    outer loop
      vertex -12 -11.372 30.4963
      vertex -16 -4 30.05
      vertex -16 -11.372 30.4963
    endloop
  endfacet
  facet normal 0 0 1
    outer loop
      vertex 36 -25.75 33.05
      vertex 16 -57.55 33.05
      vertex 36 -57.55 33.05
    endloop
  endfacet
  facet normal 0 0 1
    outer loop
      vertex 16 -57.55 33.05
      vertex 12 -57.55 33.05
      vertex 16 -59.55 33.05
    endloop
  endfacet
  facet normal 0 0 1
    outer loop
      vertex 36 -25.75 33.05
      vertex 12 -57.55 33.05
      vertex 16 -57.55 33.05
    endloop
  endfacet
  facet normal 0 0 1
    outer loop
      vertex 36 -25.75 33.05
      vertex -12 -57.55 33.05
      vertex 12 -57.55 33.05
    endloop
  endfacet
  facet normal 0 0 1
    outer loop
      vertex -12 -57.55 33.05
      vertex -16 -57.55 33.05
      vertex -12 -59.55 33.05
    endloop
  endfacet
  facet normal -0 0 1
    outer loop
      vertex -36 -25.75 33.05
      vertex -12 -57.55 33.05
      vertex 36 -25.75 33.05
    endloop
  endfacet
  facet normal 0 0 1
    outer loop
      vertex -12 -57.55 33.05
      vertex -36 -25.75 33.05
      vertex -16 -57.55 33.05
    endloop
  endfacet
  facet normal 0 0 1
    outer loop
      vertex -16 -57.55 33.05
      vertex -36 -25.75 33.05
      vertex -36 -57.55 33.05
    endloop
  endfacet
  facet normal 0 0 1
    outer loop
      vertex 16 -59.55 33.05
      vertex 12 -57.55 33.05
      vertex 12 -59.55 33.05
    endloop
  endfacet
  facet normal 0 0 1
    outer loop
      vertex -12 -59.55 33.05
      vertex -16 -57.55 33.05
      vertex -16 -59.55 33.05
    endloop
  endfacet
  facet normal 0 1 -0
    outer loop
      vertex -12 -4 29.5147
      vertex -16 -4 30.05
      vertex -12 -4 30.05
    endloop
  endfacet
  facet normal 0 1 0
    outer loop
      vertex -16 -4 30.05
      vertex -12 -4 29.5147
      vertex -16 -4 29.5147
    endloop
  endfacet
  facet normal 1 0 0
    outer loop
      vertex -12 -11.372 30.4963
      vertex -12 -4 29.5147
      vertex -12 -4 30.05
    endloop
  endfacet
  facet normal 1 0 0
    outer loop
      vertex -12 -57.55 33.05
      vertex -12 -59.55 33.05
      vertex -12 -57.55 28.05
    endloop
  endfacet
  facet normal 1 -0 0
    outer loop
      vertex -12 -57.55 28.05
      vertex -12 -40.6082 27.2854
      vertex -12 -48.55 28.05
    endloop
  endfacet
  facet normal 1 0 0
    outer loop
      vertex -12 -57.55 28.05
      vertex -12 -59.55 28.05
      vertex -12 -40.6082 27.2854
    endloop
  endfacet
  facet normal 1 0 0
    outer loop
      vertex -12 -59.55 28.05
      vertex -12 -57.55 28.05
      vertex -12 -59.55 33.05
    endloop
  endfacet
  facet normal 0 -0.0403329 -0.999186
    outer loop
      vertex 12 -59.55 28.05
      vertex 16 -40.6082 27.2854
      vertex 16 -59.55 28.05
    endloop
  endfacet
  facet normal -0 -0.0403329 -0.999186
    outer loop
      vertex 16 -40.6082 27.2854
      vertex 12 -59.55 28.05
      vertex 12 -40.6082 27.2854
    endloop
  endfacet
  facet normal 0 -1 0
    outer loop
      vertex 12 -59.55 28.05
      vertex 16 -59.55 33.05
      vertex 12 -59.55 33.05
    endloop
  endfacet
  facet normal 0 -1 -0
    outer loop
      vertex 16 -59.55 33.05
      vertex 12 -59.55 28.05
      vertex 16 -59.55 28.05
    endloop
  endfacet
  facet normal -0 0.0604292 0.998172
    outer loop
      vertex 12 -4 30.05
      vertex 16 -11.372 30.4963
      vertex 16 -4 30.05
    endloop
  endfacet
  facet normal 0 0.0604292 0.998172
    outer loop
      vertex 16 -11.372 30.4963
      vertex 12 -4 30.05
      vertex 12 -11.372 30.4963
    endloop
  endfacet
  facet normal -1 0 0
    outer loop
      vertex 12 -11.372 30.4963
      vertex 12 -4 30.05
      vertex 12 -4 29.5147
    endloop
  endfacet
  facet normal -1 0 0
    outer loop
      vertex 12 -40.6082 27.2854
      vertex 12 -57.55 28.05
      vertex 12 -48.55 28.05
    endloop
  endfacet
  facet normal -1 0 0
    outer loop
      vertex 12 -59.55 28.05
      vertex 12 -57.55 28.05
      vertex 12 -40.6082 27.2854
    endloop
  endfacet
  facet normal -1 0 0
    outer loop
      vertex 12 -59.55 28.05
      vertex 12 -57.55 33.05
      vertex 12 -57.55 28.05
    endloop
  endfacet
  facet normal -1 -0 0
    outer loop
      vertex 12 -57.55 33.05
      vertex 12 -59.55 28.05
      vertex 12 -59.55 33.05
    endloop
  endfacet
  facet normal 0 1 -0
    outer loop
      vertex 16 -4 29.5147
      vertex 12 -4 30.05
      vertex 16 -4 30.05
    endloop
  endfacet
  facet normal 0 1 0
    outer loop
      vertex 12 -4 30.05
      vertex 16 -4 29.5147
      vertex 12 -4 29.5147
    endloop
  endfacet
  facet normal -0 -0.0958323 -0.995397
    outer loop
      vertex 12 -48.55 28.05
      vertex -12 -48.55 28.05
      vertex 12 -40.6082 27.2854
    endloop
  endfacet
  facet normal 0 -0.0958249 -0.995398
    outer loop
      vertex 12 -40.6082 27.2854
      vertex 16 -11.477 24.481
      vertex 16 -40.6082 27.2854
    endloop
  endfacet
  facet normal 0 -0.0958323 -0.995397
    outer loop
      vertex -12 -40.6082 27.2854
      vertex 12 -40.6082 27.2854
      vertex -12 -48.55 28.05
    endloop
  endfacet
  facet normal -0 -0.0958249 -0.995398
    outer loop
      vertex 12 -40.6082 27.2854
      vertex -12 -40.6082 27.2854
      vertex 16 -11.477 24.481
    endloop
  endfacet
  facet normal 0 -0.0958249 -0.995398
    outer loop
      vertex -16 -11.477 24.481
      vertex -12 -40.6082 27.2854
      vertex -16 -40.6082 27.2854
    endloop
  endfacet
  facet normal 0 -0.0958249 -0.995398
    outer loop
      vertex -12 -40.6082 27.2854
      vertex -16 -11.477 24.481
      vertex 16 -11.477 24.481
    endloop
  endfacet
  facet normal 0 0.13199 0.991251
    outer loop
      vertex 16 7 28.05
      vertex 12 -4 29.5147
      vertex 16 -4 29.5147
    endloop
  endfacet
  facet normal 0 0.131988 0.991251
    outer loop
      vertex 12 -4 29.5147
      vertex -12 -4 29.5147
      vertex 12 -11.372 30.4963
    endloop
  endfacet
  facet normal 0 0.13199 0.991251
    outer loop
      vertex 16 7 28.05
      vertex -12 -4 29.5147
      vertex 12 -4 29.5147
    endloop
  endfacet
  facet normal -0 0.13199 0.991251
    outer loop
      vertex -16 7 28.05
      vertex -12 -4 29.5147
      vertex 16 7 28.05
    endloop
  endfacet
  facet normal 0 0.13199 0.991251
    outer loop
      vertex -12 -4 29.5147
      vertex -16 7 28.05
      vertex -16 -4 29.5147
    endloop
  endfacet
  facet normal -0 0.131997 0.99125
    outer loop
      vertex 12 -11.372 30.4963
      vertex 16 -19.55 31.5853
      vertex 16 -11.372 30.4963
    endloop
  endfacet
  facet normal -0 0.131988 0.991251
    outer loop
      vertex -12 -11.372 30.4963
      vertex 12 -11.372 30.4963
      vertex -12 -4 29.5147
    endloop
  endfacet
  facet normal 0 0.131997 0.99125
    outer loop
      vertex 12 -11.372 30.4963
      vertex -12 -11.372 30.4963
      vertex 16 -19.55 31.5853
    endloop
  endfacet
  facet normal 0 0.131997 0.99125
    outer loop
      vertex -16 -19.55 31.5853
      vertex -12 -11.372 30.4963
      vertex -16 -11.372 30.4963
    endloop
  endfacet
  facet normal 0 0.131997 0.99125
    outer loop
      vertex -12 -11.372 30.4963
      vertex -16 -19.55 31.5853
      vertex 16 -19.55 31.5853
    endloop
  endfacet
  facet normal 0 1 -0
    outer loop
      vertex 16 7 26.1285
      vertex -16 7 28.05
      vertex 16 7 28.05
    endloop
  endfacet
  facet normal 0 1 0
    outer loop
      vertex -16 7 28.05
      vertex 16 7 26.1285
      vertex -16 7 26.1285
    endloop
  endfacet
  facet normal 1 0 0
    outer loop
      vertex 36 -25.75 33.05
      vertex 36 -19.55 57.05
      vertex 36 -25.75 57.05
    endloop
  endfacet
  facet normal 1 0 0
    outer loop
      vertex 36 -19.55 57.05
      vertex 36 -25.75 33.05
      vertex 36 -19.55 28.05
    endloop
  endfacet
  facet normal 1 0 0
    outer loop
      vertex 36 -57.55 28.05
      vertex 36 -25.75 33.05
      vertex 36 -57.55 33.05
    endloop
  endfacet
  facet normal 1 0 0
    outer loop
      vertex 36 -25.75 33.05
      vertex 36 -57.55 28.05
      vertex 36 -19.55 28.05
    endloop
  endfacet
  facet normal 0 0 -1
    outer loop
      vertex -12 -57.55 28.05
      vertex 12 -48.55 28.05
      vertex 12 -57.55 28.05
    endloop
  endfacet
  facet normal -0 0 -1
    outer loop
      vertex 12 -48.55 28.05
      vertex -12 -57.55 28.05
      vertex -12 -48.55 28.05
    endloop
  endfacet
  facet normal 0 0 -1
    outer loop
      vertex 16 -57.55 28.05
      vertex 36 -19.55 28.05
      vertex 36 -57.55 28.05
    endloop
  endfacet
  facet normal -0 0 -1
    outer loop
      vertex 36 -19.55 28.05
      vertex 16 -57.55 28.05
      vertex 16 -19.55 28.05
    endloop
  endfacet
  facet normal 0 0 -1
    outer loop
      vertex -36 -57.55 28.05
      vertex -16 -19.55 28.05
      vertex -16 -57.55 28.05
    endloop
  endfacet
  facet normal -0 0 -1
    outer loop
      vertex -16 -19.55 28.05
      vertex -36 -57.55 28.05
      vertex -36 -19.55 28.05
    endloop
  endfacet
  facet normal -1 0 0
    outer loop
      vertex -36 -19.55 28.05
      vertex -36 -25.75 33.05
      vertex -36 -19.55 57.05
    endloop
  endfacet
  facet normal -1 0 0
    outer loop
      vertex -36 -57.55 28.05
      vertex -36 -25.75 33.05
      vertex -36 -19.55 28.05
    endloop
  endfacet
  facet normal -1 -0 0
    outer loop
      vertex -36 -25.75 33.05
      vertex -36 -57.55 28.05
      vertex -36 -57.55 33.05
    endloop
  endfacet
  facet normal -1 -0 0
    outer loop
      vertex -36 -19.55 57.05
      vertex -36 -25.75 33.05
      vertex -36 -25.75 57.05
    endloop
  endfacet
  facet normal 0 -1 0
    outer loop
      vertex -36 -57.55 28.05
      vertex -16 -57.55 33.05
      vertex -36 -57.55 33.05
    endloop
  endfacet
  facet normal 0 -1 -0
    outer loop
      vertex -16 -57.55 33.05
      vertex -36 -57.55 28.05
      vertex -16 -57.55 28.05
    endloop
  endfacet
  facet normal 0 -1 0
    outer loop
      vertex 16 -57.55 28.05
      vertex 36 -57.55 33.05
      vertex 16 -57.55 33.05
    endloop
  endfacet
  facet normal 0 -1 -0
    outer loop
      vertex 36 -57.55 33.05
      vertex 16 -57.55 28.05
      vertex 36 -57.55 28.05
    endloop
  endfacet
  facet normal 0 -1 0
    outer loop
      vertex -12 -57.55 28.05
      vertex 12 -57.55 33.05
      vertex -12 -57.55 33.05
    endloop
  endfacet
  facet normal 0 -1 -0
    outer loop
      vertex 12 -57.55 33.05
      vertex -12 -57.55 28.05
      vertex 12 -57.55 28.05
    endloop
  endfacet
  facet normal -0 0 1
    outer loop
      vertex -36 -19.55 57.05
      vertex 36 -25.75 57.05
      vertex 36 -19.55 57.05
    endloop
  endfacet
  facet normal 0 0 1
    outer loop
      vertex 36 -25.75 57.05
      vertex -36 -19.55 57.05
      vertex -36 -25.75 57.05
    endloop
  endfacet
  facet normal 0 -1 0
    outer loop
      vertex -22.5998 -25.75 43.8747
      vertex -22.5998 -25.75 49.2253
      vertex -22.7222 -25.75 43.9624
    endloop
  endfacet
  facet normal 0 -1 0
    outer loop
      vertex 21.9372 -25.75 50.0327
      vertex 23.8496 -25.75 44.3451
      vertex 24 -25.75 44.35
    endloop
  endfacet
  facet normal 0 -1 0
    outer loop
      vertex -22.5998 -25.75 49.2253
      vertex -22.5998 -25.75 43.8747
      vertex -22.4835 -25.75 49.3208
    endloop
  endfacet
  facet normal 0 -1 0
    outer loop
      vertex 21.9372 -25.75 50.0327
      vertex 23.6998 -25.75 44.3303
      vertex 23.8496 -25.75 44.3451
    endloop
  endfacet
  facet normal 0 -1 0
    outer loop
      vertex -22.4835 -25.75 43.7792
      vertex -22.4835 -25.75 49.3208
      vertex -22.5998 -25.75 43.8747
    endloop
  endfacet
  facet normal 0 -1 0
    outer loop
      vertex 21.9372 -25.75 50.0327
      vertex 23.5513 -25.75 44.3058
      vertex 23.6998 -25.75 44.3303
    endloop
  endfacet
  facet normal 0 -1 0
    outer loop
      vertex -22.4835 -25.75 49.3208
      vertex -22.4835 -25.75 43.7792
      vertex -22.3737 -25.75 49.4237
    endloop
  endfacet
  facet normal 0 -1 0
    outer loop
      vertex 21.9372 -25.75 50.0327
      vertex 23.4047 -25.75 44.2716
      vertex 23.5513 -25.75 44.3058
    endloop
  endfacet
  facet normal 0 -1 0
    outer loop
      vertex -22.3737 -25.75 43.6763
      vertex -22.3737 -25.75 49.4237
      vertex -22.4835 -25.75 43.7792
    endloop
  endfacet
  facet normal 0 -1 0
    outer loop
      vertex 21.9372 -25.75 50.0327
      vertex 23.2607 -25.75 44.2279
      vertex 23.4047 -25.75 44.2716
    endloop
  endfacet
  facet normal 0 -1 0
    outer loop
      vertex -22.3737 -25.75 49.4237
      vertex -22.3737 -25.75 43.6763
      vertex -22.2708 -25.75 49.5335
    endloop
  endfacet
  facet normal 0 -1 0
    outer loop
      vertex 21.9372 -25.75 50.0327
      vertex 23.1198 -25.75 44.1749
      vertex 23.2607 -25.75 44.2279
    endloop
  endfacet
  facet normal 0 -1 0
    outer loop
      vertex -22.2708 -25.75 43.5665
      vertex -22.2708 -25.75 49.5335
      vertex -22.3737 -25.75 43.6763
    endloop
  endfacet
  facet normal 0 -1 0
    outer loop
      vertex 21.9372 -25.75 50.0327
      vertex 22.9827 -25.75 44.1128
      vertex 23.1198 -25.75 44.1749
    endloop
  endfacet
  facet normal 0 -1 0
    outer loop
      vertex -22.2708 -25.75 49.5335
      vertex -22.2708 -25.75 43.5665
      vertex -22.1753 -25.75 49.6498
    endloop
  endfacet
  facet normal 0 -1 0
    outer loop
      vertex 21.9372 -25.75 50.0327
      vertex 22.85 -25.75 44.0419
      vertex 22.9827 -25.75 44.1128
    endloop
  endfacet
  facet normal 0 -1 0
    outer loop
      vertex -22.1753 -25.75 43.4501
      vertex -22.1753 -25.75 49.6498
      vertex -22.2708 -25.75 43.5665
    endloop
  endfacet
  facet normal 0 -1 0
    outer loop
      vertex 21.9372 -25.75 50.0327
      vertex 22.7222 -25.75 43.9624
      vertex 22.85 -25.75 44.0419
    endloop
  endfacet
  facet normal 0 -1 0
    outer loop
      vertex -22.1753 -25.75 49.6498
      vertex -22.1753 -25.75 43.4501
      vertex -22.0876 -25.75 49.7722
    endloop
  endfacet
  facet normal 0 -1 0
    outer loop
      vertex 21.9372 -25.75 50.0327
      vertex 22.5998 -25.75 43.8747
      vertex 22.7222 -25.75 43.9624
    endloop
  endfacet
  facet normal 0 -1 0
    outer loop
      vertex -22.0876 -25.75 43.3278
      vertex -22.0876 -25.75 49.7722
      vertex -22.1753 -25.75 43.4501
    endloop
  endfacet
  facet normal 0 -1 0
    outer loop
      vertex 21.9372 -25.75 50.0327
      vertex 22.4835 -25.75 43.7792
      vertex 22.5998 -25.75 43.8747
    endloop
  endfacet
  facet normal 0 -1 0
    outer loop
      vertex -22.0876 -25.75 49.7722
      vertex -22.0876 -25.75 43.3278
      vertex -22.0081 -25.75 49.9
    endloop
  endfacet
  facet normal 0 -1 0
    outer loop
      vertex 21.9372 -25.75 50.0327
      vertex 22.3737 -25.75 43.6763
      vertex 22.4835 -25.75 43.7792
    endloop
  endfacet
  facet normal 0 -1 0
    outer loop
      vertex -22.0081 -25.75 43.2
      vertex -22.0081 -25.75 49.9
      vertex -22.0876 -25.75 43.3278
    endloop
  endfacet
  facet normal 0 -1 0
    outer loop
      vertex 21.9372 -25.75 50.0327
      vertex 22.2708 -25.75 43.5665
      vertex 22.3737 -25.75 43.6763
    endloop
  endfacet
  facet normal 0 -1 0
    outer loop
      vertex -22.0081 -25.75 49.9
      vertex -22.0081 -25.75 43.2
      vertex -21.9372 -25.75 50.0327
    endloop
  endfacet
  facet normal 0 -1 0
    outer loop
      vertex 21.9372 -25.75 50.0327
      vertex 22.1753 -25.75 43.4501
      vertex 22.2708 -25.75 43.5665
    endloop
  endfacet
  facet normal 0 -1 0
    outer loop
      vertex -21.9372 -25.75 43.0673
      vertex -21.9372 -25.75 50.0327
      vertex -22.0081 -25.75 43.2
    endloop
  endfacet
  facet normal 0 -1 0
    outer loop
      vertex 21.9372 -25.75 50.0327
      vertex 22.0876 -25.75 43.3278
      vertex 22.1753 -25.75 43.4501
    endloop
  endfacet
  facet normal 0 -1 0
    outer loop
      vertex -21.8751 -25.75 42.9302
      vertex -21.9372 -25.75 50.0327
      vertex -21.9372 -25.75 43.0673
    endloop
  endfacet
  facet normal 0 -1 0
    outer loop
      vertex 21.9372 -25.75 50.0327
      vertex 22.0081 -25.75 43.2
      vertex 22.0876 -25.75 43.3278
    endloop
  endfacet
  facet normal 0 -1 0
    outer loop
      vertex -21.8221 -25.75 42.7893
      vertex -21.9372 -25.75 50.0327
      vertex -21.8751 -25.75 42.9302
    endloop
  endfacet
  facet normal 0 -1 0
    outer loop
      vertex 21.9372 -25.75 50.0327
      vertex 21.9372 -25.75 43.0673
      vertex 22.0081 -25.75 43.2
    endloop
  endfacet
  facet normal 0 -1 0
    outer loop
      vertex -21.7784 -25.75 42.6453
      vertex -21.9372 -25.75 50.0327
      vertex -21.8221 -25.75 42.7893
    endloop
  endfacet
  facet normal 0 -1 -0
    outer loop
      vertex 21.9372 -25.75 50.0327
      vertex 21.8751 -25.75 42.9302
      vertex 21.9372 -25.75 43.0673
    endloop
  endfacet
  facet normal 0 -1 0
    outer loop
      vertex -21.7442 -25.75 42.4987
      vertex -21.9372 -25.75 50.0327
      vertex -21.7784 -25.75 42.6453
    endloop
  endfacet
  facet normal 0 -1 0
    outer loop
      vertex 21.9372 -25.75 50.0327
      vertex 21.8221 -25.75 42.7893
      vertex 21.8751 -25.75 42.9302
    endloop
  endfacet
  facet normal 0 -1 0
    outer loop
      vertex -21.9372 -25.75 50.0327
      vertex -21.7442 -25.75 42.4987
      vertex 21.9372 -25.75 50.0327
    endloop
  endfacet
  facet normal 0 -1 0
    outer loop
      vertex 21.9372 -25.75 50.0327
      vertex 21.7784 -25.75 42.6453
      vertex 21.8221 -25.75 42.7893
    endloop
  endfacet
  facet normal 0 -1 0
    outer loop
      vertex 21.7442 -25.75 42.4987
      vertex 21.9372 -25.75 50.0327
      vertex -21.7442 -25.75 42.4987
    endloop
  endfacet
  facet normal 0 -1 0
    outer loop
      vertex 21.9372 -25.75 50.0327
      vertex 21.7442 -25.75 42.4987
      vertex 21.7784 -25.75 42.6453
    endloop
  endfacet
  facet normal 0 -1 0
    outer loop
      vertex -21.7197 -25.75 42.3502
      vertex 21.7442 -25.75 42.4987
      vertex -21.7442 -25.75 42.4987
    endloop
  endfacet
  facet normal 0 -1 0
    outer loop
      vertex -21.7197 -25.75 42.3502
      vertex 21.7197 -25.75 42.3502
      vertex 21.7442 -25.75 42.4987
    endloop
  endfacet
  facet normal 0 -1 0
    outer loop
      vertex -21.7049 -25.75 42.2004
      vertex 21.7197 -25.75 42.3502
      vertex -21.7197 -25.75 42.3502
    endloop
  endfacet
  facet normal 0 -1 0
    outer loop
      vertex -21.7049 -25.75 42.2004
      vertex 21.7049 -25.75 42.2004
      vertex 21.7197 -25.75 42.3502
    endloop
  endfacet
  facet normal 0 -1 0
    outer loop
      vertex -21.7 -25.75 42.05
      vertex 21.7049 -25.75 42.2004
      vertex -21.7049 -25.75 42.2004
    endloop
  endfacet
  facet normal 0 -1 0
    outer loop
      vertex -21.7 -25.75 42.05
      vertex 21.7 -25.75 42.05
      vertex 21.7049 -25.75 42.2004
    endloop
  endfacet
  facet normal 0 -1 0
    outer loop
      vertex -21.7049 -25.75 41.8996
      vertex 21.7 -25.75 42.05
      vertex -21.7 -25.75 42.05
    endloop
  endfacet
  facet normal 0 -1 0
    outer loop
      vertex -21.7049 -25.75 41.8996
      vertex 21.7049 -25.75 41.8996
      vertex 21.7 -25.75 42.05
    endloop
  endfacet
  facet normal 0 -1 0
    outer loop
      vertex -21.7197 -25.75 41.7498
      vertex 21.7049 -25.75 41.8996
      vertex -21.7049 -25.75 41.8996
    endloop
  endfacet
  facet normal 0 -1 0
    outer loop
      vertex -21.7197 -25.75 41.7498
      vertex 21.7197 -25.75 41.7498
      vertex 21.7049 -25.75 41.8996
    endloop
  endfacet
  facet normal 0 -1 0
    outer loop
      vertex -21.7442 -25.75 41.6013
      vertex 21.7197 -25.75 41.7498
      vertex -21.7197 -25.75 41.7498
    endloop
  endfacet
  facet normal 0 -1 0
    outer loop
      vertex -21.7442 -25.75 41.6013
      vertex 21.7442 -25.75 41.6013
      vertex 21.7197 -25.75 41.7498
    endloop
  endfacet
  facet normal 0 -1 0
    outer loop
      vertex -21.7784 -25.75 41.4547
      vertex 21.7442 -25.75 41.6013
      vertex -21.7442 -25.75 41.6013
    endloop
  endfacet
  facet normal 0 -1 0
    outer loop
      vertex -21.7784 -25.75 41.4547
      vertex 21.7784 -25.75 41.4547
      vertex 21.7442 -25.75 41.6013
    endloop
  endfacet
  facet normal 0 -1 0
    outer loop
      vertex -21.8221 -25.75 41.3107
      vertex 21.7784 -25.75 41.4547
      vertex -21.7784 -25.75 41.4547
    endloop
  endfacet
  facet normal 0 -1 0
    outer loop
      vertex -21.8221 -25.75 41.3107
      vertex 21.8221 -25.75 41.3107
      vertex 21.7784 -25.75 41.4547
    endloop
  endfacet
  facet normal 0 -1 0
    outer loop
      vertex -21.8751 -25.75 41.1698
      vertex 21.8221 -25.75 41.3107
      vertex -21.8221 -25.75 41.3107
    endloop
  endfacet
  facet normal 0 -1 0
    outer loop
      vertex -21.8751 -25.75 41.1698
      vertex 21.8751 -25.75 41.1698
      vertex 21.8221 -25.75 41.3107
    endloop
  endfacet
  facet normal 0 -1 0
    outer loop
      vertex -21.9372 -25.75 41.0327
      vertex 21.8751 -25.75 41.1698
      vertex -21.8751 -25.75 41.1698
    endloop
  endfacet
  facet normal 0 -1 0
    outer loop
      vertex -21.9372 -25.75 41.0327
      vertex 21.9372 -25.75 41.0327
      vertex 21.8751 -25.75 41.1698
    endloop
  endfacet
  facet normal 0 -1 0
    outer loop
      vertex -22.0081 -25.75 40.9
      vertex 21.9372 -25.75 41.0327
      vertex -21.9372 -25.75 41.0327
    endloop
  endfacet
  facet normal 0 -1 0
    outer loop
      vertex -22.0081 -25.75 40.9
      vertex 22.0081 -25.75 40.9
      vertex 21.9372 -25.75 41.0327
    endloop
  endfacet
  facet normal 0 -1 0
    outer loop
      vertex -22.0876 -25.75 40.7722
      vertex 22.0081 -25.75 40.9
      vertex -22.0081 -25.75 40.9
    endloop
  endfacet
  facet normal 0 -1 0
    outer loop
      vertex -22.0876 -25.75 40.7722
      vertex 22.0876 -25.75 40.7722
      vertex 22.0081 -25.75 40.9
    endloop
  endfacet
  facet normal 0 -1 0
    outer loop
      vertex -22.1753 -25.75 40.6498
      vertex 22.0876 -25.75 40.7722
      vertex -22.0876 -25.75 40.7722
    endloop
  endfacet
  facet normal 0 -1 0
    outer loop
      vertex -22.1753 -25.75 40.6498
      vertex 22.1753 -25.75 40.6498
      vertex 22.0876 -25.75 40.7722
    endloop
  endfacet
  facet normal 0 -1 0
    outer loop
      vertex -22.2708 -25.75 40.5335
      vertex 22.1753 -25.75 40.6498
      vertex -22.1753 -25.75 40.6498
    endloop
  endfacet
  facet normal 0 -1 0
    outer loop
      vertex -22.2708 -25.75 40.5335
      vertex 22.2708 -25.75 40.5335
      vertex 22.1753 -25.75 40.6498
    endloop
  endfacet
  facet normal 0 -1 0
    outer loop
      vertex -22.3737 -25.75 40.4237
      vertex 22.2708 -25.75 40.5335
      vertex -22.2708 -25.75 40.5335
    endloop
  endfacet
  facet normal 0 -1 0
    outer loop
      vertex -22.3737 -25.75 40.4237
      vertex 22.3737 -25.75 40.4237
      vertex 22.2708 -25.75 40.5335
    endloop
  endfacet
  facet normal 0 -1 0
    outer loop
      vertex -22.4835 -25.75 40.3208
      vertex 22.3737 -25.75 40.4237
      vertex -22.3737 -25.75 40.4237
    endloop
  endfacet
  facet normal 0 -1 0
    outer loop
      vertex -22.4835 -25.75 40.3208
      vertex 22.4835 -25.75 40.3208
      vertex 22.3737 -25.75 40.4237
    endloop
  endfacet
  facet normal 0 -1 0
    outer loop
      vertex -22.5998 -25.75 40.2253
      vertex 22.4835 -25.75 40.3208
      vertex -22.4835 -25.75 40.3208
    endloop
  endfacet
  facet normal 0 -1 0
    outer loop
      vertex -22.5998 -25.75 40.2253
      vertex 22.5998 -25.75 40.2253
      vertex 22.4835 -25.75 40.3208
    endloop
  endfacet
  facet normal 0 -1 0
    outer loop
      vertex -22.7222 -25.75 40.1376
      vertex 22.5998 -25.75 40.2253
      vertex -22.5998 -25.75 40.2253
    endloop
  endfacet
  facet normal 0 -1 0
    outer loop
      vertex -22.7222 -25.75 40.1376
      vertex 22.7222 -25.75 40.1376
      vertex 22.5998 -25.75 40.2253
    endloop
  endfacet
  facet normal 0 -1 0
    outer loop
      vertex -22.85 -25.75 40.0581
      vertex 22.7222 -25.75 40.1376
      vertex -22.7222 -25.75 40.1376
    endloop
  endfacet
  facet normal 0 -1 0
    outer loop
      vertex -22.85 -25.75 40.0581
      vertex 22.85 -25.75 40.0581
      vertex 22.7222 -25.75 40.1376
    endloop
  endfacet
  facet normal 0 -1 0
    outer loop
      vertex -22.9827 -25.75 39.9872
      vertex 22.85 -25.75 40.0581
      vertex -22.85 -25.75 40.0581
    endloop
  endfacet
  facet normal 0 -1 0
    outer loop
      vertex -22.9827 -25.75 39.9872
      vertex 22.9827 -25.75 39.9872
      vertex 22.85 -25.75 40.0581
    endloop
  endfacet
  facet normal 0 -1 0
    outer loop
      vertex -23.1198 -25.75 39.9251
      vertex 22.9827 -25.75 39.9872
      vertex -22.9827 -25.75 39.9872
    endloop
  endfacet
  facet normal 0 -1 0
    outer loop
      vertex -23.1198 -25.75 39.9251
      vertex 23.1198 -25.75 39.9251
      vertex 22.9827 -25.75 39.9872
    endloop
  endfacet
  facet normal 0 -1 0
    outer loop
      vertex -36 -25.75 33.05
      vertex -23.1198 -25.75 39.9251
      vertex -23.2607 -25.75 39.8721
    endloop
  endfacet
  facet normal 0 -1 -0
    outer loop
      vertex -23.1198 -25.75 39.9251
      vertex -36 -25.75 33.05
      vertex 23.1198 -25.75 39.9251
    endloop
  endfacet
  facet normal 0 -1 0
    outer loop
      vertex -36 -25.75 33.05
      vertex -23.2607 -25.75 39.8721
      vertex -23.4047 -25.75 39.8284
    endloop
  endfacet
  facet normal 0 -1 0
    outer loop
      vertex 36 -25.75 33.05
      vertex 23.1198 -25.75 39.9251
      vertex -36 -25.75 33.05
    endloop
  endfacet
  facet normal 0 -1 0
    outer loop
      vertex -36 -25.75 33.05
      vertex -23.4047 -25.75 39.8284
      vertex -23.5513 -25.75 39.7942
    endloop
  endfacet
  facet normal 0 -1 0
    outer loop
      vertex 23.1198 -25.75 39.9251
      vertex 36 -25.75 33.05
      vertex 23.2607 -25.75 39.8721
    endloop
  endfacet
  facet normal 0 -1 0
    outer loop
      vertex -36 -25.75 33.05
      vertex -23.5513 -25.75 39.7942
      vertex -23.6998 -25.75 39.7697
    endloop
  endfacet
  facet normal 0 -1 0
    outer loop
      vertex 23.2607 -25.75 39.8721
      vertex 36 -25.75 33.05
      vertex 23.4047 -25.75 39.8284
    endloop
  endfacet
  facet normal 0 -1 0
    outer loop
      vertex -36 -25.75 33.05
      vertex -23.6998 -25.75 39.7697
      vertex -23.8496 -25.75 39.7549
    endloop
  endfacet
  facet normal 0 -1 0
    outer loop
      vertex 23.4047 -25.75 39.8284
      vertex 36 -25.75 33.05
      vertex 23.5513 -25.75 39.7942
    endloop
  endfacet
  facet normal 0 -1 0
    outer loop
      vertex -36 -25.75 33.05
      vertex -23.8496 -25.75 39.7549
      vertex -24 -25.75 39.75
    endloop
  endfacet
  facet normal 0 -1 0
    outer loop
      vertex 23.5513 -25.75 39.7942
      vertex 36 -25.75 33.05
      vertex 23.6998 -25.75 39.7697
    endloop
  endfacet
  facet normal 0 -1 0
    outer loop
      vertex -23.5513 -25.75 53.3058
      vertex -36 -25.75 57.05
      vertex -23.6998 -25.75 53.3303
    endloop
  endfacet
  facet normal 0 -1 0
    outer loop
      vertex 36 -25.75 57.05
      vertex 23.8496 -25.75 53.3451
      vertex 24 -25.75 53.35
    endloop
  endfacet
  facet normal 0 -1 0
    outer loop
      vertex -36 -25.75 57.05
      vertex -23.5513 -25.75 53.3058
      vertex 36 -25.75 57.05
    endloop
  endfacet
  facet normal 0 -1 0
    outer loop
      vertex 36 -25.75 57.05
      vertex 23.6998 -25.75 53.3303
      vertex 23.8496 -25.75 53.3451
    endloop
  endfacet
  facet normal 0 -1 0
    outer loop
      vertex 23.5513 -25.75 53.3058
      vertex 36 -25.75 57.05
      vertex -23.5513 -25.75 53.3058
    endloop
  endfacet
  facet normal 0 -1 0
    outer loop
      vertex 36 -25.75 57.05
      vertex 23.5513 -25.75 53.3058
      vertex 23.6998 -25.75 53.3303
    endloop
  endfacet
  facet normal 0 -1 0
    outer loop
      vertex -23.4047 -25.75 53.2716
      vertex 23.5513 -25.75 53.3058
      vertex -23.5513 -25.75 53.3058
    endloop
  endfacet
  facet normal 0 -1 0
    outer loop
      vertex -23.4047 -25.75 53.2716
      vertex 23.4047 -25.75 53.2716
      vertex 23.5513 -25.75 53.3058
    endloop
  endfacet
  facet normal 0 -1 0
    outer loop
      vertex -23.2607 -25.75 53.2279
      vertex 23.4047 -25.75 53.2716
      vertex -23.4047 -25.75 53.2716
    endloop
  endfacet
  facet normal 0 -1 0
    outer loop
      vertex -23.2607 -25.75 53.2279
      vertex 23.2607 -25.75 53.2279
      vertex 23.4047 -25.75 53.2716
    endloop
  endfacet
  facet normal 0 -1 0
    outer loop
      vertex -23.1198 -25.75 53.1749
      vertex 23.2607 -25.75 53.2279
      vertex -23.2607 -25.75 53.2279
    endloop
  endfacet
  facet normal 0 -1 0
    outer loop
      vertex -23.1198 -25.75 53.1749
      vertex 23.1198 -25.75 53.1749
      vertex 23.2607 -25.75 53.2279
    endloop
  endfacet
  facet normal 0 -1 0
    outer loop
      vertex -22.9827 -25.75 53.1128
      vertex 23.1198 -25.75 53.1749
      vertex -23.1198 -25.75 53.1749
    endloop
  endfacet
  facet normal 0 -1 0
    outer loop
      vertex -22.9827 -25.75 53.1128
      vertex 22.9827 -25.75 53.1128
      vertex 23.1198 -25.75 53.1749
    endloop
  endfacet
  facet normal 0 -1 0
    outer loop
      vertex -22.85 -25.75 53.0419
      vertex 22.9827 -25.75 53.1128
      vertex -22.9827 -25.75 53.1128
    endloop
  endfacet
  facet normal 0 -1 0
    outer loop
      vertex -22.85 -25.75 53.0419
      vertex 22.85 -25.75 53.0419
      vertex 22.9827 -25.75 53.1128
    endloop
  endfacet
  facet normal 0 -1 0
    outer loop
      vertex -22.7222 -25.75 52.9624
      vertex 22.85 -25.75 53.0419
      vertex -22.85 -25.75 53.0419
    endloop
  endfacet
  facet normal 0 -1 0
    outer loop
      vertex -22.7222 -25.75 52.9624
      vertex 22.7222 -25.75 52.9624
      vertex 22.85 -25.75 53.0419
    endloop
  endfacet
  facet normal 0 -1 0
    outer loop
      vertex -22.5998 -25.75 52.8747
      vertex 22.7222 -25.75 52.9624
      vertex -22.7222 -25.75 52.9624
    endloop
  endfacet
  facet normal 0 -1 0
    outer loop
      vertex -22.5998 -25.75 52.8747
      vertex 22.5998 -25.75 52.8747
      vertex 22.7222 -25.75 52.9624
    endloop
  endfacet
  facet normal 0 -1 0
    outer loop
      vertex -22.4835 -25.75 52.7792
      vertex 22.5998 -25.75 52.8747
      vertex -22.5998 -25.75 52.8747
    endloop
  endfacet
  facet normal 0 -1 0
    outer loop
      vertex -22.4835 -25.75 52.7792
      vertex 22.4835 -25.75 52.7792
      vertex 22.5998 -25.75 52.8747
    endloop
  endfacet
  facet normal 0 -1 0
    outer loop
      vertex -22.3737 -25.75 52.6763
      vertex 22.4835 -25.75 52.7792
      vertex -22.4835 -25.75 52.7792
    endloop
  endfacet
  facet normal 0 -1 0
    outer loop
      vertex -22.3737 -25.75 52.6763
      vertex 22.3737 -25.75 52.6763
      vertex 22.4835 -25.75 52.7792
    endloop
  endfacet
  facet normal 0 -1 0
    outer loop
      vertex -22.2708 -25.75 52.5665
      vertex 22.3737 -25.75 52.6763
      vertex -22.3737 -25.75 52.6763
    endloop
  endfacet
  facet normal 0 -1 0
    outer loop
      vertex -22.2708 -25.75 52.5665
      vertex 22.2708 -25.75 52.5665
      vertex 22.3737 -25.75 52.6763
    endloop
  endfacet
  facet normal 0 -1 0
    outer loop
      vertex -22.1753 -25.75 52.4501
      vertex 22.2708 -25.75 52.5665
      vertex -22.2708 -25.75 52.5665
    endloop
  endfacet
  facet normal 0 -1 0
    outer loop
      vertex -22.1753 -25.75 52.4501
      vertex 22.1753 -25.75 52.4501
      vertex 22.2708 -25.75 52.5665
    endloop
  endfacet
  facet normal 0 -1 0
    outer loop
      vertex -22.0876 -25.75 52.3278
      vertex 22.1753 -25.75 52.4501
      vertex -22.1753 -25.75 52.4501
    endloop
  endfacet
  facet normal 0 -1 0
    outer loop
      vertex -22.0876 -25.75 52.3278
      vertex 22.0876 -25.75 52.3278
      vertex 22.1753 -25.75 52.4501
    endloop
  endfacet
  facet normal 0 -1 0
    outer loop
      vertex -22.0081 -25.75 52.2
      vertex 22.0876 -25.75 52.3278
      vertex -22.0876 -25.75 52.3278
    endloop
  endfacet
  facet normal 0 -1 0
    outer loop
      vertex -22.0081 -25.75 52.2
      vertex 22.0081 -25.75 52.2
      vertex 22.0876 -25.75 52.3278
    endloop
  endfacet
  facet normal 0 -1 0
    outer loop
      vertex -21.9372 -25.75 52.0673
      vertex 22.0081 -25.75 52.2
      vertex -22.0081 -25.75 52.2
    endloop
  endfacet
  facet normal 0 -1 0
    outer loop
      vertex -21.9372 -25.75 52.0673
      vertex 21.9372 -25.75 52.0673
      vertex 22.0081 -25.75 52.2
    endloop
  endfacet
  facet normal 0 -1 0
    outer loop
      vertex -21.8751 -25.75 51.9302
      vertex 21.9372 -25.75 52.0673
      vertex -21.9372 -25.75 52.0673
    endloop
  endfacet
  facet normal 0 -1 0
    outer loop
      vertex -21.8751 -25.75 51.9302
      vertex 21.8751 -25.75 51.9302
      vertex 21.9372 -25.75 52.0673
    endloop
  endfacet
  facet normal 0 -1 0
    outer loop
      vertex -21.8221 -25.75 51.7893
      vertex 21.8751 -25.75 51.9302
      vertex -21.8751 -25.75 51.9302
    endloop
  endfacet
  facet normal 0 -1 0
    outer loop
      vertex -21.8221 -25.75 51.7893
      vertex 21.8221 -25.75 51.7893
      vertex 21.8751 -25.75 51.9302
    endloop
  endfacet
  facet normal 0 -1 0
    outer loop
      vertex -21.7784 -25.75 51.6453
      vertex 21.8221 -25.75 51.7893
      vertex -21.8221 -25.75 51.7893
    endloop
  endfacet
  facet normal 0 -1 0
    outer loop
      vertex -21.7784 -25.75 51.6453
      vertex 21.7784 -25.75 51.6453
      vertex 21.8221 -25.75 51.7893
    endloop
  endfacet
  facet normal 0 -1 0
    outer loop
      vertex -21.7442 -25.75 51.4987
      vertex 21.7784 -25.75 51.6453
      vertex -21.7784 -25.75 51.6453
    endloop
  endfacet
  facet normal 0 -1 0
    outer loop
      vertex -21.7442 -25.75 51.4987
      vertex 21.7442 -25.75 51.4987
      vertex 21.7784 -25.75 51.6453
    endloop
  endfacet
  facet normal 0 -1 0
    outer loop
      vertex -21.7197 -25.75 51.3502
      vertex 21.7442 -25.75 51.4987
      vertex -21.7442 -25.75 51.4987
    endloop
  endfacet
  facet normal 0 -1 0
    outer loop
      vertex -21.7197 -25.75 51.3502
      vertex 21.7197 -25.75 51.3502
      vertex 21.7442 -25.75 51.4987
    endloop
  endfacet
  facet normal 0 -1 0
    outer loop
      vertex -21.7049 -25.75 51.2004
      vertex 21.7197 -25.75 51.3502
      vertex -21.7197 -25.75 51.3502
    endloop
  endfacet
  facet normal 0 -1 0
    outer loop
      vertex -21.7049 -25.75 51.2004
      vertex 21.7049 -25.75 51.2004
      vertex 21.7197 -25.75 51.3502
    endloop
  endfacet
  facet normal 0 -1 0
    outer loop
      vertex -21.7 -25.75 51.05
      vertex 21.7049 -25.75 51.2004
      vertex -21.7049 -25.75 51.2004
    endloop
  endfacet
  facet normal 0 -1 0
    outer loop
      vertex -21.7 -25.75 51.05
      vertex 21.7 -25.75 51.05
      vertex 21.7049 -25.75 51.2004
    endloop
  endfacet
  facet normal 0 -1 0
    outer loop
      vertex -21.7049 -25.75 50.8996
      vertex 21.7 -25.75 51.05
      vertex -21.7 -25.75 51.05
    endloop
  endfacet
  facet normal 0 -1 0
    outer loop
      vertex -21.7049 -25.75 50.8996
      vertex 21.7049 -25.75 50.8996
      vertex 21.7 -25.75 51.05
    endloop
  endfacet
  facet normal 0 -1 0
    outer loop
      vertex -21.7197 -25.75 50.7498
      vertex 21.7049 -25.75 50.8996
      vertex -21.7049 -25.75 50.8996
    endloop
  endfacet
  facet normal 0 -1 0
    outer loop
      vertex -21.7197 -25.75 50.7498
      vertex 21.7197 -25.75 50.7498
      vertex 21.7049 -25.75 50.8996
    endloop
  endfacet
  facet normal 0 -1 0
    outer loop
      vertex -21.7442 -25.75 50.6013
      vertex 21.7197 -25.75 50.7498
      vertex -21.7197 -25.75 50.7498
    endloop
  endfacet
  facet normal 0 -1 0
    outer loop
      vertex -21.7442 -25.75 50.6013
      vertex 21.7442 -25.75 50.6013
      vertex 21.7197 -25.75 50.7498
    endloop
  endfacet
  facet normal 0 -1 0
    outer loop
      vertex -21.7784 -25.75 50.4547
      vertex 21.7442 -25.75 50.6013
      vertex -21.7442 -25.75 50.6013
    endloop
  endfacet
  facet normal 0 -1 0
    outer loop
      vertex -21.7784 -25.75 50.4547
      vertex 21.7784 -25.75 50.4547
      vertex 21.7442 -25.75 50.6013
    endloop
  endfacet
  facet normal 0 -1 0
    outer loop
      vertex -21.8221 -25.75 50.3107
      vertex 21.7784 -25.75 50.4547
      vertex -21.7784 -25.75 50.4547
    endloop
  endfacet
  facet normal 0 -1 0
    outer loop
      vertex -21.8221 -25.75 50.3107
      vertex 21.8221 -25.75 50.3107
      vertex 21.7784 -25.75 50.4547
    endloop
  endfacet
  facet normal 0 -1 0
    outer loop
      vertex -21.8751 -25.75 50.1698
      vertex 21.8221 -25.75 50.3107
      vertex -21.8221 -25.75 50.3107
    endloop
  endfacet
  facet normal 0 -1 0
    outer loop
      vertex -21.8751 -25.75 50.1698
      vertex 21.8751 -25.75 50.1698
      vertex 21.8221 -25.75 50.3107
    endloop
  endfacet
  facet normal 0 -1 0
    outer loop
      vertex -21.9372 -25.75 50.0327
      vertex 21.8751 -25.75 50.1698
      vertex -21.8751 -25.75 50.1698
    endloop
  endfacet
  facet normal 0 -1 0
    outer loop
      vertex -21.9372 -25.75 50.0327
      vertex 21.9372 -25.75 50.0327
      vertex 21.8751 -25.75 50.1698
    endloop
  endfacet
  facet normal 0 -1 0
    outer loop
      vertex -22.85 -25.75 49.0581
      vertex -22.85 -25.75 44.0419
      vertex -22.7222 -25.75 49.1376
    endloop
  endfacet
  facet normal 0 -1 0
    outer loop
      vertex -22.7222 -25.75 43.9624
      vertex -22.7222 -25.75 49.1376
      vertex -22.85 -25.75 44.0419
    endloop
  endfacet
  facet normal 0 -1 0
    outer loop
      vertex -22.85 -25.75 44.0419
      vertex -22.85 -25.75 49.0581
      vertex -22.9827 -25.75 44.1128
    endloop
  endfacet
  facet normal 0 -1 0
    outer loop
      vertex -22.7222 -25.75 49.1376
      vertex -22.7222 -25.75 43.9624
      vertex -22.5998 -25.75 49.2253
    endloop
  endfacet
  facet normal 0 -1 0
    outer loop
      vertex -22.9827 -25.75 48.9872
      vertex -22.9827 -25.75 44.1128
      vertex -22.85 -25.75 49.0581
    endloop
  endfacet
  facet normal 0 -1 0
    outer loop
      vertex 21.9372 -25.75 50.0327
      vertex 24 -25.75 44.35
      vertex 22.0081 -25.75 49.9
    endloop
  endfacet
  facet normal 0 -1 0
    outer loop
      vertex -22.9827 -25.75 44.1128
      vertex -22.9827 -25.75 48.9872
      vertex -23.1198 -25.75 44.1749
    endloop
  endfacet
  facet normal 0 -1 0
    outer loop
      vertex 22.0081 -25.75 49.9
      vertex 24 -25.75 44.35
      vertex 22.0876 -25.75 49.7722
    endloop
  endfacet
  facet normal 0 -1 0
    outer loop
      vertex -23.1198 -25.75 48.9251
      vertex -23.1198 -25.75 44.1749
      vertex -22.9827 -25.75 48.9872
    endloop
  endfacet
  facet normal 0 -1 0
    outer loop
      vertex 22.0876 -25.75 49.7722
      vertex 24 -25.75 44.35
      vertex 22.1753 -25.75 49.6498
    endloop
  endfacet
  facet normal 0 -1 0
    outer loop
      vertex -23.1198 -25.75 44.1749
      vertex -23.1198 -25.75 48.9251
      vertex -23.2607 -25.75 44.2279
    endloop
  endfacet
  facet normal 0 -1 0
    outer loop
      vertex 22.1753 -25.75 49.6498
      vertex 24 -25.75 44.35
      vertex 22.2708 -25.75 49.5335
    endloop
  endfacet
  facet normal 0 -1 0
    outer loop
      vertex -23.2607 -25.75 48.8721
      vertex -23.2607 -25.75 44.2279
      vertex -23.1198 -25.75 48.9251
    endloop
  endfacet
  facet normal 0 -1 0
    outer loop
      vertex 22.2708 -25.75 49.5335
      vertex 24 -25.75 44.35
      vertex 22.3737 -25.75 49.4237
    endloop
  endfacet
  facet normal 0 -1 0
    outer loop
      vertex -23.2607 -25.75 44.2279
      vertex -23.2607 -25.75 48.8721
      vertex -23.4047 -25.75 44.2716
    endloop
  endfacet
  facet normal 0 -1 0
    outer loop
      vertex 22.3737 -25.75 49.4237
      vertex 24 -25.75 44.35
      vertex 22.4835 -25.75 49.3208
    endloop
  endfacet
  facet normal 0 -1 0
    outer loop
      vertex -23.4047 -25.75 48.8284
      vertex -23.4047 -25.75 44.2716
      vertex -23.2607 -25.75 48.8721
    endloop
  endfacet
  facet normal 0 -1 0
    outer loop
      vertex 22.4835 -25.75 49.3208
      vertex 24 -25.75 44.35
      vertex 22.5998 -25.75 49.2253
    endloop
  endfacet
  facet normal 0 -1 0
    outer loop
      vertex -23.4047 -25.75 44.2716
      vertex -23.4047 -25.75 48.8284
      vertex -23.5513 -25.75 44.3058
    endloop
  endfacet
  facet normal 0 -1 0
    outer loop
      vertex 22.5998 -25.75 49.2253
      vertex 24 -25.75 44.35
      vertex 22.7222 -25.75 49.1376
    endloop
  endfacet
  facet normal 0 -1 0
    outer loop
      vertex -23.5513 -25.75 48.7942
      vertex -23.5513 -25.75 44.3058
      vertex -23.4047 -25.75 48.8284
    endloop
  endfacet
  facet normal 0 -1 0
    outer loop
      vertex 22.7222 -25.75 49.1376
      vertex 24 -25.75 44.35
      vertex 22.85 -25.75 49.0581
    endloop
  endfacet
  facet normal 0 -1 0
    outer loop
      vertex -23.5513 -25.75 44.3058
      vertex -23.5513 -25.75 48.7942
      vertex -23.6998 -25.75 44.3303
    endloop
  endfacet
  facet normal 0 -1 0
    outer loop
      vertex 22.85 -25.75 49.0581
      vertex 24 -25.75 44.35
      vertex 22.9827 -25.75 48.9872
    endloop
  endfacet
  facet normal 0 -1 0
    outer loop
      vertex -23.6998 -25.75 48.7697
      vertex -23.6998 -25.75 44.3303
      vertex -23.5513 -25.75 48.7942
    endloop
  endfacet
  facet normal 0 -1 0
    outer loop
      vertex 22.9827 -25.75 48.9872
      vertex 24 -25.75 44.35
      vertex 23.1198 -25.75 48.9251
    endloop
  endfacet
  facet normal 0 -1 0
    outer loop
      vertex -23.6998 -25.75 44.3303
      vertex -23.6998 -25.75 48.7697
      vertex -23.8496 -25.75 44.3451
    endloop
  endfacet
  facet normal 0 -1 0
    outer loop
      vertex 23.1198 -25.75 48.9251
      vertex 24 -25.75 44.35
      vertex 23.2607 -25.75 48.8721
    endloop
  endfacet
  facet normal 0 -1 0
    outer loop
      vertex -23.8496 -25.75 48.7549
      vertex -23.8496 -25.75 44.3451
      vertex -23.6998 -25.75 48.7697
    endloop
  endfacet
  facet normal 0 -1 0
    outer loop
      vertex 23.2607 -25.75 48.8721
      vertex 24 -25.75 44.35
      vertex 23.4047 -25.75 48.8284
    endloop
  endfacet
  facet normal 0 -1 0
    outer loop
      vertex -23.8496 -25.75 44.3451
      vertex -23.8496 -25.75 48.7549
      vertex -24 -25.75 44.35
    endloop
  endfacet
  facet normal 0 -1 0
    outer loop
      vertex 23.4047 -25.75 48.8284
      vertex 24 -25.75 44.35
      vertex 23.5513 -25.75 48.7942
    endloop
  endfacet
  facet normal 0 -1 0
    outer loop
      vertex -24 -25.75 44.35
      vertex -23.8496 -25.75 48.7549
      vertex -24 -25.75 48.75
    endloop
  endfacet
  facet normal 0 -1 0
    outer loop
      vertex 23.5513 -25.75 48.7942
      vertex 24 -25.75 44.35
      vertex 23.6998 -25.75 48.7697
    endloop
  endfacet
  facet normal 0 -1 0
    outer loop
      vertex -23.8496 -25.75 53.3451
      vertex -36 -25.75 57.05
      vertex -24 -25.75 53.35
    endloop
  endfacet
  facet normal 0 -1 0
    outer loop
      vertex -36 -25.75 57.05
      vertex -24.1504 -25.75 53.3451
      vertex -24 -25.75 53.35
    endloop
  endfacet
  facet normal 0 -1 0
    outer loop
      vertex -36 -25.75 57.05
      vertex -24.3002 -25.75 53.3303
      vertex -24.1504 -25.75 53.3451
    endloop
  endfacet
  facet normal 0 -1 0
    outer loop
      vertex -36 -25.75 57.05
      vertex -24.4487 -25.75 53.3058
      vertex -24.3002 -25.75 53.3303
    endloop
  endfacet
  facet normal 0 -1 0
    outer loop
      vertex -36 -25.75 57.05
      vertex -24.5953 -25.75 53.2716
      vertex -24.4487 -25.75 53.3058
    endloop
  endfacet
  facet normal 0 -1 0
    outer loop
      vertex -36 -25.75 57.05
      vertex -24.7393 -25.75 53.2279
      vertex -24.5953 -25.75 53.2716
    endloop
  endfacet
  facet normal 0 -1 0
    outer loop
      vertex -36 -25.75 57.05
      vertex -24.8802 -25.75 53.1749
      vertex -24.7393 -25.75 53.2279
    endloop
  endfacet
  facet normal 0 -1 0
    outer loop
      vertex -36 -25.75 57.05
      vertex -25.0173 -25.75 53.1128
      vertex -24.8802 -25.75 53.1749
    endloop
  endfacet
  facet normal 0 -1 0
    outer loop
      vertex -36 -25.75 57.05
      vertex -25.15 -25.75 53.0419
      vertex -25.0173 -25.75 53.1128
    endloop
  endfacet
  facet normal 0 -1 0
    outer loop
      vertex -36 -25.75 57.05
      vertex -25.2778 -25.75 52.9624
      vertex -25.15 -25.75 53.0419
    endloop
  endfacet
  facet normal 0 -1 0
    outer loop
      vertex -36 -25.75 57.05
      vertex -25.4002 -25.75 52.8747
      vertex -25.2778 -25.75 52.9624
    endloop
  endfacet
  facet normal 0 -1 0
    outer loop
      vertex -36 -25.75 57.05
      vertex -25.5165 -25.75 52.7792
      vertex -25.4002 -25.75 52.8747
    endloop
  endfacet
  facet normal 0 -1 0
    outer loop
      vertex -36 -25.75 57.05
      vertex -25.6263 -25.75 52.6763
      vertex -25.5165 -25.75 52.7792
    endloop
  endfacet
  facet normal 0 -1 0
    outer loop
      vertex -36 -25.75 57.05
      vertex -25.7292 -25.75 52.5665
      vertex -25.6263 -25.75 52.6763
    endloop
  endfacet
  facet normal 0 -1 0
    outer loop
      vertex -36 -25.75 57.05
      vertex -25.8247 -25.75 52.4501
      vertex -25.7292 -25.75 52.5665
    endloop
  endfacet
  facet normal 0 -1 0
    outer loop
      vertex -36 -25.75 57.05
      vertex -25.9124 -25.75 52.3278
      vertex -25.8247 -25.75 52.4501
    endloop
  endfacet
  facet normal 0 -1 0
    outer loop
      vertex -36 -25.75 57.05
      vertex -25.9919 -25.75 52.2
      vertex -25.9124 -25.75 52.3278
    endloop
  endfacet
  facet normal 0 -1 0
    outer loop
      vertex -36 -25.75 57.05
      vertex -26.0628 -25.75 52.0673
      vertex -25.9919 -25.75 52.2
    endloop
  endfacet
  facet normal 0 -1 0
    outer loop
      vertex -36 -25.75 57.05
      vertex -26.1249 -25.75 51.9302
      vertex -26.0628 -25.75 52.0673
    endloop
  endfacet
  facet normal 0 -1 0
    outer loop
      vertex -36 -25.75 57.05
      vertex -26.1779 -25.75 51.7893
      vertex -26.1249 -25.75 51.9302
    endloop
  endfacet
  facet normal 0 -1 0
    outer loop
      vertex -36 -25.75 57.05
      vertex -26.2216 -25.75 51.6453
      vertex -26.1779 -25.75 51.7893
    endloop
  endfacet
  facet normal 0 -1 0
    outer loop
      vertex -36 -25.75 57.05
      vertex -26.2558 -25.75 51.4987
      vertex -26.2216 -25.75 51.6453
    endloop
  endfacet
  facet normal 0 -1 0
    outer loop
      vertex -36 -25.75 57.05
      vertex -26.2803 -25.75 51.3502
      vertex -26.2558 -25.75 51.4987
    endloop
  endfacet
  facet normal 0 -1 0
    outer loop
      vertex -36 -25.75 57.05
      vertex -26.2951 -25.75 51.2004
      vertex -26.2803 -25.75 51.3502
    endloop
  endfacet
  facet normal 0 -1 0
    outer loop
      vertex -36 -25.75 57.05
      vertex -26.3 -25.75 51.05
      vertex -26.2951 -25.75 51.2004
    endloop
  endfacet
  facet normal 0 -1 0
    outer loop
      vertex -36 -25.75 57.05
      vertex -26.2951 -25.75 50.8996
      vertex -26.3 -25.75 51.05
    endloop
  endfacet
  facet normal 0 -1 0
    outer loop
      vertex -36 -25.75 57.05
      vertex -26.2803 -25.75 50.7498
      vertex -26.2951 -25.75 50.8996
    endloop
  endfacet
  facet normal 0 -1 0
    outer loop
      vertex -36 -25.75 57.05
      vertex -26.2558 -25.75 50.6013
      vertex -26.2803 -25.75 50.7498
    endloop
  endfacet
  facet normal 0 -1 0
    outer loop
      vertex -36 -25.75 57.05
      vertex -26.2216 -25.75 50.4547
      vertex -26.2558 -25.75 50.6013
    endloop
  endfacet
  facet normal 0 -1 0
    outer loop
      vertex -36 -25.75 57.05
      vertex -26.1779 -25.75 50.3107
      vertex -26.2216 -25.75 50.4547
    endloop
  endfacet
  facet normal 0 -1 0
    outer loop
      vertex -36 -25.75 57.05
      vertex -26.1249 -25.75 50.1698
      vertex -26.1779 -25.75 50.3107
    endloop
  endfacet
  facet normal 0 -1 0
    outer loop
      vertex -26.1249 -25.75 42.9302
      vertex -26.1249 -25.75 50.1698
      vertex -36 -25.75 57.05
    endloop
  endfacet
  facet normal 0 -1 0
    outer loop
      vertex -26.1249 -25.75 50.1698
      vertex -26.1249 -25.75 42.9302
      vertex -26.0628 -25.75 50.0327
    endloop
  endfacet
  facet normal -0 -1 0
    outer loop
      vertex -26.0628 -25.75 43.0673
      vertex -26.0628 -25.75 50.0327
      vertex -26.1249 -25.75 42.9302
    endloop
  endfacet
  facet normal 0 -1 0
    outer loop
      vertex -26.0628 -25.75 50.0327
      vertex -26.0628 -25.75 43.0673
      vertex -25.9919 -25.75 49.9
    endloop
  endfacet
  facet normal -0 -1 0
    outer loop
      vertex -25.9919 -25.75 43.2
      vertex -25.9919 -25.75 49.9
      vertex -26.0628 -25.75 43.0673
    endloop
  endfacet
  facet normal 0 -1 0
    outer loop
      vertex -25.9919 -25.75 49.9
      vertex -25.9919 -25.75 43.2
      vertex -25.9124 -25.75 49.7722
    endloop
  endfacet
  facet normal -0 -1 0
    outer loop
      vertex -25.9124 -25.75 43.3278
      vertex -25.9124 -25.75 49.7722
      vertex -25.9919 -25.75 43.2
    endloop
  endfacet
  facet normal 0 -1 0
    outer loop
      vertex -25.9124 -25.75 49.7722
      vertex -25.9124 -25.75 43.3278
      vertex -25.8247 -25.75 49.6498
    endloop
  endfacet
  facet normal 0 -1 0
    outer loop
      vertex 23.6998 -25.75 48.7697
      vertex 24 -25.75 44.35
      vertex 23.8496 -25.75 48.7549
    endloop
  endfacet
  facet normal 0 -1 0
    outer loop
      vertex -24.1504 -25.75 48.7549
      vertex -24 -25.75 44.35
      vertex -24 -25.75 48.75
    endloop
  endfacet
  facet normal 0 -1 0
    outer loop
      vertex -24.1504 -25.75 44.3451
      vertex -24.1504 -25.75 48.7549
      vertex -24.3002 -25.75 48.7697
    endloop
  endfacet
  facet normal 0 -1 0
    outer loop
      vertex -24.3002 -25.75 44.3303
      vertex -24.3002 -25.75 48.7697
      vertex -24.4487 -25.75 48.7942
    endloop
  endfacet
  facet normal 0 -1 0
    outer loop
      vertex -24.4487 -25.75 44.3058
      vertex -24.4487 -25.75 48.7942
      vertex -24.5953 -25.75 48.8284
    endloop
  endfacet
  facet normal 0 -1 0
    outer loop
      vertex -24.5953 -25.75 44.2716
      vertex -24.5953 -25.75 48.8284
      vertex -24.7393 -25.75 48.8721
    endloop
  endfacet
  facet normal 0 -1 0
    outer loop
      vertex -24.7393 -25.75 44.2279
      vertex -24.7393 -25.75 48.8721
      vertex -24.8802 -25.75 48.9251
    endloop
  endfacet
  facet normal 0 -1 0
    outer loop
      vertex -24.8802 -25.75 44.1749
      vertex -24.8802 -25.75 48.9251
      vertex -25.0173 -25.75 48.9872
    endloop
  endfacet
  facet normal 0 -1 0
    outer loop
      vertex -25.0173 -25.75 44.1128
      vertex -25.0173 -25.75 48.9872
      vertex -25.15 -25.75 49.0581
    endloop
  endfacet
  facet normal 0 -1 0
    outer loop
      vertex -25.15 -25.75 44.0419
      vertex -25.15 -25.75 49.0581
      vertex -25.2778 -25.75 49.1376
    endloop
  endfacet
  facet normal 0 -1 0
    outer loop
      vertex -25.2778 -25.75 43.9624
      vertex -25.2778 -25.75 49.1376
      vertex -25.4002 -25.75 49.2253
    endloop
  endfacet
  facet normal 0 -1 0
    outer loop
      vertex -25.8247 -25.75 49.6498
      vertex -25.8247 -25.75 43.4501
      vertex -25.7292 -25.75 49.5335
    endloop
  endfacet
  facet normal 0 -1 0
    outer loop
      vertex -24.1504 -25.75 48.7549
      vertex -24.1504 -25.75 44.3451
      vertex -24 -25.75 44.35
    endloop
  endfacet
  facet normal 0 -1 0
    outer loop
      vertex -24.3002 -25.75 48.7697
      vertex -24.3002 -25.75 44.3303
      vertex -24.1504 -25.75 44.3451
    endloop
  endfacet
  facet normal 0 -1 0
    outer loop
      vertex -24.4487 -25.75 48.7942
      vertex -24.4487 -25.75 44.3058
      vertex -24.3002 -25.75 44.3303
    endloop
  endfacet
  facet normal 0 -1 0
    outer loop
      vertex -24.5953 -25.75 48.8284
      vertex -24.5953 -25.75 44.2716
      vertex -24.4487 -25.75 44.3058
    endloop
  endfacet
  facet normal 0 -1 0
    outer loop
      vertex -24.7393 -25.75 48.8721
      vertex -24.7393 -25.75 44.2279
      vertex -24.5953 -25.75 44.2716
    endloop
  endfacet
  facet normal 0 -1 0
    outer loop
      vertex -24.8802 -25.75 48.9251
      vertex -24.8802 -25.75 44.1749
      vertex -24.7393 -25.75 44.2279
    endloop
  endfacet
  facet normal 0 -1 0
    outer loop
      vertex -25.0173 -25.75 48.9872
      vertex -25.0173 -25.75 44.1128
      vertex -24.8802 -25.75 44.1749
    endloop
  endfacet
  facet normal 0 -1 0
    outer loop
      vertex -25.15 -25.75 49.0581
      vertex -25.15 -25.75 44.0419
      vertex -25.0173 -25.75 44.1128
    endloop
  endfacet
  facet normal 0 -1 0
    outer loop
      vertex -25.2778 -25.75 49.1376
      vertex -25.2778 -25.75 43.9624
      vertex -25.15 -25.75 44.0419
    endloop
  endfacet
  facet normal 0 -1 0
    outer loop
      vertex -25.4002 -25.75 49.2253
      vertex -25.4002 -25.75 43.8747
      vertex -25.2778 -25.75 43.9624
    endloop
  endfacet
  facet normal 0 -1 -0
    outer loop
      vertex -25.4002 -25.75 49.2253
      vertex -25.5165 -25.75 43.7792
      vertex -25.4002 -25.75 43.8747
    endloop
  endfacet
  facet normal 0 -1 0
    outer loop
      vertex -25.5165 -25.75 49.3208
      vertex -25.5165 -25.75 43.7792
      vertex -25.4002 -25.75 49.2253
    endloop
  endfacet
  facet normal -0 -1 0
    outer loop
      vertex -25.5165 -25.75 43.7792
      vertex -25.5165 -25.75 49.3208
      vertex -25.6263 -25.75 43.6763
    endloop
  endfacet
  facet normal 0 -1 0
    outer loop
      vertex -25.6263 -25.75 49.4237
      vertex -25.6263 -25.75 43.6763
      vertex -25.5165 -25.75 49.3208
    endloop
  endfacet
  facet normal -0 -1 0
    outer loop
      vertex -25.6263 -25.75 43.6763
      vertex -25.6263 -25.75 49.4237
      vertex -25.7292 -25.75 43.5665
    endloop
  endfacet
  facet normal 0 -1 0
    outer loop
      vertex -25.7292 -25.75 49.5335
      vertex -25.7292 -25.75 43.5665
      vertex -25.6263 -25.75 49.4237
    endloop
  endfacet
  facet normal -0 -1 0
    outer loop
      vertex -25.7292 -25.75 43.5665
      vertex -25.7292 -25.75 49.5335
      vertex -25.8247 -25.75 43.4501
    endloop
  endfacet
  facet normal -0 -1 0
    outer loop
      vertex -25.8247 -25.75 43.4501
      vertex -25.8247 -25.75 49.6498
      vertex -25.9124 -25.75 43.3278
    endloop
  endfacet
  facet normal 0 -1 0
    outer loop
      vertex -36 -25.75 57.05
      vertex -26.1779 -25.75 42.7893
      vertex -26.1249 -25.75 42.9302
    endloop
  endfacet
  facet normal 0 -1 0
    outer loop
      vertex -36 -25.75 57.05
      vertex -26.2216 -25.75 42.6453
      vertex -26.1779 -25.75 42.7893
    endloop
  endfacet
  facet normal 0 -1 0
    outer loop
      vertex -36 -25.75 57.05
      vertex -26.2558 -25.75 42.4987
      vertex -26.2216 -25.75 42.6453
    endloop
  endfacet
  facet normal 0 -1 0
    outer loop
      vertex -36 -25.75 33.05
      vertex -26.2558 -25.75 42.4987
      vertex -36 -25.75 57.05
    endloop
  endfacet
  facet normal 0 -1 0
    outer loop
      vertex -26.2558 -25.75 42.4987
      vertex -36 -25.75 33.05
      vertex -26.2803 -25.75 42.3502
    endloop
  endfacet
  facet normal 0 -1 0
    outer loop
      vertex -26.2803 -25.75 42.3502
      vertex -36 -25.75 33.05
      vertex -26.2951 -25.75 42.2004
    endloop
  endfacet
  facet normal 0 -1 0
    outer loop
      vertex -26.2951 -25.75 42.2004
      vertex -36 -25.75 33.05
      vertex -26.3 -25.75 42.05
    endloop
  endfacet
  facet normal 0 -1 -0
    outer loop
      vertex -26.3 -25.75 42.05
      vertex -36 -25.75 33.05
      vertex -26.2951 -25.75 41.8996
    endloop
  endfacet
  facet normal 0 -1 -0
    outer loop
      vertex -26.2951 -25.75 41.8996
      vertex -36 -25.75 33.05
      vertex -26.2803 -25.75 41.7498
    endloop
  endfacet
  facet normal 0 -1 -0
    outer loop
      vertex -26.2803 -25.75 41.7498
      vertex -36 -25.75 33.05
      vertex -26.2558 -25.75 41.6013
    endloop
  endfacet
  facet normal 0 -1 -0
    outer loop
      vertex -26.2558 -25.75 41.6013
      vertex -36 -25.75 33.05
      vertex -26.2216 -25.75 41.4547
    endloop
  endfacet
  facet normal 0 -1 -0
    outer loop
      vertex -26.2216 -25.75 41.4547
      vertex -36 -25.75 33.05
      vertex -26.1779 -25.75 41.3107
    endloop
  endfacet
  facet normal 0 -1 -0
    outer loop
      vertex -26.1779 -25.75 41.3107
      vertex -36 -25.75 33.05
      vertex -26.1249 -25.75 41.1698
    endloop
  endfacet
  facet normal 0 -1 -0
    outer loop
      vertex -26.1249 -25.75 41.1698
      vertex -36 -25.75 33.05
      vertex -26.0628 -25.75 41.0327
    endloop
  endfacet
  facet normal 0 -1 0
    outer loop
      vertex 23.6998 -25.75 39.7697
      vertex 36 -25.75 33.05
      vertex 23.8496 -25.75 39.7549
    endloop
  endfacet
  facet normal 0 -1 -0
    outer loop
      vertex -24.1504 -25.75 39.7549
      vertex -36 -25.75 33.05
      vertex -24 -25.75 39.75
    endloop
  endfacet
  facet normal 0 -1 -0
    outer loop
      vertex -24.3002 -25.75 39.7697
      vertex -36 -25.75 33.05
      vertex -24.1504 -25.75 39.7549
    endloop
  endfacet
  facet normal 0 -1 -0
    outer loop
      vertex -24.4487 -25.75 39.7942
      vertex -36 -25.75 33.05
      vertex -24.3002 -25.75 39.7697
    endloop
  endfacet
  facet normal 0 -1 -0
    outer loop
      vertex -24.5953 -25.75 39.8284
      vertex -36 -25.75 33.05
      vertex -24.4487 -25.75 39.7942
    endloop
  endfacet
  facet normal 0 -1 -0
    outer loop
      vertex -24.7393 -25.75 39.8721
      vertex -36 -25.75 33.05
      vertex -24.5953 -25.75 39.8284
    endloop
  endfacet
  facet normal 0 -1 -0
    outer loop
      vertex -24.8802 -25.75 39.9251
      vertex -36 -25.75 33.05
      vertex -24.7393 -25.75 39.8721
    endloop
  endfacet
  facet normal 0 -1 -0
    outer loop
      vertex -25.0173 -25.75 39.9872
      vertex -36 -25.75 33.05
      vertex -24.8802 -25.75 39.9251
    endloop
  endfacet
  facet normal 0 -1 -0
    outer loop
      vertex -25.15 -25.75 40.0581
      vertex -36 -25.75 33.05
      vertex -25.0173 -25.75 39.9872
    endloop
  endfacet
  facet normal 0 -1 -0
    outer loop
      vertex -25.2778 -25.75 40.1376
      vertex -36 -25.75 33.05
      vertex -25.15 -25.75 40.0581
    endloop
  endfacet
  facet normal 0 -1 -0
    outer loop
      vertex -25.4002 -25.75 40.2253
      vertex -36 -25.75 33.05
      vertex -25.2778 -25.75 40.1376
    endloop
  endfacet
  facet normal 0 -1 -0
    outer loop
      vertex -25.5165 -25.75 40.3208
      vertex -36 -25.75 33.05
      vertex -25.4002 -25.75 40.2253
    endloop
  endfacet
  facet normal 0 -1 -0
    outer loop
      vertex -25.6263 -25.75 40.4237
      vertex -36 -25.75 33.05
      vertex -25.5165 -25.75 40.3208
    endloop
  endfacet
  facet normal 0 -1 -0
    outer loop
      vertex -25.7292 -25.75 40.5335
      vertex -36 -25.75 33.05
      vertex -25.6263 -25.75 40.4237
    endloop
  endfacet
  facet normal 0 -1 -0
    outer loop
      vertex -25.8247 -25.75 40.6498
      vertex -36 -25.75 33.05
      vertex -25.7292 -25.75 40.5335
    endloop
  endfacet
  facet normal 0 -1 -0
    outer loop
      vertex -25.9124 -25.75 40.7722
      vertex -36 -25.75 33.05
      vertex -25.8247 -25.75 40.6498
    endloop
  endfacet
  facet normal 0 -1 -0
    outer loop
      vertex -25.9919 -25.75 40.9
      vertex -36 -25.75 33.05
      vertex -25.9124 -25.75 40.7722
    endloop
  endfacet
  facet normal 0 -1 -0
    outer loop
      vertex -26.0628 -25.75 41.0327
      vertex -36 -25.75 33.05
      vertex -25.9919 -25.75 40.9
    endloop
  endfacet
  facet normal 0 -1 0
    outer loop
      vertex -23.6998 -25.75 53.3303
      vertex -36 -25.75 57.05
      vertex -23.8496 -25.75 53.3451
    endloop
  endfacet
  facet normal 0 -1 0
    outer loop
      vertex 24.1504 -25.75 53.3451
      vertex 36 -25.75 57.05
      vertex 24 -25.75 53.35
    endloop
  endfacet
  facet normal 0 -1 0
    outer loop
      vertex 24.3002 -25.75 53.3303
      vertex 36 -25.75 57.05
      vertex 24.1504 -25.75 53.3451
    endloop
  endfacet
  facet normal 0 -1 0
    outer loop
      vertex 24.4487 -25.75 53.3058
      vertex 36 -25.75 57.05
      vertex 24.3002 -25.75 53.3303
    endloop
  endfacet
  facet normal 0 -1 0
    outer loop
      vertex 24.5953 -25.75 53.2716
      vertex 36 -25.75 57.05
      vertex 24.4487 -25.75 53.3058
    endloop
  endfacet
  facet normal 0 -1 0
    outer loop
      vertex 24.7393 -25.75 53.2279
      vertex 36 -25.75 57.05
      vertex 24.5953 -25.75 53.2716
    endloop
  endfacet
  facet normal 0 -1 0
    outer loop
      vertex 24.8802 -25.75 53.1749
      vertex 36 -25.75 57.05
      vertex 24.7393 -25.75 53.2279
    endloop
  endfacet
  facet normal 0 -1 0
    outer loop
      vertex 25.0173 -25.75 53.1128
      vertex 36 -25.75 57.05
      vertex 24.8802 -25.75 53.1749
    endloop
  endfacet
  facet normal 0 -1 0
    outer loop
      vertex 25.15 -25.75 53.0419
      vertex 36 -25.75 57.05
      vertex 25.0173 -25.75 53.1128
    endloop
  endfacet
  facet normal 0 -1 0
    outer loop
      vertex 25.2778 -25.75 52.9624
      vertex 36 -25.75 57.05
      vertex 25.15 -25.75 53.0419
    endloop
  endfacet
  facet normal 0 -1 0
    outer loop
      vertex 25.4002 -25.75 52.8747
      vertex 36 -25.75 57.05
      vertex 25.2778 -25.75 52.9624
    endloop
  endfacet
  facet normal 0 -1 0
    outer loop
      vertex 25.5165 -25.75 52.7792
      vertex 36 -25.75 57.05
      vertex 25.4002 -25.75 52.8747
    endloop
  endfacet
  facet normal 0 -1 0
    outer loop
      vertex 25.6263 -25.75 52.6763
      vertex 36 -25.75 57.05
      vertex 25.5165 -25.75 52.7792
    endloop
  endfacet
  facet normal 0 -1 0
    outer loop
      vertex 25.7292 -25.75 52.5665
      vertex 36 -25.75 57.05
      vertex 25.6263 -25.75 52.6763
    endloop
  endfacet
  facet normal 0 -1 0
    outer loop
      vertex 25.8247 -25.75 52.4501
      vertex 36 -25.75 57.05
      vertex 25.7292 -25.75 52.5665
    endloop
  endfacet
  facet normal 0 -1 0
    outer loop
      vertex 25.9124 -25.75 52.3278
      vertex 36 -25.75 57.05
      vertex 25.8247 -25.75 52.4501
    endloop
  endfacet
  facet normal 0 -1 0
    outer loop
      vertex 25.9919 -25.75 52.2
      vertex 36 -25.75 57.05
      vertex 25.9124 -25.75 52.3278
    endloop
  endfacet
  facet normal 0 -1 0
    outer loop
      vertex 26.0628 -25.75 52.0673
      vertex 36 -25.75 57.05
      vertex 25.9919 -25.75 52.2
    endloop
  endfacet
  facet normal 0 -1 0
    outer loop
      vertex 26.1249 -25.75 51.9302
      vertex 36 -25.75 57.05
      vertex 26.0628 -25.75 52.0673
    endloop
  endfacet
  facet normal 0 -1 0
    outer loop
      vertex 26.1779 -25.75 51.7893
      vertex 36 -25.75 57.05
      vertex 26.1249 -25.75 51.9302
    endloop
  endfacet
  facet normal 0 -1 0
    outer loop
      vertex 26.2216 -25.75 51.6453
      vertex 36 -25.75 57.05
      vertex 26.1779 -25.75 51.7893
    endloop
  endfacet
  facet normal 0 -1 0
    outer loop
      vertex 26.2558 -25.75 51.4987
      vertex 36 -25.75 57.05
      vertex 26.2216 -25.75 51.6453
    endloop
  endfacet
  facet normal 0 -1 0
    outer loop
      vertex 26.2803 -25.75 51.3502
      vertex 36 -25.75 57.05
      vertex 26.2558 -25.75 51.4987
    endloop
  endfacet
  facet normal 0 -1 0
    outer loop
      vertex 26.2951 -25.75 51.2004
      vertex 36 -25.75 57.05
      vertex 26.2803 -25.75 51.3502
    endloop
  endfacet
  facet normal 0 -1 0
    outer loop
      vertex 26.3 -25.75 51.05
      vertex 36 -25.75 57.05
      vertex 26.2951 -25.75 51.2004
    endloop
  endfacet
  facet normal 0 -1 0
    outer loop
      vertex 26.2951 -25.75 50.8996
      vertex 36 -25.75 57.05
      vertex 26.3 -25.75 51.05
    endloop
  endfacet
  facet normal 0 -1 0
    outer loop
      vertex 26.2803 -25.75 50.7498
      vertex 36 -25.75 57.05
      vertex 26.2951 -25.75 50.8996
    endloop
  endfacet
  facet normal 0 -1 0
    outer loop
      vertex 26.2558 -25.75 50.6013
      vertex 36 -25.75 57.05
      vertex 26.2803 -25.75 50.7498
    endloop
  endfacet
  facet normal 0 -1 0
    outer loop
      vertex 26.2216 -25.75 50.4547
      vertex 36 -25.75 57.05
      vertex 26.2558 -25.75 50.6013
    endloop
  endfacet
  facet normal 0 -1 0
    outer loop
      vertex 26.1779 -25.75 50.3107
      vertex 36 -25.75 57.05
      vertex 26.2216 -25.75 50.4547
    endloop
  endfacet
  facet normal 0 -1 0
    outer loop
      vertex 26.1249 -25.75 50.1698
      vertex 36 -25.75 57.05
      vertex 26.1779 -25.75 50.3107
    endloop
  endfacet
  facet normal 0 -1 0
    outer loop
      vertex 26.1249 -25.75 42.9302
      vertex 26.1249 -25.75 50.1698
      vertex 26.0628 -25.75 50.0327
    endloop
  endfacet
  facet normal 0 -1 0
    outer loop
      vertex 26.0628 -25.75 43.0673
      vertex 26.0628 -25.75 50.0327
      vertex 25.9919 -25.75 49.9
    endloop
  endfacet
  facet normal 0 -1 0
    outer loop
      vertex 25.9919 -25.75 43.2
      vertex 25.9919 -25.75 49.9
      vertex 25.9124 -25.75 49.7722
    endloop
  endfacet
  facet normal 0 -1 0
    outer loop
      vertex 25.9124 -25.75 43.3278
      vertex 25.9124 -25.75 49.7722
      vertex 25.8247 -25.75 49.6498
    endloop
  endfacet
  facet normal 0 -1 0
    outer loop
      vertex 25.8247 -25.75 43.4501
      vertex 25.8247 -25.75 49.6498
      vertex 25.7292 -25.75 49.5335
    endloop
  endfacet
  facet normal 0 -1 0
    outer loop
      vertex 25.7292 -25.75 43.5665
      vertex 25.7292 -25.75 49.5335
      vertex 25.6263 -25.75 49.4237
    endloop
  endfacet
  facet normal 0 -1 0
    outer loop
      vertex 25.6263 -25.75 43.6763
      vertex 25.6263 -25.75 49.4237
      vertex 25.5165 -25.75 49.3208
    endloop
  endfacet
  facet normal 0 -1 0
    outer loop
      vertex 25.5165 -25.75 43.7792
      vertex 25.5165 -25.75 49.3208
      vertex 25.4002 -25.75 49.2253
    endloop
  endfacet
  facet normal 0 -1 0
    outer loop
      vertex 23.8496 -25.75 48.7549
      vertex 24 -25.75 44.35
      vertex 24 -25.75 48.75
    endloop
  endfacet
  facet normal 0 -1 0
    outer loop
      vertex 24 -25.75 48.75
      vertex 24 -25.75 44.35
      vertex 24.1504 -25.75 48.7549
    endloop
  endfacet
  facet normal 0 -1 0
    outer loop
      vertex 24.1504 -25.75 44.3451
      vertex 24.1504 -25.75 48.7549
      vertex 24 -25.75 44.35
    endloop
  endfacet
  facet normal 0 -1 0
    outer loop
      vertex 24.1504 -25.75 48.7549
      vertex 24.1504 -25.75 44.3451
      vertex 24.3002 -25.75 48.7697
    endloop
  endfacet
  facet normal 0 -1 0
    outer loop
      vertex 24.3002 -25.75 44.3303
      vertex 24.3002 -25.75 48.7697
      vertex 24.1504 -25.75 44.3451
    endloop
  endfacet
  facet normal 0 -1 0
    outer loop
      vertex 24.3002 -25.75 48.7697
      vertex 24.3002 -25.75 44.3303
      vertex 24.4487 -25.75 48.7942
    endloop
  endfacet
  facet normal 0 -1 0
    outer loop
      vertex 24.4487 -25.75 44.3058
      vertex 24.4487 -25.75 48.7942
      vertex 24.3002 -25.75 44.3303
    endloop
  endfacet
  facet normal 0 -1 0
    outer loop
      vertex 24.4487 -25.75 48.7942
      vertex 24.4487 -25.75 44.3058
      vertex 24.5953 -25.75 48.8284
    endloop
  endfacet
  facet normal 0 -1 0
    outer loop
      vertex 24.5953 -25.75 44.2716
      vertex 24.5953 -25.75 48.8284
      vertex 24.4487 -25.75 44.3058
    endloop
  endfacet
  facet normal 0 -1 0
    outer loop
      vertex 24.5953 -25.75 48.8284
      vertex 24.5953 -25.75 44.2716
      vertex 24.7393 -25.75 48.8721
    endloop
  endfacet
  facet normal 0 -1 0
    outer loop
      vertex 24.7393 -25.75 44.2279
      vertex 24.7393 -25.75 48.8721
      vertex 24.5953 -25.75 44.2716
    endloop
  endfacet
  facet normal 0 -1 0
    outer loop
      vertex 24.7393 -25.75 48.8721
      vertex 24.7393 -25.75 44.2279
      vertex 24.8802 -25.75 48.9251
    endloop
  endfacet
  facet normal 0 -1 0
    outer loop
      vertex 24.8802 -25.75 44.1749
      vertex 24.8802 -25.75 48.9251
      vertex 24.7393 -25.75 44.2279
    endloop
  endfacet
  facet normal 0 -1 0
    outer loop
      vertex 24.8802 -25.75 48.9251
      vertex 24.8802 -25.75 44.1749
      vertex 25.0173 -25.75 48.9872
    endloop
  endfacet
  facet normal 0 -1 0
    outer loop
      vertex 25.0173 -25.75 44.1128
      vertex 25.0173 -25.75 48.9872
      vertex 24.8802 -25.75 44.1749
    endloop
  endfacet
  facet normal 0 -1 0
    outer loop
      vertex 25.0173 -25.75 48.9872
      vertex 25.0173 -25.75 44.1128
      vertex 25.15 -25.75 49.0581
    endloop
  endfacet
  facet normal 0 -1 0
    outer loop
      vertex 25.15 -25.75 44.0419
      vertex 25.15 -25.75 49.0581
      vertex 25.0173 -25.75 44.1128
    endloop
  endfacet
  facet normal 0 -1 0
    outer loop
      vertex 25.15 -25.75 49.0581
      vertex 25.15 -25.75 44.0419
      vertex 25.2778 -25.75 49.1376
    endloop
  endfacet
  facet normal 0 -1 0
    outer loop
      vertex 25.2778 -25.75 43.9624
      vertex 25.2778 -25.75 49.1376
      vertex 25.15 -25.75 44.0419
    endloop
  endfacet
  facet normal 0 -1 0
    outer loop
      vertex 25.2778 -25.75 49.1376
      vertex 25.2778 -25.75 43.9624
      vertex 25.4002 -25.75 49.2253
    endloop
  endfacet
  facet normal 0 -1 0
    outer loop
      vertex 25.4002 -25.75 43.8747
      vertex 25.4002 -25.75 49.2253
      vertex 25.2778 -25.75 43.9624
    endloop
  endfacet
  facet normal 0 -1 0
    outer loop
      vertex 25.5165 -25.75 43.7792
      vertex 25.4002 -25.75 49.2253
      vertex 25.4002 -25.75 43.8747
    endloop
  endfacet
  facet normal 0 -1 0
    outer loop
      vertex 25.5165 -25.75 49.3208
      vertex 25.5165 -25.75 43.7792
      vertex 25.6263 -25.75 43.6763
    endloop
  endfacet
  facet normal 0 -1 0
    outer loop
      vertex 25.6263 -25.75 49.4237
      vertex 25.6263 -25.75 43.6763
      vertex 25.7292 -25.75 43.5665
    endloop
  endfacet
  facet normal 0 -1 0
    outer loop
      vertex 25.7292 -25.75 49.5335
      vertex 25.7292 -25.75 43.5665
      vertex 25.8247 -25.75 43.4501
    endloop
  endfacet
  facet normal 0 -1 0
    outer loop
      vertex 25.8247 -25.75 49.6498
      vertex 25.8247 -25.75 43.4501
      vertex 25.9124 -25.75 43.3278
    endloop
  endfacet
  facet normal 0 -1 0
    outer loop
      vertex 25.9124 -25.75 49.7722
      vertex 25.9124 -25.75 43.3278
      vertex 25.9919 -25.75 43.2
    endloop
  endfacet
  facet normal 0 -1 0
    outer loop
      vertex 25.9919 -25.75 49.9
      vertex 25.9919 -25.75 43.2
      vertex 26.0628 -25.75 43.0673
    endloop
  endfacet
  facet normal 0 -1 0
    outer loop
      vertex 26.0628 -25.75 50.0327
      vertex 26.0628 -25.75 43.0673
      vertex 26.1249 -25.75 42.9302
    endloop
  endfacet
  facet normal 0 -1 0
    outer loop
      vertex 26.1249 -25.75 50.1698
      vertex 26.1249 -25.75 42.9302
      vertex 36 -25.75 57.05
    endloop
  endfacet
  facet normal 0 -1 0
    outer loop
      vertex 26.1779 -25.75 42.7893
      vertex 36 -25.75 57.05
      vertex 26.1249 -25.75 42.9302
    endloop
  endfacet
  facet normal 0 -1 0
    outer loop
      vertex 26.2216 -25.75 42.6453
      vertex 36 -25.75 57.05
      vertex 26.1779 -25.75 42.7893
    endloop
  endfacet
  facet normal 0 -1 0
    outer loop
      vertex 26.2558 -25.75 42.4987
      vertex 36 -25.75 57.05
      vertex 26.2216 -25.75 42.6453
    endloop
  endfacet
  facet normal 0 -1 0
    outer loop
      vertex 36 -25.75 33.05
      vertex 26.2558 -25.75 42.4987
      vertex 26.2803 -25.75 42.3502
    endloop
  endfacet
  facet normal 0 -1 0
    outer loop
      vertex 36 -25.75 33.05
      vertex 26.2803 -25.75 42.3502
      vertex 26.2951 -25.75 42.2004
    endloop
  endfacet
  facet normal 0 -1 0
    outer loop
      vertex 36 -25.75 33.05
      vertex 26.2951 -25.75 42.2004
      vertex 26.3 -25.75 42.05
    endloop
  endfacet
  facet normal 0 -1 0
    outer loop
      vertex 36 -25.75 33.05
      vertex 26.3 -25.75 42.05
      vertex 26.2951 -25.75 41.8996
    endloop
  endfacet
  facet normal 0 -1 0
    outer loop
      vertex 36 -25.75 33.05
      vertex 26.2951 -25.75 41.8996
      vertex 26.2803 -25.75 41.7498
    endloop
  endfacet
  facet normal 0 -1 0
    outer loop
      vertex 36 -25.75 33.05
      vertex 26.2803 -25.75 41.7498
      vertex 26.2558 -25.75 41.6013
    endloop
  endfacet
  facet normal 0 -1 0
    outer loop
      vertex 36 -25.75 33.05
      vertex 26.2558 -25.75 41.6013
      vertex 26.2216 -25.75 41.4547
    endloop
  endfacet
  facet normal 0 -1 0
    outer loop
      vertex 36 -25.75 33.05
      vertex 26.2216 -25.75 41.4547
      vertex 26.1779 -25.75 41.3107
    endloop
  endfacet
  facet normal 0 -1 0
    outer loop
      vertex 36 -25.75 33.05
      vertex 26.1779 -25.75 41.3107
      vertex 26.1249 -25.75 41.1698
    endloop
  endfacet
  facet normal 0 -1 0
    outer loop
      vertex 36 -25.75 33.05
      vertex 26.1249 -25.75 41.1698
      vertex 26.0628 -25.75 41.0327
    endloop
  endfacet
  facet normal 0 -1 0
    outer loop
      vertex 36 -25.75 33.05
      vertex 26.0628 -25.75 41.0327
      vertex 25.9919 -25.75 40.9
    endloop
  endfacet
  facet normal 0 -1 0
    outer loop
      vertex 23.8496 -25.75 39.7549
      vertex 36 -25.75 33.05
      vertex 24 -25.75 39.75
    endloop
  endfacet
  facet normal 0 -1 0
    outer loop
      vertex 24 -25.75 39.75
      vertex 36 -25.75 33.05
      vertex 24.1504 -25.75 39.7549
    endloop
  endfacet
  facet normal 0 -1 0
    outer loop
      vertex 26.2558 -25.75 42.4987
      vertex 36 -25.75 33.05
      vertex 36 -25.75 57.05
    endloop
  endfacet
  facet normal 0 -1 0
    outer loop
      vertex 25.9124 -25.75 40.7722
      vertex 36 -25.75 33.05
      vertex 25.9919 -25.75 40.9
    endloop
  endfacet
  facet normal 0 -1 0
    outer loop
      vertex 25.8247 -25.75 40.6498
      vertex 36 -25.75 33.05
      vertex 25.9124 -25.75 40.7722
    endloop
  endfacet
  facet normal 0 -1 0
    outer loop
      vertex 25.7292 -25.75 40.5335
      vertex 36 -25.75 33.05
      vertex 25.8247 -25.75 40.6498
    endloop
  endfacet
  facet normal 0 -1 0
    outer loop
      vertex 25.6263 -25.75 40.4237
      vertex 36 -25.75 33.05
      vertex 25.7292 -25.75 40.5335
    endloop
  endfacet
  facet normal 0 -1 0
    outer loop
      vertex 25.5165 -25.75 40.3208
      vertex 36 -25.75 33.05
      vertex 25.6263 -25.75 40.4237
    endloop
  endfacet
  facet normal 0 -1 0
    outer loop
      vertex 25.4002 -25.75 40.2253
      vertex 36 -25.75 33.05
      vertex 25.5165 -25.75 40.3208
    endloop
  endfacet
  facet normal 0 -1 0
    outer loop
      vertex 25.2778 -25.75 40.1376
      vertex 36 -25.75 33.05
      vertex 25.4002 -25.75 40.2253
    endloop
  endfacet
  facet normal 0 -1 0
    outer loop
      vertex 25.15 -25.75 40.0581
      vertex 36 -25.75 33.05
      vertex 25.2778 -25.75 40.1376
    endloop
  endfacet
  facet normal 0 -1 0
    outer loop
      vertex 25.0173 -25.75 39.9872
      vertex 36 -25.75 33.05
      vertex 25.15 -25.75 40.0581
    endloop
  endfacet
  facet normal 0 -1 0
    outer loop
      vertex 24.8802 -25.75 39.9251
      vertex 36 -25.75 33.05
      vertex 25.0173 -25.75 39.9872
    endloop
  endfacet
  facet normal 0 -1 0
    outer loop
      vertex 24.7393 -25.75 39.8721
      vertex 36 -25.75 33.05
      vertex 24.8802 -25.75 39.9251
    endloop
  endfacet
  facet normal 0 -1 0
    outer loop
      vertex 24.5953 -25.75 39.8284
      vertex 36 -25.75 33.05
      vertex 24.7393 -25.75 39.8721
    endloop
  endfacet
  facet normal 0 -1 0
    outer loop
      vertex 24.4487 -25.75 39.7942
      vertex 36 -25.75 33.05
      vertex 24.5953 -25.75 39.8284
    endloop
  endfacet
  facet normal 0 -1 0
    outer loop
      vertex 24.3002 -25.75 39.7697
      vertex 36 -25.75 33.05
      vertex 24.4487 -25.75 39.7942
    endloop
  endfacet
  facet normal 0 -1 0
    outer loop
      vertex 24.1504 -25.75 39.7549
      vertex 36 -25.75 33.05
      vertex 24.3002 -25.75 39.7697
    endloop
  endfacet
  facet normal 0 1 0
    outer loop
      vertex -20.25 -19.55 44.2151
      vertex -20.25 -19.55 48.8849
      vertex 20.25 -19.55 44.2151
    endloop
  endfacet
  facet normal 0 1 0
    outer loop
      vertex -20.25 -19.55 48.8849
      vertex -20.25 -19.55 44.2151
      vertex -24 -19.55 46.3801
    endloop
  endfacet
  facet normal 0 1 0
    outer loop
      vertex 16 -19.55 31.5853
      vertex 20.25 -19.55 44.2151
      vertex 20.25 -19.55 39.8849
    endloop
  endfacet
  facet normal 0 1 0
    outer loop
      vertex 20.25 -19.55 44.2151
      vertex 16 -19.55 31.5853
      vertex -20.25 -19.55 44.2151
    endloop
  endfacet
  facet normal 0 1 0
    outer loop
      vertex 16 -19.55 31.5853
      vertex 20.25 -19.55 39.8849
      vertex 24 -19.55 37.7199
    endloop
  endfacet
  facet normal 0 1 -0
    outer loop
      vertex -16 -19.55 31.5853
      vertex -20.25 -19.55 44.2151
      vertex 16 -19.55 31.5853
    endloop
  endfacet
  facet normal 0 1 -0
    outer loop
      vertex 20.25 -19.55 53.2151
      vertex -24 -19.55 55.3801
      vertex 24 -19.55 55.3801
    endloop
  endfacet
  facet normal 0 1 0
    outer loop
      vertex 20.25 -19.55 53.2151
      vertex -20.25 -19.55 53.2151
      vertex -24 -19.55 55.3801
    endloop
  endfacet
  facet normal 0 1 -0
    outer loop
      vertex 20.25 -19.55 48.8849
      vertex -20.25 -19.55 53.2151
      vertex 20.25 -19.55 53.2151
    endloop
  endfacet
  facet normal 0 1 0
    outer loop
      vertex 20.25 -19.55 48.8849
      vertex -20.25 -19.55 48.8849
      vertex -20.25 -19.55 53.2151
    endloop
  endfacet
  facet normal 0 1 -0
    outer loop
      vertex 24 -19.55 46.3801
      vertex 20.25 -19.55 48.8849
      vertex 24 -19.55 46.7199
    endloop
  endfacet
  facet normal 0 1 0
    outer loop
      vertex 20.25 -19.55 44.2151
      vertex 20.25 -19.55 48.8849
      vertex 24 -19.55 46.3801
    endloop
  endfacet
  facet normal 0 1 0
    outer loop
      vertex 36 -19.55 57.05
      vertex 24 -19.55 55.3801
      vertex -36 -19.55 57.05
    endloop
  endfacet
  facet normal 0 1 0
    outer loop
      vertex 36 -19.55 57.05
      vertex 27.75 -19.55 53.2151
      vertex 24 -19.55 55.3801
    endloop
  endfacet
  facet normal 0 1 0
    outer loop
      vertex 36 -19.55 57.05
      vertex 27.75 -19.55 48.8849
      vertex 27.75 -19.55 53.2151
    endloop
  endfacet
  facet normal 0 1 0
    outer loop
      vertex 20.25 -19.55 48.8849
      vertex 20.25 -19.55 44.2151
      vertex -20.25 -19.55 48.8849
    endloop
  endfacet
  facet normal 0 1 0
    outer loop
      vertex 27.75 -19.55 48.8849
      vertex 24 -19.55 46.3801
      vertex 24 -19.55 46.7199
    endloop
  endfacet
  facet normal 0 1 0
    outer loop
      vertex 27.75 -19.55 48.8849
      vertex 27.75 -19.55 44.2151
      vertex 24 -19.55 46.3801
    endloop
  endfacet
  facet normal 0 1 0
    outer loop
      vertex 36 -19.55 57.05
      vertex 27.75 -19.55 44.2151
      vertex 27.75 -19.55 48.8849
    endloop
  endfacet
  facet normal 0 1 -0
    outer loop
      vertex 36 -19.55 28.05
      vertex 27.75 -19.55 44.2151
      vertex 36 -19.55 57.05
    endloop
  endfacet
  facet normal 0 1 0
    outer loop
      vertex -20.25 -19.55 44.2151
      vertex -16 -19.55 31.5853
      vertex -20.25 -19.55 39.8849
    endloop
  endfacet
  facet normal 0 1 0
    outer loop
      vertex 36 -19.55 28.05
      vertex 24 -19.55 37.7199
      vertex 27.75 -19.55 39.8849
    endloop
  endfacet
  facet normal 0 1 0
    outer loop
      vertex 27.75 -19.55 44.2151
      vertex 36 -19.55 28.05
      vertex 27.75 -19.55 39.8849
    endloop
  endfacet
  facet normal 0 1 0
    outer loop
      vertex 16 -19.55 28.05
      vertex 24 -19.55 37.7199
      vertex 36 -19.55 28.05
    endloop
  endfacet
  facet normal 0 1 0
    outer loop
      vertex 24 -19.55 37.7199
      vertex 16 -19.55 28.05
      vertex 16 -19.55 31.5853
    endloop
  endfacet
  facet normal 0 1 -0
    outer loop
      vertex -24 -19.55 55.3801
      vertex -36 -19.55 57.05
      vertex 24 -19.55 55.3801
    endloop
  endfacet
  facet normal 0 1 -0
    outer loop
      vertex -27.75 -19.55 53.2151
      vertex -36 -19.55 57.05
      vertex -24 -19.55 55.3801
    endloop
  endfacet
  facet normal 0 1 -0
    outer loop
      vertex -27.75 -19.55 48.8849
      vertex -36 -19.55 57.05
      vertex -27.75 -19.55 53.2151
    endloop
  endfacet
  facet normal 0 1 0
    outer loop
      vertex -20.25 -19.55 48.8849
      vertex -24 -19.55 46.3801
      vertex -24 -19.55 46.7199
    endloop
  endfacet
  facet normal 0 1 -0
    outer loop
      vertex -24 -19.55 46.3801
      vertex -27.75 -19.55 48.8849
      vertex -24 -19.55 46.7199
    endloop
  endfacet
  facet normal 0 1 0
    outer loop
      vertex -27.75 -19.55 44.2151
      vertex -27.75 -19.55 48.8849
      vertex -24 -19.55 46.3801
    endloop
  endfacet
  facet normal 0 1 -0
    outer loop
      vertex -27.75 -19.55 44.2151
      vertex -36 -19.55 57.05
      vertex -27.75 -19.55 48.8849
    endloop
  endfacet
  facet normal 0 1 0
    outer loop
      vertex -36 -19.55 28.05
      vertex -27.75 -19.55 44.2151
      vertex -27.75 -19.55 39.8849
    endloop
  endfacet
  facet normal 0 1 0
    outer loop
      vertex -20.25 -19.55 39.8849
      vertex -16 -19.55 31.5853
      vertex -24 -19.55 37.7199
    endloop
  endfacet
  facet normal 0 1 -0
    outer loop
      vertex -16 -19.55 28.05
      vertex -24 -19.55 37.7199
      vertex -16 -19.55 31.5853
    endloop
  endfacet
  facet normal 0 1 0
    outer loop
      vertex -36 -19.55 28.05
      vertex -24 -19.55 37.7199
      vertex -16 -19.55 28.05
    endloop
  endfacet
  facet normal 0 1 0
    outer loop
      vertex -27.75 -19.55 44.2151
      vertex -36 -19.55 28.05
      vertex -36 -19.55 57.05
    endloop
  endfacet
  facet normal 0 1 0
    outer loop
      vertex -24 -19.55 37.7199
      vertex -36 -19.55 28.05
      vertex -27.75 -19.55 39.8849
    endloop
  endfacet
  facet normal -0.528206 0 0.849116
    outer loop
      vertex -22.85 -23.15 40.0581
      vertex -22.7222 -25.75 40.1376
      vertex -22.7222 -23.15 40.1376
    endloop
  endfacet
  facet normal -0.528206 0 0.849116
    outer loop
      vertex -22.7222 -25.75 40.1376
      vertex -22.85 -23.15 40.0581
      vertex -22.85 -25.75 40.0581
    endloop
  endfacet
  facet normal -0.910912 0 0.412601
    outer loop
      vertex -21.9372 -25.75 41.0327
      vertex -21.8751 -23.15 41.1698
      vertex -21.9372 -23.15 41.0327
    endloop
  endfacet
  facet normal -0.910912 0 0.412601
    outer loop
      vertex -21.8751 -23.15 41.1698
      vertex -21.9372 -25.75 41.0327
      vertex -21.8751 -25.75 41.1698
    endloop
  endfacet
  facet normal 0.935974 -0 0.35207
    outer loop
      vertex -26.1779 -25.75 41.3107
      vertex -26.1249 -23.15 41.1698
      vertex -26.1779 -23.15 41.3107
    endloop
  endfacet
  facet normal 0.935974 0 0.35207
    outer loop
      vertex -26.1249 -23.15 41.1698
      vertex -26.1779 -25.75 41.3107
      vertex -26.1249 -25.75 41.1698
    endloop
  endfacet
  facet normal 0.956907 -0 0.290395
    outer loop
      vertex -26.2216 -25.75 41.4547
      vertex -26.1779 -23.15 41.3107
      vertex -26.2216 -23.15 41.4547
    endloop
  endfacet
  facet normal 0.956907 0 0.290395
    outer loop
      vertex -26.1779 -23.15 41.3107
      vertex -26.2216 -25.75 41.4547
      vertex -26.1779 -25.75 41.3107
    endloop
  endfacet
  facet normal -0.910912 0 -0.412601
    outer loop
      vertex -21.8751 -25.75 42.9302
      vertex -21.9372 -23.15 43.0673
      vertex -21.8751 -23.15 42.9302
    endloop
  endfacet
  facet normal -0.910912 -0 -0.412601
    outer loop
      vertex -21.9372 -23.15 43.0673
      vertex -21.8751 -25.75 42.9302
      vertex -21.9372 -25.75 43.0673
    endloop
  endfacet
  facet normal 0.683808 0 -0.729662
    outer loop
      vertex -25.6263 -25.75 43.6763
      vertex -25.5165 -23.15 43.7792
      vertex -25.5165 -25.75 43.7792
    endloop
  endfacet
  facet normal 0.683808 0 -0.729662
    outer loop
      vertex -25.5165 -23.15 43.7792
      vertex -25.6263 -25.75 43.6763
      vertex -25.6263 -23.15 43.6763
    endloop
  endfacet
  facet normal -0.772831 0 0.634612
    outer loop
      vertex -22.2708 -25.75 40.5335
      vertex -22.1753 -23.15 40.6498
      vertex -22.2708 -23.15 40.5335
    endloop
  endfacet
  facet normal -0.772831 0 0.634612
    outer loop
      vertex -22.1753 -23.15 40.6498
      vertex -22.2708 -25.75 40.5335
      vertex -22.1753 -25.75 40.6498
    endloop
  endfacet
  facet normal -0.729662 0 -0.683808
    outer loop
      vertex -22.2708 -25.75 43.5665
      vertex -22.3737 -23.15 43.6763
      vertex -22.2708 -23.15 43.5665
    endloop
  endfacet
  facet normal -0.729662 -0 -0.683808
    outer loop
      vertex -22.3737 -23.15 43.6763
      vertex -22.2708 -25.75 43.5665
      vertex -22.3737 -25.75 43.6763
    endloop
  endfacet
  facet normal -0.290395 0 -0.956907
    outer loop
      vertex -23.4047 -25.75 44.2716
      vertex -23.2607 -23.15 44.2279
      vertex -23.2607 -25.75 44.2279
    endloop
  endfacet
  facet normal -0.290395 0 -0.956907
    outer loop
      vertex -23.2607 -23.15 44.2279
      vertex -23.4047 -25.75 44.2716
      vertex -23.4047 -23.15 44.2716
    endloop
  endfacet
  facet normal 0.528206 0 -0.849116
    outer loop
      vertex -25.2778 -25.75 43.9624
      vertex -25.15 -23.15 44.0419
      vertex -25.15 -25.75 44.0419
    endloop
  endfacet
  facet normal 0.528206 0 -0.849116
    outer loop
      vertex -25.15 -23.15 44.0419
      vertex -25.2778 -25.75 43.9624
      vertex -25.2778 -23.15 43.9624
    endloop
  endfacet
  facet normal -0.995155 0 -0.0983197
    outer loop
      vertex -21.7049 -25.75 42.2004
      vertex -21.7197 -23.15 42.3502
      vertex -21.7049 -23.15 42.2004
    endloop
  endfacet
  facet normal -0.995155 -0 -0.0983197
    outer loop
      vertex -21.7197 -23.15 42.3502
      vertex -21.7049 -25.75 42.2004
      vertex -21.7197 -25.75 42.3502
    endloop
  endfacet
  facet normal -0.99947 0 -0.0325625
    outer loop
      vertex -21.7 -25.75 42.05
      vertex -21.7049 -23.15 42.2004
      vertex -21.7 -23.15 42.05
    endloop
  endfacet
  facet normal -0.99947 -0 -0.0325625
    outer loop
      vertex -21.7049 -23.15 42.2004
      vertex -21.7 -25.75 42.05
      vertex -21.7049 -25.75 42.2004
    endloop
  endfacet
  facet normal -0.528206 0 -0.849116
    outer loop
      vertex -22.85 -25.75 44.0419
      vertex -22.7222 -23.15 43.9624
      vertex -22.7222 -25.75 43.9624
    endloop
  endfacet
  facet normal -0.528206 0 -0.849116
    outer loop
      vertex -22.7222 -23.15 43.9624
      vertex -22.85 -25.75 44.0419
      vertex -22.85 -23.15 44.0419
    endloop
  endfacet
  facet normal -0.634612 0 -0.772831
    outer loop
      vertex -22.5998 -25.75 43.8747
      vertex -22.4835 -23.15 43.7792
      vertex -22.4835 -25.75 43.7792
    endloop
  endfacet
  facet normal -0.634612 0 -0.772831
    outer loop
      vertex -22.4835 -23.15 43.7792
      vertex -22.5998 -25.75 43.8747
      vertex -22.5998 -23.15 43.8747
    endloop
  endfacet
  facet normal -0.683808 0 0.729662
    outer loop
      vertex -22.4835 -23.15 40.3208
      vertex -22.3737 -25.75 40.4237
      vertex -22.3737 -23.15 40.4237
    endloop
  endfacet
  facet normal -0.683808 0 0.729662
    outer loop
      vertex -22.3737 -25.75 40.4237
      vertex -22.4835 -23.15 40.3208
      vertex -22.4835 -25.75 40.3208
    endloop
  endfacet
  facet normal 0.910912 0 -0.412601
    outer loop
      vertex -26.0628 -25.75 43.0673
      vertex -26.1249 -23.15 42.9302
      vertex -26.0628 -23.15 43.0673
    endloop
  endfacet
  facet normal 0.910912 0 -0.412601
    outer loop
      vertex -26.1249 -23.15 42.9302
      vertex -26.0628 -25.75 43.0673
      vertex -26.1249 -25.75 42.9302
    endloop
  endfacet
  facet normal -0.956907 0 0.290395
    outer loop
      vertex -21.8221 -25.75 41.3107
      vertex -21.7784 -23.15 41.4547
      vertex -21.8221 -23.15 41.3107
    endloop
  endfacet
  facet normal -0.956907 0 0.290395
    outer loop
      vertex -21.7784 -23.15 41.4547
      vertex -21.8221 -25.75 41.3107
      vertex -21.7784 -25.75 41.4547
    endloop
  endfacet
  facet normal 0.0325625 0 -0.99947
    outer loop
      vertex -24.1504 -25.75 44.3451
      vertex -24 -23.15 44.35
      vertex -24 -25.75 44.35
    endloop
  endfacet
  facet normal 0.0325625 0 -0.99947
    outer loop
      vertex -24 -23.15 44.35
      vertex -24.1504 -25.75 44.3451
      vertex -24.1504 -23.15 44.3451
    endloop
  endfacet
  facet normal 0.582431 0 0.81288
    outer loop
      vertex -25.4002 -23.15 40.2253
      vertex -25.2778 -25.75 40.1376
      vertex -25.2778 -23.15 40.1376
    endloop
  endfacet
  facet normal 0.582431 0 0.81288
    outer loop
      vertex -25.2778 -25.75 40.1376
      vertex -25.4002 -23.15 40.2253
      vertex -25.4002 -25.75 40.2253
    endloop
  endfacet
  facet normal 0.412601 0 -0.910912
    outer loop
      vertex -25.0173 -25.75 44.1128
      vertex -24.8802 -23.15 44.1749
      vertex -24.8802 -25.75 44.1749
    endloop
  endfacet
  facet normal 0.412601 0 -0.910912
    outer loop
      vertex -24.8802 -23.15 44.1749
      vertex -25.0173 -25.75 44.1128
      vertex -25.0173 -23.15 44.1128
    endloop
  endfacet
  facet normal -0.729662 0 0.683808
    outer loop
      vertex -22.3737 -25.75 40.4237
      vertex -22.2708 -23.15 40.5335
      vertex -22.3737 -23.15 40.4237
    endloop
  endfacet
  facet normal -0.729662 0 0.683808
    outer loop
      vertex -22.2708 -23.15 40.5335
      vertex -22.3737 -25.75 40.4237
      vertex -22.2708 -25.75 40.5335
    endloop
  endfacet
  facet normal 0.849116 0 -0.528206
    outer loop
      vertex -25.9124 -25.75 43.3278
      vertex -25.9919 -23.15 43.2
      vertex -25.9124 -23.15 43.3278
    endloop
  endfacet
  facet normal 0.849116 0 -0.528206
    outer loop
      vertex -25.9919 -23.15 43.2
      vertex -25.9124 -25.75 43.3278
      vertex -25.9919 -25.75 43.2
    endloop
  endfacet
  facet normal 0.227188 0 -0.973851
    outer loop
      vertex -24.5953 -25.75 44.2716
      vertex -24.4487 -23.15 44.3058
      vertex -24.4487 -25.75 44.3058
    endloop
  endfacet
  facet normal 0.227188 0 -0.973851
    outer loop
      vertex -24.4487 -23.15 44.3058
      vertex -24.5953 -25.75 44.2716
      vertex -24.5953 -23.15 44.2716
    endloop
  endfacet
  facet normal -0.99947 0 0.0325625
    outer loop
      vertex -21.7049 -25.75 41.8996
      vertex -21.7 -23.15 42.05
      vertex -21.7049 -23.15 41.8996
    endloop
  endfacet
  facet normal -0.99947 0 0.0325625
    outer loop
      vertex -21.7 -23.15 42.05
      vertex -21.7049 -25.75 41.8996
      vertex -21.7 -25.75 42.05
    endloop
  endfacet
  facet normal -0.634612 0 0.772831
    outer loop
      vertex -22.5998 -23.15 40.2253
      vertex -22.4835 -25.75 40.3208
      vertex -22.4835 -23.15 40.3208
    endloop
  endfacet
  facet normal -0.634612 0 0.772831
    outer loop
      vertex -22.4835 -25.75 40.3208
      vertex -22.5998 -23.15 40.2253
      vertex -22.5998 -25.75 40.2253
    endloop
  endfacet
  facet normal 0.882003 -0 0.471244
    outer loop
      vertex -26.0628 -25.75 41.0327
      vertex -25.9919 -23.15 40.9
      vertex -26.0628 -23.15 41.0327
    endloop
  endfacet
  facet normal 0.882003 0 0.471244
    outer loop
      vertex -25.9919 -23.15 40.9
      vertex -26.0628 -25.75 41.0327
      vertex -25.9919 -25.75 40.9
    endloop
  endfacet
  facet normal -0.986662 0 -0.162783
    outer loop
      vertex -21.7197 -25.75 42.3502
      vertex -21.7442 -23.15 42.4987
      vertex -21.7197 -23.15 42.3502
    endloop
  endfacet
  facet normal -0.986662 -0 -0.162783
    outer loop
      vertex -21.7442 -23.15 42.4987
      vertex -21.7197 -25.75 42.3502
      vertex -21.7442 -25.75 42.4987
    endloop
  endfacet
  facet normal 0.956907 0 -0.290395
    outer loop
      vertex -26.1779 -25.75 42.7893
      vertex -26.2216 -23.15 42.6453
      vertex -26.1779 -23.15 42.7893
    endloop
  endfacet
  facet normal 0.956907 0 -0.290395
    outer loop
      vertex -26.2216 -23.15 42.6453
      vertex -26.1779 -25.75 42.7893
      vertex -26.2216 -25.75 42.6453
    endloop
  endfacet
  facet normal 0.99947 -0 0.0325625
    outer loop
      vertex -26.3 -25.75 42.05
      vertex -26.2951 -23.15 41.8996
      vertex -26.3 -23.15 42.05
    endloop
  endfacet
  facet normal 0.99947 0 0.0325625
    outer loop
      vertex -26.2951 -23.15 41.8996
      vertex -26.3 -25.75 42.05
      vertex -26.2951 -25.75 41.8996
    endloop
  endfacet
  facet normal 0.986662 -0 0.162783
    outer loop
      vertex -26.2803 -25.75 41.7498
      vertex -26.2558 -23.15 41.6013
      vertex -26.2803 -23.15 41.7498
    endloop
  endfacet
  facet normal 0.986662 0 0.162783
    outer loop
      vertex -26.2558 -23.15 41.6013
      vertex -26.2803 -25.75 41.7498
      vertex -26.2558 -25.75 41.6013
    endloop
  endfacet
  facet normal -0.882003 0 0.471244
    outer loop
      vertex -22.0081 -25.75 40.9
      vertex -21.9372 -23.15 41.0327
      vertex -22.0081 -23.15 40.9
    endloop
  endfacet
  facet normal -0.882003 0 0.471244
    outer loop
      vertex -21.9372 -23.15 41.0327
      vertex -22.0081 -25.75 40.9
      vertex -21.9372 -25.75 41.0327
    endloop
  endfacet
  facet normal 0.0983197 0 -0.995155
    outer loop
      vertex -24.3002 -25.75 44.3303
      vertex -24.1504 -23.15 44.3451
      vertex -24.1504 -25.75 44.3451
    endloop
  endfacet
  facet normal 0.0983197 0 -0.995155
    outer loop
      vertex -24.1504 -23.15 44.3451
      vertex -24.3002 -25.75 44.3303
      vertex -24.3002 -23.15 44.3303
    endloop
  endfacet
  facet normal 0.995155 -0 0.0983197
    outer loop
      vertex -26.2951 -25.75 41.8996
      vertex -26.2803 -23.15 41.7498
      vertex -26.2951 -23.15 41.8996
    endloop
  endfacet
  facet normal 0.995155 0 0.0983197
    outer loop
      vertex -26.2803 -23.15 41.7498
      vertex -26.2951 -25.75 41.8996
      vertex -26.2803 -25.75 41.7498
    endloop
  endfacet
  facet normal -0.0325625 0 0.99947
    outer loop
      vertex -24 -23.15 39.75
      vertex -23.8496 -25.75 39.7549
      vertex -23.8496 -23.15 39.7549
    endloop
  endfacet
  facet normal -0.0325625 0 0.99947
    outer loop
      vertex -23.8496 -25.75 39.7549
      vertex -24 -23.15 39.75
      vertex -24 -25.75 39.75
    endloop
  endfacet
  facet normal -0.935974 0 -0.35207
    outer loop
      vertex -21.8221 -25.75 42.7893
      vertex -21.8751 -23.15 42.9302
      vertex -21.8221 -23.15 42.7893
    endloop
  endfacet
  facet normal -0.935974 -0 -0.35207
    outer loop
      vertex -21.8751 -23.15 42.9302
      vertex -21.8221 -25.75 42.7893
      vertex -21.8751 -25.75 42.9302
    endloop
  endfacet
  facet normal -0.995155 0 0.0983197
    outer loop
      vertex -21.7197 -25.75 41.7498
      vertex -21.7049 -23.15 41.8996
      vertex -21.7197 -23.15 41.7498
    endloop
  endfacet
  facet normal -0.995155 0 0.0983197
    outer loop
      vertex -21.7049 -23.15 41.8996
      vertex -21.7197 -25.75 41.7498
      vertex -21.7049 -25.75 41.8996
    endloop
  endfacet
  facet normal 0.162783 0 -0.986662
    outer loop
      vertex -24.4487 -25.75 44.3058
      vertex -24.3002 -23.15 44.3303
      vertex -24.3002 -25.75 44.3303
    endloop
  endfacet
  facet normal 0.162783 0 -0.986662
    outer loop
      vertex -24.3002 -23.15 44.3303
      vertex -24.4487 -25.75 44.3058
      vertex -24.4487 -23.15 44.3058
    endloop
  endfacet
  facet normal 0.849116 -0 0.528206
    outer loop
      vertex -25.9919 -25.75 40.9
      vertex -25.9124 -23.15 40.7722
      vertex -25.9919 -23.15 40.9
    endloop
  endfacet
  facet normal 0.849116 0 0.528206
    outer loop
      vertex -25.9124 -23.15 40.7722
      vertex -25.9919 -25.75 40.9
      vertex -25.9124 -25.75 40.7722
    endloop
  endfacet
  facet normal -0.849116 0 -0.528206
    outer loop
      vertex -22.0081 -25.75 43.2
      vertex -22.0876 -23.15 43.3278
      vertex -22.0081 -23.15 43.2
    endloop
  endfacet
  facet normal -0.849116 -0 -0.528206
    outer loop
      vertex -22.0876 -23.15 43.3278
      vertex -22.0081 -25.75 43.2
      vertex -22.0876 -25.75 43.3278
    endloop
  endfacet
  facet normal 0.35207 0 0.935974
    outer loop
      vertex -24.8802 -23.15 39.9251
      vertex -24.7393 -25.75 39.8721
      vertex -24.7393 -23.15 39.8721
    endloop
  endfacet
  facet normal 0.35207 0 0.935974
    outer loop
      vertex -24.7393 -25.75 39.8721
      vertex -24.8802 -23.15 39.9251
      vertex -24.8802 -25.75 39.9251
    endloop
  endfacet
  facet normal -0.956907 0 -0.290395
    outer loop
      vertex -21.7784 -25.75 42.6453
      vertex -21.8221 -23.15 42.7893
      vertex -21.7784 -23.15 42.6453
    endloop
  endfacet
  facet normal -0.956907 -0 -0.290395
    outer loop
      vertex -21.8221 -23.15 42.7893
      vertex -21.7784 -25.75 42.6453
      vertex -21.8221 -25.75 42.7893
    endloop
  endfacet
  facet normal 0.471244 0 0.882003
    outer loop
      vertex -25.15 -23.15 40.0581
      vertex -25.0173 -25.75 39.9872
      vertex -25.0173 -23.15 39.9872
    endloop
  endfacet
  facet normal 0.471244 0 0.882003
    outer loop
      vertex -25.0173 -25.75 39.9872
      vertex -25.15 -23.15 40.0581
      vertex -25.15 -25.75 40.0581
    endloop
  endfacet
  facet normal -0.0983197 0 -0.995155
    outer loop
      vertex -23.8496 -25.75 44.3451
      vertex -23.6998 -23.15 44.3303
      vertex -23.6998 -25.75 44.3303
    endloop
  endfacet
  facet normal -0.0983197 0 -0.995155
    outer loop
      vertex -23.6998 -23.15 44.3303
      vertex -23.8496 -25.75 44.3451
      vertex -23.8496 -23.15 44.3451
    endloop
  endfacet
  facet normal -0.412601 0 0.910912
    outer loop
      vertex -23.1198 -23.15 39.9251
      vertex -22.9827 -25.75 39.9872
      vertex -22.9827 -23.15 39.9872
    endloop
  endfacet
  facet normal -0.412601 0 0.910912
    outer loop
      vertex -22.9827 -25.75 39.9872
      vertex -23.1198 -23.15 39.9251
      vertex -23.1198 -25.75 39.9251
    endloop
  endfacet
  facet normal 0.729662 -0 0.683808
    outer loop
      vertex -25.7292 -25.75 40.5335
      vertex -25.6263 -23.15 40.4237
      vertex -25.7292 -23.15 40.5335
    endloop
  endfacet
  facet normal 0.729662 0 0.683808
    outer loop
      vertex -25.6263 -23.15 40.4237
      vertex -25.7292 -25.75 40.5335
      vertex -25.6263 -25.75 40.4237
    endloop
  endfacet
  facet normal 0.81288 -0 0.582431
    outer loop
      vertex -25.9124 -25.75 40.7722
      vertex -25.8247 -23.15 40.6498
      vertex -25.9124 -23.15 40.7722
    endloop
  endfacet
  facet normal 0.81288 0 0.582431
    outer loop
      vertex -25.8247 -23.15 40.6498
      vertex -25.9124 -25.75 40.7722
      vertex -25.8247 -25.75 40.6498
    endloop
  endfacet
  facet normal -0.582431 0 0.81288
    outer loop
      vertex -22.7222 -23.15 40.1376
      vertex -22.5998 -25.75 40.2253
      vertex -22.5998 -23.15 40.2253
    endloop
  endfacet
  facet normal -0.582431 0 0.81288
    outer loop
      vertex -22.5998 -25.75 40.2253
      vertex -22.7222 -23.15 40.1376
      vertex -22.7222 -25.75 40.1376
    endloop
  endfacet
  facet normal -0.471244 0 -0.882003
    outer loop
      vertex -22.9827 -25.75 44.1128
      vertex -22.85 -23.15 44.0419
      vertex -22.85 -25.75 44.0419
    endloop
  endfacet
  facet normal -0.471244 0 -0.882003
    outer loop
      vertex -22.85 -23.15 44.0419
      vertex -22.9827 -25.75 44.1128
      vertex -22.9827 -23.15 44.1128
    endloop
  endfacet
  facet normal 0.162783 0 0.986662
    outer loop
      vertex -24.4487 -23.15 39.7942
      vertex -24.3002 -25.75 39.7697
      vertex -24.3002 -23.15 39.7697
    endloop
  endfacet
  facet normal 0.162783 0 0.986662
    outer loop
      vertex -24.3002 -25.75 39.7697
      vertex -24.4487 -23.15 39.7942
      vertex -24.4487 -25.75 39.7942
    endloop
  endfacet
  facet normal 0.772831 -0 0.634612
    outer loop
      vertex -25.8247 -25.75 40.6498
      vertex -25.7292 -23.15 40.5335
      vertex -25.8247 -23.15 40.6498
    endloop
  endfacet
  facet normal 0.772831 0 0.634612
    outer loop
      vertex -25.7292 -23.15 40.5335
      vertex -25.8247 -25.75 40.6498
      vertex -25.7292 -25.75 40.5335
    endloop
  endfacet
  facet normal -0.812655 0 -0.582746
    outer loop
      vertex -22.0876 -25.75 43.3278
      vertex -22.1753 -23.15 43.4501
      vertex -22.0876 -23.15 43.3278
    endloop
  endfacet
  facet normal -0.812655 -0 -0.582746
    outer loop
      vertex -22.1753 -23.15 43.4501
      vertex -22.0876 -25.75 43.3278
      vertex -22.1753 -25.75 43.4501
    endloop
  endfacet
  facet normal -0.683808 0 -0.729662
    outer loop
      vertex -22.4835 -25.75 43.7792
      vertex -22.3737 -23.15 43.6763
      vertex -22.3737 -25.75 43.6763
    endloop
  endfacet
  facet normal -0.683808 0 -0.729662
    outer loop
      vertex -22.3737 -23.15 43.6763
      vertex -22.4835 -25.75 43.7792
      vertex -22.4835 -23.15 43.7792
    endloop
  endfacet
  facet normal 0.935974 0 -0.35207
    outer loop
      vertex -26.1249 -25.75 42.9302
      vertex -26.1779 -23.15 42.7893
      vertex -26.1249 -23.15 42.9302
    endloop
  endfacet
  facet normal 0.935974 0 -0.35207
    outer loop
      vertex -26.1779 -23.15 42.7893
      vertex -26.1249 -25.75 42.9302
      vertex -26.1779 -25.75 42.7893
    endloop
  endfacet
  facet normal 0.995155 0 -0.0983197
    outer loop
      vertex -26.2803 -25.75 42.3502
      vertex -26.2951 -23.15 42.2004
      vertex -26.2803 -23.15 42.3502
    endloop
  endfacet
  facet normal 0.995155 0 -0.0983197
    outer loop
      vertex -26.2951 -23.15 42.2004
      vertex -26.2803 -25.75 42.3502
      vertex -26.2951 -25.75 42.2004
    endloop
  endfacet
  facet normal 0.582431 0 -0.81288
    outer loop
      vertex -25.4002 -25.75 43.8747
      vertex -25.2778 -23.15 43.9624
      vertex -25.2778 -25.75 43.9624
    endloop
  endfacet
  facet normal 0.582431 0 -0.81288
    outer loop
      vertex -25.2778 -23.15 43.9624
      vertex -25.4002 -25.75 43.8747
      vertex -25.4002 -23.15 43.8747
    endloop
  endfacet
  facet normal -0.227188 0 0.973851
    outer loop
      vertex -23.5513 -23.15 39.7942
      vertex -23.4047 -25.75 39.8284
      vertex -23.4047 -23.15 39.8284
    endloop
  endfacet
  facet normal -0.227188 0 0.973851
    outer loop
      vertex -23.4047 -25.75 39.8284
      vertex -23.5513 -23.15 39.7942
      vertex -23.5513 -25.75 39.7942
    endloop
  endfacet
  facet normal 0.986662 0 -0.162783
    outer loop
      vertex -26.2558 -25.75 42.4987
      vertex -26.2803 -23.15 42.3502
      vertex -26.2558 -23.15 42.4987
    endloop
  endfacet
  facet normal 0.986662 0 -0.162783
    outer loop
      vertex -26.2803 -23.15 42.3502
      vertex -26.2558 -25.75 42.4987
      vertex -26.2803 -25.75 42.3502
    endloop
  endfacet
  facet normal -0.973851 0 -0.227188
    outer loop
      vertex -21.7442 -25.75 42.4987
      vertex -21.7784 -23.15 42.6453
      vertex -21.7442 -23.15 42.4987
    endloop
  endfacet
  facet normal -0.973851 -0 -0.227188
    outer loop
      vertex -21.7784 -23.15 42.6453
      vertex -21.7442 -25.75 42.4987
      vertex -21.7784 -25.75 42.6453
    endloop
  endfacet
  facet normal -0.471244 0 0.882003
    outer loop
      vertex -22.9827 -23.15 39.9872
      vertex -22.85 -25.75 40.0581
      vertex -22.85 -23.15 40.0581
    endloop
  endfacet
  facet normal -0.471244 0 0.882003
    outer loop
      vertex -22.85 -25.75 40.0581
      vertex -22.9827 -23.15 39.9872
      vertex -22.9827 -25.75 39.9872
    endloop
  endfacet
  facet normal -0.986662 0 0.162783
    outer loop
      vertex -21.7442 -25.75 41.6013
      vertex -21.7197 -23.15 41.7498
      vertex -21.7442 -23.15 41.6013
    endloop
  endfacet
  facet normal -0.986662 0 0.162783
    outer loop
      vertex -21.7197 -23.15 41.7498
      vertex -21.7442 -25.75 41.6013
      vertex -21.7197 -25.75 41.7498
    endloop
  endfacet
  facet normal -0.35207 0 0.935974
    outer loop
      vertex -23.2607 -23.15 39.8721
      vertex -23.1198 -25.75 39.9251
      vertex -23.1198 -23.15 39.9251
    endloop
  endfacet
  facet normal -0.35207 0 0.935974
    outer loop
      vertex -23.1198 -25.75 39.9251
      vertex -23.2607 -23.15 39.8721
      vertex -23.2607 -25.75 39.8721
    endloop
  endfacet
  facet normal -0.290395 0 0.956907
    outer loop
      vertex -23.4047 -23.15 39.8284
      vertex -23.2607 -25.75 39.8721
      vertex -23.2607 -23.15 39.8721
    endloop
  endfacet
  facet normal -0.290395 0 0.956907
    outer loop
      vertex -23.2607 -25.75 39.8721
      vertex -23.4047 -23.15 39.8284
      vertex -23.4047 -25.75 39.8284
    endloop
  endfacet
  facet normal -0.935974 0 0.35207
    outer loop
      vertex -21.8751 -25.75 41.1698
      vertex -21.8221 -23.15 41.3107
      vertex -21.8751 -23.15 41.1698
    endloop
  endfacet
  facet normal -0.935974 0 0.35207
    outer loop
      vertex -21.8221 -23.15 41.3107
      vertex -21.8751 -25.75 41.1698
      vertex -21.8221 -25.75 41.3107
    endloop
  endfacet
  facet normal -0.0325625 0 -0.99947
    outer loop
      vertex -24 -25.75 44.35
      vertex -23.8496 -23.15 44.3451
      vertex -23.8496 -25.75 44.3451
    endloop
  endfacet
  facet normal -0.0325625 0 -0.99947
    outer loop
      vertex -23.8496 -23.15 44.3451
      vertex -24 -25.75 44.35
      vertex -24 -23.15 44.35
    endloop
  endfacet
  facet normal -0.35207 0 -0.935974
    outer loop
      vertex -23.2607 -25.75 44.2279
      vertex -23.1198 -23.15 44.1749
      vertex -23.1198 -25.75 44.1749
    endloop
  endfacet
  facet normal -0.35207 0 -0.935974
    outer loop
      vertex -23.1198 -23.15 44.1749
      vertex -23.2607 -25.75 44.2279
      vertex -23.2607 -23.15 44.2279
    endloop
  endfacet
  facet normal -0.773098 0 -0.634286
    outer loop
      vertex -22.1753 -25.75 43.4501
      vertex -22.2708 -23.15 43.5665
      vertex -22.1753 -23.15 43.4501
    endloop
  endfacet
  facet normal -0.773098 -0 -0.634286
    outer loop
      vertex -22.2708 -23.15 43.5665
      vertex -22.1753 -25.75 43.4501
      vertex -22.2708 -25.75 43.5665
    endloop
  endfacet
  facet normal 0.634612 0 -0.772831
    outer loop
      vertex -25.5165 -25.75 43.7792
      vertex -25.4002 -23.15 43.8747
      vertex -25.4002 -25.75 43.8747
    endloop
  endfacet
  facet normal 0.634612 0 -0.772831
    outer loop
      vertex -25.4002 -23.15 43.8747
      vertex -25.5165 -25.75 43.7792
      vertex -25.5165 -23.15 43.7792
    endloop
  endfacet
  facet normal 0.227188 0 0.973851
    outer loop
      vertex -24.5953 -23.15 39.8284
      vertex -24.4487 -25.75 39.7942
      vertex -24.4487 -23.15 39.7942
    endloop
  endfacet
  facet normal 0.227188 0 0.973851
    outer loop
      vertex -24.4487 -25.75 39.7942
      vertex -24.5953 -23.15 39.8284
      vertex -24.5953 -25.75 39.8284
    endloop
  endfacet
  facet normal 0.729662 0 -0.683808
    outer loop
      vertex -25.6263 -25.75 43.6763
      vertex -25.7292 -23.15 43.5665
      vertex -25.6263 -23.15 43.6763
    endloop
  endfacet
  facet normal 0.729662 0 -0.683808
    outer loop
      vertex -25.7292 -23.15 43.5665
      vertex -25.6263 -25.75 43.6763
      vertex -25.7292 -25.75 43.5665
    endloop
  endfacet
  facet normal -0.227188 0 -0.973851
    outer loop
      vertex -23.5513 -25.75 44.3058
      vertex -23.4047 -23.15 44.2716
      vertex -23.4047 -25.75 44.2716
    endloop
  endfacet
  facet normal -0.227188 0 -0.973851
    outer loop
      vertex -23.4047 -23.15 44.2716
      vertex -23.5513 -25.75 44.3058
      vertex -23.5513 -23.15 44.3058
    endloop
  endfacet
  facet normal 0.973851 -0 0.227188
    outer loop
      vertex -26.2558 -25.75 41.6013
      vertex -26.2216 -23.15 41.4547
      vertex -26.2558 -23.15 41.6013
    endloop
  endfacet
  facet normal 0.973851 0 0.227188
    outer loop
      vertex -26.2216 -23.15 41.4547
      vertex -26.2558 -25.75 41.6013
      vertex -26.2216 -25.75 41.4547
    endloop
  endfacet
  facet normal -0.162783 0 0.986662
    outer loop
      vertex -23.6998 -23.15 39.7697
      vertex -23.5513 -25.75 39.7942
      vertex -23.5513 -23.15 39.7942
    endloop
  endfacet
  facet normal -0.162783 0 0.986662
    outer loop
      vertex -23.5513 -25.75 39.7942
      vertex -23.6998 -23.15 39.7697
      vertex -23.6998 -25.75 39.7697
    endloop
  endfacet
  facet normal 0.99947 0 -0.0325625
    outer loop
      vertex -26.2951 -25.75 42.2004
      vertex -26.3 -23.15 42.05
      vertex -26.2951 -23.15 42.2004
    endloop
  endfacet
  facet normal 0.99947 0 -0.0325625
    outer loop
      vertex -26.3 -23.15 42.05
      vertex -26.2951 -25.75 42.2004
      vertex -26.3 -25.75 42.05
    endloop
  endfacet
  facet normal -0.882003 0 -0.471244
    outer loop
      vertex -21.9372 -25.75 43.0673
      vertex -22.0081 -23.15 43.2
      vertex -21.9372 -23.15 43.0673
    endloop
  endfacet
  facet normal -0.882003 -0 -0.471244
    outer loop
      vertex -22.0081 -23.15 43.2
      vertex -21.9372 -25.75 43.0673
      vertex -22.0081 -25.75 43.2
    endloop
  endfacet
  facet normal 0.973851 0 -0.227188
    outer loop
      vertex -26.2216 -25.75 42.6453
      vertex -26.2558 -23.15 42.4987
      vertex -26.2216 -23.15 42.6453
    endloop
  endfacet
  facet normal 0.973851 0 -0.227188
    outer loop
      vertex -26.2558 -23.15 42.4987
      vertex -26.2216 -25.75 42.6453
      vertex -26.2558 -25.75 42.4987
    endloop
  endfacet
  facet normal -0.0983197 0 0.995155
    outer loop
      vertex -23.8496 -23.15 39.7549
      vertex -23.6998 -25.75 39.7697
      vertex -23.6998 -23.15 39.7697
    endloop
  endfacet
  facet normal -0.0983197 0 0.995155
    outer loop
      vertex -23.6998 -25.75 39.7697
      vertex -23.8496 -23.15 39.7549
      vertex -23.8496 -25.75 39.7549
    endloop
  endfacet
  facet normal 0.910912 -0 0.412601
    outer loop
      vertex -26.1249 -25.75 41.1698
      vertex -26.0628 -23.15 41.0327
      vertex -26.1249 -23.15 41.1698
    endloop
  endfacet
  facet normal 0.910912 0 0.412601
    outer loop
      vertex -26.0628 -23.15 41.0327
      vertex -26.1249 -25.75 41.1698
      vertex -26.0628 -25.75 41.0327
    endloop
  endfacet
  facet normal -0.582431 0 -0.81288
    outer loop
      vertex -22.7222 -25.75 43.9624
      vertex -22.5998 -23.15 43.8747
      vertex -22.5998 -25.75 43.8747
    endloop
  endfacet
  facet normal -0.582431 0 -0.81288
    outer loop
      vertex -22.5998 -23.15 43.8747
      vertex -22.7222 -25.75 43.9624
      vertex -22.7222 -23.15 43.9624
    endloop
  endfacet
  facet normal -0.412601 0 -0.910912
    outer loop
      vertex -23.1198 -25.75 44.1749
      vertex -22.9827 -23.15 44.1128
      vertex -22.9827 -25.75 44.1128
    endloop
  endfacet
  facet normal -0.412601 0 -0.910912
    outer loop
      vertex -22.9827 -23.15 44.1128
      vertex -23.1198 -25.75 44.1749
      vertex -23.1198 -23.15 44.1749
    endloop
  endfacet
  facet normal -0.81288 0 0.582431
    outer loop
      vertex -22.1753 -25.75 40.6498
      vertex -22.0876 -23.15 40.7722
      vertex -22.1753 -23.15 40.6498
    endloop
  endfacet
  facet normal -0.81288 0 0.582431
    outer loop
      vertex -22.0876 -23.15 40.7722
      vertex -22.1753 -25.75 40.6498
      vertex -22.0876 -25.75 40.7722
    endloop
  endfacet
  facet normal 0.773098 0 -0.634286
    outer loop
      vertex -25.7292 -25.75 43.5665
      vertex -25.8247 -23.15 43.4501
      vertex -25.7292 -23.15 43.5665
    endloop
  endfacet
  facet normal 0.773098 0 -0.634286
    outer loop
      vertex -25.8247 -23.15 43.4501
      vertex -25.7292 -25.75 43.5665
      vertex -25.8247 -25.75 43.4501
    endloop
  endfacet
  facet normal 0.35207 0 -0.935974
    outer loop
      vertex -24.8802 -25.75 44.1749
      vertex -24.7393 -23.15 44.2279
      vertex -24.7393 -25.75 44.2279
    endloop
  endfacet
  facet normal 0.35207 0 -0.935974
    outer loop
      vertex -24.7393 -23.15 44.2279
      vertex -24.8802 -25.75 44.1749
      vertex -24.8802 -23.15 44.1749
    endloop
  endfacet
  facet normal -0.973851 0 0.227188
    outer loop
      vertex -21.7784 -25.75 41.4547
      vertex -21.7442 -23.15 41.6013
      vertex -21.7784 -23.15 41.4547
    endloop
  endfacet
  facet normal -0.973851 0 0.227188
    outer loop
      vertex -21.7442 -23.15 41.6013
      vertex -21.7784 -25.75 41.4547
      vertex -21.7442 -25.75 41.6013
    endloop
  endfacet
  facet normal 0.0325625 0 0.99947
    outer loop
      vertex -24.1504 -23.15 39.7549
      vertex -24 -25.75 39.75
      vertex -24 -23.15 39.75
    endloop
  endfacet
  facet normal 0.0325625 0 0.99947
    outer loop
      vertex -24 -25.75 39.75
      vertex -24.1504 -23.15 39.7549
      vertex -24.1504 -25.75 39.7549
    endloop
  endfacet
  facet normal 0.290395 0 -0.956907
    outer loop
      vertex -24.7393 -25.75 44.2279
      vertex -24.5953 -23.15 44.2716
      vertex -24.5953 -25.75 44.2716
    endloop
  endfacet
  facet normal 0.290395 0 -0.956907
    outer loop
      vertex -24.5953 -23.15 44.2716
      vertex -24.7393 -25.75 44.2279
      vertex -24.7393 -23.15 44.2279
    endloop
  endfacet
  facet normal 0.471244 0 -0.882003
    outer loop
      vertex -25.15 -25.75 44.0419
      vertex -25.0173 -23.15 44.1128
      vertex -25.0173 -25.75 44.1128
    endloop
  endfacet
  facet normal 0.471244 0 -0.882003
    outer loop
      vertex -25.0173 -23.15 44.1128
      vertex -25.15 -25.75 44.0419
      vertex -25.15 -23.15 44.0419
    endloop
  endfacet
  facet normal 0.683808 0 0.729662
    outer loop
      vertex -25.6263 -23.15 40.4237
      vertex -25.5165 -25.75 40.3208
      vertex -25.5165 -23.15 40.3208
    endloop
  endfacet
  facet normal 0.683808 0 0.729662
    outer loop
      vertex -25.5165 -25.75 40.3208
      vertex -25.6263 -23.15 40.4237
      vertex -25.6263 -25.75 40.4237
    endloop
  endfacet
  facet normal -0.849116 0 0.528206
    outer loop
      vertex -22.0876 -25.75 40.7722
      vertex -22.0081 -23.15 40.9
      vertex -22.0876 -23.15 40.7722
    endloop
  endfacet
  facet normal -0.849116 0 0.528206
    outer loop
      vertex -22.0081 -23.15 40.9
      vertex -22.0876 -25.75 40.7722
      vertex -22.0081 -25.75 40.9
    endloop
  endfacet
  facet normal 0.882003 0 -0.471244
    outer loop
      vertex -25.9919 -25.75 43.2
      vertex -26.0628 -23.15 43.0673
      vertex -25.9919 -23.15 43.2
    endloop
  endfacet
  facet normal 0.882003 0 -0.471244
    outer loop
      vertex -26.0628 -23.15 43.0673
      vertex -25.9919 -25.75 43.2
      vertex -26.0628 -25.75 43.0673
    endloop
  endfacet
  facet normal 0.634612 0 0.772831
    outer loop
      vertex -25.5165 -23.15 40.3208
      vertex -25.4002 -25.75 40.2253
      vertex -25.4002 -23.15 40.2253
    endloop
  endfacet
  facet normal 0.634612 0 0.772831
    outer loop
      vertex -25.4002 -25.75 40.2253
      vertex -25.5165 -23.15 40.3208
      vertex -25.5165 -25.75 40.3208
    endloop
  endfacet
  facet normal -0.162783 0 -0.986662
    outer loop
      vertex -23.6998 -25.75 44.3303
      vertex -23.5513 -23.15 44.3058
      vertex -23.5513 -25.75 44.3058
    endloop
  endfacet
  facet normal -0.162783 0 -0.986662
    outer loop
      vertex -23.5513 -23.15 44.3058
      vertex -23.6998 -25.75 44.3303
      vertex -23.6998 -23.15 44.3303
    endloop
  endfacet
  facet normal 0.290395 0 0.956907
    outer loop
      vertex -24.7393 -23.15 39.8721
      vertex -24.5953 -25.75 39.8284
      vertex -24.5953 -23.15 39.8284
    endloop
  endfacet
  facet normal 0.290395 0 0.956907
    outer loop
      vertex -24.5953 -25.75 39.8284
      vertex -24.7393 -23.15 39.8721
      vertex -24.7393 -25.75 39.8721
    endloop
  endfacet
  facet normal 0.812655 0 -0.582746
    outer loop
      vertex -25.8247 -25.75 43.4501
      vertex -25.9124 -23.15 43.3278
      vertex -25.8247 -23.15 43.4501
    endloop
  endfacet
  facet normal 0.812655 0 -0.582746
    outer loop
      vertex -25.9124 -23.15 43.3278
      vertex -25.8247 -25.75 43.4501
      vertex -25.9124 -25.75 43.3278
    endloop
  endfacet
  facet normal 0.0983197 0 0.995155
    outer loop
      vertex -24.3002 -23.15 39.7697
      vertex -24.1504 -25.75 39.7549
      vertex -24.1504 -23.15 39.7549
    endloop
  endfacet
  facet normal 0.0983197 0 0.995155
    outer loop
      vertex -24.1504 -25.75 39.7549
      vertex -24.3002 -23.15 39.7697
      vertex -24.3002 -25.75 39.7697
    endloop
  endfacet
  facet normal 0.528206 0 0.849116
    outer loop
      vertex -25.2778 -23.15 40.1376
      vertex -25.15 -25.75 40.0581
      vertex -25.15 -23.15 40.0581
    endloop
  endfacet
  facet normal 0.528206 0 0.849116
    outer loop
      vertex -25.15 -25.75 40.0581
      vertex -25.2778 -23.15 40.1376
      vertex -25.2778 -25.75 40.1376
    endloop
  endfacet
  facet normal 0.412601 0 0.910912
    outer loop
      vertex -25.0173 -23.15 39.9872
      vertex -24.8802 -25.75 39.9251
      vertex -24.8802 -23.15 39.9251
    endloop
  endfacet
  facet normal 0.412601 0 0.910912
    outer loop
      vertex -24.8802 -25.75 39.9251
      vertex -25.0173 -23.15 39.9872
      vertex -25.0173 -25.75 39.9872
    endloop
  endfacet
  facet normal -0.499989 0 -0.866032
    outer loop
      vertex -24 -23.15 46.3801
      vertex -20.25 -19.55 44.2151
      vertex -20.25 -23.15 44.2151
    endloop
  endfacet
  facet normal -0.499989 0 -0.866032
    outer loop
      vertex -20.25 -19.55 44.2151
      vertex -24 -23.15 46.3801
      vertex -24 -19.55 46.3801
    endloop
  endfacet
  facet normal 0.499989 0 0.866032
    outer loop
      vertex -27.75 -19.55 39.8849
      vertex -24 -23.15 37.7199
      vertex -24 -19.55 37.7199
    endloop
  endfacet
  facet normal 0.499989 0 0.866032
    outer loop
      vertex -24 -23.15 37.7199
      vertex -27.75 -19.55 39.8849
      vertex -27.75 -23.15 39.8849
    endloop
  endfacet
  facet normal -0.499989 0 0.866032
    outer loop
      vertex -24 -19.55 37.7199
      vertex -20.25 -23.15 39.8849
      vertex -20.25 -19.55 39.8849
    endloop
  endfacet
  facet normal -0.499989 0 0.866032
    outer loop
      vertex -20.25 -23.15 39.8849
      vertex -24 -19.55 37.7199
      vertex -24 -23.15 37.7199
    endloop
  endfacet
  facet normal 1 -0 0
    outer loop
      vertex -27.75 -23.15 44.2151
      vertex -27.75 -19.55 39.8849
      vertex -27.75 -19.55 44.2151
    endloop
  endfacet
  facet normal 1 0 0
    outer loop
      vertex -27.75 -19.55 39.8849
      vertex -27.75 -23.15 44.2151
      vertex -27.75 -23.15 39.8849
    endloop
  endfacet
  facet normal 0.499989 0 -0.866032
    outer loop
      vertex -27.75 -23.15 44.2151
      vertex -24 -19.55 46.3801
      vertex -24 -23.15 46.3801
    endloop
  endfacet
  facet normal 0.499989 0 -0.866032
    outer loop
      vertex -24 -19.55 46.3801
      vertex -27.75 -23.15 44.2151
      vertex -27.75 -19.55 44.2151
    endloop
  endfacet
  facet normal 0 1 0
    outer loop
      vertex -24 -23.15 46.3801
      vertex -23.8496 -23.15 44.3451
      vertex -24 -23.15 44.35
    endloop
  endfacet
  facet normal 0 1 0
    outer loop
      vertex -24 -23.15 46.3801
      vertex -23.6998 -23.15 44.3303
      vertex -23.8496 -23.15 44.3451
    endloop
  endfacet
  facet normal 0 1 0
    outer loop
      vertex -24 -23.15 46.3801
      vertex -23.5513 -23.15 44.3058
      vertex -23.6998 -23.15 44.3303
    endloop
  endfacet
  facet normal 0 1 0
    outer loop
      vertex -24 -23.15 46.3801
      vertex -23.4047 -23.15 44.2716
      vertex -23.5513 -23.15 44.3058
    endloop
  endfacet
  facet normal 0 1 0
    outer loop
      vertex -24 -23.15 46.3801
      vertex -23.2607 -23.15 44.2279
      vertex -23.4047 -23.15 44.2716
    endloop
  endfacet
  facet normal 0 1 -0
    outer loop
      vertex -22.85 -23.15 44.0419
      vertex -24 -23.15 46.3801
      vertex -20.25 -23.15 44.2151
    endloop
  endfacet
  facet normal 0 1 0
    outer loop
      vertex -24 -23.15 46.3801
      vertex -23.1198 -23.15 44.1749
      vertex -23.2607 -23.15 44.2279
    endloop
  endfacet
  facet normal 0 1 0
    outer loop
      vertex -24 -23.15 46.3801
      vertex -22.9827 -23.15 44.1128
      vertex -23.1198 -23.15 44.1749
    endloop
  endfacet
  facet normal 0 1 0
    outer loop
      vertex -24 -23.15 46.3801
      vertex -22.85 -23.15 44.0419
      vertex -22.9827 -23.15 44.1128
    endloop
  endfacet
  facet normal 0 1 0
    outer loop
      vertex -20.25 -23.15 44.2151
      vertex -22.7222 -23.15 43.9624
      vertex -22.85 -23.15 44.0419
    endloop
  endfacet
  facet normal 0 1 0
    outer loop
      vertex -20.25 -23.15 44.2151
      vertex -22.5998 -23.15 43.8747
      vertex -22.7222 -23.15 43.9624
    endloop
  endfacet
  facet normal 0 1 0
    outer loop
      vertex -20.25 -23.15 44.2151
      vertex -22.4835 -23.15 43.7792
      vertex -22.5998 -23.15 43.8747
    endloop
  endfacet
  facet normal 0 1 0
    outer loop
      vertex -20.25 -23.15 44.2151
      vertex -22.3737 -23.15 43.6763
      vertex -22.4835 -23.15 43.7792
    endloop
  endfacet
  facet normal 0 1 0
    outer loop
      vertex -20.25 -23.15 44.2151
      vertex -22.2708 -23.15 43.5665
      vertex -22.3737 -23.15 43.6763
    endloop
  endfacet
  facet normal 0 1 0
    outer loop
      vertex -20.25 -23.15 44.2151
      vertex -22.1753 -23.15 43.4501
      vertex -22.2708 -23.15 43.5665
    endloop
  endfacet
  facet normal 0 1 0
    outer loop
      vertex -20.25 -23.15 44.2151
      vertex -22.0876 -23.15 43.3278
      vertex -22.1753 -23.15 43.4501
    endloop
  endfacet
  facet normal 0 1 0
    outer loop
      vertex -20.25 -23.15 44.2151
      vertex -22.0081 -23.15 43.2
      vertex -22.0876 -23.15 43.3278
    endloop
  endfacet
  facet normal 0 1 0
    outer loop
      vertex -20.25 -23.15 44.2151
      vertex -21.9372 -23.15 43.0673
      vertex -22.0081 -23.15 43.2
    endloop
  endfacet
  facet normal 0 1 0
    outer loop
      vertex -20.25 -23.15 44.2151
      vertex -21.8751 -23.15 42.9302
      vertex -21.9372 -23.15 43.0673
    endloop
  endfacet
  facet normal 0 1 0
    outer loop
      vertex -20.25 -23.15 44.2151
      vertex -21.8221 -23.15 42.7893
      vertex -21.8751 -23.15 42.9302
    endloop
  endfacet
  facet normal 0 1 0
    outer loop
      vertex -20.25 -23.15 44.2151
      vertex -21.7784 -23.15 42.6453
      vertex -21.8221 -23.15 42.7893
    endloop
  endfacet
  facet normal 0 1 0
    outer loop
      vertex -20.25 -23.15 44.2151
      vertex -21.7442 -23.15 42.4987
      vertex -21.7784 -23.15 42.6453
    endloop
  endfacet
  facet normal 0 1 0
    outer loop
      vertex -20.25 -23.15 44.2151
      vertex -21.7197 -23.15 42.3502
      vertex -21.7442 -23.15 42.4987
    endloop
  endfacet
  facet normal 0 1 0
    outer loop
      vertex -20.25 -23.15 44.2151
      vertex -21.7049 -23.15 42.2004
      vertex -21.7197 -23.15 42.3502
    endloop
  endfacet
  facet normal 0 1 0
    outer loop
      vertex -20.25 -23.15 44.2151
      vertex -21.7 -23.15 42.05
      vertex -21.7049 -23.15 42.2004
    endloop
  endfacet
  facet normal 0 1 -0
    outer loop
      vertex -20.25 -23.15 39.8849
      vertex -21.7 -23.15 42.05
      vertex -20.25 -23.15 44.2151
    endloop
  endfacet
  facet normal 0 1 0
    outer loop
      vertex -21.7 -23.15 42.05
      vertex -20.25 -23.15 39.8849
      vertex -21.7049 -23.15 41.8996
    endloop
  endfacet
  facet normal 0 1 0
    outer loop
      vertex -21.7049 -23.15 41.8996
      vertex -20.25 -23.15 39.8849
      vertex -21.7197 -23.15 41.7498
    endloop
  endfacet
  facet normal 0 1 0
    outer loop
      vertex -21.7197 -23.15 41.7498
      vertex -20.25 -23.15 39.8849
      vertex -21.7442 -23.15 41.6013
    endloop
  endfacet
  facet normal 0 1 0
    outer loop
      vertex -21.7442 -23.15 41.6013
      vertex -20.25 -23.15 39.8849
      vertex -21.7784 -23.15 41.4547
    endloop
  endfacet
  facet normal 0 1 0
    outer loop
      vertex -21.7784 -23.15 41.4547
      vertex -20.25 -23.15 39.8849
      vertex -21.8221 -23.15 41.3107
    endloop
  endfacet
  facet normal 0 1 0
    outer loop
      vertex -21.8221 -23.15 41.3107
      vertex -20.25 -23.15 39.8849
      vertex -21.8751 -23.15 41.1698
    endloop
  endfacet
  facet normal 0 1 0
    outer loop
      vertex -21.8751 -23.15 41.1698
      vertex -20.25 -23.15 39.8849
      vertex -21.9372 -23.15 41.0327
    endloop
  endfacet
  facet normal 0 1 0
    outer loop
      vertex -20.25 -23.15 39.8849
      vertex -22.0081 -23.15 40.9
      vertex -21.9372 -23.15 41.0327
    endloop
  endfacet
  facet normal 0 1 0
    outer loop
      vertex -20.25 -23.15 39.8849
      vertex -22.0876 -23.15 40.7722
      vertex -22.0081 -23.15 40.9
    endloop
  endfacet
  facet normal 0 1 0
    outer loop
      vertex -20.25 -23.15 39.8849
      vertex -22.1753 -23.15 40.6498
      vertex -22.0876 -23.15 40.7722
    endloop
  endfacet
  facet normal 0 1 0
    outer loop
      vertex -20.25 -23.15 39.8849
      vertex -22.2708 -23.15 40.5335
      vertex -22.1753 -23.15 40.6498
    endloop
  endfacet
  facet normal 0 1 0
    outer loop
      vertex -20.25 -23.15 39.8849
      vertex -22.3737 -23.15 40.4237
      vertex -22.2708 -23.15 40.5335
    endloop
  endfacet
  facet normal 0 1 0
    outer loop
      vertex -20.25 -23.15 39.8849
      vertex -22.4835 -23.15 40.3208
      vertex -22.3737 -23.15 40.4237
    endloop
  endfacet
  facet normal 0 1 0
    outer loop
      vertex -20.25 -23.15 39.8849
      vertex -22.5998 -23.15 40.2253
      vertex -22.4835 -23.15 40.3208
    endloop
  endfacet
  facet normal 0 1 0
    outer loop
      vertex -20.25 -23.15 39.8849
      vertex -22.7222 -23.15 40.1376
      vertex -22.5998 -23.15 40.2253
    endloop
  endfacet
  facet normal 0 1 0
    outer loop
      vertex -20.25 -23.15 39.8849
      vertex -22.85 -23.15 40.0581
      vertex -22.7222 -23.15 40.1376
    endloop
  endfacet
  facet normal 0 1 0
    outer loop
      vertex -24 -23.15 37.7199
      vertex -22.85 -23.15 40.0581
      vertex -20.25 -23.15 39.8849
    endloop
  endfacet
  facet normal 0 1 0
    outer loop
      vertex -22.85 -23.15 40.0581
      vertex -24 -23.15 37.7199
      vertex -22.9827 -23.15 39.9872
    endloop
  endfacet
  facet normal 0 1 0
    outer loop
      vertex -22.9827 -23.15 39.9872
      vertex -24 -23.15 37.7199
      vertex -23.1198 -23.15 39.9251
    endloop
  endfacet
  facet normal 0 1 0
    outer loop
      vertex -23.1198 -23.15 39.9251
      vertex -24 -23.15 37.7199
      vertex -23.2607 -23.15 39.8721
    endloop
  endfacet
  facet normal 0 1 0
    outer loop
      vertex -23.2607 -23.15 39.8721
      vertex -24 -23.15 37.7199
      vertex -23.4047 -23.15 39.8284
    endloop
  endfacet
  facet normal 0 1 0
    outer loop
      vertex -23.4047 -23.15 39.8284
      vertex -24 -23.15 37.7199
      vertex -23.5513 -23.15 39.7942
    endloop
  endfacet
  facet normal 0 1 0
    outer loop
      vertex -23.5513 -23.15 39.7942
      vertex -24 -23.15 37.7199
      vertex -23.6998 -23.15 39.7697
    endloop
  endfacet
  facet normal 0 1 0
    outer loop
      vertex -23.8496 -23.15 39.7549
      vertex -24 -23.15 37.7199
      vertex -24 -23.15 39.75
    endloop
  endfacet
  facet normal 0 1 0
    outer loop
      vertex -23.6998 -23.15 39.7697
      vertex -24 -23.15 37.7199
      vertex -23.8496 -23.15 39.7549
    endloop
  endfacet
  facet normal 0 1 0
    outer loop
      vertex -24.1504 -23.15 44.3451
      vertex -24 -23.15 46.3801
      vertex -24 -23.15 44.35
    endloop
  endfacet
  facet normal 0 1 0
    outer loop
      vertex -24.3002 -23.15 44.3303
      vertex -24 -23.15 46.3801
      vertex -24.1504 -23.15 44.3451
    endloop
  endfacet
  facet normal 0 1 0
    outer loop
      vertex -24.4487 -23.15 44.3058
      vertex -24 -23.15 46.3801
      vertex -24.3002 -23.15 44.3303
    endloop
  endfacet
  facet normal 0 1 0
    outer loop
      vertex -24.5953 -23.15 44.2716
      vertex -24 -23.15 46.3801
      vertex -24.4487 -23.15 44.3058
    endloop
  endfacet
  facet normal 0 1 0
    outer loop
      vertex -24.7393 -23.15 44.2279
      vertex -24 -23.15 46.3801
      vertex -24.5953 -23.15 44.2716
    endloop
  endfacet
  facet normal 0 1 0
    outer loop
      vertex -24.8802 -23.15 44.1749
      vertex -24 -23.15 46.3801
      vertex -24.7393 -23.15 44.2279
    endloop
  endfacet
  facet normal 0 1 0
    outer loop
      vertex -25.0173 -23.15 44.1128
      vertex -24 -23.15 46.3801
      vertex -24.8802 -23.15 44.1749
    endloop
  endfacet
  facet normal 0 1 0
    outer loop
      vertex -25.15 -23.15 44.0419
      vertex -24 -23.15 46.3801
      vertex -25.0173 -23.15 44.1128
    endloop
  endfacet
  facet normal 0 1 0
    outer loop
      vertex -24 -23.15 46.3801
      vertex -25.15 -23.15 44.0419
      vertex -27.75 -23.15 44.2151
    endloop
  endfacet
  facet normal 0 1 -0
    outer loop
      vertex -25.2778 -23.15 43.9624
      vertex -27.75 -23.15 44.2151
      vertex -25.15 -23.15 44.0419
    endloop
  endfacet
  facet normal 0 1 -0
    outer loop
      vertex -25.4002 -23.15 43.8747
      vertex -27.75 -23.15 44.2151
      vertex -25.2778 -23.15 43.9624
    endloop
  endfacet
  facet normal 0 1 -0
    outer loop
      vertex -25.5165 -23.15 43.7792
      vertex -27.75 -23.15 44.2151
      vertex -25.4002 -23.15 43.8747
    endloop
  endfacet
  facet normal 0 1 -0
    outer loop
      vertex -25.6263 -23.15 43.6763
      vertex -27.75 -23.15 44.2151
      vertex -25.5165 -23.15 43.7792
    endloop
  endfacet
  facet normal 0 1 -0
    outer loop
      vertex -25.7292 -23.15 43.5665
      vertex -27.75 -23.15 44.2151
      vertex -25.6263 -23.15 43.6763
    endloop
  endfacet
  facet normal 0 1 -0
    outer loop
      vertex -25.8247 -23.15 43.4501
      vertex -27.75 -23.15 44.2151
      vertex -25.7292 -23.15 43.5665
    endloop
  endfacet
  facet normal 0 1 -0
    outer loop
      vertex -25.9124 -23.15 43.3278
      vertex -27.75 -23.15 44.2151
      vertex -25.8247 -23.15 43.4501
    endloop
  endfacet
  facet normal 0 1 -0
    outer loop
      vertex -25.9919 -23.15 43.2
      vertex -27.75 -23.15 44.2151
      vertex -25.9124 -23.15 43.3278
    endloop
  endfacet
  facet normal 0 1 -0
    outer loop
      vertex -26.0628 -23.15 43.0673
      vertex -27.75 -23.15 44.2151
      vertex -25.9919 -23.15 43.2
    endloop
  endfacet
  facet normal 0 1 -0
    outer loop
      vertex -26.1249 -23.15 42.9302
      vertex -27.75 -23.15 44.2151
      vertex -26.0628 -23.15 43.0673
    endloop
  endfacet
  facet normal 0 1 -0
    outer loop
      vertex -26.1779 -23.15 42.7893
      vertex -27.75 -23.15 44.2151
      vertex -26.1249 -23.15 42.9302
    endloop
  endfacet
  facet normal 0 1 -0
    outer loop
      vertex -26.2216 -23.15 42.6453
      vertex -27.75 -23.15 44.2151
      vertex -26.1779 -23.15 42.7893
    endloop
  endfacet
  facet normal 0 1 -0
    outer loop
      vertex -26.2558 -23.15 42.4987
      vertex -27.75 -23.15 44.2151
      vertex -26.2216 -23.15 42.6453
    endloop
  endfacet
  facet normal 0 1 -0
    outer loop
      vertex -26.2803 -23.15 42.3502
      vertex -27.75 -23.15 44.2151
      vertex -26.2558 -23.15 42.4987
    endloop
  endfacet
  facet normal 0 1 -0
    outer loop
      vertex -26.2951 -23.15 42.2004
      vertex -27.75 -23.15 44.2151
      vertex -26.2803 -23.15 42.3502
    endloop
  endfacet
  facet normal 0 1 -0
    outer loop
      vertex -26.3 -23.15 42.05
      vertex -27.75 -23.15 44.2151
      vertex -26.2951 -23.15 42.2004
    endloop
  endfacet
  facet normal 0 1 0
    outer loop
      vertex -27.75 -23.15 39.8849
      vertex -26.3 -23.15 42.05
      vertex -26.2951 -23.15 41.8996
    endloop
  endfacet
  facet normal 0 1 0
    outer loop
      vertex -27.75 -23.15 39.8849
      vertex -26.2951 -23.15 41.8996
      vertex -26.2803 -23.15 41.7498
    endloop
  endfacet
  facet normal 0 1 0
    outer loop
      vertex -27.75 -23.15 39.8849
      vertex -26.2803 -23.15 41.7498
      vertex -26.2558 -23.15 41.6013
    endloop
  endfacet
  facet normal 0 1 0
    outer loop
      vertex -27.75 -23.15 39.8849
      vertex -26.2558 -23.15 41.6013
      vertex -26.2216 -23.15 41.4547
    endloop
  endfacet
  facet normal 0 1 0
    outer loop
      vertex -27.75 -23.15 39.8849
      vertex -26.2216 -23.15 41.4547
      vertex -26.1779 -23.15 41.3107
    endloop
  endfacet
  facet normal 0 1 0
    outer loop
      vertex -27.75 -23.15 39.8849
      vertex -26.1779 -23.15 41.3107
      vertex -26.1249 -23.15 41.1698
    endloop
  endfacet
  facet normal 0 1 0
    outer loop
      vertex -27.75 -23.15 39.8849
      vertex -26.1249 -23.15 41.1698
      vertex -26.0628 -23.15 41.0327
    endloop
  endfacet
  facet normal 0 1 0
    outer loop
      vertex -26.3 -23.15 42.05
      vertex -27.75 -23.15 39.8849
      vertex -27.75 -23.15 44.2151
    endloop
  endfacet
  facet normal 0 1 0
    outer loop
      vertex -25.9919 -23.15 40.9
      vertex -27.75 -23.15 39.8849
      vertex -26.0628 -23.15 41.0327
    endloop
  endfacet
  facet normal 0 1 0
    outer loop
      vertex -25.9124 -23.15 40.7722
      vertex -27.75 -23.15 39.8849
      vertex -25.9919 -23.15 40.9
    endloop
  endfacet
  facet normal 0 1 0
    outer loop
      vertex -25.8247 -23.15 40.6498
      vertex -27.75 -23.15 39.8849
      vertex -25.9124 -23.15 40.7722
    endloop
  endfacet
  facet normal 0 1 0
    outer loop
      vertex -25.7292 -23.15 40.5335
      vertex -27.75 -23.15 39.8849
      vertex -25.8247 -23.15 40.6498
    endloop
  endfacet
  facet normal 0 1 0
    outer loop
      vertex -25.6263 -23.15 40.4237
      vertex -27.75 -23.15 39.8849
      vertex -25.7292 -23.15 40.5335
    endloop
  endfacet
  facet normal 0 1 0
    outer loop
      vertex -25.5165 -23.15 40.3208
      vertex -27.75 -23.15 39.8849
      vertex -25.6263 -23.15 40.4237
    endloop
  endfacet
  facet normal 0 1 0
    outer loop
      vertex -25.4002 -23.15 40.2253
      vertex -27.75 -23.15 39.8849
      vertex -25.5165 -23.15 40.3208
    endloop
  endfacet
  facet normal 0 1 0
    outer loop
      vertex -25.2778 -23.15 40.1376
      vertex -27.75 -23.15 39.8849
      vertex -25.4002 -23.15 40.2253
    endloop
  endfacet
  facet normal 0 1 0
    outer loop
      vertex -25.15 -23.15 40.0581
      vertex -27.75 -23.15 39.8849
      vertex -25.2778 -23.15 40.1376
    endloop
  endfacet
  facet normal 0 1 0
    outer loop
      vertex -24 -23.15 37.7199
      vertex -25.15 -23.15 40.0581
      vertex -25.0173 -23.15 39.9872
    endloop
  endfacet
  facet normal 0 1 0
    outer loop
      vertex -24 -23.15 37.7199
      vertex -25.0173 -23.15 39.9872
      vertex -24.8802 -23.15 39.9251
    endloop
  endfacet
  facet normal 0 1 0
    outer loop
      vertex -24 -23.15 37.7199
      vertex -24.8802 -23.15 39.9251
      vertex -24.7393 -23.15 39.8721
    endloop
  endfacet
  facet normal 0 1 0
    outer loop
      vertex -24 -23.15 37.7199
      vertex -24.7393 -23.15 39.8721
      vertex -24.5953 -23.15 39.8284
    endloop
  endfacet
  facet normal 0 1 0
    outer loop
      vertex -24 -23.15 37.7199
      vertex -24.5953 -23.15 39.8284
      vertex -24.4487 -23.15 39.7942
    endloop
  endfacet
  facet normal 0 1 0
    outer loop
      vertex -24 -23.15 37.7199
      vertex -24.4487 -23.15 39.7942
      vertex -24.3002 -23.15 39.7697
    endloop
  endfacet
  facet normal 0 1 0
    outer loop
      vertex -24 -23.15 37.7199
      vertex -24.3002 -23.15 39.7697
      vertex -24.1504 -23.15 39.7549
    endloop
  endfacet
  facet normal 0 1 0
    outer loop
      vertex -25.15 -23.15 40.0581
      vertex -24 -23.15 37.7199
      vertex -27.75 -23.15 39.8849
    endloop
  endfacet
  facet normal 0 1 -0
    outer loop
      vertex -24 -23.15 37.7199
      vertex -24.1504 -23.15 39.7549
      vertex -24 -23.15 39.75
    endloop
  endfacet
  facet normal -1 0 0
    outer loop
      vertex -20.25 -23.15 39.8849
      vertex -20.25 -19.55 44.2151
      vertex -20.25 -19.55 39.8849
    endloop
  endfacet
  facet normal -1 -0 0
    outer loop
      vertex -20.25 -19.55 44.2151
      vertex -20.25 -23.15 39.8849
      vertex -20.25 -23.15 44.2151
    endloop
  endfacet
  facet normal -0.995155 0 -0.0983197
    outer loop
      vertex -21.7049 -25.75 51.2004
      vertex -21.7197 -23.15 51.3502
      vertex -21.7049 -23.15 51.2004
    endloop
  endfacet
  facet normal -0.995155 -0 -0.0983197
    outer loop
      vertex -21.7197 -23.15 51.3502
      vertex -21.7049 -25.75 51.2004
      vertex -21.7197 -25.75 51.3502
    endloop
  endfacet
  facet normal -0.99947 0 -0.0325625
    outer loop
      vertex -21.7 -25.75 51.05
      vertex -21.7049 -23.15 51.2004
      vertex -21.7 -23.15 51.05
    endloop
  endfacet
  facet normal -0.99947 -0 -0.0325625
    outer loop
      vertex -21.7049 -23.15 51.2004
      vertex -21.7 -25.75 51.05
      vertex -21.7049 -25.75 51.2004
    endloop
  endfacet
  facet normal -0.634612 0 -0.772831
    outer loop
      vertex -22.5998 -25.75 52.8747
      vertex -22.4835 -23.15 52.7792
      vertex -22.4835 -25.75 52.7792
    endloop
  endfacet
  facet normal -0.634612 0 -0.772831
    outer loop
      vertex -22.4835 -23.15 52.7792
      vertex -22.5998 -25.75 52.8747
      vertex -22.5998 -23.15 52.8747
    endloop
  endfacet
  facet normal 0.162783 0 -0.986662
    outer loop
      vertex -24.4487 -25.75 53.3058
      vertex -24.3002 -23.15 53.3303
      vertex -24.3002 -25.75 53.3303
    endloop
  endfacet
  facet normal 0.162783 0 -0.986662
    outer loop
      vertex -24.3002 -23.15 53.3303
      vertex -24.4487 -25.75 53.3058
      vertex -24.4487 -23.15 53.3058
    endloop
  endfacet
  facet normal -0.812655 0 -0.582746
    outer loop
      vertex -22.0876 -25.75 52.3278
      vertex -22.1753 -23.15 52.4501
      vertex -22.0876 -23.15 52.3278
    endloop
  endfacet
  facet normal -0.812655 -0 -0.582746
    outer loop
      vertex -22.1753 -23.15 52.4501
      vertex -22.0876 -25.75 52.3278
      vertex -22.1753 -25.75 52.4501
    endloop
  endfacet
  facet normal 0.81288 -0 0.582431
    outer loop
      vertex -25.9124 -25.75 49.7722
      vertex -25.8247 -23.15 49.6498
      vertex -25.9124 -23.15 49.7722
    endloop
  endfacet
  facet normal 0.81288 0 0.582431
    outer loop
      vertex -25.8247 -23.15 49.6498
      vertex -25.9124 -25.75 49.7722
      vertex -25.8247 -25.75 49.6498
    endloop
  endfacet
  facet normal 0.849116 -0 0.528206
    outer loop
      vertex -25.9919 -25.75 49.9
      vertex -25.9124 -23.15 49.7722
      vertex -25.9919 -23.15 49.9
    endloop
  endfacet
  facet normal 0.849116 0 0.528206
    outer loop
      vertex -25.9124 -23.15 49.7722
      vertex -25.9919 -25.75 49.9
      vertex -25.9124 -25.75 49.7722
    endloop
  endfacet
  facet normal 0.0983197 0 -0.995155
    outer loop
      vertex -24.3002 -25.75 53.3303
      vertex -24.1504 -23.15 53.3451
      vertex -24.1504 -25.75 53.3451
    endloop
  endfacet
  facet normal 0.0983197 0 -0.995155
    outer loop
      vertex -24.1504 -23.15 53.3451
      vertex -24.3002 -25.75 53.3303
      vertex -24.3002 -23.15 53.3303
    endloop
  endfacet
  facet normal 0.995155 0 -0.0983197
    outer loop
      vertex -26.2803 -25.75 51.3502
      vertex -26.2951 -23.15 51.2004
      vertex -26.2803 -23.15 51.3502
    endloop
  endfacet
  facet normal 0.995155 0 -0.0983197
    outer loop
      vertex -26.2951 -23.15 51.2004
      vertex -26.2803 -25.75 51.3502
      vertex -26.2951 -25.75 51.2004
    endloop
  endfacet
  facet normal -0.986662 0 -0.162783
    outer loop
      vertex -21.7197 -25.75 51.3502
      vertex -21.7442 -23.15 51.4987
      vertex -21.7197 -23.15 51.3502
    endloop
  endfacet
  facet normal -0.986662 -0 -0.162783
    outer loop
      vertex -21.7442 -23.15 51.4987
      vertex -21.7197 -25.75 51.3502
      vertex -21.7442 -25.75 51.4987
    endloop
  endfacet
  facet normal -0.582431 0 -0.81288
    outer loop
      vertex -22.7222 -25.75 52.9624
      vertex -22.5998 -23.15 52.8747
      vertex -22.5998 -25.75 52.8747
    endloop
  endfacet
  facet normal -0.582431 0 -0.81288
    outer loop
      vertex -22.5998 -23.15 52.8747
      vertex -22.7222 -25.75 52.9624
      vertex -22.7222 -23.15 52.9624
    endloop
  endfacet
  facet normal 0.471244 0 -0.882003
    outer loop
      vertex -25.15 -25.75 53.0419
      vertex -25.0173 -23.15 53.1128
      vertex -25.0173 -25.75 53.1128
    endloop
  endfacet
  facet normal 0.471244 0 -0.882003
    outer loop
      vertex -25.0173 -23.15 53.1128
      vertex -25.15 -25.75 53.0419
      vertex -25.15 -23.15 53.0419
    endloop
  endfacet
  facet normal 0.812655 0 -0.582746
    outer loop
      vertex -25.8247 -25.75 52.4501
      vertex -25.9124 -23.15 52.3278
      vertex -25.8247 -23.15 52.4501
    endloop
  endfacet
  facet normal 0.812655 0 -0.582746
    outer loop
      vertex -25.9124 -23.15 52.3278
      vertex -25.8247 -25.75 52.4501
      vertex -25.9124 -25.75 52.3278
    endloop
  endfacet
  facet normal 0.0325625 0 -0.99947
    outer loop
      vertex -24.1504 -25.75 53.3451
      vertex -24 -23.15 53.35
      vertex -24 -25.75 53.35
    endloop
  endfacet
  facet normal 0.0325625 0 -0.99947
    outer loop
      vertex -24 -23.15 53.35
      vertex -24.1504 -25.75 53.3451
      vertex -24.1504 -23.15 53.3451
    endloop
  endfacet
  facet normal 0.935974 0 -0.35207
    outer loop
      vertex -26.1249 -25.75 51.9302
      vertex -26.1779 -23.15 51.7893
      vertex -26.1249 -23.15 51.9302
    endloop
  endfacet
  facet normal 0.935974 0 -0.35207
    outer loop
      vertex -26.1779 -23.15 51.7893
      vertex -26.1249 -25.75 51.9302
      vertex -26.1779 -25.75 51.7893
    endloop
  endfacet
  facet normal -0.162783 0 0.986662
    outer loop
      vertex -23.6998 -23.15 48.7697
      vertex -23.5513 -25.75 48.7942
      vertex -23.5513 -23.15 48.7942
    endloop
  endfacet
  facet normal -0.162783 0 0.986662
    outer loop
      vertex -23.5513 -25.75 48.7942
      vertex -23.6998 -23.15 48.7697
      vertex -23.6998 -25.75 48.7697
    endloop
  endfacet
  facet normal -0.910912 0 0.412601
    outer loop
      vertex -21.9372 -25.75 50.0327
      vertex -21.8751 -23.15 50.1698
      vertex -21.9372 -23.15 50.0327
    endloop
  endfacet
  facet normal -0.910912 0 0.412601
    outer loop
      vertex -21.8751 -23.15 50.1698
      vertex -21.9372 -25.75 50.0327
      vertex -21.8751 -25.75 50.1698
    endloop
  endfacet
  facet normal 0.956907 0 -0.290395
    outer loop
      vertex -26.1779 -25.75 51.7893
      vertex -26.2216 -23.15 51.6453
      vertex -26.1779 -23.15 51.7893
    endloop
  endfacet
  facet normal 0.956907 0 -0.290395
    outer loop
      vertex -26.2216 -23.15 51.6453
      vertex -26.1779 -25.75 51.7893
      vertex -26.2216 -25.75 51.6453
    endloop
  endfacet
  facet normal -0.582431 0 0.81288
    outer loop
      vertex -22.7222 -23.15 49.1376
      vertex -22.5998 -25.75 49.2253
      vertex -22.5998 -23.15 49.2253
    endloop
  endfacet
  facet normal -0.582431 0 0.81288
    outer loop
      vertex -22.5998 -25.75 49.2253
      vertex -22.7222 -23.15 49.1376
      vertex -22.7222 -25.75 49.1376
    endloop
  endfacet
  facet normal 0.995155 -0 0.0983197
    outer loop
      vertex -26.2951 -25.75 50.8996
      vertex -26.2803 -23.15 50.7498
      vertex -26.2951 -23.15 50.8996
    endloop
  endfacet
  facet normal 0.995155 0 0.0983197
    outer loop
      vertex -26.2803 -23.15 50.7498
      vertex -26.2951 -25.75 50.8996
      vertex -26.2803 -25.75 50.7498
    endloop
  endfacet
  facet normal -0.290395 0 0.956907
    outer loop
      vertex -23.4047 -23.15 48.8284
      vertex -23.2607 -25.75 48.8721
      vertex -23.2607 -23.15 48.8721
    endloop
  endfacet
  facet normal -0.290395 0 0.956907
    outer loop
      vertex -23.2607 -25.75 48.8721
      vertex -23.4047 -23.15 48.8284
      vertex -23.4047 -25.75 48.8284
    endloop
  endfacet
  facet normal 0.582431 0 -0.81288
    outer loop
      vertex -25.4002 -25.75 52.8747
      vertex -25.2778 -23.15 52.9624
      vertex -25.2778 -25.75 52.9624
    endloop
  endfacet
  facet normal 0.582431 0 -0.81288
    outer loop
      vertex -25.2778 -23.15 52.9624
      vertex -25.4002 -25.75 52.8747
      vertex -25.4002 -23.15 52.8747
    endloop
  endfacet
  facet normal 0.412601 0 0.910912
    outer loop
      vertex -25.0173 -23.15 48.9872
      vertex -24.8802 -25.75 48.9251
      vertex -24.8802 -23.15 48.9251
    endloop
  endfacet
  facet normal 0.412601 0 0.910912
    outer loop
      vertex -24.8802 -25.75 48.9251
      vertex -25.0173 -23.15 48.9872
      vertex -25.0173 -25.75 48.9872
    endloop
  endfacet
  facet normal -0.0983197 0 0.995155
    outer loop
      vertex -23.8496 -23.15 48.7549
      vertex -23.6998 -25.75 48.7697
      vertex -23.6998 -23.15 48.7697
    endloop
  endfacet
  facet normal -0.0983197 0 0.995155
    outer loop
      vertex -23.6998 -25.75 48.7697
      vertex -23.8496 -23.15 48.7549
      vertex -23.8496 -25.75 48.7549
    endloop
  endfacet
  facet normal 0.634612 0 -0.772831
    outer loop
      vertex -25.5165 -25.75 52.7792
      vertex -25.4002 -23.15 52.8747
      vertex -25.4002 -25.75 52.8747
    endloop
  endfacet
  facet normal 0.634612 0 -0.772831
    outer loop
      vertex -25.4002 -23.15 52.8747
      vertex -25.5165 -25.75 52.7792
      vertex -25.5165 -23.15 52.7792
    endloop
  endfacet
  facet normal 0.935974 -0 0.35207
    outer loop
      vertex -26.1779 -25.75 50.3107
      vertex -26.1249 -23.15 50.1698
      vertex -26.1779 -23.15 50.3107
    endloop
  endfacet
  facet normal 0.935974 0 0.35207
    outer loop
      vertex -26.1249 -23.15 50.1698
      vertex -26.1779 -25.75 50.3107
      vertex -26.1249 -25.75 50.1698
    endloop
  endfacet
  facet normal -0.0325625 0 -0.99947
    outer loop
      vertex -24 -25.75 53.35
      vertex -23.8496 -23.15 53.3451
      vertex -23.8496 -25.75 53.3451
    endloop
  endfacet
  facet normal -0.0325625 0 -0.99947
    outer loop
      vertex -23.8496 -23.15 53.3451
      vertex -24 -25.75 53.35
      vertex -24 -23.15 53.35
    endloop
  endfacet
  facet normal -0.412601 0 0.910912
    outer loop
      vertex -23.1198 -23.15 48.9251
      vertex -22.9827 -25.75 48.9872
      vertex -22.9827 -23.15 48.9872
    endloop
  endfacet
  facet normal -0.412601 0 0.910912
    outer loop
      vertex -22.9827 -25.75 48.9872
      vertex -23.1198 -23.15 48.9251
      vertex -23.1198 -25.75 48.9251
    endloop
  endfacet
  facet normal 0.973851 -0 0.227188
    outer loop
      vertex -26.2558 -25.75 50.6013
      vertex -26.2216 -23.15 50.4547
      vertex -26.2558 -23.15 50.6013
    endloop
  endfacet
  facet normal 0.973851 0 0.227188
    outer loop
      vertex -26.2216 -23.15 50.4547
      vertex -26.2558 -25.75 50.6013
      vertex -26.2216 -25.75 50.4547
    endloop
  endfacet
  facet normal -0.956907 0 -0.290395
    outer loop
      vertex -21.7784 -25.75 51.6453
      vertex -21.8221 -23.15 51.7893
      vertex -21.7784 -23.15 51.6453
    endloop
  endfacet
  facet normal -0.956907 -0 -0.290395
    outer loop
      vertex -21.8221 -23.15 51.7893
      vertex -21.7784 -25.75 51.6453
      vertex -21.8221 -25.75 51.7893
    endloop
  endfacet
  facet normal -0.227188 0 -0.973851
    outer loop
      vertex -23.5513 -25.75 53.3058
      vertex -23.4047 -23.15 53.2716
      vertex -23.4047 -25.75 53.2716
    endloop
  endfacet
  facet normal -0.227188 0 -0.973851
    outer loop
      vertex -23.4047 -23.15 53.2716
      vertex -23.5513 -25.75 53.3058
      vertex -23.5513 -23.15 53.3058
    endloop
  endfacet
  facet normal -0.227188 0 0.973851
    outer loop
      vertex -23.5513 -23.15 48.7942
      vertex -23.4047 -25.75 48.8284
      vertex -23.4047 -23.15 48.8284
    endloop
  endfacet
  facet normal -0.227188 0 0.973851
    outer loop
      vertex -23.4047 -25.75 48.8284
      vertex -23.5513 -23.15 48.7942
      vertex -23.5513 -25.75 48.7942
    endloop
  endfacet
  facet normal -0.910912 0 -0.412601
    outer loop
      vertex -21.8751 -25.75 51.9302
      vertex -21.9372 -23.15 52.0673
      vertex -21.8751 -23.15 51.9302
    endloop
  endfacet
  facet normal -0.910912 -0 -0.412601
    outer loop
      vertex -21.9372 -23.15 52.0673
      vertex -21.8751 -25.75 51.9302
      vertex -21.9372 -25.75 52.0673
    endloop
  endfacet
  facet normal -0.773098 0 -0.634286
    outer loop
      vertex -22.1753 -25.75 52.4501
      vertex -22.2708 -23.15 52.5665
      vertex -22.1753 -23.15 52.4501
    endloop
  endfacet
  facet normal -0.773098 -0 -0.634286
    outer loop
      vertex -22.2708 -23.15 52.5665
      vertex -22.1753 -25.75 52.4501
      vertex -22.2708 -25.75 52.5665
    endloop
  endfacet
  facet normal -0.973851 0 -0.227188
    outer loop
      vertex -21.7442 -25.75 51.4987
      vertex -21.7784 -23.15 51.6453
      vertex -21.7442 -23.15 51.4987
    endloop
  endfacet
  facet normal -0.973851 -0 -0.227188
    outer loop
      vertex -21.7784 -23.15 51.6453
      vertex -21.7442 -25.75 51.4987
      vertex -21.7784 -25.75 51.6453
    endloop
  endfacet
  facet normal -0.0983197 0 -0.995155
    outer loop
      vertex -23.8496 -25.75 53.3451
      vertex -23.6998 -23.15 53.3303
      vertex -23.6998 -25.75 53.3303
    endloop
  endfacet
  facet normal -0.0983197 0 -0.995155
    outer loop
      vertex -23.6998 -23.15 53.3303
      vertex -23.8496 -25.75 53.3451
      vertex -23.8496 -23.15 53.3451
    endloop
  endfacet
  facet normal 0.162783 0 0.986662
    outer loop
      vertex -24.4487 -23.15 48.7942
      vertex -24.3002 -25.75 48.7697
      vertex -24.3002 -23.15 48.7697
    endloop
  endfacet
  facet normal 0.162783 0 0.986662
    outer loop
      vertex -24.3002 -25.75 48.7697
      vertex -24.4487 -23.15 48.7942
      vertex -24.4487 -25.75 48.7942
    endloop
  endfacet
  facet normal -0.772831 0 0.634612
    outer loop
      vertex -22.2708 -25.75 49.5335
      vertex -22.1753 -23.15 49.6498
      vertex -22.2708 -23.15 49.5335
    endloop
  endfacet
  facet normal -0.772831 0 0.634612
    outer loop
      vertex -22.1753 -23.15 49.6498
      vertex -22.2708 -25.75 49.5335
      vertex -22.1753 -25.75 49.6498
    endloop
  endfacet
  facet normal 0.882003 0 -0.471244
    outer loop
      vertex -25.9919 -25.75 52.2
      vertex -26.0628 -23.15 52.0673
      vertex -25.9919 -23.15 52.2
    endloop
  endfacet
  facet normal 0.882003 0 -0.471244
    outer loop
      vertex -26.0628 -23.15 52.0673
      vertex -25.9919 -25.75 52.2
      vertex -26.0628 -25.75 52.0673
    endloop
  endfacet
  facet normal -0.99947 0 0.0325625
    outer loop
      vertex -21.7049 -25.75 50.8996
      vertex -21.7 -23.15 51.05
      vertex -21.7049 -23.15 50.8996
    endloop
  endfacet
  facet normal -0.99947 0 0.0325625
    outer loop
      vertex -21.7 -23.15 51.05
      vertex -21.7049 -25.75 50.8996
      vertex -21.7 -25.75 51.05
    endloop
  endfacet
  facet normal 0.986662 -0 0.162783
    outer loop
      vertex -26.2803 -25.75 50.7498
      vertex -26.2558 -23.15 50.6013
      vertex -26.2803 -23.15 50.7498
    endloop
  endfacet
  facet normal 0.986662 0 0.162783
    outer loop
      vertex -26.2558 -23.15 50.6013
      vertex -26.2803 -25.75 50.7498
      vertex -26.2558 -25.75 50.6013
    endloop
  endfacet
  facet normal -0.729662 0 -0.683808
    outer loop
      vertex -22.2708 -25.75 52.5665
      vertex -22.3737 -23.15 52.6763
      vertex -22.2708 -23.15 52.5665
    endloop
  endfacet
  facet normal -0.729662 -0 -0.683808
    outer loop
      vertex -22.3737 -23.15 52.6763
      vertex -22.2708 -25.75 52.5665
      vertex -22.3737 -25.75 52.6763
    endloop
  endfacet
  facet normal 0.986662 0 -0.162783
    outer loop
      vertex -26.2558 -25.75 51.4987
      vertex -26.2803 -23.15 51.3502
      vertex -26.2558 -23.15 51.4987
    endloop
  endfacet
  facet normal 0.986662 0 -0.162783
    outer loop
      vertex -26.2803 -23.15 51.3502
      vertex -26.2558 -25.75 51.4987
      vertex -26.2803 -25.75 51.3502
    endloop
  endfacet
  facet normal -0.471244 0 0.882003
    outer loop
      vertex -22.9827 -23.15 48.9872
      vertex -22.85 -25.75 49.0581
      vertex -22.85 -23.15 49.0581
    endloop
  endfacet
  facet normal -0.471244 0 0.882003
    outer loop
      vertex -22.85 -25.75 49.0581
      vertex -22.9827 -23.15 48.9872
      vertex -22.9827 -25.75 48.9872
    endloop
  endfacet
  facet normal -0.471244 0 -0.882003
    outer loop
      vertex -22.9827 -25.75 53.1128
      vertex -22.85 -23.15 53.0419
      vertex -22.85 -25.75 53.0419
    endloop
  endfacet
  facet normal -0.471244 0 -0.882003
    outer loop
      vertex -22.85 -23.15 53.0419
      vertex -22.9827 -25.75 53.1128
      vertex -22.9827 -23.15 53.1128
    endloop
  endfacet
  facet normal -0.634612 0 0.772831
    outer loop
      vertex -22.5998 -23.15 49.2253
      vertex -22.4835 -25.75 49.3208
      vertex -22.4835 -23.15 49.3208
    endloop
  endfacet
  facet normal -0.634612 0 0.772831
    outer loop
      vertex -22.4835 -25.75 49.3208
      vertex -22.5998 -23.15 49.2253
      vertex -22.5998 -25.75 49.2253
    endloop
  endfacet
  facet normal 0.729662 -0 0.683808
    outer loop
      vertex -25.7292 -25.75 49.5335
      vertex -25.6263 -23.15 49.4237
      vertex -25.7292 -23.15 49.5335
    endloop
  endfacet
  facet normal 0.729662 0 0.683808
    outer loop
      vertex -25.6263 -23.15 49.4237
      vertex -25.7292 -25.75 49.5335
      vertex -25.6263 -25.75 49.4237
    endloop
  endfacet
  facet normal -0.0325625 0 0.99947
    outer loop
      vertex -24 -23.15 48.75
      vertex -23.8496 -25.75 48.7549
      vertex -23.8496 -23.15 48.7549
    endloop
  endfacet
  facet normal -0.0325625 0 0.99947
    outer loop
      vertex -23.8496 -25.75 48.7549
      vertex -24 -23.15 48.75
      vertex -24 -25.75 48.75
    endloop
  endfacet
  facet normal -0.995155 0 0.0983197
    outer loop
      vertex -21.7197 -25.75 50.7498
      vertex -21.7049 -23.15 50.8996
      vertex -21.7197 -23.15 50.7498
    endloop
  endfacet
  facet normal -0.995155 0 0.0983197
    outer loop
      vertex -21.7049 -23.15 50.8996
      vertex -21.7197 -25.75 50.7498
      vertex -21.7049 -25.75 50.8996
    endloop
  endfacet
  facet normal 0.99947 0 -0.0325625
    outer loop
      vertex -26.2951 -25.75 51.2004
      vertex -26.3 -23.15 51.05
      vertex -26.2951 -23.15 51.2004
    endloop
  endfacet
  facet normal 0.99947 0 -0.0325625
    outer loop
      vertex -26.3 -23.15 51.05
      vertex -26.2951 -25.75 51.2004
      vertex -26.3 -25.75 51.05
    endloop
  endfacet
  facet normal 0.683808 0 -0.729662
    outer loop
      vertex -25.6263 -25.75 52.6763
      vertex -25.5165 -23.15 52.7792
      vertex -25.5165 -25.75 52.7792
    endloop
  endfacet
  facet normal 0.683808 0 -0.729662
    outer loop
      vertex -25.5165 -23.15 52.7792
      vertex -25.6263 -25.75 52.6763
      vertex -25.6263 -23.15 52.6763
    endloop
  endfacet
  facet normal -0.729662 0 0.683808
    outer loop
      vertex -22.3737 -25.75 49.4237
      vertex -22.2708 -23.15 49.5335
      vertex -22.3737 -23.15 49.4237
    endloop
  endfacet
  facet normal -0.729662 0 0.683808
    outer loop
      vertex -22.2708 -23.15 49.5335
      vertex -22.3737 -25.75 49.4237
      vertex -22.2708 -25.75 49.5335
    endloop
  endfacet
  facet normal 0.729662 0 -0.683808
    outer loop
      vertex -25.6263 -25.75 52.6763
      vertex -25.7292 -23.15 52.5665
      vertex -25.6263 -23.15 52.6763
    endloop
  endfacet
  facet normal 0.729662 0 -0.683808
    outer loop
      vertex -25.7292 -23.15 52.5665
      vertex -25.6263 -25.75 52.6763
      vertex -25.7292 -25.75 52.5665
    endloop
  endfacet
  facet normal 0.772831 -0 0.634612
    outer loop
      vertex -25.8247 -25.75 49.6498
      vertex -25.7292 -23.15 49.5335
      vertex -25.8247 -23.15 49.6498
    endloop
  endfacet
  facet normal 0.772831 0 0.634612
    outer loop
      vertex -25.7292 -23.15 49.5335
      vertex -25.8247 -25.75 49.6498
      vertex -25.7292 -25.75 49.5335
    endloop
  endfacet
  facet normal 0.412601 0 -0.910912
    outer loop
      vertex -25.0173 -25.75 53.1128
      vertex -24.8802 -23.15 53.1749
      vertex -24.8802 -25.75 53.1749
    endloop
  endfacet
  facet normal 0.412601 0 -0.910912
    outer loop
      vertex -24.8802 -23.15 53.1749
      vertex -25.0173 -25.75 53.1128
      vertex -25.0173 -23.15 53.1128
    endloop
  endfacet
  facet normal -0.973851 0 0.227188
    outer loop
      vertex -21.7784 -25.75 50.4547
      vertex -21.7442 -23.15 50.6013
      vertex -21.7784 -23.15 50.4547
    endloop
  endfacet
  facet normal -0.973851 0 0.227188
    outer loop
      vertex -21.7442 -23.15 50.6013
      vertex -21.7784 -25.75 50.4547
      vertex -21.7442 -25.75 50.6013
    endloop
  endfacet
  facet normal 0.227188 0 -0.973851
    outer loop
      vertex -24.5953 -25.75 53.2716
      vertex -24.4487 -23.15 53.3058
      vertex -24.4487 -25.75 53.3058
    endloop
  endfacet
  facet normal 0.227188 0 -0.973851
    outer loop
      vertex -24.4487 -23.15 53.3058
      vertex -24.5953 -25.75 53.2716
      vertex -24.5953 -23.15 53.2716
    endloop
  endfacet
  facet normal -0.935974 0 0.35207
    outer loop
      vertex -21.8751 -25.75 50.1698
      vertex -21.8221 -23.15 50.3107
      vertex -21.8751 -23.15 50.1698
    endloop
  endfacet
  facet normal -0.935974 0 0.35207
    outer loop
      vertex -21.8221 -23.15 50.3107
      vertex -21.8751 -25.75 50.1698
      vertex -21.8221 -25.75 50.3107
    endloop
  endfacet
  facet normal -0.956907 0 0.290395
    outer loop
      vertex -21.8221 -25.75 50.3107
      vertex -21.7784 -23.15 50.4547
      vertex -21.8221 -23.15 50.3107
    endloop
  endfacet
  facet normal -0.956907 0 0.290395
    outer loop
      vertex -21.7784 -23.15 50.4547
      vertex -21.8221 -25.75 50.3107
      vertex -21.7784 -25.75 50.4547
    endloop
  endfacet
  facet normal -0.528206 0 -0.849116
    outer loop
      vertex -22.85 -25.75 53.0419
      vertex -22.7222 -23.15 52.9624
      vertex -22.7222 -25.75 52.9624
    endloop
  endfacet
  facet normal -0.528206 0 -0.849116
    outer loop
      vertex -22.7222 -23.15 52.9624
      vertex -22.85 -25.75 53.0419
      vertex -22.85 -23.15 53.0419
    endloop
  endfacet
  facet normal 0.956907 -0 0.290395
    outer loop
      vertex -26.2216 -25.75 50.4547
      vertex -26.1779 -23.15 50.3107
      vertex -26.2216 -23.15 50.4547
    endloop
  endfacet
  facet normal 0.956907 0 0.290395
    outer loop
      vertex -26.1779 -23.15 50.3107
      vertex -26.2216 -25.75 50.4547
      vertex -26.1779 -25.75 50.3107
    endloop
  endfacet
  facet normal 0.99947 -0 0.0325625
    outer loop
      vertex -26.3 -25.75 51.05
      vertex -26.2951 -23.15 50.8996
      vertex -26.3 -23.15 51.05
    endloop
  endfacet
  facet normal 0.99947 0 0.0325625
    outer loop
      vertex -26.2951 -23.15 50.8996
      vertex -26.3 -25.75 51.05
      vertex -26.2951 -25.75 50.8996
    endloop
  endfacet
  facet normal -0.849116 0 -0.528206
    outer loop
      vertex -22.0081 -25.75 52.2
      vertex -22.0876 -23.15 52.3278
      vertex -22.0081 -23.15 52.2
    endloop
  endfacet
  facet normal -0.849116 -0 -0.528206
    outer loop
      vertex -22.0876 -23.15 52.3278
      vertex -22.0081 -25.75 52.2
      vertex -22.0876 -25.75 52.3278
    endloop
  endfacet
  facet normal -0.882003 0 -0.471244
    outer loop
      vertex -21.9372 -25.75 52.0673
      vertex -22.0081 -23.15 52.2
      vertex -21.9372 -23.15 52.0673
    endloop
  endfacet
  facet normal -0.882003 -0 -0.471244
    outer loop
      vertex -22.0081 -23.15 52.2
      vertex -21.9372 -25.75 52.0673
      vertex -22.0081 -25.75 52.2
    endloop
  endfacet
  facet normal 0.35207 0 -0.935974
    outer loop
      vertex -24.8802 -25.75 53.1749
      vertex -24.7393 -23.15 53.2279
      vertex -24.7393 -25.75 53.2279
    endloop
  endfacet
  facet normal 0.35207 0 -0.935974
    outer loop
      vertex -24.7393 -23.15 53.2279
      vertex -24.8802 -25.75 53.1749
      vertex -24.8802 -23.15 53.1749
    endloop
  endfacet
  facet normal 0.290395 0 -0.956907
    outer loop
      vertex -24.7393 -25.75 53.2279
      vertex -24.5953 -23.15 53.2716
      vertex -24.5953 -25.75 53.2716
    endloop
  endfacet
  facet normal 0.290395 0 -0.956907
    outer loop
      vertex -24.5953 -23.15 53.2716
      vertex -24.7393 -25.75 53.2279
      vertex -24.7393 -23.15 53.2279
    endloop
  endfacet
  facet normal -0.35207 0 0.935974
    outer loop
      vertex -23.2607 -23.15 48.8721
      vertex -23.1198 -25.75 48.9251
      vertex -23.1198 -23.15 48.9251
    endloop
  endfacet
  facet normal -0.35207 0 0.935974
    outer loop
      vertex -23.1198 -25.75 48.9251
      vertex -23.2607 -23.15 48.8721
      vertex -23.2607 -25.75 48.8721
    endloop
  endfacet
  facet normal -0.162783 0 -0.986662
    outer loop
      vertex -23.6998 -25.75 53.3303
      vertex -23.5513 -23.15 53.3058
      vertex -23.5513 -25.75 53.3058
    endloop
  endfacet
  facet normal -0.162783 0 -0.986662
    outer loop
      vertex -23.5513 -23.15 53.3058
      vertex -23.6998 -25.75 53.3303
      vertex -23.6998 -23.15 53.3303
    endloop
  endfacet
  facet normal 0.227188 0 0.973851
    outer loop
      vertex -24.5953 -23.15 48.8284
      vertex -24.4487 -25.75 48.7942
      vertex -24.4487 -23.15 48.7942
    endloop
  endfacet
  facet normal 0.227188 0 0.973851
    outer loop
      vertex -24.4487 -25.75 48.7942
      vertex -24.5953 -23.15 48.8284
      vertex -24.5953 -25.75 48.8284
    endloop
  endfacet
  facet normal 0.528206 0 0.849116
    outer loop
      vertex -25.2778 -23.15 49.1376
      vertex -25.15 -25.75 49.0581
      vertex -25.15 -23.15 49.0581
    endloop
  endfacet
  facet normal 0.528206 0 0.849116
    outer loop
      vertex -25.15 -25.75 49.0581
      vertex -25.2778 -23.15 49.1376
      vertex -25.2778 -25.75 49.1376
    endloop
  endfacet
  facet normal 0.973851 0 -0.227188
    outer loop
      vertex -26.2216 -25.75 51.6453
      vertex -26.2558 -23.15 51.4987
      vertex -26.2216 -23.15 51.6453
    endloop
  endfacet
  facet normal 0.973851 0 -0.227188
    outer loop
      vertex -26.2558 -23.15 51.4987
      vertex -26.2216 -25.75 51.6453
      vertex -26.2558 -25.75 51.4987
    endloop
  endfacet
  facet normal 0.849116 0 -0.528206
    outer loop
      vertex -25.9124 -25.75 52.3278
      vertex -25.9919 -23.15 52.2
      vertex -25.9124 -23.15 52.3278
    endloop
  endfacet
  facet normal 0.849116 0 -0.528206
    outer loop
      vertex -25.9919 -23.15 52.2
      vertex -25.9124 -25.75 52.3278
      vertex -25.9919 -25.75 52.2
    endloop
  endfacet
  facet normal -0.935974 0 -0.35207
    outer loop
      vertex -21.8221 -25.75 51.7893
      vertex -21.8751 -23.15 51.9302
      vertex -21.8221 -23.15 51.7893
    endloop
  endfacet
  facet normal -0.935974 -0 -0.35207
    outer loop
      vertex -21.8751 -23.15 51.9302
      vertex -21.8221 -25.75 51.7893
      vertex -21.8751 -25.75 51.9302
    endloop
  endfacet
  facet normal -0.412601 0 -0.910912
    outer loop
      vertex -23.1198 -25.75 53.1749
      vertex -22.9827 -23.15 53.1128
      vertex -22.9827 -25.75 53.1128
    endloop
  endfacet
  facet normal -0.412601 0 -0.910912
    outer loop
      vertex -22.9827 -23.15 53.1128
      vertex -23.1198 -25.75 53.1749
      vertex -23.1198 -23.15 53.1749
    endloop
  endfacet
  facet normal 0.634612 0 0.772831
    outer loop
      vertex -25.5165 -23.15 49.3208
      vertex -25.4002 -25.75 49.2253
      vertex -25.4002 -23.15 49.2253
    endloop
  endfacet
  facet normal 0.634612 0 0.772831
    outer loop
      vertex -25.4002 -25.75 49.2253
      vertex -25.5165 -23.15 49.3208
      vertex -25.5165 -25.75 49.3208
    endloop
  endfacet
  facet normal -0.35207 0 -0.935974
    outer loop
      vertex -23.2607 -25.75 53.2279
      vertex -23.1198 -23.15 53.1749
      vertex -23.1198 -25.75 53.1749
    endloop
  endfacet
  facet normal -0.35207 0 -0.935974
    outer loop
      vertex -23.1198 -23.15 53.1749
      vertex -23.2607 -25.75 53.2279
      vertex -23.2607 -23.15 53.2279
    endloop
  endfacet
  facet normal -0.849116 0 0.528206
    outer loop
      vertex -22.0876 -25.75 49.7722
      vertex -22.0081 -23.15 49.9
      vertex -22.0876 -23.15 49.7722
    endloop
  endfacet
  facet normal -0.849116 0 0.528206
    outer loop
      vertex -22.0081 -23.15 49.9
      vertex -22.0876 -25.75 49.7722
      vertex -22.0081 -25.75 49.9
    endloop
  endfacet
  facet normal 0.910912 -0 0.412601
    outer loop
      vertex -26.1249 -25.75 50.1698
      vertex -26.0628 -23.15 50.0327
      vertex -26.1249 -23.15 50.1698
    endloop
  endfacet
  facet normal 0.910912 0 0.412601
    outer loop
      vertex -26.0628 -23.15 50.0327
      vertex -26.1249 -25.75 50.1698
      vertex -26.0628 -25.75 50.0327
    endloop
  endfacet
  facet normal 0.471244 0 0.882003
    outer loop
      vertex -25.15 -23.15 49.0581
      vertex -25.0173 -25.75 48.9872
      vertex -25.0173 -23.15 48.9872
    endloop
  endfacet
  facet normal 0.471244 0 0.882003
    outer loop
      vertex -25.0173 -25.75 48.9872
      vertex -25.15 -23.15 49.0581
      vertex -25.15 -25.75 49.0581
    endloop
  endfacet
  facet normal -0.683808 0 -0.729662
    outer loop
      vertex -22.4835 -25.75 52.7792
      vertex -22.3737 -23.15 52.6763
      vertex -22.3737 -25.75 52.6763
    endloop
  endfacet
  facet normal -0.683808 0 -0.729662
    outer loop
      vertex -22.3737 -23.15 52.6763
      vertex -22.4835 -25.75 52.7792
      vertex -22.4835 -23.15 52.7792
    endloop
  endfacet
  facet normal -0.986662 0 0.162783
    outer loop
      vertex -21.7442 -25.75 50.6013
      vertex -21.7197 -23.15 50.7498
      vertex -21.7442 -23.15 50.6013
    endloop
  endfacet
  facet normal -0.986662 0 0.162783
    outer loop
      vertex -21.7197 -23.15 50.7498
      vertex -21.7442 -25.75 50.6013
      vertex -21.7197 -25.75 50.7498
    endloop
  endfacet
  facet normal -0.81288 0 0.582431
    outer loop
      vertex -22.1753 -25.75 49.6498
      vertex -22.0876 -23.15 49.7722
      vertex -22.1753 -23.15 49.6498
    endloop
  endfacet
  facet normal -0.81288 0 0.582431
    outer loop
      vertex -22.0876 -23.15 49.7722
      vertex -22.1753 -25.75 49.6498
      vertex -22.0876 -25.75 49.7722
    endloop
  endfacet
  facet normal -0.882003 0 0.471244
    outer loop
      vertex -22.0081 -25.75 49.9
      vertex -21.9372 -23.15 50.0327
      vertex -22.0081 -23.15 49.9
    endloop
  endfacet
  facet normal -0.882003 0 0.471244
    outer loop
      vertex -21.9372 -23.15 50.0327
      vertex -22.0081 -25.75 49.9
      vertex -21.9372 -25.75 50.0327
    endloop
  endfacet
  facet normal 0.0983197 0 0.995155
    outer loop
      vertex -24.3002 -23.15 48.7697
      vertex -24.1504 -25.75 48.7549
      vertex -24.1504 -23.15 48.7549
    endloop
  endfacet
  facet normal 0.0983197 0 0.995155
    outer loop
      vertex -24.1504 -25.75 48.7549
      vertex -24.3002 -23.15 48.7697
      vertex -24.3002 -25.75 48.7697
    endloop
  endfacet
  facet normal 0.910912 0 -0.412601
    outer loop
      vertex -26.0628 -25.75 52.0673
      vertex -26.1249 -23.15 51.9302
      vertex -26.0628 -23.15 52.0673
    endloop
  endfacet
  facet normal 0.910912 0 -0.412601
    outer loop
      vertex -26.1249 -23.15 51.9302
      vertex -26.0628 -25.75 52.0673
      vertex -26.1249 -25.75 51.9302
    endloop
  endfacet
  facet normal -0.683808 0 0.729662
    outer loop
      vertex -22.4835 -23.15 49.3208
      vertex -22.3737 -25.75 49.4237
      vertex -22.3737 -23.15 49.4237
    endloop
  endfacet
  facet normal -0.683808 0 0.729662
    outer loop
      vertex -22.3737 -25.75 49.4237
      vertex -22.4835 -23.15 49.3208
      vertex -22.4835 -25.75 49.3208
    endloop
  endfacet
  facet normal -0.290395 0 -0.956907
    outer loop
      vertex -23.4047 -25.75 53.2716
      vertex -23.2607 -23.15 53.2279
      vertex -23.2607 -25.75 53.2279
    endloop
  endfacet
  facet normal -0.290395 0 -0.956907
    outer loop
      vertex -23.2607 -23.15 53.2279
      vertex -23.4047 -25.75 53.2716
      vertex -23.4047 -23.15 53.2716
    endloop
  endfacet
  facet normal 0.582431 0 0.81288
    outer loop
      vertex -25.4002 -23.15 49.2253
      vertex -25.2778 -25.75 49.1376
      vertex -25.2778 -23.15 49.1376
    endloop
  endfacet
  facet normal 0.582431 0 0.81288
    outer loop
      vertex -25.2778 -25.75 49.1376
      vertex -25.4002 -23.15 49.2253
      vertex -25.4002 -25.75 49.2253
    endloop
  endfacet
  facet normal 0.683808 0 0.729662
    outer loop
      vertex -25.6263 -23.15 49.4237
      vertex -25.5165 -25.75 49.3208
      vertex -25.5165 -23.15 49.3208
    endloop
  endfacet
  facet normal 0.683808 0 0.729662
    outer loop
      vertex -25.5165 -25.75 49.3208
      vertex -25.6263 -23.15 49.4237
      vertex -25.6263 -25.75 49.4237
    endloop
  endfacet
  facet normal 0.35207 0 0.935974
    outer loop
      vertex -24.8802 -23.15 48.9251
      vertex -24.7393 -25.75 48.8721
      vertex -24.7393 -23.15 48.8721
    endloop
  endfacet
  facet normal 0.35207 0 0.935974
    outer loop
      vertex -24.7393 -25.75 48.8721
      vertex -24.8802 -23.15 48.9251
      vertex -24.8802 -25.75 48.9251
    endloop
  endfacet
  facet normal 0.290395 0 0.956907
    outer loop
      vertex -24.7393 -23.15 48.8721
      vertex -24.5953 -25.75 48.8284
      vertex -24.5953 -23.15 48.8284
    endloop
  endfacet
  facet normal 0.290395 0 0.956907
    outer loop
      vertex -24.5953 -25.75 48.8284
      vertex -24.7393 -23.15 48.8721
      vertex -24.7393 -25.75 48.8721
    endloop
  endfacet
  facet normal 0.528206 0 -0.849116
    outer loop
      vertex -25.2778 -25.75 52.9624
      vertex -25.15 -23.15 53.0419
      vertex -25.15 -25.75 53.0419
    endloop
  endfacet
  facet normal 0.528206 0 -0.849116
    outer loop
      vertex -25.15 -23.15 53.0419
      vertex -25.2778 -25.75 52.9624
      vertex -25.2778 -23.15 52.9624
    endloop
  endfacet
  facet normal -0.528206 0 0.849116
    outer loop
      vertex -22.85 -23.15 49.0581
      vertex -22.7222 -25.75 49.1376
      vertex -22.7222 -23.15 49.1376
    endloop
  endfacet
  facet normal -0.528206 0 0.849116
    outer loop
      vertex -22.7222 -25.75 49.1376
      vertex -22.85 -23.15 49.0581
      vertex -22.85 -25.75 49.0581
    endloop
  endfacet
  facet normal 0.0325625 0 0.99947
    outer loop
      vertex -24.1504 -23.15 48.7549
      vertex -24 -25.75 48.75
      vertex -24 -23.15 48.75
    endloop
  endfacet
  facet normal 0.0325625 0 0.99947
    outer loop
      vertex -24 -25.75 48.75
      vertex -24.1504 -23.15 48.7549
      vertex -24.1504 -25.75 48.7549
    endloop
  endfacet
  facet normal 0.882003 -0 0.471244
    outer loop
      vertex -26.0628 -25.75 50.0327
      vertex -25.9919 -23.15 49.9
      vertex -26.0628 -23.15 50.0327
    endloop
  endfacet
  facet normal 0.882003 0 0.471244
    outer loop
      vertex -25.9919 -23.15 49.9
      vertex -26.0628 -25.75 50.0327
      vertex -25.9919 -25.75 49.9
    endloop
  endfacet
  facet normal 0.773098 0 -0.634286
    outer loop
      vertex -25.7292 -25.75 52.5665
      vertex -25.8247 -23.15 52.4501
      vertex -25.7292 -23.15 52.5665
    endloop
  endfacet
  facet normal 0.773098 0 -0.634286
    outer loop
      vertex -25.8247 -23.15 52.4501
      vertex -25.7292 -25.75 52.5665
      vertex -25.8247 -25.75 52.4501
    endloop
  endfacet
  facet normal -0.499989 0 -0.866032
    outer loop
      vertex -24 -23.15 55.3801
      vertex -20.25 -19.55 53.2151
      vertex -20.25 -23.15 53.2151
    endloop
  endfacet
  facet normal -0.499989 0 -0.866032
    outer loop
      vertex -20.25 -19.55 53.2151
      vertex -24 -23.15 55.3801
      vertex -24 -19.55 55.3801
    endloop
  endfacet
  facet normal 0.499989 0 0.866032
    outer loop
      vertex -27.75 -19.55 48.8849
      vertex -24 -23.15 46.7199
      vertex -24 -19.55 46.7199
    endloop
  endfacet
  facet normal 0.499989 0 0.866032
    outer loop
      vertex -24 -23.15 46.7199
      vertex -27.75 -19.55 48.8849
      vertex -27.75 -23.15 48.8849
    endloop
  endfacet
  facet normal -0.499989 0 0.866032
    outer loop
      vertex -24 -19.55 46.7199
      vertex -20.25 -23.15 48.8849
      vertex -20.25 -19.55 48.8849
    endloop
  endfacet
  facet normal -0.499989 0 0.866032
    outer loop
      vertex -20.25 -23.15 48.8849
      vertex -24 -19.55 46.7199
      vertex -24 -23.15 46.7199
    endloop
  endfacet
  facet normal 1 -0 0
    outer loop
      vertex -27.75 -23.15 53.2151
      vertex -27.75 -19.55 48.8849
      vertex -27.75 -19.55 53.2151
    endloop
  endfacet
  facet normal 1 0 0
    outer loop
      vertex -27.75 -19.55 48.8849
      vertex -27.75 -23.15 53.2151
      vertex -27.75 -23.15 48.8849
    endloop
  endfacet
  facet normal 0.499989 0 -0.866032
    outer loop
      vertex -27.75 -23.15 53.2151
      vertex -24 -19.55 55.3801
      vertex -24 -23.15 55.3801
    endloop
  endfacet
  facet normal 0.499989 0 -0.866032
    outer loop
      vertex -24 -19.55 55.3801
      vertex -27.75 -23.15 53.2151
      vertex -27.75 -19.55 53.2151
    endloop
  endfacet
  facet normal 0 1 0
    outer loop
      vertex -24 -23.15 55.3801
      vertex -23.8496 -23.15 53.3451
      vertex -24 -23.15 53.35
    endloop
  endfacet
  facet normal 0 1 0
    outer loop
      vertex -24 -23.15 55.3801
      vertex -23.6998 -23.15 53.3303
      vertex -23.8496 -23.15 53.3451
    endloop
  endfacet
  facet normal 0 1 0
    outer loop
      vertex -24 -23.15 55.3801
      vertex -23.5513 -23.15 53.3058
      vertex -23.6998 -23.15 53.3303
    endloop
  endfacet
  facet normal 0 1 0
    outer loop
      vertex -24 -23.15 55.3801
      vertex -23.4047 -23.15 53.2716
      vertex -23.5513 -23.15 53.3058
    endloop
  endfacet
  facet normal 0 1 0
    outer loop
      vertex -24 -23.15 55.3801
      vertex -23.2607 -23.15 53.2279
      vertex -23.4047 -23.15 53.2716
    endloop
  endfacet
  facet normal 0 1 -0
    outer loop
      vertex -22.85 -23.15 53.0419
      vertex -24 -23.15 55.3801
      vertex -20.25 -23.15 53.2151
    endloop
  endfacet
  facet normal 0 1 0
    outer loop
      vertex -24 -23.15 55.3801
      vertex -23.1198 -23.15 53.1749
      vertex -23.2607 -23.15 53.2279
    endloop
  endfacet
  facet normal 0 1 0
    outer loop
      vertex -24 -23.15 55.3801
      vertex -22.9827 -23.15 53.1128
      vertex -23.1198 -23.15 53.1749
    endloop
  endfacet
  facet normal 0 1 0
    outer loop
      vertex -24 -23.15 55.3801
      vertex -22.85 -23.15 53.0419
      vertex -22.9827 -23.15 53.1128
    endloop
  endfacet
  facet normal 0 1 0
    outer loop
      vertex -20.25 -23.15 53.2151
      vertex -22.7222 -23.15 52.9624
      vertex -22.85 -23.15 53.0419
    endloop
  endfacet
  facet normal 0 1 0
    outer loop
      vertex -20.25 -23.15 53.2151
      vertex -22.5998 -23.15 52.8747
      vertex -22.7222 -23.15 52.9624
    endloop
  endfacet
  facet normal 0 1 0
    outer loop
      vertex -20.25 -23.15 53.2151
      vertex -22.4835 -23.15 52.7792
      vertex -22.5998 -23.15 52.8747
    endloop
  endfacet
  facet normal 0 1 0
    outer loop
      vertex -20.25 -23.15 53.2151
      vertex -22.3737 -23.15 52.6763
      vertex -22.4835 -23.15 52.7792
    endloop
  endfacet
  facet normal 0 1 0
    outer loop
      vertex -20.25 -23.15 53.2151
      vertex -22.2708 -23.15 52.5665
      vertex -22.3737 -23.15 52.6763
    endloop
  endfacet
  facet normal 0 1 0
    outer loop
      vertex -20.25 -23.15 53.2151
      vertex -22.1753 -23.15 52.4501
      vertex -22.2708 -23.15 52.5665
    endloop
  endfacet
  facet normal 0 1 0
    outer loop
      vertex -20.25 -23.15 53.2151
      vertex -22.0876 -23.15 52.3278
      vertex -22.1753 -23.15 52.4501
    endloop
  endfacet
  facet normal 0 1 0
    outer loop
      vertex -20.25 -23.15 53.2151
      vertex -22.0081 -23.15 52.2
      vertex -22.0876 -23.15 52.3278
    endloop
  endfacet
  facet normal 0 1 0
    outer loop
      vertex -20.25 -23.15 53.2151
      vertex -21.9372 -23.15 52.0673
      vertex -22.0081 -23.15 52.2
    endloop
  endfacet
  facet normal 0 1 0
    outer loop
      vertex -20.25 -23.15 53.2151
      vertex -21.8751 -23.15 51.9302
      vertex -21.9372 -23.15 52.0673
    endloop
  endfacet
  facet normal 0 1 0
    outer loop
      vertex -20.25 -23.15 53.2151
      vertex -21.8221 -23.15 51.7893
      vertex -21.8751 -23.15 51.9302
    endloop
  endfacet
  facet normal 0 1 0
    outer loop
      vertex -20.25 -23.15 53.2151
      vertex -21.7784 -23.15 51.6453
      vertex -21.8221 -23.15 51.7893
    endloop
  endfacet
  facet normal 0 1 0
    outer loop
      vertex -20.25 -23.15 53.2151
      vertex -21.7442 -23.15 51.4987
      vertex -21.7784 -23.15 51.6453
    endloop
  endfacet
  facet normal 0 1 0
    outer loop
      vertex -20.25 -23.15 53.2151
      vertex -21.7197 -23.15 51.3502
      vertex -21.7442 -23.15 51.4987
    endloop
  endfacet
  facet normal 0 1 0
    outer loop
      vertex -20.25 -23.15 53.2151
      vertex -21.7049 -23.15 51.2004
      vertex -21.7197 -23.15 51.3502
    endloop
  endfacet
  facet normal 0 1 0
    outer loop
      vertex -20.25 -23.15 53.2151
      vertex -21.7 -23.15 51.05
      vertex -21.7049 -23.15 51.2004
    endloop
  endfacet
  facet normal 0 1 -0
    outer loop
      vertex -20.25 -23.15 48.8849
      vertex -21.7 -23.15 51.05
      vertex -20.25 -23.15 53.2151
    endloop
  endfacet
  facet normal 0 1 0
    outer loop
      vertex -21.7 -23.15 51.05
      vertex -20.25 -23.15 48.8849
      vertex -21.7049 -23.15 50.8996
    endloop
  endfacet
  facet normal 0 1 0
    outer loop
      vertex -21.7049 -23.15 50.8996
      vertex -20.25 -23.15 48.8849
      vertex -21.7197 -23.15 50.7498
    endloop
  endfacet
  facet normal 0 1 0
    outer loop
      vertex -21.7197 -23.15 50.7498
      vertex -20.25 -23.15 48.8849
      vertex -21.7442 -23.15 50.6013
    endloop
  endfacet
  facet normal 0 1 0
    outer loop
      vertex -21.7442 -23.15 50.6013
      vertex -20.25 -23.15 48.8849
      vertex -21.7784 -23.15 50.4547
    endloop
  endfacet
  facet normal 0 1 0
    outer loop
      vertex -21.7784 -23.15 50.4547
      vertex -20.25 -23.15 48.8849
      vertex -21.8221 -23.15 50.3107
    endloop
  endfacet
  facet normal 0 1 0
    outer loop
      vertex -21.8221 -23.15 50.3107
      vertex -20.25 -23.15 48.8849
      vertex -21.8751 -23.15 50.1698
    endloop
  endfacet
  facet normal 0 1 0
    outer loop
      vertex -21.8751 -23.15 50.1698
      vertex -20.25 -23.15 48.8849
      vertex -21.9372 -23.15 50.0327
    endloop
  endfacet
  facet normal 0 1 0
    outer loop
      vertex -20.25 -23.15 48.8849
      vertex -22.0081 -23.15 49.9
      vertex -21.9372 -23.15 50.0327
    endloop
  endfacet
  facet normal 0 1 0
    outer loop
      vertex -20.25 -23.15 48.8849
      vertex -22.0876 -23.15 49.7722
      vertex -22.0081 -23.15 49.9
    endloop
  endfacet
  facet normal 0 1 0
    outer loop
      vertex -20.25 -23.15 48.8849
      vertex -22.1753 -23.15 49.6498
      vertex -22.0876 -23.15 49.7722
    endloop
  endfacet
  facet normal 0 1 0
    outer loop
      vertex -20.25 -23.15 48.8849
      vertex -22.2708 -23.15 49.5335
      vertex -22.1753 -23.15 49.6498
    endloop
  endfacet
  facet normal 0 1 0
    outer loop
      vertex -20.25 -23.15 48.8849
      vertex -22.3737 -23.15 49.4237
      vertex -22.2708 -23.15 49.5335
    endloop
  endfacet
  facet normal 0 1 0
    outer loop
      vertex -20.25 -23.15 48.8849
      vertex -22.4835 -23.15 49.3208
      vertex -22.3737 -23.15 49.4237
    endloop
  endfacet
  facet normal 0 1 0
    outer loop
      vertex -20.25 -23.15 48.8849
      vertex -22.5998 -23.15 49.2253
      vertex -22.4835 -23.15 49.3208
    endloop
  endfacet
  facet normal 0 1 0
    outer loop
      vertex -20.25 -23.15 48.8849
      vertex -22.7222 -23.15 49.1376
      vertex -22.5998 -23.15 49.2253
    endloop
  endfacet
  facet normal 0 1 0
    outer loop
      vertex -20.25 -23.15 48.8849
      vertex -22.85 -23.15 49.0581
      vertex -22.7222 -23.15 49.1376
    endloop
  endfacet
  facet normal 0 1 0
    outer loop
      vertex -24 -23.15 46.7199
      vertex -22.85 -23.15 49.0581
      vertex -20.25 -23.15 48.8849
    endloop
  endfacet
  facet normal 0 1 0
    outer loop
      vertex -22.85 -23.15 49.0581
      vertex -24 -23.15 46.7199
      vertex -22.9827 -23.15 48.9872
    endloop
  endfacet
  facet normal 0 1 0
    outer loop
      vertex -22.9827 -23.15 48.9872
      vertex -24 -23.15 46.7199
      vertex -23.1198 -23.15 48.9251
    endloop
  endfacet
  facet normal 0 1 0
    outer loop
      vertex -23.1198 -23.15 48.9251
      vertex -24 -23.15 46.7199
      vertex -23.2607 -23.15 48.8721
    endloop
  endfacet
  facet normal 0 1 0
    outer loop
      vertex -23.2607 -23.15 48.8721
      vertex -24 -23.15 46.7199
      vertex -23.4047 -23.15 48.8284
    endloop
  endfacet
  facet normal 0 1 0
    outer loop
      vertex -23.4047 -23.15 48.8284
      vertex -24 -23.15 46.7199
      vertex -23.5513 -23.15 48.7942
    endloop
  endfacet
  facet normal 0 1 0
    outer loop
      vertex -23.5513 -23.15 48.7942
      vertex -24 -23.15 46.7199
      vertex -23.6998 -23.15 48.7697
    endloop
  endfacet
  facet normal 0 1 0
    outer loop
      vertex -23.8496 -23.15 48.7549
      vertex -24 -23.15 46.7199
      vertex -24 -23.15 48.75
    endloop
  endfacet
  facet normal 0 1 0
    outer loop
      vertex -23.6998 -23.15 48.7697
      vertex -24 -23.15 46.7199
      vertex -23.8496 -23.15 48.7549
    endloop
  endfacet
  facet normal 0 1 0
    outer loop
      vertex -24.1504 -23.15 53.3451
      vertex -24 -23.15 55.3801
      vertex -24 -23.15 53.35
    endloop
  endfacet
  facet normal 0 1 0
    outer loop
      vertex -24.3002 -23.15 53.3303
      vertex -24 -23.15 55.3801
      vertex -24.1504 -23.15 53.3451
    endloop
  endfacet
  facet normal 0 1 0
    outer loop
      vertex -24.4487 -23.15 53.3058
      vertex -24 -23.15 55.3801
      vertex -24.3002 -23.15 53.3303
    endloop
  endfacet
  facet normal 0 1 0
    outer loop
      vertex -24.5953 -23.15 53.2716
      vertex -24 -23.15 55.3801
      vertex -24.4487 -23.15 53.3058
    endloop
  endfacet
  facet normal 0 1 0
    outer loop
      vertex -24.7393 -23.15 53.2279
      vertex -24 -23.15 55.3801
      vertex -24.5953 -23.15 53.2716
    endloop
  endfacet
  facet normal 0 1 0
    outer loop
      vertex -24.8802 -23.15 53.1749
      vertex -24 -23.15 55.3801
      vertex -24.7393 -23.15 53.2279
    endloop
  endfacet
  facet normal 0 1 0
    outer loop
      vertex -25.0173 -23.15 53.1128
      vertex -24 -23.15 55.3801
      vertex -24.8802 -23.15 53.1749
    endloop
  endfacet
  facet normal 0 1 0
    outer loop
      vertex -25.15 -23.15 53.0419
      vertex -24 -23.15 55.3801
      vertex -25.0173 -23.15 53.1128
    endloop
  endfacet
  facet normal 0 1 0
    outer loop
      vertex -24 -23.15 55.3801
      vertex -25.15 -23.15 53.0419
      vertex -27.75 -23.15 53.2151
    endloop
  endfacet
  facet normal 0 1 -0
    outer loop
      vertex -25.2778 -23.15 52.9624
      vertex -27.75 -23.15 53.2151
      vertex -25.15 -23.15 53.0419
    endloop
  endfacet
  facet normal 0 1 -0
    outer loop
      vertex -25.4002 -23.15 52.8747
      vertex -27.75 -23.15 53.2151
      vertex -25.2778 -23.15 52.9624
    endloop
  endfacet
  facet normal 0 1 -0
    outer loop
      vertex -25.5165 -23.15 52.7792
      vertex -27.75 -23.15 53.2151
      vertex -25.4002 -23.15 52.8747
    endloop
  endfacet
  facet normal 0 1 -0
    outer loop
      vertex -25.6263 -23.15 52.6763
      vertex -27.75 -23.15 53.2151
      vertex -25.5165 -23.15 52.7792
    endloop
  endfacet
  facet normal 0 1 -0
    outer loop
      vertex -25.7292 -23.15 52.5665
      vertex -27.75 -23.15 53.2151
      vertex -25.6263 -23.15 52.6763
    endloop
  endfacet
  facet normal 0 1 -0
    outer loop
      vertex -25.8247 -23.15 52.4501
      vertex -27.75 -23.15 53.2151
      vertex -25.7292 -23.15 52.5665
    endloop
  endfacet
  facet normal 0 1 -0
    outer loop
      vertex -25.9124 -23.15 52.3278
      vertex -27.75 -23.15 53.2151
      vertex -25.8247 -23.15 52.4501
    endloop
  endfacet
  facet normal 0 1 -0
    outer loop
      vertex -25.9919 -23.15 52.2
      vertex -27.75 -23.15 53.2151
      vertex -25.9124 -23.15 52.3278
    endloop
  endfacet
  facet normal 0 1 -0
    outer loop
      vertex -26.0628 -23.15 52.0673
      vertex -27.75 -23.15 53.2151
      vertex -25.9919 -23.15 52.2
    endloop
  endfacet
  facet normal 0 1 -0
    outer loop
      vertex -26.1249 -23.15 51.9302
      vertex -27.75 -23.15 53.2151
      vertex -26.0628 -23.15 52.0673
    endloop
  endfacet
  facet normal 0 1 -0
    outer loop
      vertex -26.1779 -23.15 51.7893
      vertex -27.75 -23.15 53.2151
      vertex -26.1249 -23.15 51.9302
    endloop
  endfacet
  facet normal 0 1 -0
    outer loop
      vertex -26.2216 -23.15 51.6453
      vertex -27.75 -23.15 53.2151
      vertex -26.1779 -23.15 51.7893
    endloop
  endfacet
  facet normal 0 1 -0
    outer loop
      vertex -26.2558 -23.15 51.4987
      vertex -27.75 -23.15 53.2151
      vertex -26.2216 -23.15 51.6453
    endloop
  endfacet
  facet normal 0 1 -0
    outer loop
      vertex -26.2803 -23.15 51.3502
      vertex -27.75 -23.15 53.2151
      vertex -26.2558 -23.15 51.4987
    endloop
  endfacet
  facet normal 0 1 -0
    outer loop
      vertex -26.2951 -23.15 51.2004
      vertex -27.75 -23.15 53.2151
      vertex -26.2803 -23.15 51.3502
    endloop
  endfacet
  facet normal 0 1 -0
    outer loop
      vertex -26.3 -23.15 51.05
      vertex -27.75 -23.15 53.2151
      vertex -26.2951 -23.15 51.2004
    endloop
  endfacet
  facet normal 0 1 0
    outer loop
      vertex -27.75 -23.15 48.8849
      vertex -26.3 -23.15 51.05
      vertex -26.2951 -23.15 50.8996
    endloop
  endfacet
  facet normal 0 1 0
    outer loop
      vertex -27.75 -23.15 48.8849
      vertex -26.2951 -23.15 50.8996
      vertex -26.2803 -23.15 50.7498
    endloop
  endfacet
  facet normal 0 1 0
    outer loop
      vertex -27.75 -23.15 48.8849
      vertex -26.2803 -23.15 50.7498
      vertex -26.2558 -23.15 50.6013
    endloop
  endfacet
  facet normal 0 1 0
    outer loop
      vertex -27.75 -23.15 48.8849
      vertex -26.2558 -23.15 50.6013
      vertex -26.2216 -23.15 50.4547
    endloop
  endfacet
  facet normal 0 1 0
    outer loop
      vertex -27.75 -23.15 48.8849
      vertex -26.2216 -23.15 50.4547
      vertex -26.1779 -23.15 50.3107
    endloop
  endfacet
  facet normal 0 1 0
    outer loop
      vertex -27.75 -23.15 48.8849
      vertex -26.1779 -23.15 50.3107
      vertex -26.1249 -23.15 50.1698
    endloop
  endfacet
  facet normal 0 1 0
    outer loop
      vertex -27.75 -23.15 48.8849
      vertex -26.1249 -23.15 50.1698
      vertex -26.0628 -23.15 50.0327
    endloop
  endfacet
  facet normal 0 1 0
    outer loop
      vertex -26.3 -23.15 51.05
      vertex -27.75 -23.15 48.8849
      vertex -27.75 -23.15 53.2151
    endloop
  endfacet
  facet normal 0 1 0
    outer loop
      vertex -25.9919 -23.15 49.9
      vertex -27.75 -23.15 48.8849
      vertex -26.0628 -23.15 50.0327
    endloop
  endfacet
  facet normal 0 1 0
    outer loop
      vertex -25.9124 -23.15 49.7722
      vertex -27.75 -23.15 48.8849
      vertex -25.9919 -23.15 49.9
    endloop
  endfacet
  facet normal 0 1 0
    outer loop
      vertex -25.8247 -23.15 49.6498
      vertex -27.75 -23.15 48.8849
      vertex -25.9124 -23.15 49.7722
    endloop
  endfacet
  facet normal 0 1 0
    outer loop
      vertex -25.7292 -23.15 49.5335
      vertex -27.75 -23.15 48.8849
      vertex -25.8247 -23.15 49.6498
    endloop
  endfacet
  facet normal 0 1 0
    outer loop
      vertex -25.6263 -23.15 49.4237
      vertex -27.75 -23.15 48.8849
      vertex -25.7292 -23.15 49.5335
    endloop
  endfacet
  facet normal 0 1 0
    outer loop
      vertex -25.5165 -23.15 49.3208
      vertex -27.75 -23.15 48.8849
      vertex -25.6263 -23.15 49.4237
    endloop
  endfacet
  facet normal 0 1 0
    outer loop
      vertex -25.4002 -23.15 49.2253
      vertex -27.75 -23.15 48.8849
      vertex -25.5165 -23.15 49.3208
    endloop
  endfacet
  facet normal 0 1 0
    outer loop
      vertex -25.2778 -23.15 49.1376
      vertex -27.75 -23.15 48.8849
      vertex -25.4002 -23.15 49.2253
    endloop
  endfacet
  facet normal 0 1 0
    outer loop
      vertex -25.15 -23.15 49.0581
      vertex -27.75 -23.15 48.8849
      vertex -25.2778 -23.15 49.1376
    endloop
  endfacet
  facet normal 0 1 0
    outer loop
      vertex -24 -23.15 46.7199
      vertex -25.15 -23.15 49.0581
      vertex -25.0173 -23.15 48.9872
    endloop
  endfacet
  facet normal 0 1 0
    outer loop
      vertex -24 -23.15 46.7199
      vertex -25.0173 -23.15 48.9872
      vertex -24.8802 -23.15 48.9251
    endloop
  endfacet
  facet normal 0 1 0
    outer loop
      vertex -24 -23.15 46.7199
      vertex -24.8802 -23.15 48.9251
      vertex -24.7393 -23.15 48.8721
    endloop
  endfacet
  facet normal 0 1 0
    outer loop
      vertex -24 -23.15 46.7199
      vertex -24.7393 -23.15 48.8721
      vertex -24.5953 -23.15 48.8284
    endloop
  endfacet
  facet normal 0 1 0
    outer loop
      vertex -24 -23.15 46.7199
      vertex -24.5953 -23.15 48.8284
      vertex -24.4487 -23.15 48.7942
    endloop
  endfacet
  facet normal 0 1 0
    outer loop
      vertex -24 -23.15 46.7199
      vertex -24.4487 -23.15 48.7942
      vertex -24.3002 -23.15 48.7697
    endloop
  endfacet
  facet normal 0 1 0
    outer loop
      vertex -24 -23.15 46.7199
      vertex -24.3002 -23.15 48.7697
      vertex -24.1504 -23.15 48.7549
    endloop
  endfacet
  facet normal 0 1 0
    outer loop
      vertex -25.15 -23.15 49.0581
      vertex -24 -23.15 46.7199
      vertex -27.75 -23.15 48.8849
    endloop
  endfacet
  facet normal 0 1 -0
    outer loop
      vertex -24 -23.15 46.7199
      vertex -24.1504 -23.15 48.7549
      vertex -24 -23.15 48.75
    endloop
  endfacet
  facet normal -1 0 0
    outer loop
      vertex -20.25 -23.15 48.8849
      vertex -20.25 -19.55 53.2151
      vertex -20.25 -19.55 48.8849
    endloop
  endfacet
  facet normal -1 -0 0
    outer loop
      vertex -20.25 -19.55 53.2151
      vertex -20.25 -23.15 48.8849
      vertex -20.25 -23.15 53.2151
    endloop
  endfacet
  facet normal 0.729662 0 -0.683808
    outer loop
      vertex 22.3737 -25.75 43.6763
      vertex 22.2708 -23.15 43.5665
      vertex 22.3737 -23.15 43.6763
    endloop
  endfacet
  facet normal 0.729662 0 -0.683808
    outer loop
      vertex 22.2708 -23.15 43.5665
      vertex 22.3737 -25.75 43.6763
      vertex 22.2708 -25.75 43.5665
    endloop
  endfacet
  facet normal -0.528206 0 -0.849116
    outer loop
      vertex 25.15 -25.75 44.0419
      vertex 25.2778 -23.15 43.9624
      vertex 25.2778 -25.75 43.9624
    endloop
  endfacet
  facet normal -0.528206 0 -0.849116
    outer loop
      vertex 25.2778 -23.15 43.9624
      vertex 25.15 -25.75 44.0419
      vertex 25.15 -23.15 44.0419
    endloop
  endfacet
  facet normal -0.995155 0 -0.0983197
    outer loop
      vertex 26.2951 -25.75 42.2004
      vertex 26.2803 -23.15 42.3502
      vertex 26.2951 -23.15 42.2004
    endloop
  endfacet
  facet normal -0.995155 -0 -0.0983197
    outer loop
      vertex 26.2803 -23.15 42.3502
      vertex 26.2951 -25.75 42.2004
      vertex 26.2803 -25.75 42.3502
    endloop
  endfacet
  facet normal -0.99947 0 -0.0325625
    outer loop
      vertex 26.3 -25.75 42.05
      vertex 26.2951 -23.15 42.2004
      vertex 26.3 -23.15 42.05
    endloop
  endfacet
  facet normal -0.99947 -0 -0.0325625
    outer loop
      vertex 26.2951 -23.15 42.2004
      vertex 26.3 -25.75 42.05
      vertex 26.2951 -25.75 42.2004
    endloop
  endfacet
  facet normal -0.634612 0 -0.772831
    outer loop
      vertex 25.4002 -25.75 43.8747
      vertex 25.5165 -23.15 43.7792
      vertex 25.5165 -25.75 43.7792
    endloop
  endfacet
  facet normal -0.634612 0 -0.772831
    outer loop
      vertex 25.5165 -23.15 43.7792
      vertex 25.4002 -25.75 43.8747
      vertex 25.4002 -23.15 43.8747
    endloop
  endfacet
  facet normal 0.162783 0 -0.986662
    outer loop
      vertex 23.5513 -25.75 44.3058
      vertex 23.6998 -23.15 44.3303
      vertex 23.6998 -25.75 44.3303
    endloop
  endfacet
  facet normal 0.162783 0 -0.986662
    outer loop
      vertex 23.6998 -23.15 44.3303
      vertex 23.5513 -25.75 44.3058
      vertex 23.5513 -23.15 44.3058
    endloop
  endfacet
  facet normal -0.683808 0 0.729662
    outer loop
      vertex 25.5165 -23.15 40.3208
      vertex 25.6263 -25.75 40.4237
      vertex 25.6263 -23.15 40.4237
    endloop
  endfacet
  facet normal -0.683808 0 0.729662
    outer loop
      vertex 25.6263 -25.75 40.4237
      vertex 25.5165 -23.15 40.3208
      vertex 25.5165 -25.75 40.3208
    endloop
  endfacet
  facet normal 0.729662 -0 0.683808
    outer loop
      vertex 22.2708 -25.75 40.5335
      vertex 22.3737 -23.15 40.4237
      vertex 22.2708 -23.15 40.5335
    endloop
  endfacet
  facet normal 0.729662 0 0.683808
    outer loop
      vertex 22.3737 -23.15 40.4237
      vertex 22.2708 -25.75 40.5335
      vertex 22.3737 -25.75 40.4237
    endloop
  endfacet
  facet normal -0.812655 0 -0.582746
    outer loop
      vertex 25.9124 -25.75 43.3278
      vertex 25.8247 -23.15 43.4501
      vertex 25.9124 -23.15 43.3278
    endloop
  endfacet
  facet normal -0.812655 -0 -0.582746
    outer loop
      vertex 25.8247 -23.15 43.4501
      vertex 25.9124 -25.75 43.3278
      vertex 25.8247 -25.75 43.4501
    endloop
  endfacet
  facet normal 0.582431 0 0.81288
    outer loop
      vertex 22.5998 -23.15 40.2253
      vertex 22.7222 -25.75 40.1376
      vertex 22.7222 -23.15 40.1376
    endloop
  endfacet
  facet normal 0.582431 0 0.81288
    outer loop
      vertex 22.7222 -25.75 40.1376
      vertex 22.5998 -23.15 40.2253
      vertex 22.5998 -25.75 40.2253
    endloop
  endfacet
  facet normal 0.995155 -0 0.0983197
    outer loop
      vertex 21.7049 -25.75 41.8996
      vertex 21.7197 -23.15 41.7498
      vertex 21.7049 -23.15 41.8996
    endloop
  endfacet
  facet normal 0.995155 0 0.0983197
    outer loop
      vertex 21.7197 -23.15 41.7498
      vertex 21.7049 -25.75 41.8996
      vertex 21.7197 -25.75 41.7498
    endloop
  endfacet
  facet normal 0.81288 -0 0.582431
    outer loop
      vertex 22.0876 -25.75 40.7722
      vertex 22.1753 -23.15 40.6498
      vertex 22.0876 -23.15 40.7722
    endloop
  endfacet
  facet normal 0.81288 0 0.582431
    outer loop
      vertex 22.1753 -23.15 40.6498
      vertex 22.0876 -25.75 40.7722
      vertex 22.1753 -25.75 40.6498
    endloop
  endfacet
  facet normal 0.634612 0 0.772831
    outer loop
      vertex 22.4835 -23.15 40.3208
      vertex 22.5998 -25.75 40.2253
      vertex 22.5998 -23.15 40.2253
    endloop
  endfacet
  facet normal 0.634612 0 0.772831
    outer loop
      vertex 22.5998 -25.75 40.2253
      vertex 22.4835 -23.15 40.3208
      vertex 22.4835 -25.75 40.3208
    endloop
  endfacet
  facet normal 0.227188 0 0.973851
    outer loop
      vertex 23.4047 -23.15 39.8284
      vertex 23.5513 -25.75 39.7942
      vertex 23.5513 -23.15 39.7942
    endloop
  endfacet
  facet normal 0.227188 0 0.973851
    outer loop
      vertex 23.5513 -25.75 39.7942
      vertex 23.4047 -23.15 39.8284
      vertex 23.4047 -25.75 39.8284
    endloop
  endfacet
  facet normal 0.935974 -0 0.35207
    outer loop
      vertex 21.8221 -25.75 41.3107
      vertex 21.8751 -23.15 41.1698
      vertex 21.8221 -23.15 41.3107
    endloop
  endfacet
  facet normal 0.935974 0 0.35207
    outer loop
      vertex 21.8751 -23.15 41.1698
      vertex 21.8221 -25.75 41.3107
      vertex 21.8751 -25.75 41.1698
    endloop
  endfacet
  facet normal -0.412601 0 -0.910912
    outer loop
      vertex 24.8802 -25.75 44.1749
      vertex 25.0173 -23.15 44.1128
      vertex 25.0173 -25.75 44.1128
    endloop
  endfacet
  facet normal -0.412601 0 -0.910912
    outer loop
      vertex 25.0173 -23.15 44.1128
      vertex 24.8802 -25.75 44.1749
      vertex 24.8802 -23.15 44.1749
    endloop
  endfacet
  facet normal -0.986662 0 -0.162783
    outer loop
      vertex 26.2803 -25.75 42.3502
      vertex 26.2558 -23.15 42.4987
      vertex 26.2803 -23.15 42.3502
    endloop
  endfacet
  facet normal -0.986662 -0 -0.162783
    outer loop
      vertex 26.2558 -23.15 42.4987
      vertex 26.2803 -25.75 42.3502
      vertex 26.2558 -25.75 42.4987
    endloop
  endfacet
  facet normal 0.956907 -0 0.290395
    outer loop
      vertex 21.7784 -25.75 41.4547
      vertex 21.8221 -23.15 41.3107
      vertex 21.7784 -23.15 41.4547
    endloop
  endfacet
  facet normal 0.956907 0 0.290395
    outer loop
      vertex 21.8221 -23.15 41.3107
      vertex 21.7784 -25.75 41.4547
      vertex 21.8221 -25.75 41.3107
    endloop
  endfacet
  facet normal -0.162783 0 0.986662
    outer loop
      vertex 24.3002 -23.15 39.7697
      vertex 24.4487 -25.75 39.7942
      vertex 24.4487 -23.15 39.7942
    endloop
  endfacet
  facet normal -0.162783 0 0.986662
    outer loop
      vertex 24.4487 -25.75 39.7942
      vertex 24.3002 -23.15 39.7697
      vertex 24.3002 -25.75 39.7697
    endloop
  endfacet
  facet normal -0.290395 0 0.956907
    outer loop
      vertex 24.5953 -23.15 39.8284
      vertex 24.7393 -25.75 39.8721
      vertex 24.7393 -23.15 39.8721
    endloop
  endfacet
  facet normal -0.290395 0 0.956907
    outer loop
      vertex 24.7393 -25.75 39.8721
      vertex 24.5953 -23.15 39.8284
      vertex 24.5953 -25.75 39.8284
    endloop
  endfacet
  facet normal 0.582431 0 -0.81288
    outer loop
      vertex 22.5998 -25.75 43.8747
      vertex 22.7222 -23.15 43.9624
      vertex 22.7222 -25.75 43.9624
    endloop
  endfacet
  facet normal 0.582431 0 -0.81288
    outer loop
      vertex 22.7222 -23.15 43.9624
      vertex 22.5998 -25.75 43.8747
      vertex 22.5998 -23.15 43.8747
    endloop
  endfacet
  facet normal 0.849116 0 -0.528206
    outer loop
      vertex 22.0876 -25.75 43.3278
      vertex 22.0081 -23.15 43.2
      vertex 22.0876 -23.15 43.3278
    endloop
  endfacet
  facet normal 0.849116 0 -0.528206
    outer loop
      vertex 22.0081 -23.15 43.2
      vertex 22.0876 -25.75 43.3278
      vertex 22.0081 -25.75 43.2
    endloop
  endfacet
  facet normal -0.0983197 0 0.995155
    outer loop
      vertex 24.1504 -23.15 39.7549
      vertex 24.3002 -25.75 39.7697
      vertex 24.3002 -23.15 39.7697
    endloop
  endfacet
  facet normal -0.0983197 0 0.995155
    outer loop
      vertex 24.3002 -25.75 39.7697
      vertex 24.1504 -23.15 39.7549
      vertex 24.1504 -25.75 39.7549
    endloop
  endfacet
  facet normal -0.582431 0 -0.81288
    outer loop
      vertex 25.2778 -25.75 43.9624
      vertex 25.4002 -23.15 43.8747
      vertex 25.4002 -25.75 43.8747
    endloop
  endfacet
  facet normal -0.582431 0 -0.81288
    outer loop
      vertex 25.4002 -23.15 43.8747
      vertex 25.2778 -25.75 43.9624
      vertex 25.2778 -23.15 43.9624
    endloop
  endfacet
  facet normal 0.528206 0 0.849116
    outer loop
      vertex 22.7222 -23.15 40.1376
      vertex 22.85 -25.75 40.0581
      vertex 22.85 -23.15 40.0581
    endloop
  endfacet
  facet normal 0.528206 0 0.849116
    outer loop
      vertex 22.85 -25.75 40.0581
      vertex 22.7222 -23.15 40.1376
      vertex 22.7222 -25.75 40.1376
    endloop
  endfacet
  facet normal -0.412601 0 0.910912
    outer loop
      vertex 24.8802 -23.15 39.9251
      vertex 25.0173 -25.75 39.9872
      vertex 25.0173 -23.15 39.9872
    endloop
  endfacet
  facet normal -0.412601 0 0.910912
    outer loop
      vertex 25.0173 -25.75 39.9872
      vertex 24.8802 -23.15 39.9251
      vertex 24.8802 -25.75 39.9251
    endloop
  endfacet
  facet normal 0.973851 -0 0.227188
    outer loop
      vertex 21.7442 -25.75 41.6013
      vertex 21.7784 -23.15 41.4547
      vertex 21.7442 -23.15 41.6013
    endloop
  endfacet
  facet normal 0.973851 0 0.227188
    outer loop
      vertex 21.7784 -23.15 41.4547
      vertex 21.7442 -25.75 41.6013
      vertex 21.7784 -25.75 41.4547
    endloop
  endfacet
  facet normal -0.956907 0 -0.290395
    outer loop
      vertex 26.2216 -25.75 42.6453
      vertex 26.1779 -23.15 42.7893
      vertex 26.2216 -23.15 42.6453
    endloop
  endfacet
  facet normal -0.956907 -0 -0.290395
    outer loop
      vertex 26.1779 -23.15 42.7893
      vertex 26.2216 -25.75 42.6453
      vertex 26.1779 -25.75 42.7893
    endloop
  endfacet
  facet normal 0.956907 0 -0.290395
    outer loop
      vertex 21.8221 -25.75 42.7893
      vertex 21.7784 -23.15 42.6453
      vertex 21.8221 -23.15 42.7893
    endloop
  endfacet
  facet normal 0.956907 0 -0.290395
    outer loop
      vertex 21.7784 -23.15 42.6453
      vertex 21.8221 -25.75 42.7893
      vertex 21.7784 -25.75 42.6453
    endloop
  endfacet
  facet normal -0.0983197 0 -0.995155
    outer loop
      vertex 24.1504 -25.75 44.3451
      vertex 24.3002 -23.15 44.3303
      vertex 24.3002 -25.75 44.3303
    endloop
  endfacet
  facet normal -0.0983197 0 -0.995155
    outer loop
      vertex 24.3002 -23.15 44.3303
      vertex 24.1504 -25.75 44.3451
      vertex 24.1504 -23.15 44.3451
    endloop
  endfacet
  facet normal -0.227188 0 0.973851
    outer loop
      vertex 24.4487 -23.15 39.7942
      vertex 24.5953 -25.75 39.8284
      vertex 24.5953 -23.15 39.8284
    endloop
  endfacet
  facet normal -0.227188 0 0.973851
    outer loop
      vertex 24.5953 -25.75 39.8284
      vertex 24.4487 -23.15 39.7942
      vertex 24.4487 -25.75 39.7942
    endloop
  endfacet
  facet normal -0.910912 0 -0.412601
    outer loop
      vertex 26.1249 -25.75 42.9302
      vertex 26.0628 -23.15 43.0673
      vertex 26.1249 -23.15 42.9302
    endloop
  endfacet
  facet normal -0.910912 -0 -0.412601
    outer loop
      vertex 26.0628 -23.15 43.0673
      vertex 26.1249 -25.75 42.9302
      vertex 26.0628 -25.75 43.0673
    endloop
  endfacet
  facet normal 0.683808 0 0.729662
    outer loop
      vertex 22.3737 -23.15 40.4237
      vertex 22.4835 -25.75 40.3208
      vertex 22.4835 -23.15 40.3208
    endloop
  endfacet
  facet normal 0.683808 0 0.729662
    outer loop
      vertex 22.4835 -25.75 40.3208
      vertex 22.3737 -23.15 40.4237
      vertex 22.3737 -25.75 40.4237
    endloop
  endfacet
  facet normal -0.773098 0 -0.634286
    outer loop
      vertex 25.8247 -25.75 43.4501
      vertex 25.7292 -23.15 43.5665
      vertex 25.8247 -23.15 43.4501
    endloop
  endfacet
  facet normal -0.773098 -0 -0.634286
    outer loop
      vertex 25.7292 -23.15 43.5665
      vertex 25.8247 -25.75 43.4501
      vertex 25.7292 -25.75 43.5665
    endloop
  endfacet
  facet normal -0.973851 0 -0.227188
    outer loop
      vertex 26.2558 -25.75 42.4987
      vertex 26.2216 -23.15 42.6453
      vertex 26.2558 -23.15 42.4987
    endloop
  endfacet
  facet normal -0.973851 -0 -0.227188
    outer loop
      vertex 26.2216 -23.15 42.6453
      vertex 26.2558 -25.75 42.4987
      vertex 26.2216 -25.75 42.6453
    endloop
  endfacet
  facet normal -0.162783 0 -0.986662
    outer loop
      vertex 24.3002 -25.75 44.3303
      vertex 24.4487 -23.15 44.3058
      vertex 24.4487 -25.75 44.3058
    endloop
  endfacet
  facet normal -0.162783 0 -0.986662
    outer loop
      vertex 24.4487 -23.15 44.3058
      vertex 24.3002 -25.75 44.3303
      vertex 24.3002 -23.15 44.3303
    endloop
  endfacet
  facet normal 0.162783 0 0.986662
    outer loop
      vertex 23.5513 -23.15 39.7942
      vertex 23.6998 -25.75 39.7697
      vertex 23.6998 -23.15 39.7697
    endloop
  endfacet
  facet normal 0.162783 0 0.986662
    outer loop
      vertex 23.6998 -25.75 39.7697
      vertex 23.5513 -23.15 39.7942
      vertex 23.5513 -25.75 39.7942
    endloop
  endfacet
  facet normal -0.772831 0 0.634612
    outer loop
      vertex 25.7292 -25.75 40.5335
      vertex 25.8247 -23.15 40.6498
      vertex 25.7292 -23.15 40.5335
    endloop
  endfacet
  facet normal -0.772831 0 0.634612
    outer loop
      vertex 25.8247 -23.15 40.6498
      vertex 25.7292 -25.75 40.5335
      vertex 25.8247 -25.75 40.6498
    endloop
  endfacet
  facet normal 0.0983197 0 -0.995155
    outer loop
      vertex 23.6998 -25.75 44.3303
      vertex 23.8496 -23.15 44.3451
      vertex 23.8496 -25.75 44.3451
    endloop
  endfacet
  facet normal 0.0983197 0 -0.995155
    outer loop
      vertex 23.8496 -23.15 44.3451
      vertex 23.6998 -25.75 44.3303
      vertex 23.6998 -23.15 44.3303
    endloop
  endfacet
  facet normal 0.634612 0 -0.772831
    outer loop
      vertex 22.4835 -25.75 43.7792
      vertex 22.5998 -23.15 43.8747
      vertex 22.5998 -25.75 43.8747
    endloop
  endfacet
  facet normal 0.634612 0 -0.772831
    outer loop
      vertex 22.5998 -23.15 43.8747
      vertex 22.4835 -25.75 43.7792
      vertex 22.4835 -23.15 43.7792
    endloop
  endfacet
  facet normal -0.99947 0 0.0325625
    outer loop
      vertex 26.2951 -25.75 41.8996
      vertex 26.3 -23.15 42.05
      vertex 26.2951 -23.15 41.8996
    endloop
  endfacet
  facet normal -0.99947 0 0.0325625
    outer loop
      vertex 26.3 -23.15 42.05
      vertex 26.2951 -25.75 41.8996
      vertex 26.3 -25.75 42.05
    endloop
  endfacet
  facet normal -0.729662 0 -0.683808
    outer loop
      vertex 25.7292 -25.75 43.5665
      vertex 25.6263 -23.15 43.6763
      vertex 25.7292 -23.15 43.5665
    endloop
  endfacet
  facet normal -0.729662 -0 -0.683808
    outer loop
      vertex 25.6263 -23.15 43.6763
      vertex 25.7292 -25.75 43.5665
      vertex 25.6263 -25.75 43.6763
    endloop
  endfacet
  facet normal 0.412601 0 0.910912
    outer loop
      vertex 22.9827 -23.15 39.9872
      vertex 23.1198 -25.75 39.9251
      vertex 23.1198 -23.15 39.9251
    endloop
  endfacet
  facet normal 0.412601 0 0.910912
    outer loop
      vertex 23.1198 -25.75 39.9251
      vertex 22.9827 -23.15 39.9872
      vertex 22.9827 -25.75 39.9872
    endloop
  endfacet
  facet normal -0.81288 0 0.582431
    outer loop
      vertex 25.8247 -25.75 40.6498
      vertex 25.9124 -23.15 40.7722
      vertex 25.8247 -23.15 40.6498
    endloop
  endfacet
  facet normal -0.81288 0 0.582431
    outer loop
      vertex 25.9124 -23.15 40.7722
      vertex 25.8247 -25.75 40.6498
      vertex 25.9124 -25.75 40.7722
    endloop
  endfacet
  facet normal -0.849116 0 0.528206
    outer loop
      vertex 25.9124 -25.75 40.7722
      vertex 25.9919 -23.15 40.9
      vertex 25.9124 -23.15 40.7722
    endloop
  endfacet
  facet normal -0.849116 0 0.528206
    outer loop
      vertex 25.9919 -23.15 40.9
      vertex 25.9124 -25.75 40.7722
      vertex 25.9919 -25.75 40.9
    endloop
  endfacet
  facet normal -0.471244 0 -0.882003
    outer loop
      vertex 25.0173 -25.75 44.1128
      vertex 25.15 -23.15 44.0419
      vertex 25.15 -25.75 44.0419
    endloop
  endfacet
  facet normal -0.471244 0 -0.882003
    outer loop
      vertex 25.15 -23.15 44.0419
      vertex 25.0173 -25.75 44.1128
      vertex 25.0173 -23.15 44.1128
    endloop
  endfacet
  facet normal 0.849116 -0 0.528206
    outer loop
      vertex 22.0081 -25.75 40.9
      vertex 22.0876 -23.15 40.7722
      vertex 22.0081 -23.15 40.9
    endloop
  endfacet
  facet normal 0.849116 0 0.528206
    outer loop
      vertex 22.0876 -23.15 40.7722
      vertex 22.0081 -25.75 40.9
      vertex 22.0876 -25.75 40.7722
    endloop
  endfacet
  facet normal -0.0325625 0 0.99947
    outer loop
      vertex 24 -23.15 39.75
      vertex 24.1504 -25.75 39.7549
      vertex 24.1504 -23.15 39.7549
    endloop
  endfacet
  facet normal -0.0325625 0 0.99947
    outer loop
      vertex 24.1504 -25.75 39.7549
      vertex 24 -23.15 39.75
      vertex 24 -25.75 39.75
    endloop
  endfacet
  facet normal -0.995155 0 0.0983197
    outer loop
      vertex 26.2803 -25.75 41.7498
      vertex 26.2951 -23.15 41.8996
      vertex 26.2803 -23.15 41.7498
    endloop
  endfacet
  facet normal -0.995155 0 0.0983197
    outer loop
      vertex 26.2951 -23.15 41.8996
      vertex 26.2803 -25.75 41.7498
      vertex 26.2951 -25.75 41.8996
    endloop
  endfacet
  facet normal 0.0325625 0 0.99947
    outer loop
      vertex 23.8496 -23.15 39.7549
      vertex 24 -25.75 39.75
      vertex 24 -23.15 39.75
    endloop
  endfacet
  facet normal 0.0325625 0 0.99947
    outer loop
      vertex 24 -25.75 39.75
      vertex 23.8496 -23.15 39.7549
      vertex 23.8496 -25.75 39.7549
    endloop
  endfacet
  facet normal 0.935974 0 -0.35207
    outer loop
      vertex 21.8751 -25.75 42.9302
      vertex 21.8221 -23.15 42.7893
      vertex 21.8751 -23.15 42.9302
    endloop
  endfacet
  facet normal 0.935974 0 -0.35207
    outer loop
      vertex 21.8221 -23.15 42.7893
      vertex 21.8751 -25.75 42.9302
      vertex 21.8221 -25.75 42.7893
    endloop
  endfacet
  facet normal 0.99947 0 -0.0325625
    outer loop
      vertex 21.7049 -25.75 42.2004
      vertex 21.7 -23.15 42.05
      vertex 21.7049 -23.15 42.2004
    endloop
  endfacet
  facet normal 0.99947 0 -0.0325625
    outer loop
      vertex 21.7 -23.15 42.05
      vertex 21.7049 -25.75 42.2004
      vertex 21.7 -25.75 42.05
    endloop
  endfacet
  facet normal -0.471244 0 0.882003
    outer loop
      vertex 25.0173 -23.15 39.9872
      vertex 25.15 -25.75 40.0581
      vertex 25.15 -23.15 40.0581
    endloop
  endfacet
  facet normal -0.471244 0 0.882003
    outer loop
      vertex 25.15 -25.75 40.0581
      vertex 25.0173 -23.15 39.9872
      vertex 25.0173 -25.75 39.9872
    endloop
  endfacet
  facet normal 0.0325625 0 -0.99947
    outer loop
      vertex 23.8496 -25.75 44.3451
      vertex 24 -23.15 44.35
      vertex 24 -25.75 44.35
    endloop
  endfacet
  facet normal 0.0325625 0 -0.99947
    outer loop
      vertex 24 -23.15 44.35
      vertex 23.8496 -25.75 44.3451
      vertex 23.8496 -23.15 44.3451
    endloop
  endfacet
  facet normal 0.412601 0 -0.910912
    outer loop
      vertex 22.9827 -25.75 44.1128
      vertex 23.1198 -23.15 44.1749
      vertex 23.1198 -25.75 44.1749
    endloop
  endfacet
  facet normal 0.412601 0 -0.910912
    outer loop
      vertex 23.1198 -23.15 44.1749
      vertex 22.9827 -25.75 44.1128
      vertex 22.9827 -23.15 44.1128
    endloop
  endfacet
  facet normal -0.973851 0 0.227188
    outer loop
      vertex 26.2216 -25.75 41.4547
      vertex 26.2558 -23.15 41.6013
      vertex 26.2216 -23.15 41.4547
    endloop
  endfacet
  facet normal -0.973851 0 0.227188
    outer loop
      vertex 26.2558 -23.15 41.6013
      vertex 26.2216 -25.75 41.4547
      vertex 26.2558 -25.75 41.6013
    endloop
  endfacet
  facet normal 0.227188 0 -0.973851
    outer loop
      vertex 23.4047 -25.75 44.2716
      vertex 23.5513 -23.15 44.3058
      vertex 23.5513 -25.75 44.3058
    endloop
  endfacet
  facet normal 0.227188 0 -0.973851
    outer loop
      vertex 23.5513 -23.15 44.3058
      vertex 23.4047 -25.75 44.2716
      vertex 23.4047 -23.15 44.2716
    endloop
  endfacet
  facet normal 0.986662 0 -0.162783
    outer loop
      vertex 21.7442 -25.75 42.4987
      vertex 21.7197 -23.15 42.3502
      vertex 21.7442 -23.15 42.4987
    endloop
  endfacet
  facet normal 0.986662 0 -0.162783
    outer loop
      vertex 21.7197 -23.15 42.3502
      vertex 21.7442 -25.75 42.4987
      vertex 21.7197 -25.75 42.3502
    endloop
  endfacet
  facet normal -0.935974 0 0.35207
    outer loop
      vertex 26.1249 -25.75 41.1698
      vertex 26.1779 -23.15 41.3107
      vertex 26.1249 -23.15 41.1698
    endloop
  endfacet
  facet normal -0.935974 0 0.35207
    outer loop
      vertex 26.1779 -23.15 41.3107
      vertex 26.1249 -25.75 41.1698
      vertex 26.1779 -25.75 41.3107
    endloop
  endfacet
  facet normal -0.956907 0 0.290395
    outer loop
      vertex 26.1779 -25.75 41.3107
      vertex 26.2216 -23.15 41.4547
      vertex 26.1779 -23.15 41.3107
    endloop
  endfacet
  facet normal -0.956907 0 0.290395
    outer loop
      vertex 26.2216 -23.15 41.4547
      vertex 26.1779 -25.75 41.3107
      vertex 26.2216 -25.75 41.4547
    endloop
  endfacet
  facet normal -0.227188 0 -0.973851
    outer loop
      vertex 24.4487 -25.75 44.3058
      vertex 24.5953 -23.15 44.2716
      vertex 24.5953 -25.75 44.2716
    endloop
  endfacet
  facet normal -0.227188 0 -0.973851
    outer loop
      vertex 24.5953 -23.15 44.2716
      vertex 24.4487 -25.75 44.3058
      vertex 24.4487 -23.15 44.3058
    endloop
  endfacet
  facet normal 0.99947 -0 0.0325625
    outer loop
      vertex 21.7 -25.75 42.05
      vertex 21.7049 -23.15 41.8996
      vertex 21.7 -23.15 42.05
    endloop
  endfacet
  facet normal 0.99947 0 0.0325625
    outer loop
      vertex 21.7049 -23.15 41.8996
      vertex 21.7 -25.75 42.05
      vertex 21.7049 -25.75 41.8996
    endloop
  endfacet
  facet normal 0.773098 0 -0.634286
    outer loop
      vertex 22.2708 -25.75 43.5665
      vertex 22.1753 -23.15 43.4501
      vertex 22.2708 -23.15 43.5665
    endloop
  endfacet
  facet normal 0.773098 0 -0.634286
    outer loop
      vertex 22.1753 -23.15 43.4501
      vertex 22.2708 -25.75 43.5665
      vertex 22.1753 -25.75 43.4501
    endloop
  endfacet
  facet normal -0.849116 0 -0.528206
    outer loop
      vertex 25.9919 -25.75 43.2
      vertex 25.9124 -23.15 43.3278
      vertex 25.9919 -23.15 43.2
    endloop
  endfacet
  facet normal -0.849116 -0 -0.528206
    outer loop
      vertex 25.9124 -23.15 43.3278
      vertex 25.9919 -25.75 43.2
      vertex 25.9124 -25.75 43.3278
    endloop
  endfacet
  facet normal -0.882003 0 -0.471244
    outer loop
      vertex 26.0628 -25.75 43.0673
      vertex 25.9919 -23.15 43.2
      vertex 26.0628 -23.15 43.0673
    endloop
  endfacet
  facet normal -0.882003 -0 -0.471244
    outer loop
      vertex 25.9919 -23.15 43.2
      vertex 26.0628 -25.75 43.0673
      vertex 25.9919 -25.75 43.2
    endloop
  endfacet
  facet normal -0.35207 0 -0.935974
    outer loop
      vertex 24.7393 -25.75 44.2279
      vertex 24.8802 -23.15 44.1749
      vertex 24.8802 -25.75 44.1749
    endloop
  endfacet
  facet normal -0.35207 0 -0.935974
    outer loop
      vertex 24.8802 -23.15 44.1749
      vertex 24.7393 -25.75 44.2279
      vertex 24.7393 -23.15 44.2279
    endloop
  endfacet
  facet normal -0.35207 0 0.935974
    outer loop
      vertex 24.7393 -23.15 39.8721
      vertex 24.8802 -25.75 39.9251
      vertex 24.8802 -23.15 39.9251
    endloop
  endfacet
  facet normal -0.35207 0 0.935974
    outer loop
      vertex 24.8802 -25.75 39.9251
      vertex 24.7393 -23.15 39.8721
      vertex 24.7393 -25.75 39.8721
    endloop
  endfacet
  facet normal 0.471244 0 -0.882003
    outer loop
      vertex 22.85 -25.75 44.0419
      vertex 22.9827 -23.15 44.1128
      vertex 22.9827 -25.75 44.1128
    endloop
  endfacet
  facet normal 0.471244 0 -0.882003
    outer loop
      vertex 22.9827 -23.15 44.1128
      vertex 22.85 -25.75 44.0419
      vertex 22.85 -23.15 44.0419
    endloop
  endfacet
  facet normal 0.973851 0 -0.227188
    outer loop
      vertex 21.7784 -25.75 42.6453
      vertex 21.7442 -23.15 42.4987
      vertex 21.7784 -23.15 42.6453
    endloop
  endfacet
  facet normal 0.973851 0 -0.227188
    outer loop
      vertex 21.7442 -23.15 42.4987
      vertex 21.7784 -25.75 42.6453
      vertex 21.7442 -25.75 42.4987
    endloop
  endfacet
  facet normal 0.290395 0 -0.956907
    outer loop
      vertex 23.2607 -25.75 44.2279
      vertex 23.4047 -23.15 44.2716
      vertex 23.4047 -25.75 44.2716
    endloop
  endfacet
  facet normal 0.290395 0 -0.956907
    outer loop
      vertex 23.4047 -23.15 44.2716
      vertex 23.2607 -25.75 44.2279
      vertex 23.2607 -23.15 44.2279
    endloop
  endfacet
  facet normal 0.471244 0 0.882003
    outer loop
      vertex 22.85 -23.15 40.0581
      vertex 22.9827 -25.75 39.9872
      vertex 22.9827 -23.15 39.9872
    endloop
  endfacet
  facet normal 0.471244 0 0.882003
    outer loop
      vertex 22.9827 -25.75 39.9872
      vertex 22.85 -23.15 40.0581
      vertex 22.85 -25.75 40.0581
    endloop
  endfacet
  facet normal 0.35207 0 -0.935974
    outer loop
      vertex 23.1198 -25.75 44.1749
      vertex 23.2607 -23.15 44.2279
      vertex 23.2607 -25.75 44.2279
    endloop
  endfacet
  facet normal 0.35207 0 -0.935974
    outer loop
      vertex 23.2607 -23.15 44.2279
      vertex 23.1198 -25.75 44.1749
      vertex 23.1198 -23.15 44.1749
    endloop
  endfacet
  facet normal -0.935974 0 -0.35207
    outer loop
      vertex 26.1779 -25.75 42.7893
      vertex 26.1249 -23.15 42.9302
      vertex 26.1779 -23.15 42.7893
    endloop
  endfacet
  facet normal -0.935974 -0 -0.35207
    outer loop
      vertex 26.1249 -23.15 42.9302
      vertex 26.1779 -25.75 42.7893
      vertex 26.1249 -25.75 42.9302
    endloop
  endfacet
  facet normal 0.986662 -0 0.162783
    outer loop
      vertex 21.7197 -25.75 41.7498
      vertex 21.7442 -23.15 41.6013
      vertex 21.7197 -23.15 41.7498
    endloop
  endfacet
  facet normal 0.986662 0 0.162783
    outer loop
      vertex 21.7442 -23.15 41.6013
      vertex 21.7197 -25.75 41.7498
      vertex 21.7442 -25.75 41.6013
    endloop
  endfacet
  facet normal 0.290395 0 0.956907
    outer loop
      vertex 23.2607 -23.15 39.8721
      vertex 23.4047 -25.75 39.8284
      vertex 23.4047 -23.15 39.8284
    endloop
  endfacet
  facet normal 0.290395 0 0.956907
    outer loop
      vertex 23.4047 -25.75 39.8284
      vertex 23.2607 -23.15 39.8721
      vertex 23.2607 -25.75 39.8721
    endloop
  endfacet
  facet normal -0.910912 0 0.412601
    outer loop
      vertex 26.0628 -25.75 41.0327
      vertex 26.1249 -23.15 41.1698
      vertex 26.0628 -23.15 41.0327
    endloop
  endfacet
  facet normal -0.910912 0 0.412601
    outer loop
      vertex 26.1249 -23.15 41.1698
      vertex 26.0628 -25.75 41.0327
      vertex 26.1249 -25.75 41.1698
    endloop
  endfacet
  facet normal -0.0325625 0 -0.99947
    outer loop
      vertex 24 -25.75 44.35
      vertex 24.1504 -23.15 44.3451
      vertex 24.1504 -25.75 44.3451
    endloop
  endfacet
  facet normal -0.0325625 0 -0.99947
    outer loop
      vertex 24.1504 -23.15 44.3451
      vertex 24 -25.75 44.35
      vertex 24 -23.15 44.35
    endloop
  endfacet
  facet normal 0.910912 -0 0.412601
    outer loop
      vertex 21.8751 -25.75 41.1698
      vertex 21.9372 -23.15 41.0327
      vertex 21.8751 -23.15 41.1698
    endloop
  endfacet
  facet normal 0.910912 0 0.412601
    outer loop
      vertex 21.9372 -23.15 41.0327
      vertex 21.8751 -25.75 41.1698
      vertex 21.9372 -25.75 41.0327
    endloop
  endfacet
  facet normal 0.772831 -0 0.634612
    outer loop
      vertex 22.1753 -25.75 40.6498
      vertex 22.2708 -23.15 40.5335
      vertex 22.1753 -23.15 40.6498
    endloop
  endfacet
  facet normal 0.772831 0 0.634612
    outer loop
      vertex 22.2708 -23.15 40.5335
      vertex 22.1753 -25.75 40.6498
      vertex 22.2708 -25.75 40.5335
    endloop
  endfacet
  facet normal -0.683808 0 -0.729662
    outer loop
      vertex 25.5165 -25.75 43.7792
      vertex 25.6263 -23.15 43.6763
      vertex 25.6263 -25.75 43.6763
    endloop
  endfacet
  facet normal -0.683808 0 -0.729662
    outer loop
      vertex 25.6263 -23.15 43.6763
      vertex 25.5165 -25.75 43.7792
      vertex 25.5165 -23.15 43.7792
    endloop
  endfacet
  facet normal 0.528206 0 -0.849116
    outer loop
      vertex 22.7222 -25.75 43.9624
      vertex 22.85 -23.15 44.0419
      vertex 22.85 -25.75 44.0419
    endloop
  endfacet
  facet normal 0.528206 0 -0.849116
    outer loop
      vertex 22.85 -23.15 44.0419
      vertex 22.7222 -25.75 43.9624
      vertex 22.7222 -23.15 43.9624
    endloop
  endfacet
  facet normal -0.986662 0 0.162783
    outer loop
      vertex 26.2558 -25.75 41.6013
      vertex 26.2803 -23.15 41.7498
      vertex 26.2558 -23.15 41.6013
    endloop
  endfacet
  facet normal -0.986662 0 0.162783
    outer loop
      vertex 26.2803 -23.15 41.7498
      vertex 26.2558 -25.75 41.6013
      vertex 26.2803 -25.75 41.7498
    endloop
  endfacet
  facet normal 0.683808 0 -0.729662
    outer loop
      vertex 22.3737 -25.75 43.6763
      vertex 22.4835 -23.15 43.7792
      vertex 22.4835 -25.75 43.7792
    endloop
  endfacet
  facet normal 0.683808 0 -0.729662
    outer loop
      vertex 22.4835 -23.15 43.7792
      vertex 22.3737 -25.75 43.6763
      vertex 22.3737 -23.15 43.6763
    endloop
  endfacet
  facet normal 0.910912 0 -0.412601
    outer loop
      vertex 21.9372 -25.75 43.0673
      vertex 21.8751 -23.15 42.9302
      vertex 21.9372 -23.15 43.0673
    endloop
  endfacet
  facet normal 0.910912 0 -0.412601
    outer loop
      vertex 21.8751 -23.15 42.9302
      vertex 21.9372 -25.75 43.0673
      vertex 21.8751 -25.75 42.9302
    endloop
  endfacet
  facet normal -0.729662 0 0.683808
    outer loop
      vertex 25.6263 -25.75 40.4237
      vertex 25.7292 -23.15 40.5335
      vertex 25.6263 -23.15 40.4237
    endloop
  endfacet
  facet normal -0.729662 0 0.683808
    outer loop
      vertex 25.7292 -23.15 40.5335
      vertex 25.6263 -25.75 40.4237
      vertex 25.7292 -25.75 40.5335
    endloop
  endfacet
  facet normal -0.582431 0 0.81288
    outer loop
      vertex 25.2778 -23.15 40.1376
      vertex 25.4002 -25.75 40.2253
      vertex 25.4002 -23.15 40.2253
    endloop
  endfacet
  facet normal -0.582431 0 0.81288
    outer loop
      vertex 25.4002 -25.75 40.2253
      vertex 25.2778 -23.15 40.1376
      vertex 25.2778 -25.75 40.1376
    endloop
  endfacet
  facet normal -0.882003 0 0.471244
    outer loop
      vertex 25.9919 -25.75 40.9
      vertex 26.0628 -23.15 41.0327
      vertex 25.9919 -23.15 40.9
    endloop
  endfacet
  facet normal -0.882003 0 0.471244
    outer loop
      vertex 26.0628 -23.15 41.0327
      vertex 25.9919 -25.75 40.9
      vertex 26.0628 -25.75 41.0327
    endloop
  endfacet
  facet normal 0.995155 0 -0.0983197
    outer loop
      vertex 21.7197 -25.75 42.3502
      vertex 21.7049 -23.15 42.2004
      vertex 21.7197 -23.15 42.3502
    endloop
  endfacet
  facet normal 0.995155 0 -0.0983197
    outer loop
      vertex 21.7049 -23.15 42.2004
      vertex 21.7197 -25.75 42.3502
      vertex 21.7049 -25.75 42.2004
    endloop
  endfacet
  facet normal -0.290395 0 -0.956907
    outer loop
      vertex 24.5953 -25.75 44.2716
      vertex 24.7393 -23.15 44.2279
      vertex 24.7393 -25.75 44.2279
    endloop
  endfacet
  facet normal -0.290395 0 -0.956907
    outer loop
      vertex 24.7393 -23.15 44.2279
      vertex 24.5953 -25.75 44.2716
      vertex 24.5953 -23.15 44.2716
    endloop
  endfacet
  facet normal -0.634612 0 0.772831
    outer loop
      vertex 25.4002 -23.15 40.2253
      vertex 25.5165 -25.75 40.3208
      vertex 25.5165 -23.15 40.3208
    endloop
  endfacet
  facet normal -0.634612 0 0.772831
    outer loop
      vertex 25.5165 -25.75 40.3208
      vertex 25.4002 -23.15 40.2253
      vertex 25.4002 -25.75 40.2253
    endloop
  endfacet
  facet normal 0.882003 0 -0.471244
    outer loop
      vertex 22.0081 -25.75 43.2
      vertex 21.9372 -23.15 43.0673
      vertex 22.0081 -23.15 43.2
    endloop
  endfacet
  facet normal 0.882003 0 -0.471244
    outer loop
      vertex 21.9372 -23.15 43.0673
      vertex 22.0081 -25.75 43.2
      vertex 21.9372 -25.75 43.0673
    endloop
  endfacet
  facet normal -0.528206 0 0.849116
    outer loop
      vertex 25.15 -23.15 40.0581
      vertex 25.2778 -25.75 40.1376
      vertex 25.2778 -23.15 40.1376
    endloop
  endfacet
  facet normal -0.528206 0 0.849116
    outer loop
      vertex 25.2778 -25.75 40.1376
      vertex 25.15 -23.15 40.0581
      vertex 25.15 -25.75 40.0581
    endloop
  endfacet
  facet normal 0.0983197 0 0.995155
    outer loop
      vertex 23.6998 -23.15 39.7697
      vertex 23.8496 -25.75 39.7549
      vertex 23.8496 -23.15 39.7549
    endloop
  endfacet
  facet normal 0.0983197 0 0.995155
    outer loop
      vertex 23.8496 -25.75 39.7549
      vertex 23.6998 -23.15 39.7697
      vertex 23.6998 -25.75 39.7697
    endloop
  endfacet
  facet normal 0.882003 -0 0.471244
    outer loop
      vertex 21.9372 -25.75 41.0327
      vertex 22.0081 -23.15 40.9
      vertex 21.9372 -23.15 41.0327
    endloop
  endfacet
  facet normal 0.882003 0 0.471244
    outer loop
      vertex 22.0081 -23.15 40.9
      vertex 21.9372 -25.75 41.0327
      vertex 22.0081 -25.75 40.9
    endloop
  endfacet
  facet normal 0.812655 0 -0.582746
    outer loop
      vertex 22.1753 -25.75 43.4501
      vertex 22.0876 -23.15 43.3278
      vertex 22.1753 -23.15 43.4501
    endloop
  endfacet
  facet normal 0.812655 0 -0.582746
    outer loop
      vertex 22.0876 -23.15 43.3278
      vertex 22.1753 -25.75 43.4501
      vertex 22.0876 -25.75 43.3278
    endloop
  endfacet
  facet normal 0.35207 0 0.935974
    outer loop
      vertex 23.1198 -23.15 39.9251
      vertex 23.2607 -25.75 39.8721
      vertex 23.2607 -23.15 39.8721
    endloop
  endfacet
  facet normal 0.35207 0 0.935974
    outer loop
      vertex 23.2607 -25.75 39.8721
      vertex 23.1198 -23.15 39.9251
      vertex 23.1198 -25.75 39.9251
    endloop
  endfacet
  facet normal -0.499989 0 -0.866032
    outer loop
      vertex 24 -23.15 46.3801
      vertex 27.75 -19.55 44.2151
      vertex 27.75 -23.15 44.2151
    endloop
  endfacet
  facet normal -0.499989 0 -0.866032
    outer loop
      vertex 27.75 -19.55 44.2151
      vertex 24 -23.15 46.3801
      vertex 24 -19.55 46.3801
    endloop
  endfacet
  facet normal 0.499989 0 0.866032
    outer loop
      vertex 20.25 -19.55 39.8849
      vertex 24 -23.15 37.7199
      vertex 24 -19.55 37.7199
    endloop
  endfacet
  facet normal 0.499989 0 0.866032
    outer loop
      vertex 24 -23.15 37.7199
      vertex 20.25 -19.55 39.8849
      vertex 20.25 -23.15 39.8849
    endloop
  endfacet
  facet normal -0.499989 0 0.866032
    outer loop
      vertex 24 -19.55 37.7199
      vertex 27.75 -23.15 39.8849
      vertex 27.75 -19.55 39.8849
    endloop
  endfacet
  facet normal -0.499989 0 0.866032
    outer loop
      vertex 27.75 -23.15 39.8849
      vertex 24 -19.55 37.7199
      vertex 24 -23.15 37.7199
    endloop
  endfacet
  facet normal 1 -0 0
    outer loop
      vertex 20.25 -23.15 44.2151
      vertex 20.25 -19.55 39.8849
      vertex 20.25 -19.55 44.2151
    endloop
  endfacet
  facet normal 1 0 0
    outer loop
      vertex 20.25 -19.55 39.8849
      vertex 20.25 -23.15 44.2151
      vertex 20.25 -23.15 39.8849
    endloop
  endfacet
  facet normal 0.499989 0 -0.866032
    outer loop
      vertex 20.25 -23.15 44.2151
      vertex 24 -19.55 46.3801
      vertex 24 -23.15 46.3801
    endloop
  endfacet
  facet normal 0.499989 0 -0.866032
    outer loop
      vertex 24 -19.55 46.3801
      vertex 20.25 -23.15 44.2151
      vertex 20.25 -19.55 44.2151
    endloop
  endfacet
  facet normal 0 1 0
    outer loop
      vertex 24 -23.15 46.3801
      vertex 24.1504 -23.15 44.3451
      vertex 24 -23.15 44.35
    endloop
  endfacet
  facet normal 0 1 0
    outer loop
      vertex 24 -23.15 46.3801
      vertex 24.3002 -23.15 44.3303
      vertex 24.1504 -23.15 44.3451
    endloop
  endfacet
  facet normal 0 1 0
    outer loop
      vertex 24 -23.15 46.3801
      vertex 24.4487 -23.15 44.3058
      vertex 24.3002 -23.15 44.3303
    endloop
  endfacet
  facet normal 0 1 0
    outer loop
      vertex 24 -23.15 46.3801
      vertex 24.5953 -23.15 44.2716
      vertex 24.4487 -23.15 44.3058
    endloop
  endfacet
  facet normal 0 1 0
    outer loop
      vertex 24 -23.15 46.3801
      vertex 24.7393 -23.15 44.2279
      vertex 24.5953 -23.15 44.2716
    endloop
  endfacet
  facet normal 0 1 -0
    outer loop
      vertex 25.15 -23.15 44.0419
      vertex 24 -23.15 46.3801
      vertex 27.75 -23.15 44.2151
    endloop
  endfacet
  facet normal 0 1 0
    outer loop
      vertex 24 -23.15 46.3801
      vertex 24.8802 -23.15 44.1749
      vertex 24.7393 -23.15 44.2279
    endloop
  endfacet
  facet normal 0 1 0
    outer loop
      vertex 24 -23.15 46.3801
      vertex 25.0173 -23.15 44.1128
      vertex 24.8802 -23.15 44.1749
    endloop
  endfacet
  facet normal 0 1 0
    outer loop
      vertex 24 -23.15 46.3801
      vertex 25.15 -23.15 44.0419
      vertex 25.0173 -23.15 44.1128
    endloop
  endfacet
  facet normal 0 1 0
    outer loop
      vertex 27.75 -23.15 44.2151
      vertex 25.2778 -23.15 43.9624
      vertex 25.15 -23.15 44.0419
    endloop
  endfacet
  facet normal 0 1 0
    outer loop
      vertex 27.75 -23.15 44.2151
      vertex 25.4002 -23.15 43.8747
      vertex 25.2778 -23.15 43.9624
    endloop
  endfacet
  facet normal 0 1 0
    outer loop
      vertex 27.75 -23.15 44.2151
      vertex 25.5165 -23.15 43.7792
      vertex 25.4002 -23.15 43.8747
    endloop
  endfacet
  facet normal 0 1 0
    outer loop
      vertex 27.75 -23.15 44.2151
      vertex 25.6263 -23.15 43.6763
      vertex 25.5165 -23.15 43.7792
    endloop
  endfacet
  facet normal 0 1 0
    outer loop
      vertex 27.75 -23.15 44.2151
      vertex 25.7292 -23.15 43.5665
      vertex 25.6263 -23.15 43.6763
    endloop
  endfacet
  facet normal 0 1 0
    outer loop
      vertex 27.75 -23.15 44.2151
      vertex 25.8247 -23.15 43.4501
      vertex 25.7292 -23.15 43.5665
    endloop
  endfacet
  facet normal 0 1 0
    outer loop
      vertex 27.75 -23.15 44.2151
      vertex 25.9124 -23.15 43.3278
      vertex 25.8247 -23.15 43.4501
    endloop
  endfacet
  facet normal 0 1 0
    outer loop
      vertex 27.75 -23.15 44.2151
      vertex 25.9919 -23.15 43.2
      vertex 25.9124 -23.15 43.3278
    endloop
  endfacet
  facet normal 0 1 0
    outer loop
      vertex 27.75 -23.15 44.2151
      vertex 26.0628 -23.15 43.0673
      vertex 25.9919 -23.15 43.2
    endloop
  endfacet
  facet normal 0 1 0
    outer loop
      vertex 27.75 -23.15 44.2151
      vertex 26.1249 -23.15 42.9302
      vertex 26.0628 -23.15 43.0673
    endloop
  endfacet
  facet normal 0 1 0
    outer loop
      vertex 27.75 -23.15 44.2151
      vertex 26.1779 -23.15 42.7893
      vertex 26.1249 -23.15 42.9302
    endloop
  endfacet
  facet normal 0 1 0
    outer loop
      vertex 27.75 -23.15 44.2151
      vertex 26.2216 -23.15 42.6453
      vertex 26.1779 -23.15 42.7893
    endloop
  endfacet
  facet normal 0 1 0
    outer loop
      vertex 27.75 -23.15 44.2151
      vertex 26.2558 -23.15 42.4987
      vertex 26.2216 -23.15 42.6453
    endloop
  endfacet
  facet normal 0 1 0
    outer loop
      vertex 27.75 -23.15 44.2151
      vertex 26.2803 -23.15 42.3502
      vertex 26.2558 -23.15 42.4987
    endloop
  endfacet
  facet normal 0 1 0
    outer loop
      vertex 27.75 -23.15 44.2151
      vertex 26.2951 -23.15 42.2004
      vertex 26.2803 -23.15 42.3502
    endloop
  endfacet
  facet normal 0 1 0
    outer loop
      vertex 27.75 -23.15 44.2151
      vertex 26.3 -23.15 42.05
      vertex 26.2951 -23.15 42.2004
    endloop
  endfacet
  facet normal 0 1 -0
    outer loop
      vertex 27.75 -23.15 39.8849
      vertex 26.3 -23.15 42.05
      vertex 27.75 -23.15 44.2151
    endloop
  endfacet
  facet normal 0 1 0
    outer loop
      vertex 26.3 -23.15 42.05
      vertex 27.75 -23.15 39.8849
      vertex 26.2951 -23.15 41.8996
    endloop
  endfacet
  facet normal 0 1 0
    outer loop
      vertex 26.2951 -23.15 41.8996
      vertex 27.75 -23.15 39.8849
      vertex 26.2803 -23.15 41.7498
    endloop
  endfacet
  facet normal 0 1 0
    outer loop
      vertex 26.2803 -23.15 41.7498
      vertex 27.75 -23.15 39.8849
      vertex 26.2558 -23.15 41.6013
    endloop
  endfacet
  facet normal 0 1 0
    outer loop
      vertex 26.2558 -23.15 41.6013
      vertex 27.75 -23.15 39.8849
      vertex 26.2216 -23.15 41.4547
    endloop
  endfacet
  facet normal 0 1 0
    outer loop
      vertex 26.2216 -23.15 41.4547
      vertex 27.75 -23.15 39.8849
      vertex 26.1779 -23.15 41.3107
    endloop
  endfacet
  facet normal 0 1 0
    outer loop
      vertex 26.1779 -23.15 41.3107
      vertex 27.75 -23.15 39.8849
      vertex 26.1249 -23.15 41.1698
    endloop
  endfacet
  facet normal 0 1 0
    outer loop
      vertex 26.1249 -23.15 41.1698
      vertex 27.75 -23.15 39.8849
      vertex 26.0628 -23.15 41.0327
    endloop
  endfacet
  facet normal 0 1 0
    outer loop
      vertex 27.75 -23.15 39.8849
      vertex 25.9919 -23.15 40.9
      vertex 26.0628 -23.15 41.0327
    endloop
  endfacet
  facet normal 0 1 0
    outer loop
      vertex 27.75 -23.15 39.8849
      vertex 25.9124 -23.15 40.7722
      vertex 25.9919 -23.15 40.9
    endloop
  endfacet
  facet normal 0 1 0
    outer loop
      vertex 27.75 -23.15 39.8849
      vertex 25.8247 -23.15 40.6498
      vertex 25.9124 -23.15 40.7722
    endloop
  endfacet
  facet normal 0 1 0
    outer loop
      vertex 27.75 -23.15 39.8849
      vertex 25.7292 -23.15 40.5335
      vertex 25.8247 -23.15 40.6498
    endloop
  endfacet
  facet normal 0 1 0
    outer loop
      vertex 27.75 -23.15 39.8849
      vertex 25.6263 -23.15 40.4237
      vertex 25.7292 -23.15 40.5335
    endloop
  endfacet
  facet normal 0 1 0
    outer loop
      vertex 27.75 -23.15 39.8849
      vertex 25.5165 -23.15 40.3208
      vertex 25.6263 -23.15 40.4237
    endloop
  endfacet
  facet normal 0 1 0
    outer loop
      vertex 27.75 -23.15 39.8849
      vertex 25.4002 -23.15 40.2253
      vertex 25.5165 -23.15 40.3208
    endloop
  endfacet
  facet normal 0 1 0
    outer loop
      vertex 27.75 -23.15 39.8849
      vertex 25.2778 -23.15 40.1376
      vertex 25.4002 -23.15 40.2253
    endloop
  endfacet
  facet normal 0 1 0
    outer loop
      vertex 27.75 -23.15 39.8849
      vertex 25.15 -23.15 40.0581
      vertex 25.2778 -23.15 40.1376
    endloop
  endfacet
  facet normal 0 1 0
    outer loop
      vertex 24 -23.15 37.7199
      vertex 25.15 -23.15 40.0581
      vertex 27.75 -23.15 39.8849
    endloop
  endfacet
  facet normal 0 1 0
    outer loop
      vertex 25.15 -23.15 40.0581
      vertex 24 -23.15 37.7199
      vertex 25.0173 -23.15 39.9872
    endloop
  endfacet
  facet normal 0 1 0
    outer loop
      vertex 25.0173 -23.15 39.9872
      vertex 24 -23.15 37.7199
      vertex 24.8802 -23.15 39.9251
    endloop
  endfacet
  facet normal 0 1 0
    outer loop
      vertex 24.8802 -23.15 39.9251
      vertex 24 -23.15 37.7199
      vertex 24.7393 -23.15 39.8721
    endloop
  endfacet
  facet normal 0 1 0
    outer loop
      vertex 24.7393 -23.15 39.8721
      vertex 24 -23.15 37.7199
      vertex 24.5953 -23.15 39.8284
    endloop
  endfacet
  facet normal 0 1 0
    outer loop
      vertex 24.5953 -23.15 39.8284
      vertex 24 -23.15 37.7199
      vertex 24.4487 -23.15 39.7942
    endloop
  endfacet
  facet normal 0 1 0
    outer loop
      vertex 24.4487 -23.15 39.7942
      vertex 24 -23.15 37.7199
      vertex 24.3002 -23.15 39.7697
    endloop
  endfacet
  facet normal 0 1 0
    outer loop
      vertex 24.1504 -23.15 39.7549
      vertex 24 -23.15 37.7199
      vertex 24 -23.15 39.75
    endloop
  endfacet
  facet normal 0 1 0
    outer loop
      vertex 24.3002 -23.15 39.7697
      vertex 24 -23.15 37.7199
      vertex 24.1504 -23.15 39.7549
    endloop
  endfacet
  facet normal 0 1 0
    outer loop
      vertex 23.8496 -23.15 44.3451
      vertex 24 -23.15 46.3801
      vertex 24 -23.15 44.35
    endloop
  endfacet
  facet normal 0 1 0
    outer loop
      vertex 23.6998 -23.15 44.3303
      vertex 24 -23.15 46.3801
      vertex 23.8496 -23.15 44.3451
    endloop
  endfacet
  facet normal 0 1 0
    outer loop
      vertex 23.5513 -23.15 44.3058
      vertex 24 -23.15 46.3801
      vertex 23.6998 -23.15 44.3303
    endloop
  endfacet
  facet normal 0 1 0
    outer loop
      vertex 23.4047 -23.15 44.2716
      vertex 24 -23.15 46.3801
      vertex 23.5513 -23.15 44.3058
    endloop
  endfacet
  facet normal 0 1 0
    outer loop
      vertex 23.2607 -23.15 44.2279
      vertex 24 -23.15 46.3801
      vertex 23.4047 -23.15 44.2716
    endloop
  endfacet
  facet normal 0 1 0
    outer loop
      vertex 23.1198 -23.15 44.1749
      vertex 24 -23.15 46.3801
      vertex 23.2607 -23.15 44.2279
    endloop
  endfacet
  facet normal 0 1 0
    outer loop
      vertex 22.9827 -23.15 44.1128
      vertex 24 -23.15 46.3801
      vertex 23.1198 -23.15 44.1749
    endloop
  endfacet
  facet normal 0 1 0
    outer loop
      vertex 22.85 -23.15 44.0419
      vertex 24 -23.15 46.3801
      vertex 22.9827 -23.15 44.1128
    endloop
  endfacet
  facet normal 0 1 0
    outer loop
      vertex 24 -23.15 46.3801
      vertex 22.85 -23.15 44.0419
      vertex 20.25 -23.15 44.2151
    endloop
  endfacet
  facet normal 0 1 -0
    outer loop
      vertex 22.7222 -23.15 43.9624
      vertex 20.25 -23.15 44.2151
      vertex 22.85 -23.15 44.0419
    endloop
  endfacet
  facet normal 0 1 -0
    outer loop
      vertex 22.5998 -23.15 43.8747
      vertex 20.25 -23.15 44.2151
      vertex 22.7222 -23.15 43.9624
    endloop
  endfacet
  facet normal 0 1 -0
    outer loop
      vertex 22.4835 -23.15 43.7792
      vertex 20.25 -23.15 44.2151
      vertex 22.5998 -23.15 43.8747
    endloop
  endfacet
  facet normal 0 1 -0
    outer loop
      vertex 22.3737 -23.15 43.6763
      vertex 20.25 -23.15 44.2151
      vertex 22.4835 -23.15 43.7792
    endloop
  endfacet
  facet normal 0 1 -0
    outer loop
      vertex 22.2708 -23.15 43.5665
      vertex 20.25 -23.15 44.2151
      vertex 22.3737 -23.15 43.6763
    endloop
  endfacet
  facet normal 0 1 -0
    outer loop
      vertex 22.1753 -23.15 43.4501
      vertex 20.25 -23.15 44.2151
      vertex 22.2708 -23.15 43.5665
    endloop
  endfacet
  facet normal 0 1 -0
    outer loop
      vertex 22.0876 -23.15 43.3278
      vertex 20.25 -23.15 44.2151
      vertex 22.1753 -23.15 43.4501
    endloop
  endfacet
  facet normal 0 1 -0
    outer loop
      vertex 22.0081 -23.15 43.2
      vertex 20.25 -23.15 44.2151
      vertex 22.0876 -23.15 43.3278
    endloop
  endfacet
  facet normal 0 1 -0
    outer loop
      vertex 21.9372 -23.15 43.0673
      vertex 20.25 -23.15 44.2151
      vertex 22.0081 -23.15 43.2
    endloop
  endfacet
  facet normal 0 1 -0
    outer loop
      vertex 21.8751 -23.15 42.9302
      vertex 20.25 -23.15 44.2151
      vertex 21.9372 -23.15 43.0673
    endloop
  endfacet
  facet normal 0 1 -0
    outer loop
      vertex 21.8221 -23.15 42.7893
      vertex 20.25 -23.15 44.2151
      vertex 21.8751 -23.15 42.9302
    endloop
  endfacet
  facet normal 0 1 -0
    outer loop
      vertex 21.7784 -23.15 42.6453
      vertex 20.25 -23.15 44.2151
      vertex 21.8221 -23.15 42.7893
    endloop
  endfacet
  facet normal 0 1 -0
    outer loop
      vertex 21.7442 -23.15 42.4987
      vertex 20.25 -23.15 44.2151
      vertex 21.7784 -23.15 42.6453
    endloop
  endfacet
  facet normal 0 1 -0
    outer loop
      vertex 21.7197 -23.15 42.3502
      vertex 20.25 -23.15 44.2151
      vertex 21.7442 -23.15 42.4987
    endloop
  endfacet
  facet normal 0 1 -0
    outer loop
      vertex 21.7049 -23.15 42.2004
      vertex 20.25 -23.15 44.2151
      vertex 21.7197 -23.15 42.3502
    endloop
  endfacet
  facet normal 0 1 -0
    outer loop
      vertex 21.7 -23.15 42.05
      vertex 20.25 -23.15 44.2151
      vertex 21.7049 -23.15 42.2004
    endloop
  endfacet
  facet normal 0 1 0
    outer loop
      vertex 20.25 -23.15 39.8849
      vertex 21.7 -23.15 42.05
      vertex 21.7049 -23.15 41.8996
    endloop
  endfacet
  facet normal 0 1 0
    outer loop
      vertex 20.25 -23.15 39.8849
      vertex 21.7049 -23.15 41.8996
      vertex 21.7197 -23.15 41.7498
    endloop
  endfacet
  facet normal 0 1 0
    outer loop
      vertex 20.25 -23.15 39.8849
      vertex 21.7197 -23.15 41.7498
      vertex 21.7442 -23.15 41.6013
    endloop
  endfacet
  facet normal 0 1 0
    outer loop
      vertex 20.25 -23.15 39.8849
      vertex 21.7442 -23.15 41.6013
      vertex 21.7784 -23.15 41.4547
    endloop
  endfacet
  facet normal 0 1 0
    outer loop
      vertex 20.25 -23.15 39.8849
      vertex 21.7784 -23.15 41.4547
      vertex 21.8221 -23.15 41.3107
    endloop
  endfacet
  facet normal 0 1 0
    outer loop
      vertex 20.25 -23.15 39.8849
      vertex 21.8221 -23.15 41.3107
      vertex 21.8751 -23.15 41.1698
    endloop
  endfacet
  facet normal 0 1 0
    outer loop
      vertex 20.25 -23.15 39.8849
      vertex 21.8751 -23.15 41.1698
      vertex 21.9372 -23.15 41.0327
    endloop
  endfacet
  facet normal 0 1 0
    outer loop
      vertex 21.7 -23.15 42.05
      vertex 20.25 -23.15 39.8849
      vertex 20.25 -23.15 44.2151
    endloop
  endfacet
  facet normal 0 1 0
    outer loop
      vertex 22.0081 -23.15 40.9
      vertex 20.25 -23.15 39.8849
      vertex 21.9372 -23.15 41.0327
    endloop
  endfacet
  facet normal 0 1 0
    outer loop
      vertex 22.0876 -23.15 40.7722
      vertex 20.25 -23.15 39.8849
      vertex 22.0081 -23.15 40.9
    endloop
  endfacet
  facet normal 0 1 0
    outer loop
      vertex 22.1753 -23.15 40.6498
      vertex 20.25 -23.15 39.8849
      vertex 22.0876 -23.15 40.7722
    endloop
  endfacet
  facet normal 0 1 0
    outer loop
      vertex 22.2708 -23.15 40.5335
      vertex 20.25 -23.15 39.8849
      vertex 22.1753 -23.15 40.6498
    endloop
  endfacet
  facet normal 0 1 0
    outer loop
      vertex 22.3737 -23.15 40.4237
      vertex 20.25 -23.15 39.8849
      vertex 22.2708 -23.15 40.5335
    endloop
  endfacet
  facet normal 0 1 0
    outer loop
      vertex 22.4835 -23.15 40.3208
      vertex 20.25 -23.15 39.8849
      vertex 22.3737 -23.15 40.4237
    endloop
  endfacet
  facet normal 0 1 0
    outer loop
      vertex 22.5998 -23.15 40.2253
      vertex 20.25 -23.15 39.8849
      vertex 22.4835 -23.15 40.3208
    endloop
  endfacet
  facet normal 0 1 0
    outer loop
      vertex 22.7222 -23.15 40.1376
      vertex 20.25 -23.15 39.8849
      vertex 22.5998 -23.15 40.2253
    endloop
  endfacet
  facet normal 0 1 0
    outer loop
      vertex 22.85 -23.15 40.0581
      vertex 20.25 -23.15 39.8849
      vertex 22.7222 -23.15 40.1376
    endloop
  endfacet
  facet normal 0 1 0
    outer loop
      vertex 24 -23.15 37.7199
      vertex 22.85 -23.15 40.0581
      vertex 22.9827 -23.15 39.9872
    endloop
  endfacet
  facet normal 0 1 0
    outer loop
      vertex 24 -23.15 37.7199
      vertex 22.9827 -23.15 39.9872
      vertex 23.1198 -23.15 39.9251
    endloop
  endfacet
  facet normal 0 1 0
    outer loop
      vertex 24 -23.15 37.7199
      vertex 23.1198 -23.15 39.9251
      vertex 23.2607 -23.15 39.8721
    endloop
  endfacet
  facet normal 0 1 0
    outer loop
      vertex 24 -23.15 37.7199
      vertex 23.2607 -23.15 39.8721
      vertex 23.4047 -23.15 39.8284
    endloop
  endfacet
  facet normal 0 1 0
    outer loop
      vertex 24 -23.15 37.7199
      vertex 23.4047 -23.15 39.8284
      vertex 23.5513 -23.15 39.7942
    endloop
  endfacet
  facet normal 0 1 0
    outer loop
      vertex 24 -23.15 37.7199
      vertex 23.5513 -23.15 39.7942
      vertex 23.6998 -23.15 39.7697
    endloop
  endfacet
  facet normal 0 1 0
    outer loop
      vertex 24 -23.15 37.7199
      vertex 23.6998 -23.15 39.7697
      vertex 23.8496 -23.15 39.7549
    endloop
  endfacet
  facet normal 0 1 0
    outer loop
      vertex 22.85 -23.15 40.0581
      vertex 24 -23.15 37.7199
      vertex 20.25 -23.15 39.8849
    endloop
  endfacet
  facet normal 0 1 -0
    outer loop
      vertex 24 -23.15 37.7199
      vertex 23.8496 -23.15 39.7549
      vertex 24 -23.15 39.75
    endloop
  endfacet
  facet normal -1 0 0
    outer loop
      vertex 27.75 -23.15 39.8849
      vertex 27.75 -19.55 44.2151
      vertex 27.75 -19.55 39.8849
    endloop
  endfacet
  facet normal -1 -0 0
    outer loop
      vertex 27.75 -19.55 44.2151
      vertex 27.75 -23.15 39.8849
      vertex 27.75 -23.15 44.2151
    endloop
  endfacet
  facet normal 0.729662 0 -0.683808
    outer loop
      vertex 22.3737 -25.75 52.6763
      vertex 22.2708 -23.15 52.5665
      vertex 22.3737 -23.15 52.6763
    endloop
  endfacet
  facet normal 0.729662 0 -0.683808
    outer loop
      vertex 22.2708 -23.15 52.5665
      vertex 22.3737 -25.75 52.6763
      vertex 22.2708 -25.75 52.5665
    endloop
  endfacet
  facet normal -0.528206 0 -0.849116
    outer loop
      vertex 25.15 -25.75 53.0419
      vertex 25.2778 -23.15 52.9624
      vertex 25.2778 -25.75 52.9624
    endloop
  endfacet
  facet normal -0.528206 0 -0.849116
    outer loop
      vertex 25.2778 -23.15 52.9624
      vertex 25.15 -25.75 53.0419
      vertex 25.15 -23.15 53.0419
    endloop
  endfacet
  facet normal -0.995155 0 -0.0983197
    outer loop
      vertex 26.2951 -25.75 51.2004
      vertex 26.2803 -23.15 51.3502
      vertex 26.2951 -23.15 51.2004
    endloop
  endfacet
  facet normal -0.995155 -0 -0.0983197
    outer loop
      vertex 26.2803 -23.15 51.3502
      vertex 26.2951 -25.75 51.2004
      vertex 26.2803 -25.75 51.3502
    endloop
  endfacet
  facet normal -0.99947 0 -0.0325625
    outer loop
      vertex 26.3 -25.75 51.05
      vertex 26.2951 -23.15 51.2004
      vertex 26.3 -23.15 51.05
    endloop
  endfacet
  facet normal -0.99947 -0 -0.0325625
    outer loop
      vertex 26.2951 -23.15 51.2004
      vertex 26.3 -25.75 51.05
      vertex 26.2951 -25.75 51.2004
    endloop
  endfacet
  facet normal -0.634612 0 -0.772831
    outer loop
      vertex 25.4002 -25.75 52.8747
      vertex 25.5165 -23.15 52.7792
      vertex 25.5165 -25.75 52.7792
    endloop
  endfacet
  facet normal -0.634612 0 -0.772831
    outer loop
      vertex 25.5165 -23.15 52.7792
      vertex 25.4002 -25.75 52.8747
      vertex 25.4002 -23.15 52.8747
    endloop
  endfacet
  facet normal 0.162783 0 -0.986662
    outer loop
      vertex 23.5513 -25.75 53.3058
      vertex 23.6998 -23.15 53.3303
      vertex 23.6998 -25.75 53.3303
    endloop
  endfacet
  facet normal 0.162783 0 -0.986662
    outer loop
      vertex 23.6998 -23.15 53.3303
      vertex 23.5513 -25.75 53.3058
      vertex 23.5513 -23.15 53.3058
    endloop
  endfacet
  facet normal -0.683808 0 0.729662
    outer loop
      vertex 25.5165 -23.15 49.3208
      vertex 25.6263 -25.75 49.4237
      vertex 25.6263 -23.15 49.4237
    endloop
  endfacet
  facet normal -0.683808 0 0.729662
    outer loop
      vertex 25.6263 -25.75 49.4237
      vertex 25.5165 -23.15 49.3208
      vertex 25.5165 -25.75 49.3208
    endloop
  endfacet
  facet normal 0.729662 -0 0.683808
    outer loop
      vertex 22.2708 -25.75 49.5335
      vertex 22.3737 -23.15 49.4237
      vertex 22.2708 -23.15 49.5335
    endloop
  endfacet
  facet normal 0.729662 0 0.683808
    outer loop
      vertex 22.3737 -23.15 49.4237
      vertex 22.2708 -25.75 49.5335
      vertex 22.3737 -25.75 49.4237
    endloop
  endfacet
  facet normal -0.812655 0 -0.582746
    outer loop
      vertex 25.9124 -25.75 52.3278
      vertex 25.8247 -23.15 52.4501
      vertex 25.9124 -23.15 52.3278
    endloop
  endfacet
  facet normal -0.812655 -0 -0.582746
    outer loop
      vertex 25.8247 -23.15 52.4501
      vertex 25.9124 -25.75 52.3278
      vertex 25.8247 -25.75 52.4501
    endloop
  endfacet
  facet normal 0.582431 0 0.81288
    outer loop
      vertex 22.5998 -23.15 49.2253
      vertex 22.7222 -25.75 49.1376
      vertex 22.7222 -23.15 49.1376
    endloop
  endfacet
  facet normal 0.582431 0 0.81288
    outer loop
      vertex 22.7222 -25.75 49.1376
      vertex 22.5998 -23.15 49.2253
      vertex 22.5998 -25.75 49.2253
    endloop
  endfacet
  facet normal 0.995155 -0 0.0983197
    outer loop
      vertex 21.7049 -25.75 50.8996
      vertex 21.7197 -23.15 50.7498
      vertex 21.7049 -23.15 50.8996
    endloop
  endfacet
  facet normal 0.995155 0 0.0983197
    outer loop
      vertex 21.7197 -23.15 50.7498
      vertex 21.7049 -25.75 50.8996
      vertex 21.7197 -25.75 50.7498
    endloop
  endfacet
  facet normal 0.81288 -0 0.582431
    outer loop
      vertex 22.0876 -25.75 49.7722
      vertex 22.1753 -23.15 49.6498
      vertex 22.0876 -23.15 49.7722
    endloop
  endfacet
  facet normal 0.81288 0 0.582431
    outer loop
      vertex 22.1753 -23.15 49.6498
      vertex 22.0876 -25.75 49.7722
      vertex 22.1753 -25.75 49.6498
    endloop
  endfacet
  facet normal 0.634612 0 0.772831
    outer loop
      vertex 22.4835 -23.15 49.3208
      vertex 22.5998 -25.75 49.2253
      vertex 22.5998 -23.15 49.2253
    endloop
  endfacet
  facet normal 0.634612 0 0.772831
    outer loop
      vertex 22.5998 -25.75 49.2253
      vertex 22.4835 -23.15 49.3208
      vertex 22.4835 -25.75 49.3208
    endloop
  endfacet
  facet normal 0.227188 0 0.973851
    outer loop
      vertex 23.4047 -23.15 48.8284
      vertex 23.5513 -25.75 48.7942
      vertex 23.5513 -23.15 48.7942
    endloop
  endfacet
  facet normal 0.227188 0 0.973851
    outer loop
      vertex 23.5513 -25.75 48.7942
      vertex 23.4047 -23.15 48.8284
      vertex 23.4047 -25.75 48.8284
    endloop
  endfacet
  facet normal 0.935974 -0 0.35207
    outer loop
      vertex 21.8221 -25.75 50.3107
      vertex 21.8751 -23.15 50.1698
      vertex 21.8221 -23.15 50.3107
    endloop
  endfacet
  facet normal 0.935974 0 0.35207
    outer loop
      vertex 21.8751 -23.15 50.1698
      vertex 21.8221 -25.75 50.3107
      vertex 21.8751 -25.75 50.1698
    endloop
  endfacet
  facet normal -0.412601 0 -0.910912
    outer loop
      vertex 24.8802 -25.75 53.1749
      vertex 25.0173 -23.15 53.1128
      vertex 25.0173 -25.75 53.1128
    endloop
  endfacet
  facet normal -0.412601 0 -0.910912
    outer loop
      vertex 25.0173 -23.15 53.1128
      vertex 24.8802 -25.75 53.1749
      vertex 24.8802 -23.15 53.1749
    endloop
  endfacet
  facet normal -0.986662 0 -0.162783
    outer loop
      vertex 26.2803 -25.75 51.3502
      vertex 26.2558 -23.15 51.4987
      vertex 26.2803 -23.15 51.3502
    endloop
  endfacet
  facet normal -0.986662 -0 -0.162783
    outer loop
      vertex 26.2558 -23.15 51.4987
      vertex 26.2803 -25.75 51.3502
      vertex 26.2558 -25.75 51.4987
    endloop
  endfacet
  facet normal 0.956907 -0 0.290395
    outer loop
      vertex 21.7784 -25.75 50.4547
      vertex 21.8221 -23.15 50.3107
      vertex 21.7784 -23.15 50.4547
    endloop
  endfacet
  facet normal 0.956907 0 0.290395
    outer loop
      vertex 21.8221 -23.15 50.3107
      vertex 21.7784 -25.75 50.4547
      vertex 21.8221 -25.75 50.3107
    endloop
  endfacet
  facet normal -0.162783 0 0.986662
    outer loop
      vertex 24.3002 -23.15 48.7697
      vertex 24.4487 -25.75 48.7942
      vertex 24.4487 -23.15 48.7942
    endloop
  endfacet
  facet normal -0.162783 0 0.986662
    outer loop
      vertex 24.4487 -25.75 48.7942
      vertex 24.3002 -23.15 48.7697
      vertex 24.3002 -25.75 48.7697
    endloop
  endfacet
  facet normal -0.290395 0 0.956907
    outer loop
      vertex 24.5953 -23.15 48.8284
      vertex 24.7393 -25.75 48.8721
      vertex 24.7393 -23.15 48.8721
    endloop
  endfacet
  facet normal -0.290395 0 0.956907
    outer loop
      vertex 24.7393 -25.75 48.8721
      vertex 24.5953 -23.15 48.8284
      vertex 24.5953 -25.75 48.8284
    endloop
  endfacet
  facet normal 0.582431 0 -0.81288
    outer loop
      vertex 22.5998 -25.75 52.8747
      vertex 22.7222 -23.15 52.9624
      vertex 22.7222 -25.75 52.9624
    endloop
  endfacet
  facet normal 0.582431 0 -0.81288
    outer loop
      vertex 22.7222 -23.15 52.9624
      vertex 22.5998 -25.75 52.8747
      vertex 22.5998 -23.15 52.8747
    endloop
  endfacet
  facet normal 0.849116 0 -0.528206
    outer loop
      vertex 22.0876 -25.75 52.3278
      vertex 22.0081 -23.15 52.2
      vertex 22.0876 -23.15 52.3278
    endloop
  endfacet
  facet normal 0.849116 0 -0.528206
    outer loop
      vertex 22.0081 -23.15 52.2
      vertex 22.0876 -25.75 52.3278
      vertex 22.0081 -25.75 52.2
    endloop
  endfacet
  facet normal -0.0983197 0 0.995155
    outer loop
      vertex 24.1504 -23.15 48.7549
      vertex 24.3002 -25.75 48.7697
      vertex 24.3002 -23.15 48.7697
    endloop
  endfacet
  facet normal -0.0983197 0 0.995155
    outer loop
      vertex 24.3002 -25.75 48.7697
      vertex 24.1504 -23.15 48.7549
      vertex 24.1504 -25.75 48.7549
    endloop
  endfacet
  facet normal -0.582431 0 -0.81288
    outer loop
      vertex 25.2778 -25.75 52.9624
      vertex 25.4002 -23.15 52.8747
      vertex 25.4002 -25.75 52.8747
    endloop
  endfacet
  facet normal -0.582431 0 -0.81288
    outer loop
      vertex 25.4002 -23.15 52.8747
      vertex 25.2778 -25.75 52.9624
      vertex 25.2778 -23.15 52.9624
    endloop
  endfacet
  facet normal -0.412601 0 0.910912
    outer loop
      vertex 24.8802 -23.15 48.9251
      vertex 25.0173 -25.75 48.9872
      vertex 25.0173 -23.15 48.9872
    endloop
  endfacet
  facet normal -0.412601 0 0.910912
    outer loop
      vertex 25.0173 -25.75 48.9872
      vertex 24.8802 -23.15 48.9251
      vertex 24.8802 -25.75 48.9251
    endloop
  endfacet
  facet normal 0.973851 -0 0.227188
    outer loop
      vertex 21.7442 -25.75 50.6013
      vertex 21.7784 -23.15 50.4547
      vertex 21.7442 -23.15 50.6013
    endloop
  endfacet
  facet normal 0.973851 0 0.227188
    outer loop
      vertex 21.7784 -23.15 50.4547
      vertex 21.7442 -25.75 50.6013
      vertex 21.7784 -25.75 50.4547
    endloop
  endfacet
  facet normal -0.956907 0 -0.290395
    outer loop
      vertex 26.2216 -25.75 51.6453
      vertex 26.1779 -23.15 51.7893
      vertex 26.2216 -23.15 51.6453
    endloop
  endfacet
  facet normal -0.956907 -0 -0.290395
    outer loop
      vertex 26.1779 -23.15 51.7893
      vertex 26.2216 -25.75 51.6453
      vertex 26.1779 -25.75 51.7893
    endloop
  endfacet
  facet normal 0.956907 0 -0.290395
    outer loop
      vertex 21.8221 -25.75 51.7893
      vertex 21.7784 -23.15 51.6453
      vertex 21.8221 -23.15 51.7893
    endloop
  endfacet
  facet normal 0.956907 0 -0.290395
    outer loop
      vertex 21.7784 -23.15 51.6453
      vertex 21.8221 -25.75 51.7893
      vertex 21.7784 -25.75 51.6453
    endloop
  endfacet
  facet normal -0.0983197 0 -0.995155
    outer loop
      vertex 24.1504 -25.75 53.3451
      vertex 24.3002 -23.15 53.3303
      vertex 24.3002 -25.75 53.3303
    endloop
  endfacet
  facet normal -0.0983197 0 -0.995155
    outer loop
      vertex 24.3002 -23.15 53.3303
      vertex 24.1504 -25.75 53.3451
      vertex 24.1504 -23.15 53.3451
    endloop
  endfacet
  facet normal -0.227188 0 0.973851
    outer loop
      vertex 24.4487 -23.15 48.7942
      vertex 24.5953 -25.75 48.8284
      vertex 24.5953 -23.15 48.8284
    endloop
  endfacet
  facet normal -0.227188 0 0.973851
    outer loop
      vertex 24.5953 -25.75 48.8284
      vertex 24.4487 -23.15 48.7942
      vertex 24.4487 -25.75 48.7942
    endloop
  endfacet
  facet normal -0.910912 0 -0.412601
    outer loop
      vertex 26.1249 -25.75 51.9302
      vertex 26.0628 -23.15 52.0673
      vertex 26.1249 -23.15 51.9302
    endloop
  endfacet
  facet normal -0.910912 -0 -0.412601
    outer loop
      vertex 26.0628 -23.15 52.0673
      vertex 26.1249 -25.75 51.9302
      vertex 26.0628 -25.75 52.0673
    endloop
  endfacet
  facet normal 0.683808 0 0.729662
    outer loop
      vertex 22.3737 -23.15 49.4237
      vertex 22.4835 -25.75 49.3208
      vertex 22.4835 -23.15 49.3208
    endloop
  endfacet
  facet normal 0.683808 0 0.729662
    outer loop
      vertex 22.4835 -25.75 49.3208
      vertex 22.3737 -23.15 49.4237
      vertex 22.3737 -25.75 49.4237
    endloop
  endfacet
  facet normal -0.773098 0 -0.634286
    outer loop
      vertex 25.8247 -25.75 52.4501
      vertex 25.7292 -23.15 52.5665
      vertex 25.8247 -23.15 52.4501
    endloop
  endfacet
  facet normal -0.773098 -0 -0.634286
    outer loop
      vertex 25.7292 -23.15 52.5665
      vertex 25.8247 -25.75 52.4501
      vertex 25.7292 -25.75 52.5665
    endloop
  endfacet
  facet normal -0.973851 0 -0.227188
    outer loop
      vertex 26.2558 -25.75 51.4987
      vertex 26.2216 -23.15 51.6453
      vertex 26.2558 -23.15 51.4987
    endloop
  endfacet
  facet normal -0.973851 -0 -0.227188
    outer loop
      vertex 26.2216 -23.15 51.6453
      vertex 26.2558 -25.75 51.4987
      vertex 26.2216 -25.75 51.6453
    endloop
  endfacet
  facet normal -0.162783 0 -0.986662
    outer loop
      vertex 24.3002 -25.75 53.3303
      vertex 24.4487 -23.15 53.3058
      vertex 24.4487 -25.75 53.3058
    endloop
  endfacet
  facet normal -0.162783 0 -0.986662
    outer loop
      vertex 24.4487 -23.15 53.3058
      vertex 24.3002 -25.75 53.3303
      vertex 24.3002 -23.15 53.3303
    endloop
  endfacet
  facet normal 0.162783 0 0.986662
    outer loop
      vertex 23.5513 -23.15 48.7942
      vertex 23.6998 -25.75 48.7697
      vertex 23.6998 -23.15 48.7697
    endloop
  endfacet
  facet normal 0.162783 0 0.986662
    outer loop
      vertex 23.6998 -25.75 48.7697
      vertex 23.5513 -23.15 48.7942
      vertex 23.5513 -25.75 48.7942
    endloop
  endfacet
  facet normal -0.772831 0 0.634612
    outer loop
      vertex 25.7292 -25.75 49.5335
      vertex 25.8247 -23.15 49.6498
      vertex 25.7292 -23.15 49.5335
    endloop
  endfacet
  facet normal -0.772831 0 0.634612
    outer loop
      vertex 25.8247 -23.15 49.6498
      vertex 25.7292 -25.75 49.5335
      vertex 25.8247 -25.75 49.6498
    endloop
  endfacet
  facet normal 0.0983197 0 -0.995155
    outer loop
      vertex 23.6998 -25.75 53.3303
      vertex 23.8496 -23.15 53.3451
      vertex 23.8496 -25.75 53.3451
    endloop
  endfacet
  facet normal 0.0983197 0 -0.995155
    outer loop
      vertex 23.8496 -23.15 53.3451
      vertex 23.6998 -25.75 53.3303
      vertex 23.6998 -23.15 53.3303
    endloop
  endfacet
  facet normal 0.634612 0 -0.772831
    outer loop
      vertex 22.4835 -25.75 52.7792
      vertex 22.5998 -23.15 52.8747
      vertex 22.5998 -25.75 52.8747
    endloop
  endfacet
  facet normal 0.634612 0 -0.772831
    outer loop
      vertex 22.5998 -23.15 52.8747
      vertex 22.4835 -25.75 52.7792
      vertex 22.4835 -23.15 52.7792
    endloop
  endfacet
  facet normal -0.99947 0 0.0325625
    outer loop
      vertex 26.2951 -25.75 50.8996
      vertex 26.3 -23.15 51.05
      vertex 26.2951 -23.15 50.8996
    endloop
  endfacet
  facet normal -0.99947 0 0.0325625
    outer loop
      vertex 26.3 -23.15 51.05
      vertex 26.2951 -25.75 50.8996
      vertex 26.3 -25.75 51.05
    endloop
  endfacet
  facet normal -0.729662 0 -0.683808
    outer loop
      vertex 25.7292 -25.75 52.5665
      vertex 25.6263 -23.15 52.6763
      vertex 25.7292 -23.15 52.5665
    endloop
  endfacet
  facet normal -0.729662 -0 -0.683808
    outer loop
      vertex 25.6263 -23.15 52.6763
      vertex 25.7292 -25.75 52.5665
      vertex 25.6263 -25.75 52.6763
    endloop
  endfacet
  facet normal 0.412601 0 0.910912
    outer loop
      vertex 22.9827 -23.15 48.9872
      vertex 23.1198 -25.75 48.9251
      vertex 23.1198 -23.15 48.9251
    endloop
  endfacet
  facet normal 0.412601 0 0.910912
    outer loop
      vertex 23.1198 -25.75 48.9251
      vertex 22.9827 -23.15 48.9872
      vertex 22.9827 -25.75 48.9872
    endloop
  endfacet
  facet normal -0.81288 0 0.582431
    outer loop
      vertex 25.8247 -25.75 49.6498
      vertex 25.9124 -23.15 49.7722
      vertex 25.8247 -23.15 49.6498
    endloop
  endfacet
  facet normal -0.81288 0 0.582431
    outer loop
      vertex 25.9124 -23.15 49.7722
      vertex 25.8247 -25.75 49.6498
      vertex 25.9124 -25.75 49.7722
    endloop
  endfacet
  facet normal -0.849116 0 0.528206
    outer loop
      vertex 25.9124 -25.75 49.7722
      vertex 25.9919 -23.15 49.9
      vertex 25.9124 -23.15 49.7722
    endloop
  endfacet
  facet normal -0.849116 0 0.528206
    outer loop
      vertex 25.9919 -23.15 49.9
      vertex 25.9124 -25.75 49.7722
      vertex 25.9919 -25.75 49.9
    endloop
  endfacet
  facet normal -0.471244 0 -0.882003
    outer loop
      vertex 25.0173 -25.75 53.1128
      vertex 25.15 -23.15 53.0419
      vertex 25.15 -25.75 53.0419
    endloop
  endfacet
  facet normal -0.471244 0 -0.882003
    outer loop
      vertex 25.15 -23.15 53.0419
      vertex 25.0173 -25.75 53.1128
      vertex 25.0173 -23.15 53.1128
    endloop
  endfacet
  facet normal 0.849116 -0 0.528206
    outer loop
      vertex 22.0081 -25.75 49.9
      vertex 22.0876 -23.15 49.7722
      vertex 22.0081 -23.15 49.9
    endloop
  endfacet
  facet normal 0.849116 0 0.528206
    outer loop
      vertex 22.0876 -23.15 49.7722
      vertex 22.0081 -25.75 49.9
      vertex 22.0876 -25.75 49.7722
    endloop
  endfacet
  facet normal -0.0325625 0 0.99947
    outer loop
      vertex 24 -23.15 48.75
      vertex 24.1504 -25.75 48.7549
      vertex 24.1504 -23.15 48.7549
    endloop
  endfacet
  facet normal -0.0325625 0 0.99947
    outer loop
      vertex 24.1504 -25.75 48.7549
      vertex 24 -23.15 48.75
      vertex 24 -25.75 48.75
    endloop
  endfacet
  facet normal -0.995155 0 0.0983197
    outer loop
      vertex 26.2803 -25.75 50.7498
      vertex 26.2951 -23.15 50.8996
      vertex 26.2803 -23.15 50.7498
    endloop
  endfacet
  facet normal -0.995155 0 0.0983197
    outer loop
      vertex 26.2951 -23.15 50.8996
      vertex 26.2803 -25.75 50.7498
      vertex 26.2951 -25.75 50.8996
    endloop
  endfacet
  facet normal 0.0325625 0 0.99947
    outer loop
      vertex 23.8496 -23.15 48.7549
      vertex 24 -25.75 48.75
      vertex 24 -23.15 48.75
    endloop
  endfacet
  facet normal 0.0325625 0 0.99947
    outer loop
      vertex 24 -25.75 48.75
      vertex 23.8496 -23.15 48.7549
      vertex 23.8496 -25.75 48.7549
    endloop
  endfacet
  facet normal 0.935974 0 -0.35207
    outer loop
      vertex 21.8751 -25.75 51.9302
      vertex 21.8221 -23.15 51.7893
      vertex 21.8751 -23.15 51.9302
    endloop
  endfacet
  facet normal 0.935974 0 -0.35207
    outer loop
      vertex 21.8221 -23.15 51.7893
      vertex 21.8751 -25.75 51.9302
      vertex 21.8221 -25.75 51.7893
    endloop
  endfacet
  facet normal 0.99947 0 -0.0325625
    outer loop
      vertex 21.7049 -25.75 51.2004
      vertex 21.7 -23.15 51.05
      vertex 21.7049 -23.15 51.2004
    endloop
  endfacet
  facet normal 0.99947 0 -0.0325625
    outer loop
      vertex 21.7 -23.15 51.05
      vertex 21.7049 -25.75 51.2004
      vertex 21.7 -25.75 51.05
    endloop
  endfacet
  facet normal -0.471244 0 0.882003
    outer loop
      vertex 25.0173 -23.15 48.9872
      vertex 25.15 -25.75 49.0581
      vertex 25.15 -23.15 49.0581
    endloop
  endfacet
  facet normal -0.471244 0 0.882003
    outer loop
      vertex 25.15 -25.75 49.0581
      vertex 25.0173 -23.15 48.9872
      vertex 25.0173 -25.75 48.9872
    endloop
  endfacet
  facet normal 0.0325625 0 -0.99947
    outer loop
      vertex 23.8496 -25.75 53.3451
      vertex 24 -23.15 53.35
      vertex 24 -25.75 53.35
    endloop
  endfacet
  facet normal 0.0325625 0 -0.99947
    outer loop
      vertex 24 -23.15 53.35
      vertex 23.8496 -25.75 53.3451
      vertex 23.8496 -23.15 53.3451
    endloop
  endfacet
  facet normal 0.412601 0 -0.910912
    outer loop
      vertex 22.9827 -25.75 53.1128
      vertex 23.1198 -23.15 53.1749
      vertex 23.1198 -25.75 53.1749
    endloop
  endfacet
  facet normal 0.412601 0 -0.910912
    outer loop
      vertex 23.1198 -23.15 53.1749
      vertex 22.9827 -25.75 53.1128
      vertex 22.9827 -23.15 53.1128
    endloop
  endfacet
  facet normal -0.973851 0 0.227188
    outer loop
      vertex 26.2216 -25.75 50.4547
      vertex 26.2558 -23.15 50.6013
      vertex 26.2216 -23.15 50.4547
    endloop
  endfacet
  facet normal -0.973851 0 0.227188
    outer loop
      vertex 26.2558 -23.15 50.6013
      vertex 26.2216 -25.75 50.4547
      vertex 26.2558 -25.75 50.6013
    endloop
  endfacet
  facet normal 0.227188 0 -0.973851
    outer loop
      vertex 23.4047 -25.75 53.2716
      vertex 23.5513 -23.15 53.3058
      vertex 23.5513 -25.75 53.3058
    endloop
  endfacet
  facet normal 0.227188 0 -0.973851
    outer loop
      vertex 23.5513 -23.15 53.3058
      vertex 23.4047 -25.75 53.2716
      vertex 23.4047 -23.15 53.2716
    endloop
  endfacet
  facet normal 0.986662 0 -0.162783
    outer loop
      vertex 21.7442 -25.75 51.4987
      vertex 21.7197 -23.15 51.3502
      vertex 21.7442 -23.15 51.4987
    endloop
  endfacet
  facet normal 0.986662 0 -0.162783
    outer loop
      vertex 21.7197 -23.15 51.3502
      vertex 21.7442 -25.75 51.4987
      vertex 21.7197 -25.75 51.3502
    endloop
  endfacet
  facet normal -0.935974 0 0.35207
    outer loop
      vertex 26.1249 -25.75 50.1698
      vertex 26.1779 -23.15 50.3107
      vertex 26.1249 -23.15 50.1698
    endloop
  endfacet
  facet normal -0.935974 0 0.35207
    outer loop
      vertex 26.1779 -23.15 50.3107
      vertex 26.1249 -25.75 50.1698
      vertex 26.1779 -25.75 50.3107
    endloop
  endfacet
  facet normal -0.956907 0 0.290395
    outer loop
      vertex 26.1779 -25.75 50.3107
      vertex 26.2216 -23.15 50.4547
      vertex 26.1779 -23.15 50.3107
    endloop
  endfacet
  facet normal -0.956907 0 0.290395
    outer loop
      vertex 26.2216 -23.15 50.4547
      vertex 26.1779 -25.75 50.3107
      vertex 26.2216 -25.75 50.4547
    endloop
  endfacet
  facet normal -0.227188 0 -0.973851
    outer loop
      vertex 24.4487 -25.75 53.3058
      vertex 24.5953 -23.15 53.2716
      vertex 24.5953 -25.75 53.2716
    endloop
  endfacet
  facet normal -0.227188 0 -0.973851
    outer loop
      vertex 24.5953 -23.15 53.2716
      vertex 24.4487 -25.75 53.3058
      vertex 24.4487 -23.15 53.3058
    endloop
  endfacet
  facet normal 0.99947 -0 0.0325625
    outer loop
      vertex 21.7 -25.75 51.05
      vertex 21.7049 -23.15 50.8996
      vertex 21.7 -23.15 51.05
    endloop
  endfacet
  facet normal 0.99947 0 0.0325625
    outer loop
      vertex 21.7049 -23.15 50.8996
      vertex 21.7 -25.75 51.05
      vertex 21.7049 -25.75 50.8996
    endloop
  endfacet
  facet normal 0.773098 0 -0.634286
    outer loop
      vertex 22.2708 -25.75 52.5665
      vertex 22.1753 -23.15 52.4501
      vertex 22.2708 -23.15 52.5665
    endloop
  endfacet
  facet normal 0.773098 0 -0.634286
    outer loop
      vertex 22.1753 -23.15 52.4501
      vertex 22.2708 -25.75 52.5665
      vertex 22.1753 -25.75 52.4501
    endloop
  endfacet
  facet normal -0.849116 0 -0.528206
    outer loop
      vertex 25.9919 -25.75 52.2
      vertex 25.9124 -23.15 52.3278
      vertex 25.9919 -23.15 52.2
    endloop
  endfacet
  facet normal -0.849116 -0 -0.528206
    outer loop
      vertex 25.9124 -23.15 52.3278
      vertex 25.9919 -25.75 52.2
      vertex 25.9124 -25.75 52.3278
    endloop
  endfacet
  facet normal -0.882003 0 -0.471244
    outer loop
      vertex 26.0628 -25.75 52.0673
      vertex 25.9919 -23.15 52.2
      vertex 26.0628 -23.15 52.0673
    endloop
  endfacet
  facet normal -0.882003 -0 -0.471244
    outer loop
      vertex 25.9919 -23.15 52.2
      vertex 26.0628 -25.75 52.0673
      vertex 25.9919 -25.75 52.2
    endloop
  endfacet
  facet normal -0.35207 0 -0.935974
    outer loop
      vertex 24.7393 -25.75 53.2279
      vertex 24.8802 -23.15 53.1749
      vertex 24.8802 -25.75 53.1749
    endloop
  endfacet
  facet normal -0.35207 0 -0.935974
    outer loop
      vertex 24.8802 -23.15 53.1749
      vertex 24.7393 -25.75 53.2279
      vertex 24.7393 -23.15 53.2279
    endloop
  endfacet
  facet normal -0.35207 0 0.935974
    outer loop
      vertex 24.7393 -23.15 48.8721
      vertex 24.8802 -25.75 48.9251
      vertex 24.8802 -23.15 48.9251
    endloop
  endfacet
  facet normal -0.35207 0 0.935974
    outer loop
      vertex 24.8802 -25.75 48.9251
      vertex 24.7393 -23.15 48.8721
      vertex 24.7393 -25.75 48.8721
    endloop
  endfacet
  facet normal 0.471244 0 -0.882003
    outer loop
      vertex 22.85 -25.75 53.0419
      vertex 22.9827 -23.15 53.1128
      vertex 22.9827 -25.75 53.1128
    endloop
  endfacet
  facet normal 0.471244 0 -0.882003
    outer loop
      vertex 22.9827 -23.15 53.1128
      vertex 22.85 -25.75 53.0419
      vertex 22.85 -23.15 53.0419
    endloop
  endfacet
  facet normal 0.973851 0 -0.227188
    outer loop
      vertex 21.7784 -25.75 51.6453
      vertex 21.7442 -23.15 51.4987
      vertex 21.7784 -23.15 51.6453
    endloop
  endfacet
  facet normal 0.973851 0 -0.227188
    outer loop
      vertex 21.7442 -23.15 51.4987
      vertex 21.7784 -25.75 51.6453
      vertex 21.7442 -25.75 51.4987
    endloop
  endfacet
  facet normal 0.290395 0 -0.956907
    outer loop
      vertex 23.2607 -25.75 53.2279
      vertex 23.4047 -23.15 53.2716
      vertex 23.4047 -25.75 53.2716
    endloop
  endfacet
  facet normal 0.290395 0 -0.956907
    outer loop
      vertex 23.4047 -23.15 53.2716
      vertex 23.2607 -25.75 53.2279
      vertex 23.2607 -23.15 53.2279
    endloop
  endfacet
  facet normal 0.471244 0 0.882003
    outer loop
      vertex 22.85 -23.15 49.0581
      vertex 22.9827 -25.75 48.9872
      vertex 22.9827 -23.15 48.9872
    endloop
  endfacet
  facet normal 0.471244 0 0.882003
    outer loop
      vertex 22.9827 -25.75 48.9872
      vertex 22.85 -23.15 49.0581
      vertex 22.85 -25.75 49.0581
    endloop
  endfacet
  facet normal 0.35207 0 -0.935974
    outer loop
      vertex 23.1198 -25.75 53.1749
      vertex 23.2607 -23.15 53.2279
      vertex 23.2607 -25.75 53.2279
    endloop
  endfacet
  facet normal 0.35207 0 -0.935974
    outer loop
      vertex 23.2607 -23.15 53.2279
      vertex 23.1198 -25.75 53.1749
      vertex 23.1198 -23.15 53.1749
    endloop
  endfacet
  facet normal -0.935974 0 -0.35207
    outer loop
      vertex 26.1779 -25.75 51.7893
      vertex 26.1249 -23.15 51.9302
      vertex 26.1779 -23.15 51.7893
    endloop
  endfacet
  facet normal -0.935974 -0 -0.35207
    outer loop
      vertex 26.1249 -23.15 51.9302
      vertex 26.1779 -25.75 51.7893
      vertex 26.1249 -25.75 51.9302
    endloop
  endfacet
  facet normal 0.986662 -0 0.162783
    outer loop
      vertex 21.7197 -25.75 50.7498
      vertex 21.7442 -23.15 50.6013
      vertex 21.7197 -23.15 50.7498
    endloop
  endfacet
  facet normal 0.986662 0 0.162783
    outer loop
      vertex 21.7442 -23.15 50.6013
      vertex 21.7197 -25.75 50.7498
      vertex 21.7442 -25.75 50.6013
    endloop
  endfacet
  facet normal 0.290395 0 0.956907
    outer loop
      vertex 23.2607 -23.15 48.8721
      vertex 23.4047 -25.75 48.8284
      vertex 23.4047 -23.15 48.8284
    endloop
  endfacet
  facet normal 0.290395 0 0.956907
    outer loop
      vertex 23.4047 -25.75 48.8284
      vertex 23.2607 -23.15 48.8721
      vertex 23.2607 -25.75 48.8721
    endloop
  endfacet
  facet normal -0.910912 0 0.412601
    outer loop
      vertex 26.0628 -25.75 50.0327
      vertex 26.1249 -23.15 50.1698
      vertex 26.0628 -23.15 50.0327
    endloop
  endfacet
  facet normal -0.910912 0 0.412601
    outer loop
      vertex 26.1249 -23.15 50.1698
      vertex 26.0628 -25.75 50.0327
      vertex 26.1249 -25.75 50.1698
    endloop
  endfacet
  facet normal -0.0325625 0 -0.99947
    outer loop
      vertex 24 -25.75 53.35
      vertex 24.1504 -23.15 53.3451
      vertex 24.1504 -25.75 53.3451
    endloop
  endfacet
  facet normal -0.0325625 0 -0.99947
    outer loop
      vertex 24.1504 -23.15 53.3451
      vertex 24 -25.75 53.35
      vertex 24 -23.15 53.35
    endloop
  endfacet
  facet normal 0.910912 -0 0.412601
    outer loop
      vertex 21.8751 -25.75 50.1698
      vertex 21.9372 -23.15 50.0327
      vertex 21.8751 -23.15 50.1698
    endloop
  endfacet
  facet normal 0.910912 0 0.412601
    outer loop
      vertex 21.9372 -23.15 50.0327
      vertex 21.8751 -25.75 50.1698
      vertex 21.9372 -25.75 50.0327
    endloop
  endfacet
  facet normal 0.772831 -0 0.634612
    outer loop
      vertex 22.1753 -25.75 49.6498
      vertex 22.2708 -23.15 49.5335
      vertex 22.1753 -23.15 49.6498
    endloop
  endfacet
  facet normal 0.772831 0 0.634612
    outer loop
      vertex 22.2708 -23.15 49.5335
      vertex 22.1753 -25.75 49.6498
      vertex 22.2708 -25.75 49.5335
    endloop
  endfacet
  facet normal -0.683808 0 -0.729662
    outer loop
      vertex 25.5165 -25.75 52.7792
      vertex 25.6263 -23.15 52.6763
      vertex 25.6263 -25.75 52.6763
    endloop
  endfacet
  facet normal -0.683808 0 -0.729662
    outer loop
      vertex 25.6263 -23.15 52.6763
      vertex 25.5165 -25.75 52.7792
      vertex 25.5165 -23.15 52.7792
    endloop
  endfacet
  facet normal 0.528206 0 -0.849116
    outer loop
      vertex 22.7222 -25.75 52.9624
      vertex 22.85 -23.15 53.0419
      vertex 22.85 -25.75 53.0419
    endloop
  endfacet
  facet normal 0.528206 0 -0.849116
    outer loop
      vertex 22.85 -23.15 53.0419
      vertex 22.7222 -25.75 52.9624
      vertex 22.7222 -23.15 52.9624
    endloop
  endfacet
  facet normal -0.986662 0 0.162783
    outer loop
      vertex 26.2558 -25.75 50.6013
      vertex 26.2803 -23.15 50.7498
      vertex 26.2558 -23.15 50.6013
    endloop
  endfacet
  facet normal -0.986662 0 0.162783
    outer loop
      vertex 26.2803 -23.15 50.7498
      vertex 26.2558 -25.75 50.6013
      vertex 26.2803 -25.75 50.7498
    endloop
  endfacet
  facet normal 0.683808 0 -0.729662
    outer loop
      vertex 22.3737 -25.75 52.6763
      vertex 22.4835 -23.15 52.7792
      vertex 22.4835 -25.75 52.7792
    endloop
  endfacet
  facet normal 0.683808 0 -0.729662
    outer loop
      vertex 22.4835 -23.15 52.7792
      vertex 22.3737 -25.75 52.6763
      vertex 22.3737 -23.15 52.6763
    endloop
  endfacet
  facet normal 0.910912 0 -0.412601
    outer loop
      vertex 21.9372 -25.75 52.0673
      vertex 21.8751 -23.15 51.9302
      vertex 21.9372 -23.15 52.0673
    endloop
  endfacet
  facet normal 0.910912 0 -0.412601
    outer loop
      vertex 21.8751 -23.15 51.9302
      vertex 21.9372 -25.75 52.0673
      vertex 21.8751 -25.75 51.9302
    endloop
  endfacet
  facet normal -0.729662 0 0.683808
    outer loop
      vertex 25.6263 -25.75 49.4237
      vertex 25.7292 -23.15 49.5335
      vertex 25.6263 -23.15 49.4237
    endloop
  endfacet
  facet normal -0.729662 0 0.683808
    outer loop
      vertex 25.7292 -23.15 49.5335
      vertex 25.6263 -25.75 49.4237
      vertex 25.7292 -25.75 49.5335
    endloop
  endfacet
  facet normal -0.582431 0 0.81288
    outer loop
      vertex 25.2778 -23.15 49.1376
      vertex 25.4002 -25.75 49.2253
      vertex 25.4002 -23.15 49.2253
    endloop
  endfacet
  facet normal -0.582431 0 0.81288
    outer loop
      vertex 25.4002 -25.75 49.2253
      vertex 25.2778 -23.15 49.1376
      vertex 25.2778 -25.75 49.1376
    endloop
  endfacet
  facet normal -0.882003 0 0.471244
    outer loop
      vertex 25.9919 -25.75 49.9
      vertex 26.0628 -23.15 50.0327
      vertex 25.9919 -23.15 49.9
    endloop
  endfacet
  facet normal -0.882003 0 0.471244
    outer loop
      vertex 26.0628 -23.15 50.0327
      vertex 25.9919 -25.75 49.9
      vertex 26.0628 -25.75 50.0327
    endloop
  endfacet
  facet normal 0.995155 0 -0.0983197
    outer loop
      vertex 21.7197 -25.75 51.3502
      vertex 21.7049 -23.15 51.2004
      vertex 21.7197 -23.15 51.3502
    endloop
  endfacet
  facet normal 0.995155 0 -0.0983197
    outer loop
      vertex 21.7049 -23.15 51.2004
      vertex 21.7197 -25.75 51.3502
      vertex 21.7049 -25.75 51.2004
    endloop
  endfacet
  facet normal -0.290395 0 -0.956907
    outer loop
      vertex 24.5953 -25.75 53.2716
      vertex 24.7393 -23.15 53.2279
      vertex 24.7393 -25.75 53.2279
    endloop
  endfacet
  facet normal -0.290395 0 -0.956907
    outer loop
      vertex 24.7393 -23.15 53.2279
      vertex 24.5953 -25.75 53.2716
      vertex 24.5953 -23.15 53.2716
    endloop
  endfacet
  facet normal -0.634612 0 0.772831
    outer loop
      vertex 25.4002 -23.15 49.2253
      vertex 25.5165 -25.75 49.3208
      vertex 25.5165 -23.15 49.3208
    endloop
  endfacet
  facet normal -0.634612 0 0.772831
    outer loop
      vertex 25.5165 -25.75 49.3208
      vertex 25.4002 -23.15 49.2253
      vertex 25.4002 -25.75 49.2253
    endloop
  endfacet
  facet normal 0.882003 0 -0.471244
    outer loop
      vertex 22.0081 -25.75 52.2
      vertex 21.9372 -23.15 52.0673
      vertex 22.0081 -23.15 52.2
    endloop
  endfacet
  facet normal 0.882003 0 -0.471244
    outer loop
      vertex 21.9372 -23.15 52.0673
      vertex 22.0081 -25.75 52.2
      vertex 21.9372 -25.75 52.0673
    endloop
  endfacet
  facet normal -0.528206 0 0.849116
    outer loop
      vertex 25.15 -23.15 49.0581
      vertex 25.2778 -25.75 49.1376
      vertex 25.2778 -23.15 49.1376
    endloop
  endfacet
  facet normal -0.528206 0 0.849116
    outer loop
      vertex 25.2778 -25.75 49.1376
      vertex 25.15 -23.15 49.0581
      vertex 25.15 -25.75 49.0581
    endloop
  endfacet
  facet normal 0.0983197 0 0.995155
    outer loop
      vertex 23.6998 -23.15 48.7697
      vertex 23.8496 -25.75 48.7549
      vertex 23.8496 -23.15 48.7549
    endloop
  endfacet
  facet normal 0.0983197 0 0.995155
    outer loop
      vertex 23.8496 -25.75 48.7549
      vertex 23.6998 -23.15 48.7697
      vertex 23.6998 -25.75 48.7697
    endloop
  endfacet
  facet normal 0.882003 -0 0.471244
    outer loop
      vertex 21.9372 -25.75 50.0327
      vertex 22.0081 -23.15 49.9
      vertex 21.9372 -23.15 50.0327
    endloop
  endfacet
  facet normal 0.882003 0 0.471244
    outer loop
      vertex 22.0081 -23.15 49.9
      vertex 21.9372 -25.75 50.0327
      vertex 22.0081 -25.75 49.9
    endloop
  endfacet
  facet normal 0.812655 0 -0.582746
    outer loop
      vertex 22.1753 -25.75 52.4501
      vertex 22.0876 -23.15 52.3278
      vertex 22.1753 -23.15 52.4501
    endloop
  endfacet
  facet normal 0.812655 0 -0.582746
    outer loop
      vertex 22.0876 -23.15 52.3278
      vertex 22.1753 -25.75 52.4501
      vertex 22.0876 -25.75 52.3278
    endloop
  endfacet
  facet normal 0.35207 0 0.935974
    outer loop
      vertex 23.1198 -23.15 48.9251
      vertex 23.2607 -25.75 48.8721
      vertex 23.2607 -23.15 48.8721
    endloop
  endfacet
  facet normal 0.35207 0 0.935974
    outer loop
      vertex 23.2607 -25.75 48.8721
      vertex 23.1198 -23.15 48.9251
      vertex 23.1198 -25.75 48.9251
    endloop
  endfacet
  facet normal 0.528206 0 0.849116
    outer loop
      vertex 22.7222 -23.15 49.1376
      vertex 22.85 -25.75 49.0581
      vertex 22.85 -23.15 49.0581
    endloop
  endfacet
  facet normal 0.528206 0 0.849116
    outer loop
      vertex 22.85 -25.75 49.0581
      vertex 22.7222 -23.15 49.1376
      vertex 22.7222 -25.75 49.1376
    endloop
  endfacet
  facet normal -0.499989 0 -0.866032
    outer loop
      vertex 24 -23.15 55.3801
      vertex 27.75 -19.55 53.2151
      vertex 27.75 -23.15 53.2151
    endloop
  endfacet
  facet normal -0.499989 0 -0.866032
    outer loop
      vertex 27.75 -19.55 53.2151
      vertex 24 -23.15 55.3801
      vertex 24 -19.55 55.3801
    endloop
  endfacet
  facet normal 0.499989 0 0.866032
    outer loop
      vertex 20.25 -19.55 48.8849
      vertex 24 -23.15 46.7199
      vertex 24 -19.55 46.7199
    endloop
  endfacet
  facet normal 0.499989 0 0.866032
    outer loop
      vertex 24 -23.15 46.7199
      vertex 20.25 -19.55 48.8849
      vertex 20.25 -23.15 48.8849
    endloop
  endfacet
  facet normal -0.499989 0 0.866032
    outer loop
      vertex 24 -19.55 46.7199
      vertex 27.75 -23.15 48.8849
      vertex 27.75 -19.55 48.8849
    endloop
  endfacet
  facet normal -0.499989 0 0.866032
    outer loop
      vertex 27.75 -23.15 48.8849
      vertex 24 -19.55 46.7199
      vertex 24 -23.15 46.7199
    endloop
  endfacet
  facet normal 1 -0 0
    outer loop
      vertex 20.25 -23.15 53.2151
      vertex 20.25 -19.55 48.8849
      vertex 20.25 -19.55 53.2151
    endloop
  endfacet
  facet normal 1 0 0
    outer loop
      vertex 20.25 -19.55 48.8849
      vertex 20.25 -23.15 53.2151
      vertex 20.25 -23.15 48.8849
    endloop
  endfacet
  facet normal 0.499989 0 -0.866032
    outer loop
      vertex 20.25 -23.15 53.2151
      vertex 24 -19.55 55.3801
      vertex 24 -23.15 55.3801
    endloop
  endfacet
  facet normal 0.499989 0 -0.866032
    outer loop
      vertex 24 -19.55 55.3801
      vertex 20.25 -23.15 53.2151
      vertex 20.25 -19.55 53.2151
    endloop
  endfacet
  facet normal 0 1 0
    outer loop
      vertex 24 -23.15 55.3801
      vertex 24.1504 -23.15 53.3451
      vertex 24 -23.15 53.35
    endloop
  endfacet
  facet normal 0 1 0
    outer loop
      vertex 24 -23.15 55.3801
      vertex 24.3002 -23.15 53.3303
      vertex 24.1504 -23.15 53.3451
    endloop
  endfacet
  facet normal 0 1 0
    outer loop
      vertex 24 -23.15 55.3801
      vertex 24.4487 -23.15 53.3058
      vertex 24.3002 -23.15 53.3303
    endloop
  endfacet
  facet normal 0 1 0
    outer loop
      vertex 24 -23.15 55.3801
      vertex 24.5953 -23.15 53.2716
      vertex 24.4487 -23.15 53.3058
    endloop
  endfacet
  facet normal 0 1 0
    outer loop
      vertex 24 -23.15 55.3801
      vertex 24.7393 -23.15 53.2279
      vertex 24.5953 -23.15 53.2716
    endloop
  endfacet
  facet normal 0 1 -0
    outer loop
      vertex 25.15 -23.15 53.0419
      vertex 24 -23.15 55.3801
      vertex 27.75 -23.15 53.2151
    endloop
  endfacet
  facet normal 0 1 0
    outer loop
      vertex 24 -23.15 55.3801
      vertex 24.8802 -23.15 53.1749
      vertex 24.7393 -23.15 53.2279
    endloop
  endfacet
  facet normal 0 1 0
    outer loop
      vertex 24 -23.15 55.3801
      vertex 25.0173 -23.15 53.1128
      vertex 24.8802 -23.15 53.1749
    endloop
  endfacet
  facet normal 0 1 0
    outer loop
      vertex 24 -23.15 55.3801
      vertex 25.15 -23.15 53.0419
      vertex 25.0173 -23.15 53.1128
    endloop
  endfacet
  facet normal 0 1 0
    outer loop
      vertex 27.75 -23.15 53.2151
      vertex 25.2778 -23.15 52.9624
      vertex 25.15 -23.15 53.0419
    endloop
  endfacet
  facet normal 0 1 0
    outer loop
      vertex 27.75 -23.15 53.2151
      vertex 25.4002 -23.15 52.8747
      vertex 25.2778 -23.15 52.9624
    endloop
  endfacet
  facet normal 0 1 0
    outer loop
      vertex 27.75 -23.15 53.2151
      vertex 25.5165 -23.15 52.7792
      vertex 25.4002 -23.15 52.8747
    endloop
  endfacet
  facet normal 0 1 0
    outer loop
      vertex 27.75 -23.15 53.2151
      vertex 25.6263 -23.15 52.6763
      vertex 25.5165 -23.15 52.7792
    endloop
  endfacet
  facet normal 0 1 0
    outer loop
      vertex 27.75 -23.15 53.2151
      vertex 25.7292 -23.15 52.5665
      vertex 25.6263 -23.15 52.6763
    endloop
  endfacet
  facet normal 0 1 0
    outer loop
      vertex 27.75 -23.15 53.2151
      vertex 25.8247 -23.15 52.4501
      vertex 25.7292 -23.15 52.5665
    endloop
  endfacet
  facet normal 0 1 0
    outer loop
      vertex 27.75 -23.15 53.2151
      vertex 25.9124 -23.15 52.3278
      vertex 25.8247 -23.15 52.4501
    endloop
  endfacet
  facet normal 0 1 0
    outer loop
      vertex 27.75 -23.15 53.2151
      vertex 25.9919 -23.15 52.2
      vertex 25.9124 -23.15 52.3278
    endloop
  endfacet
  facet normal 0 1 0
    outer loop
      vertex 27.75 -23.15 53.2151
      vertex 26.0628 -23.15 52.0673
      vertex 25.9919 -23.15 52.2
    endloop
  endfacet
  facet normal 0 1 0
    outer loop
      vertex 27.75 -23.15 53.2151
      vertex 26.1249 -23.15 51.9302
      vertex 26.0628 -23.15 52.0673
    endloop
  endfacet
  facet normal 0 1 0
    outer loop
      vertex 27.75 -23.15 53.2151
      vertex 26.1779 -23.15 51.7893
      vertex 26.1249 -23.15 51.9302
    endloop
  endfacet
  facet normal 0 1 0
    outer loop
      vertex 27.75 -23.15 53.2151
      vertex 26.2216 -23.15 51.6453
      vertex 26.1779 -23.15 51.7893
    endloop
  endfacet
  facet normal 0 1 0
    outer loop
      vertex 27.75 -23.15 53.2151
      vertex 26.2558 -23.15 51.4987
      vertex 26.2216 -23.15 51.6453
    endloop
  endfacet
  facet normal 0 1 0
    outer loop
      vertex 27.75 -23.15 53.2151
      vertex 26.2803 -23.15 51.3502
      vertex 26.2558 -23.15 51.4987
    endloop
  endfacet
  facet normal 0 1 0
    outer loop
      vertex 27.75 -23.15 53.2151
      vertex 26.2951 -23.15 51.2004
      vertex 26.2803 -23.15 51.3502
    endloop
  endfacet
  facet normal 0 1 0
    outer loop
      vertex 27.75 -23.15 53.2151
      vertex 26.3 -23.15 51.05
      vertex 26.2951 -23.15 51.2004
    endloop
  endfacet
  facet normal 0 1 -0
    outer loop
      vertex 27.75 -23.15 48.8849
      vertex 26.3 -23.15 51.05
      vertex 27.75 -23.15 53.2151
    endloop
  endfacet
  facet normal 0 1 0
    outer loop
      vertex 26.3 -23.15 51.05
      vertex 27.75 -23.15 48.8849
      vertex 26.2951 -23.15 50.8996
    endloop
  endfacet
  facet normal 0 1 0
    outer loop
      vertex 26.2951 -23.15 50.8996
      vertex 27.75 -23.15 48.8849
      vertex 26.2803 -23.15 50.7498
    endloop
  endfacet
  facet normal 0 1 0
    outer loop
      vertex 26.2803 -23.15 50.7498
      vertex 27.75 -23.15 48.8849
      vertex 26.2558 -23.15 50.6013
    endloop
  endfacet
  facet normal 0 1 0
    outer loop
      vertex 26.2558 -23.15 50.6013
      vertex 27.75 -23.15 48.8849
      vertex 26.2216 -23.15 50.4547
    endloop
  endfacet
  facet normal 0 1 0
    outer loop
      vertex 26.2216 -23.15 50.4547
      vertex 27.75 -23.15 48.8849
      vertex 26.1779 -23.15 50.3107
    endloop
  endfacet
  facet normal 0 1 0
    outer loop
      vertex 26.1779 -23.15 50.3107
      vertex 27.75 -23.15 48.8849
      vertex 26.1249 -23.15 50.1698
    endloop
  endfacet
  facet normal 0 1 0
    outer loop
      vertex 26.1249 -23.15 50.1698
      vertex 27.75 -23.15 48.8849
      vertex 26.0628 -23.15 50.0327
    endloop
  endfacet
  facet normal 0 1 0
    outer loop
      vertex 27.75 -23.15 48.8849
      vertex 25.9919 -23.15 49.9
      vertex 26.0628 -23.15 50.0327
    endloop
  endfacet
  facet normal 0 1 0
    outer loop
      vertex 27.75 -23.15 48.8849
      vertex 25.9124 -23.15 49.7722
      vertex 25.9919 -23.15 49.9
    endloop
  endfacet
  facet normal 0 1 0
    outer loop
      vertex 27.75 -23.15 48.8849
      vertex 25.8247 -23.15 49.6498
      vertex 25.9124 -23.15 49.7722
    endloop
  endfacet
  facet normal 0 1 0
    outer loop
      vertex 27.75 -23.15 48.8849
      vertex 25.7292 -23.15 49.5335
      vertex 25.8247 -23.15 49.6498
    endloop
  endfacet
  facet normal 0 1 0
    outer loop
      vertex 27.75 -23.15 48.8849
      vertex 25.6263 -23.15 49.4237
      vertex 25.7292 -23.15 49.5335
    endloop
  endfacet
  facet normal 0 1 0
    outer loop
      vertex 27.75 -23.15 48.8849
      vertex 25.5165 -23.15 49.3208
      vertex 25.6263 -23.15 49.4237
    endloop
  endfacet
  facet normal 0 1 0
    outer loop
      vertex 27.75 -23.15 48.8849
      vertex 25.4002 -23.15 49.2253
      vertex 25.5165 -23.15 49.3208
    endloop
  endfacet
  facet normal 0 1 0
    outer loop
      vertex 27.75 -23.15 48.8849
      vertex 25.2778 -23.15 49.1376
      vertex 25.4002 -23.15 49.2253
    endloop
  endfacet
  facet normal 0 1 0
    outer loop
      vertex 27.75 -23.15 48.8849
      vertex 25.15 -23.15 49.0581
      vertex 25.2778 -23.15 49.1376
    endloop
  endfacet
  facet normal 0 1 0
    outer loop
      vertex 24 -23.15 46.7199
      vertex 25.15 -23.15 49.0581
      vertex 27.75 -23.15 48.8849
    endloop
  endfacet
  facet normal 0 1 0
    outer loop
      vertex 25.15 -23.15 49.0581
      vertex 24 -23.15 46.7199
      vertex 25.0173 -23.15 48.9872
    endloop
  endfacet
  facet normal 0 1 0
    outer loop
      vertex 25.0173 -23.15 48.9872
      vertex 24 -23.15 46.7199
      vertex 24.8802 -23.15 48.9251
    endloop
  endfacet
  facet normal 0 1 0
    outer loop
      vertex 24.8802 -23.15 48.9251
      vertex 24 -23.15 46.7199
      vertex 24.7393 -23.15 48.8721
    endloop
  endfacet
  facet normal 0 1 0
    outer loop
      vertex 24.7393 -23.15 48.8721
      vertex 24 -23.15 46.7199
      vertex 24.5953 -23.15 48.8284
    endloop
  endfacet
  facet normal 0 1 0
    outer loop
      vertex 24.5953 -23.15 48.8284
      vertex 24 -23.15 46.7199
      vertex 24.4487 -23.15 48.7942
    endloop
  endfacet
  facet normal 0 1 0
    outer loop
      vertex 24.4487 -23.15 48.7942
      vertex 24 -23.15 46.7199
      vertex 24.3002 -23.15 48.7697
    endloop
  endfacet
  facet normal 0 1 0
    outer loop
      vertex 24.1504 -23.15 48.7549
      vertex 24 -23.15 46.7199
      vertex 24 -23.15 48.75
    endloop
  endfacet
  facet normal 0 1 0
    outer loop
      vertex 24.3002 -23.15 48.7697
      vertex 24 -23.15 46.7199
      vertex 24.1504 -23.15 48.7549
    endloop
  endfacet
  facet normal 0 1 0
    outer loop
      vertex 23.8496 -23.15 53.3451
      vertex 24 -23.15 55.3801
      vertex 24 -23.15 53.35
    endloop
  endfacet
  facet normal 0 1 0
    outer loop
      vertex 23.6998 -23.15 53.3303
      vertex 24 -23.15 55.3801
      vertex 23.8496 -23.15 53.3451
    endloop
  endfacet
  facet normal 0 1 0
    outer loop
      vertex 23.5513 -23.15 53.3058
      vertex 24 -23.15 55.3801
      vertex 23.6998 -23.15 53.3303
    endloop
  endfacet
  facet normal 0 1 0
    outer loop
      vertex 23.4047 -23.15 53.2716
      vertex 24 -23.15 55.3801
      vertex 23.5513 -23.15 53.3058
    endloop
  endfacet
  facet normal 0 1 0
    outer loop
      vertex 23.2607 -23.15 53.2279
      vertex 24 -23.15 55.3801
      vertex 23.4047 -23.15 53.2716
    endloop
  endfacet
  facet normal 0 1 0
    outer loop
      vertex 23.1198 -23.15 53.1749
      vertex 24 -23.15 55.3801
      vertex 23.2607 -23.15 53.2279
    endloop
  endfacet
  facet normal 0 1 0
    outer loop
      vertex 22.9827 -23.15 53.1128
      vertex 24 -23.15 55.3801
      vertex 23.1198 -23.15 53.1749
    endloop
  endfacet
  facet normal 0 1 0
    outer loop
      vertex 22.85 -23.15 53.0419
      vertex 24 -23.15 55.3801
      vertex 22.9827 -23.15 53.1128
    endloop
  endfacet
  facet normal 0 1 0
    outer loop
      vertex 24 -23.15 55.3801
      vertex 22.85 -23.15 53.0419
      vertex 20.25 -23.15 53.2151
    endloop
  endfacet
  facet normal 0 1 -0
    outer loop
      vertex 22.7222 -23.15 52.9624
      vertex 20.25 -23.15 53.2151
      vertex 22.85 -23.15 53.0419
    endloop
  endfacet
  facet normal 0 1 -0
    outer loop
      vertex 22.5998 -23.15 52.8747
      vertex 20.25 -23.15 53.2151
      vertex 22.7222 -23.15 52.9624
    endloop
  endfacet
  facet normal 0 1 -0
    outer loop
      vertex 22.4835 -23.15 52.7792
      vertex 20.25 -23.15 53.2151
      vertex 22.5998 -23.15 52.8747
    endloop
  endfacet
  facet normal 0 1 -0
    outer loop
      vertex 22.3737 -23.15 52.6763
      vertex 20.25 -23.15 53.2151
      vertex 22.4835 -23.15 52.7792
    endloop
  endfacet
  facet normal 0 1 -0
    outer loop
      vertex 22.2708 -23.15 52.5665
      vertex 20.25 -23.15 53.2151
      vertex 22.3737 -23.15 52.6763
    endloop
  endfacet
  facet normal 0 1 -0
    outer loop
      vertex 22.1753 -23.15 52.4501
      vertex 20.25 -23.15 53.2151
      vertex 22.2708 -23.15 52.5665
    endloop
  endfacet
  facet normal 0 1 -0
    outer loop
      vertex 22.0876 -23.15 52.3278
      vertex 20.25 -23.15 53.2151
      vertex 22.1753 -23.15 52.4501
    endloop
  endfacet
  facet normal 0 1 -0
    outer loop
      vertex 22.0081 -23.15 52.2
      vertex 20.25 -23.15 53.2151
      vertex 22.0876 -23.15 52.3278
    endloop
  endfacet
  facet normal 0 1 -0
    outer loop
      vertex 21.9372 -23.15 52.0673
      vertex 20.25 -23.15 53.2151
      vertex 22.0081 -23.15 52.2
    endloop
  endfacet
  facet normal 0 1 -0
    outer loop
      vertex 21.8751 -23.15 51.9302
      vertex 20.25 -23.15 53.2151
      vertex 21.9372 -23.15 52.0673
    endloop
  endfacet
  facet normal 0 1 -0
    outer loop
      vertex 21.8221 -23.15 51.7893
      vertex 20.25 -23.15 53.2151
      vertex 21.8751 -23.15 51.9302
    endloop
  endfacet
  facet normal 0 1 -0
    outer loop
      vertex 21.7784 -23.15 51.6453
      vertex 20.25 -23.15 53.2151
      vertex 21.8221 -23.15 51.7893
    endloop
  endfacet
  facet normal 0 1 -0
    outer loop
      vertex 21.7442 -23.15 51.4987
      vertex 20.25 -23.15 53.2151
      vertex 21.7784 -23.15 51.6453
    endloop
  endfacet
  facet normal 0 1 -0
    outer loop
      vertex 21.7197 -23.15 51.3502
      vertex 20.25 -23.15 53.2151
      vertex 21.7442 -23.15 51.4987
    endloop
  endfacet
  facet normal 0 1 -0
    outer loop
      vertex 21.7049 -23.15 51.2004
      vertex 20.25 -23.15 53.2151
      vertex 21.7197 -23.15 51.3502
    endloop
  endfacet
  facet normal 0 1 -0
    outer loop
      vertex 21.7 -23.15 51.05
      vertex 20.25 -23.15 53.2151
      vertex 21.7049 -23.15 51.2004
    endloop
  endfacet
  facet normal 0 1 0
    outer loop
      vertex 20.25 -23.15 48.8849
      vertex 21.7 -23.15 51.05
      vertex 21.7049 -23.15 50.8996
    endloop
  endfacet
  facet normal 0 1 0
    outer loop
      vertex 20.25 -23.15 48.8849
      vertex 21.7049 -23.15 50.8996
      vertex 21.7197 -23.15 50.7498
    endloop
  endfacet
  facet normal 0 1 0
    outer loop
      vertex 20.25 -23.15 48.8849
      vertex 21.7197 -23.15 50.7498
      vertex 21.7442 -23.15 50.6013
    endloop
  endfacet
  facet normal 0 1 0
    outer loop
      vertex 20.25 -23.15 48.8849
      vertex 21.7442 -23.15 50.6013
      vertex 21.7784 -23.15 50.4547
    endloop
  endfacet
  facet normal 0 1 0
    outer loop
      vertex 20.25 -23.15 48.8849
      vertex 21.7784 -23.15 50.4547
      vertex 21.8221 -23.15 50.3107
    endloop
  endfacet
  facet normal 0 1 0
    outer loop
      vertex 20.25 -23.15 48.8849
      vertex 21.8221 -23.15 50.3107
      vertex 21.8751 -23.15 50.1698
    endloop
  endfacet
  facet normal 0 1 0
    outer loop
      vertex 20.25 -23.15 48.8849
      vertex 21.8751 -23.15 50.1698
      vertex 21.9372 -23.15 50.0327
    endloop
  endfacet
  facet normal 0 1 0
    outer loop
      vertex 21.7 -23.15 51.05
      vertex 20.25 -23.15 48.8849
      vertex 20.25 -23.15 53.2151
    endloop
  endfacet
  facet normal 0 1 0
    outer loop
      vertex 22.0081 -23.15 49.9
      vertex 20.25 -23.15 48.8849
      vertex 21.9372 -23.15 50.0327
    endloop
  endfacet
  facet normal 0 1 0
    outer loop
      vertex 22.0876 -23.15 49.7722
      vertex 20.25 -23.15 48.8849
      vertex 22.0081 -23.15 49.9
    endloop
  endfacet
  facet normal 0 1 0
    outer loop
      vertex 22.1753 -23.15 49.6498
      vertex 20.25 -23.15 48.8849
      vertex 22.0876 -23.15 49.7722
    endloop
  endfacet
  facet normal 0 1 0
    outer loop
      vertex 22.2708 -23.15 49.5335
      vertex 20.25 -23.15 48.8849
      vertex 22.1753 -23.15 49.6498
    endloop
  endfacet
  facet normal 0 1 0
    outer loop
      vertex 22.3737 -23.15 49.4237
      vertex 20.25 -23.15 48.8849
      vertex 22.2708 -23.15 49.5335
    endloop
  endfacet
  facet normal 0 1 0
    outer loop
      vertex 22.4835 -23.15 49.3208
      vertex 20.25 -23.15 48.8849
      vertex 22.3737 -23.15 49.4237
    endloop
  endfacet
  facet normal 0 1 0
    outer loop
      vertex 22.5998 -23.15 49.2253
      vertex 20.25 -23.15 48.8849
      vertex 22.4835 -23.15 49.3208
    endloop
  endfacet
  facet normal 0 1 0
    outer loop
      vertex 22.7222 -23.15 49.1376
      vertex 20.25 -23.15 48.8849
      vertex 22.5998 -23.15 49.2253
    endloop
  endfacet
  facet normal 0 1 0
    outer loop
      vertex 22.85 -23.15 49.0581
      vertex 20.25 -23.15 48.8849
      vertex 22.7222 -23.15 49.1376
    endloop
  endfacet
  facet normal 0 1 0
    outer loop
      vertex 24 -23.15 46.7199
      vertex 22.85 -23.15 49.0581
      vertex 22.9827 -23.15 48.9872
    endloop
  endfacet
  facet normal 0 1 0
    outer loop
      vertex 24 -23.15 46.7199
      vertex 22.9827 -23.15 48.9872
      vertex 23.1198 -23.15 48.9251
    endloop
  endfacet
  facet normal 0 1 0
    outer loop
      vertex 24 -23.15 46.7199
      vertex 23.1198 -23.15 48.9251
      vertex 23.2607 -23.15 48.8721
    endloop
  endfacet
  facet normal 0 1 0
    outer loop
      vertex 24 -23.15 46.7199
      vertex 23.2607 -23.15 48.8721
      vertex 23.4047 -23.15 48.8284
    endloop
  endfacet
  facet normal 0 1 0
    outer loop
      vertex 24 -23.15 46.7199
      vertex 23.4047 -23.15 48.8284
      vertex 23.5513 -23.15 48.7942
    endloop
  endfacet
  facet normal 0 1 0
    outer loop
      vertex 24 -23.15 46.7199
      vertex 23.5513 -23.15 48.7942
      vertex 23.6998 -23.15 48.7697
    endloop
  endfacet
  facet normal 0 1 0
    outer loop
      vertex 24 -23.15 46.7199
      vertex 23.6998 -23.15 48.7697
      vertex 23.8496 -23.15 48.7549
    endloop
  endfacet
  facet normal 0 1 0
    outer loop
      vertex 22.85 -23.15 49.0581
      vertex 24 -23.15 46.7199
      vertex 20.25 -23.15 48.8849
    endloop
  endfacet
  facet normal 0 1 -0
    outer loop
      vertex 24 -23.15 46.7199
      vertex 23.8496 -23.15 48.7549
      vertex 24 -23.15 48.75
    endloop
  endfacet
  facet normal -1 0 0
    outer loop
      vertex 27.75 -23.15 48.8849
      vertex 27.75 -19.55 53.2151
      vertex 27.75 -19.55 48.8849
    endloop
  endfacet
  facet normal -1 -0 0
    outer loop
      vertex 27.75 -19.55 53.2151
      vertex 27.75 -23.15 48.8849
      vertex 27.75 -23.15 53.2151
    endloop
  endfacet
endsolid OpenSCAD_Model
