solid OpenSCAD_Model
  facet normal 0 0.910869 0.412696
    outer loop
      vertex 16 24.9909 10.3516
      vertex -16 24.2604 11.9639
      vertex 16 24.2604 11.9639
    endloop
  endfacet
  facet normal 0 0.910869 0.412696
    outer loop
      vertex -16 24.2604 11.9639
      vertex 16 24.9909 10.3516
      vertex -16 24.9909 10.3516
    endloop
  endfacet
  facet normal -0 0.582504 0.812828
    outer loop
      vertex -16 16.467 21.4602
      vertex 16 15.0282 22.4913
      vertex 16 16.467 21.4602
    endloop
  endfacet
  facet normal 0 0.582504 0.812828
    outer loop
      vertex 16 15.0282 22.4913
      vertex -16 16.467 21.4602
      vertex -16 15.0282 22.4913
    endloop
  endfacet
  facet normal 0 -0.683623 0.729835
    outer loop
      vertex -16 -17.8353 20.3373
      vertex 16 -19.1272 19.1272
      vertex 16 -17.8353 20.3373
    endloop
  endfacet
  facet normal 0 -0.683623 0.729835
    outer loop
      vertex 16 -19.1272 19.1272
      vertex -16 -17.8353 20.3373
      vertex -16 -19.1272 19.1272
    endloop
  endfacet
  facet normal 0 -0.995185 0.0980169
    outer loop
      vertex 12 -26.9921 1.76915
      vertex 16 -26.8186 3.53073
      vertex 12 -26.8186 3.53073
    endloop
  endfacet
  facet normal 0 -0.995185 0.0980169
    outer loop
      vertex 16 -26.8186 3.53073
      vertex 12 -26.9921 1.76915
      vertex 16 -26.9921 1.76915
    endloop
  endfacet
  facet normal 0 -0.995185 0.0980169
    outer loop
      vertex -16 -26.9921 1.76915
      vertex -12 -26.8186 3.53073
      vertex -16 -26.8186 3.53073
    endloop
  endfacet
  facet normal 0 -0.995185 0.0980169
    outer loop
      vertex -12 -26.8186 3.53073
      vertex -16 -26.9921 1.76915
      vertex -12 -26.9921 1.76915
    endloop
  endfacet
  facet normal 0 0.995185 0.0980169
    outer loop
      vertex -6 26.9921 1.76915
      vertex -16 26.8186 3.53073
      vertex -6 26.8186 3.53073
    endloop
  endfacet
  facet normal 0 0.995185 0.0980169
    outer loop
      vertex -16 26.8186 3.53073
      vertex -6 26.9921 1.76915
      vertex -16 26.9921 1.76915
    endloop
  endfacet
  facet normal 0 0.995185 0.0980169
    outer loop
      vertex 16 26.9921 1.76915
      vertex 6 26.8186 3.53073
      vertex 16 26.8186 3.53073
    endloop
  endfacet
  facet normal 0 0.995185 0.0980169
    outer loop
      vertex 6 26.8186 3.53073
      vertex 16 26.9921 1.76915
      vertex 6 26.9921 1.76915
    endloop
  endfacet
  facet normal 0 -0.956946 0.290266
    outer loop
      vertex 12 -26.1283 7.00105
      vertex 16 -25.6145 8.69494
      vertex 12 -25.6145 8.69494
    endloop
  endfacet
  facet normal 0 -0.956946 0.290266
    outer loop
      vertex 16 -25.6145 8.69494
      vertex 12 -26.1283 7.00105
      vertex 16 -26.1283 7.00105
    endloop
  endfacet
  facet normal 0 -0.956946 0.290266
    outer loop
      vertex -16 -26.1283 7.00105
      vertex -12 -25.6145 8.69494
      vertex -16 -25.6145 8.69494
    endloop
  endfacet
  facet normal 0 -0.956946 0.290266
    outer loop
      vertex -12 -25.6145 8.69494
      vertex -16 -26.1283 7.00105
      vertex -12 -26.1283 7.00105
    endloop
  endfacet
  facet normal 0 0.935892 0.352288
    outer loop
      vertex 16 25.6145 8.69494
      vertex -16 24.9909 10.3516
      vertex 16 24.9909 10.3516
    endloop
  endfacet
  facet normal 0 0.935892 0.352288
    outer loop
      vertex -16 24.9909 10.3516
      vertex 16 25.6145 8.69494
      vertex -16 25.6145 8.69494
    endloop
  endfacet
  facet normal 0 0.999465 0.0326916
    outer loop
      vertex 16 27.0238 0.799999
      vertex 6 26.9921 1.76915
      vertex 16 26.9921 1.76915
    endloop
  endfacet
  facet normal 0 0.999465 0.0326916
    outer loop
      vertex 6 26.9921 1.76915
      vertex 16 27.0238 0.799999
      vertex 6 27.0238 0.799999
    endloop
  endfacet
  facet normal 0 0.999465 0.0326916
    outer loop
      vertex -6 27.0238 0.799999
      vertex -16 26.9921 1.76915
      vertex -6 26.9921 1.76915
    endloop
  endfacet
  facet normal 0 0.999465 0.0326916
    outer loop
      vertex -16 26.9921 1.76915
      vertex -6 27.0238 0.799999
      vertex -16 27.0238 0.799999
    endloop
  endfacet
  facet normal 0 -0.290266 0.956946
    outer loop
      vertex -16 -7.00105 26.1283
      vertex 16 -8.69494 25.6145
      vertex 16 -7.00105 26.1283
    endloop
  endfacet
  facet normal 0 -0.290266 0.956946
    outer loop
      vertex 16 -8.69494 25.6145
      vertex -16 -7.00105 26.1283
      vertex -16 -8.69494 25.6145
    endloop
  endfacet
  facet normal 0 -0.582504 0.812828
    outer loop
      vertex -16 -15.0282 22.4913
      vertex 16 -16.467 21.4602
      vertex 16 -15.0282 22.4913
    endloop
  endfacet
  facet normal 0 -0.582504 0.812828
    outer loop
      vertex 16 -16.467 21.4602
      vertex -16 -15.0282 22.4913
      vertex -16 -16.467 21.4602
    endloop
  endfacet
  facet normal 0 0.849215 0.528048
    outer loop
      vertex 16 23.426 13.525
      vertex -16 22.4913 15.0282
      vertex 16 22.4913 15.0282
    endloop
  endfacet
  facet normal 0 0.849215 0.528048
    outer loop
      vertex -16 22.4913 15.0282
      vertex 16 23.426 13.525
      vertex -16 23.426 13.525
    endloop
  endfacet
  facet normal 0 -0.471386 0.881927
    outer loop
      vertex -16 -11.9639 24.2604
      vertex 16 -13.525 23.426
      vertex 16 -11.9639 24.2604
    endloop
  endfacet
  facet normal 0 -0.471386 0.881927
    outer loop
      vertex 16 -13.525 23.426
      vertex -16 -11.9639 24.2604
      vertex -16 -13.525 23.426
    endloop
  endfacet
  facet normal 0 -0.352288 0.935892
    outer loop
      vertex -16 -8.69494 25.6145
      vertex 16 -10.3516 24.9909
      vertex 16 -8.69494 25.6145
    endloop
  endfacet
  facet normal 0 -0.352288 0.935892
    outer loop
      vertex 16 -10.3516 24.9909
      vertex -16 -8.69494 25.6145
      vertex -16 -10.3516 24.9909
    endloop
  endfacet
  facet normal 0 0.881927 0.471386
    outer loop
      vertex 16 24.2604 11.9639
      vertex -16 23.426 13.525
      vertex 16 23.426 13.525
    endloop
  endfacet
  facet normal 0 0.881927 0.471386
    outer loop
      vertex -16 23.426 13.525
      vertex 16 24.2604 11.9639
      vertex -16 24.2604 11.9639
    endloop
  endfacet
  facet normal 0 -0.729835 0.683623
    outer loop
      vertex -16 -20.3373 17.8353
      vertex 16 -19.1272 19.1272
      vertex -16 -19.1272 19.1272
    endloop
  endfacet
  facet normal 0 -0.729835 0.683623
    outer loop
      vertex 16 -19.1272 19.1272
      vertex -16 -20.3373 17.8353
      vertex 16 -20.3373 17.8353
    endloop
  endfacet
  facet normal 0 0.956946 0.290266
    outer loop
      vertex 16 26.1283 7.00105
      vertex -16 25.6145 8.69494
      vertex 16 25.6145 8.69494
    endloop
  endfacet
  facet normal 0 0.956946 0.290266
    outer loop
      vertex -16 25.6145 8.69494
      vertex 16 26.1283 7.00105
      vertex -16 26.1283 7.00105
    endloop
  endfacet
  facet normal 0 0.812828 0.582504
    outer loop
      vertex 16 22.4913 15.0282
      vertex -16 21.4602 16.467
      vertex 16 21.4602 16.467
    endloop
  endfacet
  facet normal 0 0.812828 0.582504
    outer loop
      vertex -16 21.4602 16.467
      vertex 16 22.4913 15.0282
      vertex -16 22.4913 15.0282
    endloop
  endfacet
  facet normal 0 -0.999465 0.0326916
    outer loop
      vertex -16 -27.0238 0.799999
      vertex -12 -26.9921 1.76915
      vertex -16 -26.9921 1.76915
    endloop
  endfacet
  facet normal 0 -0.999465 0.0326916
    outer loop
      vertex -12 -26.9921 1.76915
      vertex -16 -27.0238 0.799999
      vertex -12 -27.0238 0.799999
    endloop
  endfacet
  facet normal 0 -0.999465 0.0326916
    outer loop
      vertex 12 -27.0238 0.799999
      vertex 16 -26.9921 1.76915
      vertex 12 -26.9921 1.76915
    endloop
  endfacet
  facet normal 0 -0.999465 0.0326916
    outer loop
      vertex 16 -26.9921 1.76915
      vertex 12 -27.0238 0.799999
      vertex 16 -27.0238 0.799999
    endloop
  endfacet
  facet normal 0 -0.910869 0.412696
    outer loop
      vertex -16 -24.9909 10.3516
      vertex 16 -24.2604 11.9639
      vertex -16 -24.2604 11.9639
    endloop
  endfacet
  facet normal 0 -0.910869 0.412696
    outer loop
      vertex 16 -24.2604 11.9639
      vertex -16 -24.9909 10.3516
      vertex 16 -24.9909 10.3516
    endloop
  endfacet
  facet normal 0 -0.528048 0.849215
    outer loop
      vertex -16 -13.525 23.426
      vertex 16 -15.0282 22.4913
      vertex 16 -13.525 23.426
    endloop
  endfacet
  facet normal 0 -0.528048 0.849215
    outer loop
      vertex 16 -15.0282 22.4913
      vertex -16 -13.525 23.426
      vertex -16 -15.0282 22.4913
    endloop
  endfacet
  facet normal 0 0.729835 0.683623
    outer loop
      vertex 16 20.3373 17.8353
      vertex -16 19.1272 19.1272
      vertex 16 19.1272 19.1272
    endloop
  endfacet
  facet normal 0 0.729835 0.683623
    outer loop
      vertex -16 19.1272 19.1272
      vertex 16 20.3373 17.8353
      vertex -16 20.3373 17.8353
    endloop
  endfacet
  facet normal 0 0.973876 0.227079
    outer loop
      vertex 16 26.1283 7.00105
      vertex 6 26.4783 5.5
      vertex -16 26.1283 7.00105
    endloop
  endfacet
  facet normal 4.46333e-06 0.973883 0.227051
    outer loop
      vertex 16 26.5302 5.27719
      vertex 6 26.4783 5.5
      vertex 16 26.1283 7.00105
    endloop
  endfacet
  facet normal 0 0.973927 0.226861
    outer loop
      vertex 6 26.4783 5.5
      vertex 16 26.5302 5.27719
      vertex 6 26.5302 5.27719
    endloop
  endfacet
  facet normal -0 0.973876 0.227079
    outer loop
      vertex -6 26.4783 5.5
      vertex -16 26.1283 7.00105
      vertex 6 26.4783 5.5
    endloop
  endfacet
  facet normal -0 0.973927 0.226861
    outer loop
      vertex -16 26.5302 5.27719
      vertex -6 26.4783 5.5
      vertex -6 26.5302 5.27719
    endloop
  endfacet
  facet normal -4.46333e-06 0.973883 0.227051
    outer loop
      vertex -6 26.4783 5.5
      vertex -16 26.5302 5.27719
      vertex -16 26.1283 7.00105
    endloop
  endfacet
  facet normal -0 0.634382 0.77302
    outer loop
      vertex -16 17.8353 20.3373
      vertex 16 16.467 21.4602
      vertex 16 17.8353 20.3373
    endloop
  endfacet
  facet normal 0 0.634382 0.77302
    outer loop
      vertex 16 16.467 21.4602
      vertex -16 17.8353 20.3373
      vertex -16 16.467 21.4602
    endloop
  endfacet
  facet normal -0 0.471386 0.881927
    outer loop
      vertex -16 13.525 23.426
      vertex 16 11.9639 24.2604
      vertex 16 13.525 23.426
    endloop
  endfacet
  facet normal 0 0.471386 0.881927
    outer loop
      vertex 16 11.9639 24.2604
      vertex -16 13.525 23.426
      vertex -16 11.9639 24.2604
    endloop
  endfacet
  facet normal 0 -0.634382 0.77302
    outer loop
      vertex -16 -16.467 21.4602
      vertex 16 -17.8353 20.3373
      vertex 16 -16.467 21.4602
    endloop
  endfacet
  facet normal 0 -0.634382 0.77302
    outer loop
      vertex 16 -17.8353 20.3373
      vertex -16 -16.467 21.4602
      vertex -16 -17.8353 20.3373
    endloop
  endfacet
  facet normal 0 -0.412696 0.910869
    outer loop
      vertex -16 -10.3516 24.9909
      vertex 16 -11.9639 24.2604
      vertex 16 -10.3516 24.9909
    endloop
  endfacet
  facet normal 0 -0.412696 0.910869
    outer loop
      vertex 16 -11.9639 24.2604
      vertex -16 -10.3516 24.9909
      vertex -16 -11.9639 24.2604
    endloop
  endfacet
  facet normal 0 0.986638 0.162928
    outer loop
      vertex -6 26.8186 3.53073
      vertex -16 26.5302 5.27719
      vertex -6 26.5302 5.27719
    endloop
  endfacet
  facet normal 0 0.986638 0.162928
    outer loop
      vertex -16 26.5302 5.27719
      vertex -6 26.8186 3.53073
      vertex -16 26.8186 3.53073
    endloop
  endfacet
  facet normal 0 0.986638 0.162928
    outer loop
      vertex 16 26.8186 3.53073
      vertex 6 26.5302 5.27719
      vertex 16 26.5302 5.27719
    endloop
  endfacet
  facet normal 0 0.986638 0.162928
    outer loop
      vertex 6 26.5302 5.27719
      vertex 16 26.8186 3.53073
      vertex 6 26.8186 3.53073
    endloop
  endfacet
  facet normal -0 0.528048 0.849215
    outer loop
      vertex -16 15.0282 22.4913
      vertex 16 13.525 23.426
      vertex 16 15.0282 22.4913
    endloop
  endfacet
  facet normal 0 0.528048 0.849215
    outer loop
      vertex 16 13.525 23.426
      vertex -16 15.0282 22.4913
      vertex -16 13.525 23.426
    endloop
  endfacet
  facet normal 0 -0.812828 0.582504
    outer loop
      vertex -16 -22.4913 15.0282
      vertex 16 -21.4602 16.467
      vertex -16 -21.4602 16.467
    endloop
  endfacet
  facet normal 0 -0.812828 0.582504
    outer loop
      vertex 16 -21.4602 16.467
      vertex -16 -22.4913 15.0282
      vertex 16 -22.4913 15.0282
    endloop
  endfacet
  facet normal 0 -0.187112 0.982339
    outer loop
      vertex -16 -7 26.1285
      vertex 16 -7.00105 26.1283
      vertex 16 -7 26.1285
    endloop
  endfacet
  facet normal 0 -0.187112 0.982339
    outer loop
      vertex 16 -7.00105 26.1283
      vertex -16 -7 26.1285
      vertex -16 -7.00105 26.1283
    endloop
  endfacet
  facet normal -0 0.412718 0.910859
    outer loop
      vertex -16 11.9639 24.2604
      vertex 16 10.6726 24.8455
      vertex 16 11.9639 24.2604
    endloop
  endfacet
  facet normal 0 0.412718 0.910859
    outer loop
      vertex 16 10.6726 24.8455
      vertex -16 11.9639 24.2604
      vertex -16 10.6726 24.8455
    endloop
  endfacet
  facet normal -0 0.683623 0.729835
    outer loop
      vertex -16 19.1272 19.1272
      vertex 16 17.8353 20.3373
      vertex 16 19.1272 19.1272
    endloop
  endfacet
  facet normal 0 0.683623 0.729835
    outer loop
      vertex 16 17.8353 20.3373
      vertex -16 19.1272 19.1272
      vertex -16 17.8353 20.3373
    endloop
  endfacet
  facet normal 0 -0.77302 0.634382
    outer loop
      vertex -16 -21.4602 16.467
      vertex 16 -20.3373 17.8353
      vertex -16 -20.3373 17.8353
    endloop
  endfacet
  facet normal 0 -0.77302 0.634382
    outer loop
      vertex 16 -20.3373 17.8353
      vertex -16 -21.4602 16.467
      vertex 16 -21.4602 16.467
    endloop
  endfacet
  facet normal 0 -0.986638 0.162928
    outer loop
      vertex 12 -26.8186 3.53073
      vertex 16 -26.5302 5.27719
      vertex 12 -26.5302 5.27719
    endloop
  endfacet
  facet normal 0 -0.986638 0.162928
    outer loop
      vertex 16 -26.5302 5.27719
      vertex 12 -26.8186 3.53073
      vertex 16 -26.8186 3.53073
    endloop
  endfacet
  facet normal 0 -0.986638 0.162928
    outer loop
      vertex -16 -26.8186 3.53073
      vertex -12 -26.5302 5.27719
      vertex -16 -26.5302 5.27719
    endloop
  endfacet
  facet normal 0 -0.986638 0.162928
    outer loop
      vertex -12 -26.5302 5.27719
      vertex -16 -26.8186 3.53073
      vertex -12 -26.8186 3.53073
    endloop
  endfacet
  facet normal -1 0 0
    outer loop
      vertex -16 21.0049 1.37674
      vertex -16 26.9921 1.76915
      vertex -16 27.0238 0.799999
    endloop
  endfacet
  facet normal -1 -0 0
    outer loop
      vertex -16 26.9921 1.76915
      vertex -16 21.0049 1.37674
      vertex -16 26.8186 3.53073
    endloop
  endfacet
  facet normal -1 -0 0
    outer loop
      vertex -16 26.8186 3.53073
      vertex -16 20.8699 2.74758
      vertex -16 26.5302 5.27719
    endloop
  endfacet
  facet normal -1 0 0
    outer loop
      vertex -16 20.6455 4.10665
      vertex -16 26.5302 5.27719
      vertex -16 20.8699 2.74758
    endloop
  endfacet
  facet normal -1 0 0
    outer loop
      vertex -16 20.3327 5.44814
      vertex -16 26.1283 7.00105
      vertex -16 20.6455 4.10665
    endloop
  endfacet
  facet normal -1 -0 0
    outer loop
      vertex -16 26.1283 7.00105
      vertex -16 20.3327 5.44814
      vertex -16 25.6145 8.69494
    endloop
  endfacet
  facet normal -1 -0 0
    outer loop
      vertex -16 25.6145 8.69494
      vertex -16 19.9329 6.7663
      vertex -16 24.9909 10.3516
    endloop
  endfacet
  facet normal -1 0 0
    outer loop
      vertex -16 19.4477 8.05549
      vertex -16 24.9909 10.3516
      vertex -16 19.9329 6.7663
    endloop
  endfacet
  facet normal -1 0 0
    outer loop
      vertex -16 18.8792 9.31018
      vertex -16 24.2604 11.9639
      vertex -16 19.4477 8.05549
    endloop
  endfacet
  facet normal -1 0 0
    outer loop
      vertex -16 21.0049 1.37674
      vertex -16 27.0238 0.799999
      vertex -16 21.0238 0.799999
    endloop
  endfacet
  facet normal -1 0 0
    outer loop
      vertex -16 26.8186 3.53073
      vertex -16 21.0049 1.37674
      vertex -16 20.8699 2.74758
    endloop
  endfacet
  facet normal -1 -0 0
    outer loop
      vertex -16 26.5302 5.27719
      vertex -16 20.6455 4.10665
      vertex -16 26.1283 7.00105
    endloop
  endfacet
  facet normal -1 0 0
    outer loop
      vertex -16 19.9329 6.7663
      vertex -16 25.6145 8.69494
      vertex -16 20.3327 5.44814
    endloop
  endfacet
  facet normal -1 -0 0
    outer loop
      vertex -16 24.9909 10.3516
      vertex -16 19.4477 8.05549
      vertex -16 24.2604 11.9639
    endloop
  endfacet
  facet normal -1 -0 0
    outer loop
      vertex -16 24.2604 11.9639
      vertex -16 18.8792 9.31018
      vertex -16 23.426 13.525
    endloop
  endfacet
  facet normal -1 0 0
    outer loop
      vertex -16 18.2298 10.525
      vertex -16 23.426 13.525
      vertex -16 18.8792 9.31018
    endloop
  endfacet
  facet normal -1 -0 0
    outer loop
      vertex -16 23.426 13.525
      vertex -16 18.2298 10.525
      vertex -16 22.4913 15.0282
    endloop
  endfacet
  facet normal -1 0 0
    outer loop
      vertex -16 17.5024 11.6948
      vertex -16 22.4913 15.0282
      vertex -16 18.2298 10.525
    endloop
  endfacet
  facet normal -1 -0 0
    outer loop
      vertex -16 22.4913 15.0282
      vertex -16 17.5024 11.6948
      vertex -16 21.4602 16.467
    endloop
  endfacet
  facet normal -1 0 0
    outer loop
      vertex -16 16.7001 12.8144
      vertex -16 21.4602 16.467
      vertex -16 17.5024 11.6948
    endloop
  endfacet
  facet normal -1 -0 0
    outer loop
      vertex -16 21.4602 16.467
      vertex -16 16.7001 12.8144
      vertex -16 20.3373 17.8353
    endloop
  endfacet
  facet normal -1 0 0
    outer loop
      vertex -16 15.8262 13.8792
      vertex -16 20.3373 17.8353
      vertex -16 16.7001 12.8144
    endloop
  endfacet
  facet normal -1 -0 0
    outer loop
      vertex -16 20.3373 17.8353
      vertex -16 15.8262 13.8792
      vertex -16 19.1272 19.1272
    endloop
  endfacet
  facet normal -1 0 0
    outer loop
      vertex -16 14.8846 14.8846
      vertex -16 19.1272 19.1272
      vertex -16 15.8262 13.8792
    endloop
  endfacet
  facet normal -1 -0 0
    outer loop
      vertex -16 19.1272 19.1272
      vertex -16 14.8846 14.8846
      vertex -16 17.8353 20.3373
    endloop
  endfacet
  facet normal -1 0 0
    outer loop
      vertex -16 13.8792 15.8262
      vertex -16 17.8353 20.3373
      vertex -16 14.8846 14.8846
    endloop
  endfacet
  facet normal -1 -0 0
    outer loop
      vertex -16 17.8353 20.3373
      vertex -16 13.8792 15.8262
      vertex -16 16.467 21.4602
    endloop
  endfacet
  facet normal -1 0 0
    outer loop
      vertex -16 12.8144 16.7001
      vertex -16 16.467 21.4602
      vertex -16 13.8792 15.8262
    endloop
  endfacet
  facet normal -1 -0 0
    outer loop
      vertex -16 16.467 21.4602
      vertex -16 12.8144 16.7001
      vertex -16 15.0282 22.4913
    endloop
  endfacet
  facet normal -1 0 0
    outer loop
      vertex -16 11.6948 17.5024
      vertex -16 15.0282 22.4913
      vertex -16 12.8144 16.7001
    endloop
  endfacet
  facet normal -1 -0 0
    outer loop
      vertex -16 15.0282 22.4913
      vertex -16 11.6948 17.5024
      vertex -16 13.525 23.426
    endloop
  endfacet
  facet normal -1 0 0
    outer loop
      vertex -16 10.525 18.2298
      vertex -16 13.525 23.426
      vertex -16 11.6948 17.5024
    endloop
  endfacet
  facet normal -1 -0 0
    outer loop
      vertex -16 13.525 23.426
      vertex -16 10.525 18.2298
      vertex -16 11.9639 24.2604
    endloop
  endfacet
  facet normal -1 0 0
    outer loop
      vertex -16 9.31018 18.8792
      vertex -16 11.9639 24.2604
      vertex -16 10.525 18.2298
    endloop
  endfacet
  facet normal -1 0 0
    outer loop
      vertex -16 27.9223 28.5819
      vertex -16 25.55 33.05
      vertex -16 59.55 33.05
    endloop
  endfacet
  facet normal -1 0 0
    outer loop
      vertex -16 10.6726 24.8455
      vertex -16 25.55 33.05
      vertex -16 27.9223 28.5819
    endloop
  endfacet
  facet normal -1 0 0
    outer loop
      vertex -16 10.6726 24.8455
      vertex -16 25.55 35.1581
      vertex -16 25.55 33.05
    endloop
  endfacet
  facet normal -1 -0 0
    outer loop
      vertex -16 11.9639 24.2604
      vertex -16 9.31018 18.8792
      vertex -16 10.6726 24.8455
    endloop
  endfacet
  facet normal -1 0 0
    outer loop
      vertex -16 8.05549 19.4477
      vertex -16 10.6726 24.8455
      vertex -16 9.31018 18.8792
    endloop
  endfacet
  facet normal -1 0 0
    outer loop
      vertex -16 6.7663 19.9329
      vertex -16 10.6726 24.8455
      vertex -16 8.05549 19.4477
    endloop
  endfacet
  facet normal -1 0 0
    outer loop
      vertex -16 5.44814 20.3327
      vertex -16 10.6726 24.8455
      vertex -16 6.7663 19.9329
    endloop
  endfacet
  facet normal -1 0 0
    outer loop
      vertex -16 4.10665 20.6455
      vertex -16 10.6726 24.8455
      vertex -16 5.44814 20.3327
    endloop
  endfacet
  facet normal -1 0 0
    outer loop
      vertex -16 2.74758 20.8699
      vertex -16 10.6726 24.8455
      vertex -16 4.10665 20.6455
    endloop
  endfacet
  facet normal -1 0 0
    outer loop
      vertex -16 1.37674 21.0049
      vertex -16 10.6726 24.8455
      vertex -16 2.74758 20.8699
    endloop
  endfacet
  facet normal -1 -0 0
    outer loop
      vertex -16 10.6726 24.8455
      vertex -16 1.37674 21.0049
      vertex -16 -7 28.05
    endloop
  endfacet
  facet normal -1 0 0
    outer loop
      vertex -16 -7 28.05
      vertex -16 1.37674 21.0049
      vertex -16 0 21.05
    endloop
  endfacet
  facet normal -1 0 0
    outer loop
      vertex -16 -7 28.05
      vertex -16 0 21.05
      vertex -16 -1.37674 21.0049
    endloop
  endfacet
  facet normal -1 0 0
    outer loop
      vertex -16 -7 26.1285
      vertex -16 -1.37674 21.0049
      vertex -16 -2.74758 20.8699
    endloop
  endfacet
  facet normal -1 0 0
    outer loop
      vertex -16 -7 26.1285
      vertex -16 -2.74758 20.8699
      vertex -16 -4.10665 20.6455
    endloop
  endfacet
  facet normal -1 0 0
    outer loop
      vertex -16 -7 26.1285
      vertex -16 -4.10665 20.6455
      vertex -16 -5.44814 20.3327
    endloop
  endfacet
  facet normal -1 0 0
    outer loop
      vertex -16 -7.00105 26.1283
      vertex -16 -5.44814 20.3327
      vertex -16 -6.7663 19.9329
    endloop
  endfacet
  facet normal -1 0 0
    outer loop
      vertex -16 -1.37674 21.0049
      vertex -16 -7 26.1285
      vertex -16 -7 28.05
    endloop
  endfacet
  facet normal -1 0 0
    outer loop
      vertex -16 10.6726 24.8455
      vertex -16 -7 28.05
      vertex -16 25.55 35.1581
    endloop
  endfacet
  facet normal -1 0 0
    outer loop
      vertex -16 -5.44814 20.3327
      vertex -16 -7.00105 26.1283
      vertex -16 -7 26.1285
    endloop
  endfacet
  facet normal -1 0 0
    outer loop
      vertex -16 -8.69494 25.6145
      vertex -16 -6.7663 19.9329
      vertex -16 -8.05549 19.4477
    endloop
  endfacet
  facet normal -1 0 0
    outer loop
      vertex -16 -6.7663 19.9329
      vertex -16 -8.69494 25.6145
      vertex -16 -7.00105 26.1283
    endloop
  endfacet
  facet normal -1 0 0
    outer loop
      vertex -16 -10.3516 24.9909
      vertex -16 -8.05549 19.4477
      vertex -16 -9.31018 18.8792
    endloop
  endfacet
  facet normal -1 0 0
    outer loop
      vertex -16 -8.05549 19.4477
      vertex -16 -10.3516 24.9909
      vertex -16 -8.69494 25.6145
    endloop
  endfacet
  facet normal -1 0 0
    outer loop
      vertex -16 -11.9639 24.2604
      vertex -16 -9.31018 18.8792
      vertex -16 -10.525 18.2298
    endloop
  endfacet
  facet normal -1 0 0
    outer loop
      vertex -16 -13.525 23.426
      vertex -16 -10.525 18.2298
      vertex -16 -11.6948 17.5024
    endloop
  endfacet
  facet normal -1 0 0
    outer loop
      vertex -16 -9.31018 18.8792
      vertex -16 -11.9639 24.2604
      vertex -16 -10.3516 24.9909
    endloop
  endfacet
  facet normal -1 0 0
    outer loop
      vertex -16 -15.0282 22.4913
      vertex -16 -11.6948 17.5024
      vertex -16 -12.8144 16.7001
    endloop
  endfacet
  facet normal -1 0 0
    outer loop
      vertex -16 -10.525 18.2298
      vertex -16 -13.525 23.426
      vertex -16 -11.9639 24.2604
    endloop
  endfacet
  facet normal -1 0 0
    outer loop
      vertex -16 -16.467 21.4602
      vertex -16 -12.8144 16.7001
      vertex -16 -13.8792 15.8262
    endloop
  endfacet
  facet normal -1 0 0
    outer loop
      vertex -16 -17.8353 20.3373
      vertex -16 -13.8792 15.8262
      vertex -16 -14.8846 14.8846
    endloop
  endfacet
  facet normal -1 0 0
    outer loop
      vertex -16 -11.6948 17.5024
      vertex -16 -15.0282 22.4913
      vertex -16 -13.525 23.426
    endloop
  endfacet
  facet normal -1 0 0
    outer loop
      vertex -16 -19.1272 19.1272
      vertex -16 -14.8846 14.8846
      vertex -16 -15.8262 13.8792
    endloop
  endfacet
  facet normal -1 0 0
    outer loop
      vertex -16 -12.8144 16.7001
      vertex -16 -16.467 21.4602
      vertex -16 -15.0282 22.4913
    endloop
  endfacet
  facet normal -1 0 0
    outer loop
      vertex -16 -20.3373 17.8353
      vertex -16 -15.8262 13.8792
      vertex -16 -16.7001 12.8144
    endloop
  endfacet
  facet normal -1 0 0
    outer loop
      vertex -16 -21.4602 16.467
      vertex -16 -16.7001 12.8144
      vertex -16 -17.5024 11.6948
    endloop
  endfacet
  facet normal -1 0 0
    outer loop
      vertex -16 -13.8792 15.8262
      vertex -16 -17.8353 20.3373
      vertex -16 -16.467 21.4602
    endloop
  endfacet
  facet normal -1 0 0
    outer loop
      vertex -16 -22.4913 15.0282
      vertex -16 -17.5024 11.6948
      vertex -16 -18.2298 10.525
    endloop
  endfacet
  facet normal -1 0 0
    outer loop
      vertex -16 -23.426 13.525
      vertex -16 -18.2298 10.525
      vertex -16 -18.8792 9.31018
    endloop
  endfacet
  facet normal -1 0 0
    outer loop
      vertex -16 -14.8846 14.8846
      vertex -16 -19.1272 19.1272
      vertex -16 -17.8353 20.3373
    endloop
  endfacet
  facet normal -1 0 0
    outer loop
      vertex -16 -24.2604 11.9639
      vertex -16 -18.8792 9.31018
      vertex -16 -19.4477 8.05549
    endloop
  endfacet
  facet normal -1 0 0
    outer loop
      vertex -16 -24.9909 10.3516
      vertex -16 -19.4477 8.05549
      vertex -16 -19.9329 6.7663
    endloop
  endfacet
  facet normal -1 0 0
    outer loop
      vertex -16 -25.6145 8.69494
      vertex -16 -19.9329 6.7663
      vertex -16 -20.3327 5.44814
    endloop
  endfacet
  facet normal -1 0 0
    outer loop
      vertex -16 -15.8262 13.8792
      vertex -16 -20.3373 17.8353
      vertex -16 -19.1272 19.1272
    endloop
  endfacet
  facet normal -1 0 0
    outer loop
      vertex -16 -26.1283 7.00105
      vertex -16 -20.3327 5.44814
      vertex -16 -20.6455 4.10665
    endloop
  endfacet
  facet normal -1 0 0
    outer loop
      vertex -16 -26.5302 5.27719
      vertex -16 -20.6455 4.10665
      vertex -16 -20.8699 2.74758
    endloop
  endfacet
  facet normal -1 0 0
    outer loop
      vertex -16 -26.8186 3.53073
      vertex -16 -20.8699 2.74758
      vertex -16 -21.0049 1.37674
    endloop
  endfacet
  facet normal -1 0 0
    outer loop
      vertex -16 -16.7001 12.8144
      vertex -16 -21.4602 16.467
      vertex -16 -20.3373 17.8353
    endloop
  endfacet
  facet normal -1 0 0
    outer loop
      vertex -16 -26.9921 1.76915
      vertex -16 -21.0049 1.37674
      vertex -16 -21.0238 0.799999
    endloop
  endfacet
  facet normal -1 0 0
    outer loop
      vertex -16 -17.5024 11.6948
      vertex -16 -22.4913 15.0282
      vertex -16 -21.4602 16.467
    endloop
  endfacet
  facet normal -1 0 0
    outer loop
      vertex -16 -18.2298 10.525
      vertex -16 -23.426 13.525
      vertex -16 -22.4913 15.0282
    endloop
  endfacet
  facet normal -1 0 0
    outer loop
      vertex -16 -18.8792 9.31018
      vertex -16 -24.2604 11.9639
      vertex -16 -23.426 13.525
    endloop
  endfacet
  facet normal -1 0 0
    outer loop
      vertex -16 -19.4477 8.05549
      vertex -16 -24.9909 10.3516
      vertex -16 -24.2604 11.9639
    endloop
  endfacet
  facet normal -1 0 0
    outer loop
      vertex -16 -19.9329 6.7663
      vertex -16 -25.6145 8.69494
      vertex -16 -24.9909 10.3516
    endloop
  endfacet
  facet normal -1 0 0
    outer loop
      vertex -16 -20.3327 5.44814
      vertex -16 -26.1283 7.00105
      vertex -16 -25.6145 8.69494
    endloop
  endfacet
  facet normal -1 0 0
    outer loop
      vertex -16 -20.6455 4.10665
      vertex -16 -26.5302 5.27719
      vertex -16 -26.1283 7.00105
    endloop
  endfacet
  facet normal -1 0 0
    outer loop
      vertex -16 -20.8699 2.74758
      vertex -16 -26.8186 3.53073
      vertex -16 -26.5302 5.27719
    endloop
  endfacet
  facet normal -1 0 0
    outer loop
      vertex -16 -21.0049 1.37674
      vertex -16 -26.9921 1.76915
      vertex -16 -26.8186 3.53073
    endloop
  endfacet
  facet normal -1 0 -0
    outer loop
      vertex -16 -26.9921 1.76915
      vertex -16 -21.0238 0.799999
      vertex -16 -27.0238 0.799999
    endloop
  endfacet
  facet normal 0 0.77302 0.634382
    outer loop
      vertex 16 21.4602 16.467
      vertex -16 20.3373 17.8353
      vertex 16 20.3373 17.8353
    endloop
  endfacet
  facet normal 0 0.77302 0.634382
    outer loop
      vertex -16 20.3373 17.8353
      vertex 16 21.4602 16.467
      vertex -16 21.4602 16.467
    endloop
  endfacet
  facet normal 0 -0.849215 0.528048
    outer loop
      vertex -16 -23.426 13.525
      vertex 16 -22.4913 15.0282
      vertex -16 -22.4913 15.0282
    endloop
  endfacet
  facet normal 0 -0.849215 0.528048
    outer loop
      vertex 16 -22.4913 15.0282
      vertex -16 -23.426 13.525
      vertex 16 -23.426 13.525
    endloop
  endfacet
  facet normal 1 0 0
    outer loop
      vertex 16 25.55 35.1581
      vertex 16 10.6726 24.8455
      vertex 16 25.55 33.05
    endloop
  endfacet
  facet normal 1 0 0
    outer loop
      vertex 16 11.9639 24.2604
      vertex 16 9.31018 18.8792
      vertex 16 10.525 18.2298
    endloop
  endfacet
  facet normal 1 0 0
    outer loop
      vertex 16 10.6726 24.8455
      vertex 16 8.05549 19.4477
      vertex 16 9.31018 18.8792
    endloop
  endfacet
  facet normal 1 0 0
    outer loop
      vertex 16 10.6726 24.8455
      vertex 16 6.7663 19.9329
      vertex 16 8.05549 19.4477
    endloop
  endfacet
  facet normal 1 0 0
    outer loop
      vertex 16 10.6726 24.8455
      vertex 16 5.44814 20.3327
      vertex 16 6.7663 19.9329
    endloop
  endfacet
  facet normal 1 0 0
    outer loop
      vertex 16 10.6726 24.8455
      vertex 16 4.10665 20.6455
      vertex 16 5.44814 20.3327
    endloop
  endfacet
  facet normal 1 -0 0
    outer loop
      vertex 16 -7 28.05
      vertex 16 10.6726 24.8455
      vertex 16 25.55 35.1581
    endloop
  endfacet
  facet normal 1 0 -0
    outer loop
      vertex 16 1.37674 21.0049
      vertex 16 10.6726 24.8455
      vertex 16 -7 28.05
    endloop
  endfacet
  facet normal 1 0 0
    outer loop
      vertex 16 10.6726 24.8455
      vertex 16 2.74758 20.8699
      vertex 16 4.10665 20.6455
    endloop
  endfacet
  facet normal 1 0 0
    outer loop
      vertex 16 10.6726 24.8455
      vertex 16 1.37674 21.0049
      vertex 16 2.74758 20.8699
    endloop
  endfacet
  facet normal 1 0 0
    outer loop
      vertex 16 1.37674 21.0049
      vertex 16 -7 28.05
      vertex 16 0 21.05
    endloop
  endfacet
  facet normal 1 0 0
    outer loop
      vertex 16 0 21.05
      vertex 16 -7 28.05
      vertex 16 -1.37674 21.0049
    endloop
  endfacet
  facet normal 1 -0 0
    outer loop
      vertex 16 -7 26.1285
      vertex 16 -1.37674 21.0049
      vertex 16 -7 28.05
    endloop
  endfacet
  facet normal 1 0 0
    outer loop
      vertex 16 -1.37674 21.0049
      vertex 16 -7 26.1285
      vertex 16 -2.74758 20.8699
    endloop
  endfacet
  facet normal 1 0 0
    outer loop
      vertex 16 -2.74758 20.8699
      vertex 16 -7 26.1285
      vertex 16 -4.10665 20.6455
    endloop
  endfacet
  facet normal 1 0 0
    outer loop
      vertex 16 -4.10665 20.6455
      vertex 16 -7 26.1285
      vertex 16 -5.44814 20.3327
    endloop
  endfacet
  facet normal 1 -0 0
    outer loop
      vertex 16 -7.00105 26.1283
      vertex 16 -5.44814 20.3327
      vertex 16 -7 26.1285
    endloop
  endfacet
  facet normal 1 0 0
    outer loop
      vertex 16 -5.44814 20.3327
      vertex 16 -7.00105 26.1283
      vertex 16 -6.7663 19.9329
    endloop
  endfacet
  facet normal 1 -0 0
    outer loop
      vertex 16 -8.69494 25.6145
      vertex 16 -6.7663 19.9329
      vertex 16 -7.00105 26.1283
    endloop
  endfacet
  facet normal 1 0 0
    outer loop
      vertex 16 -6.7663 19.9329
      vertex 16 -8.69494 25.6145
      vertex 16 -8.05549 19.4477
    endloop
  endfacet
  facet normal 1 -0 0
    outer loop
      vertex 16 -10.3516 24.9909
      vertex 16 -8.05549 19.4477
      vertex 16 -8.69494 25.6145
    endloop
  endfacet
  facet normal 1 0 0
    outer loop
      vertex 16 -8.05549 19.4477
      vertex 16 -10.3516 24.9909
      vertex 16 -9.31018 18.8792
    endloop
  endfacet
  facet normal 1 -0 0
    outer loop
      vertex 16 -11.9639 24.2604
      vertex 16 -9.31018 18.8792
      vertex 16 -10.3516 24.9909
    endloop
  endfacet
  facet normal 1 0 0
    outer loop
      vertex 16 -9.31018 18.8792
      vertex 16 -11.9639 24.2604
      vertex 16 -10.525 18.2298
    endloop
  endfacet
  facet normal 1 -0 0
    outer loop
      vertex 16 -13.525 23.426
      vertex 16 -10.525 18.2298
      vertex 16 -11.9639 24.2604
    endloop
  endfacet
  facet normal 1 0 0
    outer loop
      vertex 16 -10.525 18.2298
      vertex 16 -13.525 23.426
      vertex 16 -11.6948 17.5024
    endloop
  endfacet
  facet normal 1 -0 0
    outer loop
      vertex 16 -15.0282 22.4913
      vertex 16 -11.6948 17.5024
      vertex 16 -13.525 23.426
    endloop
  endfacet
  facet normal 1 0 0
    outer loop
      vertex 16 -11.6948 17.5024
      vertex 16 -15.0282 22.4913
      vertex 16 -12.8144 16.7001
    endloop
  endfacet
  facet normal 1 -0 0
    outer loop
      vertex 16 -16.467 21.4602
      vertex 16 -12.8144 16.7001
      vertex 16 -15.0282 22.4913
    endloop
  endfacet
  facet normal 1 0 0
    outer loop
      vertex 16 -12.8144 16.7001
      vertex 16 -16.467 21.4602
      vertex 16 -13.8792 15.8262
    endloop
  endfacet
  facet normal 1 -0 0
    outer loop
      vertex 16 -17.8353 20.3373
      vertex 16 -13.8792 15.8262
      vertex 16 -16.467 21.4602
    endloop
  endfacet
  facet normal 1 0 0
    outer loop
      vertex 16 -13.8792 15.8262
      vertex 16 -17.8353 20.3373
      vertex 16 -14.8846 14.8846
    endloop
  endfacet
  facet normal 1 -0 0
    outer loop
      vertex 16 -19.1272 19.1272
      vertex 16 -14.8846 14.8846
      vertex 16 -17.8353 20.3373
    endloop
  endfacet
  facet normal 1 0 0
    outer loop
      vertex 16 -14.8846 14.8846
      vertex 16 -19.1272 19.1272
      vertex 16 -15.8262 13.8792
    endloop
  endfacet
  facet normal 1 -0 0
    outer loop
      vertex 16 -20.3373 17.8353
      vertex 16 -15.8262 13.8792
      vertex 16 -19.1272 19.1272
    endloop
  endfacet
  facet normal 1 0 0
    outer loop
      vertex 16 -15.8262 13.8792
      vertex 16 -20.3373 17.8353
      vertex 16 -16.7001 12.8144
    endloop
  endfacet
  facet normal 1 -0 0
    outer loop
      vertex 16 -21.4602 16.467
      vertex 16 -16.7001 12.8144
      vertex 16 -20.3373 17.8353
    endloop
  endfacet
  facet normal 1 0 0
    outer loop
      vertex 16 -16.7001 12.8144
      vertex 16 -21.4602 16.467
      vertex 16 -17.5024 11.6948
    endloop
  endfacet
  facet normal 1 -0 0
    outer loop
      vertex 16 -22.4913 15.0282
      vertex 16 -17.5024 11.6948
      vertex 16 -21.4602 16.467
    endloop
  endfacet
  facet normal 1 0 0
    outer loop
      vertex 16 -17.5024 11.6948
      vertex 16 -22.4913 15.0282
      vertex 16 -18.2298 10.525
    endloop
  endfacet
  facet normal 1 -0 0
    outer loop
      vertex 16 -23.426 13.525
      vertex 16 -18.2298 10.525
      vertex 16 -22.4913 15.0282
    endloop
  endfacet
  facet normal 1 0 0
    outer loop
      vertex 16 -18.2298 10.525
      vertex 16 -23.426 13.525
      vertex 16 -18.8792 9.31018
    endloop
  endfacet
  facet normal 1 -0 0
    outer loop
      vertex 16 -24.2604 11.9639
      vertex 16 -18.8792 9.31018
      vertex 16 -23.426 13.525
    endloop
  endfacet
  facet normal 1 0 0
    outer loop
      vertex 16 -18.8792 9.31018
      vertex 16 -24.2604 11.9639
      vertex 16 -19.4477 8.05549
    endloop
  endfacet
  facet normal 1 -0 0
    outer loop
      vertex 16 -24.9909 10.3516
      vertex 16 -19.4477 8.05549
      vertex 16 -24.2604 11.9639
    endloop
  endfacet
  facet normal 1 0 0
    outer loop
      vertex 16 -19.4477 8.05549
      vertex 16 -24.9909 10.3516
      vertex 16 -19.9329 6.7663
    endloop
  endfacet
  facet normal 1 -0 0
    outer loop
      vertex 16 -25.6145 8.69494
      vertex 16 -19.9329 6.7663
      vertex 16 -24.9909 10.3516
    endloop
  endfacet
  facet normal 1 0 0
    outer loop
      vertex 16 -19.9329 6.7663
      vertex 16 -25.6145 8.69494
      vertex 16 -20.3327 5.44814
    endloop
  endfacet
  facet normal 1 -0 0
    outer loop
      vertex 16 -26.1283 7.00105
      vertex 16 -20.3327 5.44814
      vertex 16 -25.6145 8.69494
    endloop
  endfacet
  facet normal 1 0 0
    outer loop
      vertex 16 -20.3327 5.44814
      vertex 16 -26.1283 7.00105
      vertex 16 -20.6455 4.10665
    endloop
  endfacet
  facet normal 1 -0 0
    outer loop
      vertex 16 -26.5302 5.27719
      vertex 16 -20.6455 4.10665
      vertex 16 -26.1283 7.00105
    endloop
  endfacet
  facet normal 1 0 0
    outer loop
      vertex 16 -20.6455 4.10665
      vertex 16 -26.5302 5.27719
      vertex 16 -20.8699 2.74758
    endloop
  endfacet
  facet normal 1 -0 0
    outer loop
      vertex 16 -26.8186 3.53073
      vertex 16 -20.8699 2.74758
      vertex 16 -26.5302 5.27719
    endloop
  endfacet
  facet normal 1 0 0
    outer loop
      vertex 16 -20.8699 2.74758
      vertex 16 -26.8186 3.53073
      vertex 16 -21.0049 1.37674
    endloop
  endfacet
  facet normal 1 -0 0
    outer loop
      vertex 16 -26.9921 1.76915
      vertex 16 -21.0049 1.37674
      vertex 16 -26.8186 3.53073
    endloop
  endfacet
  facet normal 1 0 0
    outer loop
      vertex 16 -21.0049 1.37674
      vertex 16 -26.9921 1.76915
      vertex 16 -21.0238 0.799999
    endloop
  endfacet
  facet normal 1 0 0
    outer loop
      vertex 16 -21.0238 0.799999
      vertex 16 -26.9921 1.76915
      vertex 16 -27.0238 0.799999
    endloop
  endfacet
  facet normal 1 -0 0
    outer loop
      vertex 16 25.55 33.05
      vertex 16 27.9223 28.5819
      vertex 16 59.55 33.05
    endloop
  endfacet
  facet normal 1 0 0
    outer loop
      vertex 16 27.9223 28.5819
      vertex 16 25.55 33.05
      vertex 16 10.6726 24.8455
    endloop
  endfacet
  facet normal 1 0 0
    outer loop
      vertex 16 21.0049 1.37674
      vertex 16 26.9921 1.76915
      vertex 16 26.8186 3.53073
    endloop
  endfacet
  facet normal 1 0 0
    outer loop
      vertex 16 20.8699 2.74758
      vertex 16 26.8186 3.53073
      vertex 16 26.5302 5.27719
    endloop
  endfacet
  facet normal 1 0 0
    outer loop
      vertex 16 20.6455 4.10665
      vertex 16 26.5302 5.27719
      vertex 16 26.1283 7.00105
    endloop
  endfacet
  facet normal 1 0 0
    outer loop
      vertex 16 20.3327 5.44814
      vertex 16 26.1283 7.00105
      vertex 16 25.6145 8.69494
    endloop
  endfacet
  facet normal 1 0 0
    outer loop
      vertex 16 19.9329 6.7663
      vertex 16 25.6145 8.69494
      vertex 16 24.9909 10.3516
    endloop
  endfacet
  facet normal 1 0 0
    outer loop
      vertex 16 19.4477 8.05549
      vertex 16 24.9909 10.3516
      vertex 16 24.2604 11.9639
    endloop
  endfacet
  facet normal 1 0 0
    outer loop
      vertex 16 18.8792 9.31018
      vertex 16 24.2604 11.9639
      vertex 16 23.426 13.525
    endloop
  endfacet
  facet normal 1 0 0
    outer loop
      vertex 16 18.2298 10.525
      vertex 16 23.426 13.525
      vertex 16 22.4913 15.0282
    endloop
  endfacet
  facet normal 1 0 0
    outer loop
      vertex 16 17.5024 11.6948
      vertex 16 22.4913 15.0282
      vertex 16 21.4602 16.467
    endloop
  endfacet
  facet normal 1 0 0
    outer loop
      vertex 16 25.6145 8.69494
      vertex 16 19.9329 6.7663
      vertex 16 20.3327 5.44814
    endloop
  endfacet
  facet normal 1 0 0
    outer loop
      vertex 16 27.0238 0.799999
      vertex 16 21.0049 1.37674
      vertex 16 21.0238 0.799999
    endloop
  endfacet
  facet normal 1 0 0
    outer loop
      vertex 16 26.9921 1.76915
      vertex 16 21.0049 1.37674
      vertex 16 27.0238 0.799999
    endloop
  endfacet
  facet normal 1 0 -0
    outer loop
      vertex 16 21.0049 1.37674
      vertex 16 26.8186 3.53073
      vertex 16 20.8699 2.74758
    endloop
  endfacet
  facet normal 1 0 0
    outer loop
      vertex 16 16.7001 12.8144
      vertex 16 21.4602 16.467
      vertex 16 20.3373 17.8353
    endloop
  endfacet
  facet normal 1 0 0
    outer loop
      vertex 16 26.5302 5.27719
      vertex 16 20.6455 4.10665
      vertex 16 20.8699 2.74758
    endloop
  endfacet
  facet normal 1 0 0
    outer loop
      vertex 16 26.1283 7.00105
      vertex 16 20.3327 5.44814
      vertex 16 20.6455 4.10665
    endloop
  endfacet
  facet normal 1 0 0
    outer loop
      vertex 16 24.9909 10.3516
      vertex 16 19.4477 8.05549
      vertex 16 19.9329 6.7663
    endloop
  endfacet
  facet normal 1 0 0
    outer loop
      vertex 16 15.8262 13.8792
      vertex 16 20.3373 17.8353
      vertex 16 19.1272 19.1272
    endloop
  endfacet
  facet normal 1 0 0
    outer loop
      vertex 16 24.2604 11.9639
      vertex 16 18.8792 9.31018
      vertex 16 19.4477 8.05549
    endloop
  endfacet
  facet normal 1 0 0
    outer loop
      vertex 16 23.426 13.525
      vertex 16 18.2298 10.525
      vertex 16 18.8792 9.31018
    endloop
  endfacet
  facet normal 1 0 0
    outer loop
      vertex 16 14.8846 14.8846
      vertex 16 19.1272 19.1272
      vertex 16 17.8353 20.3373
    endloop
  endfacet
  facet normal 1 0 0
    outer loop
      vertex 16 22.4913 15.0282
      vertex 16 17.5024 11.6948
      vertex 16 18.2298 10.525
    endloop
  endfacet
  facet normal 1 0 0
    outer loop
      vertex 16 21.4602 16.467
      vertex 16 16.7001 12.8144
      vertex 16 17.5024 11.6948
    endloop
  endfacet
  facet normal 1 0 0
    outer loop
      vertex 16 13.8792 15.8262
      vertex 16 17.8353 20.3373
      vertex 16 16.467 21.4602
    endloop
  endfacet
  facet normal 1 0 0
    outer loop
      vertex 16 20.3373 17.8353
      vertex 16 15.8262 13.8792
      vertex 16 16.7001 12.8144
    endloop
  endfacet
  facet normal 1 0 0
    outer loop
      vertex 16 12.8144 16.7001
      vertex 16 16.467 21.4602
      vertex 16 15.0282 22.4913
    endloop
  endfacet
  facet normal 1 0 0
    outer loop
      vertex 16 19.1272 19.1272
      vertex 16 14.8846 14.8846
      vertex 16 15.8262 13.8792
    endloop
  endfacet
  facet normal 1 0 0
    outer loop
      vertex 16 17.8353 20.3373
      vertex 16 13.8792 15.8262
      vertex 16 14.8846 14.8846
    endloop
  endfacet
  facet normal 1 0 0
    outer loop
      vertex 16 11.6948 17.5024
      vertex 16 15.0282 22.4913
      vertex 16 13.525 23.426
    endloop
  endfacet
  facet normal 1 0 0
    outer loop
      vertex 16 16.467 21.4602
      vertex 16 12.8144 16.7001
      vertex 16 13.8792 15.8262
    endloop
  endfacet
  facet normal 1 0 0
    outer loop
      vertex 16 10.525 18.2298
      vertex 16 13.525 23.426
      vertex 16 11.9639 24.2604
    endloop
  endfacet
  facet normal 1 0 0
    outer loop
      vertex 16 15.0282 22.4913
      vertex 16 11.6948 17.5024
      vertex 16 12.8144 16.7001
    endloop
  endfacet
  facet normal 1 0 0
    outer loop
      vertex 16 9.31018 18.8792
      vertex 16 11.9639 24.2604
      vertex 16 10.6726 24.8455
    endloop
  endfacet
  facet normal 1 0 0
    outer loop
      vertex 16 13.525 23.426
      vertex 16 10.525 18.2298
      vertex 16 11.6948 17.5024
    endloop
  endfacet
  facet normal 0 -0.973883 0.227051
    outer loop
      vertex -16 -26.5302 5.27719
      vertex -12 -26.1283 7.00105
      vertex -16 -26.1283 7.00105
    endloop
  endfacet
  facet normal 0 -0.973883 0.227051
    outer loop
      vertex -12 -26.1283 7.00105
      vertex -16 -26.5302 5.27719
      vertex -12 -26.5302 5.27719
    endloop
  endfacet
  facet normal 0 -0.973883 0.227051
    outer loop
      vertex 12 -26.5302 5.27719
      vertex 16 -26.1283 7.00105
      vertex 12 -26.1283 7.00105
    endloop
  endfacet
  facet normal 0 -0.973883 0.227051
    outer loop
      vertex 16 -26.1283 7.00105
      vertex 12 -26.5302 5.27719
      vertex 16 -26.5302 5.27719
    endloop
  endfacet
  facet normal 0 -0.935813 0.352496
    outer loop
      vertex -16 -24.9909 10.3516
      vertex -12 -25.05 10.1947
      vertex 16 -24.9909 10.3516
    endloop
  endfacet
  facet normal -9.28824e-06 -0.935892 0.352288
    outer loop
      vertex -16 -25.6145 8.69494
      vertex -12 -25.05 10.1947
      vertex -16 -24.9909 10.3516
    endloop
  endfacet
  facet normal 0 -0.9359 0.352267
    outer loop
      vertex -12 -25.05 10.1947
      vertex -16 -25.6145 8.69494
      vertex -12 -25.6145 8.69494
    endloop
  endfacet
  facet normal 0 -0.935813 0.352496
    outer loop
      vertex 12 -25.05 10.1947
      vertex 16 -24.9909 10.3516
      vertex -12 -25.05 10.1947
    endloop
  endfacet
  facet normal 0 -0.9359 0.352267
    outer loop
      vertex 16 -25.6145 8.69494
      vertex 12 -25.05 10.1947
      vertex 12 -25.6145 8.69494
    endloop
  endfacet
  facet normal 9.28824e-06 -0.935892 0.352288
    outer loop
      vertex 12 -25.05 10.1947
      vertex 16 -25.6145 8.69494
      vertex 16 -24.9909 10.3516
    endloop
  endfacet
  facet normal 0 -0.881927 0.471386
    outer loop
      vertex -16 -24.2604 11.9639
      vertex 16 -23.426 13.525
      vertex -16 -23.426 13.525
    endloop
  endfacet
  facet normal 0 -0.881927 0.471386
    outer loop
      vertex 16 -23.426 13.525
      vertex -16 -24.2604 11.9639
      vertex 16 -24.2604 11.9639
    endloop
  endfacet
  facet normal 0 0.881902 -0.471434
    outer loop
      vertex 16 -18.8792 9.31018
      vertex -16 -18.2298 10.525
      vertex 16 -18.2298 10.525
    endloop
  endfacet
  facet normal 0 0.881902 -0.471434
    outer loop
      vertex -16 -18.2298 10.525
      vertex 16 -18.8792 9.31018
      vertex -16 -18.8792 9.31018
    endloop
  endfacet
  facet normal 0 0.032741 -0.999464
    outer loop
      vertex -16 -1.37674 21.0049
      vertex 16 0 21.05
      vertex 16 -1.37674 21.0049
    endloop
  endfacet
  facet normal 0 0.032741 -0.999464
    outer loop
      vertex 16 0 21.05
      vertex -16 -1.37674 21.0049
      vertex -16 0 21.05
    endloop
  endfacet
  facet normal 0 0.162907 -0.986641
    outer loop
      vertex -16 -4.10665 20.6455
      vertex 16 -2.74758 20.8699
      vertex 16 -4.10665 20.6455
    endloop
  endfacet
  facet normal 0 0.162907 -0.986641
    outer loop
      vertex 16 -2.74758 20.8699
      vertex -16 -4.10665 20.6455
      vertex -16 -2.74758 20.8699
    endloop
  endfacet
  facet normal 0 -0.956952 -0.290245
    outer loop
      vertex -16 20.3327 5.44814
      vertex 16 19.9329 6.7663
      vertex -16 19.9329 6.7663
    endloop
  endfacet
  facet normal 0 -0.956952 -0.290245
    outer loop
      vertex 16 19.9329 6.7663
      vertex -16 20.3327 5.44814
      vertex 16 20.3327 5.44814
    endloop
  endfacet
  facet normal 0 -0.528053 -0.849211
    outer loop
      vertex -16 10.525 18.2298
      vertex 16 11.6948 17.5024
      vertex 16 10.525 18.2298
    endloop
  endfacet
  facet normal -0 -0.528053 -0.849211
    outer loop
      vertex 16 11.6948 17.5024
      vertex -16 10.525 18.2298
      vertex -16 11.6948 17.5024
    endloop
  endfacet
  facet normal 0 0.528053 -0.849211
    outer loop
      vertex -16 -11.6948 17.5024
      vertex 16 -10.525 18.2298
      vertex 16 -11.6948 17.5024
    endloop
  endfacet
  facet normal 0 0.528053 -0.849211
    outer loop
      vertex 16 -10.525 18.2298
      vertex -16 -11.6948 17.5024
      vertex -16 -10.525 18.2298
    endloop
  endfacet
  facet normal 0 -0.772996 -0.634411
    outer loop
      vertex -16 16.7001 12.8144
      vertex 16 15.8262 13.8792
      vertex -16 15.8262 13.8792
    endloop
  endfacet
  facet normal 0 -0.772996 -0.634411
    outer loop
      vertex 16 15.8262 13.8792
      vertex -16 16.7001 12.8144
      vertex 16 16.7001 12.8144
    endloop
  endfacet
  facet normal 0 0.0980057 -0.995186
    outer loop
      vertex -16 -2.74758 20.8699
      vertex 16 -1.37674 21.0049
      vertex 16 -2.74758 20.8699
    endloop
  endfacet
  facet normal 0 0.0980057 -0.995186
    outer loop
      vertex 16 -1.37674 21.0049
      vertex -16 -2.74758 20.8699
      vertex -16 -1.37674 21.0049
    endloop
  endfacet
  facet normal 0 0.93591 -0.352239
    outer loop
      vertex 16 -19.9329 6.7663
      vertex -16 -19.4477 8.05549
      vertex 16 -19.4477 8.05549
    endloop
  endfacet
  facet normal 0 0.93591 -0.352239
    outer loop
      vertex -16 -19.4477 8.05549
      vertex 16 -19.9329 6.7663
      vertex -16 -19.9329 6.7663
    endloop
  endfacet
  facet normal 0 -0.910862 -0.412711
    outer loop
      vertex -16 19.4477 8.05549
      vertex 16 18.8792 9.31018
      vertex -16 18.8792 9.31018
    endloop
  endfacet
  facet normal 0 -0.910862 -0.412711
    outer loop
      vertex 16 18.8792 9.31018
      vertex -16 19.4477 8.05549
      vertex 16 19.4477 8.05549
    endloop
  endfacet
  facet normal 0 0.634411 -0.772996
    outer loop
      vertex -16 -13.8792 15.8262
      vertex 16 -12.8144 16.7001
      vertex 16 -13.8792 15.8262
    endloop
  endfacet
  facet normal 0 0.634411 -0.772996
    outer loop
      vertex 16 -12.8144 16.7001
      vertex -16 -13.8792 15.8262
      vertex -16 -12.8144 16.7001
    endloop
  endfacet
  facet normal 0 0.352239 -0.93591
    outer loop
      vertex -16 -8.05549 19.4477
      vertex 16 -6.7663 19.9329
      vertex 16 -8.05549 19.4477
    endloop
  endfacet
  facet normal 0 0.352239 -0.93591
    outer loop
      vertex 16 -6.7663 19.9329
      vertex -16 -8.05549 19.4477
      vertex -16 -6.7663 19.9329
    endloop
  endfacet
  facet normal 0 0.290245 -0.956952
    outer loop
      vertex -16 -6.7663 19.9329
      vertex 16 -5.44814 20.3327
      vertex 16 -6.7663 19.9329
    endloop
  endfacet
  facet normal 0 0.290245 -0.956952
    outer loop
      vertex 16 -5.44814 20.3327
      vertex -16 -6.7663 19.9329
      vertex -16 -5.44814 20.3327
    endloop
  endfacet
  facet normal 0 0.999463 -0.0327528
    outer loop
      vertex 16 -21.0238 0.799999
      vertex -16 -21.0049 1.37674
      vertex 16 -21.0049 1.37674
    endloop
  endfacet
  facet normal 0 0.999463 -0.0327528
    outer loop
      vertex -16 -21.0049 1.37674
      vertex 16 -21.0238 0.799999
      vertex -16 -21.0238 0.799999
    endloop
  endfacet
  facet normal 0 0.412711 -0.910862
    outer loop
      vertex -16 -9.31018 18.8792
      vertex 16 -8.05549 19.4477
      vertex 16 -9.31018 18.8792
    endloop
  endfacet
  facet normal 0 0.412711 -0.910862
    outer loop
      vertex 16 -8.05549 19.4477
      vertex -16 -9.31018 18.8792
      vertex -16 -8.05549 19.4477
    endloop
  endfacet
  facet normal 0 -0.93591 -0.352239
    outer loop
      vertex -16 19.9329 6.7663
      vertex 16 19.4477 8.05549
      vertex -16 19.4477 8.05549
    endloop
  endfacet
  facet normal 0 -0.93591 -0.352239
    outer loop
      vertex 16 19.4477 8.05549
      vertex -16 19.9329 6.7663
      vertex 16 19.9329 6.7663
    endloop
  endfacet
  facet normal 0 0.986641 -0.162907
    outer loop
      vertex 16 -20.8699 2.74758
      vertex -16 -20.6455 4.10665
      vertex 16 -20.6455 4.10665
    endloop
  endfacet
  facet normal 0 0.986641 -0.162907
    outer loop
      vertex -16 -20.6455 4.10665
      vertex 16 -20.8699 2.74758
      vertex -16 -20.8699 2.74758
    endloop
  endfacet
  facet normal 0 -0.812845 -0.582481
    outer loop
      vertex -16 17.5024 11.6948
      vertex 16 16.7001 12.8144
      vertex -16 16.7001 12.8144
    endloop
  endfacet
  facet normal 0 -0.812845 -0.582481
    outer loop
      vertex 16 16.7001 12.8144
      vertex -16 17.5024 11.6948
      vertex 16 17.5024 11.6948
    endloop
  endfacet
  facet normal 0 -0.412711 -0.910862
    outer loop
      vertex -16 8.05549 19.4477
      vertex 16 9.31018 18.8792
      vertex 16 8.05549 19.4477
    endloop
  endfacet
  facet normal -0 -0.412711 -0.910862
    outer loop
      vertex 16 9.31018 18.8792
      vertex -16 8.05549 19.4477
      vertex -16 9.31018 18.8792
    endloop
  endfacet
  facet normal 0 -0.634411 -0.772996
    outer loop
      vertex -16 12.8144 16.7001
      vertex 16 13.8792 15.8262
      vertex 16 12.8144 16.7001
    endloop
  endfacet
  facet normal -0 -0.634411 -0.772996
    outer loop
      vertex 16 13.8792 15.8262
      vertex -16 12.8144 16.7001
      vertex -16 13.8792 15.8262
    endloop
  endfacet
  facet normal 0 0.995186 -0.0980057
    outer loop
      vertex 16 -21.0049 1.37674
      vertex -16 -20.8699 2.74758
      vertex 16 -20.8699 2.74758
    endloop
  endfacet
  facet normal 0 0.995186 -0.0980057
    outer loop
      vertex -16 -20.8699 2.74758
      vertex 16 -21.0049 1.37674
      vertex -16 -21.0049 1.37674
    endloop
  endfacet
  facet normal 0 0.582481 -0.812845
    outer loop
      vertex -16 -12.8144 16.7001
      vertex 16 -11.6948 17.5024
      vertex 16 -12.8144 16.7001
    endloop
  endfacet
  facet normal 0 0.582481 -0.812845
    outer loop
      vertex 16 -11.6948 17.5024
      vertex -16 -12.8144 16.7001
      vertex -16 -11.6948 17.5024
    endloop
  endfacet
  facet normal 0 0.973876 -0.227082
    outer loop
      vertex 16 -20.6455 4.10665
      vertex -16 -20.3327 5.44814
      vertex 16 -20.3327 5.44814
    endloop
  endfacet
  facet normal 0 0.973876 -0.227082
    outer loop
      vertex -16 -20.3327 5.44814
      vertex 16 -20.6455 4.10665
      vertex -16 -20.6455 4.10665
    endloop
  endfacet
  facet normal 0 -0.352239 -0.93591
    outer loop
      vertex -16 6.7663 19.9329
      vertex 16 8.05549 19.4477
      vertex 16 6.7663 19.9329
    endloop
  endfacet
  facet normal -0 -0.352239 -0.93591
    outer loop
      vertex 16 8.05549 19.4477
      vertex -16 6.7663 19.9329
      vertex -16 8.05549 19.4477
    endloop
  endfacet
  facet normal 0 -0.290245 -0.956952
    outer loop
      vertex -16 5.44814 20.3327
      vertex 16 6.7663 19.9329
      vertex 16 5.44814 20.3327
    endloop
  endfacet
  facet normal -0 -0.290245 -0.956952
    outer loop
      vertex 16 6.7663 19.9329
      vertex -16 5.44814 20.3327
      vertex -16 6.7663 19.9329
    endloop
  endfacet
  facet normal 0 0.227082 -0.973876
    outer loop
      vertex -16 -5.44814 20.3327
      vertex 16 -4.10665 20.6455
      vertex 16 -5.44814 20.3327
    endloop
  endfacet
  facet normal 0 0.227082 -0.973876
    outer loop
      vertex 16 -4.10665 20.6455
      vertex -16 -5.44814 20.3327
      vertex -16 -4.10665 20.6455
    endloop
  endfacet
  facet normal 0 -0.986641 -0.162907
    outer loop
      vertex -16 20.8699 2.74758
      vertex 16 20.6455 4.10665
      vertex -16 20.6455 4.10665
    endloop
  endfacet
  facet normal 0 -0.986641 -0.162907
    outer loop
      vertex 16 20.6455 4.10665
      vertex -16 20.8699 2.74758
      vertex 16 20.8699 2.74758
    endloop
  endfacet
  facet normal 0 -0.471434 -0.881902
    outer loop
      vertex -16 9.31018 18.8792
      vertex 16 10.525 18.2298
      vertex 16 9.31018 18.8792
    endloop
  endfacet
  facet normal -0 -0.471434 -0.881902
    outer loop
      vertex 16 10.525 18.2298
      vertex -16 9.31018 18.8792
      vertex -16 10.525 18.2298
    endloop
  endfacet
  facet normal 0 0.729886 -0.683569
    outer loop
      vertex 16 -15.8262 13.8792
      vertex -16 -14.8846 14.8846
      vertex 16 -14.8846 14.8846
    endloop
  endfacet
  facet normal 0 0.729886 -0.683569
    outer loop
      vertex -16 -14.8846 14.8846
      vertex 16 -15.8262 13.8792
      vertex -16 -15.8262 13.8792
    endloop
  endfacet
  facet normal 0 -0.729886 -0.683569
    outer loop
      vertex -16 15.8262 13.8792
      vertex 16 14.8846 14.8846
      vertex -16 14.8846 14.8846
    endloop
  endfacet
  facet normal 0 -0.729886 -0.683569
    outer loop
      vertex 16 14.8846 14.8846
      vertex -16 15.8262 13.8792
      vertex 16 15.8262 13.8792
    endloop
  endfacet
  facet normal 0 0.772996 -0.634411
    outer loop
      vertex 16 -16.7001 12.8144
      vertex -16 -15.8262 13.8792
      vertex 16 -15.8262 13.8792
    endloop
  endfacet
  facet normal 0 0.772996 -0.634411
    outer loop
      vertex -16 -15.8262 13.8792
      vertex 16 -16.7001 12.8144
      vertex -16 -16.7001 12.8144
    endloop
  endfacet
  facet normal 0 -0.849211 -0.528053
    outer loop
      vertex -16 18.2298 10.525
      vertex 16 17.5024 11.6948
      vertex -16 17.5024 11.6948
    endloop
  endfacet
  facet normal 0 -0.849211 -0.528053
    outer loop
      vertex 16 17.5024 11.6948
      vertex -16 18.2298 10.525
      vertex 16 18.2298 10.525
    endloop
  endfacet
  facet normal 0 -0.973876 -0.227082
    outer loop
      vertex -16 20.6455 4.10665
      vertex 16 20.3327 5.44814
      vertex -16 20.3327 5.44814
    endloop
  endfacet
  facet normal 0 -0.973876 -0.227082
    outer loop
      vertex 16 20.3327 5.44814
      vertex -16 20.6455 4.10665
      vertex 16 20.6455 4.10665
    endloop
  endfacet
  facet normal 0 -0.995186 -0.0980057
    outer loop
      vertex -16 21.0049 1.37674
      vertex 16 20.8699 2.74758
      vertex -16 20.8699 2.74758
    endloop
  endfacet
  facet normal 0 -0.995186 -0.0980057
    outer loop
      vertex 16 20.8699 2.74758
      vertex -16 21.0049 1.37674
      vertex 16 21.0049 1.37674
    endloop
  endfacet
  facet normal 0 0.956952 -0.290245
    outer loop
      vertex 16 -20.3327 5.44814
      vertex -16 -19.9329 6.7663
      vertex 16 -19.9329 6.7663
    endloop
  endfacet
  facet normal 0 0.956952 -0.290245
    outer loop
      vertex -16 -19.9329 6.7663
      vertex 16 -20.3327 5.44814
      vertex -16 -20.3327 5.44814
    endloop
  endfacet
  facet normal 0 0.471434 -0.881902
    outer loop
      vertex -16 -10.525 18.2298
      vertex 16 -9.31018 18.8792
      vertex 16 -10.525 18.2298
    endloop
  endfacet
  facet normal 0 0.471434 -0.881902
    outer loop
      vertex 16 -9.31018 18.8792
      vertex -16 -10.525 18.2298
      vertex -16 -9.31018 18.8792
    endloop
  endfacet
  facet normal 0 -0.162907 -0.986641
    outer loop
      vertex -16 2.74758 20.8699
      vertex 16 4.10665 20.6455
      vertex 16 2.74758 20.8699
    endloop
  endfacet
  facet normal -0 -0.162907 -0.986641
    outer loop
      vertex 16 4.10665 20.6455
      vertex -16 2.74758 20.8699
      vertex -16 4.10665 20.6455
    endloop
  endfacet
  facet normal 0 -0.999463 -0.0327528
    outer loop
      vertex -16 21.0238 0.799999
      vertex 16 21.0049 1.37674
      vertex -16 21.0049 1.37674
    endloop
  endfacet
  facet normal 0 -0.999463 -0.0327528
    outer loop
      vertex 16 21.0049 1.37674
      vertex -16 21.0238 0.799999
      vertex 16 21.0238 0.799999
    endloop
  endfacet
  facet normal 0 -0.582481 -0.812845
    outer loop
      vertex -16 11.6948 17.5024
      vertex 16 12.8144 16.7001
      vertex 16 11.6948 17.5024
    endloop
  endfacet
  facet normal -0 -0.582481 -0.812845
    outer loop
      vertex 16 12.8144 16.7001
      vertex -16 11.6948 17.5024
      vertex -16 12.8144 16.7001
    endloop
  endfacet
  facet normal 0 -0.683569 -0.729886
    outer loop
      vertex -16 13.8792 15.8262
      vertex 16 14.8846 14.8846
      vertex 16 13.8792 15.8262
    endloop
  endfacet
  facet normal -0 -0.683569 -0.729886
    outer loop
      vertex 16 14.8846 14.8846
      vertex -16 13.8792 15.8262
      vertex -16 14.8846 14.8846
    endloop
  endfacet
  facet normal 0 0.683569 -0.729886
    outer loop
      vertex -16 -14.8846 14.8846
      vertex 16 -13.8792 15.8262
      vertex 16 -14.8846 14.8846
    endloop
  endfacet
  facet normal 0 0.683569 -0.729886
    outer loop
      vertex 16 -13.8792 15.8262
      vertex -16 -14.8846 14.8846
      vertex -16 -13.8792 15.8262
    endloop
  endfacet
  facet normal 0 -0.227082 -0.973876
    outer loop
      vertex -16 4.10665 20.6455
      vertex 16 5.44814 20.3327
      vertex 16 4.10665 20.6455
    endloop
  endfacet
  facet normal -0 -0.227082 -0.973876
    outer loop
      vertex 16 5.44814 20.3327
      vertex -16 4.10665 20.6455
      vertex -16 5.44814 20.3327
    endloop
  endfacet
  facet normal 0 0.812845 -0.582481
    outer loop
      vertex 16 -17.5024 11.6948
      vertex -16 -16.7001 12.8144
      vertex 16 -16.7001 12.8144
    endloop
  endfacet
  facet normal 0 0.812845 -0.582481
    outer loop
      vertex -16 -16.7001 12.8144
      vertex 16 -17.5024 11.6948
      vertex -16 -17.5024 11.6948
    endloop
  endfacet
  facet normal 0 -0.0980057 -0.995186
    outer loop
      vertex -16 1.37674 21.0049
      vertex 16 2.74758 20.8699
      vertex 16 1.37674 21.0049
    endloop
  endfacet
  facet normal -0 -0.0980057 -0.995186
    outer loop
      vertex 16 2.74758 20.8699
      vertex -16 1.37674 21.0049
      vertex -16 2.74758 20.8699
    endloop
  endfacet
  facet normal 0 -0.032741 -0.999464
    outer loop
      vertex -16 0 21.05
      vertex 16 1.37674 21.0049
      vertex 16 0 21.05
    endloop
  endfacet
  facet normal -0 -0.032741 -0.999464
    outer loop
      vertex 16 1.37674 21.0049
      vertex -16 0 21.05
      vertex -16 1.37674 21.0049
    endloop
  endfacet
  facet normal 0 0.849211 -0.528053
    outer loop
      vertex 16 -18.2298 10.525
      vertex -16 -17.5024 11.6948
      vertex 16 -17.5024 11.6948
    endloop
  endfacet
  facet normal 0 0.849211 -0.528053
    outer loop
      vertex -16 -17.5024 11.6948
      vertex 16 -18.2298 10.525
      vertex -16 -18.2298 10.525
    endloop
  endfacet
  facet normal 0 0.910862 -0.412711
    outer loop
      vertex 16 -19.4477 8.05549
      vertex -16 -18.8792 9.31018
      vertex 16 -18.8792 9.31018
    endloop
  endfacet
  facet normal 0 0.910862 -0.412711
    outer loop
      vertex -16 -18.8792 9.31018
      vertex 16 -19.4477 8.05549
      vertex -16 -19.4477 8.05549
    endloop
  endfacet
  facet normal 0 -0.881902 -0.471434
    outer loop
      vertex -16 18.8792 9.31018
      vertex 16 18.2298 10.525
      vertex -16 18.2298 10.525
    endloop
  endfacet
  facet normal 0 -0.881902 -0.471434
    outer loop
      vertex 16 18.2298 10.525
      vertex -16 18.8792 9.31018
      vertex 16 18.8792 9.31018
    endloop
  endfacet
  facet normal 0 0 -1
    outer loop
      vertex 6.48608 -40.6249 0.799999
      vertex 12 -53.05 0.799999
      vertex 6.5 -41.05 0.799999
    endloop
  endfacet
  facet normal 0 0 -1
    outer loop
      vertex 12 -53.05 0.799999
      vertex 6.48608 -41.4751 0.799999
      vertex 6.5 -41.05 0.799999
    endloop
  endfacet
  facet normal 0 0 -1
    outer loop
      vertex 12 -53.05 0.799999
      vertex 6.44439 -41.8984 0.799999
      vertex 6.48608 -41.4751 0.799999
    endloop
  endfacet
  facet normal 0 0 -1
    outer loop
      vertex 12 -53.05 0.799999
      vertex 6.3751 -42.3181 0.799999
      vertex 6.44439 -41.8984 0.799999
    endloop
  endfacet
  facet normal 0 0 -1
    outer loop
      vertex 12 -53.05 0.799999
      vertex 6.27852 -42.7323 0.799999
      vertex 6.3751 -42.3181 0.799999
    endloop
  endfacet
  facet normal 0 0 -1
    outer loop
      vertex 12 -53.05 0.799999
      vertex 6.15505 -43.1394 0.799999
      vertex 6.27852 -42.7323 0.799999
    endloop
  endfacet
  facet normal 0 0 -1
    outer loop
      vertex 12 -53.05 0.799999
      vertex 6.00522 -43.5374 0.799999
      vertex 6.15505 -43.1394 0.799999
    endloop
  endfacet
  facet normal 0 0 -1
    outer loop
      vertex 12 -53.05 0.799999
      vertex 5.82967 -43.9249 0.799999
      vertex 6.00522 -43.5374 0.799999
    endloop
  endfacet
  facet normal 0 0 -1
    outer loop
      vertex 12 -53.05 0.799999
      vertex 5.62916 -44.3 0.799999
      vertex 5.82967 -43.9249 0.799999
    endloop
  endfacet
  facet normal 0 0 -1
    outer loop
      vertex 12 -53.05 0.799999
      vertex 5.40455 -44.6612 0.799999
      vertex 5.62916 -44.3 0.799999
    endloop
  endfacet
  facet normal 0 0 -1
    outer loop
      vertex 12 -53.05 0.799999
      vertex 5.1568 -45.007 0.799999
      vertex 5.40455 -44.6612 0.799999
    endloop
  endfacet
  facet normal 0 0 -1
    outer loop
      vertex 12 -53.05 0.799999
      vertex 4.88696 -45.3357 0.799999
      vertex 5.1568 -45.007 0.799999
    endloop
  endfacet
  facet normal 0 0 -1
    outer loop
      vertex 12 -53.05 0.799999
      vertex 4.59619 -45.6462 0.799999
      vertex 4.88696 -45.3357 0.799999
    endloop
  endfacet
  facet normal 0 0 -1
    outer loop
      vertex 12 -53.05 0.799999
      vertex 4.28575 -45.937 0.799999
      vertex 4.59619 -45.6462 0.799999
    endloop
  endfacet
  facet normal 0 0 -1
    outer loop
      vertex 12 -53.05 0.799999
      vertex 3.95695 -46.2068 0.799999
      vertex 4.28575 -45.937 0.799999
    endloop
  endfacet
  facet normal 0 0 -1
    outer loop
      vertex 12 -53.05 0.799999
      vertex 3.61121 -46.4546 0.799999
      vertex 3.95695 -46.2068 0.799999
    endloop
  endfacet
  facet normal 0 0 -1
    outer loop
      vertex 12 -53.05 0.799999
      vertex 3.25 -46.6792 0.799999
      vertex 3.61121 -46.4546 0.799999
    endloop
  endfacet
  facet normal 0 0 -1
    outer loop
      vertex 12 -53.05 0.799999
      vertex 2.87488 -46.8797 0.799999
      vertex 3.25 -46.6792 0.799999
    endloop
  endfacet
  facet normal 0 0 -1
    outer loop
      vertex 12 -53.05 0.799999
      vertex 2.48744 -47.0552 0.799999
      vertex 2.87488 -46.8797 0.799999
    endloop
  endfacet
  facet normal 0 0 -1
    outer loop
      vertex 12 -53.05 0.799999
      vertex 2.08936 -47.205 0.799999
      vertex 2.48744 -47.0552 0.799999
    endloop
  endfacet
  facet normal 0 0 -1
    outer loop
      vertex 12 -53.05 0.799999
      vertex 1.68232 -47.3285 0.799999
      vertex 2.08936 -47.205 0.799999
    endloop
  endfacet
  facet normal 0 0 -1
    outer loop
      vertex 12 -53.05 0.799999
      vertex 1.26809 -47.4251 0.799999
      vertex 1.68232 -47.3285 0.799999
    endloop
  endfacet
  facet normal 0 0 -1
    outer loop
      vertex 12 -53.05 0.799999
      vertex 0.84842 -47.4944 0.799999
      vertex 1.26809 -47.4251 0.799999
    endloop
  endfacet
  facet normal 0 0 -1
    outer loop
      vertex 12 -53.05 0.799999
      vertex 0.425119 -47.5361 0.799999
      vertex 0.84842 -47.4944 0.799999
    endloop
  endfacet
  facet normal 0 0 -1
    outer loop
      vertex 12 -53.05 0.799999
      vertex 0 -47.55 0.799999
      vertex 0.425119 -47.5361 0.799999
    endloop
  endfacet
  facet normal 0 0 -1
    outer loop
      vertex -12 -53.05 0.799999
      vertex 0 -47.55 0.799999
      vertex 12 -53.05 0.799999
    endloop
  endfacet
  facet normal -0 0 -1
    outer loop
      vertex 0 -47.55 0.799999
      vertex -12 -53.05 0.799999
      vertex -0.425119 -47.5361 0.799999
    endloop
  endfacet
  facet normal -0 0 -1
    outer loop
      vertex -0.425119 -47.5361 0.799999
      vertex -12 -53.05 0.799999
      vertex -0.84842 -47.4944 0.799999
    endloop
  endfacet
  facet normal -0 0 -1
    outer loop
      vertex -0.84842 -47.4944 0.799999
      vertex -12 -53.05 0.799999
      vertex -1.26809 -47.4251 0.799999
    endloop
  endfacet
  facet normal -0 0 -1
    outer loop
      vertex -1.26809 -47.4251 0.799999
      vertex -12 -53.05 0.799999
      vertex -1.68232 -47.3285 0.799999
    endloop
  endfacet
  facet normal -0 0 -1
    outer loop
      vertex -1.68232 -47.3285 0.799999
      vertex -12 -53.05 0.799999
      vertex -2.08936 -47.205 0.799999
    endloop
  endfacet
  facet normal -0 0 -1
    outer loop
      vertex -6.48608 -41.4751 0.799999
      vertex -12 -53.05 0.799999
      vertex -6.5 -41.05 0.799999
    endloop
  endfacet
  facet normal -0 0 -1
    outer loop
      vertex -6.44439 -41.8984 0.799999
      vertex -12 -53.05 0.799999
      vertex -6.48608 -41.4751 0.799999
    endloop
  endfacet
  facet normal -0 0 -1
    outer loop
      vertex -6.3751 -42.3181 0.799999
      vertex -12 -53.05 0.799999
      vertex -6.44439 -41.8984 0.799999
    endloop
  endfacet
  facet normal -0 0 -1
    outer loop
      vertex -6.27852 -42.7323 0.799999
      vertex -12 -53.05 0.799999
      vertex -6.3751 -42.3181 0.799999
    endloop
  endfacet
  facet normal -0 0 -1
    outer loop
      vertex -6.15505 -43.1394 0.799999
      vertex -12 -53.05 0.799999
      vertex -6.27852 -42.7323 0.799999
    endloop
  endfacet
  facet normal -0 0 -1
    outer loop
      vertex -6.00522 -43.5374 0.799999
      vertex -12 -53.05 0.799999
      vertex -6.15505 -43.1394 0.799999
    endloop
  endfacet
  facet normal -0 0 -1
    outer loop
      vertex -5.82967 -43.9249 0.799999
      vertex -12 -53.05 0.799999
      vertex -6.00522 -43.5374 0.799999
    endloop
  endfacet
  facet normal -0 0 -1
    outer loop
      vertex -5.62916 -44.3 0.799999
      vertex -12 -53.05 0.799999
      vertex -5.82967 -43.9249 0.799999
    endloop
  endfacet
  facet normal -0 0 -1
    outer loop
      vertex -5.40455 -44.6612 0.799999
      vertex -12 -53.05 0.799999
      vertex -5.62916 -44.3 0.799999
    endloop
  endfacet
  facet normal -0 0 -1
    outer loop
      vertex -5.1568 -45.007 0.799999
      vertex -12 -53.05 0.799999
      vertex -5.40455 -44.6612 0.799999
    endloop
  endfacet
  facet normal -0 0 -1
    outer loop
      vertex -4.88696 -45.3357 0.799999
      vertex -12 -53.05 0.799999
      vertex -5.1568 -45.007 0.799999
    endloop
  endfacet
  facet normal -0 0 -1
    outer loop
      vertex -4.59619 -45.6462 0.799999
      vertex -12 -53.05 0.799999
      vertex -4.88696 -45.3357 0.799999
    endloop
  endfacet
  facet normal -0 0 -1
    outer loop
      vertex -4.28575 -45.937 0.799999
      vertex -12 -53.05 0.799999
      vertex -4.59619 -45.6462 0.799999
    endloop
  endfacet
  facet normal -0 0 -1
    outer loop
      vertex -3.95695 -46.2068 0.799999
      vertex -12 -53.05 0.799999
      vertex -4.28575 -45.937 0.799999
    endloop
  endfacet
  facet normal -0 0 -1
    outer loop
      vertex -3.61121 -46.4546 0.799999
      vertex -12 -53.05 0.799999
      vertex -3.95695 -46.2068 0.799999
    endloop
  endfacet
  facet normal -0 0 -1
    outer loop
      vertex -3.25 -46.6792 0.799999
      vertex -12 -53.05 0.799999
      vertex -3.61121 -46.4546 0.799999
    endloop
  endfacet
  facet normal -0 0 -1
    outer loop
      vertex -2.87488 -46.8797 0.799999
      vertex -12 -53.05 0.799999
      vertex -3.25 -46.6792 0.799999
    endloop
  endfacet
  facet normal -0 0 -1
    outer loop
      vertex -2.48744 -47.0552 0.799999
      vertex -12 -53.05 0.799999
      vertex -2.87488 -46.8797 0.799999
    endloop
  endfacet
  facet normal -0 0 -1
    outer loop
      vertex -2.08936 -47.205 0.799999
      vertex -12 -53.05 0.799999
      vertex -2.48744 -47.0552 0.799999
    endloop
  endfacet
  facet normal 0 0 -1
    outer loop
      vertex 12 -27.0238 0.799999
      vertex 16 -21.0238 0.799999
      vertex 16 -27.0238 0.799999
    endloop
  endfacet
  facet normal 0 0 -1
    outer loop
      vertex 12 -53.05 0.799999
      vertex 6.48608 -40.6249 0.799999
      vertex 12 -27.0238 0.799999
    endloop
  endfacet
  facet normal 0 0 -1
    outer loop
      vertex 6.44439 -40.2016 0.799999
      vertex 12 -27.0238 0.799999
      vertex 6.48608 -40.6249 0.799999
    endloop
  endfacet
  facet normal 0 0 -1
    outer loop
      vertex 6.3751 -39.7819 0.799999
      vertex 12 -27.0238 0.799999
      vertex 6.44439 -40.2016 0.799999
    endloop
  endfacet
  facet normal 0 0 -1
    outer loop
      vertex 6.27852 -39.3677 0.799999
      vertex 12 -27.0238 0.799999
      vertex 6.3751 -39.7819 0.799999
    endloop
  endfacet
  facet normal 0 0 -1
    outer loop
      vertex 6.15505 -38.9606 0.799999
      vertex 12 -27.0238 0.799999
      vertex 6.27852 -39.3677 0.799999
    endloop
  endfacet
  facet normal 0 0 -1
    outer loop
      vertex 6.00522 -38.5626 0.799999
      vertex 12 -27.0238 0.799999
      vertex 6.15505 -38.9606 0.799999
    endloop
  endfacet
  facet normal 0 0 -1
    outer loop
      vertex 5.82967 -38.1751 0.799999
      vertex 12 -27.0238 0.799999
      vertex 6.00522 -38.5626 0.799999
    endloop
  endfacet
  facet normal 0 0 -1
    outer loop
      vertex 5.62916 -37.8 0.799999
      vertex 12 -27.0238 0.799999
      vertex 5.82967 -38.1751 0.799999
    endloop
  endfacet
  facet normal 0 0 -1
    outer loop
      vertex 5.40455 -37.4388 0.799999
      vertex 12 -27.0238 0.799999
      vertex 5.62916 -37.8 0.799999
    endloop
  endfacet
  facet normal 0 0 -1
    outer loop
      vertex 5.1568 -37.093 0.799999
      vertex 12 -27.0238 0.799999
      vertex 5.40455 -37.4388 0.799999
    endloop
  endfacet
  facet normal 0 0 -1
    outer loop
      vertex 4.88696 -36.7643 0.799999
      vertex 12 -27.0238 0.799999
      vertex 5.1568 -37.093 0.799999
    endloop
  endfacet
  facet normal 0 0 -1
    outer loop
      vertex 4.59619 -36.4538 0.799999
      vertex 12 -27.0238 0.799999
      vertex 4.88696 -36.7643 0.799999
    endloop
  endfacet
  facet normal 0 0 -1
    outer loop
      vertex 4.28575 -36.163 0.799999
      vertex 12 -27.0238 0.799999
      vertex 4.59619 -36.4538 0.799999
    endloop
  endfacet
  facet normal 0 0 -1
    outer loop
      vertex 3.95695 -35.8932 0.799999
      vertex 12 -27.0238 0.799999
      vertex 4.28575 -36.163 0.799999
    endloop
  endfacet
  facet normal 0 0 -1
    outer loop
      vertex 3.61121 -35.6454 0.799999
      vertex 12 -27.0238 0.799999
      vertex 3.95695 -35.8932 0.799999
    endloop
  endfacet
  facet normal 0 0 -1
    outer loop
      vertex 3.25 -35.4208 0.799999
      vertex 12 -27.0238 0.799999
      vertex 3.61121 -35.6454 0.799999
    endloop
  endfacet
  facet normal 0 0 -1
    outer loop
      vertex 2.87488 -35.2203 0.799999
      vertex 12 -27.0238 0.799999
      vertex 3.25 -35.4208 0.799999
    endloop
  endfacet
  facet normal 0 0 -1
    outer loop
      vertex 2.48744 -35.0448 0.799999
      vertex 12 -27.0238 0.799999
      vertex 2.87488 -35.2203 0.799999
    endloop
  endfacet
  facet normal 0 0 -1
    outer loop
      vertex 2.08936 -34.895 0.799999
      vertex 12 -27.0238 0.799999
      vertex 2.48744 -35.0448 0.799999
    endloop
  endfacet
  facet normal 0 0 -1
    outer loop
      vertex 1.68232 -34.7715 0.799999
      vertex 12 -27.0238 0.799999
      vertex 2.08936 -34.895 0.799999
    endloop
  endfacet
  facet normal 0 0 -1
    outer loop
      vertex 1.26809 -34.6749 0.799999
      vertex 12 -27.0238 0.799999
      vertex 1.68232 -34.7715 0.799999
    endloop
  endfacet
  facet normal 0 0 -1
    outer loop
      vertex 0.84842 -34.6056 0.799999
      vertex 12 -27.0238 0.799999
      vertex 1.26809 -34.6749 0.799999
    endloop
  endfacet
  facet normal 0 0 -1
    outer loop
      vertex 0.425119 -34.5639 0.799999
      vertex 12 -27.0238 0.799999
      vertex 0.84842 -34.6056 0.799999
    endloop
  endfacet
  facet normal 0 0 -1
    outer loop
      vertex 0 -34.55 0.799999
      vertex 12 -27.0238 0.799999
      vertex 0.425119 -34.5639 0.799999
    endloop
  endfacet
  facet normal -0 0 -1
    outer loop
      vertex 12 -27.0238 0.799999
      vertex 0 -34.55 0.799999
      vertex -12 -27.0238 0.799999
    endloop
  endfacet
  facet normal 0 0 -1
    outer loop
      vertex -12 -27.0238 0.799999
      vertex 0 -34.55 0.799999
      vertex -0.425119 -34.5639 0.799999
    endloop
  endfacet
  facet normal 0 0 -1
    outer loop
      vertex -12 -27.0238 0.799999
      vertex -0.425119 -34.5639 0.799999
      vertex -0.84842 -34.6056 0.799999
    endloop
  endfacet
  facet normal 0 0 -1
    outer loop
      vertex -12 -27.0238 0.799999
      vertex -0.84842 -34.6056 0.799999
      vertex -1.26809 -34.6749 0.799999
    endloop
  endfacet
  facet normal 0 0 -1
    outer loop
      vertex -12 -27.0238 0.799999
      vertex -1.26809 -34.6749 0.799999
      vertex -1.68232 -34.7715 0.799999
    endloop
  endfacet
  facet normal 0 0 -1
    outer loop
      vertex -12 -27.0238 0.799999
      vertex -1.68232 -34.7715 0.799999
      vertex -2.08936 -34.895 0.799999
    endloop
  endfacet
  facet normal 0 0 -1
    outer loop
      vertex -12 -27.0238 0.799999
      vertex -2.08936 -34.895 0.799999
      vertex -2.48744 -35.0448 0.799999
    endloop
  endfacet
  facet normal 0 0 -1
    outer loop
      vertex -12 -27.0238 0.799999
      vertex -2.48744 -35.0448 0.799999
      vertex -2.87488 -35.2203 0.799999
    endloop
  endfacet
  facet normal 0 0 -1
    outer loop
      vertex -12 -27.0238 0.799999
      vertex -2.87488 -35.2203 0.799999
      vertex -3.25 -35.4208 0.799999
    endloop
  endfacet
  facet normal 0 0 -1
    outer loop
      vertex -12 -27.0238 0.799999
      vertex -3.25 -35.4208 0.799999
      vertex -3.61121 -35.6454 0.799999
    endloop
  endfacet
  facet normal 0 0 -1
    outer loop
      vertex -12 -27.0238 0.799999
      vertex -3.61121 -35.6454 0.799999
      vertex -3.95695 -35.8932 0.799999
    endloop
  endfacet
  facet normal 0 0 -1
    outer loop
      vertex -12 -53.05 0.799999
      vertex -6.48608 -40.6249 0.799999
      vertex -6.5 -41.05 0.799999
    endloop
  endfacet
  facet normal 0 0 -1
    outer loop
      vertex -12 -27.0238 0.799999
      vertex -6.48608 -40.6249 0.799999
      vertex -12 -53.05 0.799999
    endloop
  endfacet
  facet normal 0 0 -1
    outer loop
      vertex -6.48608 -40.6249 0.799999
      vertex -12 -27.0238 0.799999
      vertex -6.44439 -40.2016 0.799999
    endloop
  endfacet
  facet normal 0 0 -1
    outer loop
      vertex -6.44439 -40.2016 0.799999
      vertex -12 -27.0238 0.799999
      vertex -6.3751 -39.7819 0.799999
    endloop
  endfacet
  facet normal 0 0 -1
    outer loop
      vertex -6.3751 -39.7819 0.799999
      vertex -12 -27.0238 0.799999
      vertex -6.27852 -39.3677 0.799999
    endloop
  endfacet
  facet normal 0 0 -1
    outer loop
      vertex -6.27852 -39.3677 0.799999
      vertex -12 -27.0238 0.799999
      vertex -6.15505 -38.9606 0.799999
    endloop
  endfacet
  facet normal 0 0 -1
    outer loop
      vertex -6.15505 -38.9606 0.799999
      vertex -12 -27.0238 0.799999
      vertex -6.00522 -38.5626 0.799999
    endloop
  endfacet
  facet normal 0 0 -1
    outer loop
      vertex -12 -27.0238 0.799999
      vertex -5.82967 -38.1751 0.799999
      vertex -6.00522 -38.5626 0.799999
    endloop
  endfacet
  facet normal 0 0 -1
    outer loop
      vertex -12 -27.0238 0.799999
      vertex -5.62916 -37.8 0.799999
      vertex -5.82967 -38.1751 0.799999
    endloop
  endfacet
  facet normal 0 0 -1
    outer loop
      vertex -12 -27.0238 0.799999
      vertex -5.40455 -37.4388 0.799999
      vertex -5.62916 -37.8 0.799999
    endloop
  endfacet
  facet normal 0 0 -1
    outer loop
      vertex -12 -27.0238 0.799999
      vertex -5.1568 -37.093 0.799999
      vertex -5.40455 -37.4388 0.799999
    endloop
  endfacet
  facet normal 0 0 -1
    outer loop
      vertex -12 -27.0238 0.799999
      vertex -4.88696 -36.7643 0.799999
      vertex -5.1568 -37.093 0.799999
    endloop
  endfacet
  facet normal 0 0 -1
    outer loop
      vertex -12 -27.0238 0.799999
      vertex -4.59619 -36.4538 0.799999
      vertex -4.88696 -36.7643 0.799999
    endloop
  endfacet
  facet normal 0 0 -1
    outer loop
      vertex -12 -27.0238 0.799999
      vertex -4.28575 -36.163 0.799999
      vertex -4.59619 -36.4538 0.799999
    endloop
  endfacet
  facet normal 0 0 -1
    outer loop
      vertex -12 -27.0238 0.799999
      vertex -3.95695 -35.8932 0.799999
      vertex -4.28575 -36.163 0.799999
    endloop
  endfacet
  facet normal 0 0 -1
    outer loop
      vertex 12 -27.0238 0.799999
      vertex -12 -27.0238 0.799999
      vertex 16 -21.0238 0.799999
    endloop
  endfacet
  facet normal 0 0 -1
    outer loop
      vertex -16 -21.0238 0.799999
      vertex -12 -27.0238 0.799999
      vertex -16 -27.0238 0.799999
    endloop
  endfacet
  facet normal 0 0 -1
    outer loop
      vertex -12 -27.0238 0.799999
      vertex -16 -21.0238 0.799999
      vertex 16 -21.0238 0.799999
    endloop
  endfacet
  facet normal 0 0 -1
    outer loop
      vertex 16 21.0238 0.799999
      vertex 6 25.05 0.799999
      vertex 16 27.0238 0.799999
    endloop
  endfacet
  facet normal 0 0 -1
    outer loop
      vertex 16 21.0238 0.799999
      vertex -6 25.05 0.799999
      vertex 6 25.05 0.799999
    endloop
  endfacet
  facet normal 0 0 -1
    outer loop
      vertex -16 21.0238 0.799999
      vertex -6 25.05 0.799999
      vertex 16 21.0238 0.799999
    endloop
  endfacet
  facet normal 0 0 -1
    outer loop
      vertex -16 27.0238 0.799999
      vertex -6 25.05 0.799999
      vertex -16 21.0238 0.799999
    endloop
  endfacet
  facet normal 0 0 -1
    outer loop
      vertex -6 25.05 0.799999
      vertex -16 27.0238 0.799999
      vertex -6 27.0238 0.799999
    endloop
  endfacet
  facet normal -0 0 -1
    outer loop
      vertex 16 27.0238 0.799999
      vertex 6 25.05 0.799999
      vertex 6 27.0238 0.799999
    endloop
  endfacet
  facet normal 0 0.935885 0.352305
    outer loop
      vertex 6 39.2581 1.76792
      vertex -6 39.1313 2.10476
      vertex 6 39.1313 2.10476
    endloop
  endfacet
  facet normal 0 0.935885 0.352305
    outer loop
      vertex -6 39.1313 2.10476
      vertex 6 39.2581 1.76792
      vertex -6 39.2581 1.76792
    endloop
  endfacet
  facet normal 0 -0.812766 -0.582591
    outer loop
      vertex -6 29.6866 -3.34819
      vertex 6 29.4769 -3.05564
      vertex -6 29.4769 -3.05564
    endloop
  endfacet
  facet normal 0 -0.812766 -0.582591
    outer loop
      vertex 6 29.4769 -3.05564
      vertex -6 29.6866 -3.34819
      vertex 6 29.6866 -3.34819
    endloop
  endfacet
  facet normal 0 0.032732 -0.999464
    outer loop
      vertex -6 34.05 -5.5
      vertex 6 34.4097 -5.48822
      vertex 6 34.05 -5.5
    endloop
  endfacet
  facet normal 0 0.032732 -0.999464
    outer loop
      vertex 6 34.4097 -5.48822
      vertex -6 34.05 -5.5
      vertex -6 34.4097 -5.48822
    endloop
  endfacet
  facet normal 0 0.634405 -0.773001
    outer loop
      vertex -6 37.3982 -4.36344
      vertex 6 37.6764 -4.13512
      vertex 6 37.3982 -4.36344
    endloop
  endfacet
  facet normal 0 0.634405 -0.773001
    outer loop
      vertex 6 37.6764 -4.13512
      vertex -6 37.3982 -4.36344
      vertex -6 37.6764 -4.13512
    endloop
  endfacet
  facet normal -0 0.582415 0.812892
    outer loop
      vertex -6 37.3982 4.36344
      vertex 6 37.1056 4.57308
      vertex 6 37.3982 4.36344
    endloop
  endfacet
  facet normal 0 0.582415 0.812892
    outer loop
      vertex 6 37.1056 4.57308
      vertex -6 37.3982 4.36344
      vertex -6 37.1056 4.57308
    endloop
  endfacet
  facet normal 0 -0.986656 -0.162819
    outer loop
      vertex -6 28.6557 -1.073
      vertex 6 28.5971 -0.717894
      vertex -6 28.5971 -0.717894
    endloop
  endfacet
  facet normal 0 -0.986656 -0.162819
    outer loop
      vertex 6 28.5971 -0.717894
      vertex -6 28.6557 -1.073
      vertex 6 28.6557 -1.073
    endloop
  endfacet
  facet normal 0 0.999462 0.032786
    outer loop
      vertex 6 39.55 0
      vertex -6 39.5382 0.359716
      vertex 6 39.5382 0.359716
    endloop
  endfacet
  facet normal 0 0.999462 0.032786
    outer loop
      vertex -6 39.5382 0.359716
      vertex 6 39.55 0
      vertex -6 39.55 0
    endloop
  endfacet
  facet normal 0 0.956924 -0.290339
    outer loop
      vertex 6 39.2581 -1.76792
      vertex -6 39.3626 -1.4235
      vertex 6 39.3626 -1.4235
    endloop
  endfacet
  facet normal 0 0.956924 -0.290339
    outer loop
      vertex -6 39.3626 -1.4235
      vertex 6 39.2581 -1.76792
      vertex -6 39.2581 -1.76792
    endloop
  endfacet
  facet normal -0 0.227089 0.973874
    outer loop
      vertex -6 35.4735 5.31259
      vertex 6 35.123 5.39432
      vertex 6 35.4735 5.31259
    endloop
  endfacet
  facet normal 0 0.227089 0.973874
    outer loop
      vertex 6 35.123 5.39432
      vertex -6 35.4735 5.31259
      vertex -6 35.123 5.39432
    endloop
  endfacet
  facet normal 0 0.729914 -0.683539
    outer loop
      vertex 6 37.9391 -3.88909
      vertex -6 38.1851 -3.6264
      vertex 6 38.1851 -3.6264
    endloop
  endfacet
  facet normal 0 0.729914 -0.683539
    outer loop
      vertex -6 38.1851 -3.6264
      vertex 6 37.9391 -3.88909
      vertex -6 37.9391 -3.88909
    endloop
  endfacet
  facet normal 0 -0.881874 -0.471485
    outer loop
      vertex -6 29.2869 -2.75
      vertex 6 29.1172 -2.43259
      vertex -6 29.1172 -2.43259
    endloop
  endfacet
  facet normal 0 -0.881874 -0.471485
    outer loop
      vertex 6 29.1172 -2.43259
      vertex -6 29.2869 -2.75
      vertex 6 29.2869 -2.75
    endloop
  endfacet
  facet normal 0 0.352201 -0.935924
    outer loop
      vertex -6 35.8179 -5.20812
      vertex 6 36.1548 -5.08134
      vertex 6 35.8179 -5.20812
    endloop
  endfacet
  facet normal 0 0.352201 -0.935924
    outer loop
      vertex 6 36.1548 -5.08134
      vertex -6 35.8179 -5.20812
      vertex -6 36.1548 -5.08134
    endloop
  endfacet
  facet normal -0 0.47141 0.881914
    outer loop
      vertex -6 36.8 4.76314
      vertex 6 36.4826 4.9328
      vertex 6 36.8 4.76314
    endloop
  endfacet
  facet normal 0 0.47141 0.881914
    outer loop
      vertex 6 36.4826 4.9328
      vertex -6 36.8 4.76314
      vertex -6 36.4826 4.9328
    endloop
  endfacet
  facet normal 0 -0.999462 -0.032786
    outer loop
      vertex -6 28.5618 -0.359716
      vertex 6 28.55 0
      vertex -6 28.55 0
    endloop
  endfacet
  facet normal 0 -0.999462 -0.032786
    outer loop
      vertex 6 28.55 0
      vertex -6 28.5618 -0.359716
      vertex 6 28.5618 -0.359716
    endloop
  endfacet
  facet normal 0 0.881874 -0.471485
    outer loop
      vertex 6 38.8131 -2.75
      vertex -6 38.9828 -2.43259
      vertex 6 38.9828 -2.43259
    endloop
  endfacet
  facet normal 0 0.881874 -0.471485
    outer loop
      vertex -6 38.9828 -2.43259
      vertex 6 38.8131 -2.75
      vertex -6 38.8131 -2.75
    endloop
  endfacet
  facet normal 0 -0.0979907 -0.995187
    outer loop
      vertex -6 33.3321 -5.45295
      vertex 6 33.6903 -5.48822
      vertex 6 33.3321 -5.45295
    endloop
  endfacet
  facet normal -0 -0.0979907 -0.995187
    outer loop
      vertex 6 33.6903 -5.48822
      vertex -6 33.3321 -5.45295
      vertex -6 33.6903 -5.48822
    endloop
  endfacet
  facet normal 0 0.999462 -0.032786
    outer loop
      vertex 6 39.5382 -0.359716
      vertex -6 39.55 0
      vertex 6 39.55 0
    endloop
  endfacet
  facet normal 0 0.999462 -0.032786
    outer loop
      vertex -6 39.55 0
      vertex 6 39.5382 -0.359716
      vertex -6 39.5382 -0.359716
    endloop
  endfacet
  facet normal 0 -0.290278 -0.956942
    outer loop
      vertex -6 32.2821 -5.20812
      vertex 6 32.6265 -5.31259
      vertex 6 32.2821 -5.20812
    endloop
  endfacet
  facet normal -0 -0.290278 -0.956942
    outer loop
      vertex 6 32.6265 -5.31259
      vertex -6 32.2821 -5.20812
      vertex -6 32.6265 -5.31259
    endloop
  endfacet
  facet normal 0 0.582415 -0.812892
    outer loop
      vertex -6 37.1056 -4.57308
      vertex 6 37.3982 -4.36344
      vertex 6 37.1056 -4.57308
    endloop
  endfacet
  facet normal 0 0.582415 -0.812892
    outer loop
      vertex 6 37.3982 -4.36344
      vertex -6 37.1056 -4.57308
      vertex -6 37.3982 -4.36344
    endloop
  endfacet
  facet normal 0 0.849276 -0.527949
    outer loop
      vertex 6 38.6231 -3.05564
      vertex -6 38.8131 -2.75
      vertex 6 38.8131 -2.75
    endloop
  endfacet
  facet normal 0 0.849276 -0.527949
    outer loop
      vertex -6 38.8131 -2.75
      vertex 6 38.6231 -3.05564
      vertex -6 38.6231 -3.05564
    endloop
  endfacet
  facet normal -0 0.68357 0.729885
    outer loop
      vertex -6 37.9391 3.88909
      vertex 6 37.6764 4.13512
      vertex 6 37.9391 3.88909
    endloop
  endfacet
  facet normal 0 0.68357 0.729885
    outer loop
      vertex 6 37.6764 4.13512
      vertex -6 37.9391 3.88909
      vertex -6 37.6764 4.13512
    endloop
  endfacet
  facet normal 0 0.729914 0.683539
    outer loop
      vertex 6 38.1851 3.6264
      vertex -6 37.9391 3.88909
      vertex 6 37.9391 3.88909
    endloop
  endfacet
  facet normal 0 0.729914 0.683539
    outer loop
      vertex -6 37.9391 3.88909
      vertex 6 38.1851 3.6264
      vertex -6 38.1851 3.6264
    endloop
  endfacet
  facet normal 0 0.0979907 -0.995187
    outer loop
      vertex -6 34.4097 -5.48822
      vertex 6 34.7679 -5.45295
      vertex 6 34.4097 -5.48822
    endloop
  endfacet
  facet normal 0 0.0979907 -0.995187
    outer loop
      vertex 6 34.7679 -5.45295
      vertex -6 34.4097 -5.48822
      vertex -6 34.7679 -5.45295
    endloop
  endfacet
  facet normal 0 0.849276 0.527949
    outer loop
      vertex 6 38.8131 2.75
      vertex -6 38.6231 3.05564
      vertex 6 38.6231 3.05564
    endloop
  endfacet
  facet normal 0 0.849276 0.527949
    outer loop
      vertex -6 38.6231 3.05564
      vertex 6 38.8131 2.75
      vertex -6 38.8131 2.75
    endloop
  endfacet
  facet normal 0 -0.849276 -0.527949
    outer loop
      vertex -6 29.4769 -3.05564
      vertex 6 29.2869 -2.75
      vertex -6 29.2869 -2.75
    endloop
  endfacet
  facet normal 0 -0.849276 -0.527949
    outer loop
      vertex 6 29.2869 -2.75
      vertex -6 29.4769 -3.05564
      vertex 6 29.4769 -3.05564
    endloop
  endfacet
  facet normal 0 0.910903 -0.41262
    outer loop
      vertex 6 38.9828 -2.43259
      vertex -6 39.1313 -2.10476
      vertex 6 39.1313 -2.10476
    endloop
  endfacet
  facet normal 0 0.910903 -0.41262
    outer loop
      vertex -6 39.1313 -2.10476
      vertex 6 38.9828 -2.43259
      vertex -6 38.9828 -2.43259
    endloop
  endfacet
  facet normal 0 0.227089 -0.973874
    outer loop
      vertex -6 35.123 -5.39432
      vertex 6 35.4735 -5.31259
      vertex 6 35.123 -5.39432
    endloop
  endfacet
  facet normal 0 0.227089 -0.973874
    outer loop
      vertex 6 35.4735 -5.31259
      vertex -6 35.123 -5.39432
      vertex -6 35.4735 -5.31259
    endloop
  endfacet
  facet normal 0 -0.162903 -0.986642
    outer loop
      vertex -6 32.977 -5.39432
      vertex 6 33.3321 -5.45295
      vertex 6 32.977 -5.39432
    endloop
  endfacet
  facet normal -0 -0.162903 -0.986642
    outer loop
      vertex 6 33.3321 -5.45295
      vertex -6 32.977 -5.39432
      vertex -6 33.3321 -5.45295
    endloop
  endfacet
  facet normal 0 -0.995179 -0.0980792
    outer loop
      vertex -6 28.5971 -0.717894
      vertex 6 28.5618 -0.359716
      vertex -6 28.5618 -0.359716
    endloop
  endfacet
  facet normal 0 -0.995179 -0.0980792
    outer loop
      vertex 6 28.5618 -0.359716
      vertex -6 28.5971 -0.717894
      vertex 6 28.5971 -0.717894
    endloop
  endfacet
  facet normal 0 0.528119 -0.84917
    outer loop
      vertex -6 36.8 -4.76314
      vertex 6 37.1056 -4.57308
      vertex 6 36.8 -4.76314
    endloop
  endfacet
  facet normal 0 0.528119 -0.84917
    outer loop
      vertex 6 37.1056 -4.57308
      vertex -6 36.8 -4.76314
      vertex -6 37.1056 -4.57308
    endloop
  endfacet
  facet normal 0 0.68357 -0.729885
    outer loop
      vertex -6 37.6764 -4.13512
      vertex 6 37.9391 -3.88909
      vertex 6 37.6764 -4.13512
    endloop
  endfacet
  facet normal 0 0.68357 -0.729885
    outer loop
      vertex 6 37.9391 -3.88909
      vertex -6 37.6764 -4.13512
      vertex -6 37.9391 -3.88909
    endloop
  endfacet
  facet normal 0 0.910903 0.41262
    outer loop
      vertex 6 39.1313 2.10476
      vertex -6 38.9828 2.43259
      vertex 6 38.9828 2.43259
    endloop
  endfacet
  facet normal 0 0.910903 0.41262
    outer loop
      vertex -6 38.9828 2.43259
      vertex 6 39.1313 2.10476
      vertex -6 39.1313 2.10476
    endloop
  endfacet
  facet normal 0 0.773039 -0.634358
    outer loop
      vertex 6 38.1851 -3.6264
      vertex -6 38.4134 -3.34819
      vertex 6 38.4134 -3.34819
    endloop
  endfacet
  facet normal 0 0.773039 -0.634358
    outer loop
      vertex -6 38.4134 -3.34819
      vertex 6 38.1851 -3.6264
      vertex -6 38.1851 -3.6264
    endloop
  endfacet
  facet normal 0 -0.47141 -0.881914
    outer loop
      vertex -6 31.3 -4.76314
      vertex 6 31.6174 -4.9328
      vertex 6 31.3 -4.76314
    endloop
  endfacet
  facet normal -0 -0.47141 -0.881914
    outer loop
      vertex 6 31.6174 -4.9328
      vertex -6 31.3 -4.76314
      vertex -6 31.6174 -4.9328
    endloop
  endfacet
  facet normal -0 0.634405 0.773001
    outer loop
      vertex -6 37.6764 4.13512
      vertex 6 37.3982 4.36344
      vertex 6 37.6764 4.13512
    endloop
  endfacet
  facet normal 0 0.634405 0.773001
    outer loop
      vertex 6 37.3982 4.36344
      vertex -6 37.6764 4.13512
      vertex -6 37.3982 4.36344
    endloop
  endfacet
  facet normal -0 0.290278 0.956942
    outer loop
      vertex -6 35.8179 5.20812
      vertex 6 35.4735 5.31259
      vertex 6 35.8179 5.20812
    endloop
  endfacet
  facet normal 0 0.290278 0.956942
    outer loop
      vertex 6 35.4735 5.31259
      vertex -6 35.8179 5.20812
      vertex -6 35.4735 5.31259
    endloop
  endfacet
  facet normal 0 -0.634405 -0.773001
    outer loop
      vertex -6 30.4236 -4.13512
      vertex 6 30.7018 -4.36344
      vertex 6 30.4236 -4.13512
    endloop
  endfacet
  facet normal -0 -0.634405 -0.773001
    outer loop
      vertex 6 30.7018 -4.36344
      vertex -6 30.4236 -4.13512
      vertex -6 30.7018 -4.36344
    endloop
  endfacet
  facet normal 0 -0.582415 -0.812892
    outer loop
      vertex -6 30.7018 -4.36344
      vertex 6 30.9944 -4.57308
      vertex 6 30.7018 -4.36344
    endloop
  endfacet
  facet normal -0 -0.582415 -0.812892
    outer loop
      vertex 6 30.9944 -4.57308
      vertex -6 30.7018 -4.36344
      vertex -6 30.9944 -4.57308
    endloop
  endfacet
  facet normal 0 0.290278 -0.956942
    outer loop
      vertex -6 35.4735 -5.31259
      vertex 6 35.8179 -5.20812
      vertex 6 35.4735 -5.31259
    endloop
  endfacet
  facet normal 0 0.290278 -0.956942
    outer loop
      vertex 6 35.8179 -5.20812
      vertex -6 35.4735 -5.31259
      vertex -6 35.8179 -5.20812
    endloop
  endfacet
  facet normal 0 -0.528119 -0.84917
    outer loop
      vertex -6 30.9944 -4.57308
      vertex 6 31.3 -4.76314
      vertex 6 30.9944 -4.57308
    endloop
  endfacet
  facet normal -0 -0.528119 -0.84917
    outer loop
      vertex 6 31.3 -4.76314
      vertex -6 30.9944 -4.57308
      vertex -6 31.3 -4.76314
    endloop
  endfacet
  facet normal 0 0.956924 0.290339
    outer loop
      vertex 6 39.3626 1.4235
      vertex -6 39.2581 1.76792
      vertex 6 39.2581 1.76792
    endloop
  endfacet
  facet normal 0 0.956924 0.290339
    outer loop
      vertex -6 39.2581 1.76792
      vertex 6 39.3626 1.4235
      vertex -6 39.3626 1.4235
    endloop
  endfacet
  facet normal 0 0.773039 0.634358
    outer loop
      vertex 6 38.4134 3.34819
      vertex -6 38.1851 3.6264
      vertex 6 38.1851 3.6264
    endloop
  endfacet
  facet normal 0 0.773039 0.634358
    outer loop
      vertex -6 38.1851 3.6264
      vertex 6 38.4134 3.34819
      vertex -6 38.4134 3.34819
    endloop
  endfacet
  facet normal 0 0.47141 -0.881914
    outer loop
      vertex -6 36.4826 -4.9328
      vertex 6 36.8 -4.76314
      vertex 6 36.4826 -4.9328
    endloop
  endfacet
  facet normal 0 0.47141 -0.881914
    outer loop
      vertex 6 36.8 -4.76314
      vertex -6 36.4826 -4.9328
      vertex -6 36.8 -4.76314
    endloop
  endfacet
  facet normal 0 -0.032732 -0.999464
    outer loop
      vertex -6 33.6903 -5.48822
      vertex 6 34.05 -5.5
      vertex 6 33.6903 -5.48822
    endloop
  endfacet
  facet normal -0 -0.032732 -0.999464
    outer loop
      vertex 6 34.05 -5.5
      vertex -6 33.6903 -5.48822
      vertex -6 34.05 -5.5
    endloop
  endfacet
  facet normal 0 0.995179 -0.0980792
    outer loop
      vertex 6 39.5029 -0.717894
      vertex -6 39.5382 -0.359716
      vertex 6 39.5382 -0.359716
    endloop
  endfacet
  facet normal 0 0.995179 -0.0980792
    outer loop
      vertex -6 39.5382 -0.359716
      vertex 6 39.5029 -0.717894
      vertex -6 39.5029 -0.717894
    endloop
  endfacet
  facet normal -0 0.162903 0.986642
    outer loop
      vertex -6 35.123 5.39432
      vertex 6 34.7679 5.45295
      vertex 6 35.123 5.39432
    endloop
  endfacet
  facet normal 0 0.162903 0.986642
    outer loop
      vertex 6 34.7679 5.45295
      vertex -6 35.123 5.39432
      vertex -6 34.7679 5.45295
    endloop
  endfacet
  facet normal 0 -0.935885 -0.352305
    outer loop
      vertex -6 28.9687 -2.10476
      vertex 6 28.8419 -1.76792
      vertex -6 28.8419 -1.76792
    endloop
  endfacet
  facet normal 0 -0.935885 -0.352305
    outer loop
      vertex 6 28.8419 -1.76792
      vertex -6 28.9687 -2.10476
      vertex 6 28.9687 -2.10476
    endloop
  endfacet
  facet normal -0 0.352201 0.935924
    outer loop
      vertex -6 36.1548 5.08134
      vertex 6 35.8179 5.20812
      vertex 6 36.1548 5.08134
    endloop
  endfacet
  facet normal 0 0.352201 0.935924
    outer loop
      vertex 6 35.8179 5.20812
      vertex -6 36.1548 5.08134
      vertex -6 35.8179 5.20812
    endloop
  endfacet
  facet normal 0 0.812766 -0.582591
    outer loop
      vertex 6 38.4134 -3.34819
      vertex -6 38.6231 -3.05564
      vertex 6 38.6231 -3.05564
    endloop
  endfacet
  facet normal 0 0.812766 -0.582591
    outer loop
      vertex -6 38.6231 -3.05564
      vertex 6 38.4134 -3.34819
      vertex -6 38.4134 -3.34819
    endloop
  endfacet
  facet normal 0 0.973892 0.22701
    outer loop
      vertex 6 39.4443 1.073
      vertex -6 39.3626 1.4235
      vertex 6 39.3626 1.4235
    endloop
  endfacet
  facet normal 0 0.973892 0.22701
    outer loop
      vertex -6 39.3626 1.4235
      vertex 6 39.4443 1.073
      vertex -6 39.4443 1.073
    endloop
  endfacet
  facet normal 0 -0.352201 -0.935924
    outer loop
      vertex -6 31.9452 -5.08134
      vertex 6 32.2821 -5.20812
      vertex 6 31.9452 -5.08134
    endloop
  endfacet
  facet normal -0 -0.352201 -0.935924
    outer loop
      vertex 6 32.2821 -5.20812
      vertex -6 31.9452 -5.08134
      vertex -6 32.2821 -5.20812
    endloop
  endfacet
  facet normal 0 0.986656 0.162819
    outer loop
      vertex 6 39.5029 0.717894
      vertex -6 39.4443 1.073
      vertex 6 39.4443 1.073
    endloop
  endfacet
  facet normal 0 0.986656 0.162819
    outer loop
      vertex -6 39.4443 1.073
      vertex 6 39.5029 0.717894
      vertex -6 39.5029 0.717894
    endloop
  endfacet
  facet normal 0 -0.412743 -0.910847
    outer loop
      vertex -6 31.6174 -4.9328
      vertex 6 31.9452 -5.08134
      vertex 6 31.6174 -4.9328
    endloop
  endfacet
  facet normal -0 -0.412743 -0.910847
    outer loop
      vertex 6 31.9452 -5.08134
      vertex -6 31.6174 -4.9328
      vertex -6 31.9452 -5.08134
    endloop
  endfacet
  facet normal 0 -0.910903 -0.41262
    outer loop
      vertex -6 29.1172 -2.43259
      vertex 6 28.9687 -2.10476
      vertex -6 28.9687 -2.10476
    endloop
  endfacet
  facet normal 0 -0.910903 -0.41262
    outer loop
      vertex 6 28.9687 -2.10476
      vertex -6 29.1172 -2.43259
      vertex 6 29.1172 -2.43259
    endloop
  endfacet
  facet normal 0 -0.227089 -0.973874
    outer loop
      vertex -6 32.6265 -5.31259
      vertex 6 32.977 -5.39432
      vertex 6 32.6265 -5.31259
    endloop
  endfacet
  facet normal -0 -0.227089 -0.973874
    outer loop
      vertex 6 32.977 -5.39432
      vertex -6 32.6265 -5.31259
      vertex -6 32.977 -5.39432
    endloop
  endfacet
  facet normal 0 0.986656 -0.162819
    outer loop
      vertex 6 39.4443 -1.073
      vertex -6 39.5029 -0.717894
      vertex 6 39.5029 -0.717894
    endloop
  endfacet
  facet normal 0 0.986656 -0.162819
    outer loop
      vertex -6 39.5029 -0.717894
      vertex 6 39.4443 -1.073
      vertex -6 39.4443 -1.073
    endloop
  endfacet
  facet normal 0 0.973892 -0.22701
    outer loop
      vertex 6 39.3626 -1.4235
      vertex -6 39.4443 -1.073
      vertex 6 39.4443 -1.073
    endloop
  endfacet
  facet normal 0 0.973892 -0.22701
    outer loop
      vertex -6 39.4443 -1.073
      vertex 6 39.3626 -1.4235
      vertex -6 39.3626 -1.4235
    endloop
  endfacet
  facet normal -0 0.528119 0.84917
    outer loop
      vertex -6 37.1056 4.57308
      vertex 6 36.8 4.76314
      vertex 6 37.1056 4.57308
    endloop
  endfacet
  facet normal 0 0.528119 0.84917
    outer loop
      vertex 6 36.8 4.76314
      vertex -6 37.1056 4.57308
      vertex -6 36.8 4.76314
    endloop
  endfacet
  facet normal 0 0.162903 -0.986642
    outer loop
      vertex -6 34.7679 -5.45295
      vertex 6 35.123 -5.39432
      vertex 6 34.7679 -5.45295
    endloop
  endfacet
  facet normal 0 0.162903 -0.986642
    outer loop
      vertex 6 35.123 -5.39432
      vertex -6 34.7679 -5.45295
      vertex -6 35.123 -5.39432
    endloop
  endfacet
  facet normal 0 0.812766 0.582591
    outer loop
      vertex 6 38.6231 3.05564
      vertex -6 38.4134 3.34819
      vertex 6 38.4134 3.34819
    endloop
  endfacet
  facet normal 0 0.812766 0.582591
    outer loop
      vertex -6 38.4134 3.34819
      vertex 6 38.6231 3.05564
      vertex -6 38.6231 3.05564
    endloop
  endfacet
  facet normal 0 0.412743 -0.910847
    outer loop
      vertex -6 36.1548 -5.08134
      vertex 6 36.4826 -4.9328
      vertex 6 36.1548 -5.08134
    endloop
  endfacet
  facet normal 0 0.412743 -0.910847
    outer loop
      vertex 6 36.4826 -4.9328
      vertex -6 36.1548 -5.08134
      vertex -6 36.4826 -4.9328
    endloop
  endfacet
  facet normal 0 0.995179 0.0980792
    outer loop
      vertex 6 39.5382 0.359716
      vertex -6 39.5029 0.717894
      vertex 6 39.5029 0.717894
    endloop
  endfacet
  facet normal 0 0.995179 0.0980792
    outer loop
      vertex -6 39.5029 0.717894
      vertex 6 39.5382 0.359716
      vertex -6 39.5382 0.359716
    endloop
  endfacet
  facet normal 0 -0.973892 -0.22701
    outer loop
      vertex -6 28.7374 -1.4235
      vertex 6 28.6557 -1.073
      vertex -6 28.6557 -1.073
    endloop
  endfacet
  facet normal 0 -0.973892 -0.22701
    outer loop
      vertex 6 28.6557 -1.073
      vertex -6 28.7374 -1.4235
      vertex 6 28.7374 -1.4235
    endloop
  endfacet
  facet normal 0 -0.729914 -0.683539
    outer loop
      vertex -6 30.1609 -3.88909
      vertex 6 29.9149 -3.6264
      vertex -6 29.9149 -3.6264
    endloop
  endfacet
  facet normal 0 -0.729914 -0.683539
    outer loop
      vertex 6 29.9149 -3.6264
      vertex -6 30.1609 -3.88909
      vertex 6 30.1609 -3.88909
    endloop
  endfacet
  facet normal 0 -0.773039 -0.634358
    outer loop
      vertex -6 29.9149 -3.6264
      vertex 6 29.6866 -3.34819
      vertex -6 29.6866 -3.34819
    endloop
  endfacet
  facet normal 0 -0.773039 -0.634358
    outer loop
      vertex 6 29.6866 -3.34819
      vertex -6 29.9149 -3.6264
      vertex 6 29.9149 -3.6264
    endloop
  endfacet
  facet normal 0 -0.956924 -0.290339
    outer loop
      vertex -6 28.8419 -1.76792
      vertex 6 28.7374 -1.4235
      vertex -6 28.7374 -1.4235
    endloop
  endfacet
  facet normal 0 -0.956924 -0.290339
    outer loop
      vertex 6 28.7374 -1.4235
      vertex -6 28.8419 -1.76792
      vertex 6 28.8419 -1.76792
    endloop
  endfacet
  facet normal 0 0.935885 -0.352305
    outer loop
      vertex 6 39.1313 -2.10476
      vertex -6 39.2581 -1.76792
      vertex 6 39.2581 -1.76792
    endloop
  endfacet
  facet normal 0 0.935885 -0.352305
    outer loop
      vertex -6 39.2581 -1.76792
      vertex 6 39.1313 -2.10476
      vertex -6 39.1313 -2.10476
    endloop
  endfacet
  facet normal -0 0.0979907 0.995187
    outer loop
      vertex -6 34.7679 5.45295
      vertex 6 34.4097 5.48822
      vertex 6 34.7679 5.45295
    endloop
  endfacet
  facet normal 0 0.0979907 0.995187
    outer loop
      vertex 6 34.4097 5.48822
      vertex -6 34.7679 5.45295
      vertex -6 34.4097 5.48822
    endloop
  endfacet
  facet normal -0 0.032732 0.999464
    outer loop
      vertex -6 34.4097 5.48822
      vertex 6 34.05 5.5
      vertex 6 34.4097 5.48822
    endloop
  endfacet
  facet normal 0 0.032732 0.999464
    outer loop
      vertex 6 34.05 5.5
      vertex -6 34.4097 5.48822
      vertex -6 34.05 5.5
    endloop
  endfacet
  facet normal 1 0 0
    outer loop
      vertex 6 39.5382 0.359716
      vertex 6 36.7941 0.179858
      vertex 6 36.8 0
    endloop
  endfacet
  facet normal 1 0 0
    outer loop
      vertex 6 37.1056 4.57308
      vertex 6 36.7765 0.358947
      vertex 6 36.7941 0.179858
    endloop
  endfacet
  facet normal 1 0 0
    outer loop
      vertex 6 37.1056 4.57308
      vertex 6 36.7472 0.536498
      vertex 6 36.7765 0.358947
    endloop
  endfacet
  facet normal 1 0 0
    outer loop
      vertex 6 37.1056 4.57308
      vertex 6 36.7063 0.711752
      vertex 6 36.7472 0.536498
    endloop
  endfacet
  facet normal 1 0 0
    outer loop
      vertex 6 37.1056 4.57308
      vertex 6 36.6541 0.883958
      vertex 6 36.7063 0.711752
    endloop
  endfacet
  facet normal 1 0 0
    outer loop
      vertex 6 37.1056 4.57308
      vertex 6 36.5907 1.05238
      vertex 6 36.6541 0.883958
    endloop
  endfacet
  facet normal 1 0 0
    outer loop
      vertex 6 37.1056 4.57308
      vertex 6 36.5164 1.21629
      vertex 6 36.5907 1.05238
    endloop
  endfacet
  facet normal 1 0 0
    outer loop
      vertex 6 35.425 2.38157
      vertex 6 36.8 4.76314
      vertex 6 36.4826 4.9328
    endloop
  endfacet
  facet normal 1 0 0
    outer loop
      vertex 6 37.1056 4.57308
      vertex 6 36.4316 1.375
      vertex 6 36.5164 1.21629
    endloop
  endfacet
  facet normal 1 0 0
    outer loop
      vertex 6 37.1056 4.57308
      vertex 6 36.3365 1.52782
      vertex 6 36.4316 1.375
    endloop
  endfacet
  facet normal 1 0 0
    outer loop
      vertex 6 37.1056 4.57308
      vertex 6 36.2317 1.67409
      vertex 6 36.3365 1.52782
    endloop
  endfacet
  facet normal 1 0 0
    outer loop
      vertex 6 35.2663 2.4664
      vertex 6 36.4826 4.9328
      vertex 6 36.1548 5.08134
    endloop
  endfacet
  facet normal 1 0 0
    outer loop
      vertex 6 37.1056 4.57308
      vertex 6 36.1176 1.8132
      vertex 6 36.2317 1.67409
    endloop
  endfacet
  facet normal 1 0 0
    outer loop
      vertex 6 37.1056 4.57308
      vertex 6 35.9945 1.94454
      vertex 6 36.1176 1.8132
    endloop
  endfacet
  facet normal 1 0 0
    outer loop
      vertex 6 37.1056 4.57308
      vertex 6 35.8632 2.06756
      vertex 6 35.9945 1.94454
    endloop
  endfacet
  facet normal 1 0 0
    outer loop
      vertex 6 35.1024 2.54067
      vertex 6 36.1548 5.08134
      vertex 6 35.8179 5.20812
    endloop
  endfacet
  facet normal 1 0 0
    outer loop
      vertex 6 37.1056 4.57308
      vertex 6 35.7241 2.18172
      vertex 6 35.8632 2.06756
    endloop
  endfacet
  facet normal 1 0 0
    outer loop
      vertex 6 37.1056 4.57308
      vertex 6 35.5778 2.28654
      vertex 6 35.7241 2.18172
    endloop
  endfacet
  facet normal 1 0 0
    outer loop
      vertex 6 34.934 2.60406
      vertex 6 35.8179 5.20812
      vertex 6 35.4735 5.31259
    endloop
  endfacet
  facet normal 1 0 0
    outer loop
      vertex 6 36.8 4.76314
      vertex 6 35.425 2.38157
      vertex 6 35.5778 2.28654
    endloop
  endfacet
  facet normal 1 0 0
    outer loop
      vertex 6 36.4826 4.9328
      vertex 6 35.2663 2.4664
      vertex 6 35.425 2.38157
    endloop
  endfacet
  facet normal 1 0 0
    outer loop
      vertex 6 34.7618 2.6563
      vertex 6 35.4735 5.31259
      vertex 6 35.123 5.39432
    endloop
  endfacet
  facet normal 1 0 0
    outer loop
      vertex 6 36.1548 5.08134
      vertex 6 35.1024 2.54067
      vertex 6 35.2663 2.4664
    endloop
  endfacet
  facet normal 1 0 0
    outer loop
      vertex 6 35.8179 5.20812
      vertex 6 34.934 2.60406
      vertex 6 35.1024 2.54067
    endloop
  endfacet
  facet normal 1 0 0
    outer loop
      vertex 6 34.5865 2.69716
      vertex 6 35.123 5.39432
      vertex 6 34.7679 5.45295
    endloop
  endfacet
  facet normal 1 0 0
    outer loop
      vertex 6 35.4735 5.31259
      vertex 6 34.7618 2.6563
      vertex 6 34.934 2.60406
    endloop
  endfacet
  facet normal 1 0 0
    outer loop
      vertex 6 35.123 5.39432
      vertex 6 34.5865 2.69716
      vertex 6 34.7618 2.6563
    endloop
  endfacet
  facet normal 1 0 0
    outer loop
      vertex 6 34.4089 2.72647
      vertex 6 34.7679 5.45295
      vertex 6 34.4097 5.48822
    endloop
  endfacet
  facet normal 1 0 0
    outer loop
      vertex 6 34.7679 5.45295
      vertex 6 34.4089 2.72647
      vertex 6 34.5865 2.69716
    endloop
  endfacet
  facet normal 1 0 0
    outer loop
      vertex 6 34.4097 5.48822
      vertex 6 34.2299 2.74411
      vertex 6 34.4089 2.72647
    endloop
  endfacet
  facet normal 1 0 0
    outer loop
      vertex 6 34.05 5.5
      vertex 6 34.2299 2.74411
      vertex 6 34.4097 5.48822
    endloop
  endfacet
  facet normal 1 0 0
    outer loop
      vertex 6 34.05 5.5
      vertex 6 34.05 2.75
      vertex 6 34.2299 2.74411
    endloop
  endfacet
  facet normal 1 0 0
    outer loop
      vertex 6 34.05 5.5
      vertex 6 33.8701 2.74411
      vertex 6 34.05 2.75
    endloop
  endfacet
  facet normal 1 0 0
    outer loop
      vertex 6 34.05 5.5
      vertex 6 33.6911 2.72647
      vertex 6 33.8701 2.74411
    endloop
  endfacet
  facet normal 1 0 0
    outer loop
      vertex 6 34.05 5.5
      vertex 6 33.5135 2.69716
      vertex 6 33.6911 2.72647
    endloop
  endfacet
  facet normal 1 0 0
    outer loop
      vertex 6 34.05 5.5
      vertex 6 33.3382 2.6563
      vertex 6 33.5135 2.69716
    endloop
  endfacet
  facet normal 1 0 0
    outer loop
      vertex 6 34.05 5.5
      vertex 6 33.166 2.60406
      vertex 6 33.3382 2.6563
    endloop
  endfacet
  facet normal 1 0 0
    outer loop
      vertex 6 34.05 5.5
      vertex 6 32.9976 2.54067
      vertex 6 33.166 2.60406
    endloop
  endfacet
  facet normal 1 0 0
    outer loop
      vertex 6 34.05 5.5
      vertex 6 32.8337 2.4664
      vertex 6 32.9976 2.54067
    endloop
  endfacet
  facet normal 1 0 0
    outer loop
      vertex 6 34.05 5.5
      vertex 6 32.675 2.38157
      vertex 6 32.8337 2.4664
    endloop
  endfacet
  facet normal 1 0 0
    outer loop
      vertex 6 34.05 5.5
      vertex 6 32.5222 2.28654
      vertex 6 32.675 2.38157
    endloop
  endfacet
  facet normal 1 -0 0
    outer loop
      vertex 6 26.5302 5.27719
      vertex 6 32.5222 2.28654
      vertex 6 34.05 5.5
    endloop
  endfacet
  facet normal 1 0 0
    outer loop
      vertex 6 32.5222 2.28654
      vertex 6 26.5302 5.27719
      vertex 6 32.3759 2.18172
    endloop
  endfacet
  facet normal 1 -0 -0
    outer loop
      vertex 6 26.8186 3.53073
      vertex 6 32.3759 2.18172
      vertex 6 26.5302 5.27719
    endloop
  endfacet
  facet normal 1 0 0
    outer loop
      vertex 6 32.3759 2.18172
      vertex 6 26.8186 3.53073
      vertex 6 32.2368 2.06756
    endloop
  endfacet
  facet normal 1 0 0
    outer loop
      vertex 6 32.2368 2.06756
      vertex 6 26.8186 3.53073
      vertex 6 32.1055 1.94454
    endloop
  endfacet
  facet normal 1 0 0
    outer loop
      vertex 6 32.1055 1.94454
      vertex 6 26.8186 3.53073
      vertex 6 31.9824 1.8132
    endloop
  endfacet
  facet normal 1 0 0
    outer loop
      vertex 6 31.8683 1.67409
      vertex 6 26.8186 3.53073
      vertex 6 31.7635 1.52782
    endloop
  endfacet
  facet normal 1 0 0
    outer loop
      vertex 6 32.5222 -2.28654
      vertex 6 30.9944 -4.57308
      vertex 6 31.3 -4.76314
    endloop
  endfacet
  facet normal 1 0 0
    outer loop
      vertex 6 28.55 0
      vertex 6 31.3 0
      vertex 6 31.3059 0.179858
    endloop
  endfacet
  facet normal 1 0 0
    outer loop
      vertex 6 31.3059 -0.179858
      vertex 6 30.7018 -4.36344
      vertex 6 30.9944 -4.57308
    endloop
  endfacet
  facet normal 1 0 0
    outer loop
      vertex 6 28.55 0
      vertex 6 31.3059 0.179858
      vertex 6 31.3235 0.358947
    endloop
  endfacet
  facet normal 1 0 0
    outer loop
      vertex 6 31.3059 -0.179858
      vertex 6 30.4236 -4.13512
      vertex 6 30.7018 -4.36344
    endloop
  endfacet
  facet normal 1 0 0
    outer loop
      vertex 6 28.55 0
      vertex 6 31.3235 0.358947
      vertex 6 31.3528 0.536498
    endloop
  endfacet
  facet normal 1 0 0
    outer loop
      vertex 6 31.3059 -0.179858
      vertex 6 30.1609 -3.88909
      vertex 6 30.4236 -4.13512
    endloop
  endfacet
  facet normal 1 0 0
    outer loop
      vertex 6 28.55 0
      vertex 6 31.3528 0.536498
      vertex 6 31.3937 0.711752
    endloop
  endfacet
  facet normal 1 0 0
    outer loop
      vertex 6 31.3059 -0.179858
      vertex 6 29.9149 -3.6264
      vertex 6 30.1609 -3.88909
    endloop
  endfacet
  facet normal 1 0 0
    outer loop
      vertex 6 28.55 0
      vertex 6 31.3937 0.711752
      vertex 6 31.4459 0.883958
    endloop
  endfacet
  facet normal 1 0 0
    outer loop
      vertex 6 31.3059 -0.179858
      vertex 6 29.6866 -3.34819
      vertex 6 29.9149 -3.6264
    endloop
  endfacet
  facet normal 1 0 0
    outer loop
      vertex 6 28.55 0
      vertex 6 31.4459 0.883958
      vertex 6 31.5093 1.05238
    endloop
  endfacet
  facet normal 1 0 0
    outer loop
      vertex 6 31.3059 -0.179858
      vertex 6 29.4769 -3.05564
      vertex 6 29.6866 -3.34819
    endloop
  endfacet
  facet normal 1 0 0
    outer loop
      vertex 6 28.55 0
      vertex 6 31.5093 1.05238
      vertex 6 31.5836 1.21629
    endloop
  endfacet
  facet normal 1 0 0
    outer loop
      vertex 6 31.3059 -0.179858
      vertex 6 29.2869 -2.75
      vertex 6 29.4769 -3.05564
    endloop
  endfacet
  facet normal 1 0 0
    outer loop
      vertex 6 26.9921 1.76915
      vertex 6 31.5836 1.21629
      vertex 6 31.6684 1.375
    endloop
  endfacet
  facet normal 1 -0 -0
    outer loop
      vertex 6 26.9921 1.76915
      vertex 6 31.7635 1.52782
      vertex 6 26.8186 3.53073
    endloop
  endfacet
  facet normal 1 0 0
    outer loop
      vertex 6 31.3059 -0.179858
      vertex 6 29.1172 -2.43259
      vertex 6 29.2869 -2.75
    endloop
  endfacet
  facet normal 1 0 0
    outer loop
      vertex 6 31.3059 -0.179858
      vertex 6 28.9687 -2.10476
      vertex 6 29.1172 -2.43259
    endloop
  endfacet
  facet normal 1 0 0
    outer loop
      vertex 6 31.3059 -0.179858
      vertex 6 28.8419 -1.76792
      vertex 6 28.9687 -2.10476
    endloop
  endfacet
  facet normal 1 0 0
    outer loop
      vertex 6 31.3059 -0.179858
      vertex 6 28.7374 -1.4235
      vertex 6 28.8419 -1.76792
    endloop
  endfacet
  facet normal 1 0 0
    outer loop
      vertex 6 31.3059 -0.179858
      vertex 6 28.6557 -1.073
      vertex 6 28.7374 -1.4235
    endloop
  endfacet
  facet normal 1 0 0
    outer loop
      vertex 6 31.3059 -0.179858
      vertex 6 28.5971 -0.717894
      vertex 6 28.6557 -1.073
    endloop
  endfacet
  facet normal 1 0 0
    outer loop
      vertex 6 31.3059 -0.179858
      vertex 6 28.5618 -0.359716
      vertex 6 28.5971 -0.717894
    endloop
  endfacet
  facet normal 1 0 0
    outer loop
      vertex 6 31.3 0
      vertex 6 28.55 0
      vertex 6 28.5618 -0.359716
    endloop
  endfacet
  facet normal 1 0 0
    outer loop
      vertex 6 31.7635 1.52782
      vertex 6 26.9921 1.76915
      vertex 6 31.6684 1.375
    endloop
  endfacet
  facet normal 1 0 0
    outer loop
      vertex 6 28.55 0
      vertex 6 26.9921 1.76915
      vertex 6 27.0238 0.799999
    endloop
  endfacet
  facet normal 1 0 0
    outer loop
      vertex 6 31.5836 1.21629
      vertex 6 26.9921 1.76915
      vertex 6 28.55 0
    endloop
  endfacet
  facet normal 1 0 0
    outer loop
      vertex 6 31.9824 1.8132
      vertex 6 26.8186 3.53073
      vertex 6 31.8683 1.67409
    endloop
  endfacet
  facet normal 1 0 -0
    outer loop
      vertex 6 26.5302 5.27719
      vertex 6 34.05 5.5
      vertex 6 26.4783 5.5
    endloop
  endfacet
  facet normal 1 0 0
    outer loop
      vertex 6 36.8 0
      vertex 6 39.55 0
      vertex 6 39.5382 0.359716
    endloop
  endfacet
  facet normal 1 0 0
    outer loop
      vertex 6 36.7941 0.179858
      vertex 6 39.5382 0.359716
      vertex 6 39.5029 0.717894
    endloop
  endfacet
  facet normal 1 0 0
    outer loop
      vertex 6 39.55 0
      vertex 6 36.8 0
      vertex 6 39.5382 -0.359716
    endloop
  endfacet
  facet normal 1 0 0
    outer loop
      vertex 6 36.7941 0.179858
      vertex 6 39.5029 0.717894
      vertex 6 39.4443 1.073
    endloop
  endfacet
  facet normal 1 -0 0
    outer loop
      vertex 6 36.7941 -0.179858
      vertex 6 39.5382 -0.359716
      vertex 6 36.8 0
    endloop
  endfacet
  facet normal 1 0 0
    outer loop
      vertex 6 36.7941 0.179858
      vertex 6 39.4443 1.073
      vertex 6 39.3626 1.4235
    endloop
  endfacet
  facet normal 1 0 0
    outer loop
      vertex 6 39.5382 -0.359716
      vertex 6 36.7941 -0.179858
      vertex 6 39.5029 -0.717894
    endloop
  endfacet
  facet normal 1 0 0
    outer loop
      vertex 6 36.7941 0.179858
      vertex 6 39.3626 1.4235
      vertex 6 39.2581 1.76792
    endloop
  endfacet
  facet normal 1 -0 0
    outer loop
      vertex 6 36.7765 -0.358947
      vertex 6 39.5029 -0.717894
      vertex 6 36.7941 -0.179858
    endloop
  endfacet
  facet normal 1 0 0
    outer loop
      vertex 6 36.7941 0.179858
      vertex 6 39.2581 1.76792
      vertex 6 39.1313 2.10476
    endloop
  endfacet
  facet normal 1 0 0
    outer loop
      vertex 6 39.5029 -0.717894
      vertex 6 36.7765 -0.358947
      vertex 6 39.4443 -1.073
    endloop
  endfacet
  facet normal 1 0 0
    outer loop
      vertex 6 36.7941 0.179858
      vertex 6 39.1313 2.10476
      vertex 6 38.9828 2.43259
    endloop
  endfacet
  facet normal 1 -0 0
    outer loop
      vertex 6 36.7472 -0.536498
      vertex 6 39.4443 -1.073
      vertex 6 36.7765 -0.358947
    endloop
  endfacet
  facet normal 1 0 0
    outer loop
      vertex 6 36.7941 0.179858
      vertex 6 38.9828 2.43259
      vertex 6 38.8131 2.75
    endloop
  endfacet
  facet normal 1 0 0
    outer loop
      vertex 6 39.4443 -1.073
      vertex 6 36.7472 -0.536498
      vertex 6 39.3626 -1.4235
    endloop
  endfacet
  facet normal 1 0 0
    outer loop
      vertex 6 36.7941 0.179858
      vertex 6 38.8131 2.75
      vertex 6 38.6231 3.05564
    endloop
  endfacet
  facet normal 1 -0 0
    outer loop
      vertex 6 36.7063 -0.711752
      vertex 6 39.3626 -1.4235
      vertex 6 36.7472 -0.536498
    endloop
  endfacet
  facet normal 1 0 0
    outer loop
      vertex 6 36.7941 0.179858
      vertex 6 38.6231 3.05564
      vertex 6 38.4134 3.34819
    endloop
  endfacet
  facet normal 1 0 0
    outer loop
      vertex 6 39.3626 -1.4235
      vertex 6 36.7063 -0.711752
      vertex 6 39.2581 -1.76792
    endloop
  endfacet
  facet normal 1 0 0
    outer loop
      vertex 6 36.7941 0.179858
      vertex 6 38.4134 3.34819
      vertex 6 38.1851 3.6264
    endloop
  endfacet
  facet normal 1 -0 0
    outer loop
      vertex 6 36.6541 -0.883958
      vertex 6 39.2581 -1.76792
      vertex 6 36.7063 -0.711752
    endloop
  endfacet
  facet normal 1 0 0
    outer loop
      vertex 6 36.7941 0.179858
      vertex 6 38.1851 3.6264
      vertex 6 37.9391 3.88909
    endloop
  endfacet
  facet normal 1 0 0
    outer loop
      vertex 6 39.2581 -1.76792
      vertex 6 36.6541 -0.883958
      vertex 6 39.1313 -2.10476
    endloop
  endfacet
  facet normal 1 0 0
    outer loop
      vertex 6 36.7941 0.179858
      vertex 6 37.9391 3.88909
      vertex 6 37.6764 4.13512
    endloop
  endfacet
  facet normal 1 -0 0
    outer loop
      vertex 6 36.5907 -1.05238
      vertex 6 39.1313 -2.10476
      vertex 6 36.6541 -0.883958
    endloop
  endfacet
  facet normal 1 0 0
    outer loop
      vertex 6 36.7941 0.179858
      vertex 6 37.6764 4.13512
      vertex 6 37.3982 4.36344
    endloop
  endfacet
  facet normal 1 0 0
    outer loop
      vertex 6 39.1313 -2.10476
      vertex 6 36.5907 -1.05238
      vertex 6 38.9828 -2.43259
    endloop
  endfacet
  facet normal 1 0 0
    outer loop
      vertex 6 36.7941 0.179858
      vertex 6 37.3982 4.36344
      vertex 6 37.1056 4.57308
    endloop
  endfacet
  facet normal 1 -0 0
    outer loop
      vertex 6 36.5164 -1.21629
      vertex 6 38.9828 -2.43259
      vertex 6 36.5907 -1.05238
    endloop
  endfacet
  facet normal 1 0 0
    outer loop
      vertex 6 35.5778 2.28654
      vertex 6 37.1056 4.57308
      vertex 6 36.8 4.76314
    endloop
  endfacet
  facet normal 1 0 0
    outer loop
      vertex 6 38.9828 -2.43259
      vertex 6 36.5164 -1.21629
      vertex 6 38.8131 -2.75
    endloop
  endfacet
  facet normal 1 -0 0
    outer loop
      vertex 6 36.4316 -1.375
      vertex 6 38.8131 -2.75
      vertex 6 36.5164 -1.21629
    endloop
  endfacet
  facet normal 1 0 0
    outer loop
      vertex 6 38.8131 -2.75
      vertex 6 36.4316 -1.375
      vertex 6 38.6231 -3.05564
    endloop
  endfacet
  facet normal 1 -0 0
    outer loop
      vertex 6 36.3365 -1.52782
      vertex 6 38.6231 -3.05564
      vertex 6 36.4316 -1.375
    endloop
  endfacet
  facet normal 1 0 0
    outer loop
      vertex 6 38.6231 -3.05564
      vertex 6 36.3365 -1.52782
      vertex 6 38.4134 -3.34819
    endloop
  endfacet
  facet normal 1 -0 0
    outer loop
      vertex 6 36.2317 -1.67409
      vertex 6 38.4134 -3.34819
      vertex 6 36.3365 -1.52782
    endloop
  endfacet
  facet normal 1 0 0
    outer loop
      vertex 6 38.4134 -3.34819
      vertex 6 36.2317 -1.67409
      vertex 6 38.1851 -3.6264
    endloop
  endfacet
  facet normal 1 -0 0
    outer loop
      vertex 6 36.1176 -1.8132
      vertex 6 38.1851 -3.6264
      vertex 6 36.2317 -1.67409
    endloop
  endfacet
  facet normal 1 0 0
    outer loop
      vertex 6 38.1851 -3.6264
      vertex 6 36.1176 -1.8132
      vertex 6 37.9391 -3.88909
    endloop
  endfacet
  facet normal 1 -0 0
    outer loop
      vertex 6 35.9945 -1.94454
      vertex 6 37.9391 -3.88909
      vertex 6 36.1176 -1.8132
    endloop
  endfacet
  facet normal 1 0 0
    outer loop
      vertex 6 37.9391 -3.88909
      vertex 6 35.9945 -1.94454
      vertex 6 37.6764 -4.13512
    endloop
  endfacet
  facet normal 1 -0 0
    outer loop
      vertex 6 35.8632 -2.06756
      vertex 6 37.6764 -4.13512
      vertex 6 35.9945 -1.94454
    endloop
  endfacet
  facet normal 1 0 0
    outer loop
      vertex 6 37.6764 -4.13512
      vertex 6 35.8632 -2.06756
      vertex 6 37.3982 -4.36344
    endloop
  endfacet
  facet normal 1 -0 0
    outer loop
      vertex 6 35.7241 -2.18172
      vertex 6 37.3982 -4.36344
      vertex 6 35.8632 -2.06756
    endloop
  endfacet
  facet normal 1 0 0
    outer loop
      vertex 6 37.3982 -4.36344
      vertex 6 35.7241 -2.18172
      vertex 6 37.1056 -4.57308
    endloop
  endfacet
  facet normal 1 -0 0
    outer loop
      vertex 6 35.5778 -2.28654
      vertex 6 37.1056 -4.57308
      vertex 6 35.7241 -2.18172
    endloop
  endfacet
  facet normal 1 0 0
    outer loop
      vertex 6 37.1056 -4.57308
      vertex 6 35.5778 -2.28654
      vertex 6 36.8 -4.76314
    endloop
  endfacet
  facet normal 1 -0 0
    outer loop
      vertex 6 35.425 -2.38157
      vertex 6 36.8 -4.76314
      vertex 6 35.5778 -2.28654
    endloop
  endfacet
  facet normal 1 0 0
    outer loop
      vertex 6 36.8 -4.76314
      vertex 6 35.425 -2.38157
      vertex 6 36.4826 -4.9328
    endloop
  endfacet
  facet normal 1 -0 0
    outer loop
      vertex 6 35.2663 -2.4664
      vertex 6 36.4826 -4.9328
      vertex 6 35.425 -2.38157
    endloop
  endfacet
  facet normal 1 0 0
    outer loop
      vertex 6 36.4826 -4.9328
      vertex 6 35.2663 -2.4664
      vertex 6 36.1548 -5.08134
    endloop
  endfacet
  facet normal 1 -0 0
    outer loop
      vertex 6 35.1024 -2.54067
      vertex 6 36.1548 -5.08134
      vertex 6 35.2663 -2.4664
    endloop
  endfacet
  facet normal 1 0 0
    outer loop
      vertex 6 36.1548 -5.08134
      vertex 6 35.1024 -2.54067
      vertex 6 35.8179 -5.20812
    endloop
  endfacet
  facet normal 1 -0 0
    outer loop
      vertex 6 34.934 -2.60406
      vertex 6 35.8179 -5.20812
      vertex 6 35.1024 -2.54067
    endloop
  endfacet
  facet normal 1 0 0
    outer loop
      vertex 6 35.8179 -5.20812
      vertex 6 34.934 -2.60406
      vertex 6 35.4735 -5.31259
    endloop
  endfacet
  facet normal 1 -0 0
    outer loop
      vertex 6 34.7618 -2.6563
      vertex 6 35.4735 -5.31259
      vertex 6 34.934 -2.60406
    endloop
  endfacet
  facet normal 1 0 0
    outer loop
      vertex 6 35.4735 -5.31259
      vertex 6 34.7618 -2.6563
      vertex 6 35.123 -5.39432
    endloop
  endfacet
  facet normal 1 -0 0
    outer loop
      vertex 6 34.5865 -2.69716
      vertex 6 35.123 -5.39432
      vertex 6 34.7618 -2.6563
    endloop
  endfacet
  facet normal 1 0 0
    outer loop
      vertex 6 35.123 -5.39432
      vertex 6 34.5865 -2.69716
      vertex 6 34.7679 -5.45295
    endloop
  endfacet
  facet normal 1 -0 0
    outer loop
      vertex 6 34.4089 -2.72647
      vertex 6 34.7679 -5.45295
      vertex 6 34.5865 -2.69716
    endloop
  endfacet
  facet normal 1 0 0
    outer loop
      vertex 6 34.7679 -5.45295
      vertex 6 34.4089 -2.72647
      vertex 6 34.4097 -5.48822
    endloop
  endfacet
  facet normal 1 -0 0
    outer loop
      vertex 6 34.2299 -2.74411
      vertex 6 34.4097 -5.48822
      vertex 6 34.4089 -2.72647
    endloop
  endfacet
  facet normal 1 -0 0
    outer loop
      vertex 6 34.05 -2.75
      vertex 6 34.4097 -5.48822
      vertex 6 34.2299 -2.74411
    endloop
  endfacet
  facet normal 1 0 0
    outer loop
      vertex 6 34.05 -2.75
      vertex 6 34.05 -5.5
      vertex 6 34.4097 -5.48822
    endloop
  endfacet
  facet normal 1 0 0
    outer loop
      vertex 6 33.8701 -2.74411
      vertex 6 34.05 -5.5
      vertex 6 34.05 -2.75
    endloop
  endfacet
  facet normal 1 0 0
    outer loop
      vertex 6 33.6903 -5.48822
      vertex 6 33.8701 -2.74411
      vertex 6 33.6911 -2.72647
    endloop
  endfacet
  facet normal 1 0 0
    outer loop
      vertex 6 33.8701 -2.74411
      vertex 6 33.6903 -5.48822
      vertex 6 34.05 -5.5
    endloop
  endfacet
  facet normal 1 0 0
    outer loop
      vertex 6 33.3321 -5.45295
      vertex 6 33.6911 -2.72647
      vertex 6 33.5135 -2.69716
    endloop
  endfacet
  facet normal 1 0 0
    outer loop
      vertex 6 32.977 -5.39432
      vertex 6 33.5135 -2.69716
      vertex 6 33.3382 -2.6563
    endloop
  endfacet
  facet normal 1 0 0
    outer loop
      vertex 6 33.6911 -2.72647
      vertex 6 33.3321 -5.45295
      vertex 6 33.6903 -5.48822
    endloop
  endfacet
  facet normal 1 0 0
    outer loop
      vertex 6 32.6265 -5.31259
      vertex 6 33.3382 -2.6563
      vertex 6 33.166 -2.60406
    endloop
  endfacet
  facet normal 1 0 0
    outer loop
      vertex 6 32.2821 -5.20812
      vertex 6 33.166 -2.60406
      vertex 6 32.9976 -2.54067
    endloop
  endfacet
  facet normal 1 0 0
    outer loop
      vertex 6 33.5135 -2.69716
      vertex 6 32.977 -5.39432
      vertex 6 33.3321 -5.45295
    endloop
  endfacet
  facet normal 1 0 0
    outer loop
      vertex 6 31.9452 -5.08134
      vertex 6 32.9976 -2.54067
      vertex 6 32.8337 -2.4664
    endloop
  endfacet
  facet normal 1 0 0
    outer loop
      vertex 6 31.6174 -4.9328
      vertex 6 32.8337 -2.4664
      vertex 6 32.675 -2.38157
    endloop
  endfacet
  facet normal 1 0 0
    outer loop
      vertex 6 33.3382 -2.6563
      vertex 6 32.6265 -5.31259
      vertex 6 32.977 -5.39432
    endloop
  endfacet
  facet normal 1 0 0
    outer loop
      vertex 6 31.3 -4.76314
      vertex 6 32.675 -2.38157
      vertex 6 32.5222 -2.28654
    endloop
  endfacet
  facet normal 1 0 0
    outer loop
      vertex 6 30.9944 -4.57308
      vertex 6 32.5222 -2.28654
      vertex 6 32.3759 -2.18172
    endloop
  endfacet
  facet normal 1 0 0
    outer loop
      vertex 6 33.166 -2.60406
      vertex 6 32.2821 -5.20812
      vertex 6 32.6265 -5.31259
    endloop
  endfacet
  facet normal 1 0 0
    outer loop
      vertex 6 30.9944 -4.57308
      vertex 6 32.3759 -2.18172
      vertex 6 32.2368 -2.06756
    endloop
  endfacet
  facet normal 1 0 0
    outer loop
      vertex 6 30.9944 -4.57308
      vertex 6 32.2368 -2.06756
      vertex 6 32.1055 -1.94454
    endloop
  endfacet
  facet normal 1 0 0
    outer loop
      vertex 6 30.9944 -4.57308
      vertex 6 32.1055 -1.94454
      vertex 6 31.9824 -1.8132
    endloop
  endfacet
  facet normal 1 0 0
    outer loop
      vertex 6 32.9976 -2.54067
      vertex 6 31.9452 -5.08134
      vertex 6 32.2821 -5.20812
    endloop
  endfacet
  facet normal 1 0 0
    outer loop
      vertex 6 30.9944 -4.57308
      vertex 6 31.9824 -1.8132
      vertex 6 31.8683 -1.67409
    endloop
  endfacet
  facet normal 1 0 0
    outer loop
      vertex 6 30.9944 -4.57308
      vertex 6 31.8683 -1.67409
      vertex 6 31.7635 -1.52782
    endloop
  endfacet
  facet normal 1 0 0
    outer loop
      vertex 6 30.9944 -4.57308
      vertex 6 31.7635 -1.52782
      vertex 6 31.6684 -1.375
    endloop
  endfacet
  facet normal 1 0 0
    outer loop
      vertex 6 32.8337 -2.4664
      vertex 6 31.6174 -4.9328
      vertex 6 31.9452 -5.08134
    endloop
  endfacet
  facet normal 1 0 0
    outer loop
      vertex 6 30.9944 -4.57308
      vertex 6 31.6684 -1.375
      vertex 6 31.5836 -1.21629
    endloop
  endfacet
  facet normal 1 0 0
    outer loop
      vertex 6 30.9944 -4.57308
      vertex 6 31.5836 -1.21629
      vertex 6 31.5093 -1.05238
    endloop
  endfacet
  facet normal 1 0 0
    outer loop
      vertex 6 30.9944 -4.57308
      vertex 6 31.5093 -1.05238
      vertex 6 31.4459 -0.883958
    endloop
  endfacet
  facet normal 1 0 0
    outer loop
      vertex 6 30.9944 -4.57308
      vertex 6 31.4459 -0.883958
      vertex 6 31.3937 -0.711752
    endloop
  endfacet
  facet normal 1 0 0
    outer loop
      vertex 6 30.9944 -4.57308
      vertex 6 31.3937 -0.711752
      vertex 6 31.3528 -0.536498
    endloop
  endfacet
  facet normal 1 0 0
    outer loop
      vertex 6 30.9944 -4.57308
      vertex 6 31.3528 -0.536498
      vertex 6 31.3235 -0.358947
    endloop
  endfacet
  facet normal 1 0 0
    outer loop
      vertex 6 30.9944 -4.57308
      vertex 6 31.3235 -0.358947
      vertex 6 31.3059 -0.179858
    endloop
  endfacet
  facet normal 1 0 0
    outer loop
      vertex 6 32.675 -2.38157
      vertex 6 31.3 -4.76314
      vertex 6 31.6174 -4.9328
    endloop
  endfacet
  facet normal 1 0 0
    outer loop
      vertex 6 28.5618 -0.359716
      vertex 6 31.3059 -0.179858
      vertex 6 31.3 0
    endloop
  endfacet
  facet normal 1 0 0
    outer loop
      vertex 6 25.05 0
      vertex 6 27.0238 0.799999
      vertex 6 25.05 0.799999
    endloop
  endfacet
  facet normal 1 0 0
    outer loop
      vertex 6 27.0238 0.799999
      vertex 6 25.05 0
      vertex 6 28.55 0
    endloop
  endfacet
  facet normal -1 0 0
    outer loop
      vertex -6 25.05 0
      vertex -6 27.0238 0.799999
      vertex -6 28.55 0
    endloop
  endfacet
  facet normal -1 -0 0
    outer loop
      vertex -6 27.0238 0.799999
      vertex -6 25.05 0
      vertex -6 25.05 0.799999
    endloop
  endfacet
  facet normal -1 0 0
    outer loop
      vertex -6 39.5382 -0.359716
      vertex -6 36.7941 -0.179858
      vertex -6 36.8 0
    endloop
  endfacet
  facet normal -1 0 0
    outer loop
      vertex -6 37.1056 -4.57308
      vertex -6 36.7765 -0.358947
      vertex -6 36.7941 -0.179858
    endloop
  endfacet
  facet normal -1 0 0
    outer loop
      vertex -6 37.1056 -4.57308
      vertex -6 36.7472 -0.536498
      vertex -6 36.7765 -0.358947
    endloop
  endfacet
  facet normal -1 0 0
    outer loop
      vertex -6 37.1056 -4.57308
      vertex -6 36.7063 -0.711752
      vertex -6 36.7472 -0.536498
    endloop
  endfacet
  facet normal -1 0 0
    outer loop
      vertex -6 37.1056 -4.57308
      vertex -6 36.6541 -0.883958
      vertex -6 36.7063 -0.711752
    endloop
  endfacet
  facet normal -1 0 0
    outer loop
      vertex -6 37.1056 -4.57308
      vertex -6 36.5907 -1.05238
      vertex -6 36.6541 -0.883958
    endloop
  endfacet
  facet normal -1 0 0
    outer loop
      vertex -6 37.1056 -4.57308
      vertex -6 36.5164 -1.21629
      vertex -6 36.5907 -1.05238
    endloop
  endfacet
  facet normal -1 0 0
    outer loop
      vertex -6 35.425 -2.38157
      vertex -6 36.8 -4.76314
      vertex -6 36.4826 -4.9328
    endloop
  endfacet
  facet normal -1 0 0
    outer loop
      vertex -6 37.1056 -4.57308
      vertex -6 36.4316 -1.375
      vertex -6 36.5164 -1.21629
    endloop
  endfacet
  facet normal -1 0 0
    outer loop
      vertex -6 37.1056 -4.57308
      vertex -6 36.3365 -1.52782
      vertex -6 36.4316 -1.375
    endloop
  endfacet
  facet normal -1 0 0
    outer loop
      vertex -6 37.1056 -4.57308
      vertex -6 36.2317 -1.67409
      vertex -6 36.3365 -1.52782
    endloop
  endfacet
  facet normal -1 0 0
    outer loop
      vertex -6 35.2663 -2.4664
      vertex -6 36.4826 -4.9328
      vertex -6 36.1548 -5.08134
    endloop
  endfacet
  facet normal -1 0 0
    outer loop
      vertex -6 37.1056 -4.57308
      vertex -6 36.1176 -1.8132
      vertex -6 36.2317 -1.67409
    endloop
  endfacet
  facet normal -1 0 0
    outer loop
      vertex -6 37.1056 -4.57308
      vertex -6 35.9945 -1.94454
      vertex -6 36.1176 -1.8132
    endloop
  endfacet
  facet normal -1 0 0
    outer loop
      vertex -6 37.1056 -4.57308
      vertex -6 35.8632 -2.06756
      vertex -6 35.9945 -1.94454
    endloop
  endfacet
  facet normal -1 0 0
    outer loop
      vertex -6 35.1024 -2.54067
      vertex -6 36.1548 -5.08134
      vertex -6 35.8179 -5.20812
    endloop
  endfacet
  facet normal -1 0 0
    outer loop
      vertex -6 37.1056 -4.57308
      vertex -6 35.7241 -2.18172
      vertex -6 35.8632 -2.06756
    endloop
  endfacet
  facet normal -1 0 0
    outer loop
      vertex -6 37.1056 -4.57308
      vertex -6 35.5778 -2.28654
      vertex -6 35.7241 -2.18172
    endloop
  endfacet
  facet normal -1 0 0
    outer loop
      vertex -6 34.934 -2.60406
      vertex -6 35.8179 -5.20812
      vertex -6 35.4735 -5.31259
    endloop
  endfacet
  facet normal -1 0 0
    outer loop
      vertex -6 36.8 -4.76314
      vertex -6 35.425 -2.38157
      vertex -6 35.5778 -2.28654
    endloop
  endfacet
  facet normal -1 0 0
    outer loop
      vertex -6 36.4826 -4.9328
      vertex -6 35.2663 -2.4664
      vertex -6 35.425 -2.38157
    endloop
  endfacet
  facet normal -1 0 0
    outer loop
      vertex -6 34.7618 -2.6563
      vertex -6 35.4735 -5.31259
      vertex -6 35.123 -5.39432
    endloop
  endfacet
  facet normal -1 0 0
    outer loop
      vertex -6 36.1548 -5.08134
      vertex -6 35.1024 -2.54067
      vertex -6 35.2663 -2.4664
    endloop
  endfacet
  facet normal -1 0 0
    outer loop
      vertex -6 35.8179 -5.20812
      vertex -6 34.934 -2.60406
      vertex -6 35.1024 -2.54067
    endloop
  endfacet
  facet normal -1 0 0
    outer loop
      vertex -6 34.5865 -2.69716
      vertex -6 35.123 -5.39432
      vertex -6 34.7679 -5.45295
    endloop
  endfacet
  facet normal -1 0 0
    outer loop
      vertex -6 35.4735 -5.31259
      vertex -6 34.7618 -2.6563
      vertex -6 34.934 -2.60406
    endloop
  endfacet
  facet normal -1 0 0
    outer loop
      vertex -6 35.123 -5.39432
      vertex -6 34.5865 -2.69716
      vertex -6 34.7618 -2.6563
    endloop
  endfacet
  facet normal -1 0 0
    outer loop
      vertex -6 34.4089 -2.72647
      vertex -6 34.7679 -5.45295
      vertex -6 34.4097 -5.48822
    endloop
  endfacet
  facet normal -1 0 0
    outer loop
      vertex -6 34.7679 -5.45295
      vertex -6 34.4089 -2.72647
      vertex -6 34.5865 -2.69716
    endloop
  endfacet
  facet normal -1 0 0
    outer loop
      vertex -6 34.4097 -5.48822
      vertex -6 34.2299 -2.74411
      vertex -6 34.4089 -2.72647
    endloop
  endfacet
  facet normal -1 0 0
    outer loop
      vertex -6 34.05 -5.5
      vertex -6 34.2299 -2.74411
      vertex -6 34.4097 -5.48822
    endloop
  endfacet
  facet normal -1 0 0
    outer loop
      vertex -6 34.05 -5.5
      vertex -6 34.05 -2.75
      vertex -6 34.2299 -2.74411
    endloop
  endfacet
  facet normal -1 0 0
    outer loop
      vertex -6 34.05 -5.5
      vertex -6 33.8701 -2.74411
      vertex -6 34.05 -2.75
    endloop
  endfacet
  facet normal -1 0 0
    outer loop
      vertex -6 33.6903 -5.48822
      vertex -6 33.8701 -2.74411
      vertex -6 34.05 -5.5
    endloop
  endfacet
  facet normal -1 -0 0
    outer loop
      vertex -6 33.8701 -2.74411
      vertex -6 33.6903 -5.48822
      vertex -6 33.6911 -2.72647
    endloop
  endfacet
  facet normal -1 0 0
    outer loop
      vertex -6 33.3321 -5.45295
      vertex -6 33.6911 -2.72647
      vertex -6 33.6903 -5.48822
    endloop
  endfacet
  facet normal -1 -0 0
    outer loop
      vertex -6 33.6911 -2.72647
      vertex -6 33.3321 -5.45295
      vertex -6 33.5135 -2.69716
    endloop
  endfacet
  facet normal -1 0 0
    outer loop
      vertex -6 32.977 -5.39432
      vertex -6 33.5135 -2.69716
      vertex -6 33.3321 -5.45295
    endloop
  endfacet
  facet normal -1 -0 0
    outer loop
      vertex -6 33.5135 -2.69716
      vertex -6 32.977 -5.39432
      vertex -6 33.3382 -2.6563
    endloop
  endfacet
  facet normal -1 0 0
    outer loop
      vertex -6 32.6265 -5.31259
      vertex -6 33.3382 -2.6563
      vertex -6 32.977 -5.39432
    endloop
  endfacet
  facet normal -1 -0 0
    outer loop
      vertex -6 33.3382 -2.6563
      vertex -6 32.6265 -5.31259
      vertex -6 33.166 -2.60406
    endloop
  endfacet
  facet normal -1 0 0
    outer loop
      vertex -6 32.2821 -5.20812
      vertex -6 33.166 -2.60406
      vertex -6 32.6265 -5.31259
    endloop
  endfacet
  facet normal -1 -0 0
    outer loop
      vertex -6 33.166 -2.60406
      vertex -6 32.2821 -5.20812
      vertex -6 32.9976 -2.54067
    endloop
  endfacet
  facet normal -1 0 0
    outer loop
      vertex -6 31.9452 -5.08134
      vertex -6 32.9976 -2.54067
      vertex -6 32.2821 -5.20812
    endloop
  endfacet
  facet normal -1 -0 0
    outer loop
      vertex -6 32.9976 -2.54067
      vertex -6 31.9452 -5.08134
      vertex -6 32.8337 -2.4664
    endloop
  endfacet
  facet normal -1 0 0
    outer loop
      vertex -6 31.6174 -4.9328
      vertex -6 32.8337 -2.4664
      vertex -6 31.9452 -5.08134
    endloop
  endfacet
  facet normal -1 -0 0
    outer loop
      vertex -6 32.8337 -2.4664
      vertex -6 31.6174 -4.9328
      vertex -6 32.675 -2.38157
    endloop
  endfacet
  facet normal -1 0 0
    outer loop
      vertex -6 31.3 -4.76314
      vertex -6 32.675 -2.38157
      vertex -6 31.6174 -4.9328
    endloop
  endfacet
  facet normal -1 -0 0
    outer loop
      vertex -6 32.675 -2.38157
      vertex -6 31.3 -4.76314
      vertex -6 32.5222 -2.28654
    endloop
  endfacet
  facet normal -1 0 0
    outer loop
      vertex -6 30.9944 -4.57308
      vertex -6 32.5222 -2.28654
      vertex -6 31.3 -4.76314
    endloop
  endfacet
  facet normal -1 -0 0
    outer loop
      vertex -6 32.5222 -2.28654
      vertex -6 30.9944 -4.57308
      vertex -6 32.3759 -2.18172
    endloop
  endfacet
  facet normal -1 0 0
    outer loop
      vertex -6 30.7018 -4.36344
      vertex -6 32.3759 -2.18172
      vertex -6 30.9944 -4.57308
    endloop
  endfacet
  facet normal -1 -0 0
    outer loop
      vertex -6 32.3759 -2.18172
      vertex -6 30.7018 -4.36344
      vertex -6 32.2368 -2.06756
    endloop
  endfacet
  facet normal -1 0 0
    outer loop
      vertex -6 30.4236 -4.13512
      vertex -6 32.2368 -2.06756
      vertex -6 30.7018 -4.36344
    endloop
  endfacet
  facet normal -1 -0 0
    outer loop
      vertex -6 32.2368 -2.06756
      vertex -6 30.4236 -4.13512
      vertex -6 32.1055 -1.94454
    endloop
  endfacet
  facet normal -1 0 0
    outer loop
      vertex -6 30.1609 -3.88909
      vertex -6 32.1055 -1.94454
      vertex -6 30.4236 -4.13512
    endloop
  endfacet
  facet normal -1 -0 0
    outer loop
      vertex -6 32.1055 -1.94454
      vertex -6 30.1609 -3.88909
      vertex -6 31.9824 -1.8132
    endloop
  endfacet
  facet normal -1 0 0
    outer loop
      vertex -6 29.9149 -3.6264
      vertex -6 31.9824 -1.8132
      vertex -6 30.1609 -3.88909
    endloop
  endfacet
  facet normal -1 -0 0
    outer loop
      vertex -6 31.9824 -1.8132
      vertex -6 29.9149 -3.6264
      vertex -6 31.8683 -1.67409
    endloop
  endfacet
  facet normal -1 0 0
    outer loop
      vertex -6 29.6866 -3.34819
      vertex -6 31.8683 -1.67409
      vertex -6 29.9149 -3.6264
    endloop
  endfacet
  facet normal -1 -0 0
    outer loop
      vertex -6 31.8683 -1.67409
      vertex -6 29.6866 -3.34819
      vertex -6 31.7635 -1.52782
    endloop
  endfacet
  facet normal -1 0 0
    outer loop
      vertex -6 29.4769 -3.05564
      vertex -6 31.7635 -1.52782
      vertex -6 29.6866 -3.34819
    endloop
  endfacet
  facet normal -1 -0 0
    outer loop
      vertex -6 31.7635 -1.52782
      vertex -6 29.4769 -3.05564
      vertex -6 31.6684 -1.375
    endloop
  endfacet
  facet normal -1 0 0
    outer loop
      vertex -6 29.2869 -2.75
      vertex -6 31.6684 -1.375
      vertex -6 29.4769 -3.05564
    endloop
  endfacet
  facet normal -1 -0 0
    outer loop
      vertex -6 31.6684 -1.375
      vertex -6 29.2869 -2.75
      vertex -6 31.5836 -1.21629
    endloop
  endfacet
  facet normal -1 0 0
    outer loop
      vertex -6 36.8 0
      vertex -6 39.55 0
      vertex -6 39.5382 -0.359716
    endloop
  endfacet
  facet normal -1 0 0
    outer loop
      vertex -6 36.7941 -0.179858
      vertex -6 39.5382 -0.359716
      vertex -6 39.5029 -0.717894
    endloop
  endfacet
  facet normal -1 0 0
    outer loop
      vertex -6 39.55 0
      vertex -6 36.8 0
      vertex -6 39.5382 0.359716
    endloop
  endfacet
  facet normal -1 0 0
    outer loop
      vertex -6 36.7941 -0.179858
      vertex -6 39.5029 -0.717894
      vertex -6 39.4443 -1.073
    endloop
  endfacet
  facet normal -1 0 0
    outer loop
      vertex -6 36.7941 0.179858
      vertex -6 39.5382 0.359716
      vertex -6 36.8 0
    endloop
  endfacet
  facet normal -1 0 0
    outer loop
      vertex -6 36.7941 -0.179858
      vertex -6 39.4443 -1.073
      vertex -6 39.3626 -1.4235
    endloop
  endfacet
  facet normal -1 -0 0
    outer loop
      vertex -6 39.5382 0.359716
      vertex -6 36.7941 0.179858
      vertex -6 39.5029 0.717894
    endloop
  endfacet
  facet normal -1 0 0
    outer loop
      vertex -6 36.7941 -0.179858
      vertex -6 39.3626 -1.4235
      vertex -6 39.2581 -1.76792
    endloop
  endfacet
  facet normal -1 0 0
    outer loop
      vertex -6 36.7765 0.358947
      vertex -6 39.5029 0.717894
      vertex -6 36.7941 0.179858
    endloop
  endfacet
  facet normal -1 0 0
    outer loop
      vertex -6 36.7941 -0.179858
      vertex -6 39.2581 -1.76792
      vertex -6 39.1313 -2.10476
    endloop
  endfacet
  facet normal -1 -0 0
    outer loop
      vertex -6 39.5029 0.717894
      vertex -6 36.7765 0.358947
      vertex -6 39.4443 1.073
    endloop
  endfacet
  facet normal -1 0 0
    outer loop
      vertex -6 36.7941 -0.179858
      vertex -6 39.1313 -2.10476
      vertex -6 38.9828 -2.43259
    endloop
  endfacet
  facet normal -1 0 0
    outer loop
      vertex -6 36.7472 0.536498
      vertex -6 39.4443 1.073
      vertex -6 36.7765 0.358947
    endloop
  endfacet
  facet normal -1 0 0
    outer loop
      vertex -6 36.7941 -0.179858
      vertex -6 38.9828 -2.43259
      vertex -6 38.8131 -2.75
    endloop
  endfacet
  facet normal -1 -0 0
    outer loop
      vertex -6 39.4443 1.073
      vertex -6 36.7472 0.536498
      vertex -6 39.3626 1.4235
    endloop
  endfacet
  facet normal -1 0 0
    outer loop
      vertex -6 36.7941 -0.179858
      vertex -6 38.8131 -2.75
      vertex -6 38.6231 -3.05564
    endloop
  endfacet
  facet normal -1 0 0
    outer loop
      vertex -6 36.7063 0.711752
      vertex -6 39.3626 1.4235
      vertex -6 36.7472 0.536498
    endloop
  endfacet
  facet normal -1 0 0
    outer loop
      vertex -6 36.7941 -0.179858
      vertex -6 38.6231 -3.05564
      vertex -6 38.4134 -3.34819
    endloop
  endfacet
  facet normal -1 -0 0
    outer loop
      vertex -6 39.3626 1.4235
      vertex -6 36.7063 0.711752
      vertex -6 39.2581 1.76792
    endloop
  endfacet
  facet normal -1 0 0
    outer loop
      vertex -6 36.7941 -0.179858
      vertex -6 38.4134 -3.34819
      vertex -6 38.1851 -3.6264
    endloop
  endfacet
  facet normal -1 0 0
    outer loop
      vertex -6 36.6541 0.883958
      vertex -6 39.2581 1.76792
      vertex -6 36.7063 0.711752
    endloop
  endfacet
  facet normal -1 0 0
    outer loop
      vertex -6 36.7941 -0.179858
      vertex -6 38.1851 -3.6264
      vertex -6 37.9391 -3.88909
    endloop
  endfacet
  facet normal -1 -0 0
    outer loop
      vertex -6 39.2581 1.76792
      vertex -6 36.6541 0.883958
      vertex -6 39.1313 2.10476
    endloop
  endfacet
  facet normal -1 0 0
    outer loop
      vertex -6 36.7941 -0.179858
      vertex -6 37.9391 -3.88909
      vertex -6 37.6764 -4.13512
    endloop
  endfacet
  facet normal -1 0 0
    outer loop
      vertex -6 36.5907 1.05238
      vertex -6 39.1313 2.10476
      vertex -6 36.6541 0.883958
    endloop
  endfacet
  facet normal -1 0 0
    outer loop
      vertex -6 36.7941 -0.179858
      vertex -6 37.6764 -4.13512
      vertex -6 37.3982 -4.36344
    endloop
  endfacet
  facet normal -1 -0 0
    outer loop
      vertex -6 39.1313 2.10476
      vertex -6 36.5907 1.05238
      vertex -6 38.9828 2.43259
    endloop
  endfacet
  facet normal -1 0 0
    outer loop
      vertex -6 36.7941 -0.179858
      vertex -6 37.3982 -4.36344
      vertex -6 37.1056 -4.57308
    endloop
  endfacet
  facet normal -1 0 0
    outer loop
      vertex -6 36.5164 1.21629
      vertex -6 38.9828 2.43259
      vertex -6 36.5907 1.05238
    endloop
  endfacet
  facet normal -1 0 0
    outer loop
      vertex -6 35.5778 -2.28654
      vertex -6 37.1056 -4.57308
      vertex -6 36.8 -4.76314
    endloop
  endfacet
  facet normal -1 -0 0
    outer loop
      vertex -6 38.9828 2.43259
      vertex -6 36.5164 1.21629
      vertex -6 38.8131 2.75
    endloop
  endfacet
  facet normal -1 0 0
    outer loop
      vertex -6 36.4316 1.375
      vertex -6 38.8131 2.75
      vertex -6 36.5164 1.21629
    endloop
  endfacet
  facet normal -1 -0 0
    outer loop
      vertex -6 38.8131 2.75
      vertex -6 36.4316 1.375
      vertex -6 38.6231 3.05564
    endloop
  endfacet
  facet normal -1 0 0
    outer loop
      vertex -6 36.3365 1.52782
      vertex -6 38.6231 3.05564
      vertex -6 36.4316 1.375
    endloop
  endfacet
  facet normal -1 -0 0
    outer loop
      vertex -6 38.6231 3.05564
      vertex -6 36.3365 1.52782
      vertex -6 38.4134 3.34819
    endloop
  endfacet
  facet normal -1 0 0
    outer loop
      vertex -6 36.2317 1.67409
      vertex -6 38.4134 3.34819
      vertex -6 36.3365 1.52782
    endloop
  endfacet
  facet normal -1 -0 0
    outer loop
      vertex -6 38.4134 3.34819
      vertex -6 36.2317 1.67409
      vertex -6 38.1851 3.6264
    endloop
  endfacet
  facet normal -1 0 0
    outer loop
      vertex -6 36.1176 1.8132
      vertex -6 38.1851 3.6264
      vertex -6 36.2317 1.67409
    endloop
  endfacet
  facet normal -1 -0 0
    outer loop
      vertex -6 38.1851 3.6264
      vertex -6 36.1176 1.8132
      vertex -6 37.9391 3.88909
    endloop
  endfacet
  facet normal -1 0 0
    outer loop
      vertex -6 35.9945 1.94454
      vertex -6 37.9391 3.88909
      vertex -6 36.1176 1.8132
    endloop
  endfacet
  facet normal -1 -0 0
    outer loop
      vertex -6 37.9391 3.88909
      vertex -6 35.9945 1.94454
      vertex -6 37.6764 4.13512
    endloop
  endfacet
  facet normal -1 0 0
    outer loop
      vertex -6 35.8632 2.06756
      vertex -6 37.6764 4.13512
      vertex -6 35.9945 1.94454
    endloop
  endfacet
  facet normal -1 -0 0
    outer loop
      vertex -6 37.6764 4.13512
      vertex -6 35.8632 2.06756
      vertex -6 37.3982 4.36344
    endloop
  endfacet
  facet normal -1 0 0
    outer loop
      vertex -6 35.7241 2.18172
      vertex -6 37.3982 4.36344
      vertex -6 35.8632 2.06756
    endloop
  endfacet
  facet normal -1 -0 0
    outer loop
      vertex -6 37.3982 4.36344
      vertex -6 35.7241 2.18172
      vertex -6 37.1056 4.57308
    endloop
  endfacet
  facet normal -1 0 0
    outer loop
      vertex -6 35.5778 2.28654
      vertex -6 37.1056 4.57308
      vertex -6 35.7241 2.18172
    endloop
  endfacet
  facet normal -1 -0 0
    outer loop
      vertex -6 37.1056 4.57308
      vertex -6 35.5778 2.28654
      vertex -6 36.8 4.76314
    endloop
  endfacet
  facet normal -1 0 0
    outer loop
      vertex -6 35.425 2.38157
      vertex -6 36.8 4.76314
      vertex -6 35.5778 2.28654
    endloop
  endfacet
  facet normal -1 -0 0
    outer loop
      vertex -6 36.8 4.76314
      vertex -6 35.425 2.38157
      vertex -6 36.4826 4.9328
    endloop
  endfacet
  facet normal -1 0 0
    outer loop
      vertex -6 35.2663 2.4664
      vertex -6 36.4826 4.9328
      vertex -6 35.425 2.38157
    endloop
  endfacet
  facet normal -1 -0 0
    outer loop
      vertex -6 36.4826 4.9328
      vertex -6 35.2663 2.4664
      vertex -6 36.1548 5.08134
    endloop
  endfacet
  facet normal -1 0 0
    outer loop
      vertex -6 35.1024 2.54067
      vertex -6 36.1548 5.08134
      vertex -6 35.2663 2.4664
    endloop
  endfacet
  facet normal -1 -0 0
    outer loop
      vertex -6 36.1548 5.08134
      vertex -6 35.1024 2.54067
      vertex -6 35.8179 5.20812
    endloop
  endfacet
  facet normal -1 0 0
    outer loop
      vertex -6 34.934 2.60406
      vertex -6 35.8179 5.20812
      vertex -6 35.1024 2.54067
    endloop
  endfacet
  facet normal -1 -0 0
    outer loop
      vertex -6 35.8179 5.20812
      vertex -6 34.934 2.60406
      vertex -6 35.4735 5.31259
    endloop
  endfacet
  facet normal -1 0 0
    outer loop
      vertex -6 34.7618 2.6563
      vertex -6 35.4735 5.31259
      vertex -6 34.934 2.60406
    endloop
  endfacet
  facet normal -1 -0 0
    outer loop
      vertex -6 35.4735 5.31259
      vertex -6 34.7618 2.6563
      vertex -6 35.123 5.39432
    endloop
  endfacet
  facet normal -1 0 0
    outer loop
      vertex -6 34.5865 2.69716
      vertex -6 35.123 5.39432
      vertex -6 34.7618 2.6563
    endloop
  endfacet
  facet normal -1 -0 0
    outer loop
      vertex -6 35.123 5.39432
      vertex -6 34.5865 2.69716
      vertex -6 34.7679 5.45295
    endloop
  endfacet
  facet normal -1 0 0
    outer loop
      vertex -6 34.4089 2.72647
      vertex -6 34.7679 5.45295
      vertex -6 34.5865 2.69716
    endloop
  endfacet
  facet normal -1 -0 0
    outer loop
      vertex -6 34.7679 5.45295
      vertex -6 34.4089 2.72647
      vertex -6 34.4097 5.48822
    endloop
  endfacet
  facet normal -1 0 0
    outer loop
      vertex -6 34.2299 2.74411
      vertex -6 34.4097 5.48822
      vertex -6 34.4089 2.72647
    endloop
  endfacet
  facet normal -1 0 0
    outer loop
      vertex -6 34.05 2.75
      vertex -6 34.4097 5.48822
      vertex -6 34.2299 2.74411
    endloop
  endfacet
  facet normal -1 0 0
    outer loop
      vertex -6 34.05 2.75
      vertex -6 34.05 5.5
      vertex -6 34.4097 5.48822
    endloop
  endfacet
  facet normal -1 0 0
    outer loop
      vertex -6 33.8701 2.74411
      vertex -6 34.05 5.5
      vertex -6 34.05 2.75
    endloop
  endfacet
  facet normal -1 0 0
    outer loop
      vertex -6 33.6911 2.72647
      vertex -6 34.05 5.5
      vertex -6 33.8701 2.74411
    endloop
  endfacet
  facet normal -1 0 0
    outer loop
      vertex -6 33.5135 2.69716
      vertex -6 34.05 5.5
      vertex -6 33.6911 2.72647
    endloop
  endfacet
  facet normal -1 0 0
    outer loop
      vertex -6 33.3382 2.6563
      vertex -6 34.05 5.5
      vertex -6 33.5135 2.69716
    endloop
  endfacet
  facet normal -1 0 0
    outer loop
      vertex -6 33.166 2.60406
      vertex -6 34.05 5.5
      vertex -6 33.3382 2.6563
    endloop
  endfacet
  facet normal -1 0 0
    outer loop
      vertex -6 32.9976 2.54067
      vertex -6 34.05 5.5
      vertex -6 33.166 2.60406
    endloop
  endfacet
  facet normal -1 0 0
    outer loop
      vertex -6 32.8337 2.4664
      vertex -6 34.05 5.5
      vertex -6 32.9976 2.54067
    endloop
  endfacet
  facet normal -1 0 0
    outer loop
      vertex -6 32.675 2.38157
      vertex -6 34.05 5.5
      vertex -6 32.8337 2.4664
    endloop
  endfacet
  facet normal -1 0 0
    outer loop
      vertex -6 32.5222 2.28654
      vertex -6 34.05 5.5
      vertex -6 32.675 2.38157
    endloop
  endfacet
  facet normal -1 0 0
    outer loop
      vertex -6 26.5302 5.27719
      vertex -6 32.5222 2.28654
      vertex -6 32.3759 2.18172
    endloop
  endfacet
  facet normal -1 0 0
    outer loop
      vertex -6 26.8186 3.53073
      vertex -6 32.3759 2.18172
      vertex -6 32.2368 2.06756
    endloop
  endfacet
  facet normal -1 0 0
    outer loop
      vertex -6 26.8186 3.53073
      vertex -6 32.2368 2.06756
      vertex -6 32.1055 1.94454
    endloop
  endfacet
  facet normal -1 0 0
    outer loop
      vertex -6 26.8186 3.53073
      vertex -6 32.1055 1.94454
      vertex -6 31.9824 1.8132
    endloop
  endfacet
  facet normal -1 0 0
    outer loop
      vertex -6 26.8186 3.53073
      vertex -6 31.9824 1.8132
      vertex -6 31.8683 1.67409
    endloop
  endfacet
  facet normal -1 0 0
    outer loop
      vertex -6 26.8186 3.53073
      vertex -6 31.8683 1.67409
      vertex -6 31.7635 1.52782
    endloop
  endfacet
  facet normal -1 0 0
    outer loop
      vertex -6 26.9921 1.76915
      vertex -6 31.7635 1.52782
      vertex -6 31.6684 1.375
    endloop
  endfacet
  facet normal -1 0 0
    outer loop
      vertex -6 29.1172 -2.43259
      vertex -6 31.5836 -1.21629
      vertex -6 29.2869 -2.75
    endloop
  endfacet
  facet normal -1 -0 0
    outer loop
      vertex -6 31.5836 -1.21629
      vertex -6 29.1172 -2.43259
      vertex -6 31.5093 -1.05238
    endloop
  endfacet
  facet normal -1 0 0
    outer loop
      vertex -6 28.9687 -2.10476
      vertex -6 31.5093 -1.05238
      vertex -6 29.1172 -2.43259
    endloop
  endfacet
  facet normal -1 -0 0
    outer loop
      vertex -6 31.5093 -1.05238
      vertex -6 28.9687 -2.10476
      vertex -6 31.4459 -0.883958
    endloop
  endfacet
  facet normal -1 0 0
    outer loop
      vertex -6 28.8419 -1.76792
      vertex -6 31.4459 -0.883958
      vertex -6 28.9687 -2.10476
    endloop
  endfacet
  facet normal -1 -0 0
    outer loop
      vertex -6 31.4459 -0.883958
      vertex -6 28.8419 -1.76792
      vertex -6 31.3937 -0.711752
    endloop
  endfacet
  facet normal -1 0 0
    outer loop
      vertex -6 28.7374 -1.4235
      vertex -6 31.3937 -0.711752
      vertex -6 28.8419 -1.76792
    endloop
  endfacet
  facet normal -1 -0 0
    outer loop
      vertex -6 31.3937 -0.711752
      vertex -6 28.7374 -1.4235
      vertex -6 31.3528 -0.536498
    endloop
  endfacet
  facet normal -1 0 0
    outer loop
      vertex -6 28.6557 -1.073
      vertex -6 31.3528 -0.536498
      vertex -6 28.7374 -1.4235
    endloop
  endfacet
  facet normal -1 -0 0
    outer loop
      vertex -6 31.3528 -0.536498
      vertex -6 28.6557 -1.073
      vertex -6 31.3235 -0.358947
    endloop
  endfacet
  facet normal -1 0 0
    outer loop
      vertex -6 28.5971 -0.717894
      vertex -6 31.3235 -0.358947
      vertex -6 28.6557 -1.073
    endloop
  endfacet
  facet normal -1 -0 0
    outer loop
      vertex -6 31.3235 -0.358947
      vertex -6 28.5971 -0.717894
      vertex -6 31.3059 -0.179858
    endloop
  endfacet
  facet normal -1 0 0
    outer loop
      vertex -6 28.5618 -0.359716
      vertex -6 31.3059 -0.179858
      vertex -6 28.5971 -0.717894
    endloop
  endfacet
  facet normal -1 -0 0
    outer loop
      vertex -6 31.3059 -0.179858
      vertex -6 28.5618 -0.359716
      vertex -6 31.3 0
    endloop
  endfacet
  facet normal -1 0 0
    outer loop
      vertex -6 28.55 0
      vertex -6 31.3 0
      vertex -6 28.5618 -0.359716
    endloop
  endfacet
  facet normal -1 0 0
    outer loop
      vertex -6 31.3 0
      vertex -6 28.55 0
      vertex -6 31.3059 0.179858
    endloop
  endfacet
  facet normal -1 -0 0
    outer loop
      vertex -6 31.3059 0.179858
      vertex -6 28.55 0
      vertex -6 31.3235 0.358947
    endloop
  endfacet
  facet normal -1 -0 0
    outer loop
      vertex -6 31.3235 0.358947
      vertex -6 28.55 0
      vertex -6 31.3528 0.536498
    endloop
  endfacet
  facet normal -1 -0 0
    outer loop
      vertex -6 31.3528 0.536498
      vertex -6 28.55 0
      vertex -6 31.3937 0.711752
    endloop
  endfacet
  facet normal -1 -0 0
    outer loop
      vertex -6 31.3937 0.711752
      vertex -6 28.55 0
      vertex -6 31.4459 0.883958
    endloop
  endfacet
  facet normal -1 -0 0
    outer loop
      vertex -6 31.4459 0.883958
      vertex -6 28.55 0
      vertex -6 31.5093 1.05238
    endloop
  endfacet
  facet normal -1 -0 0
    outer loop
      vertex -6 31.5093 1.05238
      vertex -6 28.55 0
      vertex -6 31.5836 1.21629
    endloop
  endfacet
  facet normal -1 0 0
    outer loop
      vertex -6 26.9921 1.76915
      vertex -6 31.5836 1.21629
      vertex -6 28.55 0
    endloop
  endfacet
  facet normal -1 0 0
    outer loop
      vertex -6 31.5836 1.21629
      vertex -6 26.9921 1.76915
      vertex -6 31.6684 1.375
    endloop
  endfacet
  facet normal -1 0 0
    outer loop
      vertex -6 26.9921 1.76915
      vertex -6 28.55 0
      vertex -6 27.0238 0.799999
    endloop
  endfacet
  facet normal -1 0 0
    outer loop
      vertex -6 31.7635 1.52782
      vertex -6 26.9921 1.76915
      vertex -6 26.8186 3.53073
    endloop
  endfacet
  facet normal -1 0 0
    outer loop
      vertex -6 32.3759 2.18172
      vertex -6 26.8186 3.53073
      vertex -6 26.5302 5.27719
    endloop
  endfacet
  facet normal -1 0 0
    outer loop
      vertex -6 32.5222 2.28654
      vertex -6 26.5302 5.27719
      vertex -6 34.05 5.5
    endloop
  endfacet
  facet normal -1 -0 0
    outer loop
      vertex -6 34.05 5.5
      vertex -6 26.5302 5.27719
      vertex -6 26.4783 5.5
    endloop
  endfacet
  facet normal 0 -0.68357 -0.729885
    outer loop
      vertex -6 30.1609 -3.88909
      vertex 6 30.4236 -4.13512
      vertex 6 30.1609 -3.88909
    endloop
  endfacet
  facet normal -0 -0.68357 -0.729885
    outer loop
      vertex 6 30.4236 -4.13512
      vertex -6 30.1609 -3.88909
      vertex -6 30.4236 -4.13512
    endloop
  endfacet
  facet normal -0 0.412743 0.910847
    outer loop
      vertex -6 36.4826 4.9328
      vertex 6 36.1548 5.08134
      vertex 6 36.4826 4.9328
    endloop
  endfacet
  facet normal 0 0.412743 0.910847
    outer loop
      vertex 6 36.1548 5.08134
      vertex -6 36.4826 4.9328
      vertex -6 36.1548 5.08134
    endloop
  endfacet
  facet normal 0 0.881874 0.471485
    outer loop
      vertex 6 38.9828 2.43259
      vertex -6 38.8131 2.75
      vertex 6 38.8131 2.75
    endloop
  endfacet
  facet normal 0 0.881874 0.471485
    outer loop
      vertex -6 38.8131 2.75
      vertex 6 38.9828 2.43259
      vertex -6 38.9828 2.43259
    endloop
  endfacet
  facet normal -0 0 1
    outer loop
      vertex -6 34.05 5.5
      vertex 6 26.4783 5.5
      vertex 6 34.05 5.5
    endloop
  endfacet
  facet normal 0 0 1
    outer loop
      vertex 6 26.4783 5.5
      vertex -6 34.05 5.5
      vertex -6 26.4783 5.5
    endloop
  endfacet
  facet normal 0 0 -1
    outer loop
      vertex -6 25.05 0
      vertex 6 28.55 0
      vertex 6 25.05 0
    endloop
  endfacet
  facet normal -0 0 -1
    outer loop
      vertex 6 28.55 0
      vertex -6 25.05 0
      vertex -6 28.55 0
    endloop
  endfacet
  facet normal 0 -1 0
    outer loop
      vertex -6 25.05 0
      vertex 6 25.05 0.799999
      vertex -6 25.05 0.799999
    endloop
  endfacet
  facet normal 0 -1 -0
    outer loop
      vertex 6 25.05 0.799999
      vertex -6 25.05 0
      vertex 6 25.05 0
    endloop
  endfacet
  facet normal 0 0.881996 0.471257
    outer loop
      vertex 6 31.6684 -1.375
      vertex -6 31.5836 -1.21629
      vertex 6 31.5836 -1.21629
    endloop
  endfacet
  facet normal 0 0.881996 0.471257
    outer loop
      vertex -6 31.5836 -1.21629
      vertex 6 31.6684 -1.375
      vertex -6 31.6684 -1.375
    endloop
  endfacet
  facet normal 0 0.683723 -0.729742
    outer loop
      vertex -6 32.1055 1.94454
      vertex 6 32.2368 2.06756
      vertex 6 32.1055 1.94454
    endloop
  endfacet
  facet normal 0 0.683723 -0.729742
    outer loop
      vertex 6 32.2368 2.06756
      vertex -6 32.1055 1.94454
      vertex -6 32.2368 2.06756
    endloop
  endfacet
  facet normal 0 -0.986656 0.162821
    outer loop
      vertex -6 36.7472 -0.536498
      vertex 6 36.7765 -0.358947
      vertex -6 36.7765 -0.358947
    endloop
  endfacet
  facet normal 0 -0.986656 0.162821
    outer loop
      vertex 6 36.7765 -0.358947
      vertex -6 36.7472 -0.536498
      vertex 6 36.7472 -0.536498
    endloop
  endfacet
  facet normal 0 0.0327229 -0.999464
    outer loop
      vertex -6 33.8701 2.74411
      vertex 6 34.05 2.75
      vertex 6 33.8701 2.74411
    endloop
  endfacet
  facet normal 0 0.0327229 -0.999464
    outer loop
      vertex 6 34.05 2.75
      vertex -6 33.8701 2.74411
      vertex -6 34.05 2.75
    endloop
  endfacet
  facet normal 0 0.290304 -0.956935
    outer loop
      vertex -6 33.166 2.60406
      vertex 6 33.3382 2.6563
      vertex 6 33.166 2.60406
    endloop
  endfacet
  facet normal 0 0.290304 -0.956935
    outer loop
      vertex 6 33.3382 2.6563
      vertex -6 33.166 2.60406
      vertex -6 33.3382 2.6563
    endloop
  endfacet
  facet normal 0 -0.729624 -0.683849
    outer loop
      vertex -6 36.1176 1.8132
      vertex 6 35.9945 1.94454
      vertex -6 35.9945 1.94454
    endloop
  endfacet
  facet normal 0 -0.729624 -0.683849
    outer loop
      vertex 6 35.9945 1.94454
      vertex -6 36.1176 1.8132
      vertex 6 36.1176 1.8132
    endloop
  endfacet
  facet normal 0 0.999462 0.032786
    outer loop
      vertex 6 31.3059 -0.179858
      vertex -6 31.3 0
      vertex 6 31.3 0
    endloop
  endfacet
  facet normal 0 0.999462 0.032786
    outer loop
      vertex -6 31.3 0
      vertex 6 31.3059 -0.179858
      vertex -6 31.3059 -0.179858
    endloop
  endfacet
  facet normal 0 -0.290304 -0.956935
    outer loop
      vertex -6 34.7618 2.6563
      vertex 6 34.934 2.60406
      vertex 6 34.7618 2.6563
    endloop
  endfacet
  facet normal -0 -0.290304 -0.956935
    outer loop
      vertex 6 34.934 2.60406
      vertex -6 34.7618 2.6563
      vertex -6 34.934 2.60406
    endloop
  endfacet
  facet normal 0 -0.634405 0.773001
    outer loop
      vertex -6 35.8632 -2.06756
      vertex 6 35.7241 -2.18172
      vertex 6 35.8632 -2.06756
    endloop
  endfacet
  facet normal 0 -0.634405 0.773001
    outer loop
      vertex 6 35.7241 -2.18172
      vertex -6 35.8632 -2.06756
      vertex -6 35.7241 -2.18172
    endloop
  endfacet
  facet normal 0 0.412743 -0.910847
    outer loop
      vertex -6 32.8337 2.4664
      vertex 6 32.9976 2.54067
      vertex 6 32.8337 2.4664
    endloop
  endfacet
  facet normal 0 0.412743 -0.910847
    outer loop
      vertex 6 32.9976 2.54067
      vertex -6 32.8337 2.4664
      vertex -6 32.9976 2.54067
    endloop
  endfacet
  facet normal 0 0.995206 0.097804
    outer loop
      vertex 6 31.3235 -0.358947
      vertex -6 31.3059 -0.179858
      vertex 6 31.3059 -0.179858
    endloop
  endfacet
  facet normal 0 0.995206 0.097804
    outer loop
      vertex -6 31.3059 -0.179858
      vertex 6 31.3235 -0.358947
      vertex -6 31.3235 -0.358947
    endloop
  endfacet
  facet normal 0 -0.0327229 0.999464
    outer loop
      vertex -6 34.2299 -2.74411
      vertex 6 34.05 -2.75
      vertex 6 34.2299 -2.74411
    endloop
  endfacet
  facet normal 0 -0.0327229 0.999464
    outer loop
      vertex 6 34.05 -2.75
      vertex -6 34.2299 -2.74411
      vertex -6 34.05 -2.75
    endloop
  endfacet
  facet normal -0 0.0327229 0.999464
    outer loop
      vertex -6 34.05 -2.75
      vertex 6 33.8701 -2.74411
      vertex 6 34.05 -2.75
    endloop
  endfacet
  facet normal 0 0.0327229 0.999464
    outer loop
      vertex 6 33.8701 -2.74411
      vertex -6 34.05 -2.75
      vertex -6 33.8701 -2.74411
    endloop
  endfacet
  facet normal 0 -0.935887 -0.352301
    outer loop
      vertex -6 36.6541 0.883958
      vertex 6 36.5907 1.05238
      vertex -6 36.5907 1.05238
    endloop
  endfacet
  facet normal 0 -0.935887 -0.352301
    outer loop
      vertex 6 36.5907 1.05238
      vertex -6 36.6541 0.883958
      vertex 6 36.6541 0.883958
    endloop
  endfacet
  facet normal 0 -0.634405 -0.773001
    outer loop
      vertex -6 35.7241 2.18172
      vertex 6 35.8632 2.06756
      vertex 6 35.7241 2.18172
    endloop
  endfacet
  facet normal -0 -0.634405 -0.773001
    outer loop
      vertex 6 35.8632 2.06756
      vertex -6 35.7241 2.18172
      vertex -6 35.8632 2.06756
    endloop
  endfacet
  facet normal 0 -0.352293 0.93589
    outer loop
      vertex -6 35.1024 -2.54067
      vertex 6 34.934 -2.60406
      vertex 6 35.1024 -2.54067
    endloop
  endfacet
  facet normal 0 -0.352293 0.93589
    outer loop
      vertex 6 34.934 -2.60406
      vertex -6 35.1024 -2.54067
      vertex -6 34.934 -2.60406
    endloop
  endfacet
  facet normal 0 -0.683723 0.729742
    outer loop
      vertex -6 35.9945 -1.94454
      vertex 6 35.8632 -2.06756
      vertex 6 35.9945 -1.94454
    endloop
  endfacet
  facet normal 0 -0.683723 0.729742
    outer loop
      vertex 6 35.8632 -2.06756
      vertex -6 35.9945 -1.94454
      vertex -6 35.8632 -2.06756
    endloop
  endfacet
  facet normal 0 -0.995206 0.097804
    outer loop
      vertex -6 36.7765 -0.358947
      vertex 6 36.7941 -0.179858
      vertex -6 36.7941 -0.179858
    endloop
  endfacet
  facet normal 0 -0.995206 0.097804
    outer loop
      vertex 6 36.7941 -0.179858
      vertex -6 36.7765 -0.358947
      vertex 6 36.7765 -0.358947
    endloop
  endfacet
  facet normal 0 -0.582415 -0.812892
    outer loop
      vertex -6 35.5778 2.28654
      vertex 6 35.7241 2.18172
      vertex 6 35.5778 2.28654
    endloop
  endfacet
  facet normal -0 -0.582415 -0.812892
    outer loop
      vertex 6 35.7241 2.18172
      vertex -6 35.5778 2.28654
      vertex -6 35.7241 2.18172
    endloop
  endfacet
  facet normal 0 -0.582415 0.812892
    outer loop
      vertex -6 35.7241 -2.18172
      vertex 6 35.5778 -2.28654
      vertex 6 35.7241 -2.18172
    endloop
  endfacet
  facet normal 0 -0.582415 0.812892
    outer loop
      vertex 6 35.5778 -2.28654
      vertex -6 35.7241 -2.18172
      vertex -6 35.5778 -2.28654
    endloop
  endfacet
  facet normal 0 -0.999462 0.032786
    outer loop
      vertex -6 36.7941 -0.179858
      vertex 6 36.8 0
      vertex -6 36.8 0
    endloop
  endfacet
  facet normal 0 -0.999462 0.032786
    outer loop
      vertex 6 36.8 0
      vertex -6 36.7941 -0.179858
      vertex 6 36.7941 -0.179858
    endloop
  endfacet
  facet normal 0 0.973832 0.227269
    outer loop
      vertex 6 31.3937 -0.711752
      vertex -6 31.3528 -0.536498
      vertex 6 31.3528 -0.536498
    endloop
  endfacet
  facet normal 0 0.973832 0.227269
    outer loop
      vertex -6 31.3528 -0.536498
      vertex 6 31.3937 -0.711752
      vertex -6 31.3937 -0.711752
    endloop
  endfacet
  facet normal -0 0.227001 0.973894
    outer loop
      vertex -6 33.5135 -2.69716
      vertex 6 33.3382 -2.6563
      vertex 6 33.5135 -2.69716
    endloop
  endfacet
  facet normal 0 0.227001 0.973894
    outer loop
      vertex 6 33.3382 -2.6563
      vertex -6 33.5135 -2.69716
      vertex -6 33.3382 -2.6563
    endloop
  endfacet
  facet normal 0 -0.773187 0.634179
    outer loop
      vertex -6 36.1176 -1.8132
      vertex 6 36.2317 -1.67409
      vertex -6 36.2317 -1.67409
    endloop
  endfacet
  facet normal 0 -0.773187 0.634179
    outer loop
      vertex 6 36.2317 -1.67409
      vertex -6 36.1176 -1.8132
      vertex 6 36.1176 -1.8132
    endloop
  endfacet
  facet normal 0 -0.910794 0.412861
    outer loop
      vertex -6 36.5164 -1.21629
      vertex 6 36.5907 -1.05238
      vertex -6 36.5907 -1.05238
    endloop
  endfacet
  facet normal 0 -0.910794 0.412861
    outer loop
      vertex 6 36.5907 -1.05238
      vertex -6 36.5164 -1.21629
      vertex 6 36.5164 -1.21629
    endloop
  endfacet
  facet normal 0 -0.812888 0.58242
    outer loop
      vertex -6 36.2317 -1.67409
      vertex 6 36.3365 -1.52782
      vertex -6 36.3365 -1.52782
    endloop
  endfacet
  facet normal 0 -0.812888 0.58242
    outer loop
      vertex 6 36.3365 -1.52782
      vertex -6 36.2317 -1.67409
      vertex 6 36.2317 -1.67409
    endloop
  endfacet
  facet normal 0 0.812888 -0.58242
    outer loop
      vertex 6 31.7635 1.52782
      vertex -6 31.8683 1.67409
      vertex 6 31.8683 1.67409
    endloop
  endfacet
  facet normal 0 0.812888 -0.58242
    outer loop
      vertex -6 31.8683 1.67409
      vertex 6 31.7635 1.52782
      vertex -6 31.7635 1.52782
    endloop
  endfacet
  facet normal 0 0.634405 -0.773001
    outer loop
      vertex -6 32.2368 2.06756
      vertex 6 32.3759 2.18172
      vertex 6 32.2368 2.06756
    endloop
  endfacet
  facet normal 0 0.634405 -0.773001
    outer loop
      vertex 6 32.3759 2.18172
      vertex -6 32.2368 2.06756
      vertex -6 32.3759 2.18172
    endloop
  endfacet
  facet normal 0 0.729624 0.683849
    outer loop
      vertex 6 32.1055 -1.94454
      vertex -6 31.9824 -1.8132
      vertex 6 31.9824 -1.8132
    endloop
  endfacet
  facet normal 0 0.729624 0.683849
    outer loop
      vertex -6 31.9824 -1.8132
      vertex 6 32.1055 -1.94454
      vertex -6 32.1055 -1.94454
    endloop
  endfacet
  facet normal 0 -0.0980724 0.995179
    outer loop
      vertex -6 34.4089 -2.72647
      vertex 6 34.2299 -2.74411
      vertex 6 34.4089 -2.72647
    endloop
  endfacet
  facet normal 0 -0.0980724 0.995179
    outer loop
      vertex 6 34.2299 -2.74411
      vertex -6 34.4089 -2.72647
      vertex -6 34.2299 -2.74411
    endloop
  endfacet
  facet normal 0 -0.956999 0.290091
    outer loop
      vertex -6 36.6541 -0.883958
      vertex 6 36.7063 -0.711752
      vertex -6 36.7063 -0.711752
    endloop
  endfacet
  facet normal 0 -0.956999 0.290091
    outer loop
      vertex 6 36.7063 -0.711752
      vertex -6 36.6541 -0.883958
      vertex 6 36.6541 -0.883958
    endloop
  endfacet
  facet normal -0 0.582415 0.812892
    outer loop
      vertex -6 32.5222 -2.28654
      vertex 6 32.3759 -2.18172
      vertex 6 32.5222 -2.28654
    endloop
  endfacet
  facet normal 0 0.582415 0.812892
    outer loop
      vertex 6 32.3759 -2.18172
      vertex -6 32.5222 -2.28654
      vertex -6 32.3759 -2.18172
    endloop
  endfacet
  facet normal 0 -0.528119 -0.84917
    outer loop
      vertex -6 35.425 2.38157
      vertex 6 35.5778 2.28654
      vertex 6 35.425 2.38157
    endloop
  endfacet
  facet normal -0 -0.528119 -0.84917
    outer loop
      vertex 6 35.5778 2.28654
      vertex -6 35.425 2.38157
      vertex -6 35.5778 2.28654
    endloop
  endfacet
  facet normal 0 -0.528119 0.84917
    outer loop
      vertex -6 35.5778 -2.28654
      vertex 6 35.425 -2.38157
      vertex 6 35.5778 -2.28654
    endloop
  endfacet
  facet normal 0 -0.528119 0.84917
    outer loop
      vertex 6 35.425 -2.38157
      vertex -6 35.5778 -2.28654
      vertex -6 35.425 -2.38157
    endloop
  endfacet
  facet normal 0 -0.986656 -0.162821
    outer loop
      vertex -6 36.7765 0.358947
      vertex 6 36.7472 0.536498
      vertex -6 36.7472 0.536498
    endloop
  endfacet
  facet normal 0 -0.986656 -0.162821
    outer loop
      vertex 6 36.7472 0.536498
      vertex -6 36.7765 0.358947
      vertex 6 36.7765 0.358947
    endloop
  endfacet
  facet normal -0 0.290304 0.956935
    outer loop
      vertex -6 33.3382 -2.6563
      vertex 6 33.166 -2.60406
      vertex 6 33.3382 -2.6563
    endloop
  endfacet
  facet normal 0 0.290304 0.956935
    outer loop
      vertex 6 33.166 -2.60406
      vertex -6 33.3382 -2.6563
      vertex -6 33.166 -2.60406
    endloop
  endfacet
  facet normal 0 0.973832 -0.227269
    outer loop
      vertex 6 31.3528 0.536498
      vertex -6 31.3937 0.711752
      vertex 6 31.3937 0.711752
    endloop
  endfacet
  facet normal 0 0.973832 -0.227269
    outer loop
      vertex -6 31.3937 0.711752
      vertex 6 31.3528 0.536498
      vertex -6 31.3528 0.536498
    endloop
  endfacet
  facet normal -0 0.634405 0.773001
    outer loop
      vertex -6 32.3759 -2.18172
      vertex 6 32.2368 -2.06756
      vertex 6 32.3759 -2.18172
    endloop
  endfacet
  facet normal 0 0.634405 0.773001
    outer loop
      vertex 6 32.2368 -2.06756
      vertex -6 32.3759 -2.18172
      vertex -6 32.2368 -2.06756
    endloop
  endfacet
  facet normal 0 0.849027 0.52835
    outer loop
      vertex 6 31.7635 -1.52782
      vertex -6 31.6684 -1.375
      vertex 6 31.6684 -1.375
    endloop
  endfacet
  facet normal 0 0.849027 0.52835
    outer loop
      vertex -6 31.6684 -1.375
      vertex 6 31.7635 -1.52782
      vertex -6 31.7635 -1.52782
    endloop
  endfacet
  facet normal 0 -0.881996 0.471257
    outer loop
      vertex -6 36.4316 -1.375
      vertex 6 36.5164 -1.21629
      vertex -6 36.5164 -1.21629
    endloop
  endfacet
  facet normal 0 -0.881996 0.471257
    outer loop
      vertex 6 36.5164 -1.21629
      vertex -6 36.4316 -1.375
      vertex 6 36.4316 -1.375
    endloop
  endfacet
  facet normal 0 0.812888 0.58242
    outer loop
      vertex 6 31.8683 -1.67409
      vertex -6 31.7635 -1.52782
      vertex 6 31.7635 -1.52782
    endloop
  endfacet
  facet normal 0 0.812888 0.58242
    outer loop
      vertex -6 31.7635 -1.52782
      vertex 6 31.8683 -1.67409
      vertex -6 31.8683 -1.67409
    endloop
  endfacet
  facet normal 0 -0.47141 0.881914
    outer loop
      vertex -6 35.425 -2.38157
      vertex 6 35.2663 -2.4664
      vertex 6 35.425 -2.38157
    endloop
  endfacet
  facet normal 0 -0.47141 0.881914
    outer loop
      vertex 6 35.2663 -2.4664
      vertex -6 35.425 -2.38157
      vertex -6 35.2663 -2.4664
    endloop
  endfacet
  facet normal 0 -0.412743 0.910847
    outer loop
      vertex -6 35.2663 -2.4664
      vertex 6 35.1024 -2.54067
      vertex 6 35.2663 -2.4664
    endloop
  endfacet
  facet normal 0 -0.412743 0.910847
    outer loop
      vertex 6 35.1024 -2.54067
      vertex -6 35.2663 -2.4664
      vertex -6 35.1024 -2.54067
    endloop
  endfacet
  facet normal -0 0.528119 0.84917
    outer loop
      vertex -6 32.675 -2.38157
      vertex 6 32.5222 -2.28654
      vertex 6 32.675 -2.38157
    endloop
  endfacet
  facet normal 0 0.528119 0.84917
    outer loop
      vertex 6 32.5222 -2.28654
      vertex -6 32.675 -2.38157
      vertex -6 32.5222 -2.28654
    endloop
  endfacet
  facet normal 0 -0.227001 0.973894
    outer loop
      vertex -6 34.7618 -2.6563
      vertex 6 34.5865 -2.69716
      vertex 6 34.7618 -2.6563
    endloop
  endfacet
  facet normal 0 -0.227001 0.973894
    outer loop
      vertex 6 34.5865 -2.69716
      vertex -6 34.7618 -2.6563
      vertex -6 34.5865 -2.69716
    endloop
  endfacet
  facet normal 0 0.956999 0.290091
    outer loop
      vertex 6 31.4459 -0.883958
      vertex -6 31.3937 -0.711752
      vertex 6 31.3937 -0.711752
    endloop
  endfacet
  facet normal 0 0.956999 0.290091
    outer loop
      vertex -6 31.3937 -0.711752
      vertex 6 31.4459 -0.883958
      vertex -6 31.4459 -0.883958
    endloop
  endfacet
  facet normal 0 -0.849027 0.52835
    outer loop
      vertex -6 36.3365 -1.52782
      vertex 6 36.4316 -1.375
      vertex -6 36.4316 -1.375
    endloop
  endfacet
  facet normal 0 -0.849027 0.52835
    outer loop
      vertex 6 36.4316 -1.375
      vertex -6 36.3365 -1.52782
      vertex 6 36.3365 -1.52782
    endloop
  endfacet
  facet normal -0 0.0980724 0.995179
    outer loop
      vertex -6 33.8701 -2.74411
      vertex 6 33.6911 -2.72647
      vertex 6 33.8701 -2.74411
    endloop
  endfacet
  facet normal 0 0.0980724 0.995179
    outer loop
      vertex 6 33.6911 -2.72647
      vertex -6 33.8701 -2.74411
      vertex -6 33.6911 -2.72647
    endloop
  endfacet
  facet normal 0 -0.352293 -0.93589
    outer loop
      vertex -6 34.934 2.60406
      vertex 6 35.1024 2.54067
      vertex 6 34.934 2.60406
    endloop
  endfacet
  facet normal -0 -0.352293 -0.93589
    outer loop
      vertex 6 35.1024 2.54067
      vertex -6 34.934 2.60406
      vertex -6 35.1024 2.54067
    endloop
  endfacet
  facet normal 0 -0.290304 0.956935
    outer loop
      vertex -6 34.934 -2.60406
      vertex 6 34.7618 -2.6563
      vertex 6 34.934 -2.60406
    endloop
  endfacet
  facet normal 0 -0.290304 0.956935
    outer loop
      vertex 6 34.7618 -2.6563
      vertex -6 34.934 -2.60406
      vertex -6 34.7618 -2.6563
    endloop
  endfacet
  facet normal 0 -0.881996 -0.471257
    outer loop
      vertex -6 36.5164 1.21629
      vertex 6 36.4316 1.375
      vertex -6 36.4316 1.375
    endloop
  endfacet
  facet normal 0 -0.881996 -0.471257
    outer loop
      vertex 6 36.4316 1.375
      vertex -6 36.5164 1.21629
      vertex 6 36.5164 1.21629
    endloop
  endfacet
  facet normal 0 0.910794 0.412861
    outer loop
      vertex 6 31.5836 -1.21629
      vertex -6 31.5093 -1.05238
      vertex 6 31.5093 -1.05238
    endloop
  endfacet
  facet normal 0 0.910794 0.412861
    outer loop
      vertex -6 31.5093 -1.05238
      vertex 6 31.5836 -1.21629
      vertex -6 31.5836 -1.21629
    endloop
  endfacet
  facet normal 0 0.528119 -0.84917
    outer loop
      vertex -6 32.5222 2.28654
      vertex 6 32.675 2.38157
      vertex 6 32.5222 2.28654
    endloop
  endfacet
  facet normal 0 0.528119 -0.84917
    outer loop
      vertex 6 32.675 2.38157
      vertex -6 32.5222 2.28654
      vertex -6 32.675 2.38157
    endloop
  endfacet
  facet normal 0 -0.683723 -0.729742
    outer loop
      vertex -6 35.8632 2.06756
      vertex 6 35.9945 1.94454
      vertex 6 35.8632 2.06756
    endloop
  endfacet
  facet normal -0 -0.683723 -0.729742
    outer loop
      vertex 6 35.9945 1.94454
      vertex -6 35.8632 2.06756
      vertex -6 35.9945 1.94454
    endloop
  endfacet
  facet normal 0 -0.973832 -0.227269
    outer loop
      vertex -6 36.7472 0.536498
      vertex 6 36.7063 0.711752
      vertex -6 36.7063 0.711752
    endloop
  endfacet
  facet normal 0 -0.973832 -0.227269
    outer loop
      vertex 6 36.7063 0.711752
      vertex -6 36.7472 0.536498
      vertex 6 36.7472 0.536498
    endloop
  endfacet
  facet normal 0 0.849027 -0.52835
    outer loop
      vertex 6 31.6684 1.375
      vertex -6 31.7635 1.52782
      vertex 6 31.7635 1.52782
    endloop
  endfacet
  facet normal 0 0.849027 -0.52835
    outer loop
      vertex -6 31.7635 1.52782
      vertex 6 31.6684 1.375
      vertex -6 31.6684 1.375
    endloop
  endfacet
  facet normal 0 0.47141 -0.881914
    outer loop
      vertex -6 32.675 2.38157
      vertex 6 32.8337 2.4664
      vertex 6 32.675 2.38157
    endloop
  endfacet
  facet normal 0 0.47141 -0.881914
    outer loop
      vertex 6 32.8337 2.4664
      vertex -6 32.675 2.38157
      vertex -6 32.8337 2.4664
    endloop
  endfacet
  facet normal 0 0.227001 -0.973894
    outer loop
      vertex -6 33.3382 2.6563
      vertex 6 33.5135 2.69716
      vertex 6 33.3382 2.6563
    endloop
  endfacet
  facet normal 0 0.227001 -0.973894
    outer loop
      vertex 6 33.5135 2.69716
      vertex -6 33.3382 2.6563
      vertex -6 33.5135 2.69716
    endloop
  endfacet
  facet normal -0 0.47141 0.881914
    outer loop
      vertex -6 32.8337 -2.4664
      vertex 6 32.675 -2.38157
      vertex 6 32.8337 -2.4664
    endloop
  endfacet
  facet normal 0 0.47141 0.881914
    outer loop
      vertex 6 32.675 -2.38157
      vertex -6 32.8337 -2.4664
      vertex -6 32.675 -2.38157
    endloop
  endfacet
  facet normal 0 0.0980724 -0.995179
    outer loop
      vertex -6 33.6911 2.72647
      vertex 6 33.8701 2.74411
      vertex 6 33.6911 2.72647
    endloop
  endfacet
  facet normal 0 0.0980724 -0.995179
    outer loop
      vertex 6 33.8701 2.74411
      vertex -6 33.6911 2.72647
      vertex -6 33.8701 2.74411
    endloop
  endfacet
  facet normal 0 -0.995206 -0.097804
    outer loop
      vertex -6 36.7941 0.179858
      vertex 6 36.7765 0.358947
      vertex -6 36.7765 0.358947
    endloop
  endfacet
  facet normal 0 -0.995206 -0.097804
    outer loop
      vertex 6 36.7765 0.358947
      vertex -6 36.7941 0.179858
      vertex 6 36.7941 0.179858
    endloop
  endfacet
  facet normal 0 -0.47141 -0.881914
    outer loop
      vertex -6 35.2663 2.4664
      vertex 6 35.425 2.38157
      vertex 6 35.2663 2.4664
    endloop
  endfacet
  facet normal -0 -0.47141 -0.881914
    outer loop
      vertex 6 35.425 2.38157
      vertex -6 35.2663 2.4664
      vertex -6 35.425 2.38157
    endloop
  endfacet
  facet normal 0 -0.227001 -0.973894
    outer loop
      vertex -6 34.5865 2.69716
      vertex 6 34.7618 2.6563
      vertex 6 34.5865 2.69716
    endloop
  endfacet
  facet normal -0 -0.227001 -0.973894
    outer loop
      vertex 6 34.7618 2.6563
      vertex -6 34.5865 2.69716
      vertex -6 34.7618 2.6563
    endloop
  endfacet
  facet normal 0 0.162831 -0.986654
    outer loop
      vertex -6 33.5135 2.69716
      vertex 6 33.6911 2.72647
      vertex 6 33.5135 2.69716
    endloop
  endfacet
  facet normal 0 0.162831 -0.986654
    outer loop
      vertex 6 33.6911 2.72647
      vertex -6 33.5135 2.69716
      vertex -6 33.6911 2.72647
    endloop
  endfacet
  facet normal -0 0.352293 0.93589
    outer loop
      vertex -6 33.166 -2.60406
      vertex 6 32.9976 -2.54067
      vertex 6 33.166 -2.60406
    endloop
  endfacet
  facet normal 0 0.352293 0.93589
    outer loop
      vertex 6 32.9976 -2.54067
      vertex -6 33.166 -2.60406
      vertex -6 32.9976 -2.54067
    endloop
  endfacet
  facet normal 0 0.935887 0.352301
    outer loop
      vertex 6 31.5093 -1.05238
      vertex -6 31.4459 -0.883958
      vertex 6 31.4459 -0.883958
    endloop
  endfacet
  facet normal 0 0.935887 0.352301
    outer loop
      vertex -6 31.4459 -0.883958
      vertex 6 31.5093 -1.05238
      vertex -6 31.5093 -1.05238
    endloop
  endfacet
  facet normal 0 -0.0327229 -0.999464
    outer loop
      vertex -6 34.05 2.75
      vertex 6 34.2299 2.74411
      vertex 6 34.05 2.75
    endloop
  endfacet
  facet normal -0 -0.0327229 -0.999464
    outer loop
      vertex 6 34.2299 2.74411
      vertex -6 34.05 2.75
      vertex -6 34.2299 2.74411
    endloop
  endfacet
  facet normal 0 -0.973832 0.227269
    outer loop
      vertex -6 36.7063 -0.711752
      vertex 6 36.7472 -0.536498
      vertex -6 36.7472 -0.536498
    endloop
  endfacet
  facet normal 0 -0.973832 0.227269
    outer loop
      vertex 6 36.7472 -0.536498
      vertex -6 36.7063 -0.711752
      vertex 6 36.7063 -0.711752
    endloop
  endfacet
  facet normal 0 -0.729624 0.683849
    outer loop
      vertex -6 35.9945 -1.94454
      vertex 6 36.1176 -1.8132
      vertex -6 36.1176 -1.8132
    endloop
  endfacet
  facet normal 0 -0.729624 0.683849
    outer loop
      vertex 6 36.1176 -1.8132
      vertex -6 35.9945 -1.94454
      vertex 6 35.9945 -1.94454
    endloop
  endfacet
  facet normal 0 -0.0980724 -0.995179
    outer loop
      vertex -6 34.2299 2.74411
      vertex 6 34.4089 2.72647
      vertex 6 34.2299 2.74411
    endloop
  endfacet
  facet normal -0 -0.0980724 -0.995179
    outer loop
      vertex 6 34.4089 2.72647
      vertex -6 34.2299 2.74411
      vertex -6 34.4089 2.72647
    endloop
  endfacet
  facet normal 0 -0.162831 -0.986654
    outer loop
      vertex -6 34.4089 2.72647
      vertex 6 34.5865 2.69716
      vertex 6 34.4089 2.72647
    endloop
  endfacet
  facet normal -0 -0.162831 -0.986654
    outer loop
      vertex 6 34.5865 2.69716
      vertex -6 34.4089 2.72647
      vertex -6 34.5865 2.69716
    endloop
  endfacet
  facet normal 0 0.956999 -0.290091
    outer loop
      vertex 6 31.3937 0.711752
      vertex -6 31.4459 0.883958
      vertex 6 31.4459 0.883958
    endloop
  endfacet
  facet normal 0 0.956999 -0.290091
    outer loop
      vertex -6 31.4459 0.883958
      vertex 6 31.3937 0.711752
      vertex -6 31.3937 0.711752
    endloop
  endfacet
  facet normal 0 -0.162831 0.986654
    outer loop
      vertex -6 34.5865 -2.69716
      vertex 6 34.4089 -2.72647
      vertex 6 34.5865 -2.69716
    endloop
  endfacet
  facet normal 0 -0.162831 0.986654
    outer loop
      vertex 6 34.4089 -2.72647
      vertex -6 34.5865 -2.69716
      vertex -6 34.4089 -2.72647
    endloop
  endfacet
  facet normal 0 -0.999462 -0.032786
    outer loop
      vertex -6 36.8 0
      vertex 6 36.7941 0.179858
      vertex -6 36.7941 0.179858
    endloop
  endfacet
  facet normal 0 -0.999462 -0.032786
    outer loop
      vertex 6 36.7941 0.179858
      vertex -6 36.8 0
      vertex 6 36.8 0
    endloop
  endfacet
  facet normal 0 -0.956999 -0.290091
    outer loop
      vertex -6 36.7063 0.711752
      vertex 6 36.6541 0.883958
      vertex -6 36.6541 0.883958
    endloop
  endfacet
  facet normal 0 -0.956999 -0.290091
    outer loop
      vertex 6 36.6541 0.883958
      vertex -6 36.7063 0.711752
      vertex 6 36.7063 0.711752
    endloop
  endfacet
  facet normal 0 -0.849027 -0.52835
    outer loop
      vertex -6 36.4316 1.375
      vertex 6 36.3365 1.52782
      vertex -6 36.3365 1.52782
    endloop
  endfacet
  facet normal 0 -0.849027 -0.52835
    outer loop
      vertex 6 36.3365 1.52782
      vertex -6 36.4316 1.375
      vertex 6 36.4316 1.375
    endloop
  endfacet
  facet normal -0 0.412743 0.910847
    outer loop
      vertex -6 32.9976 -2.54067
      vertex 6 32.8337 -2.4664
      vertex 6 32.9976 -2.54067
    endloop
  endfacet
  facet normal 0 0.412743 0.910847
    outer loop
      vertex 6 32.8337 -2.4664
      vertex -6 32.9976 -2.54067
      vertex -6 32.8337 -2.4664
    endloop
  endfacet
  facet normal 0 0.986656 0.162821
    outer loop
      vertex 6 31.3528 -0.536498
      vertex -6 31.3235 -0.358947
      vertex 6 31.3235 -0.358947
    endloop
  endfacet
  facet normal 0 0.986656 0.162821
    outer loop
      vertex -6 31.3235 -0.358947
      vertex 6 31.3528 -0.536498
      vertex -6 31.3528 -0.536498
    endloop
  endfacet
  facet normal 0 0.773187 0.634179
    outer loop
      vertex 6 31.9824 -1.8132
      vertex -6 31.8683 -1.67409
      vertex 6 31.8683 -1.67409
    endloop
  endfacet
  facet normal 0 0.773187 0.634179
    outer loop
      vertex -6 31.8683 -1.67409
      vertex 6 31.9824 -1.8132
      vertex -6 31.9824 -1.8132
    endloop
  endfacet
  facet normal 0 0.352293 -0.93589
    outer loop
      vertex -6 32.9976 2.54067
      vertex 6 33.166 2.60406
      vertex 6 32.9976 2.54067
    endloop
  endfacet
  facet normal 0 0.352293 -0.93589
    outer loop
      vertex 6 33.166 2.60406
      vertex -6 32.9976 2.54067
      vertex -6 33.166 2.60406
    endloop
  endfacet
  facet normal 0 0.999462 -0.032786
    outer loop
      vertex 6 31.3 0
      vertex -6 31.3059 0.179858
      vertex 6 31.3059 0.179858
    endloop
  endfacet
  facet normal 0 0.999462 -0.032786
    outer loop
      vertex -6 31.3059 0.179858
      vertex 6 31.3 0
      vertex -6 31.3 0
    endloop
  endfacet
  facet normal 0 0.995206 -0.097804
    outer loop
      vertex 6 31.3059 0.179858
      vertex -6 31.3235 0.358947
      vertex 6 31.3235 0.358947
    endloop
  endfacet
  facet normal 0 0.995206 -0.097804
    outer loop
      vertex -6 31.3235 0.358947
      vertex 6 31.3059 0.179858
      vertex -6 31.3059 0.179858
    endloop
  endfacet
  facet normal 0 -0.910794 -0.412861
    outer loop
      vertex -6 36.5907 1.05238
      vertex 6 36.5164 1.21629
      vertex -6 36.5164 1.21629
    endloop
  endfacet
  facet normal 0 -0.910794 -0.412861
    outer loop
      vertex 6 36.5164 1.21629
      vertex -6 36.5907 1.05238
      vertex 6 36.5907 1.05238
    endloop
  endfacet
  facet normal 0 0.729624 -0.683849
    outer loop
      vertex 6 31.9824 1.8132
      vertex -6 32.1055 1.94454
      vertex 6 32.1055 1.94454
    endloop
  endfacet
  facet normal 0 0.729624 -0.683849
    outer loop
      vertex -6 32.1055 1.94454
      vertex 6 31.9824 1.8132
      vertex -6 31.9824 1.8132
    endloop
  endfacet
  facet normal 0 0.935887 -0.352301
    outer loop
      vertex 6 31.4459 0.883958
      vertex -6 31.5093 1.05238
      vertex 6 31.5093 1.05238
    endloop
  endfacet
  facet normal 0 0.935887 -0.352301
    outer loop
      vertex -6 31.5093 1.05238
      vertex 6 31.4459 0.883958
      vertex -6 31.4459 0.883958
    endloop
  endfacet
  facet normal 0 0.773187 -0.634179
    outer loop
      vertex 6 31.8683 1.67409
      vertex -6 31.9824 1.8132
      vertex 6 31.9824 1.8132
    endloop
  endfacet
  facet normal 0 0.773187 -0.634179
    outer loop
      vertex -6 31.9824 1.8132
      vertex 6 31.8683 1.67409
      vertex -6 31.8683 1.67409
    endloop
  endfacet
  facet normal 0 -0.935887 0.352301
    outer loop
      vertex -6 36.5907 -1.05238
      vertex 6 36.6541 -0.883958
      vertex -6 36.6541 -0.883958
    endloop
  endfacet
  facet normal 0 -0.935887 0.352301
    outer loop
      vertex 6 36.6541 -0.883958
      vertex -6 36.5907 -1.05238
      vertex 6 36.5907 -1.05238
    endloop
  endfacet
  facet normal -0 0.162831 0.986654
    outer loop
      vertex -6 33.6911 -2.72647
      vertex 6 33.5135 -2.69716
      vertex 6 33.6911 -2.72647
    endloop
  endfacet
  facet normal 0 0.162831 0.986654
    outer loop
      vertex 6 33.5135 -2.69716
      vertex -6 33.6911 -2.72647
      vertex -6 33.5135 -2.69716
    endloop
  endfacet
  facet normal 0 0.986656 -0.162821
    outer loop
      vertex 6 31.3235 0.358947
      vertex -6 31.3528 0.536498
      vertex 6 31.3528 0.536498
    endloop
  endfacet
  facet normal 0 0.986656 -0.162821
    outer loop
      vertex -6 31.3528 0.536498
      vertex 6 31.3235 0.358947
      vertex -6 31.3235 0.358947
    endloop
  endfacet
  facet normal -0 0.683723 0.729742
    outer loop
      vertex -6 32.2368 -2.06756
      vertex 6 32.1055 -1.94454
      vertex 6 32.2368 -2.06756
    endloop
  endfacet
  facet normal 0 0.683723 0.729742
    outer loop
      vertex 6 32.1055 -1.94454
      vertex -6 32.2368 -2.06756
      vertex -6 32.1055 -1.94454
    endloop
  endfacet
  facet normal 0 -0.773187 -0.634179
    outer loop
      vertex -6 36.2317 1.67409
      vertex 6 36.1176 1.8132
      vertex -6 36.1176 1.8132
    endloop
  endfacet
  facet normal 0 -0.773187 -0.634179
    outer loop
      vertex 6 36.1176 1.8132
      vertex -6 36.2317 1.67409
      vertex 6 36.2317 1.67409
    endloop
  endfacet
  facet normal 0 -0.812888 -0.58242
    outer loop
      vertex -6 36.3365 1.52782
      vertex 6 36.2317 1.67409
      vertex -6 36.2317 1.67409
    endloop
  endfacet
  facet normal 0 -0.812888 -0.58242
    outer loop
      vertex 6 36.2317 1.67409
      vertex -6 36.3365 1.52782
      vertex 6 36.3365 1.52782
    endloop
  endfacet
  facet normal 0 0.582415 -0.812892
    outer loop
      vertex -6 32.3759 2.18172
      vertex 6 32.5222 2.28654
      vertex 6 32.3759 2.18172
    endloop
  endfacet
  facet normal 0 0.582415 -0.812892
    outer loop
      vertex 6 32.5222 2.28654
      vertex -6 32.3759 2.18172
      vertex -6 32.5222 2.28654
    endloop
  endfacet
  facet normal 0 -0.412743 -0.910847
    outer loop
      vertex -6 35.1024 2.54067
      vertex 6 35.2663 2.4664
      vertex 6 35.1024 2.54067
    endloop
  endfacet
  facet normal -0 -0.412743 -0.910847
    outer loop
      vertex 6 35.2663 2.4664
      vertex -6 35.1024 2.54067
      vertex -6 35.2663 2.4664
    endloop
  endfacet
  facet normal 0 0.881996 -0.471257
    outer loop
      vertex 6 31.5836 1.21629
      vertex -6 31.6684 1.375
      vertex 6 31.6684 1.375
    endloop
  endfacet
  facet normal 0 0.881996 -0.471257
    outer loop
      vertex -6 31.6684 1.375
      vertex 6 31.5836 1.21629
      vertex -6 31.5836 1.21629
    endloop
  endfacet
  facet normal 0 0.910794 -0.412861
    outer loop
      vertex 6 31.5093 1.05238
      vertex -6 31.5836 1.21629
      vertex 6 31.5836 1.21629
    endloop
  endfacet
  facet normal 0 0.910794 -0.412861
    outer loop
      vertex -6 31.5836 1.21629
      vertex 6 31.5093 1.05238
      vertex -6 31.5093 1.05238
    endloop
  endfacet
  facet normal 1 0 0
    outer loop
      vertex 12 -25.05 10.8
      vertex 12 -25.6145 8.69494
      vertex 12 -25.05 10.1947
    endloop
  endfacet
  facet normal 1 -0 0
    outer loop
      vertex 12 -53.05 10.8
      vertex 12 -25.6145 8.69494
      vertex 12 -25.05 10.8
    endloop
  endfacet
  facet normal 1 0 0
    outer loop
      vertex 12 -25.6145 8.69494
      vertex 12 -53.05 10.8
      vertex 12 -26.1283 7.00105
    endloop
  endfacet
  facet normal 1 0 0
    outer loop
      vertex 12 -53.05 10.8
      vertex 12 -26.5302 5.27719
      vertex 12 -26.1283 7.00105
    endloop
  endfacet
  facet normal 1 0 0
    outer loop
      vertex 12 -53.05 10.8
      vertex 12 -26.8186 3.53073
      vertex 12 -26.5302 5.27719
    endloop
  endfacet
  facet normal 1 0 0
    outer loop
      vertex 12 -53.05 0.799999
      vertex 12 -26.8186 3.53073
      vertex 12 -53.05 10.8
    endloop
  endfacet
  facet normal 1 0 0
    outer loop
      vertex 12 -26.8186 3.53073
      vertex 12 -53.05 0.799999
      vertex 12 -26.9921 1.76915
    endloop
  endfacet
  facet normal 1 0 0
    outer loop
      vertex 12 -26.9921 1.76915
      vertex 12 -53.05 0.799999
      vertex 12 -27.0238 0.799999
    endloop
  endfacet
  facet normal -0 0 1
    outer loop
      vertex 6.48608 -40.6249 10.8
      vertex 12 -53.05 10.8
      vertex 12 -25.05 10.8
    endloop
  endfacet
  facet normal 0 0 1
    outer loop
      vertex 12 -53.05 10.8
      vertex 6.48608 -40.6249 10.8
      vertex 6.5 -41.05 10.8
    endloop
  endfacet
  facet normal 0 0 1
    outer loop
      vertex 12 -25.05 10.8
      vertex 6.44439 -40.2016 10.8
      vertex 6.48608 -40.6249 10.8
    endloop
  endfacet
  facet normal 0 0 1
    outer loop
      vertex 12 -25.05 10.8
      vertex 6.3751 -39.7819 10.8
      vertex 6.44439 -40.2016 10.8
    endloop
  endfacet
  facet normal 0 0 1
    outer loop
      vertex 12 -25.05 10.8
      vertex 6.27852 -39.3677 10.8
      vertex 6.3751 -39.7819 10.8
    endloop
  endfacet
  facet normal 0 0 1
    outer loop
      vertex 12 -25.05 10.8
      vertex 6.15505 -38.9606 10.8
      vertex 6.27852 -39.3677 10.8
    endloop
  endfacet
  facet normal 0 0 1
    outer loop
      vertex 12 -25.05 10.8
      vertex 6.00522 -38.5626 10.8
      vertex 6.15505 -38.9606 10.8
    endloop
  endfacet
  facet normal 0 0 1
    outer loop
      vertex 12 -25.05 10.8
      vertex 5.82967 -38.1751 10.8
      vertex 6.00522 -38.5626 10.8
    endloop
  endfacet
  facet normal 0 0 1
    outer loop
      vertex 12 -25.05 10.8
      vertex 5.62916 -37.8 10.8
      vertex 5.82967 -38.1751 10.8
    endloop
  endfacet
  facet normal 0 0 1
    outer loop
      vertex 12 -25.05 10.8
      vertex 5.40455 -37.4388 10.8
      vertex 5.62916 -37.8 10.8
    endloop
  endfacet
  facet normal 0 0 1
    outer loop
      vertex 12 -25.05 10.8
      vertex 5.1568 -37.093 10.8
      vertex 5.40455 -37.4388 10.8
    endloop
  endfacet
  facet normal 0 0 1
    outer loop
      vertex 12 -25.05 10.8
      vertex 4.88696 -36.7643 10.8
      vertex 5.1568 -37.093 10.8
    endloop
  endfacet
  facet normal 0 0 1
    outer loop
      vertex 12 -25.05 10.8
      vertex 4.59619 -36.4538 10.8
      vertex 4.88696 -36.7643 10.8
    endloop
  endfacet
  facet normal 0 0 1
    outer loop
      vertex 12 -25.05 10.8
      vertex 4.28575 -36.163 10.8
      vertex 4.59619 -36.4538 10.8
    endloop
  endfacet
  facet normal 0 0 1
    outer loop
      vertex 12 -25.05 10.8
      vertex 3.95695 -35.8932 10.8
      vertex 4.28575 -36.163 10.8
    endloop
  endfacet
  facet normal 0 0 1
    outer loop
      vertex 12 -25.05 10.8
      vertex 3.61121 -35.6454 10.8
      vertex 3.95695 -35.8932 10.8
    endloop
  endfacet
  facet normal 0 0 1
    outer loop
      vertex 12 -25.05 10.8
      vertex 3.25 -35.4208 10.8
      vertex 3.61121 -35.6454 10.8
    endloop
  endfacet
  facet normal 0 0 1
    outer loop
      vertex 12 -25.05 10.8
      vertex 2.87488 -35.2203 10.8
      vertex 3.25 -35.4208 10.8
    endloop
  endfacet
  facet normal 0 0 1
    outer loop
      vertex 12 -25.05 10.8
      vertex 2.48744 -35.0448 10.8
      vertex 2.87488 -35.2203 10.8
    endloop
  endfacet
  facet normal 0 0 1
    outer loop
      vertex 12 -25.05 10.8
      vertex 2.08936 -34.895 10.8
      vertex 2.48744 -35.0448 10.8
    endloop
  endfacet
  facet normal 0 0 1
    outer loop
      vertex 12 -25.05 10.8
      vertex 1.68232 -34.7715 10.8
      vertex 2.08936 -34.895 10.8
    endloop
  endfacet
  facet normal 0 0 1
    outer loop
      vertex 12 -25.05 10.8
      vertex 1.26809 -34.6749 10.8
      vertex 1.68232 -34.7715 10.8
    endloop
  endfacet
  facet normal 0 0 1
    outer loop
      vertex 12 -25.05 10.8
      vertex 0.84842 -34.6056 10.8
      vertex 1.26809 -34.6749 10.8
    endloop
  endfacet
  facet normal 0 0 1
    outer loop
      vertex 12 -25.05 10.8
      vertex 0.425119 -34.5639 10.8
      vertex 0.84842 -34.6056 10.8
    endloop
  endfacet
  facet normal 0 0 1
    outer loop
      vertex 12 -25.05 10.8
      vertex 0 -34.55 10.8
      vertex 0.425119 -34.5639 10.8
    endloop
  endfacet
  facet normal -0 0 1
    outer loop
      vertex -12 -25.05 10.8
      vertex 0 -34.55 10.8
      vertex 12 -25.05 10.8
    endloop
  endfacet
  facet normal 0 0 1
    outer loop
      vertex 0 -34.55 10.8
      vertex -12 -25.05 10.8
      vertex -0.425119 -34.5639 10.8
    endloop
  endfacet
  facet normal 0 0 1
    outer loop
      vertex -0.425119 -34.5639 10.8
      vertex -12 -25.05 10.8
      vertex -0.84842 -34.6056 10.8
    endloop
  endfacet
  facet normal 0 0 1
    outer loop
      vertex -0.84842 -34.6056 10.8
      vertex -12 -25.05 10.8
      vertex -1.26809 -34.6749 10.8
    endloop
  endfacet
  facet normal 0 0 1
    outer loop
      vertex -1.26809 -34.6749 10.8
      vertex -12 -25.05 10.8
      vertex -1.68232 -34.7715 10.8
    endloop
  endfacet
  facet normal 0 0 1
    outer loop
      vertex -1.68232 -34.7715 10.8
      vertex -12 -25.05 10.8
      vertex -2.08936 -34.895 10.8
    endloop
  endfacet
  facet normal 0 0 1
    outer loop
      vertex -2.08936 -34.895 10.8
      vertex -12 -25.05 10.8
      vertex -2.48744 -35.0448 10.8
    endloop
  endfacet
  facet normal 0 0 1
    outer loop
      vertex -2.48744 -35.0448 10.8
      vertex -12 -25.05 10.8
      vertex -2.87488 -35.2203 10.8
    endloop
  endfacet
  facet normal 0 0 1
    outer loop
      vertex -2.87488 -35.2203 10.8
      vertex -12 -25.05 10.8
      vertex -3.25 -35.4208 10.8
    endloop
  endfacet
  facet normal 0 0 1
    outer loop
      vertex -12 -53.05 10.8
      vertex -6.48608 -40.6249 10.8
      vertex -12 -25.05 10.8
    endloop
  endfacet
  facet normal 0 0 1
    outer loop
      vertex -6.44439 -40.2016 10.8
      vertex -12 -25.05 10.8
      vertex -6.48608 -40.6249 10.8
    endloop
  endfacet
  facet normal 0 0 1
    outer loop
      vertex -6.3751 -39.7819 10.8
      vertex -12 -25.05 10.8
      vertex -6.44439 -40.2016 10.8
    endloop
  endfacet
  facet normal 0 0 1
    outer loop
      vertex -6.27852 -39.3677 10.8
      vertex -12 -25.05 10.8
      vertex -6.3751 -39.7819 10.8
    endloop
  endfacet
  facet normal 0 0 1
    outer loop
      vertex -6.15505 -38.9606 10.8
      vertex -12 -25.05 10.8
      vertex -6.27852 -39.3677 10.8
    endloop
  endfacet
  facet normal 0 0 1
    outer loop
      vertex -6.00522 -38.5626 10.8
      vertex -12 -25.05 10.8
      vertex -6.15505 -38.9606 10.8
    endloop
  endfacet
  facet normal 0 0 1
    outer loop
      vertex -5.82967 -38.1751 10.8
      vertex -12 -25.05 10.8
      vertex -6.00522 -38.5626 10.8
    endloop
  endfacet
  facet normal 0 0 1
    outer loop
      vertex -5.62916 -37.8 10.8
      vertex -12 -25.05 10.8
      vertex -5.82967 -38.1751 10.8
    endloop
  endfacet
  facet normal 0 0 1
    outer loop
      vertex -5.40455 -37.4388 10.8
      vertex -12 -25.05 10.8
      vertex -5.62916 -37.8 10.8
    endloop
  endfacet
  facet normal 0 0 1
    outer loop
      vertex -5.1568 -37.093 10.8
      vertex -12 -25.05 10.8
      vertex -5.40455 -37.4388 10.8
    endloop
  endfacet
  facet normal 0 0 1
    outer loop
      vertex -4.88696 -36.7643 10.8
      vertex -12 -25.05 10.8
      vertex -5.1568 -37.093 10.8
    endloop
  endfacet
  facet normal 0 0 1
    outer loop
      vertex -4.59619 -36.4538 10.8
      vertex -12 -25.05 10.8
      vertex -4.88696 -36.7643 10.8
    endloop
  endfacet
  facet normal 0 0 1
    outer loop
      vertex -4.28575 -36.163 10.8
      vertex -12 -25.05 10.8
      vertex -4.59619 -36.4538 10.8
    endloop
  endfacet
  facet normal 0 0 1
    outer loop
      vertex -3.95695 -35.8932 10.8
      vertex -12 -25.05 10.8
      vertex -4.28575 -36.163 10.8
    endloop
  endfacet
  facet normal 0 0 1
    outer loop
      vertex -3.61121 -35.6454 10.8
      vertex -12 -25.05 10.8
      vertex -3.95695 -35.8932 10.8
    endloop
  endfacet
  facet normal 0 0 1
    outer loop
      vertex -3.25 -35.4208 10.8
      vertex -12 -25.05 10.8
      vertex -3.61121 -35.6454 10.8
    endloop
  endfacet
  facet normal -0 0 1
    outer loop
      vertex 6.48608 -41.4751 10.8
      vertex 12 -53.05 10.8
      vertex 6.5 -41.05 10.8
    endloop
  endfacet
  facet normal -0 0 1
    outer loop
      vertex 6.44439 -41.8984 10.8
      vertex 12 -53.05 10.8
      vertex 6.48608 -41.4751 10.8
    endloop
  endfacet
  facet normal -0 0 1
    outer loop
      vertex 6.3751 -42.3181 10.8
      vertex 12 -53.05 10.8
      vertex 6.44439 -41.8984 10.8
    endloop
  endfacet
  facet normal -0 0 1
    outer loop
      vertex 6.27852 -42.7323 10.8
      vertex 12 -53.05 10.8
      vertex 6.3751 -42.3181 10.8
    endloop
  endfacet
  facet normal -0 0 1
    outer loop
      vertex 6.15505 -43.1394 10.8
      vertex 12 -53.05 10.8
      vertex 6.27852 -42.7323 10.8
    endloop
  endfacet
  facet normal -0 0 1
    outer loop
      vertex 6.00522 -43.5374 10.8
      vertex 12 -53.05 10.8
      vertex 6.15505 -43.1394 10.8
    endloop
  endfacet
  facet normal -0 0 1
    outer loop
      vertex 5.82967 -43.9249 10.8
      vertex 12 -53.05 10.8
      vertex 6.00522 -43.5374 10.8
    endloop
  endfacet
  facet normal -0 0 1
    outer loop
      vertex 5.62916 -44.3 10.8
      vertex 12 -53.05 10.8
      vertex 5.82967 -43.9249 10.8
    endloop
  endfacet
  facet normal -0 0 1
    outer loop
      vertex 5.40455 -44.6612 10.8
      vertex 12 -53.05 10.8
      vertex 5.62916 -44.3 10.8
    endloop
  endfacet
  facet normal -0 0 1
    outer loop
      vertex 5.1568 -45.007 10.8
      vertex 12 -53.05 10.8
      vertex 5.40455 -44.6612 10.8
    endloop
  endfacet
  facet normal -0 0 1
    outer loop
      vertex 4.88696 -45.3357 10.8
      vertex 12 -53.05 10.8
      vertex 5.1568 -45.007 10.8
    endloop
  endfacet
  facet normal -0 0 1
    outer loop
      vertex 4.59619 -45.6462 10.8
      vertex 12 -53.05 10.8
      vertex 4.88696 -45.3357 10.8
    endloop
  endfacet
  facet normal -0 0 1
    outer loop
      vertex 4.28575 -45.937 10.8
      vertex 12 -53.05 10.8
      vertex 4.59619 -45.6462 10.8
    endloop
  endfacet
  facet normal -0 0 1
    outer loop
      vertex 3.95695 -46.2068 10.8
      vertex 12 -53.05 10.8
      vertex 4.28575 -45.937 10.8
    endloop
  endfacet
  facet normal -0 0 1
    outer loop
      vertex 3.61121 -46.4546 10.8
      vertex 12 -53.05 10.8
      vertex 3.95695 -46.2068 10.8
    endloop
  endfacet
  facet normal -0 0 1
    outer loop
      vertex 3.25 -46.6792 10.8
      vertex 12 -53.05 10.8
      vertex 3.61121 -46.4546 10.8
    endloop
  endfacet
  facet normal -0 0 1
    outer loop
      vertex 2.87488 -46.8797 10.8
      vertex 12 -53.05 10.8
      vertex 3.25 -46.6792 10.8
    endloop
  endfacet
  facet normal -0 0 1
    outer loop
      vertex 2.48744 -47.0552 10.8
      vertex 12 -53.05 10.8
      vertex 2.87488 -46.8797 10.8
    endloop
  endfacet
  facet normal -0 0 1
    outer loop
      vertex 2.08936 -47.205 10.8
      vertex 12 -53.05 10.8
      vertex 2.48744 -47.0552 10.8
    endloop
  endfacet
  facet normal -0 0 1
    outer loop
      vertex 1.68232 -47.3285 10.8
      vertex 12 -53.05 10.8
      vertex 2.08936 -47.205 10.8
    endloop
  endfacet
  facet normal -0 0 1
    outer loop
      vertex 1.26809 -47.4251 10.8
      vertex 12 -53.05 10.8
      vertex 1.68232 -47.3285 10.8
    endloop
  endfacet
  facet normal -0 0 1
    outer loop
      vertex 0.84842 -47.4944 10.8
      vertex 12 -53.05 10.8
      vertex 1.26809 -47.4251 10.8
    endloop
  endfacet
  facet normal -0 0 1
    outer loop
      vertex 0.425119 -47.5361 10.8
      vertex 12 -53.05 10.8
      vertex 0.84842 -47.4944 10.8
    endloop
  endfacet
  facet normal -0 0 1
    outer loop
      vertex 0 -47.55 10.8
      vertex 12 -53.05 10.8
      vertex 0.425119 -47.5361 10.8
    endloop
  endfacet
  facet normal 0 0 1
    outer loop
      vertex -12 -53.05 10.8
      vertex 0 -47.55 10.8
      vertex -0.425119 -47.5361 10.8
    endloop
  endfacet
  facet normal 0 0 1
    outer loop
      vertex -12 -53.05 10.8
      vertex -0.425119 -47.5361 10.8
      vertex -0.84842 -47.4944 10.8
    endloop
  endfacet
  facet normal 0 0 1
    outer loop
      vertex -12 -53.05 10.8
      vertex -0.84842 -47.4944 10.8
      vertex -1.26809 -47.4251 10.8
    endloop
  endfacet
  facet normal 0 0 1
    outer loop
      vertex -12 -53.05 10.8
      vertex -1.26809 -47.4251 10.8
      vertex -1.68232 -47.3285 10.8
    endloop
  endfacet
  facet normal 0 0 1
    outer loop
      vertex -12 -53.05 10.8
      vertex -1.68232 -47.3285 10.8
      vertex -2.08936 -47.205 10.8
    endloop
  endfacet
  facet normal 0 0 1
    outer loop
      vertex -12 -53.05 10.8
      vertex -2.08936 -47.205 10.8
      vertex -2.48744 -47.0552 10.8
    endloop
  endfacet
  facet normal 0 0 1
    outer loop
      vertex -6.48608 -40.6249 10.8
      vertex -12 -53.05 10.8
      vertex -6.5 -41.05 10.8
    endloop
  endfacet
  facet normal 0 0 1
    outer loop
      vertex -6.5 -41.05 10.8
      vertex -12 -53.05 10.8
      vertex -6.48608 -41.4751 10.8
    endloop
  endfacet
  facet normal 0 0 1
    outer loop
      vertex -6.48608 -41.4751 10.8
      vertex -12 -53.05 10.8
      vertex -6.44439 -41.8984 10.8
    endloop
  endfacet
  facet normal 0 0 1
    outer loop
      vertex -6.44439 -41.8984 10.8
      vertex -12 -53.05 10.8
      vertex -6.3751 -42.3181 10.8
    endloop
  endfacet
  facet normal 0 0 1
    outer loop
      vertex -6.3751 -42.3181 10.8
      vertex -12 -53.05 10.8
      vertex -6.27852 -42.7323 10.8
    endloop
  endfacet
  facet normal 0 0 1
    outer loop
      vertex 0 -47.55 10.8
      vertex -12 -53.05 10.8
      vertex 12 -53.05 10.8
    endloop
  endfacet
  facet normal 0 0 1
    outer loop
      vertex -2.87488 -46.8797 10.8
      vertex -12 -53.05 10.8
      vertex -2.48744 -47.0552 10.8
    endloop
  endfacet
  facet normal 0 0 1
    outer loop
      vertex -3.25 -46.6792 10.8
      vertex -12 -53.05 10.8
      vertex -2.87488 -46.8797 10.8
    endloop
  endfacet
  facet normal 0 0 1
    outer loop
      vertex -3.61121 -46.4546 10.8
      vertex -12 -53.05 10.8
      vertex -3.25 -46.6792 10.8
    endloop
  endfacet
  facet normal 0 0 1
    outer loop
      vertex -3.95695 -46.2068 10.8
      vertex -12 -53.05 10.8
      vertex -3.61121 -46.4546 10.8
    endloop
  endfacet
  facet normal 0 0 1
    outer loop
      vertex -4.28575 -45.937 10.8
      vertex -12 -53.05 10.8
      vertex -3.95695 -46.2068 10.8
    endloop
  endfacet
  facet normal 0 0 1
    outer loop
      vertex -4.59619 -45.6462 10.8
      vertex -12 -53.05 10.8
      vertex -4.28575 -45.937 10.8
    endloop
  endfacet
  facet normal 0 0 1
    outer loop
      vertex -4.88696 -45.3357 10.8
      vertex -12 -53.05 10.8
      vertex -4.59619 -45.6462 10.8
    endloop
  endfacet
  facet normal 0 0 1
    outer loop
      vertex -5.1568 -45.007 10.8
      vertex -12 -53.05 10.8
      vertex -4.88696 -45.3357 10.8
    endloop
  endfacet
  facet normal 0 0 1
    outer loop
      vertex -5.40455 -44.6612 10.8
      vertex -12 -53.05 10.8
      vertex -5.1568 -45.007 10.8
    endloop
  endfacet
  facet normal 0 0 1
    outer loop
      vertex -5.62916 -44.3 10.8
      vertex -12 -53.05 10.8
      vertex -5.40455 -44.6612 10.8
    endloop
  endfacet
  facet normal 0 0 1
    outer loop
      vertex -5.82967 -43.9249 10.8
      vertex -12 -53.05 10.8
      vertex -5.62916 -44.3 10.8
    endloop
  endfacet
  facet normal 0 0 1
    outer loop
      vertex -6.00522 -43.5374 10.8
      vertex -12 -53.05 10.8
      vertex -5.82967 -43.9249 10.8
    endloop
  endfacet
  facet normal 0 0 1
    outer loop
      vertex -6.15505 -43.1394 10.8
      vertex -12 -53.05 10.8
      vertex -6.00522 -43.5374 10.8
    endloop
  endfacet
  facet normal 0 0 1
    outer loop
      vertex -6.27852 -42.7323 10.8
      vertex -12 -53.05 10.8
      vertex -6.15505 -43.1394 10.8
    endloop
  endfacet
  facet normal -1 0 0
    outer loop
      vertex -12 -25.6145 8.69494
      vertex -12 -25.05 10.8
      vertex -12 -25.05 10.1947
    endloop
  endfacet
  facet normal -1 0 0
    outer loop
      vertex -12 -53.05 10.8
      vertex -12 -25.6145 8.69494
      vertex -12 -26.1283 7.00105
    endloop
  endfacet
  facet normal -1 0 0
    outer loop
      vertex -12 -53.05 0.799999
      vertex -12 -26.9921 1.76915
      vertex -12 -27.0238 0.799999
    endloop
  endfacet
  facet normal -1 0 0
    outer loop
      vertex -12 -53.05 0.799999
      vertex -12 -26.8186 3.53073
      vertex -12 -26.9921 1.76915
    endloop
  endfacet
  facet normal -1 0 0
    outer loop
      vertex -12 -53.05 10.8
      vertex -12 -26.8186 3.53073
      vertex -12 -53.05 0.799999
    endloop
  endfacet
  facet normal -1 0 0
    outer loop
      vertex -12 -26.8186 3.53073
      vertex -12 -53.05 10.8
      vertex -12 -26.5302 5.27719
    endloop
  endfacet
  facet normal -1 0 0
    outer loop
      vertex -12 -26.5302 5.27719
      vertex -12 -53.05 10.8
      vertex -12 -26.1283 7.00105
    endloop
  endfacet
  facet normal -1 0 0
    outer loop
      vertex -12 -25.6145 8.69494
      vertex -12 -53.05 10.8
      vertex -12 -25.05 10.8
    endloop
  endfacet
  facet normal 0 1 -0
    outer loop
      vertex 12 -25.05 10.1947
      vertex -12 -25.05 10.8
      vertex 12 -25.05 10.8
    endloop
  endfacet
  facet normal 0 1 0
    outer loop
      vertex -12 -25.05 10.8
      vertex 12 -25.05 10.1947
      vertex -12 -25.05 10.1947
    endloop
  endfacet
  facet normal 0 -1 0
    outer loop
      vertex -12 -53.05 0.799999
      vertex 12 -53.05 10.8
      vertex -12 -53.05 10.8
    endloop
  endfacet
  facet normal 0 -1 -0
    outer loop
      vertex 12 -53.05 10.8
      vertex -12 -53.05 0.799999
      vertex 12 -53.05 0.799999
    endloop
  endfacet
  facet normal -0.995185 -0.0980139 0
    outer loop
      vertex 6.48608 -40.6249 0.799999
      vertex 6.44439 -40.2016 10.8
      vertex 6.44439 -40.2016 0.799999
    endloop
  endfacet
  facet normal -0.995185 -0.0980139 0
    outer loop
      vertex 6.44439 -40.2016 10.8
      vertex 6.48608 -40.6249 0.799999
      vertex 6.48608 -40.6249 10.8
    endloop
  endfacet
  facet normal -0.999464 -0.0327277 0
    outer loop
      vertex 6.5 -41.05 0.799999
      vertex 6.48608 -40.6249 10.8
      vertex 6.48608 -40.6249 0.799999
    endloop
  endfacet
  facet normal -0.999464 -0.0327277 0
    outer loop
      vertex 6.48608 -40.6249 10.8
      vertex 6.5 -41.05 0.799999
      vertex 6.5 -41.05 10.8
    endloop
  endfacet
  facet normal -0.412616 0.910905 0
    outer loop
      vertex 2.87488 -46.8797 0.799999
      vertex 2.48744 -47.0552 10.8
      vertex 2.87488 -46.8797 10.8
    endloop
  endfacet
  facet normal -0.412616 0.910905 0
    outer loop
      vertex 2.48744 -47.0552 10.8
      vertex 2.87488 -46.8797 0.799999
      vertex 2.48744 -47.0552 0.799999
    endloop
  endfacet
  facet normal 0.352195 0.935927 -0
    outer loop
      vertex -2.08936 -47.205 0.799999
      vertex -2.48744 -47.0552 10.8
      vertex -2.08936 -47.205 10.8
    endloop
  endfacet
  facet normal 0.352195 0.935927 0
    outer loop
      vertex -2.48744 -47.0552 10.8
      vertex -2.08936 -47.205 0.799999
      vertex -2.48744 -47.0552 0.799999
    endloop
  endfacet
  facet normal -0.849201 -0.52807 0
    outer loop
      vertex 5.62916 -37.8 0.799999
      vertex 5.40455 -37.4388 10.8
      vertex 5.40455 -37.4388 0.799999
    endloop
  endfacet
  facet normal -0.849201 -0.52807 0
    outer loop
      vertex 5.40455 -37.4388 10.8
      vertex 5.62916 -37.8 0.799999
      vertex 5.62916 -37.8 10.8
    endloop
  endfacet
  facet normal -0.22711 -0.973869 0
    outer loop
      vertex 1.26809 -34.6749 0.799999
      vertex 1.68232 -34.7715 10.8
      vertex 1.26809 -34.6749 10.8
    endloop
  endfacet
  facet normal -0.22711 -0.973869 -0
    outer loop
      vertex 1.68232 -34.7715 10.8
      vertex 1.26809 -34.6749 0.799999
      vertex 1.68232 -34.7715 0.799999
    endloop
  endfacet
  facet normal -0.772915 -0.63451 0
    outer loop
      vertex 5.1568 -37.093 0.799999
      vertex 4.88696 -36.7643 10.8
      vertex 4.88696 -36.7643 0.799999
    endloop
  endfacet
  facet normal -0.772915 -0.63451 0
    outer loop
      vertex 4.88696 -36.7643 10.8
      vertex 5.1568 -37.093 0.799999
      vertex 5.1568 -37.093 10.8
    endloop
  endfacet
  facet normal 0.772915 0.63451 0
    outer loop
      vertex -4.88696 -45.3357 10.8
      vertex -5.1568 -45.007 0.799999
      vertex -5.1568 -45.007 10.8
    endloop
  endfacet
  facet normal 0.772915 0.63451 0
    outer loop
      vertex -5.1568 -45.007 0.799999
      vertex -4.88696 -45.3357 10.8
      vertex -4.88696 -45.3357 0.799999
    endloop
  endfacet
  facet normal -0.352195 -0.935927 0
    outer loop
      vertex 2.08936 -34.895 0.799999
      vertex 2.48744 -35.0448 10.8
      vertex 2.08936 -34.895 10.8
    endloop
  endfacet
  facet normal -0.352195 -0.935927 -0
    outer loop
      vertex 2.48744 -35.0448 10.8
      vertex 2.08936 -34.895 0.799999
      vertex 2.48744 -35.0448 0.799999
    endloop
  endfacet
  facet normal 0.729917 0.683536 0
    outer loop
      vertex -4.59619 -45.6462 10.8
      vertex -4.88696 -45.3357 0.799999
      vertex -4.88696 -45.3357 10.8
    endloop
  endfacet
  facet normal 0.729917 0.683536 0
    outer loop
      vertex -4.88696 -45.3357 0.799999
      vertex -4.59619 -45.6462 10.8
      vertex -4.59619 -45.6462 0.799999
    endloop
  endfacet
  facet normal 0.93588 -0.352319 0
    outer loop
      vertex -6.15505 -38.9606 10.8
      vertex -6.00522 -38.5626 0.799999
      vertex -6.00522 -38.5626 10.8
    endloop
  endfacet
  facet normal 0.93588 -0.352319 0
    outer loop
      vertex -6.00522 -38.5626 0.799999
      vertex -6.15505 -38.9606 10.8
      vertex -6.15505 -38.9606 0.799999
    endloop
  endfacet
  facet normal -0.634338 0.773056 0
    outer loop
      vertex 4.28575 -45.937 0.799999
      vertex 3.95695 -46.2068 10.8
      vertex 4.28575 -45.937 10.8
    endloop
  endfacet
  facet normal -0.634338 0.773056 0
    outer loop
      vertex 3.95695 -46.2068 10.8
      vertex 4.28575 -45.937 0.799999
      vertex 3.95695 -46.2068 0.799999
    endloop
  endfacet
  facet normal 0.0980369 0.995183 -0
    outer loop
      vertex -0.425119 -47.5361 0.799999
      vertex -0.84842 -47.4944 10.8
      vertex -0.425119 -47.5361 10.8
    endloop
  endfacet
  facet normal 0.0980369 0.995183 0
    outer loop
      vertex -0.84842 -47.4944 10.8
      vertex -0.425119 -47.5361 0.799999
      vertex -0.84842 -47.4944 0.799999
    endloop
  endfacet
  facet normal -0.0326793 0.999466 0
    outer loop
      vertex 0.425119 -47.5361 0.799999
      vertex 0 -47.55 10.8
      vertex 0.425119 -47.5361 10.8
    endloop
  endfacet
  facet normal -0.0326793 0.999466 0
    outer loop
      vertex 0 -47.55 10.8
      vertex 0.425119 -47.5361 0.799999
      vertex 0 -47.55 0.799999
    endloop
  endfacet
  facet normal -0.471386 -0.881927 0
    outer loop
      vertex 2.87488 -35.2203 0.799999
      vertex 3.25 -35.4208 10.8
      vertex 2.87488 -35.2203 10.8
    endloop
  endfacet
  facet normal -0.471386 -0.881927 -0
    outer loop
      vertex 3.25 -35.4208 10.8
      vertex 2.87488 -35.2203 0.799999
      vertex 3.25 -35.4208 0.799999
    endloop
  endfacet
  facet normal 0.528043 -0.849218 0
    outer loop
      vertex -3.61121 -35.6454 0.799999
      vertex -3.25 -35.4208 10.8
      vertex -3.61121 -35.6454 10.8
    endloop
  endfacet
  facet normal 0.528043 -0.849218 0
    outer loop
      vertex -3.25 -35.4208 10.8
      vertex -3.61121 -35.6454 0.799999
      vertex -3.25 -35.4208 0.799999
    endloop
  endfacet
  facet normal -0.956955 0.290236 0
    outer loop
      vertex 6.15505 -43.1394 0.799999
      vertex 6.27852 -42.7323 10.8
      vertex 6.27852 -42.7323 0.799999
    endloop
  endfacet
  facet normal -0.956955 0.290236 0
    outer loop
      vertex 6.27852 -42.7323 10.8
      vertex 6.15505 -43.1394 0.799999
      vertex 6.15505 -43.1394 10.8
    endloop
  endfacet
  facet normal 0.956955 -0.290236 0
    outer loop
      vertex -6.27852 -39.3677 10.8
      vertex -6.15505 -38.9606 0.799999
      vertex -6.15505 -38.9606 10.8
    endloop
  endfacet
  facet normal 0.956955 -0.290236 0
    outer loop
      vertex -6.15505 -38.9606 0.799999
      vertex -6.27852 -39.3677 10.8
      vertex -6.27852 -39.3677 0.799999
    endloop
  endfacet
  facet normal 0.849201 -0.52807 0
    outer loop
      vertex -5.62916 -37.8 10.8
      vertex -5.40455 -37.4388 0.799999
      vertex -5.40455 -37.4388 10.8
    endloop
  endfacet
  facet normal 0.849201 -0.52807 0
    outer loop
      vertex -5.40455 -37.4388 0.799999
      vertex -5.62916 -37.8 10.8
      vertex -5.62916 -37.8 0.799999
    endloop
  endfacet
  facet normal -0.772915 0.63451 0
    outer loop
      vertex 4.88696 -45.3357 0.799999
      vertex 5.1568 -45.007 10.8
      vertex 5.1568 -45.007 0.799999
    endloop
  endfacet
  facet normal -0.772915 0.63451 0
    outer loop
      vertex 5.1568 -45.007 10.8
      vertex 4.88696 -45.3357 0.799999
      vertex 4.88696 -45.3357 10.8
    endloop
  endfacet
  facet normal -0.683644 0.729816 0
    outer loop
      vertex 4.59619 -45.6462 0.799999
      vertex 4.28575 -45.937 10.8
      vertex 4.59619 -45.6462 10.8
    endloop
  endfacet
  facet normal -0.683644 0.729816 0
    outer loop
      vertex 4.28575 -45.937 10.8
      vertex 4.59619 -45.6462 0.799999
      vertex 4.28575 -45.937 0.799999
    endloop
  endfacet
  facet normal -0.986644 0.162889 0
    outer loop
      vertex 6.3751 -42.3181 0.799999
      vertex 6.44439 -41.8984 10.8
      vertex 6.44439 -41.8984 0.799999
    endloop
  endfacet
  facet normal -0.986644 0.162889 0
    outer loop
      vertex 6.44439 -41.8984 10.8
      vertex 6.3751 -42.3181 0.799999
      vertex 6.3751 -42.3181 10.8
    endloop
  endfacet
  facet normal -0.93588 0.352319 0
    outer loop
      vertex 6.00522 -43.5374 0.799999
      vertex 6.15505 -43.1394 10.8
      vertex 6.15505 -43.1394 0.799999
    endloop
  endfacet
  facet normal -0.93588 0.352319 0
    outer loop
      vertex 6.15505 -43.1394 10.8
      vertex 6.00522 -43.5374 0.799999
      vertex 6.00522 -43.5374 10.8
    endloop
  endfacet
  facet normal -0.881907 0.471424 0
    outer loop
      vertex 5.62916 -44.3 0.799999
      vertex 5.82967 -43.9249 10.8
      vertex 5.82967 -43.9249 0.799999
    endloop
  endfacet
  facet normal -0.881907 0.471424 0
    outer loop
      vertex 5.82967 -43.9249 10.8
      vertex 5.62916 -44.3 0.799999
      vertex 5.62916 -44.3 10.8
    endloop
  endfacet
  facet normal -0.910885 -0.41266 0
    outer loop
      vertex 6.00522 -38.5626 0.799999
      vertex 5.82967 -38.1751 10.8
      vertex 5.82967 -38.1751 0.799999
    endloop
  endfacet
  facet normal -0.910885 -0.41266 0
    outer loop
      vertex 5.82967 -38.1751 10.8
      vertex 6.00522 -38.5626 0.799999
      vertex 6.00522 -38.5626 10.8
    endloop
  endfacet
  facet normal 0.471386 -0.881927 0
    outer loop
      vertex -3.25 -35.4208 0.799999
      vertex -2.87488 -35.2203 10.8
      vertex -3.25 -35.4208 10.8
    endloop
  endfacet
  facet normal 0.471386 -0.881927 0
    outer loop
      vertex -2.87488 -35.2203 10.8
      vertex -3.25 -35.4208 0.799999
      vertex -2.87488 -35.2203 0.799999
    endloop
  endfacet
  facet normal -0.973876 -0.227081 0
    outer loop
      vertex 6.3751 -39.7819 0.799999
      vertex 6.27852 -39.3677 10.8
      vertex 6.27852 -39.3677 0.799999
    endloop
  endfacet
  facet normal -0.973876 -0.227081 0
    outer loop
      vertex 6.27852 -39.3677 10.8
      vertex 6.3751 -39.7819 0.799999
      vertex 6.3751 -39.7819 10.8
    endloop
  endfacet
  facet normal -0.93588 -0.352319 0
    outer loop
      vertex 6.15505 -38.9606 0.799999
      vertex 6.00522 -38.5626 10.8
      vertex 6.00522 -38.5626 0.799999
    endloop
  endfacet
  facet normal -0.93588 -0.352319 0
    outer loop
      vertex 6.00522 -38.5626 10.8
      vertex 6.15505 -38.9606 0.799999
      vertex 6.15505 -38.9606 10.8
    endloop
  endfacet
  facet normal -0.412616 -0.910905 0
    outer loop
      vertex 2.48744 -35.0448 0.799999
      vertex 2.87488 -35.2203 10.8
      vertex 2.48744 -35.0448 10.8
    endloop
  endfacet
  facet normal -0.412616 -0.910905 -0
    outer loop
      vertex 2.87488 -35.2203 10.8
      vertex 2.48744 -35.0448 0.799999
      vertex 2.87488 -35.2203 0.799999
    endloop
  endfacet
  facet normal -0.973876 0.227081 0
    outer loop
      vertex 6.27852 -42.7323 0.799999
      vertex 6.3751 -42.3181 10.8
      vertex 6.3751 -42.3181 0.799999
    endloop
  endfacet
  facet normal -0.973876 0.227081 0
    outer loop
      vertex 6.3751 -42.3181 10.8
      vertex 6.27852 -42.7323 0.799999
      vertex 6.27852 -42.7323 10.8
    endloop
  endfacet
  facet normal 0.973876 0.227081 0
    outer loop
      vertex -6.27852 -42.7323 10.8
      vertex -6.3751 -42.3181 0.799999
      vertex -6.3751 -42.3181 10.8
    endloop
  endfacet
  facet normal 0.973876 0.227081 0
    outer loop
      vertex -6.3751 -42.3181 0.799999
      vertex -6.27852 -42.7323 10.8
      vertex -6.27852 -42.7323 0.799999
    endloop
  endfacet
  facet normal 0.881907 0.471424 0
    outer loop
      vertex -5.62916 -44.3 10.8
      vertex -5.82967 -43.9249 0.799999
      vertex -5.82967 -43.9249 10.8
    endloop
  endfacet
  facet normal 0.881907 0.471424 0
    outer loop
      vertex -5.82967 -43.9249 0.799999
      vertex -5.62916 -44.3 10.8
      vertex -5.62916 -44.3 0.799999
    endloop
  endfacet
  facet normal 0.999464 0.0327277 0
    outer loop
      vertex -6.48608 -41.4751 10.8
      vertex -6.5 -41.05 0.799999
      vertex -6.5 -41.05 10.8
    endloop
  endfacet
  facet normal 0.999464 0.0327277 0
    outer loop
      vertex -6.5 -41.05 0.799999
      vertex -6.48608 -41.4751 10.8
      vertex -6.48608 -41.4751 0.799999
    endloop
  endfacet
  facet normal -0.634338 -0.773056 0
    outer loop
      vertex 3.95695 -35.8932 0.799999
      vertex 4.28575 -36.163 10.8
      vertex 3.95695 -35.8932 10.8
    endloop
  endfacet
  facet normal -0.634338 -0.773056 -0
    outer loop
      vertex 4.28575 -36.163 10.8
      vertex 3.95695 -35.8932 0.799999
      vertex 4.28575 -36.163 0.799999
    endloop
  endfacet
  facet normal -0.528043 -0.849218 0
    outer loop
      vertex 3.25 -35.4208 0.799999
      vertex 3.61121 -35.6454 10.8
      vertex 3.25 -35.4208 10.8
    endloop
  endfacet
  facet normal -0.528043 -0.849218 -0
    outer loop
      vertex 3.61121 -35.6454 10.8
      vertex 3.25 -35.4208 0.799999
      vertex 3.61121 -35.6454 0.799999
    endloop
  endfacet
  facet normal 0.772915 -0.63451 0
    outer loop
      vertex -5.1568 -37.093 10.8
      vertex -4.88696 -36.7643 0.799999
      vertex -4.88696 -36.7643 10.8
    endloop
  endfacet
  facet normal 0.772915 -0.63451 0
    outer loop
      vertex -4.88696 -36.7643 0.799999
      vertex -5.1568 -37.093 10.8
      vertex -5.1568 -37.093 0.799999
    endloop
  endfacet
  facet normal 0.162923 -0.986639 0
    outer loop
      vertex -1.26809 -34.6749 0.799999
      vertex -0.84842 -34.6056 10.8
      vertex -1.26809 -34.6749 10.8
    endloop
  endfacet
  facet normal 0.162923 -0.986639 0
    outer loop
      vertex -0.84842 -34.6056 10.8
      vertex -1.26809 -34.6749 0.799999
      vertex -0.84842 -34.6056 0.799999
    endloop
  endfacet
  facet normal 0.812899 0.582405 0
    outer loop
      vertex -5.1568 -45.007 10.8
      vertex -5.40455 -44.6612 0.799999
      vertex -5.40455 -44.6612 10.8
    endloop
  endfacet
  facet normal 0.812899 0.582405 0
    outer loop
      vertex -5.40455 -44.6612 0.799999
      vertex -5.1568 -45.007 10.8
      vertex -5.1568 -45.007 0.799999
    endloop
  endfacet
  facet normal 0.995185 -0.0980139 0
    outer loop
      vertex -6.48608 -40.6249 10.8
      vertex -6.44439 -40.2016 0.799999
      vertex -6.44439 -40.2016 10.8
    endloop
  endfacet
  facet normal 0.995185 -0.0980139 0
    outer loop
      vertex -6.44439 -40.2016 0.799999
      vertex -6.48608 -40.6249 10.8
      vertex -6.48608 -40.6249 0.799999
    endloop
  endfacet
  facet normal 0.986644 0.162889 0
    outer loop
      vertex -6.3751 -42.3181 10.8
      vertex -6.44439 -41.8984 0.799999
      vertex -6.44439 -41.8984 10.8
    endloop
  endfacet
  facet normal 0.986644 0.162889 0
    outer loop
      vertex -6.44439 -41.8984 0.799999
      vertex -6.3751 -42.3181 10.8
      vertex -6.3751 -42.3181 0.799999
    endloop
  endfacet
  facet normal -0.683644 -0.729816 0
    outer loop
      vertex 4.28575 -36.163 0.799999
      vertex 4.59619 -36.4538 10.8
      vertex 4.28575 -36.163 10.8
    endloop
  endfacet
  facet normal -0.683644 -0.729816 -0
    outer loop
      vertex 4.59619 -36.4538 10.8
      vertex 4.28575 -36.163 0.799999
      vertex 4.59619 -36.4538 0.799999
    endloop
  endfacet
  facet normal 0.29034 -0.956924 0
    outer loop
      vertex -2.08936 -34.895 0.799999
      vertex -1.68232 -34.7715 10.8
      vertex -2.08936 -34.895 10.8
    endloop
  endfacet
  facet normal 0.29034 -0.956924 0
    outer loop
      vertex -1.68232 -34.7715 10.8
      vertex -2.08936 -34.895 0.799999
      vertex -1.68232 -34.7715 0.799999
    endloop
  endfacet
  facet normal -0.881907 -0.471424 0
    outer loop
      vertex 5.82967 -38.1751 0.799999
      vertex 5.62916 -37.8 10.8
      vertex 5.62916 -37.8 0.799999
    endloop
  endfacet
  facet normal -0.881907 -0.471424 0
    outer loop
      vertex 5.62916 -37.8 10.8
      vertex 5.82967 -38.1751 0.799999
      vertex 5.82967 -38.1751 10.8
    endloop
  endfacet
  facet normal -0.0980369 0.995183 0
    outer loop
      vertex 0.84842 -47.4944 0.799999
      vertex 0.425119 -47.5361 10.8
      vertex 0.84842 -47.4944 10.8
    endloop
  endfacet
  facet normal -0.0980369 0.995183 0
    outer loop
      vertex 0.425119 -47.5361 10.8
      vertex 0.84842 -47.4944 0.799999
      vertex 0.425119 -47.5361 0.799999
    endloop
  endfacet
  facet normal -0.29034 -0.956924 0
    outer loop
      vertex 1.68232 -34.7715 0.799999
      vertex 2.08936 -34.895 10.8
      vertex 1.68232 -34.7715 10.8
    endloop
  endfacet
  facet normal -0.29034 -0.956924 -0
    outer loop
      vertex 2.08936 -34.895 10.8
      vertex 1.68232 -34.7715 0.799999
      vertex 2.08936 -34.895 0.799999
    endloop
  endfacet
  facet normal 0.999464 -0.0327277 0
    outer loop
      vertex -6.5 -41.05 10.8
      vertex -6.48608 -40.6249 0.799999
      vertex -6.48608 -40.6249 10.8
    endloop
  endfacet
  facet normal 0.999464 -0.0327277 0
    outer loop
      vertex -6.48608 -40.6249 0.799999
      vertex -6.5 -41.05 10.8
      vertex -6.5 -41.05 0.799999
    endloop
  endfacet
  facet normal -0.162923 0.986639 0
    outer loop
      vertex 1.26809 -47.4251 0.799999
      vertex 0.84842 -47.4944 10.8
      vertex 1.26809 -47.4251 10.8
    endloop
  endfacet
  facet normal -0.162923 0.986639 0
    outer loop
      vertex 0.84842 -47.4944 10.8
      vertex 1.26809 -47.4251 0.799999
      vertex 0.84842 -47.4944 0.799999
    endloop
  endfacet
  facet normal 0.634338 -0.773056 0
    outer loop
      vertex -4.28575 -36.163 0.799999
      vertex -3.95695 -35.8932 10.8
      vertex -4.28575 -36.163 10.8
    endloop
  endfacet
  facet normal 0.634338 -0.773056 0
    outer loop
      vertex -3.95695 -35.8932 10.8
      vertex -4.28575 -36.163 0.799999
      vertex -3.95695 -35.8932 0.799999
    endloop
  endfacet
  facet normal 0.0326793 -0.999466 0
    outer loop
      vertex -0.425119 -34.5639 0.799999
      vertex 0 -34.55 10.8
      vertex -0.425119 -34.5639 10.8
    endloop
  endfacet
  facet normal 0.0326793 -0.999466 0
    outer loop
      vertex 0 -34.55 10.8
      vertex -0.425119 -34.5639 0.799999
      vertex 0 -34.55 0.799999
    endloop
  endfacet
  facet normal -0.995185 0.0980139 0
    outer loop
      vertex 6.44439 -41.8984 0.799999
      vertex 6.48608 -41.4751 10.8
      vertex 6.48608 -41.4751 0.799999
    endloop
  endfacet
  facet normal -0.995185 0.0980139 0
    outer loop
      vertex 6.48608 -41.4751 10.8
      vertex 6.44439 -41.8984 0.799999
      vertex 6.44439 -41.8984 10.8
    endloop
  endfacet
  facet normal -0.812899 -0.582405 0
    outer loop
      vertex 5.40455 -37.4388 0.799999
      vertex 5.1568 -37.093 10.8
      vertex 5.1568 -37.093 0.799999
    endloop
  endfacet
  facet normal -0.812899 -0.582405 0
    outer loop
      vertex 5.1568 -37.093 10.8
      vertex 5.40455 -37.4388 0.799999
      vertex 5.40455 -37.4388 10.8
    endloop
  endfacet
  facet normal -0.999464 0.0327277 0
    outer loop
      vertex 6.48608 -41.4751 0.799999
      vertex 6.5 -41.05 10.8
      vertex 6.5 -41.05 0.799999
    endloop
  endfacet
  facet normal -0.999464 0.0327277 0
    outer loop
      vertex 6.5 -41.05 10.8
      vertex 6.48608 -41.4751 0.799999
      vertex 6.48608 -41.4751 10.8
    endloop
  endfacet
  facet normal 0.956955 0.290236 0
    outer loop
      vertex -6.15505 -43.1394 10.8
      vertex -6.27852 -42.7323 0.799999
      vertex -6.27852 -42.7323 10.8
    endloop
  endfacet
  facet normal 0.956955 0.290236 0
    outer loop
      vertex -6.27852 -42.7323 0.799999
      vertex -6.15505 -43.1394 10.8
      vertex -6.15505 -43.1394 0.799999
    endloop
  endfacet
  facet normal -0.956955 -0.290236 0
    outer loop
      vertex 6.27852 -39.3677 0.799999
      vertex 6.15505 -38.9606 10.8
      vertex 6.15505 -38.9606 0.799999
    endloop
  endfacet
  facet normal -0.956955 -0.290236 0
    outer loop
      vertex 6.15505 -38.9606 10.8
      vertex 6.27852 -39.3677 0.799999
      vertex 6.27852 -39.3677 10.8
    endloop
  endfacet
  facet normal 0.582549 0.812795 -0
    outer loop
      vertex -3.61121 -46.4546 0.799999
      vertex -3.95695 -46.2068 10.8
      vertex -3.61121 -46.4546 10.8
    endloop
  endfacet
  facet normal 0.582549 0.812795 0
    outer loop
      vertex -3.95695 -46.2068 10.8
      vertex -3.61121 -46.4546 0.799999
      vertex -3.95695 -46.2068 0.799999
    endloop
  endfacet
  facet normal -0.849201 0.52807 0
    outer loop
      vertex 5.40455 -44.6612 0.799999
      vertex 5.62916 -44.3 10.8
      vertex 5.62916 -44.3 0.799999
    endloop
  endfacet
  facet normal -0.849201 0.52807 0
    outer loop
      vertex 5.62916 -44.3 10.8
      vertex 5.40455 -44.6612 0.799999
      vertex 5.40455 -44.6612 10.8
    endloop
  endfacet
  facet normal 0.93588 0.352319 0
    outer loop
      vertex -6.00522 -43.5374 10.8
      vertex -6.15505 -43.1394 0.799999
      vertex -6.15505 -43.1394 10.8
    endloop
  endfacet
  facet normal 0.93588 0.352319 0
    outer loop
      vertex -6.15505 -43.1394 0.799999
      vertex -6.00522 -43.5374 10.8
      vertex -6.00522 -43.5374 0.799999
    endloop
  endfacet
  facet normal 0.683644 -0.729816 0
    outer loop
      vertex -4.59619 -36.4538 0.799999
      vertex -4.28575 -36.163 10.8
      vertex -4.59619 -36.4538 10.8
    endloop
  endfacet
  facet normal 0.683644 -0.729816 0
    outer loop
      vertex -4.28575 -36.163 10.8
      vertex -4.59619 -36.4538 0.799999
      vertex -4.28575 -36.163 0.799999
    endloop
  endfacet
  facet normal -0.582549 0.812795 0
    outer loop
      vertex 3.95695 -46.2068 0.799999
      vertex 3.61121 -46.4546 10.8
      vertex 3.95695 -46.2068 10.8
    endloop
  endfacet
  facet normal -0.582549 0.812795 0
    outer loop
      vertex 3.61121 -46.4546 10.8
      vertex 3.95695 -46.2068 0.799999
      vertex 3.61121 -46.4546 0.799999
    endloop
  endfacet
  facet normal -0.0326793 -0.999466 0
    outer loop
      vertex 0 -34.55 0.799999
      vertex 0.425119 -34.5639 10.8
      vertex 0 -34.55 10.8
    endloop
  endfacet
  facet normal -0.0326793 -0.999466 -0
    outer loop
      vertex 0.425119 -34.5639 10.8
      vertex 0 -34.55 0.799999
      vertex 0.425119 -34.5639 0.799999
    endloop
  endfacet
  facet normal 0.729917 -0.683536 0
    outer loop
      vertex -4.88696 -36.7643 10.8
      vertex -4.59619 -36.4538 0.799999
      vertex -4.59619 -36.4538 10.8
    endloop
  endfacet
  facet normal 0.729917 -0.683536 0
    outer loop
      vertex -4.59619 -36.4538 0.799999
      vertex -4.88696 -36.7643 10.8
      vertex -4.88696 -36.7643 0.799999
    endloop
  endfacet
  facet normal 0.412616 -0.910905 0
    outer loop
      vertex -2.87488 -35.2203 0.799999
      vertex -2.48744 -35.0448 10.8
      vertex -2.87488 -35.2203 10.8
    endloop
  endfacet
  facet normal 0.412616 -0.910905 0
    outer loop
      vertex -2.48744 -35.0448 10.8
      vertex -2.87488 -35.2203 0.799999
      vertex -2.48744 -35.0448 0.799999
    endloop
  endfacet
  facet normal 0.0980369 -0.995183 0
    outer loop
      vertex -0.84842 -34.6056 0.799999
      vertex -0.425119 -34.5639 10.8
      vertex -0.84842 -34.6056 10.8
    endloop
  endfacet
  facet normal 0.0980369 -0.995183 0
    outer loop
      vertex -0.425119 -34.5639 10.8
      vertex -0.84842 -34.6056 0.799999
      vertex -0.425119 -34.5639 0.799999
    endloop
  endfacet
  facet normal 0.352195 -0.935927 0
    outer loop
      vertex -2.48744 -35.0448 0.799999
      vertex -2.08936 -34.895 10.8
      vertex -2.48744 -35.0448 10.8
    endloop
  endfacet
  facet normal 0.352195 -0.935927 0
    outer loop
      vertex -2.08936 -34.895 10.8
      vertex -2.48744 -35.0448 0.799999
      vertex -2.08936 -34.895 0.799999
    endloop
  endfacet
  facet normal 0.162923 0.986639 -0
    outer loop
      vertex -0.84842 -47.4944 0.799999
      vertex -1.26809 -47.4251 10.8
      vertex -0.84842 -47.4944 10.8
    endloop
  endfacet
  facet normal 0.162923 0.986639 0
    outer loop
      vertex -1.26809 -47.4251 10.8
      vertex -0.84842 -47.4944 0.799999
      vertex -1.26809 -47.4251 0.799999
    endloop
  endfacet
  facet normal 0.0326793 0.999466 -0
    outer loop
      vertex 0 -47.55 0.799999
      vertex -0.425119 -47.5361 10.8
      vertex 0 -47.55 10.8
    endloop
  endfacet
  facet normal 0.0326793 0.999466 0
    outer loop
      vertex -0.425119 -47.5361 10.8
      vertex 0 -47.55 0.799999
      vertex -0.425119 -47.5361 0.799999
    endloop
  endfacet
  facet normal -0.22711 0.973869 0
    outer loop
      vertex 1.68232 -47.3285 0.799999
      vertex 1.26809 -47.4251 10.8
      vertex 1.68232 -47.3285 10.8
    endloop
  endfacet
  facet normal -0.22711 0.973869 0
    outer loop
      vertex 1.26809 -47.4251 10.8
      vertex 1.68232 -47.3285 0.799999
      vertex 1.26809 -47.4251 0.799999
    endloop
  endfacet
  facet normal -0.582549 -0.812795 0
    outer loop
      vertex 3.61121 -35.6454 0.799999
      vertex 3.95695 -35.8932 10.8
      vertex 3.61121 -35.6454 10.8
    endloop
  endfacet
  facet normal -0.582549 -0.812795 -0
    outer loop
      vertex 3.95695 -35.8932 10.8
      vertex 3.61121 -35.6454 0.799999
      vertex 3.95695 -35.8932 0.799999
    endloop
  endfacet
  facet normal 0.582549 -0.812795 0
    outer loop
      vertex -3.95695 -35.8932 0.799999
      vertex -3.61121 -35.6454 10.8
      vertex -3.95695 -35.8932 10.8
    endloop
  endfacet
  facet normal 0.582549 -0.812795 0
    outer loop
      vertex -3.61121 -35.6454 10.8
      vertex -3.95695 -35.8932 0.799999
      vertex -3.61121 -35.6454 0.799999
    endloop
  endfacet
  facet normal -0.729917 0.683536 0
    outer loop
      vertex 4.59619 -45.6462 0.799999
      vertex 4.88696 -45.3357 10.8
      vertex 4.88696 -45.3357 0.799999
    endloop
  endfacet
  facet normal -0.729917 0.683536 0
    outer loop
      vertex 4.88696 -45.3357 10.8
      vertex 4.59619 -45.6462 0.799999
      vertex 4.59619 -45.6462 10.8
    endloop
  endfacet
  facet normal -0.0980369 -0.995183 0
    outer loop
      vertex 0.425119 -34.5639 0.799999
      vertex 0.84842 -34.6056 10.8
      vertex 0.425119 -34.5639 10.8
    endloop
  endfacet
  facet normal -0.0980369 -0.995183 -0
    outer loop
      vertex 0.84842 -34.6056 10.8
      vertex 0.425119 -34.5639 0.799999
      vertex 0.84842 -34.6056 0.799999
    endloop
  endfacet
  facet normal -0.352195 0.935927 0
    outer loop
      vertex 2.48744 -47.0552 0.799999
      vertex 2.08936 -47.205 10.8
      vertex 2.48744 -47.0552 10.8
    endloop
  endfacet
  facet normal -0.352195 0.935927 0
    outer loop
      vertex 2.08936 -47.205 10.8
      vertex 2.48744 -47.0552 0.799999
      vertex 2.08936 -47.205 0.799999
    endloop
  endfacet
  facet normal 0.22711 0.973869 -0
    outer loop
      vertex -1.26809 -47.4251 0.799999
      vertex -1.68232 -47.3285 10.8
      vertex -1.26809 -47.4251 10.8
    endloop
  endfacet
  facet normal 0.22711 0.973869 0
    outer loop
      vertex -1.68232 -47.3285 10.8
      vertex -1.26809 -47.4251 0.799999
      vertex -1.68232 -47.3285 0.799999
    endloop
  endfacet
  facet normal 0.849201 0.52807 0
    outer loop
      vertex -5.40455 -44.6612 10.8
      vertex -5.62916 -44.3 0.799999
      vertex -5.62916 -44.3 10.8
    endloop
  endfacet
  facet normal 0.849201 0.52807 0
    outer loop
      vertex -5.62916 -44.3 0.799999
      vertex -5.40455 -44.6612 10.8
      vertex -5.40455 -44.6612 0.799999
    endloop
  endfacet
  facet normal 0.973876 -0.227081 0
    outer loop
      vertex -6.3751 -39.7819 10.8
      vertex -6.27852 -39.3677 0.799999
      vertex -6.27852 -39.3677 10.8
    endloop
  endfacet
  facet normal 0.973876 -0.227081 0
    outer loop
      vertex -6.27852 -39.3677 0.799999
      vertex -6.3751 -39.7819 10.8
      vertex -6.3751 -39.7819 0.799999
    endloop
  endfacet
  facet normal -0.986644 -0.162889 0
    outer loop
      vertex 6.44439 -40.2016 0.799999
      vertex 6.3751 -39.7819 10.8
      vertex 6.3751 -39.7819 0.799999
    endloop
  endfacet
  facet normal -0.986644 -0.162889 0
    outer loop
      vertex 6.3751 -39.7819 10.8
      vertex 6.44439 -40.2016 0.799999
      vertex 6.44439 -40.2016 10.8
    endloop
  endfacet
  facet normal 0.995185 0.0980139 0
    outer loop
      vertex -6.44439 -41.8984 10.8
      vertex -6.48608 -41.4751 0.799999
      vertex -6.48608 -41.4751 10.8
    endloop
  endfacet
  facet normal 0.995185 0.0980139 0
    outer loop
      vertex -6.48608 -41.4751 0.799999
      vertex -6.44439 -41.8984 10.8
      vertex -6.44439 -41.8984 0.799999
    endloop
  endfacet
  facet normal 0.986644 -0.162889 0
    outer loop
      vertex -6.44439 -40.2016 10.8
      vertex -6.3751 -39.7819 0.799999
      vertex -6.3751 -39.7819 10.8
    endloop
  endfacet
  facet normal 0.986644 -0.162889 0
    outer loop
      vertex -6.3751 -39.7819 0.799999
      vertex -6.44439 -40.2016 10.8
      vertex -6.44439 -40.2016 0.799999
    endloop
  endfacet
  facet normal 0.812899 -0.582405 0
    outer loop
      vertex -5.40455 -37.4388 10.8
      vertex -5.1568 -37.093 0.799999
      vertex -5.1568 -37.093 10.8
    endloop
  endfacet
  facet normal 0.812899 -0.582405 0
    outer loop
      vertex -5.1568 -37.093 0.799999
      vertex -5.40455 -37.4388 10.8
      vertex -5.40455 -37.4388 0.799999
    endloop
  endfacet
  facet normal 0.22711 -0.973869 0
    outer loop
      vertex -1.68232 -34.7715 0.799999
      vertex -1.26809 -34.6749 10.8
      vertex -1.68232 -34.7715 10.8
    endloop
  endfacet
  facet normal 0.22711 -0.973869 0
    outer loop
      vertex -1.26809 -34.6749 10.8
      vertex -1.68232 -34.7715 0.799999
      vertex -1.26809 -34.6749 0.799999
    endloop
  endfacet
  facet normal -0.471386 0.881927 0
    outer loop
      vertex 3.25 -46.6792 0.799999
      vertex 2.87488 -46.8797 10.8
      vertex 3.25 -46.6792 10.8
    endloop
  endfacet
  facet normal -0.471386 0.881927 0
    outer loop
      vertex 2.87488 -46.8797 10.8
      vertex 3.25 -46.6792 0.799999
      vertex 2.87488 -46.8797 0.799999
    endloop
  endfacet
  facet normal -0.528043 0.849218 0
    outer loop
      vertex 3.61121 -46.4546 0.799999
      vertex 3.25 -46.6792 10.8
      vertex 3.61121 -46.4546 10.8
    endloop
  endfacet
  facet normal -0.528043 0.849218 0
    outer loop
      vertex 3.25 -46.6792 10.8
      vertex 3.61121 -46.4546 0.799999
      vertex 3.25 -46.6792 0.799999
    endloop
  endfacet
  facet normal 0.412616 0.910905 -0
    outer loop
      vertex -2.48744 -47.0552 0.799999
      vertex -2.87488 -46.8797 10.8
      vertex -2.48744 -47.0552 10.8
    endloop
  endfacet
  facet normal 0.412616 0.910905 0
    outer loop
      vertex -2.87488 -46.8797 10.8
      vertex -2.48744 -47.0552 0.799999
      vertex -2.87488 -46.8797 0.799999
    endloop
  endfacet
  facet normal -0.910885 0.41266 0
    outer loop
      vertex 5.82967 -43.9249 0.799999
      vertex 6.00522 -43.5374 10.8
      vertex 6.00522 -43.5374 0.799999
    endloop
  endfacet
  facet normal -0.910885 0.41266 0
    outer loop
      vertex 6.00522 -43.5374 10.8
      vertex 5.82967 -43.9249 0.799999
      vertex 5.82967 -43.9249 10.8
    endloop
  endfacet
  facet normal 0.910885 0.41266 0
    outer loop
      vertex -5.82967 -43.9249 10.8
      vertex -6.00522 -43.5374 0.799999
      vertex -6.00522 -43.5374 10.8
    endloop
  endfacet
  facet normal 0.910885 0.41266 0
    outer loop
      vertex -6.00522 -43.5374 0.799999
      vertex -5.82967 -43.9249 10.8
      vertex -5.82967 -43.9249 0.799999
    endloop
  endfacet
  facet normal 0.528043 0.849218 -0
    outer loop
      vertex -3.25 -46.6792 0.799999
      vertex -3.61121 -46.4546 10.8
      vertex -3.25 -46.6792 10.8
    endloop
  endfacet
  facet normal 0.528043 0.849218 0
    outer loop
      vertex -3.61121 -46.4546 10.8
      vertex -3.25 -46.6792 0.799999
      vertex -3.61121 -46.4546 0.799999
    endloop
  endfacet
  facet normal 0.471386 0.881927 -0
    outer loop
      vertex -2.87488 -46.8797 0.799999
      vertex -3.25 -46.6792 10.8
      vertex -2.87488 -46.8797 10.8
    endloop
  endfacet
  facet normal 0.471386 0.881927 0
    outer loop
      vertex -3.25 -46.6792 10.8
      vertex -2.87488 -46.8797 0.799999
      vertex -3.25 -46.6792 0.799999
    endloop
  endfacet
  facet normal 0.910885 -0.41266 0
    outer loop
      vertex -6.00522 -38.5626 10.8
      vertex -5.82967 -38.1751 0.799999
      vertex -5.82967 -38.1751 10.8
    endloop
  endfacet
  facet normal 0.910885 -0.41266 0
    outer loop
      vertex -5.82967 -38.1751 0.799999
      vertex -6.00522 -38.5626 10.8
      vertex -6.00522 -38.5626 0.799999
    endloop
  endfacet
  facet normal 0.881907 -0.471424 0
    outer loop
      vertex -5.82967 -38.1751 10.8
      vertex -5.62916 -37.8 0.799999
      vertex -5.62916 -37.8 10.8
    endloop
  endfacet
  facet normal 0.881907 -0.471424 0
    outer loop
      vertex -5.62916 -37.8 0.799999
      vertex -5.82967 -38.1751 10.8
      vertex -5.82967 -38.1751 0.799999
    endloop
  endfacet
  facet normal -0.29034 0.956924 0
    outer loop
      vertex 2.08936 -47.205 0.799999
      vertex 1.68232 -47.3285 10.8
      vertex 2.08936 -47.205 10.8
    endloop
  endfacet
  facet normal -0.29034 0.956924 0
    outer loop
      vertex 1.68232 -47.3285 10.8
      vertex 2.08936 -47.205 0.799999
      vertex 1.68232 -47.3285 0.799999
    endloop
  endfacet
  facet normal -0.729917 -0.683536 0
    outer loop
      vertex 4.88696 -36.7643 0.799999
      vertex 4.59619 -36.4538 10.8
      vertex 4.59619 -36.4538 0.799999
    endloop
  endfacet
  facet normal -0.729917 -0.683536 0
    outer loop
      vertex 4.59619 -36.4538 10.8
      vertex 4.88696 -36.7643 0.799999
      vertex 4.88696 -36.7643 10.8
    endloop
  endfacet
  facet normal -0.812899 0.582405 0
    outer loop
      vertex 5.1568 -45.007 0.799999
      vertex 5.40455 -44.6612 10.8
      vertex 5.40455 -44.6612 0.799999
    endloop
  endfacet
  facet normal -0.812899 0.582405 0
    outer loop
      vertex 5.40455 -44.6612 10.8
      vertex 5.1568 -45.007 0.799999
      vertex 5.1568 -45.007 10.8
    endloop
  endfacet
  facet normal -0.162923 -0.986639 0
    outer loop
      vertex 0.84842 -34.6056 0.799999
      vertex 1.26809 -34.6749 10.8
      vertex 0.84842 -34.6056 10.8
    endloop
  endfacet
  facet normal -0.162923 -0.986639 -0
    outer loop
      vertex 1.26809 -34.6749 10.8
      vertex 0.84842 -34.6056 0.799999
      vertex 1.26809 -34.6749 0.799999
    endloop
  endfacet
  facet normal 0.683644 0.729816 -0
    outer loop
      vertex -4.28575 -45.937 0.799999
      vertex -4.59619 -45.6462 10.8
      vertex -4.28575 -45.937 10.8
    endloop
  endfacet
  facet normal 0.683644 0.729816 0
    outer loop
      vertex -4.59619 -45.6462 10.8
      vertex -4.28575 -45.937 0.799999
      vertex -4.59619 -45.6462 0.799999
    endloop
  endfacet
  facet normal 0.634338 0.773056 -0
    outer loop
      vertex -3.95695 -46.2068 0.799999
      vertex -4.28575 -45.937 10.8
      vertex -3.95695 -46.2068 10.8
    endloop
  endfacet
  facet normal 0.634338 0.773056 0
    outer loop
      vertex -4.28575 -45.937 10.8
      vertex -3.95695 -46.2068 0.799999
      vertex -4.28575 -45.937 0.799999
    endloop
  endfacet
  facet normal 0.29034 0.956924 -0
    outer loop
      vertex -1.68232 -47.3285 0.799999
      vertex -2.08936 -47.205 10.8
      vertex -1.68232 -47.3285 10.8
    endloop
  endfacet
  facet normal 0.29034 0.956924 0
    outer loop
      vertex -2.08936 -47.205 10.8
      vertex -1.68232 -47.3285 0.799999
      vertex -2.08936 -47.205 0.799999
    endloop
  endfacet
  facet normal 0 0.139883 -0.990168
    outer loop
      vertex -16 27.9223 28.5819
      vertex -12 59.55 33.05
      vertex -12 27.9223 28.5819
    endloop
  endfacet
  facet normal 0 0.139883 -0.990168
    outer loop
      vertex -12 59.55 33.05
      vertex -16 27.9223 28.5819
      vertex -16 59.55 33.05
    endloop
  endfacet
  facet normal -0 0 1
    outer loop
      vertex -16 48.55 36.25
      vertex 16 30.55 36.25
      vertex 16 48.55 36.25
    endloop
  endfacet
  facet normal 0 0 1
    outer loop
      vertex 16 30.55 36.25
      vertex -16 48.55 36.25
      vertex -16 30.55 36.25
    endloop
  endfacet
  facet normal -0 0 1
    outer loop
      vertex -16 59.55 36.25
      vertex -12 53.55 36.25
      vertex -12 59.55 36.25
    endloop
  endfacet
  facet normal 0 0 1
    outer loop
      vertex -12 53.55 36.25
      vertex -16 59.55 36.25
      vertex -16 53.55 36.25
    endloop
  endfacet
  facet normal -0 0 1
    outer loop
      vertex 12 59.55 36.25
      vertex 16 53.55 36.25
      vertex 16 59.55 36.25
    endloop
  endfacet
  facet normal 0 0 1
    outer loop
      vertex 16 53.55 36.25
      vertex 12 59.55 36.25
      vertex 12 53.55 36.25
    endloop
  endfacet
  facet normal -0 0 1
    outer loop
      vertex 12 53.55 36.25
      vertex 16 48.55 36.25
      vertex 16 53.55 36.25
    endloop
  endfacet
  facet normal 0 0 1
    outer loop
      vertex -12 53.55 36.25
      vertex 12 53.55 36.25
      vertex -12 59.55 36.25
    endloop
  endfacet
  facet normal 0 0 1
    outer loop
      vertex 12 53.55 36.25
      vertex -12 53.55 36.25
      vertex 16 48.55 36.25
    endloop
  endfacet
  facet normal 0 0 1
    outer loop
      vertex -16 48.55 36.25
      vertex -12 53.55 36.25
      vertex -16 53.55 36.25
    endloop
  endfacet
  facet normal 0 0 1
    outer loop
      vertex -12 53.55 36.25
      vertex -16 48.55 36.25
      vertex 16 48.55 36.25
    endloop
  endfacet
  facet normal 0 0 1
    outer loop
      vertex 68.5 107.75 36.25
      vertex 74.7 101.55 36.25
      vertex 74.6867 101.956 36.25
    endloop
  endfacet
  facet normal 0 0 1
    outer loop
      vertex 74.7 101.55 36.25
      vertex 16 59.55 36.25
      vertex 74.7 34.55 36.25
    endloop
  endfacet
  facet normal 0 0 1
    outer loop
      vertex 68.5 107.75 36.25
      vertex 74.6867 101.956 36.25
      vertex 74.647 102.359 36.25
    endloop
  endfacet
  facet normal -0 0 1
    outer loop
      vertex 16 53.55 36.25
      vertex 74.7 34.55 36.25
      vertex 16 59.55 36.25
    endloop
  endfacet
  facet normal 0 0 1
    outer loop
      vertex 68.5 107.75 36.25
      vertex 74.647 102.359 36.25
      vertex 74.5809 102.76 36.25
    endloop
  endfacet
  facet normal 0 -0 1
    outer loop
      vertex 68.5 28.35 36.25
      vertex 74.7 34.55 36.25
      vertex 16 53.55 36.25
    endloop
  endfacet
  facet normal 0 0 1
    outer loop
      vertex 68.5 107.75 36.25
      vertex 74.5809 102.76 36.25
      vertex 74.4887 103.155 36.25
    endloop
  endfacet
  facet normal 0 0 1
    outer loop
      vertex 74.7 34.55 36.25
      vertex 68.5 28.35 36.25
      vertex 74.6867 34.1445 36.25
    endloop
  endfacet
  facet normal 0 0 1
    outer loop
      vertex 68.5 107.75 36.25
      vertex 74.4887 103.155 36.25
      vertex 74.371 103.543 36.25
    endloop
  endfacet
  facet normal 0 0 1
    outer loop
      vertex 74.647 33.7407 36.25
      vertex 68.5 28.35 36.25
      vertex 74.5809 33.3404 36.25
    endloop
  endfacet
  facet normal 0 0 1
    outer loop
      vertex 68.5 107.75 36.25
      vertex 74.371 103.543 36.25
      vertex 74.2281 103.923 36.25
    endloop
  endfacet
  facet normal 0 0 1
    outer loop
      vertex 74.5809 33.3404 36.25
      vertex 68.5 28.35 36.25
      vertex 74.4887 32.9453 36.25
    endloop
  endfacet
  facet normal 0 0 1
    outer loop
      vertex 68.5 107.75 36.25
      vertex 74.2281 103.923 36.25
      vertex 74.0606 104.292 36.25
    endloop
  endfacet
  facet normal 0 0 1
    outer loop
      vertex 74.4887 32.9453 36.25
      vertex 68.5 28.35 36.25
      vertex 74.371 32.5571 36.25
    endloop
  endfacet
  facet normal 0 0 1
    outer loop
      vertex 68.5 107.75 36.25
      vertex 74.0606 104.292 36.25
      vertex 73.8694 104.65 36.25
    endloop
  endfacet
  facet normal 0 0 1
    outer loop
      vertex 74.371 32.5571 36.25
      vertex 68.5 28.35 36.25
      vertex 74.2281 32.1774 36.25
    endloop
  endfacet
  facet normal 0 0 1
    outer loop
      vertex 68.5 107.75 36.25
      vertex 73.8694 104.65 36.25
      vertex 73.6551 104.995 36.25
    endloop
  endfacet
  facet normal 0 0 1
    outer loop
      vertex 74.2281 32.1774 36.25
      vertex 68.5 28.35 36.25
      vertex 74.0606 31.8078 36.25
    endloop
  endfacet
  facet normal 0 0 1
    outer loop
      vertex 68.5 107.75 36.25
      vertex 73.6551 104.995 36.25
      vertex 73.4188 105.324 36.25
    endloop
  endfacet
  facet normal 0 0 1
    outer loop
      vertex 74.0606 31.8078 36.25
      vertex 68.5 28.35 36.25
      vertex 73.8694 31.45 36.25
    endloop
  endfacet
  facet normal 0 0 1
    outer loop
      vertex 68.5 107.75 36.25
      vertex 73.4188 105.324 36.25
      vertex 73.1614 105.638 36.25
    endloop
  endfacet
  facet normal 0 0 1
    outer loop
      vertex 73.8694 31.45 36.25
      vertex 68.5 28.35 36.25
      vertex 73.6551 31.1055 36.25
    endloop
  endfacet
  facet normal 0 0 1
    outer loop
      vertex 68.5 107.75 36.25
      vertex 73.1614 105.638 36.25
      vertex 72.8841 105.934 36.25
    endloop
  endfacet
  facet normal 0 0 1
    outer loop
      vertex 73.6551 31.1055 36.25
      vertex 68.5 28.35 36.25
      vertex 73.4188 30.7757 36.25
    endloop
  endfacet
  facet normal 0 0 1
    outer loop
      vertex 68.5 107.75 36.25
      vertex 72.8841 105.934 36.25
      vertex 72.588 106.211 36.25
    endloop
  endfacet
  facet normal 0 0 1
    outer loop
      vertex 73.4188 30.7757 36.25
      vertex 68.5 28.35 36.25
      vertex 73.1614 30.462 36.25
    endloop
  endfacet
  facet normal 0 0 1
    outer loop
      vertex 68.5 107.75 36.25
      vertex 72.588 106.211 36.25
      vertex 72.2743 106.469 36.25
    endloop
  endfacet
  facet normal 0 0 1
    outer loop
      vertex 74.7 101.55 36.25
      vertex 68.5 107.75 36.25
      vertex 16 59.55 36.25
    endloop
  endfacet
  facet normal 0 0 1
    outer loop
      vertex 68.5 107.75 36.25
      vertex 72.2743 106.469 36.25
      vertex 71.9445 106.705 36.25
    endloop
  endfacet
  facet normal 0 0 1
    outer loop
      vertex 73.1614 30.462 36.25
      vertex 68.5 28.35 36.25
      vertex 72.8841 30.1659 36.25
    endloop
  endfacet
  facet normal 0 0 1
    outer loop
      vertex 68.5 107.75 36.25
      vertex 71.9445 106.705 36.25
      vertex 71.6 106.919 36.25
    endloop
  endfacet
  facet normal 0 0 1
    outer loop
      vertex 72.588 29.8886 36.25
      vertex 68.5 28.35 36.25
      vertex 72.2743 29.6312 36.25
    endloop
  endfacet
  facet normal 0 0 1
    outer loop
      vertex 68.5 107.75 36.25
      vertex 71.6 106.919 36.25
      vertex 71.2422 107.111 36.25
    endloop
  endfacet
  facet normal 0 0 1
    outer loop
      vertex 72.2743 29.6312 36.25
      vertex 68.5 28.35 36.25
      vertex 71.9445 29.3949 36.25
    endloop
  endfacet
  facet normal 0 0 1
    outer loop
      vertex 68.5 107.75 36.25
      vertex 71.2422 107.111 36.25
      vertex 70.8726 107.278 36.25
    endloop
  endfacet
  facet normal 0 0 1
    outer loop
      vertex 71.9445 29.3949 36.25
      vertex 68.5 28.35 36.25
      vertex 71.6 29.1806 36.25
    endloop
  endfacet
  facet normal 0 0 1
    outer loop
      vertex 68.5 107.75 36.25
      vertex 70.8726 107.278 36.25
      vertex 70.4929 107.421 36.25
    endloop
  endfacet
  facet normal 0 0 1
    outer loop
      vertex 71.6 29.1806 36.25
      vertex 68.5 28.35 36.25
      vertex 71.2422 28.9894 36.25
    endloop
  endfacet
  facet normal 0 0 1
    outer loop
      vertex 68.5 107.75 36.25
      vertex 70.4929 107.421 36.25
      vertex 70.1047 107.539 36.25
    endloop
  endfacet
  facet normal 0 0 1
    outer loop
      vertex 71.2422 28.9894 36.25
      vertex 68.5 28.35 36.25
      vertex 70.8726 28.8219 36.25
    endloop
  endfacet
  facet normal 0 0 1
    outer loop
      vertex 68.5 107.75 36.25
      vertex 70.1047 107.539 36.25
      vertex 69.7096 107.631 36.25
    endloop
  endfacet
  facet normal 0 0 1
    outer loop
      vertex 70.8726 28.8219 36.25
      vertex 68.5 28.35 36.25
      vertex 70.4929 28.679 36.25
    endloop
  endfacet
  facet normal 0 0 1
    outer loop
      vertex 68.5 107.75 36.25
      vertex 69.7096 107.631 36.25
      vertex 69.3093 107.697 36.25
    endloop
  endfacet
  facet normal 0 0 1
    outer loop
      vertex 70.4929 28.679 36.25
      vertex 68.5 28.35 36.25
      vertex 70.1047 28.5613 36.25
    endloop
  endfacet
  facet normal 0 0 1
    outer loop
      vertex 68.5 107.75 36.25
      vertex 69.3093 107.697 36.25
      vertex 68.9055 107.737 36.25
    endloop
  endfacet
  facet normal 0 0 1
    outer loop
      vertex 70.1047 28.5613 36.25
      vertex 68.5 28.35 36.25
      vertex 69.7096 28.4691 36.25
    endloop
  endfacet
  facet normal 0 0 1
    outer loop
      vertex 69.7096 28.4691 36.25
      vertex 68.5 28.35 36.25
      vertex 69.3093 28.403 36.25
    endloop
  endfacet
  facet normal 0 0 1
    outer loop
      vertex 69.3093 28.403 36.25
      vertex 68.5 28.35 36.25
      vertex 68.9055 28.3633 36.25
    endloop
  endfacet
  facet normal 0 0 1
    outer loop
      vertex 72.8841 30.1659 36.25
      vertex 68.5 28.35 36.25
      vertex 72.588 29.8886 36.25
    endloop
  endfacet
  facet normal 0 0 1
    outer loop
      vertex 68.5 107.75 36.25
      vertex 12 59.55 36.25
      vertex 16 59.55 36.25
    endloop
  endfacet
  facet normal 0 0 1
    outer loop
      vertex 12 59.55 36.25
      vertex -12 59.55 36.25
      vertex 12 53.55 36.25
    endloop
  endfacet
  facet normal 0 0 1
    outer loop
      vertex 68.5 107.75 36.25
      vertex -12 59.55 36.25
      vertex 12 59.55 36.25
    endloop
  endfacet
  facet normal -0 0 1
    outer loop
      vertex -68.5 107.75 36.25
      vertex -12 59.55 36.25
      vertex 68.5 107.75 36.25
    endloop
  endfacet
  facet normal 0 0 1
    outer loop
      vertex -74.7 34.55 36.25
      vertex -16 53.55 36.25
      vertex -16 59.55 36.25
    endloop
  endfacet
  facet normal 0 0 1
    outer loop
      vertex -16 53.55 36.25
      vertex -68.5 28.35 36.25
      vertex -16 48.55 36.25
    endloop
  endfacet
  facet normal -0 0 1
    outer loop
      vertex -74.7 101.55 36.25
      vertex -16 59.55 36.25
      vertex -68.5 107.75 36.25
    endloop
  endfacet
  facet normal 0 0 1
    outer loop
      vertex -12 59.55 36.25
      vertex -68.5 107.75 36.25
      vertex -16 59.55 36.25
    endloop
  endfacet
  facet normal 0 0 1
    outer loop
      vertex 74.6867 34.1445 36.25
      vertex 68.5 28.35 36.25
      vertex 74.647 33.7407 36.25
    endloop
  endfacet
  facet normal -0 0 1
    outer loop
      vertex 16 48.55 36.25
      vertex 68.5 28.35 36.25
      vertex 16 53.55 36.25
    endloop
  endfacet
  facet normal -0 0 1
    outer loop
      vertex 16 30.55 36.25
      vertex 68.5 28.35 36.25
      vertex 16 48.55 36.25
    endloop
  endfacet
  facet normal -0 0 1
    outer loop
      vertex -16 30.55 36.25
      vertex 68.5 28.35 36.25
      vertex 16 30.55 36.25
    endloop
  endfacet
  facet normal 0 0 1
    outer loop
      vertex -16 30.55 36.25
      vertex -68.5 28.35 36.25
      vertex 68.5 28.35 36.25
    endloop
  endfacet
  facet normal 0 0 1
    outer loop
      vertex -74.7 34.55 36.25
      vertex -16 59.55 36.25
      vertex -74.7 101.55 36.25
    endloop
  endfacet
  facet normal 0 0 1
    outer loop
      vertex -74.7 101.55 36.25
      vertex -68.5 107.75 36.25
      vertex -68.9055 107.737 36.25
    endloop
  endfacet
  facet normal 0 0 1
    outer loop
      vertex -16 53.55 36.25
      vertex -74.7 34.55 36.25
      vertex -68.5 28.35 36.25
    endloop
  endfacet
  facet normal 0 0 1
    outer loop
      vertex -74.7 101.55 36.25
      vertex -68.9055 107.737 36.25
      vertex -69.3093 107.697 36.25
    endloop
  endfacet
  facet normal 0 0 1
    outer loop
      vertex -16 48.55 36.25
      vertex -68.5 28.35 36.25
      vertex -16 30.55 36.25
    endloop
  endfacet
  facet normal 0 0 1
    outer loop
      vertex -74.7 101.55 36.25
      vertex -69.3093 107.697 36.25
      vertex -69.7096 107.631 36.25
    endloop
  endfacet
  facet normal 0 0 1
    outer loop
      vertex -68.5 28.35 36.25
      vertex -74.7 34.55 36.25
      vertex -68.9055 28.3633 36.25
    endloop
  endfacet
  facet normal 0 0 1
    outer loop
      vertex -74.7 101.55 36.25
      vertex -69.7096 107.631 36.25
      vertex -70.1047 107.539 36.25
    endloop
  endfacet
  facet normal 0 0 1
    outer loop
      vertex -68.9055 28.3633 36.25
      vertex -74.7 34.55 36.25
      vertex -69.3093 28.403 36.25
    endloop
  endfacet
  facet normal 0 0 1
    outer loop
      vertex -74.7 101.55 36.25
      vertex -70.1047 107.539 36.25
      vertex -70.4929 107.421 36.25
    endloop
  endfacet
  facet normal 0 0 1
    outer loop
      vertex -69.3093 28.403 36.25
      vertex -74.7 34.55 36.25
      vertex -69.7096 28.4691 36.25
    endloop
  endfacet
  facet normal 0 0 1
    outer loop
      vertex -74.7 101.55 36.25
      vertex -70.4929 107.421 36.25
      vertex -70.8726 107.278 36.25
    endloop
  endfacet
  facet normal 0 0 1
    outer loop
      vertex -69.7096 28.4691 36.25
      vertex -74.7 34.55 36.25
      vertex -70.1047 28.5613 36.25
    endloop
  endfacet
  facet normal 0 0 1
    outer loop
      vertex -74.7 101.55 36.25
      vertex -70.8726 107.278 36.25
      vertex -71.2422 107.111 36.25
    endloop
  endfacet
  facet normal 0 0 1
    outer loop
      vertex -70.1047 28.5613 36.25
      vertex -74.7 34.55 36.25
      vertex -70.4929 28.679 36.25
    endloop
  endfacet
  facet normal 0 0 1
    outer loop
      vertex -74.7 101.55 36.25
      vertex -71.2422 107.111 36.25
      vertex -71.6 106.919 36.25
    endloop
  endfacet
  facet normal 0 0 1
    outer loop
      vertex -70.4929 28.679 36.25
      vertex -74.7 34.55 36.25
      vertex -70.8726 28.8219 36.25
    endloop
  endfacet
  facet normal 0 0 1
    outer loop
      vertex -74.7 101.55 36.25
      vertex -71.6 106.919 36.25
      vertex -71.9445 106.705 36.25
    endloop
  endfacet
  facet normal 0 0 1
    outer loop
      vertex -70.8726 28.8219 36.25
      vertex -74.7 34.55 36.25
      vertex -71.2422 28.9894 36.25
    endloop
  endfacet
  facet normal 0 0 1
    outer loop
      vertex -74.7 101.55 36.25
      vertex -71.9445 106.705 36.25
      vertex -72.2743 106.469 36.25
    endloop
  endfacet
  facet normal 0 0 1
    outer loop
      vertex -71.2422 28.9894 36.25
      vertex -74.7 34.55 36.25
      vertex -71.6 29.1806 36.25
    endloop
  endfacet
  facet normal 0 0 1
    outer loop
      vertex -74.7 101.55 36.25
      vertex -72.2743 106.469 36.25
      vertex -72.588 106.211 36.25
    endloop
  endfacet
  facet normal 0 0 1
    outer loop
      vertex -71.6 29.1806 36.25
      vertex -74.7 34.55 36.25
      vertex -71.9445 29.3949 36.25
    endloop
  endfacet
  facet normal 0 0 1
    outer loop
      vertex -74.7 101.55 36.25
      vertex -72.588 106.211 36.25
      vertex -72.8841 105.934 36.25
    endloop
  endfacet
  facet normal 0 0 1
    outer loop
      vertex -71.9445 29.3949 36.25
      vertex -74.7 34.55 36.25
      vertex -72.2743 29.6312 36.25
    endloop
  endfacet
  facet normal 0 0 1
    outer loop
      vertex -74.7 101.55 36.25
      vertex -72.8841 105.934 36.25
      vertex -73.1614 105.638 36.25
    endloop
  endfacet
  facet normal 0 0 1
    outer loop
      vertex -72.2743 29.6312 36.25
      vertex -74.7 34.55 36.25
      vertex -72.588 29.8886 36.25
    endloop
  endfacet
  facet normal 0 0 1
    outer loop
      vertex -74.7 101.55 36.25
      vertex -73.1614 105.638 36.25
      vertex -73.4188 105.324 36.25
    endloop
  endfacet
  facet normal 0 0 1
    outer loop
      vertex -72.588 29.8886 36.25
      vertex -74.7 34.55 36.25
      vertex -72.8841 30.1659 36.25
    endloop
  endfacet
  facet normal 0 0 1
    outer loop
      vertex -74.7 101.55 36.25
      vertex -73.4188 105.324 36.25
      vertex -73.6551 104.995 36.25
    endloop
  endfacet
  facet normal 0 0 1
    outer loop
      vertex -72.8841 30.1659 36.25
      vertex -74.7 34.55 36.25
      vertex -73.1614 30.462 36.25
    endloop
  endfacet
  facet normal 0 0 1
    outer loop
      vertex -74.7 101.55 36.25
      vertex -73.6551 104.995 36.25
      vertex -73.8694 104.65 36.25
    endloop
  endfacet
  facet normal 0 0 1
    outer loop
      vertex -73.1614 30.462 36.25
      vertex -74.7 34.55 36.25
      vertex -73.4188 30.7757 36.25
    endloop
  endfacet
  facet normal 0 0 1
    outer loop
      vertex -74.7 101.55 36.25
      vertex -73.8694 104.65 36.25
      vertex -74.0606 104.292 36.25
    endloop
  endfacet
  facet normal 0 0 1
    outer loop
      vertex -73.4188 30.7757 36.25
      vertex -74.7 34.55 36.25
      vertex -73.6551 31.1055 36.25
    endloop
  endfacet
  facet normal 0 0 1
    outer loop
      vertex -74.7 101.55 36.25
      vertex -74.0606 104.292 36.25
      vertex -74.2281 103.923 36.25
    endloop
  endfacet
  facet normal 0 0 1
    outer loop
      vertex -73.6551 31.1055 36.25
      vertex -74.7 34.55 36.25
      vertex -73.8694 31.45 36.25
    endloop
  endfacet
  facet normal 0 0 1
    outer loop
      vertex -74.7 101.55 36.25
      vertex -74.2281 103.923 36.25
      vertex -74.371 103.543 36.25
    endloop
  endfacet
  facet normal 0 0 1
    outer loop
      vertex -73.8694 31.45 36.25
      vertex -74.7 34.55 36.25
      vertex -74.0606 31.8078 36.25
    endloop
  endfacet
  facet normal 0 0 1
    outer loop
      vertex -74.7 101.55 36.25
      vertex -74.371 103.543 36.25
      vertex -74.4887 103.155 36.25
    endloop
  endfacet
  facet normal 0 0 1
    outer loop
      vertex -74.0606 31.8078 36.25
      vertex -74.7 34.55 36.25
      vertex -74.2281 32.1774 36.25
    endloop
  endfacet
  facet normal 0 0 1
    outer loop
      vertex -74.7 101.55 36.25
      vertex -74.4887 103.155 36.25
      vertex -74.5809 102.76 36.25
    endloop
  endfacet
  facet normal 0 0 1
    outer loop
      vertex -74.2281 32.1774 36.25
      vertex -74.7 34.55 36.25
      vertex -74.371 32.5571 36.25
    endloop
  endfacet
  facet normal 0 0 1
    outer loop
      vertex -74.7 101.55 36.25
      vertex -74.5809 102.76 36.25
      vertex -74.647 102.359 36.25
    endloop
  endfacet
  facet normal 0 0 1
    outer loop
      vertex -74.371 32.5571 36.25
      vertex -74.7 34.55 36.25
      vertex -74.4887 32.9453 36.25
    endloop
  endfacet
  facet normal 0 0 1
    outer loop
      vertex -74.7 101.55 36.25
      vertex -74.647 102.359 36.25
      vertex -74.6867 101.956 36.25
    endloop
  endfacet
  facet normal 0 0 1
    outer loop
      vertex -74.4887 32.9453 36.25
      vertex -74.7 34.55 36.25
      vertex -74.5809 33.3404 36.25
    endloop
  endfacet
  facet normal 0 0 1
    outer loop
      vertex -74.5809 33.3404 36.25
      vertex -74.7 34.55 36.25
      vertex -74.647 33.7407 36.25
    endloop
  endfacet
  facet normal 0 0 1
    outer loop
      vertex -74.647 33.7407 36.25
      vertex -74.7 34.55 36.25
      vertex -74.6867 34.1445 36.25
    endloop
  endfacet
  facet normal 1 -0 0
    outer loop
      vertex -12 48.55 33.05
      vertex -12 27.9223 28.5819
      vertex -12 59.55 33.05
    endloop
  endfacet
  facet normal 0 0.139883 -0.990168
    outer loop
      vertex 12 27.9223 28.5819
      vertex 16 59.55 33.05
      vertex 16 27.9223 28.5819
    endloop
  endfacet
  facet normal 0 0.139883 -0.990168
    outer loop
      vertex 16 59.55 33.05
      vertex 12 27.9223 28.5819
      vertex 12 59.55 33.05
    endloop
  endfacet
  facet normal -1 -0 0
    outer loop
      vertex 12 59.55 33.05
      vertex 12 27.9223 28.5819
      vertex 12 48.55 33.05
    endloop
  endfacet
  facet normal 0 0.211697 -0.977335
    outer loop
      vertex 16 10.6726 24.8455
      vertex 12 27.9223 28.5819
      vertex 16 27.9223 28.5819
    endloop
  endfacet
  facet normal 0 0.211697 -0.977335
    outer loop
      vertex 12 27.9223 28.5819
      vertex -12 27.9223 28.5819
      vertex 12 48.55 33.05
    endloop
  endfacet
  facet normal 0 0.211697 -0.977335
    outer loop
      vertex 16 10.6726 24.8455
      vertex -12 27.9223 28.5819
      vertex 12 27.9223 28.5819
    endloop
  endfacet
  facet normal 0 0.211697 -0.977335
    outer loop
      vertex -16 10.6726 24.8455
      vertex -12 27.9223 28.5819
      vertex 16 10.6726 24.8455
    endloop
  endfacet
  facet normal 0 0.211697 -0.977335
    outer loop
      vertex -12 27.9223 28.5819
      vertex -16 10.6726 24.8455
      vertex -16 27.9223 28.5819
    endloop
  endfacet
  facet normal 0 0.211697 -0.977335
    outer loop
      vertex 12 48.55 33.05
      vertex -12 27.9223 28.5819
      vertex -12 48.55 33.05
    endloop
  endfacet
  facet normal 0 -1 0
    outer loop
      vertex -16 -7 26.1285
      vertex 16 -7 28.05
      vertex -16 -7 28.05
    endloop
  endfacet
  facet normal 0 -1 -0
    outer loop
      vertex 16 -7 28.05
      vertex -16 -7 26.1285
      vertex 16 -7 26.1285
    endloop
  endfacet
  facet normal 0 -0.213347 0.976976
    outer loop
      vertex -16 25.55 35.1581
      vertex 16 -7 28.05
      vertex 16 25.55 35.1581
    endloop
  endfacet
  facet normal 0 -0.213347 0.976976
    outer loop
      vertex 16 -7 28.05
      vertex -16 25.55 35.1581
      vertex -16 -7 28.05
    endloop
  endfacet
  facet normal 0.162829 -0.986654 0
    outer loop
      vertex 69.6747 25.627 33.05
      vertex 70.2558 25.7229 61.05
      vertex 69.6747 25.627 61.05
    endloop
  endfacet
  facet normal 0.162829 -0.986654 0
    outer loop
      vertex 70.2558 25.7229 61.05
      vertex 69.6747 25.627 33.05
      vertex 70.2558 25.7229 33.05
    endloop
  endfacet
  facet normal 0.98665 0.162857 0
    outer loop
      vertex 77.423 102.725 61.05
      vertex 77.3271 103.306 33.05
      vertex 77.3271 103.306 61.05
    endloop
  endfacet
  facet normal 0.98665 0.162857 0
    outer loop
      vertex 77.3271 103.306 33.05
      vertex 77.423 102.725 61.05
      vertex 77.423 102.725 33.05
    endloop
  endfacet
  facet normal -0.634421 -0.772988 0
    outer loop
      vertex -74.4341 27.7834 33.05
      vertex -73.9789 27.4098 61.05
      vertex -74.4341 27.7834 61.05
    endloop
  endfacet
  facet normal -0.634421 -0.772988 -0
    outer loop
      vertex -73.9789 27.4098 61.05
      vertex -74.4341 27.7834 33.05
      vertex -73.9789 27.4098 33.05
    endloop
  endfacet
  facet normal -0.813045 0.582201 0
    outer loop
      vertex -75.9832 106.55 33.05
      vertex -75.6402 107.029 61.05
      vertex -75.6402 107.029 33.05
    endloop
  endfacet
  facet normal -0.813045 0.582201 0
    outer loop
      vertex -75.6402 107.029 61.05
      vertex -75.9832 106.55 33.05
      vertex -75.9832 106.55 61.05
    endloop
  endfacet
  facet normal -1 0 0
    outer loop
      vertex -77.5 34.55 33.05
      vertex -77.5 101.55 61.05
      vertex -77.5 101.55 33.05
    endloop
  endfacet
  facet normal -1 -0 0
    outer loop
      vertex -77.5 101.55 61.05
      vertex -77.5 34.55 33.05
      vertex -77.5 34.55 61.05
    endloop
  endfacet
  facet normal -0.0327721 -0.999463 0
    outer loop
      vertex -69.0886 25.5693 33.05
      vertex -68.5 25.55 61.05
      vertex -69.0886 25.5693 61.05
    endloop
  endfacet
  facet normal -0.0327721 -0.999463 -0
    outer loop
      vertex -68.5 25.55 61.05
      vertex -69.0886 25.5693 33.05
      vertex -68.5 25.55 33.05
    endloop
  endfacet
  facet normal 0.471892 0.881657 -0
    outer loop
      vertex 73 109.344 33.05
      vertex 72.4806 109.622 61.05
      vertex 73 109.344 61.05
    endloop
  endfacet
  facet normal 0.471892 0.881657 0
    outer loop
      vertex 72.4806 109.622 61.05
      vertex 73 109.344 33.05
      vertex 72.4806 109.622 33.05
    endloop
  endfacet
  facet normal -0.98665 0.162857 0
    outer loop
      vertex -77.423 102.725 33.05
      vertex -77.3271 103.306 61.05
      vertex -77.3271 103.306 33.05
    endloop
  endfacet
  facet normal -0.98665 0.162857 0
    outer loop
      vertex -77.3271 103.306 61.05
      vertex -77.423 102.725 33.05
      vertex -77.423 102.725 61.05
    endloop
  endfacet
  facet normal -0.956972 -0.290182 0
    outer loop
      vertex -77.0224 31.657 33.05
      vertex -77.1933 32.2206 61.05
      vertex -77.1933 32.2206 33.05
    endloop
  endfacet
  facet normal -0.956972 -0.290182 0
    outer loop
      vertex -77.1933 32.2206 61.05
      vertex -77.0224 31.657 33.05
      vertex -77.0224 31.657 61.05
    endloop
  endfacet
  facet normal -0.412651 0.910889 0
    outer loop
      vertex -71.9442 109.865 33.05
      vertex -72.4806 109.622 61.05
      vertex -71.9442 109.865 61.05
    endloop
  endfacet
  facet normal -0.412651 0.910889 0
    outer loop
      vertex -72.4806 109.622 61.05
      vertex -71.9442 109.865 33.05
      vertex -72.4806 109.622 33.05
    endloop
  endfacet
  facet normal -0.683551 -0.729902 0
    outer loop
      vertex -74.864 28.186 33.05
      vertex -74.4341 27.7834 61.05
      vertex -74.864 28.186 61.05
    endloop
  endfacet
  facet normal -0.683551 -0.729902 -0
    outer loop
      vertex -74.4341 27.7834 61.05
      vertex -74.864 28.186 33.05
      vertex -74.4341 27.7834 33.05
    endloop
  endfacet
  facet normal -0.162995 0.986627 0
    outer loop
      vertex -69.6747 110.473 33.05
      vertex -70.2558 110.377 61.05
      vertex -69.6747 110.473 61.05
    endloop
  endfacet
  facet normal -0.162995 0.986627 0
    outer loop
      vertex -70.2558 110.377 61.05
      vertex -69.6747 110.473 33.05
      vertex -70.2558 110.377 33.05
    endloop
  endfacet
  facet normal 1 -0 0
    outer loop
      vertex 77.5 34.55 61.05
      vertex 77.5 101.55 33.05
      vertex 77.5 101.55 61.05
    endloop
  endfacet
  facet normal 1 0 0
    outer loop
      vertex 77.5 101.55 33.05
      vertex 77.5 34.55 61.05
      vertex 77.5 34.55 33.05
    endloop
  endfacet
  facet normal -0.162829 -0.986654 0
    outer loop
      vertex -70.2558 25.7229 33.05
      vertex -69.6747 25.627 61.05
      vertex -70.2558 25.7229 61.05
    endloop
  endfacet
  facet normal -0.162829 -0.986654 -0
    outer loop
      vertex -69.6747 25.627 61.05
      vertex -70.2558 25.7229 33.05
      vertex -69.6747 25.627 33.05
    endloop
  endfacet
  facet normal 0 -1 0
    outer loop
      vertex -68.5 25.55 61.05
      vertex -16 25.55 35.1581
      vertex 68.5 25.55 61.05
    endloop
  endfacet
  facet normal 0 -1 0
    outer loop
      vertex -68.5 25.55 33.05
      vertex -16 25.55 35.1581
      vertex -68.5 25.55 61.05
    endloop
  endfacet
  facet normal 0 -1 -0
    outer loop
      vertex -16 25.55 35.1581
      vertex -68.5 25.55 33.05
      vertex -16 25.55 33.05
    endloop
  endfacet
  facet normal 0 -1 0
    outer loop
      vertex 16 25.55 35.1581
      vertex 68.5 25.55 61.05
      vertex -16 25.55 35.1581
    endloop
  endfacet
  facet normal 0 -1 0
    outer loop
      vertex 68.5 25.55 33.05
      vertex 16 25.55 35.1581
      vertex 16 25.55 33.05
    endloop
  endfacet
  facet normal 0 -1 0
    outer loop
      vertex 16 25.55 35.1581
      vertex 68.5 25.55 33.05
      vertex 68.5 25.55 61.05
    endloop
  endfacet
  facet normal 0.995189 -0.0979737 0
    outer loop
      vertex 77.423 33.3753 61.05
      vertex 77.4807 33.9614 33.05
      vertex 77.4807 33.9614 61.05
    endloop
  endfacet
  facet normal 0.995189 -0.0979737 0
    outer loop
      vertex 77.4807 33.9614 33.05
      vertex 77.423 33.3753 61.05
      vertex 77.423 33.3753 33.05
    endloop
  endfacet
  facet normal 0.881868 -0.471496 0
    outer loop
      vertex 76.2942 30.05 61.05
      vertex 76.5719 30.5694 33.05
      vertex 76.5719 30.5694 61.05
    endloop
  endfacet
  facet normal 0.881868 -0.471496 0
    outer loop
      vertex 76.5719 30.5694 33.05
      vertex 76.2942 30.05 61.05
      vertex 76.2942 30.05 33.05
    endloop
  endfacet
  facet normal 0.986654 -0.162829 0
    outer loop
      vertex 77.3271 32.7942 61.05
      vertex 77.423 33.3753 33.05
      vertex 77.423 33.3753 61.05
    endloop
  endfacet
  facet normal 0.986654 -0.162829 0
    outer loop
      vertex 77.423 33.3753 33.05
      vertex 77.3271 32.7942 61.05
      vertex 77.3271 32.7942 33.05
    endloop
  endfacet
  facet normal 0.911062 0.412268 0
    outer loop
      vertex 76.8149 104.994 61.05
      vertex 76.5719 105.531 33.05
      vertex 76.5719 105.531 61.05
    endloop
  endfacet
  facet normal 0.911062 0.412268 0
    outer loop
      vertex 76.5719 105.531 33.05
      vertex 76.8149 104.994 61.05
      vertex 76.8149 104.994 33.05
    endloop
  endfacet
  facet normal 0 1 -0
    outer loop
      vertex 68.5 110.55 33.05
      vertex -68.5 110.55 61.05
      vertex 68.5 110.55 61.05
    endloop
  endfacet
  facet normal 0 1 0
    outer loop
      vertex -68.5 110.55 61.05
      vertex 68.5 110.55 33.05
      vertex -68.5 110.55 33.05
    endloop
  endfacet
  facet normal -0.0984782 0.995139 0
    outer loop
      vertex -69.0886 110.531 33.05
      vertex -69.6747 110.473 61.05
      vertex -69.0886 110.531 61.05
    endloop
  endfacet
  facet normal -0.0984782 0.995139 0
    outer loop
      vertex -69.6747 110.473 61.05
      vertex -69.0886 110.531 33.05
      vertex -69.6747 110.473 33.05
    endloop
  endfacet
  facet normal 0.52809 0.849189 -0
    outer loop
      vertex 73.5001 109.033 33.05
      vertex 73 109.344 61.05
      vertex 73.5001 109.033 61.05
    endloop
  endfacet
  facet normal 0.52809 0.849189 0
    outer loop
      vertex 73 109.344 61.05
      vertex 73.5001 109.033 33.05
      vertex 73 109.344 33.05
    endloop
  endfacet
  facet normal 0.999464 0.0327498 0
    outer loop
      vertex 77.5 101.55 61.05
      vertex 77.4807 102.139 33.05
      vertex 77.4807 102.139 61.05
    endloop
  endfacet
  facet normal 0.999464 0.0327498 0
    outer loop
      vertex 77.4807 102.139 33.05
      vertex 77.5 101.55 61.05
      vertex 77.5 101.55 33.05
    endloop
  endfacet
  facet normal -0.999464 0.0327498 0
    outer loop
      vertex -77.5 101.55 33.05
      vertex -77.4807 102.139 61.05
      vertex -77.4807 102.139 33.05
    endloop
  endfacet
  facet normal -0.999464 0.0327498 0
    outer loop
      vertex -77.4807 102.139 61.05
      vertex -77.5 101.55 33.05
      vertex -77.5 101.55 61.05
    endloop
  endfacet
  facet normal -0.957029 0.289993 0
    outer loop
      vertex -77.1933 103.879 33.05
      vertex -77.0224 104.443 61.05
      vertex -77.0224 104.443 33.05
    endloop
  endfacet
  facet normal -0.957029 0.289993 0
    outer loop
      vertex -77.0224 104.443 61.05
      vertex -77.1933 103.879 33.05
      vertex -77.1933 103.879 61.05
    endloop
  endfacet
  facet normal -0.471496 -0.881868 0
    outer loop
      vertex -73 26.7558 33.05
      vertex -72.4806 26.4781 61.05
      vertex -73 26.7558 61.05
    endloop
  endfacet
  facet normal -0.471496 -0.881868 -0
    outer loop
      vertex -72.4806 26.4781 61.05
      vertex -73 26.7558 33.05
      vertex -72.4806 26.4781 33.05
    endloop
  endfacet
  facet normal -0.93584 0.352426 0
    outer loop
      vertex -77.0224 104.443 33.05
      vertex -76.8149 104.994 61.05
      vertex -76.8149 104.994 33.05
    endloop
  endfacet
  facet normal -0.93584 0.352426 0
    outer loop
      vertex -76.8149 104.994 61.05
      vertex -77.0224 104.443 33.05
      vertex -77.0224 104.443 61.05
    endloop
  endfacet
  facet normal 0.290337 0.956924 -0
    outer loop
      vertex 71.393 110.072 33.05
      vertex 70.8294 110.243 61.05
      vertex 71.393 110.072 61.05
    endloop
  endfacet
  facet normal 0.290337 0.956924 0
    outer loop
      vertex 70.8294 110.243 61.05
      vertex 71.393 110.072 33.05
      vertex 70.8294 110.243 33.05
    endloop
  endfacet
  facet normal 0.634421 -0.772988 0
    outer loop
      vertex 73.9789 27.4098 33.05
      vertex 74.4341 27.7834 61.05
      vertex 73.9789 27.4098 61.05
    endloop
  endfacet
  facet normal 0.634421 -0.772988 0
    outer loop
      vertex 74.4341 27.7834 61.05
      vertex 73.9789 27.4098 33.05
      vertex 74.4341 27.7834 33.05
    endloop
  endfacet
  facet normal 0.0984782 0.995139 -0
    outer loop
      vertex 69.6747 110.473 33.05
      vertex 69.0886 110.531 61.05
      vertex 69.6747 110.473 61.05
    endloop
  endfacet
  facet normal 0.0984782 0.995139 0
    outer loop
      vertex 69.0886 110.531 61.05
      vertex 69.6747 110.473 33.05
      vertex 69.0886 110.531 33.05
    endloop
  endfacet
  facet normal -0.729982 0.683467 0
    outer loop
      vertex -75.2666 107.484 33.05
      vertex -74.864 107.914 61.05
      vertex -74.864 107.914 33.05
    endloop
  endfacet
  facet normal -0.729982 0.683467 0
    outer loop
      vertex -74.864 107.914 61.05
      vertex -75.2666 107.484 33.05
      vertex -75.2666 107.484 61.05
    endloop
  endfacet
  facet normal -0.227487 0.973781 0
    outer loop
      vertex -70.2558 110.377 33.05
      vertex -70.8294 110.243 61.05
      vertex -70.2558 110.377 61.05
    endloop
  endfacet
  facet normal -0.227487 0.973781 0
    outer loop
      vertex -70.8294 110.243 61.05
      vertex -70.2558 110.377 33.05
      vertex -70.8294 110.243 33.05
    endloop
  endfacet
  facet normal -0.0322632 0.999479 0
    outer loop
      vertex -68.5 110.55 33.05
      vertex -69.0886 110.531 61.05
      vertex -68.5 110.55 61.05
    endloop
  endfacet
  facet normal -0.0322632 0.999479 0
    outer loop
      vertex -69.0886 110.531 61.05
      vertex -68.5 110.55 33.05
      vertex -69.0886 110.531 33.05
    endloop
  endfacet
  facet normal -0.582362 -0.81293 0
    outer loop
      vertex -73.9789 27.4098 33.05
      vertex -73.5001 27.0668 61.05
      vertex -73.9789 27.4098 61.05
    endloop
  endfacet
  facet normal -0.582362 -0.81293 -0
    outer loop
      vertex -73.5001 27.0668 61.05
      vertex -73.9789 27.4098 33.05
      vertex -73.5001 27.0668 33.05
    endloop
  endfacet
  facet normal -0.881868 -0.471496 0
    outer loop
      vertex -76.2942 30.05 33.05
      vertex -76.5719 30.5694 61.05
      vertex -76.5719 30.5694 33.05
    endloop
  endfacet
  facet normal -0.881868 -0.471496 0
    outer loop
      vertex -76.5719 30.5694 61.05
      vertex -76.2942 30.05 33.05
      vertex -76.2942 30.05 61.05
    endloop
  endfacet
  facet normal 0.999463 -0.0327721 0
    outer loop
      vertex 77.4807 33.9614 61.05
      vertex 77.5 34.55 33.05
      vertex 77.5 34.55 61.05
    endloop
  endfacet
  facet normal 0.999463 -0.0327721 0
    outer loop
      vertex 77.5 34.55 33.05
      vertex 77.4807 33.9614 61.05
      vertex 77.4807 33.9614 33.05
    endloop
  endfacet
  facet normal -0.0979737 -0.995189 0
    outer loop
      vertex -69.6747 25.627 33.05
      vertex -69.0886 25.5693 61.05
      vertex -69.6747 25.627 61.05
    endloop
  endfacet
  facet normal -0.0979737 -0.995189 -0
    outer loop
      vertex -69.0886 25.5693 61.05
      vertex -69.6747 25.627 33.05
      vertex -69.0886 25.5693 33.05
    endloop
  endfacet
  facet normal 0.227487 0.973781 -0
    outer loop
      vertex 70.8294 110.243 33.05
      vertex 70.2558 110.377 61.05
      vertex 70.8294 110.243 61.05
    endloop
  endfacet
  facet normal 0.227487 0.973781 0
    outer loop
      vertex 70.2558 110.377 61.05
      vertex 70.8294 110.243 33.05
      vertex 70.2558 110.377 33.05
    endloop
  endfacet
  facet normal 0.0327721 -0.999463 0
    outer loop
      vertex 68.5 25.55 33.05
      vertex 69.0886 25.5693 61.05
      vertex 68.5 25.55 61.05
    endloop
  endfacet
  facet normal 0.0327721 -0.999463 0
    outer loop
      vertex 69.0886 25.5693 61.05
      vertex 68.5 25.55 33.05
      vertex 69.0886 25.5693 33.05
    endloop
  endfacet
  facet normal 0.227165 -0.973856 0
    outer loop
      vertex 70.2558 25.7229 33.05
      vertex 70.8294 25.8567 61.05
      vertex 70.2558 25.7229 61.05
    endloop
  endfacet
  facet normal 0.227165 -0.973856 0
    outer loop
      vertex 70.8294 25.8567 61.05
      vertex 70.2558 25.7229 33.05
      vertex 70.8294 25.8567 33.05
    endloop
  endfacet
  facet normal 0.0979737 -0.995189 0
    outer loop
      vertex 69.0886 25.5693 33.05
      vertex 69.6747 25.627 61.05
      vertex 69.0886 25.5693 61.05
    endloop
  endfacet
  facet normal 0.0979737 -0.995189 0
    outer loop
      vertex 69.6747 25.627 61.05
      vertex 69.0886 25.5693 33.05
      vertex 69.6747 25.627 33.05
    endloop
  endfacet
  facet normal 0.582362 0.81293 -0
    outer loop
      vertex 73.9789 108.69 33.05
      vertex 73.5001 109.033 61.05
      vertex 73.9789 108.69 61.05
    endloop
  endfacet
  facet normal 0.582362 0.81293 0
    outer loop
      vertex 73.5001 109.033 61.05
      vertex 73.9789 108.69 33.05
      vertex 73.5001 109.033 33.05
    endloop
  endfacet
  facet normal 0.352314 -0.935882 0
    outer loop
      vertex 71.393 26.0276 33.05
      vertex 71.9442 26.2351 61.05
      vertex 71.393 26.0276 61.05
    endloop
  endfacet
  facet normal 0.352314 -0.935882 0
    outer loop
      vertex 71.9442 26.2351 61.05
      vertex 71.393 26.0276 33.05
      vertex 71.9442 26.2351 33.05
    endloop
  endfacet
  facet normal -0.352314 -0.935882 0
    outer loop
      vertex -71.9442 26.2351 33.05
      vertex -71.393 26.0276 61.05
      vertex -71.9442 26.2351 61.05
    endloop
  endfacet
  facet normal -0.352314 -0.935882 -0
    outer loop
      vertex -71.393 26.0276 61.05
      vertex -71.9442 26.2351 33.05
      vertex -71.393 26.0276 33.05
    endloop
  endfacet
  facet normal -0.227165 -0.973856 0
    outer loop
      vertex -70.8294 25.8567 33.05
      vertex -70.2558 25.7229 61.05
      vertex -70.8294 25.8567 61.05
    endloop
  endfacet
  facet normal -0.227165 -0.973856 -0
    outer loop
      vertex -70.2558 25.7229 61.05
      vertex -70.8294 25.8567 33.05
      vertex -70.2558 25.7229 33.05
    endloop
  endfacet
  facet normal 0.93584 0.352426 0
    outer loop
      vertex 77.0224 104.443 61.05
      vertex 76.8149 104.994 33.05
      vertex 76.8149 104.994 61.05
    endloop
  endfacet
  facet normal 0.93584 0.352426 0
    outer loop
      vertex 76.8149 104.994 33.05
      vertex 77.0224 104.443 61.05
      vertex 77.0224 104.443 33.05
    endloop
  endfacet
  facet normal 0.729982 0.683467 0
    outer loop
      vertex 75.2666 107.484 61.05
      vertex 74.864 107.914 33.05
      vertex 74.864 107.914 61.05
    endloop
  endfacet
  facet normal 0.729982 0.683467 0
    outer loop
      vertex 74.864 107.914 33.05
      vertex 75.2666 107.484 61.05
      vertex 75.2666 107.484 33.05
    endloop
  endfacet
  facet normal 0.683913 0.729564 -0
    outer loop
      vertex 74.864 107.914 33.05
      vertex 74.4341 108.317 61.05
      vertex 74.864 107.914 61.05
    endloop
  endfacet
  facet normal 0.683913 0.729564 0
    outer loop
      vertex 74.4341 108.317 61.05
      vertex 74.864 107.914 33.05
      vertex 74.4341 108.317 33.05
    endloop
  endfacet
  facet normal -0.633811 0.773488 0
    outer loop
      vertex -73.9789 108.69 33.05
      vertex -74.4341 108.317 61.05
      vertex -73.9789 108.69 61.05
    endloop
  endfacet
  facet normal -0.633811 0.773488 0
    outer loop
      vertex -74.4341 108.317 61.05
      vertex -73.9789 108.69 33.05
      vertex -74.4341 108.317 33.05
    endloop
  endfacet
  facet normal 0.956972 -0.290182 0
    outer loop
      vertex 77.0224 31.657 61.05
      vertex 77.1933 32.2206 33.05
      vertex 77.1933 32.2206 61.05
    endloop
  endfacet
  facet normal 0.956972 -0.290182 0
    outer loop
      vertex 77.1933 32.2206 33.05
      vertex 77.0224 31.657 61.05
      vertex 77.0224 31.657 33.05
    endloop
  endfacet
  facet normal 0.957029 0.289993 0
    outer loop
      vertex 77.1933 103.879 61.05
      vertex 77.0224 104.443 33.05
      vertex 77.0224 104.443 61.05
    endloop
  endfacet
  facet normal 0.957029 0.289993 0
    outer loop
      vertex 77.0224 104.443 33.05
      vertex 77.1933 103.879 61.05
      vertex 77.1933 103.879 33.05
    endloop
  endfacet
  facet normal -0.81293 -0.582362 0
    outer loop
      vertex -75.6402 29.0711 33.05
      vertex -75.9832 29.5499 61.05
      vertex -75.9832 29.5499 33.05
    endloop
  endfacet
  facet normal -0.81293 -0.582362 0
    outer loop
      vertex -75.9832 29.5499 61.05
      vertex -75.6402 29.0711 33.05
      vertex -75.6402 29.0711 61.05
    endloop
  endfacet
  facet normal 0.935882 -0.352314 0
    outer loop
      vertex 76.8149 31.1058 61.05
      vertex 77.0224 31.657 33.05
      vertex 77.0224 31.657 61.05
    endloop
  endfacet
  facet normal 0.935882 -0.352314 0
    outer loop
      vertex 77.0224 31.657 33.05
      vertex 76.8149 31.1058 61.05
      vertex 76.8149 31.1058 33.05
    endloop
  endfacet
  facet normal -0.772988 -0.634421 0
    outer loop
      vertex -75.2666 28.6159 33.05
      vertex -75.6402 29.0711 61.05
      vertex -75.6402 29.0711 33.05
    endloop
  endfacet
  facet normal -0.772988 -0.634421 0
    outer loop
      vertex -75.6402 29.0711 61.05
      vertex -75.2666 28.6159 33.05
      vertex -75.2666 28.6159 61.05
    endloop
  endfacet
  facet normal -0.52809 -0.849189 0
    outer loop
      vertex -73.5001 27.0668 33.05
      vertex -73 26.7558 61.05
      vertex -73.5001 27.0668 61.05
    endloop
  endfacet
  facet normal -0.52809 -0.849189 -0
    outer loop
      vertex -73 26.7558 61.05
      vertex -73.5001 27.0668 33.05
      vertex -73 26.7558 33.05
    endloop
  endfacet
  facet normal 0.973804 0.227391 0
    outer loop
      vertex 77.3271 103.306 61.05
      vertex 77.1933 103.879 33.05
      vertex 77.1933 103.879 61.05
    endloop
  endfacet
  facet normal 0.973804 0.227391 0
    outer loop
      vertex 77.1933 103.879 33.05
      vertex 77.3271 103.306 61.05
      vertex 77.3271 103.306 33.05
    endloop
  endfacet
  facet normal -0.973856 -0.227165 0
    outer loop
      vertex -77.1933 32.2206 33.05
      vertex -77.3271 32.7942 61.05
      vertex -77.3271 32.7942 33.05
    endloop
  endfacet
  facet normal -0.973856 -0.227165 0
    outer loop
      vertex -77.3271 32.7942 61.05
      vertex -77.1933 32.2206 33.05
      vertex -77.1933 32.2206 61.05
    endloop
  endfacet
  facet normal 0.910889 -0.412651 0
    outer loop
      vertex 76.5719 30.5694 61.05
      vertex 76.8149 31.1058 33.05
      vertex 76.8149 31.1058 61.05
    endloop
  endfacet
  facet normal 0.910889 -0.412651 0
    outer loop
      vertex 76.8149 31.1058 33.05
      vertex 76.5719 30.5694 61.05
      vertex 76.5719 30.5694 33.05
    endloop
  endfacet
  facet normal -0.995189 -0.0979737 0
    outer loop
      vertex -77.423 33.3753 33.05
      vertex -77.4807 33.9614 61.05
      vertex -77.4807 33.9614 33.05
    endloop
  endfacet
  facet normal -0.995189 -0.0979737 0
    outer loop
      vertex -77.4807 33.9614 61.05
      vertex -77.423 33.3753 33.05
      vertex -77.423 33.3753 61.05
    endloop
  endfacet
  facet normal 0.881717 0.471778 0
    outer loop
      vertex 76.5719 105.531 61.05
      vertex 76.2942 106.05 33.05
      vertex 76.2942 106.05 61.05
    endloop
  endfacet
  facet normal 0.881717 0.471778 0
    outer loop
      vertex 76.2942 106.05 33.05
      vertex 76.5719 105.531 61.05
      vertex 76.5719 105.531 33.05
    endloop
  endfacet
  facet normal -0.999463 -0.0327721 0
    outer loop
      vertex -77.4807 33.9614 33.05
      vertex -77.5 34.55 61.05
      vertex -77.5 34.55 33.05
    endloop
  endfacet
  facet normal -0.999463 -0.0327721 0
    outer loop
      vertex -77.5 34.55 61.05
      vertex -77.4807 33.9614 33.05
      vertex -77.4807 33.9614 61.05
    endloop
  endfacet
  facet normal -0.412651 -0.910889 0
    outer loop
      vertex -72.4806 26.4781 33.05
      vertex -71.9442 26.2351 61.05
      vertex -72.4806 26.4781 61.05
    endloop
  endfacet
  facet normal -0.412651 -0.910889 -0
    outer loop
      vertex -71.9442 26.2351 61.05
      vertex -72.4806 26.4781 33.05
      vertex -71.9442 26.2351 33.05
    endloop
  endfacet
  facet normal 0.0322632 0.999479 -0
    outer loop
      vertex 69.0886 110.531 33.05
      vertex 68.5 110.55 61.05
      vertex 69.0886 110.531 61.05
    endloop
  endfacet
  facet normal 0.0322632 0.999479 0
    outer loop
      vertex 68.5 110.55 61.05
      vertex 69.0886 110.531 33.05
      vertex 68.5 110.55 33.05
    endloop
  endfacet
  facet normal 0.772988 -0.634421 0
    outer loop
      vertex 75.2666 28.6159 61.05
      vertex 75.6402 29.0711 33.05
      vertex 75.6402 29.0711 61.05
    endloop
  endfacet
  facet normal 0.772988 -0.634421 0
    outer loop
      vertex 75.6402 29.0711 33.05
      vertex 75.2666 28.6159 61.05
      vertex 75.2666 28.6159 33.05
    endloop
  endfacet
  facet normal 0.973856 -0.227165 0
    outer loop
      vertex 77.1933 32.2206 61.05
      vertex 77.3271 32.7942 33.05
      vertex 77.3271 32.7942 61.05
    endloop
  endfacet
  facet normal 0.973856 -0.227165 0
    outer loop
      vertex 77.3271 32.7942 33.05
      vertex 77.1933 32.2206 61.05
      vertex 77.1933 32.2206 33.05
    endloop
  endfacet
  facet normal 0.995187 0.0979903 0
    outer loop
      vertex 77.4807 102.139 61.05
      vertex 77.423 102.725 33.05
      vertex 77.423 102.725 61.05
    endloop
  endfacet
  facet normal 0.995187 0.0979903 0
    outer loop
      vertex 77.423 102.725 33.05
      vertex 77.4807 102.139 61.05
      vertex 77.4807 102.139 33.05
    endloop
  endfacet
  facet normal -0.935882 -0.352314 0
    outer loop
      vertex -76.8149 31.1058 33.05
      vertex -77.0224 31.657 61.05
      vertex -77.0224 31.657 33.05
    endloop
  endfacet
  facet normal -0.935882 -0.352314 0
    outer loop
      vertex -77.0224 31.657 61.05
      vertex -76.8149 31.1058 33.05
      vertex -76.8149 31.1058 61.05
    endloop
  endfacet
  facet normal 0.52809 -0.849189 0
    outer loop
      vertex 73 26.7558 33.05
      vertex 73.5001 27.0668 61.05
      vertex 73 26.7558 61.05
    endloop
  endfacet
  facet normal 0.52809 -0.849189 0
    outer loop
      vertex 73.5001 27.0668 61.05
      vertex 73 26.7558 33.05
      vertex 73.5001 27.0668 33.05
    endloop
  endfacet
  facet normal 0.471496 -0.881868 0
    outer loop
      vertex 72.4806 26.4781 33.05
      vertex 73 26.7558 61.05
      vertex 72.4806 26.4781 61.05
    endloop
  endfacet
  facet normal 0.471496 -0.881868 0
    outer loop
      vertex 73 26.7558 61.05
      vertex 72.4806 26.4781 33.05
      vertex 73 26.7558 33.05
    endloop
  endfacet
  facet normal 0.412651 0.910889 -0
    outer loop
      vertex 72.4806 109.622 33.05
      vertex 71.9442 109.865 61.05
      vertex 72.4806 109.622 61.05
    endloop
  endfacet
  facet normal 0.412651 0.910889 0
    outer loop
      vertex 71.9442 109.865 61.05
      vertex 72.4806 109.622 33.05
      vertex 71.9442 109.865 33.05
    endloop
  endfacet
  facet normal 0.35157 0.936162 -0
    outer loop
      vertex 71.9442 109.865 33.05
      vertex 71.393 110.072 61.05
      vertex 71.9442 109.865 61.05
    endloop
  endfacet
  facet normal 0.35157 0.936162 0
    outer loop
      vertex 71.393 110.072 61.05
      vertex 71.9442 109.865 33.05
      vertex 71.393 110.072 33.05
    endloop
  endfacet
  facet normal -0.290182 -0.956972 0
    outer loop
      vertex -71.393 26.0276 33.05
      vertex -70.8294 25.8567 61.05
      vertex -71.393 26.0276 61.05
    endloop
  endfacet
  facet normal -0.290182 -0.956972 -0
    outer loop
      vertex -70.8294 25.8567 61.05
      vertex -71.393 26.0276 33.05
      vertex -70.8294 25.8567 33.05
    endloop
  endfacet
  facet normal -0.995187 0.0979903 0
    outer loop
      vertex -77.4807 102.139 33.05
      vertex -77.423 102.725 61.05
      vertex -77.423 102.725 33.05
    endloop
  endfacet
  facet normal -0.995187 0.0979903 0
    outer loop
      vertex -77.423 102.725 61.05
      vertex -77.4807 102.139 33.05
      vertex -77.4807 102.139 61.05
    endloop
  endfacet
  facet normal 0.162995 0.986627 -0
    outer loop
      vertex 70.2558 110.377 33.05
      vertex 69.6747 110.473 61.05
      vertex 70.2558 110.377 61.05
    endloop
  endfacet
  facet normal 0.162995 0.986627 0
    outer loop
      vertex 69.6747 110.473 61.05
      vertex 70.2558 110.377 33.05
      vertex 69.6747 110.473 33.05
    endloop
  endfacet
  facet normal 0.290182 -0.956972 0
    outer loop
      vertex 70.8294 25.8567 33.05
      vertex 71.393 26.0276 61.05
      vertex 70.8294 25.8567 61.05
    endloop
  endfacet
  facet normal 0.290182 -0.956972 0
    outer loop
      vertex 71.393 26.0276 61.05
      vertex 70.8294 25.8567 33.05
      vertex 71.393 26.0276 33.05
    endloop
  endfacet
  facet normal 0.683551 -0.729902 0
    outer loop
      vertex 74.4341 27.7834 33.05
      vertex 74.864 28.186 61.05
      vertex 74.4341 27.7834 61.05
    endloop
  endfacet
  facet normal 0.683551 -0.729902 0
    outer loop
      vertex 74.864 28.186 61.05
      vertex 74.4341 27.7834 33.05
      vertex 74.864 28.186 33.05
    endloop
  endfacet
  facet normal 0 0 1
    outer loop
      vertex 74.7 101.55 61.05
      vertex 77.5 101.55 61.05
      vertex 77.4807 102.139 61.05
    endloop
  endfacet
  facet normal 0 0 1
    outer loop
      vertex 77.5 101.55 61.05
      vertex 74.7 101.55 61.05
      vertex 77.5 34.55 61.05
    endloop
  endfacet
  facet normal 0 0 1
    outer loop
      vertex 74.6867 101.956 61.05
      vertex 77.4807 102.139 61.05
      vertex 77.423 102.725 61.05
    endloop
  endfacet
  facet normal 0 0 1
    outer loop
      vertex 74.7 34.55 61.05
      vertex 77.5 34.55 61.05
      vertex 74.7 101.55 61.05
    endloop
  endfacet
  facet normal 0 0 1
    outer loop
      vertex 74.647 102.359 61.05
      vertex 77.423 102.725 61.05
      vertex 77.3271 103.306 61.05
    endloop
  endfacet
  facet normal 0 0 1
    outer loop
      vertex 77.5 34.55 61.05
      vertex 74.7 34.55 61.05
      vertex 77.4807 33.9614 61.05
    endloop
  endfacet
  facet normal 0 0 1
    outer loop
      vertex 74.5809 102.76 61.05
      vertex 77.3271 103.306 61.05
      vertex 77.1933 103.879 61.05
    endloop
  endfacet
  facet normal -0 0 1
    outer loop
      vertex 74.6867 34.1445 61.05
      vertex 77.4807 33.9614 61.05
      vertex 74.7 34.55 61.05
    endloop
  endfacet
  facet normal 0 0 1
    outer loop
      vertex 74.4887 103.155 61.05
      vertex 77.1933 103.879 61.05
      vertex 77.0224 104.443 61.05
    endloop
  endfacet
  facet normal 0 0 1
    outer loop
      vertex 77.4807 33.9614 61.05
      vertex 74.6867 34.1445 61.05
      vertex 77.423 33.3753 61.05
    endloop
  endfacet
  facet normal 0 0 1
    outer loop
      vertex 74.371 103.543 61.05
      vertex 77.0224 104.443 61.05
      vertex 76.8149 104.994 61.05
    endloop
  endfacet
  facet normal -0 0 1
    outer loop
      vertex 74.647 33.7407 61.05
      vertex 77.423 33.3753 61.05
      vertex 74.6867 34.1445 61.05
    endloop
  endfacet
  facet normal 0 0 1
    outer loop
      vertex 74.2281 103.923 61.05
      vertex 76.8149 104.994 61.05
      vertex 76.5719 105.531 61.05
    endloop
  endfacet
  facet normal 0 0 1
    outer loop
      vertex 77.423 33.3753 61.05
      vertex 74.647 33.7407 61.05
      vertex 77.3271 32.7942 61.05
    endloop
  endfacet
  facet normal 0 0 1
    outer loop
      vertex 74.0606 104.292 61.05
      vertex 76.5719 105.531 61.05
      vertex 76.2942 106.05 61.05
    endloop
  endfacet
  facet normal -0 0 1
    outer loop
      vertex 74.5809 33.3404 61.05
      vertex 77.3271 32.7942 61.05
      vertex 74.647 33.7407 61.05
    endloop
  endfacet
  facet normal 0 0 1
    outer loop
      vertex 73.8694 104.65 61.05
      vertex 76.2942 106.05 61.05
      vertex 75.9832 106.55 61.05
    endloop
  endfacet
  facet normal 0 0 1
    outer loop
      vertex 77.3271 32.7942 61.05
      vertex 74.5809 33.3404 61.05
      vertex 77.1933 32.2206 61.05
    endloop
  endfacet
  facet normal 0 0 1
    outer loop
      vertex 73.6551 104.995 61.05
      vertex 75.9832 106.55 61.05
      vertex 75.6402 107.029 61.05
    endloop
  endfacet
  facet normal -0 0 1
    outer loop
      vertex 74.4887 32.9453 61.05
      vertex 77.1933 32.2206 61.05
      vertex 74.5809 33.3404 61.05
    endloop
  endfacet
  facet normal 0 0 1
    outer loop
      vertex 73.4188 105.324 61.05
      vertex 75.6402 107.029 61.05
      vertex 75.2666 107.484 61.05
    endloop
  endfacet
  facet normal 0 0 1
    outer loop
      vertex 77.1933 32.2206 61.05
      vertex 74.4887 32.9453 61.05
      vertex 77.0224 31.657 61.05
    endloop
  endfacet
  facet normal 0 0 1
    outer loop
      vertex 73.1614 105.638 61.05
      vertex 75.2666 107.484 61.05
      vertex 74.864 107.914 61.05
    endloop
  endfacet
  facet normal -0 0 1
    outer loop
      vertex 74.371 32.5571 61.05
      vertex 77.0224 31.657 61.05
      vertex 74.4887 32.9453 61.05
    endloop
  endfacet
  facet normal 0 0 1
    outer loop
      vertex 77.0224 31.657 61.05
      vertex 74.371 32.5571 61.05
      vertex 76.8149 31.1058 61.05
    endloop
  endfacet
  facet normal 0 0 1
    outer loop
      vertex 77.4807 102.139 61.05
      vertex 74.6867 101.956 61.05
      vertex 74.7 101.55 61.05
    endloop
  endfacet
  facet normal 0 0 1
    outer loop
      vertex 77.423 102.725 61.05
      vertex 74.647 102.359 61.05
      vertex 74.6867 101.956 61.05
    endloop
  endfacet
  facet normal 0 0 1
    outer loop
      vertex 77.3271 103.306 61.05
      vertex 74.5809 102.76 61.05
      vertex 74.647 102.359 61.05
    endloop
  endfacet
  facet normal 0 0 1
    outer loop
      vertex 77.1933 103.879 61.05
      vertex 74.4887 103.155 61.05
      vertex 74.5809 102.76 61.05
    endloop
  endfacet
  facet normal 0 0 1
    outer loop
      vertex 72.8841 105.934 61.05
      vertex 74.864 107.914 61.05
      vertex 74.4341 108.317 61.05
    endloop
  endfacet
  facet normal 0 0 1
    outer loop
      vertex 77.0224 104.443 61.05
      vertex 74.371 103.543 61.05
      vertex 74.4887 103.155 61.05
    endloop
  endfacet
  facet normal 0 0 1
    outer loop
      vertex 76.8149 104.994 61.05
      vertex 74.2281 103.923 61.05
      vertex 74.371 103.543 61.05
    endloop
  endfacet
  facet normal 0 0 1
    outer loop
      vertex 76.5719 105.531 61.05
      vertex 74.0606 104.292 61.05
      vertex 74.2281 103.923 61.05
    endloop
  endfacet
  facet normal 0 0 1
    outer loop
      vertex 72.588 106.211 61.05
      vertex 74.4341 108.317 61.05
      vertex 73.9789 108.69 61.05
    endloop
  endfacet
  facet normal 0 0 1
    outer loop
      vertex 76.2942 106.05 61.05
      vertex 73.8694 104.65 61.05
      vertex 74.0606 104.292 61.05
    endloop
  endfacet
  facet normal 0 0 1
    outer loop
      vertex 75.9832 106.55 61.05
      vertex 73.6551 104.995 61.05
      vertex 73.8694 104.65 61.05
    endloop
  endfacet
  facet normal 0 0 1
    outer loop
      vertex 72.2743 106.469 61.05
      vertex 73.9789 108.69 61.05
      vertex 73.5001 109.033 61.05
    endloop
  endfacet
  facet normal 0 0 1
    outer loop
      vertex 75.6402 107.029 61.05
      vertex 73.4188 105.324 61.05
      vertex 73.6551 104.995 61.05
    endloop
  endfacet
  facet normal 0 0 1
    outer loop
      vertex 75.2666 107.484 61.05
      vertex 73.1614 105.638 61.05
      vertex 73.4188 105.324 61.05
    endloop
  endfacet
  facet normal 0 0 1
    outer loop
      vertex 71.9445 106.705 61.05
      vertex 73.5001 109.033 61.05
      vertex 73 109.344 61.05
    endloop
  endfacet
  facet normal 0 0 1
    outer loop
      vertex 74.864 107.914 61.05
      vertex 72.8841 105.934 61.05
      vertex 73.1614 105.638 61.05
    endloop
  endfacet
  facet normal 0 0 1
    outer loop
      vertex 74.4341 108.317 61.05
      vertex 72.588 106.211 61.05
      vertex 72.8841 105.934 61.05
    endloop
  endfacet
  facet normal 0 0 1
    outer loop
      vertex 71.6 106.919 61.05
      vertex 73 109.344 61.05
      vertex 72.4806 109.622 61.05
    endloop
  endfacet
  facet normal 0 0 1
    outer loop
      vertex 73.9789 108.69 61.05
      vertex 72.2743 106.469 61.05
      vertex 72.588 106.211 61.05
    endloop
  endfacet
  facet normal 0 0 1
    outer loop
      vertex 73.5001 109.033 61.05
      vertex 71.9445 106.705 61.05
      vertex 72.2743 106.469 61.05
    endloop
  endfacet
  facet normal 0 0 1
    outer loop
      vertex 71.2422 107.111 61.05
      vertex 72.4806 109.622 61.05
      vertex 71.9442 109.865 61.05
    endloop
  endfacet
  facet normal 0 0 1
    outer loop
      vertex 73 109.344 61.05
      vertex 71.6 106.919 61.05
      vertex 71.9445 106.705 61.05
    endloop
  endfacet
  facet normal 0 0 1
    outer loop
      vertex 70.8726 107.278 61.05
      vertex 71.9442 109.865 61.05
      vertex 71.393 110.072 61.05
    endloop
  endfacet
  facet normal 0 0 1
    outer loop
      vertex 72.4806 109.622 61.05
      vertex 71.2422 107.111 61.05
      vertex 71.6 106.919 61.05
    endloop
  endfacet
  facet normal 0 0 1
    outer loop
      vertex 71.9442 109.865 61.05
      vertex 70.8726 107.278 61.05
      vertex 71.2422 107.111 61.05
    endloop
  endfacet
  facet normal 0 0 1
    outer loop
      vertex 70.4929 107.421 61.05
      vertex 71.393 110.072 61.05
      vertex 70.8294 110.243 61.05
    endloop
  endfacet
  facet normal 0 0 1
    outer loop
      vertex 71.393 110.072 61.05
      vertex 70.4929 107.421 61.05
      vertex 70.8726 107.278 61.05
    endloop
  endfacet
  facet normal 0 0 1
    outer loop
      vertex 70.1047 107.539 61.05
      vertex 70.8294 110.243 61.05
      vertex 70.2558 110.377 61.05
    endloop
  endfacet
  facet normal 0 0 1
    outer loop
      vertex 70.8294 110.243 61.05
      vertex 70.1047 107.539 61.05
      vertex 70.4929 107.421 61.05
    endloop
  endfacet
  facet normal 0 0 1
    outer loop
      vertex 70.2558 110.377 61.05
      vertex 69.7096 107.631 61.05
      vertex 70.1047 107.539 61.05
    endloop
  endfacet
  facet normal 0 0 1
    outer loop
      vertex 69.6747 110.473 61.05
      vertex 69.7096 107.631 61.05
      vertex 70.2558 110.377 61.05
    endloop
  endfacet
  facet normal 0 0 1
    outer loop
      vertex 69.6747 110.473 61.05
      vertex 69.3093 107.697 61.05
      vertex 69.7096 107.631 61.05
    endloop
  endfacet
  facet normal 0 0 1
    outer loop
      vertex 69.0886 110.531 61.05
      vertex 69.3093 107.697 61.05
      vertex 69.6747 110.473 61.05
    endloop
  endfacet
  facet normal 0 0 1
    outer loop
      vertex 69.0886 110.531 61.05
      vertex 68.9055 107.737 61.05
      vertex 69.3093 107.697 61.05
    endloop
  endfacet
  facet normal 0 0 1
    outer loop
      vertex 68.5 110.55 61.05
      vertex 68.9055 107.737 61.05
      vertex 69.0886 110.531 61.05
    endloop
  endfacet
  facet normal 0 0 1
    outer loop
      vertex 68.5 110.55 61.05
      vertex 68.5 107.75 61.05
      vertex 68.9055 107.737 61.05
    endloop
  endfacet
  facet normal -0 0 1
    outer loop
      vertex -68.5 110.55 61.05
      vertex 68.5 107.75 61.05
      vertex 68.5 110.55 61.05
    endloop
  endfacet
  facet normal 0 0 1
    outer loop
      vertex -68.5 110.55 61.05
      vertex -68.5 107.75 61.05
      vertex 68.5 107.75 61.05
    endloop
  endfacet
  facet normal 0 0 1
    outer loop
      vertex -68.5 110.55 61.05
      vertex -68.9055 107.737 61.05
      vertex -68.5 107.75 61.05
    endloop
  endfacet
  facet normal -0 0 1
    outer loop
      vertex -69.0886 110.531 61.05
      vertex -68.9055 107.737 61.05
      vertex -68.5 110.55 61.05
    endloop
  endfacet
  facet normal 0 0 1
    outer loop
      vertex -69.0886 110.531 61.05
      vertex -69.3093 107.697 61.05
      vertex -68.9055 107.737 61.05
    endloop
  endfacet
  facet normal -0 0 1
    outer loop
      vertex -69.6747 110.473 61.05
      vertex -69.3093 107.697 61.05
      vertex -69.0886 110.531 61.05
    endloop
  endfacet
  facet normal 0 0 1
    outer loop
      vertex -69.6747 110.473 61.05
      vertex -69.7096 107.631 61.05
      vertex -69.3093 107.697 61.05
    endloop
  endfacet
  facet normal -0 0 1
    outer loop
      vertex -70.2558 110.377 61.05
      vertex -69.7096 107.631 61.05
      vertex -69.6747 110.473 61.05
    endloop
  endfacet
  facet normal 0 0 1
    outer loop
      vertex -69.7096 107.631 61.05
      vertex -70.2558 110.377 61.05
      vertex -70.1047 107.539 61.05
    endloop
  endfacet
  facet normal -0 0 1
    outer loop
      vertex -70.8294 110.243 61.05
      vertex -70.1047 107.539 61.05
      vertex -70.2558 110.377 61.05
    endloop
  endfacet
  facet normal 0 0 1
    outer loop
      vertex -70.1047 107.539 61.05
      vertex -70.8294 110.243 61.05
      vertex -70.4929 107.421 61.05
    endloop
  endfacet
  facet normal -0 0 1
    outer loop
      vertex -71.393 110.072 61.05
      vertex -70.4929 107.421 61.05
      vertex -70.8294 110.243 61.05
    endloop
  endfacet
  facet normal 0 0 1
    outer loop
      vertex -70.4929 107.421 61.05
      vertex -71.393 110.072 61.05
      vertex -70.8726 107.278 61.05
    endloop
  endfacet
  facet normal -0 0 1
    outer loop
      vertex -71.9442 109.865 61.05
      vertex -70.8726 107.278 61.05
      vertex -71.393 110.072 61.05
    endloop
  endfacet
  facet normal 0 0 1
    outer loop
      vertex -70.8726 107.278 61.05
      vertex -71.9442 109.865 61.05
      vertex -71.2422 107.111 61.05
    endloop
  endfacet
  facet normal -0 0 1
    outer loop
      vertex -72.4806 109.622 61.05
      vertex -71.2422 107.111 61.05
      vertex -71.9442 109.865 61.05
    endloop
  endfacet
  facet normal 0 0 1
    outer loop
      vertex -71.2422 107.111 61.05
      vertex -72.4806 109.622 61.05
      vertex -71.6 106.919 61.05
    endloop
  endfacet
  facet normal -0 0 1
    outer loop
      vertex -73 109.344 61.05
      vertex -71.6 106.919 61.05
      vertex -72.4806 109.622 61.05
    endloop
  endfacet
  facet normal 0 0 1
    outer loop
      vertex -71.6 106.919 61.05
      vertex -73 109.344 61.05
      vertex -71.9445 106.705 61.05
    endloop
  endfacet
  facet normal -0 0 1
    outer loop
      vertex -73.5001 109.033 61.05
      vertex -71.9445 106.705 61.05
      vertex -73 109.344 61.05
    endloop
  endfacet
  facet normal 0 0 1
    outer loop
      vertex -71.9445 106.705 61.05
      vertex -73.5001 109.033 61.05
      vertex -72.2743 106.469 61.05
    endloop
  endfacet
  facet normal -0 0 1
    outer loop
      vertex -73.9789 108.69 61.05
      vertex -72.2743 106.469 61.05
      vertex -73.5001 109.033 61.05
    endloop
  endfacet
  facet normal 0 0 1
    outer loop
      vertex -72.2743 106.469 61.05
      vertex -73.9789 108.69 61.05
      vertex -72.588 106.211 61.05
    endloop
  endfacet
  facet normal -0 0 1
    outer loop
      vertex -74.4341 108.317 61.05
      vertex -72.588 106.211 61.05
      vertex -73.9789 108.69 61.05
    endloop
  endfacet
  facet normal 0 0 1
    outer loop
      vertex -72.588 106.211 61.05
      vertex -74.4341 108.317 61.05
      vertex -72.8841 105.934 61.05
    endloop
  endfacet
  facet normal -0 0 1
    outer loop
      vertex -74.864 107.914 61.05
      vertex -72.8841 105.934 61.05
      vertex -74.4341 108.317 61.05
    endloop
  endfacet
  facet normal 0 0 1
    outer loop
      vertex -72.8841 105.934 61.05
      vertex -74.864 107.914 61.05
      vertex -73.1614 105.638 61.05
    endloop
  endfacet
  facet normal -0 0 1
    outer loop
      vertex -75.2666 107.484 61.05
      vertex -73.1614 105.638 61.05
      vertex -74.864 107.914 61.05
    endloop
  endfacet
  facet normal 0 0 1
    outer loop
      vertex -73.1614 105.638 61.05
      vertex -75.2666 107.484 61.05
      vertex -73.4188 105.324 61.05
    endloop
  endfacet
  facet normal -0 0 1
    outer loop
      vertex -75.6402 107.029 61.05
      vertex -73.4188 105.324 61.05
      vertex -75.2666 107.484 61.05
    endloop
  endfacet
  facet normal 0 0 1
    outer loop
      vertex -73.4188 105.324 61.05
      vertex -75.6402 107.029 61.05
      vertex -73.6551 104.995 61.05
    endloop
  endfacet
  facet normal -0 0 1
    outer loop
      vertex -75.9832 106.55 61.05
      vertex -73.6551 104.995 61.05
      vertex -75.6402 107.029 61.05
    endloop
  endfacet
  facet normal 0 0 1
    outer loop
      vertex -73.6551 104.995 61.05
      vertex -75.9832 106.55 61.05
      vertex -73.8694 104.65 61.05
    endloop
  endfacet
  facet normal -0 0 1
    outer loop
      vertex -76.2942 106.05 61.05
      vertex -73.8694 104.65 61.05
      vertex -75.9832 106.55 61.05
    endloop
  endfacet
  facet normal 0 0 1
    outer loop
      vertex -73.8694 104.65 61.05
      vertex -76.2942 106.05 61.05
      vertex -74.0606 104.292 61.05
    endloop
  endfacet
  facet normal -0 0 1
    outer loop
      vertex -76.5719 105.531 61.05
      vertex -74.0606 104.292 61.05
      vertex -76.2942 106.05 61.05
    endloop
  endfacet
  facet normal 0 0 1
    outer loop
      vertex -74.2281 103.923 61.05
      vertex -76.8149 104.994 61.05
      vertex -74.371 103.543 61.05
    endloop
  endfacet
  facet normal -0 0 1
    outer loop
      vertex -76.8149 104.994 61.05
      vertex -74.2281 103.923 61.05
      vertex -76.5719 105.531 61.05
    endloop
  endfacet
  facet normal 0 0 1
    outer loop
      vertex -74.0606 104.292 61.05
      vertex -76.5719 105.531 61.05
      vertex -74.2281 103.923 61.05
    endloop
  endfacet
  facet normal -0 0 1
    outer loop
      vertex 74.2281 32.1774 61.05
      vertex 76.8149 31.1058 61.05
      vertex 74.371 32.5571 61.05
    endloop
  endfacet
  facet normal 0 0 1
    outer loop
      vertex 76.8149 31.1058 61.05
      vertex 74.2281 32.1774 61.05
      vertex 76.5719 30.5694 61.05
    endloop
  endfacet
  facet normal -0 0 1
    outer loop
      vertex 74.0606 31.8078 61.05
      vertex 76.5719 30.5694 61.05
      vertex 74.2281 32.1774 61.05
    endloop
  endfacet
  facet normal 0 0 1
    outer loop
      vertex 76.5719 30.5694 61.05
      vertex 74.0606 31.8078 61.05
      vertex 76.2942 30.05 61.05
    endloop
  endfacet
  facet normal -0 0 1
    outer loop
      vertex 73.8694 31.45 61.05
      vertex 76.2942 30.05 61.05
      vertex 74.0606 31.8078 61.05
    endloop
  endfacet
  facet normal 0 0 1
    outer loop
      vertex 76.2942 30.05 61.05
      vertex 73.8694 31.45 61.05
      vertex 75.9832 29.5499 61.05
    endloop
  endfacet
  facet normal -0 0 1
    outer loop
      vertex 73.6551 31.1055 61.05
      vertex 75.9832 29.5499 61.05
      vertex 73.8694 31.45 61.05
    endloop
  endfacet
  facet normal 0 0 1
    outer loop
      vertex 75.9832 29.5499 61.05
      vertex 73.6551 31.1055 61.05
      vertex 75.6402 29.0711 61.05
    endloop
  endfacet
  facet normal -0 0 1
    outer loop
      vertex 73.4188 30.7757 61.05
      vertex 75.6402 29.0711 61.05
      vertex 73.6551 31.1055 61.05
    endloop
  endfacet
  facet normal 0 0 1
    outer loop
      vertex 75.6402 29.0711 61.05
      vertex 73.4188 30.7757 61.05
      vertex 75.2666 28.6159 61.05
    endloop
  endfacet
  facet normal -0 0 1
    outer loop
      vertex 73.1614 30.462 61.05
      vertex 75.2666 28.6159 61.05
      vertex 73.4188 30.7757 61.05
    endloop
  endfacet
  facet normal 0 0 1
    outer loop
      vertex 75.2666 28.6159 61.05
      vertex 73.1614 30.462 61.05
      vertex 74.864 28.186 61.05
    endloop
  endfacet
  facet normal -0 0 1
    outer loop
      vertex 72.8841 30.1659 61.05
      vertex 74.864 28.186 61.05
      vertex 73.1614 30.462 61.05
    endloop
  endfacet
  facet normal 0 0 1
    outer loop
      vertex 74.864 28.186 61.05
      vertex 72.8841 30.1659 61.05
      vertex 74.4341 27.7834 61.05
    endloop
  endfacet
  facet normal -0 0 1
    outer loop
      vertex 72.588 29.8886 61.05
      vertex 74.4341 27.7834 61.05
      vertex 72.8841 30.1659 61.05
    endloop
  endfacet
  facet normal 0 0 1
    outer loop
      vertex 74.4341 27.7834 61.05
      vertex 72.588 29.8886 61.05
      vertex 73.9789 27.4098 61.05
    endloop
  endfacet
  facet normal -0 0 1
    outer loop
      vertex 72.2743 29.6312 61.05
      vertex 73.9789 27.4098 61.05
      vertex 72.588 29.8886 61.05
    endloop
  endfacet
  facet normal 0 0 1
    outer loop
      vertex 73.9789 27.4098 61.05
      vertex 72.2743 29.6312 61.05
      vertex 73.5001 27.0668 61.05
    endloop
  endfacet
  facet normal -0 0 1
    outer loop
      vertex 71.9445 29.3949 61.05
      vertex 73.5001 27.0668 61.05
      vertex 72.2743 29.6312 61.05
    endloop
  endfacet
  facet normal 0 0 1
    outer loop
      vertex 73.5001 27.0668 61.05
      vertex 71.9445 29.3949 61.05
      vertex 73 26.7558 61.05
    endloop
  endfacet
  facet normal -0 0 1
    outer loop
      vertex 71.6 29.1806 61.05
      vertex 73 26.7558 61.05
      vertex 71.9445 29.3949 61.05
    endloop
  endfacet
  facet normal 0 0 1
    outer loop
      vertex 73 26.7558 61.05
      vertex 71.6 29.1806 61.05
      vertex 72.4806 26.4781 61.05
    endloop
  endfacet
  facet normal -0 0 1
    outer loop
      vertex 71.2422 28.9894 61.05
      vertex 72.4806 26.4781 61.05
      vertex 71.6 29.1806 61.05
    endloop
  endfacet
  facet normal 0 0 1
    outer loop
      vertex 72.4806 26.4781 61.05
      vertex 71.2422 28.9894 61.05
      vertex 71.9442 26.2351 61.05
    endloop
  endfacet
  facet normal -0 0 1
    outer loop
      vertex 70.8726 28.8219 61.05
      vertex 71.9442 26.2351 61.05
      vertex 71.2422 28.9894 61.05
    endloop
  endfacet
  facet normal 0 0 1
    outer loop
      vertex 71.9442 26.2351 61.05
      vertex 70.8726 28.8219 61.05
      vertex 71.393 26.0276 61.05
    endloop
  endfacet
  facet normal -0 0 1
    outer loop
      vertex 70.4929 28.679 61.05
      vertex 71.393 26.0276 61.05
      vertex 70.8726 28.8219 61.05
    endloop
  endfacet
  facet normal 0 0 1
    outer loop
      vertex 71.393 26.0276 61.05
      vertex 70.4929 28.679 61.05
      vertex 70.8294 25.8567 61.05
    endloop
  endfacet
  facet normal -0 0 1
    outer loop
      vertex 70.1047 28.5613 61.05
      vertex 70.8294 25.8567 61.05
      vertex 70.4929 28.679 61.05
    endloop
  endfacet
  facet normal 0 0 1
    outer loop
      vertex 70.8294 25.8567 61.05
      vertex 70.1047 28.5613 61.05
      vertex 70.2558 25.7229 61.05
    endloop
  endfacet
  facet normal -0 0 1
    outer loop
      vertex 69.7096 28.4691 61.05
      vertex 70.2558 25.7229 61.05
      vertex 70.1047 28.5613 61.05
    endloop
  endfacet
  facet normal 0 0 1
    outer loop
      vertex 69.7096 28.4691 61.05
      vertex 69.6747 25.627 61.05
      vertex 70.2558 25.7229 61.05
    endloop
  endfacet
  facet normal -0 0 1
    outer loop
      vertex 69.3093 28.403 61.05
      vertex 69.6747 25.627 61.05
      vertex 69.7096 28.4691 61.05
    endloop
  endfacet
  facet normal 0 0 1
    outer loop
      vertex 69.3093 28.403 61.05
      vertex 69.0886 25.5693 61.05
      vertex 69.6747 25.627 61.05
    endloop
  endfacet
  facet normal -0 0 1
    outer loop
      vertex 68.9055 28.3633 61.05
      vertex 69.0886 25.5693 61.05
      vertex 69.3093 28.403 61.05
    endloop
  endfacet
  facet normal -0 0 1
    outer loop
      vertex 68.5 28.35 61.05
      vertex 69.0886 25.5693 61.05
      vertex 68.9055 28.3633 61.05
    endloop
  endfacet
  facet normal 0 0 1
    outer loop
      vertex 68.5 28.35 61.05
      vertex 68.5 25.55 61.05
      vertex 69.0886 25.5693 61.05
    endloop
  endfacet
  facet normal -0 0 1
    outer loop
      vertex -68.5 28.35 61.05
      vertex 68.5 25.55 61.05
      vertex 68.5 28.35 61.05
    endloop
  endfacet
  facet normal 0 0 1
    outer loop
      vertex -68.5 28.35 61.05
      vertex -68.5 25.55 61.05
      vertex 68.5 25.55 61.05
    endloop
  endfacet
  facet normal 0 0 1
    outer loop
      vertex -68.9055 28.3633 61.05
      vertex -68.5 25.55 61.05
      vertex -68.5 28.35 61.05
    endloop
  endfacet
  facet normal 0 0 1
    outer loop
      vertex -68.9055 28.3633 61.05
      vertex -69.0886 25.5693 61.05
      vertex -68.5 25.55 61.05
    endloop
  endfacet
  facet normal 0 0 1
    outer loop
      vertex -69.3093 28.403 61.05
      vertex -69.0886 25.5693 61.05
      vertex -68.9055 28.3633 61.05
    endloop
  endfacet
  facet normal 0 0 1
    outer loop
      vertex -69.3093 28.403 61.05
      vertex -69.6747 25.627 61.05
      vertex -69.0886 25.5693 61.05
    endloop
  endfacet
  facet normal 0 0 1
    outer loop
      vertex -69.7096 28.4691 61.05
      vertex -69.6747 25.627 61.05
      vertex -69.3093 28.403 61.05
    endloop
  endfacet
  facet normal 0 0 1
    outer loop
      vertex -70.2558 25.7229 61.05
      vertex -69.7096 28.4691 61.05
      vertex -70.1047 28.5613 61.05
    endloop
  endfacet
  facet normal 0 0 1
    outer loop
      vertex -69.7096 28.4691 61.05
      vertex -70.2558 25.7229 61.05
      vertex -69.6747 25.627 61.05
    endloop
  endfacet
  facet normal 0 0 1
    outer loop
      vertex -70.8294 25.8567 61.05
      vertex -70.1047 28.5613 61.05
      vertex -70.4929 28.679 61.05
    endloop
  endfacet
  facet normal 0 0 1
    outer loop
      vertex -70.1047 28.5613 61.05
      vertex -70.8294 25.8567 61.05
      vertex -70.2558 25.7229 61.05
    endloop
  endfacet
  facet normal 0 0 1
    outer loop
      vertex -71.393 26.0276 61.05
      vertex -70.4929 28.679 61.05
      vertex -70.8726 28.8219 61.05
    endloop
  endfacet
  facet normal 0 0 1
    outer loop
      vertex -71.9442 26.2351 61.05
      vertex -70.8726 28.8219 61.05
      vertex -71.2422 28.9894 61.05
    endloop
  endfacet
  facet normal 0 0 1
    outer loop
      vertex -70.4929 28.679 61.05
      vertex -71.393 26.0276 61.05
      vertex -70.8294 25.8567 61.05
    endloop
  endfacet
  facet normal 0 0 1
    outer loop
      vertex -72.4806 26.4781 61.05
      vertex -71.2422 28.9894 61.05
      vertex -71.6 29.1806 61.05
    endloop
  endfacet
  facet normal 0 0 1
    outer loop
      vertex -70.8726 28.8219 61.05
      vertex -71.9442 26.2351 61.05
      vertex -71.393 26.0276 61.05
    endloop
  endfacet
  facet normal 0 0 1
    outer loop
      vertex -73 26.7558 61.05
      vertex -71.6 29.1806 61.05
      vertex -71.9445 29.3949 61.05
    endloop
  endfacet
  facet normal 0 0 1
    outer loop
      vertex -73.5001 27.0668 61.05
      vertex -71.9445 29.3949 61.05
      vertex -72.2743 29.6312 61.05
    endloop
  endfacet
  facet normal 0 0 1
    outer loop
      vertex -71.2422 28.9894 61.05
      vertex -72.4806 26.4781 61.05
      vertex -71.9442 26.2351 61.05
    endloop
  endfacet
  facet normal 0 0 1
    outer loop
      vertex -73.9789 27.4098 61.05
      vertex -72.2743 29.6312 61.05
      vertex -72.588 29.8886 61.05
    endloop
  endfacet
  facet normal 0 0 1
    outer loop
      vertex -74.4341 27.7834 61.05
      vertex -72.588 29.8886 61.05
      vertex -72.8841 30.1659 61.05
    endloop
  endfacet
  facet normal 0 0 1
    outer loop
      vertex -71.6 29.1806 61.05
      vertex -73 26.7558 61.05
      vertex -72.4806 26.4781 61.05
    endloop
  endfacet
  facet normal 0 0 1
    outer loop
      vertex -74.864 28.186 61.05
      vertex -72.8841 30.1659 61.05
      vertex -73.1614 30.462 61.05
    endloop
  endfacet
  facet normal 0 0 1
    outer loop
      vertex -75.2666 28.6159 61.05
      vertex -73.1614 30.462 61.05
      vertex -73.4188 30.7757 61.05
    endloop
  endfacet
  facet normal 0 0 1
    outer loop
      vertex -71.9445 29.3949 61.05
      vertex -73.5001 27.0668 61.05
      vertex -73 26.7558 61.05
    endloop
  endfacet
  facet normal 0 0 1
    outer loop
      vertex -75.6402 29.0711 61.05
      vertex -73.4188 30.7757 61.05
      vertex -73.6551 31.1055 61.05
    endloop
  endfacet
  facet normal 0 0 1
    outer loop
      vertex -75.9832 29.5499 61.05
      vertex -73.6551 31.1055 61.05
      vertex -73.8694 31.45 61.05
    endloop
  endfacet
  facet normal 0 0 1
    outer loop
      vertex -72.2743 29.6312 61.05
      vertex -73.9789 27.4098 61.05
      vertex -73.5001 27.0668 61.05
    endloop
  endfacet
  facet normal 0 0 1
    outer loop
      vertex -76.2942 30.05 61.05
      vertex -73.8694 31.45 61.05
      vertex -74.0606 31.8078 61.05
    endloop
  endfacet
  facet normal 0 0 1
    outer loop
      vertex -76.5719 30.5694 61.05
      vertex -74.0606 31.8078 61.05
      vertex -74.2281 32.1774 61.05
    endloop
  endfacet
  facet normal 0 0 1
    outer loop
      vertex -76.8149 31.1058 61.05
      vertex -74.2281 32.1774 61.05
      vertex -74.371 32.5571 61.05
    endloop
  endfacet
  facet normal 0 0 1
    outer loop
      vertex -72.588 29.8886 61.05
      vertex -74.4341 27.7834 61.05
      vertex -73.9789 27.4098 61.05
    endloop
  endfacet
  facet normal 0 0 1
    outer loop
      vertex -77.0224 31.657 61.05
      vertex -74.371 32.5571 61.05
      vertex -74.4887 32.9453 61.05
    endloop
  endfacet
  facet normal 0 0 1
    outer loop
      vertex -77.1933 32.2206 61.05
      vertex -74.4887 32.9453 61.05
      vertex -74.5809 33.3404 61.05
    endloop
  endfacet
  facet normal 0 0 1
    outer loop
      vertex -77.3271 32.7942 61.05
      vertex -74.5809 33.3404 61.05
      vertex -74.647 33.7407 61.05
    endloop
  endfacet
  facet normal 0 0 1
    outer loop
      vertex -77.423 33.3753 61.05
      vertex -74.647 33.7407 61.05
      vertex -74.6867 34.1445 61.05
    endloop
  endfacet
  facet normal 0 0 1
    outer loop
      vertex -72.8841 30.1659 61.05
      vertex -74.864 28.186 61.05
      vertex -74.4341 27.7834 61.05
    endloop
  endfacet
  facet normal 0 0 1
    outer loop
      vertex -77.4807 33.9614 61.05
      vertex -74.6867 34.1445 61.05
      vertex -74.7 34.55 61.05
    endloop
  endfacet
  facet normal 0 0 1
    outer loop
      vertex -74.7 101.55 61.05
      vertex -77.5 101.55 61.05
      vertex -74.7 34.55 61.05
    endloop
  endfacet
  facet normal -0 0 1
    outer loop
      vertex -77.0224 104.443 61.05
      vertex -74.371 103.543 61.05
      vertex -76.8149 104.994 61.05
    endloop
  endfacet
  facet normal 0 0 1
    outer loop
      vertex -77.5 34.55 61.05
      vertex -74.7 34.55 61.05
      vertex -77.5 101.55 61.05
    endloop
  endfacet
  facet normal 0 0 1
    outer loop
      vertex -74.371 103.543 61.05
      vertex -77.0224 104.443 61.05
      vertex -74.4887 103.155 61.05
    endloop
  endfacet
  facet normal 0 -0 1
    outer loop
      vertex -77.4807 33.9614 61.05
      vertex -74.7 34.55 61.05
      vertex -77.5 34.55 61.05
    endloop
  endfacet
  facet normal -0 0 1
    outer loop
      vertex -77.1933 103.879 61.05
      vertex -74.4887 103.155 61.05
      vertex -77.0224 104.443 61.05
    endloop
  endfacet
  facet normal 0 0 1
    outer loop
      vertex -73.1614 30.462 61.05
      vertex -75.2666 28.6159 61.05
      vertex -74.864 28.186 61.05
    endloop
  endfacet
  facet normal 0 0 1
    outer loop
      vertex -74.4887 103.155 61.05
      vertex -77.1933 103.879 61.05
      vertex -74.5809 102.76 61.05
    endloop
  endfacet
  facet normal 0 0 1
    outer loop
      vertex -73.4188 30.7757 61.05
      vertex -75.6402 29.0711 61.05
      vertex -75.2666 28.6159 61.05
    endloop
  endfacet
  facet normal -0 0 1
    outer loop
      vertex -77.3271 103.306 61.05
      vertex -74.5809 102.76 61.05
      vertex -77.1933 103.879 61.05
    endloop
  endfacet
  facet normal 0 0 1
    outer loop
      vertex -73.6551 31.1055 61.05
      vertex -75.9832 29.5499 61.05
      vertex -75.6402 29.0711 61.05
    endloop
  endfacet
  facet normal 0 0 1
    outer loop
      vertex -74.5809 102.76 61.05
      vertex -77.3271 103.306 61.05
      vertex -74.647 102.359 61.05
    endloop
  endfacet
  facet normal 0 0 1
    outer loop
      vertex -73.8694 31.45 61.05
      vertex -76.2942 30.05 61.05
      vertex -75.9832 29.5499 61.05
    endloop
  endfacet
  facet normal -0 0 1
    outer loop
      vertex -77.423 102.725 61.05
      vertex -74.647 102.359 61.05
      vertex -77.3271 103.306 61.05
    endloop
  endfacet
  facet normal 0 0 1
    outer loop
      vertex -74.0606 31.8078 61.05
      vertex -76.5719 30.5694 61.05
      vertex -76.2942 30.05 61.05
    endloop
  endfacet
  facet normal 0 0 1
    outer loop
      vertex -74.647 102.359 61.05
      vertex -77.423 102.725 61.05
      vertex -74.6867 101.956 61.05
    endloop
  endfacet
  facet normal 0 0 1
    outer loop
      vertex -74.2281 32.1774 61.05
      vertex -76.8149 31.1058 61.05
      vertex -76.5719 30.5694 61.05
    endloop
  endfacet
  facet normal -0 0 1
    outer loop
      vertex -77.4807 102.139 61.05
      vertex -74.6867 101.956 61.05
      vertex -77.423 102.725 61.05
    endloop
  endfacet
  facet normal 0 0 1
    outer loop
      vertex -74.371 32.5571 61.05
      vertex -77.0224 31.657 61.05
      vertex -76.8149 31.1058 61.05
    endloop
  endfacet
  facet normal 0 0 1
    outer loop
      vertex -74.6867 101.956 61.05
      vertex -77.4807 102.139 61.05
      vertex -74.7 101.55 61.05
    endloop
  endfacet
  facet normal 0 0 1
    outer loop
      vertex -74.4887 32.9453 61.05
      vertex -77.1933 32.2206 61.05
      vertex -77.0224 31.657 61.05
    endloop
  endfacet
  facet normal 0 0 1
    outer loop
      vertex -74.7 101.55 61.05
      vertex -77.4807 102.139 61.05
      vertex -77.5 101.55 61.05
    endloop
  endfacet
  facet normal 0 0 1
    outer loop
      vertex -74.5809 33.3404 61.05
      vertex -77.3271 32.7942 61.05
      vertex -77.1933 32.2206 61.05
    endloop
  endfacet
  facet normal 0 0 1
    outer loop
      vertex -74.647 33.7407 61.05
      vertex -77.423 33.3753 61.05
      vertex -77.3271 32.7942 61.05
    endloop
  endfacet
  facet normal 0 0 1
    outer loop
      vertex -74.6867 34.1445 61.05
      vertex -77.4807 33.9614 61.05
      vertex -77.423 33.3753 61.05
    endloop
  endfacet
  facet normal -0.986654 -0.162829 0
    outer loop
      vertex -77.3271 32.7942 33.05
      vertex -77.423 33.3753 61.05
      vertex -77.423 33.3753 33.05
    endloop
  endfacet
  facet normal -0.986654 -0.162829 0
    outer loop
      vertex -77.423 33.3753 61.05
      vertex -77.3271 32.7942 33.05
      vertex -77.3271 32.7942 61.05
    endloop
  endfacet
  facet normal 0.81293 -0.582362 0
    outer loop
      vertex 75.6402 29.0711 61.05
      vertex 75.9832 29.5499 33.05
      vertex 75.9832 29.5499 61.05
    endloop
  endfacet
  facet normal 0.81293 -0.582362 0
    outer loop
      vertex 75.9832 29.5499 33.05
      vertex 75.6402 29.0711 61.05
      vertex 75.6402 29.0711 33.05
    endloop
  endfacet
  facet normal 0.849189 -0.52809 0
    outer loop
      vertex 75.9832 29.5499 61.05
      vertex 76.2942 30.05 33.05
      vertex 76.2942 30.05 61.05
    endloop
  endfacet
  facet normal 0.849189 -0.52809 0
    outer loop
      vertex 76.2942 30.05 33.05
      vertex 75.9832 29.5499 61.05
      vertex 75.9832 29.5499 33.05
    endloop
  endfacet
  facet normal -0.35157 0.936162 0
    outer loop
      vertex -71.393 110.072 33.05
      vertex -71.9442 109.865 61.05
      vertex -71.393 110.072 61.05
    endloop
  endfacet
  facet normal -0.35157 0.936162 0
    outer loop
      vertex -71.9442 109.865 61.05
      vertex -71.393 110.072 33.05
      vertex -71.9442 109.865 33.05
    endloop
  endfacet
  facet normal 0.582362 -0.81293 0
    outer loop
      vertex 73.5001 27.0668 33.05
      vertex 73.9789 27.4098 61.05
      vertex 73.5001 27.0668 61.05
    endloop
  endfacet
  facet normal 0.582362 -0.81293 0
    outer loop
      vertex 73.9789 27.4098 61.05
      vertex 73.5001 27.0668 33.05
      vertex 73.9789 27.4098 33.05
    endloop
  endfacet
  facet normal -0.290337 0.956924 0
    outer loop
      vertex -70.8294 110.243 33.05
      vertex -71.393 110.072 61.05
      vertex -70.8294 110.243 61.05
    endloop
  endfacet
  facet normal -0.290337 0.956924 0
    outer loop
      vertex -71.393 110.072 61.05
      vertex -70.8294 110.243 33.05
      vertex -71.393 110.072 33.05
    endloop
  endfacet
  facet normal -0.52809 0.849189 0
    outer loop
      vertex -73 109.344 33.05
      vertex -73.5001 109.033 61.05
      vertex -73 109.344 61.05
    endloop
  endfacet
  facet normal -0.52809 0.849189 0
    outer loop
      vertex -73.5001 109.033 61.05
      vertex -73 109.344 33.05
      vertex -73.5001 109.033 33.05
    endloop
  endfacet
  facet normal 0.633811 0.773488 -0
    outer loop
      vertex 74.4341 108.317 33.05
      vertex 73.9789 108.69 61.05
      vertex 74.4341 108.317 61.05
    endloop
  endfacet
  facet normal 0.633811 0.773488 0
    outer loop
      vertex 73.9789 108.69 61.05
      vertex 74.4341 108.317 33.05
      vertex 73.9789 108.69 33.05
    endloop
  endfacet
  facet normal -0.849189 -0.52809 0
    outer loop
      vertex -75.9832 29.5499 33.05
      vertex -76.2942 30.05 61.05
      vertex -76.2942 30.05 33.05
    endloop
  endfacet
  facet normal -0.849189 -0.52809 0
    outer loop
      vertex -76.2942 30.05 61.05
      vertex -75.9832 29.5499 33.05
      vertex -75.9832 29.5499 61.05
    endloop
  endfacet
  facet normal -0.582362 0.81293 0
    outer loop
      vertex -73.5001 109.033 33.05
      vertex -73.9789 108.69 61.05
      vertex -73.5001 109.033 61.05
    endloop
  endfacet
  facet normal -0.582362 0.81293 0
    outer loop
      vertex -73.9789 108.69 61.05
      vertex -73.5001 109.033 33.05
      vertex -73.9789 108.69 33.05
    endloop
  endfacet
  facet normal -0.772851 0.634587 0
    outer loop
      vertex -75.6402 107.029 33.05
      vertex -75.2666 107.484 61.05
      vertex -75.2666 107.484 33.05
    endloop
  endfacet
  facet normal -0.772851 0.634587 0
    outer loop
      vertex -75.2666 107.484 61.05
      vertex -75.6402 107.029 33.05
      vertex -75.6402 107.029 61.05
    endloop
  endfacet
  facet normal 0.729902 -0.683551 0
    outer loop
      vertex 74.864 28.186 61.05
      vertex 75.2666 28.6159 33.05
      vertex 75.2666 28.6159 61.05
    endloop
  endfacet
  facet normal 0.729902 -0.683551 0
    outer loop
      vertex 75.2666 28.6159 33.05
      vertex 74.864 28.186 61.05
      vertex 74.864 28.186 33.05
    endloop
  endfacet
  facet normal 0.849141 0.528166 0
    outer loop
      vertex 76.2942 106.05 61.05
      vertex 75.9832 106.55 33.05
      vertex 75.9832 106.55 61.05
    endloop
  endfacet
  facet normal 0.849141 0.528166 0
    outer loop
      vertex 75.9832 106.55 33.05
      vertex 76.2942 106.05 61.05
      vertex 76.2942 106.05 33.05
    endloop
  endfacet
  facet normal -0.471892 0.881657 0
    outer loop
      vertex -72.4806 109.622 33.05
      vertex -73 109.344 61.05
      vertex -72.4806 109.622 61.05
    endloop
  endfacet
  facet normal -0.471892 0.881657 0
    outer loop
      vertex -73 109.344 61.05
      vertex -72.4806 109.622 33.05
      vertex -73 109.344 33.05
    endloop
  endfacet
  facet normal -0.881717 0.471778 0
    outer loop
      vertex -76.5719 105.531 33.05
      vertex -76.2942 106.05 61.05
      vertex -76.2942 106.05 33.05
    endloop
  endfacet
  facet normal -0.881717 0.471778 0
    outer loop
      vertex -76.2942 106.05 61.05
      vertex -76.5719 105.531 33.05
      vertex -76.5719 105.531 61.05
    endloop
  endfacet
  facet normal -0.910889 -0.412651 0
    outer loop
      vertex -76.5719 30.5694 33.05
      vertex -76.8149 31.1058 61.05
      vertex -76.8149 31.1058 33.05
    endloop
  endfacet
  facet normal -0.910889 -0.412651 0
    outer loop
      vertex -76.8149 31.1058 61.05
      vertex -76.5719 30.5694 33.05
      vertex -76.5719 30.5694 61.05
    endloop
  endfacet
  facet normal -0.973804 0.227391 0
    outer loop
      vertex -77.3271 103.306 33.05
      vertex -77.1933 103.879 61.05
      vertex -77.1933 103.879 33.05
    endloop
  endfacet
  facet normal -0.973804 0.227391 0
    outer loop
      vertex -77.1933 103.879 61.05
      vertex -77.3271 103.306 33.05
      vertex -77.3271 103.306 61.05
    endloop
  endfacet
  facet normal 0 0 -1
    outer loop
      vertex -16 25.55 33.05
      vertex -68.5 25.55 33.05
      vertex -16 59.55 33.05
    endloop
  endfacet
  facet normal 0 0 -1
    outer loop
      vertex 12 48.55 33.05
      vertex -12 48.55 33.05
      vertex 12 59.55 33.05
    endloop
  endfacet
  facet normal 0 0 -1
    outer loop
      vertex 68.5 25.55 33.05
      vertex 77.5 34.55 33.05
      vertex 77.4807 33.9614 33.05
    endloop
  endfacet
  facet normal 0 0 -1
    outer loop
      vertex 77.5 34.55 33.05
      vertex 16 59.55 33.05
      vertex 77.5 101.55 33.05
    endloop
  endfacet
  facet normal 0 0 -1
    outer loop
      vertex 68.5 25.55 33.05
      vertex 77.4807 33.9614 33.05
      vertex 77.423 33.3753 33.05
    endloop
  endfacet
  facet normal 0 -0 -1
    outer loop
      vertex 68.5 110.55 33.05
      vertex 77.5 101.55 33.05
      vertex 16 59.55 33.05
    endloop
  endfacet
  facet normal 0 0 -1
    outer loop
      vertex 68.5 25.55 33.05
      vertex 77.423 33.3753 33.05
      vertex 77.3271 32.7942 33.05
    endloop
  endfacet
  facet normal 0 0 -1
    outer loop
      vertex 77.5 101.55 33.05
      vertex 68.5 110.55 33.05
      vertex 77.4807 102.139 33.05
    endloop
  endfacet
  facet normal 0 0 -1
    outer loop
      vertex 68.5 25.55 33.05
      vertex 77.3271 32.7942 33.05
      vertex 77.1933 32.2206 33.05
    endloop
  endfacet
  facet normal 0 0 -1
    outer loop
      vertex 77.4807 102.139 33.05
      vertex 68.5 110.55 33.05
      vertex 77.423 102.725 33.05
    endloop
  endfacet
  facet normal 0 0 -1
    outer loop
      vertex 68.5 25.55 33.05
      vertex 77.1933 32.2206 33.05
      vertex 77.0224 31.657 33.05
    endloop
  endfacet
  facet normal 0 0 -1
    outer loop
      vertex 77.423 102.725 33.05
      vertex 68.5 110.55 33.05
      vertex 77.3271 103.306 33.05
    endloop
  endfacet
  facet normal 0 0 -1
    outer loop
      vertex 68.5 25.55 33.05
      vertex 77.0224 31.657 33.05
      vertex 76.8149 31.1058 33.05
    endloop
  endfacet
  facet normal 0 0 -1
    outer loop
      vertex 77.3271 103.306 33.05
      vertex 68.5 110.55 33.05
      vertex 77.1933 103.879 33.05
    endloop
  endfacet
  facet normal 0 0 -1
    outer loop
      vertex 68.5 25.55 33.05
      vertex 76.8149 31.1058 33.05
      vertex 76.5719 30.5694 33.05
    endloop
  endfacet
  facet normal 0 0 -1
    outer loop
      vertex 77.1933 103.879 33.05
      vertex 68.5 110.55 33.05
      vertex 77.0224 104.443 33.05
    endloop
  endfacet
  facet normal 0 0 -1
    outer loop
      vertex 68.5 25.55 33.05
      vertex 76.5719 30.5694 33.05
      vertex 76.2942 30.05 33.05
    endloop
  endfacet
  facet normal 0 0 -1
    outer loop
      vertex 77.0224 104.443 33.05
      vertex 68.5 110.55 33.05
      vertex 76.8149 104.994 33.05
    endloop
  endfacet
  facet normal 0 0 -1
    outer loop
      vertex 68.5 25.55 33.05
      vertex 76.2942 30.05 33.05
      vertex 75.9832 29.5499 33.05
    endloop
  endfacet
  facet normal 0 0 -1
    outer loop
      vertex 76.8149 104.994 33.05
      vertex 68.5 110.55 33.05
      vertex 76.5719 105.531 33.05
    endloop
  endfacet
  facet normal 0 0 -1
    outer loop
      vertex 68.5 25.55 33.05
      vertex 75.9832 29.5499 33.05
      vertex 75.6402 29.0711 33.05
    endloop
  endfacet
  facet normal 0 0 -1
    outer loop
      vertex 76.5719 105.531 33.05
      vertex 68.5 110.55 33.05
      vertex 76.2942 106.05 33.05
    endloop
  endfacet
  facet normal 0 0 -1
    outer loop
      vertex 68.5 25.55 33.05
      vertex 75.6402 29.0711 33.05
      vertex 75.2666 28.6159 33.05
    endloop
  endfacet
  facet normal 0 0 -1
    outer loop
      vertex 76.2942 106.05 33.05
      vertex 68.5 110.55 33.05
      vertex 75.9832 106.55 33.05
    endloop
  endfacet
  facet normal 0 0 -1
    outer loop
      vertex 68.5 25.55 33.05
      vertex 75.2666 28.6159 33.05
      vertex 74.864 28.186 33.05
    endloop
  endfacet
  facet normal 0 0 -1
    outer loop
      vertex 75.9832 106.55 33.05
      vertex 68.5 110.55 33.05
      vertex 75.6402 107.029 33.05
    endloop
  endfacet
  facet normal 0 0 -1
    outer loop
      vertex 68.5 25.55 33.05
      vertex 74.864 28.186 33.05
      vertex 74.4341 27.7834 33.05
    endloop
  endfacet
  facet normal 0 0 -1
    outer loop
      vertex 75.6402 107.029 33.05
      vertex 68.5 110.55 33.05
      vertex 75.2666 107.484 33.05
    endloop
  endfacet
  facet normal 0 0 -1
    outer loop
      vertex 68.5 25.55 33.05
      vertex 74.4341 27.7834 33.05
      vertex 73.9789 27.4098 33.05
    endloop
  endfacet
  facet normal 0 0 -1
    outer loop
      vertex 75.2666 107.484 33.05
      vertex 68.5 110.55 33.05
      vertex 74.864 107.914 33.05
    endloop
  endfacet
  facet normal 0 0 -1
    outer loop
      vertex 68.5 25.55 33.05
      vertex 73.9789 27.4098 33.05
      vertex 73.5001 27.0668 33.05
    endloop
  endfacet
  facet normal -0 0 -1
    outer loop
      vertex 77.5 34.55 33.05
      vertex 68.5 25.55 33.05
      vertex 16 59.55 33.05
    endloop
  endfacet
  facet normal 0 0 -1
    outer loop
      vertex 68.5 25.55 33.05
      vertex 73.5001 27.0668 33.05
      vertex 73 26.7558 33.05
    endloop
  endfacet
  facet normal 0 0 -1
    outer loop
      vertex 74.864 107.914 33.05
      vertex 68.5 110.55 33.05
      vertex 74.4341 108.317 33.05
    endloop
  endfacet
  facet normal 0 0 -1
    outer loop
      vertex 68.5 25.55 33.05
      vertex 73 26.7558 33.05
      vertex 72.4806 26.4781 33.05
    endloop
  endfacet
  facet normal 0 0 -1
    outer loop
      vertex 73.9789 108.69 33.05
      vertex 68.5 110.55 33.05
      vertex 73.5001 109.033 33.05
    endloop
  endfacet
  facet normal 0 0 -1
    outer loop
      vertex 68.5 25.55 33.05
      vertex 72.4806 26.4781 33.05
      vertex 71.9442 26.2351 33.05
    endloop
  endfacet
  facet normal 0 0 -1
    outer loop
      vertex 73.5001 109.033 33.05
      vertex 68.5 110.55 33.05
      vertex 73 109.344 33.05
    endloop
  endfacet
  facet normal 0 0 -1
    outer loop
      vertex 68.5 25.55 33.05
      vertex 71.9442 26.2351 33.05
      vertex 71.393 26.0276 33.05
    endloop
  endfacet
  facet normal 0 0 -1
    outer loop
      vertex 73 109.344 33.05
      vertex 68.5 110.55 33.05
      vertex 72.4806 109.622 33.05
    endloop
  endfacet
  facet normal 0 0 -1
    outer loop
      vertex 68.5 25.55 33.05
      vertex 71.393 26.0276 33.05
      vertex 70.8294 25.8567 33.05
    endloop
  endfacet
  facet normal 0 0 -1
    outer loop
      vertex 72.4806 109.622 33.05
      vertex 68.5 110.55 33.05
      vertex 71.9442 109.865 33.05
    endloop
  endfacet
  facet normal 0 0 -1
    outer loop
      vertex 68.5 25.55 33.05
      vertex 70.8294 25.8567 33.05
      vertex 70.2558 25.7229 33.05
    endloop
  endfacet
  facet normal 0 0 -1
    outer loop
      vertex 71.9442 109.865 33.05
      vertex 68.5 110.55 33.05
      vertex 71.393 110.072 33.05
    endloop
  endfacet
  facet normal 0 0 -1
    outer loop
      vertex 68.5 25.55 33.05
      vertex 70.2558 25.7229 33.05
      vertex 69.6747 25.627 33.05
    endloop
  endfacet
  facet normal 0 0 -1
    outer loop
      vertex 71.393 110.072 33.05
      vertex 68.5 110.55 33.05
      vertex 70.8294 110.243 33.05
    endloop
  endfacet
  facet normal 0 0 -1
    outer loop
      vertex 68.5 25.55 33.05
      vertex 69.6747 25.627 33.05
      vertex 69.0886 25.5693 33.05
    endloop
  endfacet
  facet normal 0 0 -1
    outer loop
      vertex 70.8294 110.243 33.05
      vertex 68.5 110.55 33.05
      vertex 70.2558 110.377 33.05
    endloop
  endfacet
  facet normal 0 0 -1
    outer loop
      vertex 70.2558 110.377 33.05
      vertex 68.5 110.55 33.05
      vertex 69.6747 110.473 33.05
    endloop
  endfacet
  facet normal 0 0 -1
    outer loop
      vertex 69.6747 110.473 33.05
      vertex 68.5 110.55 33.05
      vertex 69.0886 110.531 33.05
    endloop
  endfacet
  facet normal 0 0 -1
    outer loop
      vertex 16 59.55 33.05
      vertex 68.5 25.55 33.05
      vertex 16 25.55 33.05
    endloop
  endfacet
  facet normal 0 0 -1
    outer loop
      vertex 74.4341 108.317 33.05
      vertex 68.5 110.55 33.05
      vertex 73.9789 108.69 33.05
    endloop
  endfacet
  facet normal 0 0 -1
    outer loop
      vertex 12 59.55 33.05
      vertex 68.5 110.55 33.05
      vertex 16 59.55 33.05
    endloop
  endfacet
  facet normal 0 0 -1
    outer loop
      vertex -12 59.55 33.05
      vertex 12 59.55 33.05
      vertex -12 48.55 33.05
    endloop
  endfacet
  facet normal 0 0 -1
    outer loop
      vertex 12 59.55 33.05
      vertex -12 59.55 33.05
      vertex 68.5 110.55 33.05
    endloop
  endfacet
  facet normal 0 0 -1
    outer loop
      vertex -68.5 110.55 33.05
      vertex -12 59.55 33.05
      vertex -16 59.55 33.05
    endloop
  endfacet
  facet normal 0 0 -1
    outer loop
      vertex -12 59.55 33.05
      vertex -68.5 110.55 33.05
      vertex 68.5 110.55 33.05
    endloop
  endfacet
  facet normal 0 0 -1
    outer loop
      vertex -77.5 34.55 33.05
      vertex -16 59.55 33.05
      vertex -68.5 25.55 33.05
    endloop
  endfacet
  facet normal 0 0 -1
    outer loop
      vertex -77.5 34.55 33.05
      vertex -68.5 25.55 33.05
      vertex -69.0886 25.5693 33.05
    endloop
  endfacet
  facet normal 0 0 -1
    outer loop
      vertex -77.5 101.55 33.05
      vertex -16 59.55 33.05
      vertex -77.5 34.55 33.05
    endloop
  endfacet
  facet normal 0 0 -1
    outer loop
      vertex -77.5 34.55 33.05
      vertex -69.0886 25.5693 33.05
      vertex -69.6747 25.627 33.05
    endloop
  endfacet
  facet normal 0 0 -1
    outer loop
      vertex -16 59.55 33.05
      vertex -77.5 101.55 33.05
      vertex -68.5 110.55 33.05
    endloop
  endfacet
  facet normal 0 0 -1
    outer loop
      vertex -77.5 34.55 33.05
      vertex -69.6747 25.627 33.05
      vertex -70.2558 25.7229 33.05
    endloop
  endfacet
  facet normal 0 0 -1
    outer loop
      vertex -68.5 110.55 33.05
      vertex -77.5 101.55 33.05
      vertex -69.0886 110.531 33.05
    endloop
  endfacet
  facet normal 0 0 -1
    outer loop
      vertex -77.5 34.55 33.05
      vertex -70.2558 25.7229 33.05
      vertex -70.8294 25.8567 33.05
    endloop
  endfacet
  facet normal 0 0 -1
    outer loop
      vertex -69.0886 110.531 33.05
      vertex -77.5 101.55 33.05
      vertex -69.6747 110.473 33.05
    endloop
  endfacet
  facet normal 0 0 -1
    outer loop
      vertex -77.5 34.55 33.05
      vertex -70.8294 25.8567 33.05
      vertex -71.393 26.0276 33.05
    endloop
  endfacet
  facet normal 0 0 -1
    outer loop
      vertex -69.6747 110.473 33.05
      vertex -77.5 101.55 33.05
      vertex -70.2558 110.377 33.05
    endloop
  endfacet
  facet normal 0 0 -1
    outer loop
      vertex -77.5 34.55 33.05
      vertex -71.393 26.0276 33.05
      vertex -71.9442 26.2351 33.05
    endloop
  endfacet
  facet normal 0 0 -1
    outer loop
      vertex -70.2558 110.377 33.05
      vertex -77.5 101.55 33.05
      vertex -70.8294 110.243 33.05
    endloop
  endfacet
  facet normal 0 0 -1
    outer loop
      vertex -77.5 34.55 33.05
      vertex -71.9442 26.2351 33.05
      vertex -72.4806 26.4781 33.05
    endloop
  endfacet
  facet normal 0 0 -1
    outer loop
      vertex -70.8294 110.243 33.05
      vertex -77.5 101.55 33.05
      vertex -71.393 110.072 33.05
    endloop
  endfacet
  facet normal 0 0 -1
    outer loop
      vertex -77.5 34.55 33.05
      vertex -72.4806 26.4781 33.05
      vertex -73 26.7558 33.05
    endloop
  endfacet
  facet normal 0 0 -1
    outer loop
      vertex -71.393 110.072 33.05
      vertex -77.5 101.55 33.05
      vertex -71.9442 109.865 33.05
    endloop
  endfacet
  facet normal 0 0 -1
    outer loop
      vertex -77.5 34.55 33.05
      vertex -73 26.7558 33.05
      vertex -73.5001 27.0668 33.05
    endloop
  endfacet
  facet normal 0 0 -1
    outer loop
      vertex -71.9442 109.865 33.05
      vertex -77.5 101.55 33.05
      vertex -72.4806 109.622 33.05
    endloop
  endfacet
  facet normal 0 0 -1
    outer loop
      vertex -77.5 34.55 33.05
      vertex -73.5001 27.0668 33.05
      vertex -73.9789 27.4098 33.05
    endloop
  endfacet
  facet normal 0 0 -1
    outer loop
      vertex -72.4806 109.622 33.05
      vertex -77.5 101.55 33.05
      vertex -73 109.344 33.05
    endloop
  endfacet
  facet normal 0 0 -1
    outer loop
      vertex -77.5 34.55 33.05
      vertex -73.9789 27.4098 33.05
      vertex -74.4341 27.7834 33.05
    endloop
  endfacet
  facet normal 0 0 -1
    outer loop
      vertex -73 109.344 33.05
      vertex -77.5 101.55 33.05
      vertex -73.5001 109.033 33.05
    endloop
  endfacet
  facet normal 0 0 -1
    outer loop
      vertex -77.5 34.55 33.05
      vertex -74.4341 27.7834 33.05
      vertex -74.864 28.186 33.05
    endloop
  endfacet
  facet normal 0 0 -1
    outer loop
      vertex -73.5001 109.033 33.05
      vertex -77.5 101.55 33.05
      vertex -73.9789 108.69 33.05
    endloop
  endfacet
  facet normal 0 0 -1
    outer loop
      vertex -77.5 34.55 33.05
      vertex -74.864 28.186 33.05
      vertex -75.2666 28.6159 33.05
    endloop
  endfacet
  facet normal 0 0 -1
    outer loop
      vertex -73.9789 108.69 33.05
      vertex -77.5 101.55 33.05
      vertex -74.4341 108.317 33.05
    endloop
  endfacet
  facet normal 0 0 -1
    outer loop
      vertex -77.5 34.55 33.05
      vertex -75.2666 28.6159 33.05
      vertex -75.6402 29.0711 33.05
    endloop
  endfacet
  facet normal 0 0 -1
    outer loop
      vertex -74.4341 108.317 33.05
      vertex -77.5 101.55 33.05
      vertex -74.864 107.914 33.05
    endloop
  endfacet
  facet normal 0 0 -1
    outer loop
      vertex -77.5 34.55 33.05
      vertex -75.6402 29.0711 33.05
      vertex -75.9832 29.5499 33.05
    endloop
  endfacet
  facet normal 0 0 -1
    outer loop
      vertex -74.864 107.914 33.05
      vertex -77.5 101.55 33.05
      vertex -75.2666 107.484 33.05
    endloop
  endfacet
  facet normal 0 0 -1
    outer loop
      vertex -77.5 34.55 33.05
      vertex -75.9832 29.5499 33.05
      vertex -76.2942 30.05 33.05
    endloop
  endfacet
  facet normal 0 0 -1
    outer loop
      vertex -75.2666 107.484 33.05
      vertex -77.5 101.55 33.05
      vertex -75.6402 107.029 33.05
    endloop
  endfacet
  facet normal 0 0 -1
    outer loop
      vertex -77.5 34.55 33.05
      vertex -76.2942 30.05 33.05
      vertex -76.5719 30.5694 33.05
    endloop
  endfacet
  facet normal 0 0 -1
    outer loop
      vertex -75.6402 107.029 33.05
      vertex -77.5 101.55 33.05
      vertex -75.9832 106.55 33.05
    endloop
  endfacet
  facet normal 0 0 -1
    outer loop
      vertex -77.5 34.55 33.05
      vertex -76.5719 30.5694 33.05
      vertex -76.8149 31.1058 33.05
    endloop
  endfacet
  facet normal 0 0 -1
    outer loop
      vertex -75.9832 106.55 33.05
      vertex -77.5 101.55 33.05
      vertex -76.2942 106.05 33.05
    endloop
  endfacet
  facet normal 0 0 -1
    outer loop
      vertex -77.5 34.55 33.05
      vertex -76.8149 31.1058 33.05
      vertex -77.0224 31.657 33.05
    endloop
  endfacet
  facet normal 0 0 -1
    outer loop
      vertex -76.2942 106.05 33.05
      vertex -77.5 101.55 33.05
      vertex -76.5719 105.531 33.05
    endloop
  endfacet
  facet normal 0 0 -1
    outer loop
      vertex -77.5 34.55 33.05
      vertex -77.0224 31.657 33.05
      vertex -77.1933 32.2206 33.05
    endloop
  endfacet
  facet normal 0 0 -1
    outer loop
      vertex -76.5719 105.531 33.05
      vertex -77.5 101.55 33.05
      vertex -76.8149 104.994 33.05
    endloop
  endfacet
  facet normal 0 0 -1
    outer loop
      vertex -77.5 34.55 33.05
      vertex -77.1933 32.2206 33.05
      vertex -77.3271 32.7942 33.05
    endloop
  endfacet
  facet normal 0 0 -1
    outer loop
      vertex -76.8149 104.994 33.05
      vertex -77.5 101.55 33.05
      vertex -77.0224 104.443 33.05
    endloop
  endfacet
  facet normal 0 0 -1
    outer loop
      vertex -77.5 34.55 33.05
      vertex -77.3271 32.7942 33.05
      vertex -77.423 33.3753 33.05
    endloop
  endfacet
  facet normal 0 0 -1
    outer loop
      vertex -77.0224 104.443 33.05
      vertex -77.5 101.55 33.05
      vertex -77.1933 103.879 33.05
    endloop
  endfacet
  facet normal 0 0 -1
    outer loop
      vertex -77.5 34.55 33.05
      vertex -77.423 33.3753 33.05
      vertex -77.4807 33.9614 33.05
    endloop
  endfacet
  facet normal 0 0 -1
    outer loop
      vertex -77.1933 103.879 33.05
      vertex -77.5 101.55 33.05
      vertex -77.3271 103.306 33.05
    endloop
  endfacet
  facet normal 0 0 -1
    outer loop
      vertex -77.3271 103.306 33.05
      vertex -77.5 101.55 33.05
      vertex -77.423 102.725 33.05
    endloop
  endfacet
  facet normal 0 0 -1
    outer loop
      vertex -77.423 102.725 33.05
      vertex -77.5 101.55 33.05
      vertex -77.4807 102.139 33.05
    endloop
  endfacet
  facet normal 0.813045 0.582201 0
    outer loop
      vertex 75.9832 106.55 61.05
      vertex 75.6402 107.029 33.05
      vertex 75.6402 107.029 61.05
    endloop
  endfacet
  facet normal 0.813045 0.582201 0
    outer loop
      vertex 75.6402 107.029 33.05
      vertex 75.9832 106.55 61.05
      vertex 75.9832 106.55 33.05
    endloop
  endfacet
  facet normal 0.772851 0.634587 0
    outer loop
      vertex 75.6402 107.029 61.05
      vertex 75.2666 107.484 33.05
      vertex 75.2666 107.484 61.05
    endloop
  endfacet
  facet normal 0.772851 0.634587 0
    outer loop
      vertex 75.2666 107.484 33.05
      vertex 75.6402 107.029 61.05
      vertex 75.6402 107.029 33.05
    endloop
  endfacet
  facet normal 0.412651 -0.910889 0
    outer loop
      vertex 71.9442 26.2351 33.05
      vertex 72.4806 26.4781 61.05
      vertex 71.9442 26.2351 61.05
    endloop
  endfacet
  facet normal 0.412651 -0.910889 0
    outer loop
      vertex 72.4806 26.4781 61.05
      vertex 71.9442 26.2351 33.05
      vertex 72.4806 26.4781 33.05
    endloop
  endfacet
  facet normal -0.729902 -0.683551 0
    outer loop
      vertex -74.864 28.186 33.05
      vertex -75.2666 28.6159 61.05
      vertex -75.2666 28.6159 33.05
    endloop
  endfacet
  facet normal -0.729902 -0.683551 0
    outer loop
      vertex -75.2666 28.6159 61.05
      vertex -74.864 28.186 33.05
      vertex -74.864 28.186 61.05
    endloop
  endfacet
  facet normal -0.683913 0.729564 0
    outer loop
      vertex -74.4341 108.317 33.05
      vertex -74.864 107.914 61.05
      vertex -74.4341 108.317 61.05
    endloop
  endfacet
  facet normal -0.683913 0.729564 0
    outer loop
      vertex -74.864 107.914 61.05
      vertex -74.4341 108.317 33.05
      vertex -74.864 107.914 33.05
    endloop
  endfacet
  facet normal -0.849141 0.528166 0
    outer loop
      vertex -76.2942 106.05 33.05
      vertex -75.9832 106.55 61.05
      vertex -75.9832 106.55 33.05
    endloop
  endfacet
  facet normal -0.849141 0.528166 0
    outer loop
      vertex -75.9832 106.55 61.05
      vertex -76.2942 106.05 33.05
      vertex -76.2942 106.05 61.05
    endloop
  endfacet
  facet normal -0.911062 0.412268 0
    outer loop
      vertex -76.8149 104.994 33.05
      vertex -76.5719 105.531 61.05
      vertex -76.5719 105.531 33.05
    endloop
  endfacet
  facet normal -0.911062 0.412268 0
    outer loop
      vertex -76.5719 105.531 61.05
      vertex -76.8149 104.994 33.05
      vertex -76.8149 104.994 61.05
    endloop
  endfacet
  facet normal -0.16292 0.986639 0
    outer loop
      vertex 69.7096 28.4691 36.25
      vertex 69.3093 28.403 61.05
      vertex 69.7096 28.4691 61.05
    endloop
  endfacet
  facet normal -0.16292 0.986639 0
    outer loop
      vertex 69.3093 28.403 61.05
      vertex 69.7096 28.4691 36.25
      vertex 69.3093 28.403 36.25
    endloop
  endfacet
  facet normal -0.999463 0.0327814 0
    outer loop
      vertex 74.6867 34.1445 36.25
      vertex 74.7 34.55 61.05
      vertex 74.7 34.55 36.25
    endloop
  endfacet
  facet normal -0.999463 0.0327814 0
    outer loop
      vertex 74.7 34.55 61.05
      vertex 74.6867 34.1445 36.25
      vertex 74.6867 34.1445 61.05
    endloop
  endfacet
  facet normal -1 0 0
    outer loop
      vertex 74.7 34.55 36.25
      vertex 74.7 101.55 61.05
      vertex 74.7 101.55 36.25
    endloop
  endfacet
  facet normal -1 -0 0
    outer loop
      vertex 74.7 101.55 61.05
      vertex 74.7 34.55 36.25
      vertex 74.7 34.55 61.05
    endloop
  endfacet
  facet normal -0.16268 -0.986679 0
    outer loop
      vertex 69.3093 107.697 36.25
      vertex 69.7096 107.631 61.05
      vertex 69.3093 107.697 61.05
    endloop
  endfacet
  facet normal -0.16268 -0.986679 -0
    outer loop
      vertex 69.7096 107.631 61.05
      vertex 69.3093 107.697 36.25
      vertex 69.7096 107.631 36.25
    endloop
  endfacet
  facet normal 0.16268 -0.986679 0
    outer loop
      vertex -69.7096 107.631 36.25
      vertex -69.3093 107.697 61.05
      vertex -69.7096 107.631 61.05
    endloop
  endfacet
  facet normal 0.16268 -0.986679 0
    outer loop
      vertex -69.3093 107.697 61.05
      vertex -69.7096 107.631 36.25
      vertex -69.3093 107.697 36.25
    endloop
  endfacet
  facet normal -0.352231 0.935913 0
    outer loop
      vertex 70.8726 28.8219 36.25
      vertex 70.4929 28.679 61.05
      vertex 70.8726 28.8219 61.05
    endloop
  endfacet
  facet normal -0.352231 0.935913 0
    outer loop
      vertex 70.4929 28.679 61.05
      vertex 70.8726 28.8219 36.25
      vertex 70.4929 28.679 36.25
    endloop
  endfacet
  facet normal 0.16292 0.986639 -0
    outer loop
      vertex -69.3093 28.403 36.25
      vertex -69.7096 28.4691 61.05
      vertex -69.3093 28.403 61.05
    endloop
  endfacet
  facet normal 0.16292 0.986639 0
    outer loop
      vertex -69.7096 28.4691 61.05
      vertex -69.3093 28.403 36.25
      vertex -69.7096 28.4691 36.25
    endloop
  endfacet
  facet normal 0 1 -0
    outer loop
      vertex 68.5 28.35 36.25
      vertex -68.5 28.35 61.05
      vertex 68.5 28.35 61.05
    endloop
  endfacet
  facet normal 0 1 0
    outer loop
      vertex -68.5 28.35 61.05
      vertex 68.5 28.35 36.25
      vertex -68.5 28.35 36.25
    endloop
  endfacet
  facet normal 1 -0 0
    outer loop
      vertex -74.7 34.55 61.05
      vertex -74.7 101.55 36.25
      vertex -74.7 101.55 61.05
    endloop
  endfacet
  facet normal 1 0 0
    outer loop
      vertex -74.7 101.55 36.25
      vertex -74.7 34.55 61.05
      vertex -74.7 34.55 36.25
    endloop
  endfacet
  facet normal -0.956939 -0.290288 0
    outer loop
      vertex 74.4887 103.155 36.25
      vertex 74.371 103.543 61.05
      vertex 74.371 103.543 36.25
    endloop
  endfacet
  facet normal -0.956939 -0.290288 0
    outer loop
      vertex 74.371 103.543 61.05
      vertex 74.4887 103.155 36.25
      vertex 74.4887 103.155 61.05
    endloop
  endfacet
  facet normal -0.683556 0.729898 0
    outer loop
      vertex 72.8841 30.1659 36.25
      vertex 72.588 29.8886 61.05
      vertex 72.8841 30.1659 61.05
    endloop
  endfacet
  facet normal -0.683556 0.729898 0
    outer loop
      vertex 72.588 29.8886 61.05
      vertex 72.8841 30.1659 36.25
      vertex 72.588 29.8886 36.25
    endloop
  endfacet
  facet normal 0.582427 0.812883 -0
    outer loop
      vertex -71.9445 29.3949 36.25
      vertex -72.2743 29.6312 61.05
      vertex -71.9445 29.3949 61.05
    endloop
  endfacet
  facet normal 0.582427 0.812883 0
    outer loop
      vertex -72.2743 29.6312 61.05
      vertex -71.9445 29.3949 36.25
      vertex -72.2743 29.6312 36.25
    endloop
  endfacet
  facet normal -0.812213 -0.583361 0
    outer loop
      vertex 73.6551 104.995 36.25
      vertex 73.4188 105.324 61.05
      vertex 73.4188 105.324 36.25
    endloop
  endfacet
  facet normal -0.812213 -0.583361 0
    outer loop
      vertex 73.4188 105.324 61.05
      vertex 73.6551 104.995 36.25
      vertex 73.6551 104.995 61.05
    endloop
  endfacet
  facet normal -0.352447 -0.935832 0
    outer loop
      vertex 70.4929 107.421 36.25
      vertex 70.8726 107.278 61.05
      vertex 70.4929 107.421 61.05
    endloop
  endfacet
  facet normal -0.352447 -0.935832 -0
    outer loop
      vertex 70.8726 107.278 61.05
      vertex 70.4929 107.421 36.25
      vertex 70.8726 107.278 36.25
    endloop
  endfacet
  facet normal 0 -1 0
    outer loop
      vertex -68.5 107.75 36.25
      vertex 68.5 107.75 61.05
      vertex -68.5 107.75 61.05
    endloop
  endfacet
  facet normal 0 -1 -0
    outer loop
      vertex 68.5 107.75 61.05
      vertex -68.5 107.75 36.25
      vertex 68.5 107.75 36.25
    endloop
  endfacet
  facet normal -0.849461 -0.527651 0
    outer loop
      vertex 73.8694 104.65 36.25
      vertex 73.6551 104.995 61.05
      vertex 73.6551 104.995 36.25
    endloop
  endfacet
  facet normal -0.849461 -0.527651 0
    outer loop
      vertex 73.6551 104.995 61.05
      vertex 73.8694 104.65 36.25
      vertex 73.8694 104.65 61.05
    endloop
  endfacet
  facet normal 0.227253 0.973836 -0
    outer loop
      vertex -69.7096 28.4691 36.25
      vertex -70.1047 28.5613 61.05
      vertex -69.7096 28.4691 61.05
    endloop
  endfacet
  facet normal 0.227253 0.973836 0
    outer loop
      vertex -70.1047 28.5613 61.05
      vertex -69.7096 28.4691 36.25
      vertex -70.1047 28.5613 36.25
    endloop
  endfacet
  facet normal 0.729783 -0.683679 0
    outer loop
      vertex -73.1614 105.638 61.05
      vertex -72.8841 105.934 36.25
      vertex -72.8841 105.934 61.05
    endloop
  endfacet
  facet normal 0.729783 -0.683679 0
    outer loop
      vertex -72.8841 105.934 36.25
      vertex -73.1614 105.638 61.05
      vertex -73.1614 105.638 36.25
    endloop
  endfacet
  facet normal 0.773067 0.634324 0
    outer loop
      vertex -73.1614 30.462 61.05
      vertex -73.4188 30.7757 36.25
      vertex -73.4188 30.7757 61.05
    endloop
  endfacet
  facet normal 0.773067 0.634324 0
    outer loop
      vertex -73.4188 30.7757 36.25
      vertex -73.1614 30.462 61.05
      vertex -73.1614 30.462 36.25
    endloop
  endfacet
  facet normal 0.226785 -0.973945 0
    outer loop
      vertex -70.1047 107.539 36.25
      vertex -69.7096 107.631 61.05
      vertex -70.1047 107.539 61.05
    endloop
  endfacet
  facet normal 0.226785 -0.973945 0
    outer loop
      vertex -69.7096 107.631 61.05
      vertex -70.1047 107.539 36.25
      vertex -69.7096 107.631 36.25
    endloop
  endfacet
  facet normal 0.0327814 0.999463 -0
    outer loop
      vertex -68.5 28.35 36.25
      vertex -68.9055 28.3633 61.05
      vertex -68.5 28.35 61.05
    endloop
  endfacet
  facet normal 0.0327814 0.999463 0
    outer loop
      vertex -68.9055 28.3633 61.05
      vertex -68.5 28.35 36.25
      vertex -68.9055 28.3633 36.25
    endloop
  endfacet
  facet normal -0.0320427 -0.999487 0
    outer loop
      vertex 68.5 107.75 36.25
      vertex 68.9055 107.737 61.05
      vertex 68.5 107.75 61.05
    endloop
  endfacet
  facet normal -0.0320427 -0.999487 -0
    outer loop
      vertex 68.9055 107.737 61.05
      vertex 68.5 107.75 36.25
      vertex 68.9055 107.737 36.25
    endloop
  endfacet
  facet normal -0.290151 0.956981 0
    outer loop
      vertex 70.4929 28.679 36.25
      vertex 70.1047 28.5613 61.05
      vertex 70.4929 28.679 61.05
    endloop
  endfacet
  facet normal -0.290151 0.956981 0
    outer loop
      vertex 70.1047 28.5613 61.05
      vertex 70.4929 28.679 36.25
      vertex 70.1047 28.5613 36.25
    endloop
  endfacet
  facet normal 0.634324 0.773067 -0
    outer loop
      vertex -72.2743 29.6312 36.25
      vertex -72.588 29.8886 61.05
      vertex -72.2743 29.6312 61.05
    endloop
  endfacet
  facet normal 0.634324 0.773067 0
    outer loop
      vertex -72.588 29.8886 61.05
      vertex -72.2743 29.6312 36.25
      vertex -72.588 29.8886 36.25
    endloop
  endfacet
  facet normal 0.986639 0.16292 0
    outer loop
      vertex -74.5809 33.3404 61.05
      vertex -74.647 33.7407 36.25
      vertex -74.647 33.7407 61.05
    endloop
  endfacet
  facet normal 0.986639 0.16292 0
    outer loop
      vertex -74.647 33.7407 36.25
      vertex -74.5809 33.3404 61.05
      vertex -74.5809 33.3404 36.25
    endloop
  endfacet
  facet normal -0.936005 -0.351987 0
    outer loop
      vertex 74.371 103.543 36.25
      vertex 74.2281 103.923 61.05
      vertex 74.2281 103.923 36.25
    endloop
  endfacet
  facet normal -0.936005 -0.351987 0
    outer loop
      vertex 74.2281 103.923 61.05
      vertex 74.371 103.543 36.25
      vertex 74.371 103.543 61.05
    endloop
  endfacet
  facet normal -0.88208 -0.4711 0
    outer loop
      vertex 74.0606 104.292 36.25
      vertex 73.8694 104.65 61.05
      vertex 73.8694 104.65 36.25
    endloop
  endfacet
  facet normal -0.88208 -0.4711 0
    outer loop
      vertex 73.8694 104.65 61.05
      vertex 74.0606 104.292 36.25
      vertex 74.0606 104.292 61.05
    endloop
  endfacet
  facet normal 0.0978443 0.995202 -0
    outer loop
      vertex -68.9055 28.3633 36.25
      vertex -69.3093 28.403 61.05
      vertex -68.9055 28.3633 61.05
    endloop
  endfacet
  facet normal 0.0978443 0.995202 0
    outer loop
      vertex -69.3093 28.403 61.05
      vertex -68.9055 28.3633 36.25
      vertex -69.3093 28.403 36.25
    endloop
  endfacet
  facet normal -0.986639 0.16292 0
    outer loop
      vertex 74.5809 33.3404 36.25
      vertex 74.647 33.7407 61.05
      vertex 74.647 33.7407 36.25
    endloop
  endfacet
  facet normal -0.986639 0.16292 0
    outer loop
      vertex 74.647 33.7407 61.05
      vertex 74.5809 33.3404 36.25
      vertex 74.5809 33.3404 61.05
    endloop
  endfacet
  facet normal 0.999463 0.0327814 0
    outer loop
      vertex -74.6867 34.1445 61.05
      vertex -74.7 34.55 36.25
      vertex -74.7 34.55 61.05
    endloop
  endfacet
  facet normal 0.999463 0.0327814 0
    outer loop
      vertex -74.7 34.55 36.25
      vertex -74.6867 34.1445 61.05
      vertex -74.6867 34.1445 36.25
    endloop
  endfacet
  facet normal -0.773364 -0.633962 0
    outer loop
      vertex 73.4188 105.324 36.25
      vertex 73.1614 105.638 61.05
      vertex 73.1614 105.638 36.25
    endloop
  endfacet
  facet normal -0.773364 -0.633962 0
    outer loop
      vertex 73.1614 105.638 61.05
      vertex 73.4188 105.324 36.25
      vertex 73.4188 105.324 61.05
    endloop
  endfacet
  facet normal 0.0985765 -0.995129 0
    outer loop
      vertex -69.3093 107.697 36.25
      vertex -68.9055 107.737 61.05
      vertex -69.3093 107.697 61.05
    endloop
  endfacet
  facet normal 0.0985765 -0.995129 0
    outer loop
      vertex -68.9055 107.737 61.05
      vertex -69.3093 107.697 36.25
      vertex -68.9055 107.737 36.25
    endloop
  endfacet
  facet normal -0.986685 -0.162643 0
    outer loop
      vertex 74.647 102.359 36.25
      vertex 74.5809 102.76 61.05
      vertex 74.5809 102.76 36.25
    endloop
  endfacet
  facet normal -0.986685 -0.162643 0
    outer loop
      vertex 74.5809 102.76 61.05
      vertex 74.647 102.359 36.25
      vertex 74.647 102.359 61.05
    endloop
  endfacet
  facet normal -0.0327814 0.999463 0
    outer loop
      vertex 68.9055 28.3633 36.25
      vertex 68.5 28.35 61.05
      vertex 68.9055 28.3633 61.05
    endloop
  endfacet
  facet normal -0.0327814 0.999463 0
    outer loop
      vertex 68.5 28.35 61.05
      vertex 68.9055 28.3633 36.25
      vertex 68.5 28.35 36.25
    endloop
  endfacet
  facet normal 0.411758 -0.911293 0
    outer loop
      vertex -71.2422 107.111 36.25
      vertex -70.8726 107.278 61.05
      vertex -71.2422 107.111 61.05
    endloop
  endfacet
  facet normal 0.411758 -0.911293 0
    outer loop
      vertex -70.8726 107.278 61.05
      vertex -71.2422 107.111 36.25
      vertex -70.8726 107.278 36.25
    endloop
  endfacet
  facet normal -0.0978443 0.995202 0
    outer loop
      vertex 69.3093 28.403 36.25
      vertex 68.9055 28.3633 61.05
      vertex 69.3093 28.403 61.05
    endloop
  endfacet
  facet normal -0.0978443 0.995202 0
    outer loop
      vertex 68.9055 28.3633 61.05
      vertex 69.3093 28.403 36.25
      vertex 68.9055 28.3633 36.25
    endloop
  endfacet
  facet normal -0.683161 -0.730267 0
    outer loop
      vertex 72.588 106.211 36.25
      vertex 72.8841 105.934 61.05
      vertex 72.588 106.211 61.05
    endloop
  endfacet
  facet normal -0.683161 -0.730267 -0
    outer loop
      vertex 72.8841 105.934 61.05
      vertex 72.588 106.211 36.25
      vertex 72.8841 105.934 36.25
    endloop
  endfacet
  facet normal 0.973836 0.227253 0
    outer loop
      vertex -74.4887 32.9453 61.05
      vertex -74.5809 33.3404 36.25
      vertex -74.5809 33.3404 61.05
    endloop
  endfacet
  facet normal 0.973836 0.227253 0
    outer loop
      vertex -74.5809 33.3404 36.25
      vertex -74.4887 32.9453 61.05
      vertex -74.4887 32.9453 36.25
    endloop
  endfacet
  facet normal 0.956981 0.290151 0
    outer loop
      vertex -74.371 32.5571 61.05
      vertex -74.4887 32.9453 36.25
      vertex -74.4887 32.9453 61.05
    endloop
  endfacet
  facet normal 0.956981 0.290151 0
    outer loop
      vertex -74.4887 32.9453 36.25
      vertex -74.371 32.5571 61.05
      vertex -74.371 32.5571 36.25
    endloop
  endfacet
  facet normal -0.935913 0.352231 0
    outer loop
      vertex 74.2281 32.1774 36.25
      vertex 74.371 32.5571 61.05
      vertex 74.371 32.5571 36.25
    endloop
  endfacet
  facet normal -0.935913 0.352231 0
    outer loop
      vertex 74.371 32.5571 61.05
      vertex 74.2281 32.1774 36.25
      vertex 74.2281 32.1774 61.05
    endloop
  endfacet
  facet normal -0.729783 -0.683679 0
    outer loop
      vertex 73.1614 105.638 36.25
      vertex 72.8841 105.934 61.05
      vertex 72.8841 105.934 36.25
    endloop
  endfacet
  facet normal -0.729783 -0.683679 0
    outer loop
      vertex 72.8841 105.934 61.05
      vertex 73.1614 105.638 36.25
      vertex 73.1614 105.638 61.05
    endloop
  endfacet
  facet normal 0.0320427 -0.999487 0
    outer loop
      vertex -68.9055 107.737 36.25
      vertex -68.5 107.75 61.05
      vertex -68.9055 107.737 61.05
    endloop
  endfacet
  facet normal 0.0320427 -0.999487 0
    outer loop
      vertex -68.5 107.75 61.05
      vertex -68.9055 107.737 36.25
      vertex -68.5 107.75 36.25
    endloop
  endfacet
  facet normal -0.582427 0.812883 0
    outer loop
      vertex 72.2743 29.6312 36.25
      vertex 71.9445 29.3949 61.05
      vertex 72.2743 29.6312 61.05
    endloop
  endfacet
  facet normal -0.582427 0.812883 0
    outer loop
      vertex 71.9445 29.3949 61.05
      vertex 72.2743 29.6312 36.25
      vertex 71.9445 29.3949 36.25
    endloop
  endfacet
  facet normal 0.910578 -0.413338 0
    outer loop
      vertex -74.2281 103.923 61.05
      vertex -74.0606 104.292 36.25
      vertex -74.0606 104.292 61.05
    endloop
  endfacet
  facet normal 0.910578 -0.413338 0
    outer loop
      vertex -74.0606 104.292 36.25
      vertex -74.2281 103.923 61.05
      vertex -74.2281 103.923 36.25
    endloop
  endfacet
  facet normal 0.471305 0.881971 -0
    outer loop
      vertex -71.2422 28.9894 36.25
      vertex -71.6 29.1806 61.05
      vertex -71.2422 28.9894 61.05
    endloop
  endfacet
  facet normal 0.471305 0.881971 0
    outer loop
      vertex -71.6 29.1806 61.05
      vertex -71.2422 28.9894 36.25
      vertex -71.6 29.1806 36.25
    endloop
  endfacet
  facet normal -0.773067 0.634324 0
    outer loop
      vertex 73.1614 30.462 36.25
      vertex 73.4188 30.7757 61.05
      vertex 73.4188 30.7757 36.25
    endloop
  endfacet
  facet normal -0.773067 0.634324 0
    outer loop
      vertex 73.4188 30.7757 61.05
      vertex 73.1614 30.462 36.25
      vertex 73.1614 30.462 61.05
    endloop
  endfacet
  facet normal 0.881971 0.471305 0
    outer loop
      vertex -73.8694 31.45 61.05
      vertex -74.0606 31.8078 36.25
      vertex -74.0606 31.8078 61.05
    endloop
  endfacet
  facet normal 0.881971 0.471305 0
    outer loop
      vertex -74.0606 31.8078 36.25
      vertex -73.8694 31.45 61.05
      vertex -73.8694 31.45 36.25
    endloop
  endfacet
  facet normal 0.812883 0.582427 0
    outer loop
      vertex -73.4188 30.7757 61.05
      vertex -73.6551 31.1055 36.25
      vertex -73.6551 31.1055 61.05
    endloop
  endfacet
  facet normal 0.812883 0.582427 0
    outer loop
      vertex -73.6551 31.1055 36.25
      vertex -73.4188 30.7757 61.05
      vertex -73.4188 30.7757 36.25
    endloop
  endfacet
  facet normal -0.910578 -0.413338 0
    outer loop
      vertex 74.2281 103.923 36.25
      vertex 74.0606 104.292 61.05
      vertex 74.0606 104.292 36.25
    endloop
  endfacet
  facet normal -0.910578 -0.413338 0
    outer loop
      vertex 74.0606 104.292 61.05
      vertex 74.2281 103.923 36.25
      vertex 74.2281 103.923 61.05
    endloop
  endfacet
  facet normal -0.290828 -0.956775 0
    outer loop
      vertex 70.1047 107.539 36.25
      vertex 70.4929 107.421 61.05
      vertex 70.1047 107.539 61.05
    endloop
  endfacet
  facet normal -0.290828 -0.956775 -0
    outer loop
      vertex 70.4929 107.421 61.05
      vertex 70.1047 107.539 36.25
      vertex 70.4929 107.421 36.25
    endloop
  endfacet
  facet normal 0.935913 0.352231 0
    outer loop
      vertex -74.2281 32.1774 61.05
      vertex -74.371 32.5571 36.25
      vertex -74.371 32.5571 61.05
    endloop
  endfacet
  facet normal 0.935913 0.352231 0
    outer loop
      vertex -74.371 32.5571 36.25
      vertex -74.2281 32.1774 61.05
      vertex -74.2281 32.1774 36.25
    endloop
  endfacet
  facet normal -0.472836 -0.88115 0
    outer loop
      vertex 71.2422 107.111 36.25
      vertex 71.6 106.919 61.05
      vertex 71.2422 107.111 61.05
    endloop
  endfacet
  facet normal -0.472836 -0.88115 -0
    outer loop
      vertex 71.6 106.919 61.05
      vertex 71.2422 107.111 36.25
      vertex 71.6 106.919 36.25
    endloop
  endfacet
  facet normal -0.227253 0.973836 0
    outer loop
      vertex 70.1047 28.5613 36.25
      vertex 69.7096 28.4691 61.05
      vertex 70.1047 28.5613 61.05
    endloop
  endfacet
  facet normal -0.227253 0.973836 0
    outer loop
      vertex 69.7096 28.4691 61.05
      vertex 70.1047 28.5613 36.25
      vertex 69.7096 28.4691 36.25
    endloop
  endfacet
  facet normal -0.528203 0.849118 0
    outer loop
      vertex 71.9445 29.3949 36.25
      vertex 71.6 29.1806 61.05
      vertex 71.9445 29.3949 61.05
    endloop
  endfacet
  facet normal -0.528203 0.849118 0
    outer loop
      vertex 71.6 29.1806 61.05
      vertex 71.9445 29.3949 36.25
      vertex 71.6 29.1806 36.25
    endloop
  endfacet
  facet normal 0.936005 -0.351987 0
    outer loop
      vertex -74.371 103.543 61.05
      vertex -74.2281 103.923 36.25
      vertex -74.2281 103.923 61.05
    endloop
  endfacet
  facet normal 0.936005 -0.351987 0
    outer loop
      vertex -74.2281 103.923 36.25
      vertex -74.371 103.543 61.05
      vertex -74.371 103.543 36.25
    endloop
  endfacet
  facet normal -0.411758 -0.911293 0
    outer loop
      vertex 70.8726 107.278 36.25
      vertex 71.2422 107.111 61.05
      vertex 70.8726 107.278 61.05
    endloop
  endfacet
  facet normal -0.411758 -0.911293 -0
    outer loop
      vertex 71.2422 107.111 61.05
      vertex 70.8726 107.278 36.25
      vertex 71.2422 107.111 36.25
    endloop
  endfacet
  facet normal -0.999464 -0.0327411 0
    outer loop
      vertex 74.7 101.55 36.25
      vertex 74.6867 101.956 61.05
      vertex 74.6867 101.956 36.25
    endloop
  endfacet
  facet normal -0.999464 -0.0327411 0
    outer loop
      vertex 74.6867 101.956 61.05
      vertex 74.7 101.55 36.25
      vertex 74.7 101.55 61.05
    endloop
  endfacet
  facet normal 0.352231 0.935913 -0
    outer loop
      vertex -70.4929 28.679 36.25
      vertex -70.8726 28.8219 61.05
      vertex -70.4929 28.679 61.05
    endloop
  endfacet
  facet normal 0.352231 0.935913 0
    outer loop
      vertex -70.8726 28.8219 61.05
      vertex -70.4929 28.679 36.25
      vertex -70.8726 28.8219 36.25
    endloop
  endfacet
  facet normal 0.812213 -0.583361 0
    outer loop
      vertex -73.6551 104.995 61.05
      vertex -73.4188 105.324 36.25
      vertex -73.4188 105.324 61.05
    endloop
  endfacet
  facet normal 0.812213 -0.583361 0
    outer loop
      vertex -73.4188 105.324 36.25
      vertex -73.6551 104.995 61.05
      vertex -73.6551 104.995 36.25
    endloop
  endfacet
  facet normal -0.812883 0.582427 0
    outer loop
      vertex 73.4188 30.7757 36.25
      vertex 73.6551 31.1055 61.05
      vertex 73.6551 31.1055 36.25
    endloop
  endfacet
  facet normal -0.812883 0.582427 0
    outer loop
      vertex 73.6551 31.1055 61.05
      vertex 73.4188 30.7757 36.25
      vertex 73.4188 30.7757 61.05
    endloop
  endfacet
  facet normal -0.581938 -0.813233 0
    outer loop
      vertex 71.9445 106.705 36.25
      vertex 72.2743 106.469 61.05
      vertex 71.9445 106.705 61.05
    endloop
  endfacet
  facet normal -0.581938 -0.813233 -0
    outer loop
      vertex 72.2743 106.469 61.05
      vertex 71.9445 106.705 36.25
      vertex 72.2743 106.469 36.25
    endloop
  endfacet
  facet normal 0.290151 0.956981 -0
    outer loop
      vertex -70.1047 28.5613 36.25
      vertex -70.4929 28.679 61.05
      vertex -70.1047 28.5613 61.05
    endloop
  endfacet
  facet normal 0.290151 0.956981 0
    outer loop
      vertex -70.4929 28.679 61.05
      vertex -70.1047 28.5613 36.25
      vertex -70.4929 28.679 36.25
    endloop
  endfacet
  facet normal -0.973823 -0.227308 0
    outer loop
      vertex 74.5809 102.76 36.25
      vertex 74.4887 103.155 61.05
      vertex 74.4887 103.155 36.25
    endloop
  endfacet
  facet normal -0.973823 -0.227308 0
    outer loop
      vertex 74.4887 103.155 61.05
      vertex 74.5809 102.76 36.25
      vertex 74.5809 102.76 61.05
    endloop
  endfacet
  facet normal -0.881971 0.471305 0
    outer loop
      vertex 73.8694 31.45 36.25
      vertex 74.0606 31.8078 61.05
      vertex 74.0606 31.8078 36.25
    endloop
  endfacet
  facet normal -0.881971 0.471305 0
    outer loop
      vertex 74.0606 31.8078 61.05
      vertex 73.8694 31.45 36.25
      vertex 73.8694 31.45 61.05
    endloop
  endfacet
  facet normal 0.412781 0.91083 -0
    outer loop
      vertex -70.8726 28.8219 36.25
      vertex -71.2422 28.9894 61.05
      vertex -70.8726 28.8219 61.05
    endloop
  endfacet
  facet normal 0.412781 0.91083 0
    outer loop
      vertex -71.2422 28.9894 61.05
      vertex -70.8726 28.8219 36.25
      vertex -71.2422 28.9894 36.25
    endloop
  endfacet
  facet normal -0.635207 -0.772342 0
    outer loop
      vertex 72.2743 106.469 36.25
      vertex 72.588 106.211 61.05
      vertex 72.2743 106.469 61.05
    endloop
  endfacet
  facet normal -0.635207 -0.772342 -0
    outer loop
      vertex 72.588 106.211 61.05
      vertex 72.2743 106.469 36.25
      vertex 72.588 106.211 36.25
    endloop
  endfacet
  facet normal -0.973836 0.227253 0
    outer loop
      vertex 74.4887 32.9453 36.25
      vertex 74.5809 33.3404 61.05
      vertex 74.5809 33.3404 36.25
    endloop
  endfacet
  facet normal -0.973836 0.227253 0
    outer loop
      vertex 74.5809 33.3404 61.05
      vertex 74.4887 32.9453 36.25
      vertex 74.4887 32.9453 61.05
    endloop
  endfacet
  facet normal -0.226785 -0.973945 0
    outer loop
      vertex 69.7096 107.631 36.25
      vertex 70.1047 107.539 61.05
      vertex 69.7096 107.631 61.05
    endloop
  endfacet
  facet normal -0.226785 -0.973945 -0
    outer loop
      vertex 70.1047 107.539 61.05
      vertex 69.7096 107.631 36.25
      vertex 70.1047 107.539 36.25
    endloop
  endfacet
  facet normal -0.91083 0.412781 0
    outer loop
      vertex 74.0606 31.8078 36.25
      vertex 74.2281 32.1774 61.05
      vertex 74.2281 32.1774 36.25
    endloop
  endfacet
  facet normal -0.91083 0.412781 0
    outer loop
      vertex 74.2281 32.1774 61.05
      vertex 74.0606 31.8078 36.25
      vertex 74.0606 31.8078 61.05
    endloop
  endfacet
  facet normal 0.849461 -0.527651 0
    outer loop
      vertex -73.8694 104.65 61.05
      vertex -73.6551 104.995 36.25
      vertex -73.6551 104.995 61.05
    endloop
  endfacet
  facet normal 0.849461 -0.527651 0
    outer loop
      vertex -73.6551 104.995 36.25
      vertex -73.8694 104.65 61.05
      vertex -73.8694 104.65 36.25
    endloop
  endfacet
  facet normal -0.0985765 -0.995129 0
    outer loop
      vertex 68.9055 107.737 36.25
      vertex 69.3093 107.697 61.05
      vertex 68.9055 107.737 61.05
    endloop
  endfacet
  facet normal -0.0985765 -0.995129 -0
    outer loop
      vertex 69.3093 107.697 61.05
      vertex 68.9055 107.737 36.25
      vertex 69.3093 107.697 36.25
    endloop
  endfacet
  facet normal 0.683161 -0.730267 0
    outer loop
      vertex -72.8841 105.934 36.25
      vertex -72.588 106.211 61.05
      vertex -72.8841 105.934 61.05
    endloop
  endfacet
  facet normal 0.683161 -0.730267 0
    outer loop
      vertex -72.588 106.211 61.05
      vertex -72.8841 105.934 36.25
      vertex -72.588 106.211 36.25
    endloop
  endfacet
  facet normal 0.683556 0.729898 -0
    outer loop
      vertex -72.588 29.8886 36.25
      vertex -72.8841 30.1659 61.05
      vertex -72.588 29.8886 61.05
    endloop
  endfacet
  facet normal 0.683556 0.729898 0
    outer loop
      vertex -72.8841 30.1659 61.05
      vertex -72.588 29.8886 36.25
      vertex -72.8841 30.1659 36.25
    endloop
  endfacet
  facet normal 0.88208 -0.4711 0
    outer loop
      vertex -74.0606 104.292 61.05
      vertex -73.8694 104.65 36.25
      vertex -73.8694 104.65 61.05
    endloop
  endfacet
  facet normal 0.88208 -0.4711 0
    outer loop
      vertex -73.8694 104.65 36.25
      vertex -74.0606 104.292 61.05
      vertex -74.0606 104.292 36.25
    endloop
  endfacet
  facet normal -0.995202 0.0978443 0
    outer loop
      vertex 74.647 33.7407 36.25
      vertex 74.6867 34.1445 61.05
      vertex 74.6867 34.1445 36.25
    endloop
  endfacet
  facet normal -0.995202 0.0978443 0
    outer loop
      vertex 74.6867 34.1445 61.05
      vertex 74.647 33.7407 36.25
      vertex 74.647 33.7407 61.05
    endloop
  endfacet
  facet normal 0.973823 -0.227308 0
    outer loop
      vertex -74.5809 102.76 61.05
      vertex -74.4887 103.155 36.25
      vertex -74.4887 103.155 61.05
    endloop
  endfacet
  facet normal 0.973823 -0.227308 0
    outer loop
      vertex -74.4887 103.155 36.25
      vertex -74.5809 102.76 61.05
      vertex -74.5809 102.76 36.25
    endloop
  endfacet
  facet normal 0.352447 -0.935832 0
    outer loop
      vertex -70.8726 107.278 36.25
      vertex -70.4929 107.421 61.05
      vertex -70.8726 107.278 61.05
    endloop
  endfacet
  facet normal 0.352447 -0.935832 0
    outer loop
      vertex -70.4929 107.421 61.05
      vertex -70.8726 107.278 36.25
      vertex -70.4929 107.421 36.25
    endloop
  endfacet
  facet normal -0.729898 0.683556 0
    outer loop
      vertex 72.8841 30.1659 36.25
      vertex 73.1614 30.462 61.05
      vertex 73.1614 30.462 36.25
    endloop
  endfacet
  facet normal -0.729898 0.683556 0
    outer loop
      vertex 73.1614 30.462 61.05
      vertex 72.8841 30.1659 36.25
      vertex 72.8841 30.1659 61.05
    endloop
  endfacet
  facet normal 0.472836 -0.88115 0
    outer loop
      vertex -71.6 106.919 36.25
      vertex -71.2422 107.111 61.05
      vertex -71.6 106.919 61.05
    endloop
  endfacet
  facet normal 0.472836 -0.88115 0
    outer loop
      vertex -71.2422 107.111 61.05
      vertex -71.6 106.919 36.25
      vertex -71.2422 107.111 36.25
    endloop
  endfacet
  facet normal 0.995202 0.0978443 0
    outer loop
      vertex -74.647 33.7407 61.05
      vertex -74.6867 34.1445 36.25
      vertex -74.6867 34.1445 61.05
    endloop
  endfacet
  facet normal 0.995202 0.0978443 0
    outer loop
      vertex -74.6867 34.1445 36.25
      vertex -74.647 33.7407 61.05
      vertex -74.647 33.7407 36.25
    endloop
  endfacet
  facet normal 0.528203 0.849118 -0
    outer loop
      vertex -71.6 29.1806 36.25
      vertex -71.9445 29.3949 61.05
      vertex -71.6 29.1806 61.05
    endloop
  endfacet
  facet normal 0.528203 0.849118 0
    outer loop
      vertex -71.9445 29.3949 61.05
      vertex -71.6 29.1806 36.25
      vertex -71.9445 29.3949 36.25
    endloop
  endfacet
  facet normal -0.956981 0.290151 0
    outer loop
      vertex 74.371 32.5571 36.25
      vertex 74.4887 32.9453 61.05
      vertex 74.4887 32.9453 36.25
    endloop
  endfacet
  facet normal -0.956981 0.290151 0
    outer loop
      vertex 74.4887 32.9453 61.05
      vertex 74.371 32.5571 36.25
      vertex 74.371 32.5571 61.05
    endloop
  endfacet
  facet normal 0.986685 -0.162643 0
    outer loop
      vertex -74.647 102.359 61.05
      vertex -74.5809 102.76 36.25
      vertex -74.5809 102.76 61.05
    endloop
  endfacet
  facet normal 0.986685 -0.162643 0
    outer loop
      vertex -74.5809 102.76 36.25
      vertex -74.647 102.359 61.05
      vertex -74.647 102.359 36.25
    endloop
  endfacet
  facet normal -0.634324 0.773067 0
    outer loop
      vertex 72.588 29.8886 36.25
      vertex 72.2743 29.6312 61.05
      vertex 72.588 29.8886 61.05
    endloop
  endfacet
  facet normal -0.634324 0.773067 0
    outer loop
      vertex 72.2743 29.6312 61.05
      vertex 72.588 29.8886 36.25
      vertex 72.2743 29.6312 36.25
    endloop
  endfacet
  facet normal 0.849118 0.528203 0
    outer loop
      vertex -73.6551 31.1055 61.05
      vertex -73.8694 31.45 36.25
      vertex -73.8694 31.45 61.05
    endloop
  endfacet
  facet normal 0.849118 0.528203 0
    outer loop
      vertex -73.8694 31.45 36.25
      vertex -73.6551 31.1055 61.05
      vertex -73.6551 31.1055 36.25
    endloop
  endfacet
  facet normal 0.995183 -0.0980366 0
    outer loop
      vertex -74.6867 101.956 61.05
      vertex -74.647 102.359 36.25
      vertex -74.647 102.359 61.05
    endloop
  endfacet
  facet normal 0.995183 -0.0980366 0
    outer loop
      vertex -74.647 102.359 36.25
      vertex -74.6867 101.956 61.05
      vertex -74.6867 101.956 36.25
    endloop
  endfacet
  facet normal -0.995183 -0.0980366 0
    outer loop
      vertex 74.6867 101.956 36.25
      vertex 74.647 102.359 61.05
      vertex 74.647 102.359 36.25
    endloop
  endfacet
  facet normal -0.995183 -0.0980366 0
    outer loop
      vertex 74.647 102.359 61.05
      vertex 74.6867 101.956 36.25
      vertex 74.6867 101.956 61.05
    endloop
  endfacet
  facet normal 0.999464 -0.0327411 0
    outer loop
      vertex -74.7 101.55 61.05
      vertex -74.6867 101.956 36.25
      vertex -74.6867 101.956 61.05
    endloop
  endfacet
  facet normal 0.999464 -0.0327411 0
    outer loop
      vertex -74.6867 101.956 36.25
      vertex -74.7 101.55 61.05
      vertex -74.7 101.55 36.25
    endloop
  endfacet
  facet normal -0.52767 -0.84945 0
    outer loop
      vertex 71.6 106.919 36.25
      vertex 71.9445 106.705 61.05
      vertex 71.6 106.919 61.05
    endloop
  endfacet
  facet normal -0.52767 -0.84945 -0
    outer loop
      vertex 71.9445 106.705 61.05
      vertex 71.6 106.919 36.25
      vertex 71.9445 106.705 36.25
    endloop
  endfacet
  facet normal 0.729898 0.683556 0
    outer loop
      vertex -72.8841 30.1659 61.05
      vertex -73.1614 30.462 36.25
      vertex -73.1614 30.462 61.05
    endloop
  endfacet
  facet normal 0.729898 0.683556 0
    outer loop
      vertex -73.1614 30.462 36.25
      vertex -72.8841 30.1659 61.05
      vertex -72.8841 30.1659 36.25
    endloop
  endfacet
  facet normal 0.956939 -0.290288 0
    outer loop
      vertex -74.4887 103.155 61.05
      vertex -74.371 103.543 36.25
      vertex -74.371 103.543 61.05
    endloop
  endfacet
  facet normal 0.956939 -0.290288 0
    outer loop
      vertex -74.371 103.543 36.25
      vertex -74.4887 103.155 61.05
      vertex -74.4887 103.155 36.25
    endloop
  endfacet
  facet normal 0.635207 -0.772342 0
    outer loop
      vertex -72.588 106.211 36.25
      vertex -72.2743 106.469 61.05
      vertex -72.588 106.211 61.05
    endloop
  endfacet
  facet normal 0.635207 -0.772342 0
    outer loop
      vertex -72.2743 106.469 61.05
      vertex -72.588 106.211 36.25
      vertex -72.2743 106.469 36.25
    endloop
  endfacet
  facet normal 0.52767 -0.84945 0
    outer loop
      vertex -71.9445 106.705 36.25
      vertex -71.6 106.919 61.05
      vertex -71.9445 106.705 61.05
    endloop
  endfacet
  facet normal 0.52767 -0.84945 0
    outer loop
      vertex -71.6 106.919 61.05
      vertex -71.9445 106.705 36.25
      vertex -71.6 106.919 36.25
    endloop
  endfacet
  facet normal 0.290828 -0.956775 0
    outer loop
      vertex -70.4929 107.421 36.25
      vertex -70.1047 107.539 61.05
      vertex -70.4929 107.421 61.05
    endloop
  endfacet
  facet normal 0.290828 -0.956775 0
    outer loop
      vertex -70.1047 107.539 61.05
      vertex -70.4929 107.421 36.25
      vertex -70.1047 107.539 36.25
    endloop
  endfacet
  facet normal -0.849118 0.528203 0
    outer loop
      vertex 73.6551 31.1055 36.25
      vertex 73.8694 31.45 61.05
      vertex 73.8694 31.45 36.25
    endloop
  endfacet
  facet normal -0.849118 0.528203 0
    outer loop
      vertex 73.8694 31.45 61.05
      vertex 73.6551 31.1055 36.25
      vertex 73.6551 31.1055 61.05
    endloop
  endfacet
  facet normal 0.581938 -0.813233 0
    outer loop
      vertex -72.2743 106.469 36.25
      vertex -71.9445 106.705 61.05
      vertex -72.2743 106.469 61.05
    endloop
  endfacet
  facet normal 0.581938 -0.813233 0
    outer loop
      vertex -71.9445 106.705 61.05
      vertex -72.2743 106.469 36.25
      vertex -71.9445 106.705 36.25
    endloop
  endfacet
  facet normal 0.773364 -0.633962 0
    outer loop
      vertex -73.4188 105.324 61.05
      vertex -73.1614 105.638 36.25
      vertex -73.1614 105.638 61.05
    endloop
  endfacet
  facet normal 0.773364 -0.633962 0
    outer loop
      vertex -73.1614 105.638 36.25
      vertex -73.4188 105.324 61.05
      vertex -73.4188 105.324 36.25
    endloop
  endfacet
  facet normal -0.412781 0.91083 0
    outer loop
      vertex 71.2422 28.9894 36.25
      vertex 70.8726 28.8219 61.05
      vertex 71.2422 28.9894 61.05
    endloop
  endfacet
  facet normal -0.412781 0.91083 0
    outer loop
      vertex 70.8726 28.8219 61.05
      vertex 71.2422 28.9894 36.25
      vertex 70.8726 28.8219 36.25
    endloop
  endfacet
  facet normal -0.471305 0.881971 0
    outer loop
      vertex 71.6 29.1806 36.25
      vertex 71.2422 28.9894 61.05
      vertex 71.6 29.1806 61.05
    endloop
  endfacet
  facet normal -0.471305 0.881971 0
    outer loop
      vertex 71.2422 28.9894 61.05
      vertex 71.6 29.1806 36.25
      vertex 71.2422 28.9894 36.25
    endloop
  endfacet
  facet normal 0.91083 0.412781 0
    outer loop
      vertex -74.0606 31.8078 61.05
      vertex -74.2281 32.1774 36.25
      vertex -74.2281 32.1774 61.05
    endloop
  endfacet
  facet normal 0.91083 0.412781 0
    outer loop
      vertex -74.2281 32.1774 36.25
      vertex -74.0606 31.8078 61.05
      vertex -74.0606 31.8078 36.25
    endloop
  endfacet
endsolid OpenSCAD_Model
