solid OpenSCAD_Model
  facet normal 0 0.0980169 -0.995185
    outer loop
      vertex -16 1.76915 -26.9921
      vertex 16 3.53073 -26.8186
      vertex 16 1.76915 -26.9921
    endloop
  endfacet
  facet normal 0 0.0980169 -0.995185
    outer loop
      vertex 16 3.53073 -26.8186
      vertex -16 1.76915 -26.9921
      vertex -16 3.53073 -26.8186
    endloop
  endfacet
  facet normal 0 0.0327101 -0.999465
    outer loop
      vertex -16 0 -27.05
      vertex 16 1.76915 -26.9921
      vertex 16 0 -27.05
    endloop
  endfacet
  facet normal 0 0.0327101 -0.999465
    outer loop
      vertex 16 1.76915 -26.9921
      vertex -16 0 -27.05
      vertex -16 1.76915 -26.9921
    endloop
  endfacet
  facet normal 0 -0.849215 -0.528048
    outer loop
      vertex -16 -22.4913 -15.0282
      vertex 16 -23.426 -13.525
      vertex -16 -23.426 -13.525
    endloop
  endfacet
  facet normal 0 -0.849215 -0.528048
    outer loop
      vertex 16 -23.426 -13.525
      vertex -16 -22.4913 -15.0282
      vertex 16 -22.4913 -15.0282
    endloop
  endfacet
  facet normal 0 0.582504 -0.812828
    outer loop
      vertex -16 15.0282 -22.4913
      vertex 16 16.467 -21.4602
      vertex 16 15.0282 -22.4913
    endloop
  endfacet
  facet normal 0 0.582504 -0.812828
    outer loop
      vertex 16 16.467 -21.4602
      vertex -16 15.0282 -22.4913
      vertex -16 16.467 -21.4602
    endloop
  endfacet
  facet normal 0 0.956946 -0.290266
    outer loop
      vertex 16 25.6145 -8.69494
      vertex -16 26.1283 -7.00105
      vertex 16 26.1283 -7.00105
    endloop
  endfacet
  facet normal 0 0.956946 -0.290266
    outer loop
      vertex -16 26.1283 -7.00105
      vertex 16 25.6145 -8.69494
      vertex -16 25.6145 -8.69494
    endloop
  endfacet
  facet normal 0 0.935892 -0.352288
    outer loop
      vertex 16 24.9909 -10.3516
      vertex -16 25.6145 -8.69494
      vertex 16 25.6145 -8.69494
    endloop
  endfacet
  facet normal 0 0.935892 -0.352288
    outer loop
      vertex -16 25.6145 -8.69494
      vertex 16 24.9909 -10.3516
      vertex -16 24.9909 -10.3516
    endloop
  endfacet
  facet normal 0 0.634382 -0.77302
    outer loop
      vertex -16 16.467 -21.4602
      vertex 16 17.8353 -20.3373
      vertex 16 16.467 -21.4602
    endloop
  endfacet
  facet normal 0 0.634382 -0.77302
    outer loop
      vertex 16 17.8353 -20.3373
      vertex -16 16.467 -21.4602
      vertex -16 17.8353 -20.3373
    endloop
  endfacet
  facet normal 0 -0.582504 -0.812828
    outer loop
      vertex -16 -16.467 -21.4602
      vertex 16 -15.0282 -22.4913
      vertex 16 -16.467 -21.4602
    endloop
  endfacet
  facet normal -0 -0.582504 -0.812828
    outer loop
      vertex 16 -15.0282 -22.4913
      vertex -16 -16.467 -21.4602
      vertex -16 -15.0282 -22.4913
    endloop
  endfacet
  facet normal 0 0.528048 -0.849215
    outer loop
      vertex -16 13.525 -23.426
      vertex 16 15.0282 -22.4913
      vertex 16 13.525 -23.426
    endloop
  endfacet
  facet normal 0 0.528048 -0.849215
    outer loop
      vertex 16 15.0282 -22.4913
      vertex -16 13.525 -23.426
      vertex -16 15.0282 -22.4913
    endloop
  endfacet
  facet normal 0 -0.729835 -0.683623
    outer loop
      vertex -16 -19.1272 -19.1272
      vertex 16 -20.3373 -17.8353
      vertex -16 -20.3373 -17.8353
    endloop
  endfacet
  facet normal 0 -0.729835 -0.683623
    outer loop
      vertex 16 -20.3373 -17.8353
      vertex -16 -19.1272 -19.1272
      vertex 16 -19.1272 -19.1272
    endloop
  endfacet
  facet normal 0 -0.471386 -0.881927
    outer loop
      vertex -16 -13.525 -23.426
      vertex 16 -11.9639 -24.2604
      vertex 16 -13.525 -23.426
    endloop
  endfacet
  facet normal -0 -0.471386 -0.881927
    outer loop
      vertex 16 -11.9639 -24.2604
      vertex -16 -13.525 -23.426
      vertex -16 -11.9639 -24.2604
    endloop
  endfacet
  facet normal 0 -0.9359 -0.352267
    outer loop
      vertex -16 -25.6145 -8.69494
      vertex -12 -25.05 -10.1947
      vertex -12 -25.6145 -8.69494
    endloop
  endfacet
  facet normal 0 -0.935813 -0.352496
    outer loop
      vertex -12 -25.05 -10.1947
      vertex -16 -24.9909 -10.3516
      vertex 12 -25.05 -10.1947
    endloop
  endfacet
  facet normal -9.28824e-06 -0.935892 -0.352288
    outer loop
      vertex -16 -24.9909 -10.3516
      vertex -12 -25.05 -10.1947
      vertex -16 -25.6145 -8.69494
    endloop
  endfacet
  facet normal 0 -0.9359 -0.352267
    outer loop
      vertex 12 -25.05 -10.1947
      vertex 16 -25.6145 -8.69494
      vertex 12 -25.6145 -8.69494
    endloop
  endfacet
  facet normal 9.28824e-06 -0.935892 -0.352288
    outer loop
      vertex 12 -25.05 -10.1947
      vertex 16 -24.9909 -10.3516
      vertex 16 -25.6145 -8.69494
    endloop
  endfacet
  facet normal -0 -0.935813 -0.352496
    outer loop
      vertex 16 -24.9909 -10.3516
      vertex 12 -25.05 -10.1947
      vertex -16 -24.9909 -10.3516
    endloop
  endfacet
  facet normal 0 -0.995185 -0.0980169
    outer loop
      vertex 12 -26.8186 -3.53073
      vertex 16 -26.9921 -1.76915
      vertex 12 -26.9921 -1.76915
    endloop
  endfacet
  facet normal 0 -0.995185 -0.0980169
    outer loop
      vertex 16 -26.9921 -1.76915
      vertex 12 -26.8186 -3.53073
      vertex 16 -26.8186 -3.53073
    endloop
  endfacet
  facet normal 0 -0.995185 -0.0980169
    outer loop
      vertex -16 -26.8186 -3.53073
      vertex -12 -26.9921 -1.76915
      vertex -16 -26.9921 -1.76915
    endloop
  endfacet
  facet normal 0 -0.995185 -0.0980169
    outer loop
      vertex -12 -26.9921 -1.76915
      vertex -16 -26.8186 -3.53073
      vertex -12 -26.8186 -3.53073
    endloop
  endfacet
  facet normal 0 -0.999465 -0.0326916
    outer loop
      vertex 12 -26.9921 -1.76915
      vertex 16 -27.0238 -0.799999
      vertex 12 -27.0238 -0.799999
    endloop
  endfacet
  facet normal 0 -0.999465 -0.0326916
    outer loop
      vertex 16 -27.0238 -0.799999
      vertex 12 -26.9921 -1.76915
      vertex 16 -26.9921 -1.76915
    endloop
  endfacet
  facet normal 0 -0.999465 -0.0326916
    outer loop
      vertex -16 -26.9921 -1.76915
      vertex -12 -27.0238 -0.799999
      vertex -16 -27.0238 -0.799999
    endloop
  endfacet
  facet normal 0 -0.999465 -0.0326916
    outer loop
      vertex -12 -27.0238 -0.799999
      vertex -16 -26.9921 -1.76915
      vertex -12 -26.9921 -1.76915
    endloop
  endfacet
  facet normal 0 -0.0327101 -0.999465
    outer loop
      vertex -16 -1.76915 -26.9921
      vertex 16 0 -27.05
      vertex 16 -1.76915 -26.9921
    endloop
  endfacet
  facet normal -0 -0.0327101 -0.999465
    outer loop
      vertex 16 0 -27.05
      vertex -16 -1.76915 -26.9921
      vertex -16 0 -27.05
    endloop
  endfacet
  facet normal 0 0.290266 -0.956946
    outer loop
      vertex -16 7.00105 -26.1283
      vertex 16 8.69494 -25.6145
      vertex 16 7.00105 -26.1283
    endloop
  endfacet
  facet normal 0 0.290266 -0.956946
    outer loop
      vertex 16 8.69494 -25.6145
      vertex -16 7.00105 -26.1283
      vertex -16 8.69494 -25.6145
    endloop
  endfacet
  facet normal 0 0.412696 -0.910869
    outer loop
      vertex -16 10.3516 -24.9909
      vertex 16 11.9639 -24.2604
      vertex 16 10.3516 -24.9909
    endloop
  endfacet
  facet normal 0 0.412696 -0.910869
    outer loop
      vertex 16 11.9639 -24.2604
      vertex -16 10.3516 -24.9909
      vertex -16 11.9639 -24.2604
    endloop
  endfacet
  facet normal 0 0.881927 -0.471386
    outer loop
      vertex 16 23.426 -13.525
      vertex -16 24.2604 -11.9639
      vertex 16 24.2604 -11.9639
    endloop
  endfacet
  facet normal 0 0.881927 -0.471386
    outer loop
      vertex -16 24.2604 -11.9639
      vertex 16 23.426 -13.525
      vertex -16 23.426 -13.525
    endloop
  endfacet
  facet normal 0 0.849215 -0.528048
    outer loop
      vertex 16 22.4913 -15.0282
      vertex -16 23.426 -13.525
      vertex 16 23.426 -13.525
    endloop
  endfacet
  facet normal 0 0.849215 -0.528048
    outer loop
      vertex -16 23.426 -13.525
      vertex 16 22.4913 -15.0282
      vertex -16 22.4913 -15.0282
    endloop
  endfacet
  facet normal 0 -0.227051 -0.973883
    outer loop
      vertex -16 -7.00105 -26.1283
      vertex 16 -5.27719 -26.5302
      vertex 16 -7.00105 -26.1283
    endloop
  endfacet
  facet normal -0 -0.227051 -0.973883
    outer loop
      vertex 16 -5.27719 -26.5302
      vertex -16 -7.00105 -26.1283
      vertex -16 -5.27719 -26.5302
    endloop
  endfacet
  facet normal 0 0.471386 -0.881927
    outer loop
      vertex -16 11.9639 -24.2604
      vertex 16 13.525 -23.426
      vertex 16 11.9639 -24.2604
    endloop
  endfacet
  facet normal 0 0.471386 -0.881927
    outer loop
      vertex 16 13.525 -23.426
      vertex -16 11.9639 -24.2604
      vertex -16 13.525 -23.426
    endloop
  endfacet
  facet normal 0 0.227051 -0.973883
    outer loop
      vertex -16 5.27719 -26.5302
      vertex 16 7.00105 -26.1283
      vertex 16 5.27719 -26.5302
    endloop
  endfacet
  facet normal 0 0.227051 -0.973883
    outer loop
      vertex 16 7.00105 -26.1283
      vertex -16 5.27719 -26.5302
      vertex -16 7.00105 -26.1283
    endloop
  endfacet
  facet normal 0 0.995185 -0.0980169
    outer loop
      vertex 6.7 26.8186 -3.53073
      vertex -6.7 26.9921 -1.76915
      vertex 6.7 26.9921 -1.76915
    endloop
  endfacet
  facet normal 0 0.995185 -0.0980169
    outer loop
      vertex -6.7 26.9921 -1.76915
      vertex 6.7 26.8186 -3.53073
      vertex -6.7 26.8186 -3.53073
    endloop
  endfacet
  facet normal 0 -0.973883 -0.227051
    outer loop
      vertex 12 -26.1283 -7.00105
      vertex 16 -26.5302 -5.27719
      vertex 12 -26.5302 -5.27719
    endloop
  endfacet
  facet normal 0 -0.973883 -0.227051
    outer loop
      vertex 16 -26.5302 -5.27719
      vertex 12 -26.1283 -7.00105
      vertex 16 -26.1283 -7.00105
    endloop
  endfacet
  facet normal 0 -0.973883 -0.227051
    outer loop
      vertex -16 -26.1283 -7.00105
      vertex -12 -26.5302 -5.27719
      vertex -16 -26.5302 -5.27719
    endloop
  endfacet
  facet normal 0 -0.973883 -0.227051
    outer loop
      vertex -12 -26.5302 -5.27719
      vertex -16 -26.1283 -7.00105
      vertex -12 -26.1283 -7.00105
    endloop
  endfacet
  facet normal 0 0.352288 -0.935892
    outer loop
      vertex -16 8.69494 -25.6145
      vertex 16 10.3516 -24.9909
      vertex 16 8.69494 -25.6145
    endloop
  endfacet
  facet normal 0 0.352288 -0.935892
    outer loop
      vertex 16 10.3516 -24.9909
      vertex -16 8.69494 -25.6145
      vertex -16 10.3516 -24.9909
    endloop
  endfacet
  facet normal 0 0.729835 -0.683623
    outer loop
      vertex 16 19.1272 -19.1272
      vertex -16 20.3373 -17.8353
      vertex 16 20.3373 -17.8353
    endloop
  endfacet
  facet normal 0 0.729835 -0.683623
    outer loop
      vertex -16 20.3373 -17.8353
      vertex 16 19.1272 -19.1272
      vertex -16 19.1272 -19.1272
    endloop
  endfacet
  facet normal 0 -0.0980169 -0.995185
    outer loop
      vertex -16 -3.53073 -26.8186
      vertex 16 -1.76915 -26.9921
      vertex 16 -3.53073 -26.8186
    endloop
  endfacet
  facet normal -0 -0.0980169 -0.995185
    outer loop
      vertex 16 -1.76915 -26.9921
      vertex -16 -3.53073 -26.8186
      vertex -16 -1.76915 -26.9921
    endloop
  endfacet
  facet normal 0 -0.290266 -0.956946
    outer loop
      vertex -16 -8.69494 -25.6145
      vertex 16 -7.00105 -26.1283
      vertex 16 -8.69494 -25.6145
    endloop
  endfacet
  facet normal -0 -0.290266 -0.956946
    outer loop
      vertex 16 -7.00105 -26.1283
      vertex -16 -8.69494 -25.6145
      vertex -16 -7.00105 -26.1283
    endloop
  endfacet
  facet normal 0 0.910869 -0.412696
    outer loop
      vertex 16 24.2604 -11.9639
      vertex -16 24.9909 -10.3516
      vertex 16 24.9909 -10.3516
    endloop
  endfacet
  facet normal 0 0.910869 -0.412696
    outer loop
      vertex -16 24.9909 -10.3516
      vertex 16 24.2604 -11.9639
      vertex -16 24.2604 -11.9639
    endloop
  endfacet
  facet normal 0 -0.634382 -0.77302
    outer loop
      vertex -16 -17.8353 -20.3373
      vertex 16 -16.467 -21.4602
      vertex 16 -17.8353 -20.3373
    endloop
  endfacet
  facet normal -0 -0.634382 -0.77302
    outer loop
      vertex 16 -16.467 -21.4602
      vertex -16 -17.8353 -20.3373
      vertex -16 -16.467 -21.4602
    endloop
  endfacet
  facet normal 0 -0.77302 -0.634382
    outer loop
      vertex -16 -20.3373 -17.8353
      vertex 16 -21.4602 -16.467
      vertex -16 -21.4602 -16.467
    endloop
  endfacet
  facet normal 0 -0.77302 -0.634382
    outer loop
      vertex 16 -21.4602 -16.467
      vertex -16 -20.3373 -17.8353
      vertex 16 -20.3373 -17.8353
    endloop
  endfacet
  facet normal 0 0.986638 -0.162928
    outer loop
      vertex 6.7 26.5302 -5.27719
      vertex -6.7 26.8186 -3.53073
      vertex 6.7 26.8186 -3.53073
    endloop
  endfacet
  facet normal 0 0.986638 -0.162928
    outer loop
      vertex -6.7 26.8186 -3.53073
      vertex 6.7 26.5302 -5.27719
      vertex -6.7 26.5302 -5.27719
    endloop
  endfacet
  facet normal 0 -0.910869 -0.412696
    outer loop
      vertex -16 -24.2604 -11.9639
      vertex 16 -24.9909 -10.3516
      vertex -16 -24.9909 -10.3516
    endloop
  endfacet
  facet normal 0 -0.910869 -0.412696
    outer loop
      vertex 16 -24.9909 -10.3516
      vertex -16 -24.2604 -11.9639
      vertex 16 -24.2604 -11.9639
    endloop
  endfacet
  facet normal 0 -0.683623 -0.729835
    outer loop
      vertex -16 -19.1272 -19.1272
      vertex 16 -17.8353 -20.3373
      vertex 16 -19.1272 -19.1272
    endloop
  endfacet
  facet normal -0 -0.683623 -0.729835
    outer loop
      vertex 16 -17.8353 -20.3373
      vertex -16 -19.1272 -19.1272
      vertex -16 -17.8353 -20.3373
    endloop
  endfacet
  facet normal 0 -0.956946 -0.290266
    outer loop
      vertex 12 -25.6145 -8.69494
      vertex 16 -26.1283 -7.00105
      vertex 12 -26.1283 -7.00105
    endloop
  endfacet
  facet normal 0 -0.956946 -0.290266
    outer loop
      vertex 16 -26.1283 -7.00105
      vertex 12 -25.6145 -8.69494
      vertex 16 -25.6145 -8.69494
    endloop
  endfacet
  facet normal 0 -0.956946 -0.290266
    outer loop
      vertex -16 -25.6145 -8.69494
      vertex -12 -26.1283 -7.00105
      vertex -16 -26.1283 -7.00105
    endloop
  endfacet
  facet normal 0 -0.956946 -0.290266
    outer loop
      vertex -12 -26.1283 -7.00105
      vertex -16 -25.6145 -8.69494
      vertex -12 -25.6145 -8.69494
    endloop
  endfacet
  facet normal 0 -0.528048 -0.849215
    outer loop
      vertex -16 -15.0282 -22.4913
      vertex 16 -13.525 -23.426
      vertex 16 -15.0282 -22.4913
    endloop
  endfacet
  facet normal -0 -0.528048 -0.849215
    outer loop
      vertex 16 -13.525 -23.426
      vertex -16 -15.0282 -22.4913
      vertex -16 -13.525 -23.426
    endloop
  endfacet
  facet normal 0 0.812828 -0.582504
    outer loop
      vertex 16 21.4602 -16.467
      vertex -16 22.4913 -15.0282
      vertex 16 22.4913 -15.0282
    endloop
  endfacet
  facet normal 0 0.812828 -0.582504
    outer loop
      vertex -16 22.4913 -15.0282
      vertex 16 21.4602 -16.467
      vertex -16 21.4602 -16.467
    endloop
  endfacet
  facet normal 0 0.77302 -0.634382
    outer loop
      vertex 16 20.3373 -17.8353
      vertex -16 21.4602 -16.467
      vertex 16 21.4602 -16.467
    endloop
  endfacet
  facet normal 0 0.77302 -0.634382
    outer loop
      vertex -16 21.4602 -16.467
      vertex 16 20.3373 -17.8353
      vertex -16 20.3373 -17.8353
    endloop
  endfacet
  facet normal 0 -0.986638 -0.162928
    outer loop
      vertex 12 -26.5302 -5.27719
      vertex 16 -26.8186 -3.53073
      vertex 12 -26.8186 -3.53073
    endloop
  endfacet
  facet normal 0 -0.986638 -0.162928
    outer loop
      vertex 16 -26.8186 -3.53073
      vertex 12 -26.5302 -5.27719
      vertex 16 -26.5302 -5.27719
    endloop
  endfacet
  facet normal 0 -0.986638 -0.162928
    outer loop
      vertex -16 -26.5302 -5.27719
      vertex -12 -26.8186 -3.53073
      vertex -16 -26.8186 -3.53073
    endloop
  endfacet
  facet normal 0 -0.986638 -0.162928
    outer loop
      vertex -12 -26.8186 -3.53073
      vertex -16 -26.5302 -5.27719
      vertex -12 -26.5302 -5.27719
    endloop
  endfacet
  facet normal 0 -0.812828 -0.582504
    outer loop
      vertex -16 -21.4602 -16.467
      vertex 16 -22.4913 -15.0282
      vertex -16 -22.4913 -15.0282
    endloop
  endfacet
  facet normal 0 -0.812828 -0.582504
    outer loop
      vertex 16 -22.4913 -15.0282
      vertex -16 -21.4602 -16.467
      vertex 16 -21.4602 -16.467
    endloop
  endfacet
  facet normal 0 0.162928 -0.986638
    outer loop
      vertex -16 3.53073 -26.8186
      vertex 16 5.27719 -26.5302
      vertex 16 3.53073 -26.8186
    endloop
  endfacet
  facet normal 0 0.162928 -0.986638
    outer loop
      vertex 16 5.27719 -26.5302
      vertex -16 3.53073 -26.8186
      vertex -16 5.27719 -26.5302
    endloop
  endfacet
  facet normal 0 -0.881927 -0.471386
    outer loop
      vertex -16 -23.426 -13.525
      vertex 16 -24.2604 -11.9639
      vertex -16 -24.2604 -11.9639
    endloop
  endfacet
  facet normal 0 -0.881927 -0.471386
    outer loop
      vertex 16 -24.2604 -11.9639
      vertex -16 -23.426 -13.525
      vertex 16 -23.426 -13.525
    endloop
  endfacet
  facet normal 0 -0.162928 -0.986638
    outer loop
      vertex -16 -5.27719 -26.5302
      vertex 16 -3.53073 -26.8186
      vertex 16 -5.27719 -26.5302
    endloop
  endfacet
  facet normal -0 -0.162928 -0.986638
    outer loop
      vertex 16 -3.53073 -26.8186
      vertex -16 -5.27719 -26.5302
      vertex -16 -3.53073 -26.8186
    endloop
  endfacet
  facet normal 0 0.999465 -0.0326916
    outer loop
      vertex 6.7 26.9921 -1.76915
      vertex -6.7 27.0238 -0.799999
      vertex 6.7 27.0238 -0.799999
    endloop
  endfacet
  facet normal 0 0.999465 -0.0326916
    outer loop
      vertex -6.7 27.0238 -0.799999
      vertex 6.7 26.9921 -1.76915
      vertex -6.7 26.9921 -1.76915
    endloop
  endfacet
  facet normal 0 -0.352288 -0.935892
    outer loop
      vertex -16 -10.3516 -24.9909
      vertex 16 -8.69494 -25.6145
      vertex 16 -10.3516 -24.9909
    endloop
  endfacet
  facet normal -0 -0.352288 -0.935892
    outer loop
      vertex 16 -8.69494 -25.6145
      vertex -16 -10.3516 -24.9909
      vertex -16 -8.69494 -25.6145
    endloop
  endfacet
  facet normal -1 0 0
    outer loop
      vertex -16 19.9329 -6.7663
      vertex -16 25.6145 -8.69494
      vertex -16 24.9909 -10.3516
    endloop
  endfacet
  facet normal -1 0 0
    outer loop
      vertex -16 19.4477 -8.05549
      vertex -16 24.9909 -10.3516
      vertex -16 24.2604 -11.9639
    endloop
  endfacet
  facet normal -1 0 0
    outer loop
      vertex -16 18.8792 -9.31018
      vertex -16 24.2604 -11.9639
      vertex -16 23.426 -13.525
    endloop
  endfacet
  facet normal -1 0 0
    outer loop
      vertex -16 18.2298 -10.525
      vertex -16 23.426 -13.525
      vertex -16 22.4913 -15.0282
    endloop
  endfacet
  facet normal -1 0 0
    outer loop
      vertex -16 17.5024 -11.6948
      vertex -16 22.4913 -15.0282
      vertex -16 21.4602 -16.467
    endloop
  endfacet
  facet normal -1 0 0
    outer loop
      vertex -16 25.6145 -8.69494
      vertex -16 19.9329 -6.7663
      vertex -16 20.3327 -5.44814
    endloop
  endfacet
  facet normal -1 -0 0
    outer loop
      vertex -16 25.05 -0.799999
      vertex -16 21.0049 -1.37674
      vertex -16 21.0238 -0.799999
    endloop
  endfacet
  facet normal -1 0 0
    outer loop
      vertex -16 25.05 -0.799999
      vertex -16 20.8699 -2.74758
      vertex -16 21.0049 -1.37674
    endloop
  endfacet
  facet normal -1 0 0
    outer loop
      vertex -16 25.05 -0.799999
      vertex -16 20.6455 -4.10665
      vertex -16 20.8699 -2.74758
    endloop
  endfacet
  facet normal -1 0 0
    outer loop
      vertex -16 16.7001 -12.8144
      vertex -16 21.4602 -16.467
      vertex -16 20.3373 -17.8353
    endloop
  endfacet
  facet normal -1 0 0
    outer loop
      vertex -16 25.6145 -8.69494
      vertex -16 20.6455 -4.10665
      vertex -16 25.05 -0.799999
    endloop
  endfacet
  facet normal -1 0 0
    outer loop
      vertex -16 25.6145 -8.69494
      vertex -16 20.3327 -5.44814
      vertex -16 20.6455 -4.10665
    endloop
  endfacet
  facet normal -1 0 0
    outer loop
      vertex -16 24.9909 -10.3516
      vertex -16 19.4477 -8.05549
      vertex -16 19.9329 -6.7663
    endloop
  endfacet
  facet normal -1 0 0
    outer loop
      vertex -16 15.8262 -13.8792
      vertex -16 20.3373 -17.8353
      vertex -16 19.1272 -19.1272
    endloop
  endfacet
  facet normal -1 0 0
    outer loop
      vertex -16 24.2604 -11.9639
      vertex -16 18.8792 -9.31018
      vertex -16 19.4477 -8.05549
    endloop
  endfacet
  facet normal -1 0 0
    outer loop
      vertex -16 23.426 -13.525
      vertex -16 18.2298 -10.525
      vertex -16 18.8792 -9.31018
    endloop
  endfacet
  facet normal -1 0 0
    outer loop
      vertex -16 14.8846 -14.8846
      vertex -16 19.1272 -19.1272
      vertex -16 17.8353 -20.3373
    endloop
  endfacet
  facet normal -1 0 0
    outer loop
      vertex -16 22.4913 -15.0282
      vertex -16 17.5024 -11.6948
      vertex -16 18.2298 -10.525
    endloop
  endfacet
  facet normal -1 0 0
    outer loop
      vertex -16 21.4602 -16.467
      vertex -16 16.7001 -12.8144
      vertex -16 17.5024 -11.6948
    endloop
  endfacet
  facet normal -1 0 0
    outer loop
      vertex -16 13.8792 -15.8262
      vertex -16 17.8353 -20.3373
      vertex -16 16.467 -21.4602
    endloop
  endfacet
  facet normal -1 0 0
    outer loop
      vertex -16 20.3373 -17.8353
      vertex -16 15.8262 -13.8792
      vertex -16 16.7001 -12.8144
    endloop
  endfacet
  facet normal -1 0 0
    outer loop
      vertex -16 12.8144 -16.7001
      vertex -16 16.467 -21.4602
      vertex -16 15.0282 -22.4913
    endloop
  endfacet
  facet normal -1 0 0
    outer loop
      vertex -16 19.1272 -19.1272
      vertex -16 14.8846 -14.8846
      vertex -16 15.8262 -13.8792
    endloop
  endfacet
  facet normal -1 0 0
    outer loop
      vertex -16 17.8353 -20.3373
      vertex -16 13.8792 -15.8262
      vertex -16 14.8846 -14.8846
    endloop
  endfacet
  facet normal -1 0 0
    outer loop
      vertex -16 11.6948 -17.5024
      vertex -16 15.0282 -22.4913
      vertex -16 13.525 -23.426
    endloop
  endfacet
  facet normal -1 0 0
    outer loop
      vertex -16 16.467 -21.4602
      vertex -16 12.8144 -16.7001
      vertex -16 13.8792 -15.8262
    endloop
  endfacet
  facet normal -1 0 0
    outer loop
      vertex -16 10.525 -18.2298
      vertex -16 13.525 -23.426
      vertex -16 11.9639 -24.2604
    endloop
  endfacet
  facet normal -1 0 0
    outer loop
      vertex -16 15.0282 -22.4913
      vertex -16 11.6948 -17.5024
      vertex -16 12.8144 -16.7001
    endloop
  endfacet
  facet normal -1 0 0
    outer loop
      vertex -16 13.525 -23.426
      vertex -16 10.525 -18.2298
      vertex -16 11.6948 -17.5024
    endloop
  endfacet
  facet normal -1 0 0
    outer loop
      vertex -16 9.31018 -18.8792
      vertex -16 11.9639 -24.2604
      vertex -16 10.3516 -24.9909
    endloop
  endfacet
  facet normal -1 0 0
    outer loop
      vertex -16 11.9639 -24.2604
      vertex -16 9.31018 -18.8792
      vertex -16 10.525 -18.2298
    endloop
  endfacet
  facet normal -1 0 0
    outer loop
      vertex -16 8.05549 -19.4477
      vertex -16 10.3516 -24.9909
      vertex -16 8.69494 -25.6145
    endloop
  endfacet
  facet normal -1 0 0
    outer loop
      vertex -16 10.3516 -24.9909
      vertex -16 8.05549 -19.4477
      vertex -16 9.31018 -18.8792
    endloop
  endfacet
  facet normal -1 0 0
    outer loop
      vertex -16 6.7663 -19.9329
      vertex -16 8.69494 -25.6145
      vertex -16 7.00105 -26.1283
    endloop
  endfacet
  facet normal -1 0 0
    outer loop
      vertex -16 8.69494 -25.6145
      vertex -16 6.7663 -19.9329
      vertex -16 8.05549 -19.4477
    endloop
  endfacet
  facet normal -1 0 0
    outer loop
      vertex -16 7.00105 -26.1283
      vertex -16 5.44814 -20.3327
      vertex -16 6.7663 -19.9329
    endloop
  endfacet
  facet normal -1 0 0
    outer loop
      vertex -16 5.27719 -26.5302
      vertex -16 5.44814 -20.3327
      vertex -16 7.00105 -26.1283
    endloop
  endfacet
  facet normal -1 0 0
    outer loop
      vertex -16 5.27719 -26.5302
      vertex -16 4.10665 -20.6455
      vertex -16 5.44814 -20.3327
    endloop
  endfacet
  facet normal -1 0 0
    outer loop
      vertex -16 3.53073 -26.8186
      vertex -16 4.10665 -20.6455
      vertex -16 5.27719 -26.5302
    endloop
  endfacet
  facet normal -1 0 0
    outer loop
      vertex -16 3.53073 -26.8186
      vertex -16 2.74758 -20.8699
      vertex -16 4.10665 -20.6455
    endloop
  endfacet
  facet normal -1 0 0
    outer loop
      vertex -16 1.76915 -26.9921
      vertex -16 2.74758 -20.8699
      vertex -16 3.53073 -26.8186
    endloop
  endfacet
  facet normal -1 0 0
    outer loop
      vertex -16 1.76915 -26.9921
      vertex -16 1.37674 -21.0049
      vertex -16 2.74758 -20.8699
    endloop
  endfacet
  facet normal -1 0 0
    outer loop
      vertex -16 0 -27.05
      vertex -16 1.37674 -21.0049
      vertex -16 1.76915 -26.9921
    endloop
  endfacet
  facet normal -1 0 0
    outer loop
      vertex -16 0 -27.05
      vertex -16 0 -21.05
      vertex -16 1.37674 -21.0049
    endloop
  endfacet
  facet normal -1 0 0
    outer loop
      vertex -16 0 -27.05
      vertex -16 -1.37674 -21.0049
      vertex -16 0 -21.05
    endloop
  endfacet
  facet normal -1 0 0
    outer loop
      vertex -16 -1.76915 -26.9921
      vertex -16 -1.37674 -21.0049
      vertex -16 0 -27.05
    endloop
  endfacet
  facet normal -1 0 0
    outer loop
      vertex -16 -1.76915 -26.9921
      vertex -16 -2.74758 -20.8699
      vertex -16 -1.37674 -21.0049
    endloop
  endfacet
  facet normal -1 0 0
    outer loop
      vertex -16 -3.53073 -26.8186
      vertex -16 -2.74758 -20.8699
      vertex -16 -1.76915 -26.9921
    endloop
  endfacet
  facet normal -1 0 0
    outer loop
      vertex -16 -3.53073 -26.8186
      vertex -16 -4.10665 -20.6455
      vertex -16 -2.74758 -20.8699
    endloop
  endfacet
  facet normal -1 0 0
    outer loop
      vertex -16 -5.27719 -26.5302
      vertex -16 -4.10665 -20.6455
      vertex -16 -3.53073 -26.8186
    endloop
  endfacet
  facet normal -1 0 0
    outer loop
      vertex -16 -5.27719 -26.5302
      vertex -16 -5.44814 -20.3327
      vertex -16 -4.10665 -20.6455
    endloop
  endfacet
  facet normal -1 0 0
    outer loop
      vertex -16 -7.00105 -26.1283
      vertex -16 -5.44814 -20.3327
      vertex -16 -5.27719 -26.5302
    endloop
  endfacet
  facet normal -1 -0 0
    outer loop
      vertex -16 -5.44814 -20.3327
      vertex -16 -7.00105 -26.1283
      vertex -16 -6.7663 -19.9329
    endloop
  endfacet
  facet normal -1 0 0
    outer loop
      vertex -16 -8.69494 -25.6145
      vertex -16 -6.7663 -19.9329
      vertex -16 -7.00105 -26.1283
    endloop
  endfacet
  facet normal -1 -0 0
    outer loop
      vertex -16 -6.7663 -19.9329
      vertex -16 -8.69494 -25.6145
      vertex -16 -8.05549 -19.4477
    endloop
  endfacet
  facet normal -1 0 0
    outer loop
      vertex -16 -10.3516 -24.9909
      vertex -16 -8.05549 -19.4477
      vertex -16 -8.69494 -25.6145
    endloop
  endfacet
  facet normal -1 -0 0
    outer loop
      vertex -16 -8.05549 -19.4477
      vertex -16 -10.3516 -24.9909
      vertex -16 -9.31018 -18.8792
    endloop
  endfacet
  facet normal -1 0 0
    outer loop
      vertex -16 -11.9639 -24.2604
      vertex -16 -9.31018 -18.8792
      vertex -16 -10.3516 -24.9909
    endloop
  endfacet
  facet normal -1 -0 0
    outer loop
      vertex -16 -9.31018 -18.8792
      vertex -16 -11.9639 -24.2604
      vertex -16 -10.525 -18.2298
    endloop
  endfacet
  facet normal -1 0 0
    outer loop
      vertex -16 -13.525 -23.426
      vertex -16 -10.525 -18.2298
      vertex -16 -11.9639 -24.2604
    endloop
  endfacet
  facet normal -1 -0 0
    outer loop
      vertex -16 -10.525 -18.2298
      vertex -16 -13.525 -23.426
      vertex -16 -11.6948 -17.5024
    endloop
  endfacet
  facet normal -1 0 0
    outer loop
      vertex -16 -15.0282 -22.4913
      vertex -16 -11.6948 -17.5024
      vertex -16 -13.525 -23.426
    endloop
  endfacet
  facet normal -1 -0 0
    outer loop
      vertex -16 -11.6948 -17.5024
      vertex -16 -15.0282 -22.4913
      vertex -16 -12.8144 -16.7001
    endloop
  endfacet
  facet normal -1 0 0
    outer loop
      vertex -16 -16.467 -21.4602
      vertex -16 -12.8144 -16.7001
      vertex -16 -15.0282 -22.4913
    endloop
  endfacet
  facet normal -1 -0 0
    outer loop
      vertex -16 -12.8144 -16.7001
      vertex -16 -16.467 -21.4602
      vertex -16 -13.8792 -15.8262
    endloop
  endfacet
  facet normal -1 0 0
    outer loop
      vertex -16 -17.8353 -20.3373
      vertex -16 -13.8792 -15.8262
      vertex -16 -16.467 -21.4602
    endloop
  endfacet
  facet normal -1 -0 0
    outer loop
      vertex -16 -13.8792 -15.8262
      vertex -16 -17.8353 -20.3373
      vertex -16 -14.8846 -14.8846
    endloop
  endfacet
  facet normal -1 0 0
    outer loop
      vertex -16 -19.1272 -19.1272
      vertex -16 -14.8846 -14.8846
      vertex -16 -17.8353 -20.3373
    endloop
  endfacet
  facet normal -1 -0 0
    outer loop
      vertex -16 -14.8846 -14.8846
      vertex -16 -19.1272 -19.1272
      vertex -16 -15.8262 -13.8792
    endloop
  endfacet
  facet normal -1 0 0
    outer loop
      vertex -16 -20.3373 -17.8353
      vertex -16 -15.8262 -13.8792
      vertex -16 -19.1272 -19.1272
    endloop
  endfacet
  facet normal -1 -0 0
    outer loop
      vertex -16 -15.8262 -13.8792
      vertex -16 -20.3373 -17.8353
      vertex -16 -16.7001 -12.8144
    endloop
  endfacet
  facet normal -1 0 0
    outer loop
      vertex -16 -21.4602 -16.467
      vertex -16 -16.7001 -12.8144
      vertex -16 -20.3373 -17.8353
    endloop
  endfacet
  facet normal -1 -0 0
    outer loop
      vertex -16 -16.7001 -12.8144
      vertex -16 -21.4602 -16.467
      vertex -16 -17.5024 -11.6948
    endloop
  endfacet
  facet normal -1 0 0
    outer loop
      vertex -16 -22.4913 -15.0282
      vertex -16 -17.5024 -11.6948
      vertex -16 -21.4602 -16.467
    endloop
  endfacet
  facet normal -1 -0 0
    outer loop
      vertex -16 -17.5024 -11.6948
      vertex -16 -22.4913 -15.0282
      vertex -16 -18.2298 -10.525
    endloop
  endfacet
  facet normal -1 0 0
    outer loop
      vertex -16 -23.426 -13.525
      vertex -16 -18.2298 -10.525
      vertex -16 -22.4913 -15.0282
    endloop
  endfacet
  facet normal -1 -0 0
    outer loop
      vertex -16 -18.2298 -10.525
      vertex -16 -23.426 -13.525
      vertex -16 -18.8792 -9.31018
    endloop
  endfacet
  facet normal -1 0 0
    outer loop
      vertex -16 -24.2604 -11.9639
      vertex -16 -18.8792 -9.31018
      vertex -16 -23.426 -13.525
    endloop
  endfacet
  facet normal -1 -0 0
    outer loop
      vertex -16 -18.8792 -9.31018
      vertex -16 -24.2604 -11.9639
      vertex -16 -19.4477 -8.05549
    endloop
  endfacet
  facet normal -1 0 0
    outer loop
      vertex -16 -24.9909 -10.3516
      vertex -16 -19.4477 -8.05549
      vertex -16 -24.2604 -11.9639
    endloop
  endfacet
  facet normal -1 -0 0
    outer loop
      vertex -16 -19.4477 -8.05549
      vertex -16 -24.9909 -10.3516
      vertex -16 -19.9329 -6.7663
    endloop
  endfacet
  facet normal -1 0 0
    outer loop
      vertex -16 -25.6145 -8.69494
      vertex -16 -19.9329 -6.7663
      vertex -16 -24.9909 -10.3516
    endloop
  endfacet
  facet normal -1 -0 0
    outer loop
      vertex -16 -19.9329 -6.7663
      vertex -16 -25.6145 -8.69494
      vertex -16 -20.3327 -5.44814
    endloop
  endfacet
  facet normal -1 0 0
    outer loop
      vertex -16 -26.1283 -7.00105
      vertex -16 -20.3327 -5.44814
      vertex -16 -25.6145 -8.69494
    endloop
  endfacet
  facet normal -1 -0 0
    outer loop
      vertex -16 -20.3327 -5.44814
      vertex -16 -26.1283 -7.00105
      vertex -16 -20.6455 -4.10665
    endloop
  endfacet
  facet normal -1 0 0
    outer loop
      vertex -16 -26.5302 -5.27719
      vertex -16 -20.6455 -4.10665
      vertex -16 -26.1283 -7.00105
    endloop
  endfacet
  facet normal -1 -0 0
    outer loop
      vertex -16 -20.6455 -4.10665
      vertex -16 -26.5302 -5.27719
      vertex -16 -20.8699 -2.74758
    endloop
  endfacet
  facet normal -1 0 0
    outer loop
      vertex -16 -26.8186 -3.53073
      vertex -16 -20.8699 -2.74758
      vertex -16 -26.5302 -5.27719
    endloop
  endfacet
  facet normal -1 -0 0
    outer loop
      vertex -16 -20.8699 -2.74758
      vertex -16 -26.8186 -3.53073
      vertex -16 -21.0049 -1.37674
    endloop
  endfacet
  facet normal -1 0 0
    outer loop
      vertex -16 -26.9921 -1.76915
      vertex -16 -21.0049 -1.37674
      vertex -16 -26.8186 -3.53073
    endloop
  endfacet
  facet normal -1 -0 0
    outer loop
      vertex -16 -21.0049 -1.37674
      vertex -16 -26.9921 -1.76915
      vertex -16 -21.0238 -0.799999
    endloop
  endfacet
  facet normal -1 -0 0
    outer loop
      vertex -16 -21.0238 -0.799999
      vertex -16 -26.9921 -1.76915
      vertex -16 -27.0238 -0.799999
    endloop
  endfacet
  facet normal -1 0 0
    outer loop
      vertex -16 39.5382 -0.359716
      vertex -16 36.7941 -0.179858
      vertex -16 36.8 0
    endloop
  endfacet
  facet normal -1 0 0
    outer loop
      vertex -16 37.1056 -4.57308
      vertex -16 36.7765 -0.358947
      vertex -16 36.7941 -0.179858
    endloop
  endfacet
  facet normal -1 0 0
    outer loop
      vertex -16 37.1056 -4.57308
      vertex -16 36.7472 -0.536498
      vertex -16 36.7765 -0.358947
    endloop
  endfacet
  facet normal -1 0 0
    outer loop
      vertex -16 37.1056 -4.57308
      vertex -16 36.7063 -0.711752
      vertex -16 36.7472 -0.536498
    endloop
  endfacet
  facet normal -1 0 0
    outer loop
      vertex -16 37.1056 -4.57308
      vertex -16 36.6541 -0.883958
      vertex -16 36.7063 -0.711752
    endloop
  endfacet
  facet normal -1 0 0
    outer loop
      vertex -16 37.1056 -4.57308
      vertex -16 36.5907 -1.05238
      vertex -16 36.6541 -0.883958
    endloop
  endfacet
  facet normal -1 0 0
    outer loop
      vertex -16 37.1056 -4.57308
      vertex -16 36.5164 -1.21629
      vertex -16 36.5907 -1.05238
    endloop
  endfacet
  facet normal -1 0 0
    outer loop
      vertex -16 35.425 -2.38157
      vertex -16 36.8 -4.76314
      vertex -16 36.4826 -4.9328
    endloop
  endfacet
  facet normal -1 0 0
    outer loop
      vertex -16 37.1056 -4.57308
      vertex -16 36.4316 -1.375
      vertex -16 36.5164 -1.21629
    endloop
  endfacet
  facet normal -1 0 0
    outer loop
      vertex -16 37.1056 -4.57308
      vertex -16 36.3365 -1.52782
      vertex -16 36.4316 -1.375
    endloop
  endfacet
  facet normal -1 0 0
    outer loop
      vertex -16 37.1056 -4.57308
      vertex -16 36.2317 -1.67409
      vertex -16 36.3365 -1.52782
    endloop
  endfacet
  facet normal -1 0 0
    outer loop
      vertex -16 35.2663 -2.4664
      vertex -16 36.4826 -4.9328
      vertex -16 36.1548 -5.08134
    endloop
  endfacet
  facet normal -1 0 0
    outer loop
      vertex -16 37.1056 -4.57308
      vertex -16 36.1176 -1.8132
      vertex -16 36.2317 -1.67409
    endloop
  endfacet
  facet normal -1 0 0
    outer loop
      vertex -16 37.1056 -4.57308
      vertex -16 35.9945 -1.94454
      vertex -16 36.1176 -1.8132
    endloop
  endfacet
  facet normal -1 0 0
    outer loop
      vertex -16 37.1056 -4.57308
      vertex -16 35.8632 -2.06756
      vertex -16 35.9945 -1.94454
    endloop
  endfacet
  facet normal -1 0 0
    outer loop
      vertex -16 35.1024 -2.54067
      vertex -16 36.1548 -5.08134
      vertex -16 35.8179 -5.20812
    endloop
  endfacet
  facet normal -1 0 0
    outer loop
      vertex -16 37.1056 -4.57308
      vertex -16 35.7241 -2.18172
      vertex -16 35.8632 -2.06756
    endloop
  endfacet
  facet normal -1 0 0
    outer loop
      vertex -16 37.1056 -4.57308
      vertex -16 35.5778 -2.28654
      vertex -16 35.7241 -2.18172
    endloop
  endfacet
  facet normal -1 0 0
    outer loop
      vertex -16 34.934 -2.60406
      vertex -16 35.8179 -5.20812
      vertex -16 35.4735 -5.31259
    endloop
  endfacet
  facet normal -1 0 0
    outer loop
      vertex -16 36.8 -4.76314
      vertex -16 35.425 -2.38157
      vertex -16 35.5778 -2.28654
    endloop
  endfacet
  facet normal -1 0 0
    outer loop
      vertex -16 36.4826 -4.9328
      vertex -16 35.2663 -2.4664
      vertex -16 35.425 -2.38157
    endloop
  endfacet
  facet normal -1 0 0
    outer loop
      vertex -16 34.7618 -2.6563
      vertex -16 35.4735 -5.31259
      vertex -16 35.123 -5.39432
    endloop
  endfacet
  facet normal -1 0 0
    outer loop
      vertex -16 36.1548 -5.08134
      vertex -16 35.1024 -2.54067
      vertex -16 35.2663 -2.4664
    endloop
  endfacet
  facet normal -1 0 0
    outer loop
      vertex -16 35.8179 -5.20812
      vertex -16 34.934 -2.60406
      vertex -16 35.1024 -2.54067
    endloop
  endfacet
  facet normal -1 0 0
    outer loop
      vertex -16 34.5865 -2.69716
      vertex -16 35.123 -5.39432
      vertex -16 34.7679 -5.45295
    endloop
  endfacet
  facet normal -1 0 0
    outer loop
      vertex -16 35.4735 -5.31259
      vertex -16 34.7618 -2.6563
      vertex -16 34.934 -2.60406
    endloop
  endfacet
  facet normal -1 0 0
    outer loop
      vertex -16 35.123 -5.39432
      vertex -16 34.5865 -2.69716
      vertex -16 34.7618 -2.6563
    endloop
  endfacet
  facet normal -1 0 0
    outer loop
      vertex -16 34.4089 -2.72647
      vertex -16 34.7679 -5.45295
      vertex -16 34.4097 -5.48822
    endloop
  endfacet
  facet normal -1 0 0
    outer loop
      vertex -16 34.7679 -5.45295
      vertex -16 34.4089 -2.72647
      vertex -16 34.5865 -2.69716
    endloop
  endfacet
  facet normal -1 0 0
    outer loop
      vertex -16 34.4097 -5.48822
      vertex -16 34.2299 -2.74411
      vertex -16 34.4089 -2.72647
    endloop
  endfacet
  facet normal -1 0 0
    outer loop
      vertex -16 34.05 -5.5
      vertex -16 34.2299 -2.74411
      vertex -16 34.4097 -5.48822
    endloop
  endfacet
  facet normal -1 0 0
    outer loop
      vertex -16 34.05 -5.5
      vertex -16 34.05 -2.75
      vertex -16 34.2299 -2.74411
    endloop
  endfacet
  facet normal -1 0 0
    outer loop
      vertex -16 34.05 -5.5
      vertex -16 33.8701 -2.74411
      vertex -16 34.05 -2.75
    endloop
  endfacet
  facet normal -1 0 0
    outer loop
      vertex -16 34.05 -5.5
      vertex -16 33.6911 -2.72647
      vertex -16 33.8701 -2.74411
    endloop
  endfacet
  facet normal -1 0 0
    outer loop
      vertex -16 34.05 -5.5
      vertex -16 33.5135 -2.69716
      vertex -16 33.6911 -2.72647
    endloop
  endfacet
  facet normal -1 0 0
    outer loop
      vertex -16 34.05 -5.5
      vertex -16 33.3382 -2.6563
      vertex -16 33.5135 -2.69716
    endloop
  endfacet
  facet normal -1 0 0
    outer loop
      vertex -16 34.05 -5.5
      vertex -16 33.166 -2.60406
      vertex -16 33.3382 -2.6563
    endloop
  endfacet
  facet normal -1 0 0
    outer loop
      vertex -16 34.05 -5.5
      vertex -16 32.9976 -2.54067
      vertex -16 33.166 -2.60406
    endloop
  endfacet
  facet normal -1 0 0
    outer loop
      vertex -16 34.05 -5.5
      vertex -16 32.8337 -2.4664
      vertex -16 32.9976 -2.54067
    endloop
  endfacet
  facet normal -1 0 0
    outer loop
      vertex -16 34.05 -5.5
      vertex -16 32.675 -2.38157
      vertex -16 32.8337 -2.4664
    endloop
  endfacet
  facet normal -1 0 0
    outer loop
      vertex -16 34.05 -5.5
      vertex -16 32.5222 -2.28654
      vertex -16 32.675 -2.38157
    endloop
  endfacet
  facet normal -1 0 0
    outer loop
      vertex -16 34.05 -5.5
      vertex -16 32.3759 -2.18172
      vertex -16 32.5222 -2.28654
    endloop
  endfacet
  facet normal -1 0 0
    outer loop
      vertex -16 26.4783 -5.5
      vertex -16 32.3759 -2.18172
      vertex -16 34.05 -5.5
    endloop
  endfacet
  facet normal -1 -0 0
    outer loop
      vertex -16 32.3759 -2.18172
      vertex -16 26.4783 -5.5
      vertex -16 32.2368 -2.06756
    endloop
  endfacet
  facet normal -1 -0 0
    outer loop
      vertex -16 32.2368 -2.06756
      vertex -16 26.4783 -5.5
      vertex -16 32.1055 -1.94454
    endloop
  endfacet
  facet normal -1 -0 0
    outer loop
      vertex -16 32.1055 -1.94454
      vertex -16 26.4783 -5.5
      vertex -16 31.9824 -1.8132
    endloop
  endfacet
  facet normal -1 -0 0
    outer loop
      vertex -16 31.9824 -1.8132
      vertex -16 26.4783 -5.5
      vertex -16 31.8683 -1.67409
    endloop
  endfacet
  facet normal -1 -0 0
    outer loop
      vertex -16 31.8683 -1.67409
      vertex -16 26.4783 -5.5
      vertex -16 31.7635 -1.52782
    endloop
  endfacet
  facet normal -1 0 0
    outer loop
      vertex -16 32.5222 2.28654
      vertex -16 30.9944 4.57308
      vertex -16 31.3 4.76314
    endloop
  endfacet
  facet normal -1 0 0
    outer loop
      vertex -16 28.55 0
      vertex -16 31.3 0
      vertex -16 31.3059 -0.179858
    endloop
  endfacet
  facet normal -1 0 0
    outer loop
      vertex -16 31.3059 0.179858
      vertex -16 30.7018 4.36344
      vertex -16 30.9944 4.57308
    endloop
  endfacet
  facet normal -1 0 0
    outer loop
      vertex -16 28.55 0
      vertex -16 31.3059 -0.179858
      vertex -16 31.3235 -0.358947
    endloop
  endfacet
  facet normal -1 0 0
    outer loop
      vertex -16 31.3059 0.179858
      vertex -16 30.4236 4.13512
      vertex -16 30.7018 4.36344
    endloop
  endfacet
  facet normal -1 0 0
    outer loop
      vertex -16 28.55 0
      vertex -16 31.3235 -0.358947
      vertex -16 31.3528 -0.536498
    endloop
  endfacet
  facet normal -1 0 0
    outer loop
      vertex -16 31.3059 0.179858
      vertex -16 30.1609 3.88909
      vertex -16 30.4236 4.13512
    endloop
  endfacet
  facet normal -1 0 0
    outer loop
      vertex -16 28.55 0
      vertex -16 31.3528 -0.536498
      vertex -16 31.3937 -0.711752
    endloop
  endfacet
  facet normal -1 0 0
    outer loop
      vertex -16 31.3059 0.179858
      vertex -16 29.9149 3.6264
      vertex -16 30.1609 3.88909
    endloop
  endfacet
  facet normal -1 0 0
    outer loop
      vertex -16 28.55 0
      vertex -16 31.3937 -0.711752
      vertex -16 31.4459 -0.883958
    endloop
  endfacet
  facet normal -1 0 0
    outer loop
      vertex -16 31.3059 0.179858
      vertex -16 29.6866 3.34819
      vertex -16 29.9149 3.6264
    endloop
  endfacet
  facet normal -1 0 0
    outer loop
      vertex -16 28.55 0
      vertex -16 31.4459 -0.883958
      vertex -16 31.5093 -1.05238
    endloop
  endfacet
  facet normal -1 0 0
    outer loop
      vertex -16 31.3059 0.179858
      vertex -16 29.4769 3.05564
      vertex -16 29.6866 3.34819
    endloop
  endfacet
  facet normal -1 0 0
    outer loop
      vertex -16 28.55 0
      vertex -16 31.5093 -1.05238
      vertex -16 31.5836 -1.21629
    endloop
  endfacet
  facet normal -1 0 0
    outer loop
      vertex -16 31.3059 0.179858
      vertex -16 29.2869 2.75
      vertex -16 29.4769 3.05564
    endloop
  endfacet
  facet normal -1 0 0
    outer loop
      vertex -16 28.55 0
      vertex -16 31.5836 -1.21629
      vertex -16 31.6684 -1.375
    endloop
  endfacet
  facet normal -1 0 -0
    outer loop
      vertex -16 28.55 0
      vertex -16 31.7635 -1.52782
      vertex -16 26.4783 -5.5
    endloop
  endfacet
  facet normal -1 0 0
    outer loop
      vertex -16 31.3059 0.179858
      vertex -16 29.1172 2.43259
      vertex -16 29.2869 2.75
    endloop
  endfacet
  facet normal -1 0 0
    outer loop
      vertex -16 31.3059 0.179858
      vertex -16 28.9687 2.10476
      vertex -16 29.1172 2.43259
    endloop
  endfacet
  facet normal -1 0 0
    outer loop
      vertex -16 31.3059 0.179858
      vertex -16 28.8419 1.76792
      vertex -16 28.9687 2.10476
    endloop
  endfacet
  facet normal -1 0 0
    outer loop
      vertex -16 31.3059 0.179858
      vertex -16 28.7374 1.4235
      vertex -16 28.8419 1.76792
    endloop
  endfacet
  facet normal -1 0 0
    outer loop
      vertex -16 31.3059 0.179858
      vertex -16 28.6557 1.073
      vertex -16 28.7374 1.4235
    endloop
  endfacet
  facet normal -1 0 0
    outer loop
      vertex -16 31.3059 0.179858
      vertex -16 28.5971 0.717894
      vertex -16 28.6557 1.073
    endloop
  endfacet
  facet normal -1 0 0
    outer loop
      vertex -16 31.3059 0.179858
      vertex -16 28.5618 0.359716
      vertex -16 28.5971 0.717894
    endloop
  endfacet
  facet normal -1 0 0
    outer loop
      vertex -16 31.3 0
      vertex -16 28.55 0
      vertex -16 28.5618 0.359716
    endloop
  endfacet
  facet normal -1 0 0
    outer loop
      vertex -16 31.7635 -1.52782
      vertex -16 28.55 0
      vertex -16 31.6684 -1.375
    endloop
  endfacet
  facet normal -1 0 0
    outer loop
      vertex -16 25.05 -0.799999
      vertex -16 26.1283 -7.00105
      vertex -16 25.6145 -8.69494
    endloop
  endfacet
  facet normal -1 0 0
    outer loop
      vertex -16 26.1283 -7.00105
      vertex -16 25.05 -0.799999
      vertex -16 26.4783 -5.5
    endloop
  endfacet
  facet normal -1 0 0
    outer loop
      vertex -16 25.05 -0.799999
      vertex -16 28.55 0
      vertex -16 26.4783 -5.5
    endloop
  endfacet
  facet normal -1 -0 0
    outer loop
      vertex -16 28.55 0
      vertex -16 25.05 -0.799999
      vertex -16 25.05 0
    endloop
  endfacet
  facet normal -1 0 0
    outer loop
      vertex -16 36.8 0
      vertex -16 39.55 0
      vertex -16 39.5382 -0.359716
    endloop
  endfacet
  facet normal -1 0 0
    outer loop
      vertex -16 36.7941 -0.179858
      vertex -16 39.5382 -0.359716
      vertex -16 39.5029 -0.717894
    endloop
  endfacet
  facet normal -1 0 0
    outer loop
      vertex -16 39.55 0
      vertex -16 36.8 0
      vertex -16 39.5382 0.359716
    endloop
  endfacet
  facet normal -1 0 0
    outer loop
      vertex -16 36.7941 -0.179858
      vertex -16 39.5029 -0.717894
      vertex -16 39.4443 -1.073
    endloop
  endfacet
  facet normal -1 0 0
    outer loop
      vertex -16 36.7941 0.179858
      vertex -16 39.5382 0.359716
      vertex -16 36.8 0
    endloop
  endfacet
  facet normal -1 0 0
    outer loop
      vertex -16 36.7941 -0.179858
      vertex -16 39.4443 -1.073
      vertex -16 39.3626 -1.4235
    endloop
  endfacet
  facet normal -1 -0 0
    outer loop
      vertex -16 39.5382 0.359716
      vertex -16 36.7941 0.179858
      vertex -16 39.5029 0.717894
    endloop
  endfacet
  facet normal -1 0 0
    outer loop
      vertex -16 36.7941 -0.179858
      vertex -16 39.3626 -1.4235
      vertex -16 39.2581 -1.76792
    endloop
  endfacet
  facet normal -1 0 0
    outer loop
      vertex -16 36.7765 0.358947
      vertex -16 39.5029 0.717894
      vertex -16 36.7941 0.179858
    endloop
  endfacet
  facet normal -1 0 0
    outer loop
      vertex -16 36.7941 -0.179858
      vertex -16 39.2581 -1.76792
      vertex -16 39.1313 -2.10476
    endloop
  endfacet
  facet normal -1 -0 0
    outer loop
      vertex -16 39.5029 0.717894
      vertex -16 36.7765 0.358947
      vertex -16 39.4443 1.073
    endloop
  endfacet
  facet normal -1 0 0
    outer loop
      vertex -16 36.7941 -0.179858
      vertex -16 39.1313 -2.10476
      vertex -16 38.9828 -2.43259
    endloop
  endfacet
  facet normal -1 0 0
    outer loop
      vertex -16 36.7472 0.536498
      vertex -16 39.4443 1.073
      vertex -16 36.7765 0.358947
    endloop
  endfacet
  facet normal -1 0 0
    outer loop
      vertex -16 36.7941 -0.179858
      vertex -16 38.9828 -2.43259
      vertex -16 38.8131 -2.75
    endloop
  endfacet
  facet normal -1 -0 0
    outer loop
      vertex -16 39.4443 1.073
      vertex -16 36.7472 0.536498
      vertex -16 39.3626 1.4235
    endloop
  endfacet
  facet normal -1 0 0
    outer loop
      vertex -16 36.7941 -0.179858
      vertex -16 38.8131 -2.75
      vertex -16 38.6231 -3.05564
    endloop
  endfacet
  facet normal -1 0 0
    outer loop
      vertex -16 36.7063 0.711752
      vertex -16 39.3626 1.4235
      vertex -16 36.7472 0.536498
    endloop
  endfacet
  facet normal -1 0 0
    outer loop
      vertex -16 36.7941 -0.179858
      vertex -16 38.6231 -3.05564
      vertex -16 38.4134 -3.34819
    endloop
  endfacet
  facet normal -1 -0 0
    outer loop
      vertex -16 39.3626 1.4235
      vertex -16 36.7063 0.711752
      vertex -16 39.2581 1.76792
    endloop
  endfacet
  facet normal -1 0 0
    outer loop
      vertex -16 36.7941 -0.179858
      vertex -16 38.4134 -3.34819
      vertex -16 38.1851 -3.6264
    endloop
  endfacet
  facet normal -1 0 0
    outer loop
      vertex -16 36.6541 0.883958
      vertex -16 39.2581 1.76792
      vertex -16 36.7063 0.711752
    endloop
  endfacet
  facet normal -1 0 0
    outer loop
      vertex -16 36.7941 -0.179858
      vertex -16 38.1851 -3.6264
      vertex -16 37.9391 -3.88909
    endloop
  endfacet
  facet normal -1 -0 0
    outer loop
      vertex -16 39.2581 1.76792
      vertex -16 36.6541 0.883958
      vertex -16 39.1313 2.10476
    endloop
  endfacet
  facet normal -1 0 0
    outer loop
      vertex -16 36.7941 -0.179858
      vertex -16 37.9391 -3.88909
      vertex -16 37.6764 -4.13512
    endloop
  endfacet
  facet normal -1 0 0
    outer loop
      vertex -16 36.5907 1.05238
      vertex -16 39.1313 2.10476
      vertex -16 36.6541 0.883958
    endloop
  endfacet
  facet normal -1 0 0
    outer loop
      vertex -16 36.7941 -0.179858
      vertex -16 37.6764 -4.13512
      vertex -16 37.3982 -4.36344
    endloop
  endfacet
  facet normal -1 -0 0
    outer loop
      vertex -16 39.1313 2.10476
      vertex -16 36.5907 1.05238
      vertex -16 38.9828 2.43259
    endloop
  endfacet
  facet normal -1 0 0
    outer loop
      vertex -16 36.7941 -0.179858
      vertex -16 37.3982 -4.36344
      vertex -16 37.1056 -4.57308
    endloop
  endfacet
  facet normal -1 0 0
    outer loop
      vertex -16 36.5164 1.21629
      vertex -16 38.9828 2.43259
      vertex -16 36.5907 1.05238
    endloop
  endfacet
  facet normal -1 0 0
    outer loop
      vertex -16 35.5778 -2.28654
      vertex -16 37.1056 -4.57308
      vertex -16 36.8 -4.76314
    endloop
  endfacet
  facet normal -1 -0 0
    outer loop
      vertex -16 38.9828 2.43259
      vertex -16 36.5164 1.21629
      vertex -16 38.8131 2.75
    endloop
  endfacet
  facet normal -1 0 0
    outer loop
      vertex -16 36.4316 1.375
      vertex -16 38.8131 2.75
      vertex -16 36.5164 1.21629
    endloop
  endfacet
  facet normal -1 -0 0
    outer loop
      vertex -16 38.8131 2.75
      vertex -16 36.4316 1.375
      vertex -16 38.6231 3.05564
    endloop
  endfacet
  facet normal -1 0 0
    outer loop
      vertex -16 36.3365 1.52782
      vertex -16 38.6231 3.05564
      vertex -16 36.4316 1.375
    endloop
  endfacet
  facet normal -1 -0 0
    outer loop
      vertex -16 38.6231 3.05564
      vertex -16 36.3365 1.52782
      vertex -16 38.4134 3.34819
    endloop
  endfacet
  facet normal -1 0 0
    outer loop
      vertex -16 36.2317 1.67409
      vertex -16 38.4134 3.34819
      vertex -16 36.3365 1.52782
    endloop
  endfacet
  facet normal -1 -0 0
    outer loop
      vertex -16 38.4134 3.34819
      vertex -16 36.2317 1.67409
      vertex -16 38.1851 3.6264
    endloop
  endfacet
  facet normal -1 0 0
    outer loop
      vertex -16 36.1176 1.8132
      vertex -16 38.1851 3.6264
      vertex -16 36.2317 1.67409
    endloop
  endfacet
  facet normal -1 -0 0
    outer loop
      vertex -16 38.1851 3.6264
      vertex -16 36.1176 1.8132
      vertex -16 37.9391 3.88909
    endloop
  endfacet
  facet normal -1 0 0
    outer loop
      vertex -16 35.9945 1.94454
      vertex -16 37.9391 3.88909
      vertex -16 36.1176 1.8132
    endloop
  endfacet
  facet normal -1 -0 0
    outer loop
      vertex -16 37.9391 3.88909
      vertex -16 35.9945 1.94454
      vertex -16 37.6764 4.13512
    endloop
  endfacet
  facet normal -1 0 0
    outer loop
      vertex -16 35.8632 2.06756
      vertex -16 37.6764 4.13512
      vertex -16 35.9945 1.94454
    endloop
  endfacet
  facet normal -1 -0 0
    outer loop
      vertex -16 37.6764 4.13512
      vertex -16 35.8632 2.06756
      vertex -16 37.3982 4.36344
    endloop
  endfacet
  facet normal -1 0 0
    outer loop
      vertex -16 35.7241 2.18172
      vertex -16 37.3982 4.36344
      vertex -16 35.8632 2.06756
    endloop
  endfacet
  facet normal -1 -0 0
    outer loop
      vertex -16 37.3982 4.36344
      vertex -16 35.7241 2.18172
      vertex -16 37.1056 4.57308
    endloop
  endfacet
  facet normal -1 0 0
    outer loop
      vertex -16 35.5778 2.28654
      vertex -16 37.1056 4.57308
      vertex -16 35.7241 2.18172
    endloop
  endfacet
  facet normal -1 -0 0
    outer loop
      vertex -16 37.1056 4.57308
      vertex -16 35.5778 2.28654
      vertex -16 36.8 4.76314
    endloop
  endfacet
  facet normal -1 0 0
    outer loop
      vertex -16 35.425 2.38157
      vertex -16 36.8 4.76314
      vertex -16 35.5778 2.28654
    endloop
  endfacet
  facet normal -1 -0 0
    outer loop
      vertex -16 36.8 4.76314
      vertex -16 35.425 2.38157
      vertex -16 36.4826 4.9328
    endloop
  endfacet
  facet normal -1 0 0
    outer loop
      vertex -16 35.2663 2.4664
      vertex -16 36.4826 4.9328
      vertex -16 35.425 2.38157
    endloop
  endfacet
  facet normal -1 -0 0
    outer loop
      vertex -16 36.4826 4.9328
      vertex -16 35.2663 2.4664
      vertex -16 36.1548 5.08134
    endloop
  endfacet
  facet normal -1 0 0
    outer loop
      vertex -16 35.1024 2.54067
      vertex -16 36.1548 5.08134
      vertex -16 35.2663 2.4664
    endloop
  endfacet
  facet normal -1 -0 0
    outer loop
      vertex -16 36.1548 5.08134
      vertex -16 35.1024 2.54067
      vertex -16 35.8179 5.20812
    endloop
  endfacet
  facet normal -1 0 0
    outer loop
      vertex -16 34.934 2.60406
      vertex -16 35.8179 5.20812
      vertex -16 35.1024 2.54067
    endloop
  endfacet
  facet normal -1 -0 0
    outer loop
      vertex -16 35.8179 5.20812
      vertex -16 34.934 2.60406
      vertex -16 35.4735 5.31259
    endloop
  endfacet
  facet normal -1 0 0
    outer loop
      vertex -16 34.7618 2.6563
      vertex -16 35.4735 5.31259
      vertex -16 34.934 2.60406
    endloop
  endfacet
  facet normal -1 -0 0
    outer loop
      vertex -16 35.4735 5.31259
      vertex -16 34.7618 2.6563
      vertex -16 35.123 5.39432
    endloop
  endfacet
  facet normal -1 0 0
    outer loop
      vertex -16 34.5865 2.69716
      vertex -16 35.123 5.39432
      vertex -16 34.7618 2.6563
    endloop
  endfacet
  facet normal -1 -0 0
    outer loop
      vertex -16 35.123 5.39432
      vertex -16 34.5865 2.69716
      vertex -16 34.7679 5.45295
    endloop
  endfacet
  facet normal -1 0 0
    outer loop
      vertex -16 34.4089 2.72647
      vertex -16 34.7679 5.45295
      vertex -16 34.5865 2.69716
    endloop
  endfacet
  facet normal -1 -0 0
    outer loop
      vertex -16 34.7679 5.45295
      vertex -16 34.4089 2.72647
      vertex -16 34.4097 5.48822
    endloop
  endfacet
  facet normal -1 0 0
    outer loop
      vertex -16 34.2299 2.74411
      vertex -16 34.4097 5.48822
      vertex -16 34.4089 2.72647
    endloop
  endfacet
  facet normal -1 0 0
    outer loop
      vertex -16 34.05 2.75
      vertex -16 34.4097 5.48822
      vertex -16 34.2299 2.74411
    endloop
  endfacet
  facet normal -1 0 0
    outer loop
      vertex -16 34.05 2.75
      vertex -16 34.05 5.5
      vertex -16 34.4097 5.48822
    endloop
  endfacet
  facet normal -1 0 0
    outer loop
      vertex -16 33.8701 2.74411
      vertex -16 34.05 5.5
      vertex -16 34.05 2.75
    endloop
  endfacet
  facet normal -1 0 0
    outer loop
      vertex -16 33.6903 5.48822
      vertex -16 33.8701 2.74411
      vertex -16 33.6911 2.72647
    endloop
  endfacet
  facet normal -1 0 0
    outer loop
      vertex -16 33.8701 2.74411
      vertex -16 33.6903 5.48822
      vertex -16 34.05 5.5
    endloop
  endfacet
  facet normal -1 0 0
    outer loop
      vertex -16 33.3321 5.45295
      vertex -16 33.6911 2.72647
      vertex -16 33.5135 2.69716
    endloop
  endfacet
  facet normal -1 0 0
    outer loop
      vertex -16 32.977 5.39432
      vertex -16 33.5135 2.69716
      vertex -16 33.3382 2.6563
    endloop
  endfacet
  facet normal -1 0 0
    outer loop
      vertex -16 33.6911 2.72647
      vertex -16 33.3321 5.45295
      vertex -16 33.6903 5.48822
    endloop
  endfacet
  facet normal -1 0 0
    outer loop
      vertex -16 32.6265 5.31259
      vertex -16 33.3382 2.6563
      vertex -16 33.166 2.60406
    endloop
  endfacet
  facet normal -1 0 0
    outer loop
      vertex -16 32.2821 5.20812
      vertex -16 33.166 2.60406
      vertex -16 32.9976 2.54067
    endloop
  endfacet
  facet normal -1 0 0
    outer loop
      vertex -16 33.5135 2.69716
      vertex -16 32.977 5.39432
      vertex -16 33.3321 5.45295
    endloop
  endfacet
  facet normal -1 0 0
    outer loop
      vertex -16 31.9452 5.08134
      vertex -16 32.9976 2.54067
      vertex -16 32.8337 2.4664
    endloop
  endfacet
  facet normal -1 0 0
    outer loop
      vertex -16 31.6174 4.9328
      vertex -16 32.8337 2.4664
      vertex -16 32.675 2.38157
    endloop
  endfacet
  facet normal -1 0 0
    outer loop
      vertex -16 33.3382 2.6563
      vertex -16 32.6265 5.31259
      vertex -16 32.977 5.39432
    endloop
  endfacet
  facet normal -1 0 0
    outer loop
      vertex -16 31.3 4.76314
      vertex -16 32.675 2.38157
      vertex -16 32.5222 2.28654
    endloop
  endfacet
  facet normal -1 0 0
    outer loop
      vertex -16 30.9944 4.57308
      vertex -16 32.5222 2.28654
      vertex -16 32.3759 2.18172
    endloop
  endfacet
  facet normal -1 0 0
    outer loop
      vertex -16 33.166 2.60406
      vertex -16 32.2821 5.20812
      vertex -16 32.6265 5.31259
    endloop
  endfacet
  facet normal -1 0 0
    outer loop
      vertex -16 30.9944 4.57308
      vertex -16 32.3759 2.18172
      vertex -16 32.2368 2.06756
    endloop
  endfacet
  facet normal -1 0 0
    outer loop
      vertex -16 30.9944 4.57308
      vertex -16 32.2368 2.06756
      vertex -16 32.1055 1.94454
    endloop
  endfacet
  facet normal -1 0 0
    outer loop
      vertex -16 30.9944 4.57308
      vertex -16 32.1055 1.94454
      vertex -16 31.9824 1.8132
    endloop
  endfacet
  facet normal -1 0 0
    outer loop
      vertex -16 32.9976 2.54067
      vertex -16 31.9452 5.08134
      vertex -16 32.2821 5.20812
    endloop
  endfacet
  facet normal -1 0 0
    outer loop
      vertex -16 30.9944 4.57308
      vertex -16 31.9824 1.8132
      vertex -16 31.8683 1.67409
    endloop
  endfacet
  facet normal -1 0 0
    outer loop
      vertex -16 30.9944 4.57308
      vertex -16 31.8683 1.67409
      vertex -16 31.7635 1.52782
    endloop
  endfacet
  facet normal -1 0 0
    outer loop
      vertex -16 30.9944 4.57308
      vertex -16 31.7635 1.52782
      vertex -16 31.6684 1.375
    endloop
  endfacet
  facet normal -1 0 0
    outer loop
      vertex -16 32.8337 2.4664
      vertex -16 31.6174 4.9328
      vertex -16 31.9452 5.08134
    endloop
  endfacet
  facet normal -1 0 0
    outer loop
      vertex -16 30.9944 4.57308
      vertex -16 31.6684 1.375
      vertex -16 31.5836 1.21629
    endloop
  endfacet
  facet normal -1 0 0
    outer loop
      vertex -16 30.9944 4.57308
      vertex -16 31.5836 1.21629
      vertex -16 31.5093 1.05238
    endloop
  endfacet
  facet normal -1 0 0
    outer loop
      vertex -16 30.9944 4.57308
      vertex -16 31.5093 1.05238
      vertex -16 31.4459 0.883958
    endloop
  endfacet
  facet normal -1 0 0
    outer loop
      vertex -16 30.9944 4.57308
      vertex -16 31.4459 0.883958
      vertex -16 31.3937 0.711752
    endloop
  endfacet
  facet normal -1 0 0
    outer loop
      vertex -16 30.9944 4.57308
      vertex -16 31.3937 0.711752
      vertex -16 31.3528 0.536498
    endloop
  endfacet
  facet normal -1 0 0
    outer loop
      vertex -16 30.9944 4.57308
      vertex -16 31.3528 0.536498
      vertex -16 31.3235 0.358947
    endloop
  endfacet
  facet normal -1 0 0
    outer loop
      vertex -16 30.9944 4.57308
      vertex -16 31.3235 0.358947
      vertex -16 31.3059 0.179858
    endloop
  endfacet
  facet normal -1 0 0
    outer loop
      vertex -16 32.675 2.38157
      vertex -16 31.3 4.76314
      vertex -16 31.6174 4.9328
    endloop
  endfacet
  facet normal -1 0 0
    outer loop
      vertex -16 28.5618 0.359716
      vertex -16 31.3059 0.179858
      vertex -16 31.3 0
    endloop
  endfacet
  facet normal 0 -0.412696 -0.910869
    outer loop
      vertex -16 -11.9639 -24.2604
      vertex 16 -10.3516 -24.9909
      vertex 16 -11.9639 -24.2604
    endloop
  endfacet
  facet normal -0 -0.412696 -0.910869
    outer loop
      vertex 16 -10.3516 -24.9909
      vertex -16 -11.9639 -24.2604
      vertex -16 -10.3516 -24.9909
    endloop
  endfacet
  facet normal 0 0.683623 -0.729835
    outer loop
      vertex -16 17.8353 -20.3373
      vertex 16 19.1272 -19.1272
      vertex 16 17.8353 -20.3373
    endloop
  endfacet
  facet normal 0 0.683623 -0.729835
    outer loop
      vertex 16 19.1272 -19.1272
      vertex -16 17.8353 -20.3373
      vertex -16 19.1272 -19.1272
    endloop
  endfacet
  facet normal 1 0 0
    outer loop
      vertex 16 39.5382 0.359716
      vertex 16 36.7941 0.179858
      vertex 16 36.8 0
    endloop
  endfacet
  facet normal 1 0 0
    outer loop
      vertex 16 37.1056 4.57308
      vertex 16 36.7765 0.358947
      vertex 16 36.7941 0.179858
    endloop
  endfacet
  facet normal 1 0 0
    outer loop
      vertex 16 37.1056 4.57308
      vertex 16 36.7472 0.536498
      vertex 16 36.7765 0.358947
    endloop
  endfacet
  facet normal 1 0 0
    outer loop
      vertex 16 37.1056 4.57308
      vertex 16 36.7063 0.711752
      vertex 16 36.7472 0.536498
    endloop
  endfacet
  facet normal 1 0 0
    outer loop
      vertex 16 37.1056 4.57308
      vertex 16 36.6541 0.883958
      vertex 16 36.7063 0.711752
    endloop
  endfacet
  facet normal 1 0 0
    outer loop
      vertex 16 37.1056 4.57308
      vertex 16 36.5907 1.05238
      vertex 16 36.6541 0.883958
    endloop
  endfacet
  facet normal 1 0 0
    outer loop
      vertex 16 37.1056 4.57308
      vertex 16 36.5164 1.21629
      vertex 16 36.5907 1.05238
    endloop
  endfacet
  facet normal 1 0 0
    outer loop
      vertex 16 35.425 2.38157
      vertex 16 36.8 4.76314
      vertex 16 36.4826 4.9328
    endloop
  endfacet
  facet normal 1 0 0
    outer loop
      vertex 16 37.1056 4.57308
      vertex 16 36.4316 1.375
      vertex 16 36.5164 1.21629
    endloop
  endfacet
  facet normal 1 0 0
    outer loop
      vertex 16 37.1056 4.57308
      vertex 16 36.3365 1.52782
      vertex 16 36.4316 1.375
    endloop
  endfacet
  facet normal 1 0 0
    outer loop
      vertex 16 37.1056 4.57308
      vertex 16 36.2317 1.67409
      vertex 16 36.3365 1.52782
    endloop
  endfacet
  facet normal 1 0 0
    outer loop
      vertex 16 35.2663 2.4664
      vertex 16 36.4826 4.9328
      vertex 16 36.1548 5.08134
    endloop
  endfacet
  facet normal 1 0 0
    outer loop
      vertex 16 37.1056 4.57308
      vertex 16 36.1176 1.8132
      vertex 16 36.2317 1.67409
    endloop
  endfacet
  facet normal 1 0 0
    outer loop
      vertex 16 37.1056 4.57308
      vertex 16 35.9945 1.94454
      vertex 16 36.1176 1.8132
    endloop
  endfacet
  facet normal 1 0 0
    outer loop
      vertex 16 37.1056 4.57308
      vertex 16 35.8632 2.06756
      vertex 16 35.9945 1.94454
    endloop
  endfacet
  facet normal 1 0 0
    outer loop
      vertex 16 35.1024 2.54067
      vertex 16 36.1548 5.08134
      vertex 16 35.8179 5.20812
    endloop
  endfacet
  facet normal 1 0 0
    outer loop
      vertex 16 37.1056 4.57308
      vertex 16 35.7241 2.18172
      vertex 16 35.8632 2.06756
    endloop
  endfacet
  facet normal 1 0 0
    outer loop
      vertex 16 37.1056 4.57308
      vertex 16 35.5778 2.28654
      vertex 16 35.7241 2.18172
    endloop
  endfacet
  facet normal 1 0 0
    outer loop
      vertex 16 34.934 2.60406
      vertex 16 35.8179 5.20812
      vertex 16 35.4735 5.31259
    endloop
  endfacet
  facet normal 1 0 0
    outer loop
      vertex 16 36.8 4.76314
      vertex 16 35.425 2.38157
      vertex 16 35.5778 2.28654
    endloop
  endfacet
  facet normal 1 0 0
    outer loop
      vertex 16 36.4826 4.9328
      vertex 16 35.2663 2.4664
      vertex 16 35.425 2.38157
    endloop
  endfacet
  facet normal 1 0 0
    outer loop
      vertex 16 34.7618 2.6563
      vertex 16 35.4735 5.31259
      vertex 16 35.123 5.39432
    endloop
  endfacet
  facet normal 1 0 0
    outer loop
      vertex 16 36.1548 5.08134
      vertex 16 35.1024 2.54067
      vertex 16 35.2663 2.4664
    endloop
  endfacet
  facet normal 1 0 0
    outer loop
      vertex 16 35.8179 5.20812
      vertex 16 34.934 2.60406
      vertex 16 35.1024 2.54067
    endloop
  endfacet
  facet normal 1 0 0
    outer loop
      vertex 16 34.5865 2.69716
      vertex 16 35.123 5.39432
      vertex 16 34.7679 5.45295
    endloop
  endfacet
  facet normal 1 0 0
    outer loop
      vertex 16 35.4735 5.31259
      vertex 16 34.7618 2.6563
      vertex 16 34.934 2.60406
    endloop
  endfacet
  facet normal 1 0 0
    outer loop
      vertex 16 35.123 5.39432
      vertex 16 34.5865 2.69716
      vertex 16 34.7618 2.6563
    endloop
  endfacet
  facet normal 1 0 0
    outer loop
      vertex 16 34.4089 2.72647
      vertex 16 34.7679 5.45295
      vertex 16 34.4097 5.48822
    endloop
  endfacet
  facet normal 1 0 0
    outer loop
      vertex 16 34.7679 5.45295
      vertex 16 34.4089 2.72647
      vertex 16 34.5865 2.69716
    endloop
  endfacet
  facet normal 1 0 0
    outer loop
      vertex 16 34.4097 5.48822
      vertex 16 34.2299 2.74411
      vertex 16 34.4089 2.72647
    endloop
  endfacet
  facet normal 1 0 0
    outer loop
      vertex 16 34.05 5.5
      vertex 16 34.2299 2.74411
      vertex 16 34.4097 5.48822
    endloop
  endfacet
  facet normal 1 0 0
    outer loop
      vertex 16 34.05 5.5
      vertex 16 34.05 2.75
      vertex 16 34.2299 2.74411
    endloop
  endfacet
  facet normal 1 0 0
    outer loop
      vertex 16 34.05 5.5
      vertex 16 33.8701 2.74411
      vertex 16 34.05 2.75
    endloop
  endfacet
  facet normal 1 -0 0
    outer loop
      vertex 16 33.6903 5.48822
      vertex 16 33.8701 2.74411
      vertex 16 34.05 5.5
    endloop
  endfacet
  facet normal 1 0 0
    outer loop
      vertex 16 33.8701 2.74411
      vertex 16 33.6903 5.48822
      vertex 16 33.6911 2.72647
    endloop
  endfacet
  facet normal 1 -0 0
    outer loop
      vertex 16 33.3321 5.45295
      vertex 16 33.6911 2.72647
      vertex 16 33.6903 5.48822
    endloop
  endfacet
  facet normal 1 0 0
    outer loop
      vertex 16 33.6911 2.72647
      vertex 16 33.3321 5.45295
      vertex 16 33.5135 2.69716
    endloop
  endfacet
  facet normal 1 -0 0
    outer loop
      vertex 16 32.977 5.39432
      vertex 16 33.5135 2.69716
      vertex 16 33.3321 5.45295
    endloop
  endfacet
  facet normal 1 0 0
    outer loop
      vertex 16 33.5135 2.69716
      vertex 16 32.977 5.39432
      vertex 16 33.3382 2.6563
    endloop
  endfacet
  facet normal 1 -0 0
    outer loop
      vertex 16 32.6265 5.31259
      vertex 16 33.3382 2.6563
      vertex 16 32.977 5.39432
    endloop
  endfacet
  facet normal 1 0 0
    outer loop
      vertex 16 33.3382 2.6563
      vertex 16 32.6265 5.31259
      vertex 16 33.166 2.60406
    endloop
  endfacet
  facet normal 1 -0 0
    outer loop
      vertex 16 32.2821 5.20812
      vertex 16 33.166 2.60406
      vertex 16 32.6265 5.31259
    endloop
  endfacet
  facet normal 1 0 0
    outer loop
      vertex 16 33.166 2.60406
      vertex 16 32.2821 5.20812
      vertex 16 32.9976 2.54067
    endloop
  endfacet
  facet normal 1 -0 0
    outer loop
      vertex 16 31.9452 5.08134
      vertex 16 32.9976 2.54067
      vertex 16 32.2821 5.20812
    endloop
  endfacet
  facet normal 1 0 0
    outer loop
      vertex 16 32.9976 2.54067
      vertex 16 31.9452 5.08134
      vertex 16 32.8337 2.4664
    endloop
  endfacet
  facet normal 1 -0 0
    outer loop
      vertex 16 31.6174 4.9328
      vertex 16 32.8337 2.4664
      vertex 16 31.9452 5.08134
    endloop
  endfacet
  facet normal 1 0 0
    outer loop
      vertex 16 32.8337 2.4664
      vertex 16 31.6174 4.9328
      vertex 16 32.675 2.38157
    endloop
  endfacet
  facet normal 1 -0 0
    outer loop
      vertex 16 31.3 4.76314
      vertex 16 32.675 2.38157
      vertex 16 31.6174 4.9328
    endloop
  endfacet
  facet normal 1 0 0
    outer loop
      vertex 16 32.675 2.38157
      vertex 16 31.3 4.76314
      vertex 16 32.5222 2.28654
    endloop
  endfacet
  facet normal 1 -0 0
    outer loop
      vertex 16 30.9944 4.57308
      vertex 16 32.5222 2.28654
      vertex 16 31.3 4.76314
    endloop
  endfacet
  facet normal 1 0 0
    outer loop
      vertex 16 32.5222 2.28654
      vertex 16 30.9944 4.57308
      vertex 16 32.3759 2.18172
    endloop
  endfacet
  facet normal 1 -0 0
    outer loop
      vertex 16 30.7018 4.36344
      vertex 16 32.3759 2.18172
      vertex 16 30.9944 4.57308
    endloop
  endfacet
  facet normal 1 0 0
    outer loop
      vertex 16 32.3759 2.18172
      vertex 16 30.7018 4.36344
      vertex 16 32.2368 2.06756
    endloop
  endfacet
  facet normal 1 -0 0
    outer loop
      vertex 16 30.4236 4.13512
      vertex 16 32.2368 2.06756
      vertex 16 30.7018 4.36344
    endloop
  endfacet
  facet normal 1 0 0
    outer loop
      vertex 16 32.2368 2.06756
      vertex 16 30.4236 4.13512
      vertex 16 32.1055 1.94454
    endloop
  endfacet
  facet normal 1 -0 0
    outer loop
      vertex 16 30.1609 3.88909
      vertex 16 32.1055 1.94454
      vertex 16 30.4236 4.13512
    endloop
  endfacet
  facet normal 1 0 0
    outer loop
      vertex 16 32.1055 1.94454
      vertex 16 30.1609 3.88909
      vertex 16 31.9824 1.8132
    endloop
  endfacet
  facet normal 1 -0 0
    outer loop
      vertex 16 29.9149 3.6264
      vertex 16 31.9824 1.8132
      vertex 16 30.1609 3.88909
    endloop
  endfacet
  facet normal 1 0 0
    outer loop
      vertex 16 31.9824 1.8132
      vertex 16 29.9149 3.6264
      vertex 16 31.8683 1.67409
    endloop
  endfacet
  facet normal 1 -0 0
    outer loop
      vertex 16 29.6866 3.34819
      vertex 16 31.8683 1.67409
      vertex 16 29.9149 3.6264
    endloop
  endfacet
  facet normal 1 0 0
    outer loop
      vertex 16 31.8683 1.67409
      vertex 16 29.6866 3.34819
      vertex 16 31.7635 1.52782
    endloop
  endfacet
  facet normal 1 -0 0
    outer loop
      vertex 16 29.4769 3.05564
      vertex 16 31.7635 1.52782
      vertex 16 29.6866 3.34819
    endloop
  endfacet
  facet normal 1 0 0
    outer loop
      vertex 16 31.7635 1.52782
      vertex 16 29.4769 3.05564
      vertex 16 31.6684 1.375
    endloop
  endfacet
  facet normal 1 -0 0
    outer loop
      vertex 16 29.2869 2.75
      vertex 16 31.6684 1.375
      vertex 16 29.4769 3.05564
    endloop
  endfacet
  facet normal 1 0 0
    outer loop
      vertex 16 31.6684 1.375
      vertex 16 29.2869 2.75
      vertex 16 31.5836 1.21629
    endloop
  endfacet
  facet normal 1 0 0
    outer loop
      vertex 16 36.8 0
      vertex 16 39.55 0
      vertex 16 39.5382 0.359716
    endloop
  endfacet
  facet normal 1 0 0
    outer loop
      vertex 16 36.7941 0.179858
      vertex 16 39.5382 0.359716
      vertex 16 39.5029 0.717894
    endloop
  endfacet
  facet normal 1 0 0
    outer loop
      vertex 16 39.55 0
      vertex 16 36.8 0
      vertex 16 39.5382 -0.359716
    endloop
  endfacet
  facet normal 1 0 0
    outer loop
      vertex 16 36.7941 0.179858
      vertex 16 39.5029 0.717894
      vertex 16 39.4443 1.073
    endloop
  endfacet
  facet normal 1 -0 0
    outer loop
      vertex 16 36.7941 -0.179858
      vertex 16 39.5382 -0.359716
      vertex 16 36.8 0
    endloop
  endfacet
  facet normal 1 0 0
    outer loop
      vertex 16 36.7941 0.179858
      vertex 16 39.4443 1.073
      vertex 16 39.3626 1.4235
    endloop
  endfacet
  facet normal 1 0 0
    outer loop
      vertex 16 39.5382 -0.359716
      vertex 16 36.7941 -0.179858
      vertex 16 39.5029 -0.717894
    endloop
  endfacet
  facet normal 1 0 0
    outer loop
      vertex 16 36.7941 0.179858
      vertex 16 39.3626 1.4235
      vertex 16 39.2581 1.76792
    endloop
  endfacet
  facet normal 1 -0 0
    outer loop
      vertex 16 36.7765 -0.358947
      vertex 16 39.5029 -0.717894
      vertex 16 36.7941 -0.179858
    endloop
  endfacet
  facet normal 1 0 0
    outer loop
      vertex 16 36.7941 0.179858
      vertex 16 39.2581 1.76792
      vertex 16 39.1313 2.10476
    endloop
  endfacet
  facet normal 1 0 0
    outer loop
      vertex 16 39.5029 -0.717894
      vertex 16 36.7765 -0.358947
      vertex 16 39.4443 -1.073
    endloop
  endfacet
  facet normal 1 0 0
    outer loop
      vertex 16 36.7941 0.179858
      vertex 16 39.1313 2.10476
      vertex 16 38.9828 2.43259
    endloop
  endfacet
  facet normal 1 -0 0
    outer loop
      vertex 16 36.7472 -0.536498
      vertex 16 39.4443 -1.073
      vertex 16 36.7765 -0.358947
    endloop
  endfacet
  facet normal 1 0 0
    outer loop
      vertex 16 36.7941 0.179858
      vertex 16 38.9828 2.43259
      vertex 16 38.8131 2.75
    endloop
  endfacet
  facet normal 1 0 0
    outer loop
      vertex 16 39.4443 -1.073
      vertex 16 36.7472 -0.536498
      vertex 16 39.3626 -1.4235
    endloop
  endfacet
  facet normal 1 0 0
    outer loop
      vertex 16 36.7941 0.179858
      vertex 16 38.8131 2.75
      vertex 16 38.6231 3.05564
    endloop
  endfacet
  facet normal 1 -0 0
    outer loop
      vertex 16 36.7063 -0.711752
      vertex 16 39.3626 -1.4235
      vertex 16 36.7472 -0.536498
    endloop
  endfacet
  facet normal 1 0 0
    outer loop
      vertex 16 36.7941 0.179858
      vertex 16 38.6231 3.05564
      vertex 16 38.4134 3.34819
    endloop
  endfacet
  facet normal 1 0 0
    outer loop
      vertex 16 39.3626 -1.4235
      vertex 16 36.7063 -0.711752
      vertex 16 39.2581 -1.76792
    endloop
  endfacet
  facet normal 1 0 0
    outer loop
      vertex 16 36.7941 0.179858
      vertex 16 38.4134 3.34819
      vertex 16 38.1851 3.6264
    endloop
  endfacet
  facet normal 1 -0 0
    outer loop
      vertex 16 36.6541 -0.883958
      vertex 16 39.2581 -1.76792
      vertex 16 36.7063 -0.711752
    endloop
  endfacet
  facet normal 1 0 0
    outer loop
      vertex 16 36.7941 0.179858
      vertex 16 38.1851 3.6264
      vertex 16 37.9391 3.88909
    endloop
  endfacet
  facet normal 1 0 0
    outer loop
      vertex 16 39.2581 -1.76792
      vertex 16 36.6541 -0.883958
      vertex 16 39.1313 -2.10476
    endloop
  endfacet
  facet normal 1 0 0
    outer loop
      vertex 16 36.7941 0.179858
      vertex 16 37.9391 3.88909
      vertex 16 37.6764 4.13512
    endloop
  endfacet
  facet normal 1 -0 0
    outer loop
      vertex 16 36.5907 -1.05238
      vertex 16 39.1313 -2.10476
      vertex 16 36.6541 -0.883958
    endloop
  endfacet
  facet normal 1 0 0
    outer loop
      vertex 16 36.7941 0.179858
      vertex 16 37.6764 4.13512
      vertex 16 37.3982 4.36344
    endloop
  endfacet
  facet normal 1 0 0
    outer loop
      vertex 16 39.1313 -2.10476
      vertex 16 36.5907 -1.05238
      vertex 16 38.9828 -2.43259
    endloop
  endfacet
  facet normal 1 0 0
    outer loop
      vertex 16 36.7941 0.179858
      vertex 16 37.3982 4.36344
      vertex 16 37.1056 4.57308
    endloop
  endfacet
  facet normal 1 -0 0
    outer loop
      vertex 16 36.5164 -1.21629
      vertex 16 38.9828 -2.43259
      vertex 16 36.5907 -1.05238
    endloop
  endfacet
  facet normal 1 0 0
    outer loop
      vertex 16 35.5778 2.28654
      vertex 16 37.1056 4.57308
      vertex 16 36.8 4.76314
    endloop
  endfacet
  facet normal 1 0 0
    outer loop
      vertex 16 38.9828 -2.43259
      vertex 16 36.5164 -1.21629
      vertex 16 38.8131 -2.75
    endloop
  endfacet
  facet normal 1 -0 0
    outer loop
      vertex 16 36.4316 -1.375
      vertex 16 38.8131 -2.75
      vertex 16 36.5164 -1.21629
    endloop
  endfacet
  facet normal 1 0 0
    outer loop
      vertex 16 38.8131 -2.75
      vertex 16 36.4316 -1.375
      vertex 16 38.6231 -3.05564
    endloop
  endfacet
  facet normal 1 -0 0
    outer loop
      vertex 16 36.3365 -1.52782
      vertex 16 38.6231 -3.05564
      vertex 16 36.4316 -1.375
    endloop
  endfacet
  facet normal 1 0 0
    outer loop
      vertex 16 38.6231 -3.05564
      vertex 16 36.3365 -1.52782
      vertex 16 38.4134 -3.34819
    endloop
  endfacet
  facet normal 1 -0 0
    outer loop
      vertex 16 36.2317 -1.67409
      vertex 16 38.4134 -3.34819
      vertex 16 36.3365 -1.52782
    endloop
  endfacet
  facet normal 1 0 0
    outer loop
      vertex 16 38.4134 -3.34819
      vertex 16 36.2317 -1.67409
      vertex 16 38.1851 -3.6264
    endloop
  endfacet
  facet normal 1 -0 0
    outer loop
      vertex 16 36.1176 -1.8132
      vertex 16 38.1851 -3.6264
      vertex 16 36.2317 -1.67409
    endloop
  endfacet
  facet normal 1 0 0
    outer loop
      vertex 16 38.1851 -3.6264
      vertex 16 36.1176 -1.8132
      vertex 16 37.9391 -3.88909
    endloop
  endfacet
  facet normal 1 -0 0
    outer loop
      vertex 16 35.9945 -1.94454
      vertex 16 37.9391 -3.88909
      vertex 16 36.1176 -1.8132
    endloop
  endfacet
  facet normal 1 0 0
    outer loop
      vertex 16 37.9391 -3.88909
      vertex 16 35.9945 -1.94454
      vertex 16 37.6764 -4.13512
    endloop
  endfacet
  facet normal 1 -0 0
    outer loop
      vertex 16 35.8632 -2.06756
      vertex 16 37.6764 -4.13512
      vertex 16 35.9945 -1.94454
    endloop
  endfacet
  facet normal 1 0 0
    outer loop
      vertex 16 37.6764 -4.13512
      vertex 16 35.8632 -2.06756
      vertex 16 37.3982 -4.36344
    endloop
  endfacet
  facet normal 1 -0 0
    outer loop
      vertex 16 35.7241 -2.18172
      vertex 16 37.3982 -4.36344
      vertex 16 35.8632 -2.06756
    endloop
  endfacet
  facet normal 1 0 0
    outer loop
      vertex 16 37.3982 -4.36344
      vertex 16 35.7241 -2.18172
      vertex 16 37.1056 -4.57308
    endloop
  endfacet
  facet normal 1 -0 0
    outer loop
      vertex 16 35.5778 -2.28654
      vertex 16 37.1056 -4.57308
      vertex 16 35.7241 -2.18172
    endloop
  endfacet
  facet normal 1 0 0
    outer loop
      vertex 16 37.1056 -4.57308
      vertex 16 35.5778 -2.28654
      vertex 16 36.8 -4.76314
    endloop
  endfacet
  facet normal 1 -0 0
    outer loop
      vertex 16 35.425 -2.38157
      vertex 16 36.8 -4.76314
      vertex 16 35.5778 -2.28654
    endloop
  endfacet
  facet normal 1 0 0
    outer loop
      vertex 16 36.8 -4.76314
      vertex 16 35.425 -2.38157
      vertex 16 36.4826 -4.9328
    endloop
  endfacet
  facet normal 1 -0 0
    outer loop
      vertex 16 35.2663 -2.4664
      vertex 16 36.4826 -4.9328
      vertex 16 35.425 -2.38157
    endloop
  endfacet
  facet normal 1 0 0
    outer loop
      vertex 16 36.4826 -4.9328
      vertex 16 35.2663 -2.4664
      vertex 16 36.1548 -5.08134
    endloop
  endfacet
  facet normal 1 -0 0
    outer loop
      vertex 16 35.1024 -2.54067
      vertex 16 36.1548 -5.08134
      vertex 16 35.2663 -2.4664
    endloop
  endfacet
  facet normal 1 0 0
    outer loop
      vertex 16 36.1548 -5.08134
      vertex 16 35.1024 -2.54067
      vertex 16 35.8179 -5.20812
    endloop
  endfacet
  facet normal 1 -0 0
    outer loop
      vertex 16 34.934 -2.60406
      vertex 16 35.8179 -5.20812
      vertex 16 35.1024 -2.54067
    endloop
  endfacet
  facet normal 1 0 0
    outer loop
      vertex 16 35.8179 -5.20812
      vertex 16 34.934 -2.60406
      vertex 16 35.4735 -5.31259
    endloop
  endfacet
  facet normal 1 -0 0
    outer loop
      vertex 16 34.7618 -2.6563
      vertex 16 35.4735 -5.31259
      vertex 16 34.934 -2.60406
    endloop
  endfacet
  facet normal 1 0 0
    outer loop
      vertex 16 35.4735 -5.31259
      vertex 16 34.7618 -2.6563
      vertex 16 35.123 -5.39432
    endloop
  endfacet
  facet normal 1 -0 0
    outer loop
      vertex 16 34.5865 -2.69716
      vertex 16 35.123 -5.39432
      vertex 16 34.7618 -2.6563
    endloop
  endfacet
  facet normal 1 0 0
    outer loop
      vertex 16 35.123 -5.39432
      vertex 16 34.5865 -2.69716
      vertex 16 34.7679 -5.45295
    endloop
  endfacet
  facet normal 1 -0 0
    outer loop
      vertex 16 34.4089 -2.72647
      vertex 16 34.7679 -5.45295
      vertex 16 34.5865 -2.69716
    endloop
  endfacet
  facet normal 1 0 0
    outer loop
      vertex 16 34.7679 -5.45295
      vertex 16 34.4089 -2.72647
      vertex 16 34.4097 -5.48822
    endloop
  endfacet
  facet normal 1 -0 0
    outer loop
      vertex 16 34.2299 -2.74411
      vertex 16 34.4097 -5.48822
      vertex 16 34.4089 -2.72647
    endloop
  endfacet
  facet normal 1 -0 0
    outer loop
      vertex 16 34.05 -2.75
      vertex 16 34.4097 -5.48822
      vertex 16 34.2299 -2.74411
    endloop
  endfacet
  facet normal 1 0 0
    outer loop
      vertex 16 34.05 -2.75
      vertex 16 34.05 -5.5
      vertex 16 34.4097 -5.48822
    endloop
  endfacet
  facet normal 1 0 0
    outer loop
      vertex 16 33.8701 -2.74411
      vertex 16 34.05 -5.5
      vertex 16 34.05 -2.75
    endloop
  endfacet
  facet normal 1 0 0
    outer loop
      vertex 16 33.6911 -2.72647
      vertex 16 34.05 -5.5
      vertex 16 33.8701 -2.74411
    endloop
  endfacet
  facet normal 1 0 0
    outer loop
      vertex 16 33.5135 -2.69716
      vertex 16 34.05 -5.5
      vertex 16 33.6911 -2.72647
    endloop
  endfacet
  facet normal 1 0 0
    outer loop
      vertex 16 33.3382 -2.6563
      vertex 16 34.05 -5.5
      vertex 16 33.5135 -2.69716
    endloop
  endfacet
  facet normal 1 0 0
    outer loop
      vertex 16 33.166 -2.60406
      vertex 16 34.05 -5.5
      vertex 16 33.3382 -2.6563
    endloop
  endfacet
  facet normal 1 0 0
    outer loop
      vertex 16 32.9976 -2.54067
      vertex 16 34.05 -5.5
      vertex 16 33.166 -2.60406
    endloop
  endfacet
  facet normal 1 0 0
    outer loop
      vertex 16 32.8337 -2.4664
      vertex 16 34.05 -5.5
      vertex 16 32.9976 -2.54067
    endloop
  endfacet
  facet normal 1 0 0
    outer loop
      vertex 16 32.675 -2.38157
      vertex 16 34.05 -5.5
      vertex 16 32.8337 -2.4664
    endloop
  endfacet
  facet normal 1 0 0
    outer loop
      vertex 16 32.5222 -2.28654
      vertex 16 34.05 -5.5
      vertex 16 32.675 -2.38157
    endloop
  endfacet
  facet normal 1 0 0
    outer loop
      vertex 16 32.3759 -2.18172
      vertex 16 34.05 -5.5
      vertex 16 32.5222 -2.28654
    endloop
  endfacet
  facet normal 1 0 0
    outer loop
      vertex 16 26.4783 -5.5
      vertex 16 32.3759 -2.18172
      vertex 16 32.2368 -2.06756
    endloop
  endfacet
  facet normal 1 0 0
    outer loop
      vertex 16 26.4783 -5.5
      vertex 16 32.2368 -2.06756
      vertex 16 32.1055 -1.94454
    endloop
  endfacet
  facet normal 1 0 0
    outer loop
      vertex 16 26.4783 -5.5
      vertex 16 32.1055 -1.94454
      vertex 16 31.9824 -1.8132
    endloop
  endfacet
  facet normal 1 0 0
    outer loop
      vertex 16 26.4783 -5.5
      vertex 16 31.9824 -1.8132
      vertex 16 31.8683 -1.67409
    endloop
  endfacet
  facet normal 1 0 0
    outer loop
      vertex 16 26.4783 -5.5
      vertex 16 31.8683 -1.67409
      vertex 16 31.7635 -1.52782
    endloop
  endfacet
  facet normal 1 0 0
    outer loop
      vertex 16 28.55 0
      vertex 16 31.7635 -1.52782
      vertex 16 31.6684 -1.375
    endloop
  endfacet
  facet normal 1 -0 0
    outer loop
      vertex 16 29.1172 2.43259
      vertex 16 31.5836 1.21629
      vertex 16 29.2869 2.75
    endloop
  endfacet
  facet normal 1 0 0
    outer loop
      vertex 16 31.5836 1.21629
      vertex 16 29.1172 2.43259
      vertex 16 31.5093 1.05238
    endloop
  endfacet
  facet normal 1 -0 0
    outer loop
      vertex 16 28.9687 2.10476
      vertex 16 31.5093 1.05238
      vertex 16 29.1172 2.43259
    endloop
  endfacet
  facet normal 1 0 0
    outer loop
      vertex 16 31.5093 1.05238
      vertex 16 28.9687 2.10476
      vertex 16 31.4459 0.883958
    endloop
  endfacet
  facet normal 1 -0 0
    outer loop
      vertex 16 28.8419 1.76792
      vertex 16 31.4459 0.883958
      vertex 16 28.9687 2.10476
    endloop
  endfacet
  facet normal 1 0 0
    outer loop
      vertex 16 31.4459 0.883958
      vertex 16 28.8419 1.76792
      vertex 16 31.3937 0.711752
    endloop
  endfacet
  facet normal 1 -0 0
    outer loop
      vertex 16 28.7374 1.4235
      vertex 16 31.3937 0.711752
      vertex 16 28.8419 1.76792
    endloop
  endfacet
  facet normal 1 0 0
    outer loop
      vertex 16 31.3937 0.711752
      vertex 16 28.7374 1.4235
      vertex 16 31.3528 0.536498
    endloop
  endfacet
  facet normal 1 -0 0
    outer loop
      vertex 16 28.6557 1.073
      vertex 16 31.3528 0.536498
      vertex 16 28.7374 1.4235
    endloop
  endfacet
  facet normal 1 0 0
    outer loop
      vertex 16 31.3528 0.536498
      vertex 16 28.6557 1.073
      vertex 16 31.3235 0.358947
    endloop
  endfacet
  facet normal 1 -0 0
    outer loop
      vertex 16 28.5971 0.717894
      vertex 16 31.3235 0.358947
      vertex 16 28.6557 1.073
    endloop
  endfacet
  facet normal 1 0 0
    outer loop
      vertex 16 31.3235 0.358947
      vertex 16 28.5971 0.717894
      vertex 16 31.3059 0.179858
    endloop
  endfacet
  facet normal 1 -0 0
    outer loop
      vertex 16 28.5618 0.359716
      vertex 16 31.3059 0.179858
      vertex 16 28.5971 0.717894
    endloop
  endfacet
  facet normal 1 0 0
    outer loop
      vertex 16 31.3059 0.179858
      vertex 16 28.5618 0.359716
      vertex 16 31.3 0
    endloop
  endfacet
  facet normal 1 0 0
    outer loop
      vertex 16 28.55 0
      vertex 16 31.3 0
      vertex 16 28.5618 0.359716
    endloop
  endfacet
  facet normal 1 0 0
    outer loop
      vertex 16 31.3 0
      vertex 16 28.55 0
      vertex 16 31.3059 -0.179858
    endloop
  endfacet
  facet normal 1 0 0
    outer loop
      vertex 16 31.3059 -0.179858
      vertex 16 28.55 0
      vertex 16 31.3235 -0.358947
    endloop
  endfacet
  facet normal 1 0 0
    outer loop
      vertex 16 31.3235 -0.358947
      vertex 16 28.55 0
      vertex 16 31.3528 -0.536498
    endloop
  endfacet
  facet normal 1 0 0
    outer loop
      vertex 16 31.3528 -0.536498
      vertex 16 28.55 0
      vertex 16 31.3937 -0.711752
    endloop
  endfacet
  facet normal 1 0 0
    outer loop
      vertex 16 31.3937 -0.711752
      vertex 16 28.55 0
      vertex 16 31.4459 -0.883958
    endloop
  endfacet
  facet normal 1 0 0
    outer loop
      vertex 16 31.4459 -0.883958
      vertex 16 28.55 0
      vertex 16 31.5093 -1.05238
    endloop
  endfacet
  facet normal 1 0 0
    outer loop
      vertex 16 31.5093 -1.05238
      vertex 16 28.55 0
      vertex 16 31.5836 -1.21629
    endloop
  endfacet
  facet normal 1 0 0
    outer loop
      vertex 16 31.5836 -1.21629
      vertex 16 28.55 0
      vertex 16 31.6684 -1.375
    endloop
  endfacet
  facet normal 1 0 0
    outer loop
      vertex 16 31.7635 -1.52782
      vertex 16 28.55 0
      vertex 16 26.4783 -5.5
    endloop
  endfacet
  facet normal 1 0 0
    outer loop
      vertex 16 32.3759 -2.18172
      vertex 16 26.4783 -5.5
      vertex 16 34.05 -5.5
    endloop
  endfacet
  facet normal 1 0 0
    outer loop
      vertex 16 20.3327 -5.44814
      vertex 16 26.1283 -7.00105
      vertex 16 26.4783 -5.5
    endloop
  endfacet
  facet normal 1 0 0
    outer loop
      vertex 16 25.05 -0.799999
      vertex 16 28.55 0
      vertex 16 25.05 0
    endloop
  endfacet
  facet normal 1 0 0
    outer loop
      vertex 16 28.55 0
      vertex 16 25.05 -0.799999
      vertex 16 26.4783 -5.5
    endloop
  endfacet
  facet normal 1 -0 0
    outer loop
      vertex 16 20.8699 -2.74758
      vertex 16 26.4783 -5.5
      vertex 16 25.05 -0.799999
    endloop
  endfacet
  facet normal 1 -0 0
    outer loop
      vertex 16 20.3327 -5.44814
      vertex 16 26.4783 -5.5
      vertex 16 20.6455 -4.10665
    endloop
  endfacet
  facet normal 1 0 0
    outer loop
      vertex 16 26.1283 -7.00105
      vertex 16 20.3327 -5.44814
      vertex 16 25.6145 -8.69494
    endloop
  endfacet
  facet normal 1 0 0
    outer loop
      vertex 16 25.6145 -8.69494
      vertex 16 19.9329 -6.7663
      vertex 16 24.9909 -10.3516
    endloop
  endfacet
  facet normal 1 -0 0
    outer loop
      vertex 16 19.4477 -8.05549
      vertex 16 24.9909 -10.3516
      vertex 16 19.9329 -6.7663
    endloop
  endfacet
  facet normal 1 -0 0
    outer loop
      vertex 16 18.8792 -9.31018
      vertex 16 24.2604 -11.9639
      vertex 16 19.4477 -8.05549
    endloop
  endfacet
  facet normal 1 0 0
    outer loop
      vertex 16 21.0049 -1.37674
      vertex 16 25.05 -0.799999
      vertex 16 21.0238 -0.799999
    endloop
  endfacet
  facet normal 1 0 0
    outer loop
      vertex 16 20.8699 -2.74758
      vertex 16 25.05 -0.799999
      vertex 16 21.0049 -1.37674
    endloop
  endfacet
  facet normal 1 0 0
    outer loop
      vertex 16 26.4783 -5.5
      vertex 16 20.8699 -2.74758
      vertex 16 20.6455 -4.10665
    endloop
  endfacet
  facet normal 1 -0 0
    outer loop
      vertex 16 19.9329 -6.7663
      vertex 16 25.6145 -8.69494
      vertex 16 20.3327 -5.44814
    endloop
  endfacet
  facet normal 1 0 0
    outer loop
      vertex 16 24.9909 -10.3516
      vertex 16 19.4477 -8.05549
      vertex 16 24.2604 -11.9639
    endloop
  endfacet
  facet normal 1 0 0
    outer loop
      vertex 16 24.2604 -11.9639
      vertex 16 18.8792 -9.31018
      vertex 16 23.426 -13.525
    endloop
  endfacet
  facet normal 1 -0 0
    outer loop
      vertex 16 18.2298 -10.525
      vertex 16 23.426 -13.525
      vertex 16 18.8792 -9.31018
    endloop
  endfacet
  facet normal 1 0 0
    outer loop
      vertex 16 23.426 -13.525
      vertex 16 18.2298 -10.525
      vertex 16 22.4913 -15.0282
    endloop
  endfacet
  facet normal 1 -0 0
    outer loop
      vertex 16 17.5024 -11.6948
      vertex 16 22.4913 -15.0282
      vertex 16 18.2298 -10.525
    endloop
  endfacet
  facet normal 1 0 0
    outer loop
      vertex 16 22.4913 -15.0282
      vertex 16 17.5024 -11.6948
      vertex 16 21.4602 -16.467
    endloop
  endfacet
  facet normal 1 -0 0
    outer loop
      vertex 16 16.7001 -12.8144
      vertex 16 21.4602 -16.467
      vertex 16 17.5024 -11.6948
    endloop
  endfacet
  facet normal 1 0 0
    outer loop
      vertex 16 21.4602 -16.467
      vertex 16 16.7001 -12.8144
      vertex 16 20.3373 -17.8353
    endloop
  endfacet
  facet normal 1 -0 0
    outer loop
      vertex 16 15.8262 -13.8792
      vertex 16 20.3373 -17.8353
      vertex 16 16.7001 -12.8144
    endloop
  endfacet
  facet normal 1 0 0
    outer loop
      vertex 16 20.3373 -17.8353
      vertex 16 15.8262 -13.8792
      vertex 16 19.1272 -19.1272
    endloop
  endfacet
  facet normal 1 -0 0
    outer loop
      vertex 16 14.8846 -14.8846
      vertex 16 19.1272 -19.1272
      vertex 16 15.8262 -13.8792
    endloop
  endfacet
  facet normal 1 0 0
    outer loop
      vertex 16 19.1272 -19.1272
      vertex 16 14.8846 -14.8846
      vertex 16 17.8353 -20.3373
    endloop
  endfacet
  facet normal 1 -0 0
    outer loop
      vertex 16 13.8792 -15.8262
      vertex 16 17.8353 -20.3373
      vertex 16 14.8846 -14.8846
    endloop
  endfacet
  facet normal 1 0 0
    outer loop
      vertex 16 17.8353 -20.3373
      vertex 16 13.8792 -15.8262
      vertex 16 16.467 -21.4602
    endloop
  endfacet
  facet normal 1 -0 0
    outer loop
      vertex 16 12.8144 -16.7001
      vertex 16 16.467 -21.4602
      vertex 16 13.8792 -15.8262
    endloop
  endfacet
  facet normal 1 0 0
    outer loop
      vertex 16 16.467 -21.4602
      vertex 16 12.8144 -16.7001
      vertex 16 15.0282 -22.4913
    endloop
  endfacet
  facet normal 1 -0 0
    outer loop
      vertex 16 11.6948 -17.5024
      vertex 16 15.0282 -22.4913
      vertex 16 12.8144 -16.7001
    endloop
  endfacet
  facet normal 1 0 0
    outer loop
      vertex 16 15.0282 -22.4913
      vertex 16 11.6948 -17.5024
      vertex 16 13.525 -23.426
    endloop
  endfacet
  facet normal 1 -0 0
    outer loop
      vertex 16 10.525 -18.2298
      vertex 16 13.525 -23.426
      vertex 16 11.6948 -17.5024
    endloop
  endfacet
  facet normal 1 0 0
    outer loop
      vertex 16 13.525 -23.426
      vertex 16 10.525 -18.2298
      vertex 16 11.9639 -24.2604
    endloop
  endfacet
  facet normal 1 -0 0
    outer loop
      vertex 16 9.31018 -18.8792
      vertex 16 11.9639 -24.2604
      vertex 16 10.525 -18.2298
    endloop
  endfacet
  facet normal 1 0 0
    outer loop
      vertex 16 11.9639 -24.2604
      vertex 16 9.31018 -18.8792
      vertex 16 10.3516 -24.9909
    endloop
  endfacet
  facet normal 1 -0 0
    outer loop
      vertex 16 8.05549 -19.4477
      vertex 16 10.3516 -24.9909
      vertex 16 9.31018 -18.8792
    endloop
  endfacet
  facet normal 1 0 0
    outer loop
      vertex 16 10.3516 -24.9909
      vertex 16 8.05549 -19.4477
      vertex 16 8.69494 -25.6145
    endloop
  endfacet
  facet normal 1 -0 0
    outer loop
      vertex 16 6.7663 -19.9329
      vertex 16 8.69494 -25.6145
      vertex 16 8.05549 -19.4477
    endloop
  endfacet
  facet normal 1 0 0
    outer loop
      vertex 16 8.69494 -25.6145
      vertex 16 6.7663 -19.9329
      vertex 16 7.00105 -26.1283
    endloop
  endfacet
  facet normal 1 -0 0
    outer loop
      vertex 16 5.44814 -20.3327
      vertex 16 7.00105 -26.1283
      vertex 16 6.7663 -19.9329
    endloop
  endfacet
  facet normal 1 0 0
    outer loop
      vertex 16 5.44814 -20.3327
      vertex 16 5.27719 -26.5302
      vertex 16 7.00105 -26.1283
    endloop
  endfacet
  facet normal 1 -0 0
    outer loop
      vertex 16 4.10665 -20.6455
      vertex 16 5.27719 -26.5302
      vertex 16 5.44814 -20.3327
    endloop
  endfacet
  facet normal 1 0 0
    outer loop
      vertex 16 4.10665 -20.6455
      vertex 16 3.53073 -26.8186
      vertex 16 5.27719 -26.5302
    endloop
  endfacet
  facet normal 1 -0 0
    outer loop
      vertex 16 2.74758 -20.8699
      vertex 16 3.53073 -26.8186
      vertex 16 4.10665 -20.6455
    endloop
  endfacet
  facet normal 1 0 0
    outer loop
      vertex 16 2.74758 -20.8699
      vertex 16 1.76915 -26.9921
      vertex 16 3.53073 -26.8186
    endloop
  endfacet
  facet normal 1 -0 0
    outer loop
      vertex 16 1.37674 -21.0049
      vertex 16 1.76915 -26.9921
      vertex 16 2.74758 -20.8699
    endloop
  endfacet
  facet normal 1 -0 0
    outer loop
      vertex 16 0 -21.05
      vertex 16 1.76915 -26.9921
      vertex 16 1.37674 -21.0049
    endloop
  endfacet
  facet normal 1 0 0
    outer loop
      vertex 16 0 -21.05
      vertex 16 0 -27.05
      vertex 16 1.76915 -26.9921
    endloop
  endfacet
  facet normal 1 0 0
    outer loop
      vertex 16 -1.37674 -21.0049
      vertex 16 0 -27.05
      vertex 16 0 -21.05
    endloop
  endfacet
  facet normal 1 0 0
    outer loop
      vertex 16 -1.37674 -21.0049
      vertex 16 -1.76915 -26.9921
      vertex 16 0 -27.05
    endloop
  endfacet
  facet normal 1 0 0
    outer loop
      vertex 16 -2.74758 -20.8699
      vertex 16 -1.76915 -26.9921
      vertex 16 -1.37674 -21.0049
    endloop
  endfacet
  facet normal 1 0 0
    outer loop
      vertex 16 -2.74758 -20.8699
      vertex 16 -3.53073 -26.8186
      vertex 16 -1.76915 -26.9921
    endloop
  endfacet
  facet normal 1 0 0
    outer loop
      vertex 16 -4.10665 -20.6455
      vertex 16 -3.53073 -26.8186
      vertex 16 -2.74758 -20.8699
    endloop
  endfacet
  facet normal 1 0 0
    outer loop
      vertex 16 -4.10665 -20.6455
      vertex 16 -5.27719 -26.5302
      vertex 16 -3.53073 -26.8186
    endloop
  endfacet
  facet normal 1 0 0
    outer loop
      vertex 16 -5.44814 -20.3327
      vertex 16 -5.27719 -26.5302
      vertex 16 -4.10665 -20.6455
    endloop
  endfacet
  facet normal 1 0 0
    outer loop
      vertex 16 -7.00105 -26.1283
      vertex 16 -5.44814 -20.3327
      vertex 16 -6.7663 -19.9329
    endloop
  endfacet
  facet normal 1 0 0
    outer loop
      vertex 16 -5.44814 -20.3327
      vertex 16 -7.00105 -26.1283
      vertex 16 -5.27719 -26.5302
    endloop
  endfacet
  facet normal 1 0 0
    outer loop
      vertex 16 -8.69494 -25.6145
      vertex 16 -6.7663 -19.9329
      vertex 16 -8.05549 -19.4477
    endloop
  endfacet
  facet normal 1 0 0
    outer loop
      vertex 16 -6.7663 -19.9329
      vertex 16 -8.69494 -25.6145
      vertex 16 -7.00105 -26.1283
    endloop
  endfacet
  facet normal 1 0 0
    outer loop
      vertex 16 -10.3516 -24.9909
      vertex 16 -8.05549 -19.4477
      vertex 16 -9.31018 -18.8792
    endloop
  endfacet
  facet normal 1 0 0
    outer loop
      vertex 16 -8.05549 -19.4477
      vertex 16 -10.3516 -24.9909
      vertex 16 -8.69494 -25.6145
    endloop
  endfacet
  facet normal 1 0 0
    outer loop
      vertex 16 -11.9639 -24.2604
      vertex 16 -9.31018 -18.8792
      vertex 16 -10.525 -18.2298
    endloop
  endfacet
  facet normal 1 0 0
    outer loop
      vertex 16 -13.525 -23.426
      vertex 16 -10.525 -18.2298
      vertex 16 -11.6948 -17.5024
    endloop
  endfacet
  facet normal 1 0 0
    outer loop
      vertex 16 -9.31018 -18.8792
      vertex 16 -11.9639 -24.2604
      vertex 16 -10.3516 -24.9909
    endloop
  endfacet
  facet normal 1 0 0
    outer loop
      vertex 16 -15.0282 -22.4913
      vertex 16 -11.6948 -17.5024
      vertex 16 -12.8144 -16.7001
    endloop
  endfacet
  facet normal 1 0 0
    outer loop
      vertex 16 -10.525 -18.2298
      vertex 16 -13.525 -23.426
      vertex 16 -11.9639 -24.2604
    endloop
  endfacet
  facet normal 1 0 0
    outer loop
      vertex 16 -16.467 -21.4602
      vertex 16 -12.8144 -16.7001
      vertex 16 -13.8792 -15.8262
    endloop
  endfacet
  facet normal 1 0 0
    outer loop
      vertex 16 -17.8353 -20.3373
      vertex 16 -13.8792 -15.8262
      vertex 16 -14.8846 -14.8846
    endloop
  endfacet
  facet normal 1 0 0
    outer loop
      vertex 16 -11.6948 -17.5024
      vertex 16 -15.0282 -22.4913
      vertex 16 -13.525 -23.426
    endloop
  endfacet
  facet normal 1 0 0
    outer loop
      vertex 16 -19.1272 -19.1272
      vertex 16 -14.8846 -14.8846
      vertex 16 -15.8262 -13.8792
    endloop
  endfacet
  facet normal 1 0 0
    outer loop
      vertex 16 -12.8144 -16.7001
      vertex 16 -16.467 -21.4602
      vertex 16 -15.0282 -22.4913
    endloop
  endfacet
  facet normal 1 0 0
    outer loop
      vertex 16 -20.3373 -17.8353
      vertex 16 -15.8262 -13.8792
      vertex 16 -16.7001 -12.8144
    endloop
  endfacet
  facet normal 1 0 0
    outer loop
      vertex 16 -21.4602 -16.467
      vertex 16 -16.7001 -12.8144
      vertex 16 -17.5024 -11.6948
    endloop
  endfacet
  facet normal 1 0 0
    outer loop
      vertex 16 -13.8792 -15.8262
      vertex 16 -17.8353 -20.3373
      vertex 16 -16.467 -21.4602
    endloop
  endfacet
  facet normal 1 0 0
    outer loop
      vertex 16 -22.4913 -15.0282
      vertex 16 -17.5024 -11.6948
      vertex 16 -18.2298 -10.525
    endloop
  endfacet
  facet normal 1 0 0
    outer loop
      vertex 16 -23.426 -13.525
      vertex 16 -18.2298 -10.525
      vertex 16 -18.8792 -9.31018
    endloop
  endfacet
  facet normal 1 0 0
    outer loop
      vertex 16 -14.8846 -14.8846
      vertex 16 -19.1272 -19.1272
      vertex 16 -17.8353 -20.3373
    endloop
  endfacet
  facet normal 1 0 0
    outer loop
      vertex 16 -24.2604 -11.9639
      vertex 16 -18.8792 -9.31018
      vertex 16 -19.4477 -8.05549
    endloop
  endfacet
  facet normal 1 0 0
    outer loop
      vertex 16 -24.9909 -10.3516
      vertex 16 -19.4477 -8.05549
      vertex 16 -19.9329 -6.7663
    endloop
  endfacet
  facet normal 1 0 0
    outer loop
      vertex 16 -25.6145 -8.69494
      vertex 16 -19.9329 -6.7663
      vertex 16 -20.3327 -5.44814
    endloop
  endfacet
  facet normal 1 0 0
    outer loop
      vertex 16 -15.8262 -13.8792
      vertex 16 -20.3373 -17.8353
      vertex 16 -19.1272 -19.1272
    endloop
  endfacet
  facet normal 1 0 0
    outer loop
      vertex 16 -26.1283 -7.00105
      vertex 16 -20.3327 -5.44814
      vertex 16 -20.6455 -4.10665
    endloop
  endfacet
  facet normal 1 0 0
    outer loop
      vertex 16 -26.5302 -5.27719
      vertex 16 -20.6455 -4.10665
      vertex 16 -20.8699 -2.74758
    endloop
  endfacet
  facet normal 1 0 0
    outer loop
      vertex 16 -26.8186 -3.53073
      vertex 16 -20.8699 -2.74758
      vertex 16 -21.0049 -1.37674
    endloop
  endfacet
  facet normal 1 0 0
    outer loop
      vertex 16 -16.7001 -12.8144
      vertex 16 -21.4602 -16.467
      vertex 16 -20.3373 -17.8353
    endloop
  endfacet
  facet normal 1 0 0
    outer loop
      vertex 16 -26.9921 -1.76915
      vertex 16 -21.0049 -1.37674
      vertex 16 -21.0238 -0.799999
    endloop
  endfacet
  facet normal 1 0 0
    outer loop
      vertex 16 -17.5024 -11.6948
      vertex 16 -22.4913 -15.0282
      vertex 16 -21.4602 -16.467
    endloop
  endfacet
  facet normal 1 0 0
    outer loop
      vertex 16 -18.2298 -10.525
      vertex 16 -23.426 -13.525
      vertex 16 -22.4913 -15.0282
    endloop
  endfacet
  facet normal 1 0 0
    outer loop
      vertex 16 -18.8792 -9.31018
      vertex 16 -24.2604 -11.9639
      vertex 16 -23.426 -13.525
    endloop
  endfacet
  facet normal 1 0 0
    outer loop
      vertex 16 -19.4477 -8.05549
      vertex 16 -24.9909 -10.3516
      vertex 16 -24.2604 -11.9639
    endloop
  endfacet
  facet normal 1 0 0
    outer loop
      vertex 16 -19.9329 -6.7663
      vertex 16 -25.6145 -8.69494
      vertex 16 -24.9909 -10.3516
    endloop
  endfacet
  facet normal 1 0 0
    outer loop
      vertex 16 -20.3327 -5.44814
      vertex 16 -26.1283 -7.00105
      vertex 16 -25.6145 -8.69494
    endloop
  endfacet
  facet normal 1 0 0
    outer loop
      vertex 16 -20.6455 -4.10665
      vertex 16 -26.5302 -5.27719
      vertex 16 -26.1283 -7.00105
    endloop
  endfacet
  facet normal 1 0 0
    outer loop
      vertex 16 -20.8699 -2.74758
      vertex 16 -26.8186 -3.53073
      vertex 16 -26.5302 -5.27719
    endloop
  endfacet
  facet normal 1 0 0
    outer loop
      vertex 16 -21.0049 -1.37674
      vertex 16 -26.9921 -1.76915
      vertex 16 -26.8186 -3.53073
    endloop
  endfacet
  facet normal 1 0 -0
    outer loop
      vertex 16 -26.9921 -1.76915
      vertex 16 -21.0238 -0.799999
      vertex 16 -27.0238 -0.799999
    endloop
  endfacet
  facet normal 0 0.973876 -0.227079
    outer loop
      vertex 16 26.1283 -7.00105
      vertex 6.7 26.4783 -5.5
      vertex 16 26.4783 -5.5
    endloop
  endfacet
  facet normal 0 0.973876 -0.227079
    outer loop
      vertex 6.7 26.4783 -5.5
      vertex 16 26.1283 -7.00105
      vertex -6.7 26.4783 -5.5
    endloop
  endfacet
  facet normal 0 0.973876 -0.227079
    outer loop
      vertex -16 26.1283 -7.00105
      vertex -6.7 26.4783 -5.5
      vertex 16 26.1283 -7.00105
    endloop
  endfacet
  facet normal 0 0.973876 -0.227079
    outer loop
      vertex -6.7 26.4783 -5.5
      vertex -16 26.1283 -7.00105
      vertex -16 26.4783 -5.5
    endloop
  endfacet
  facet normal 0 0.973927 -0.226861
    outer loop
      vertex 6.7 26.4783 -5.5
      vertex -6.7 26.5302 -5.27719
      vertex 6.7 26.5302 -5.27719
    endloop
  endfacet
  facet normal 0 0.973927 -0.226861
    outer loop
      vertex -6.7 26.5302 -5.27719
      vertex 6.7 26.4783 -5.5
      vertex -6.7 26.4783 -5.5
    endloop
  endfacet
  facet normal -0 0.032741 0.999464
    outer loop
      vertex -16 0 -21.05
      vertex 16 -1.37674 -21.0049
      vertex 16 0 -21.05
    endloop
  endfacet
  facet normal 0 0.032741 0.999464
    outer loop
      vertex 16 -1.37674 -21.0049
      vertex -16 0 -21.05
      vertex -16 -1.37674 -21.0049
    endloop
  endfacet
  facet normal 0 -0.0980057 0.995186
    outer loop
      vertex -16 2.74758 -20.8699
      vertex 16 1.37674 -21.0049
      vertex 16 2.74758 -20.8699
    endloop
  endfacet
  facet normal 0 -0.0980057 0.995186
    outer loop
      vertex 16 1.37674 -21.0049
      vertex -16 2.74758 -20.8699
      vertex -16 1.37674 -21.0049
    endloop
  endfacet
  facet normal 0 -0.032741 0.999464
    outer loop
      vertex -16 1.37674 -21.0049
      vertex 16 0 -21.05
      vertex 16 1.37674 -21.0049
    endloop
  endfacet
  facet normal 0 -0.032741 0.999464
    outer loop
      vertex 16 0 -21.05
      vertex -16 1.37674 -21.0049
      vertex -16 0 -21.05
    endloop
  endfacet
  facet normal 0 0.956952 0.290245
    outer loop
      vertex 16 -19.9329 -6.7663
      vertex -16 -20.3327 -5.44814
      vertex 16 -20.3327 -5.44814
    endloop
  endfacet
  facet normal 0 0.956952 0.290245
    outer loop
      vertex -16 -20.3327 -5.44814
      vertex 16 -19.9329 -6.7663
      vertex -16 -19.9329 -6.7663
    endloop
  endfacet
  facet normal 0 0.93591 0.352239
    outer loop
      vertex 16 -19.4477 -8.05549
      vertex -16 -19.9329 -6.7663
      vertex 16 -19.9329 -6.7663
    endloop
  endfacet
  facet normal 0 0.93591 0.352239
    outer loop
      vertex -16 -19.9329 -6.7663
      vertex 16 -19.4477 -8.05549
      vertex -16 -19.4477 -8.05549
    endloop
  endfacet
  facet normal 0 0.849211 0.528053
    outer loop
      vertex 16 -17.5024 -11.6948
      vertex -16 -18.2298 -10.525
      vertex 16 -18.2298 -10.525
    endloop
  endfacet
  facet normal 0 0.849211 0.528053
    outer loop
      vertex -16 -18.2298 -10.525
      vertex 16 -17.5024 -11.6948
      vertex -16 -17.5024 -11.6948
    endloop
  endfacet
  facet normal 0 -0.683569 0.729886
    outer loop
      vertex -16 14.8846 -14.8846
      vertex 16 13.8792 -15.8262
      vertex 16 14.8846 -14.8846
    endloop
  endfacet
  facet normal 0 -0.683569 0.729886
    outer loop
      vertex 16 13.8792 -15.8262
      vertex -16 14.8846 -14.8846
      vertex -16 13.8792 -15.8262
    endloop
  endfacet
  facet normal 0 0.999463 0.0327528
    outer loop
      vertex 16 -21.0049 -1.37674
      vertex -16 -21.0238 -0.799999
      vertex 16 -21.0238 -0.799999
    endloop
  endfacet
  facet normal 0 0.999463 0.0327528
    outer loop
      vertex -16 -21.0238 -0.799999
      vertex 16 -21.0049 -1.37674
      vertex -16 -21.0049 -1.37674
    endloop
  endfacet
  facet normal 0 0.986641 0.162907
    outer loop
      vertex 16 -20.6455 -4.10665
      vertex -16 -20.8699 -2.74758
      vertex 16 -20.8699 -2.74758
    endloop
  endfacet
  facet normal 0 0.986641 0.162907
    outer loop
      vertex -16 -20.8699 -2.74758
      vertex 16 -20.6455 -4.10665
      vertex -16 -20.6455 -4.10665
    endloop
  endfacet
  facet normal -0 0.634411 0.772996
    outer loop
      vertex -16 -12.8144 -16.7001
      vertex 16 -13.8792 -15.8262
      vertex 16 -12.8144 -16.7001
    endloop
  endfacet
  facet normal 0 0.634411 0.772996
    outer loop
      vertex 16 -13.8792 -15.8262
      vertex -16 -12.8144 -16.7001
      vertex -16 -13.8792 -15.8262
    endloop
  endfacet
  facet normal -0 0.582481 0.812845
    outer loop
      vertex -16 -11.6948 -17.5024
      vertex 16 -12.8144 -16.7001
      vertex 16 -11.6948 -17.5024
    endloop
  endfacet
  facet normal 0 0.582481 0.812845
    outer loop
      vertex 16 -12.8144 -16.7001
      vertex -16 -11.6948 -17.5024
      vertex -16 -12.8144 -16.7001
    endloop
  endfacet
  facet normal 0 -0.772996 0.634411
    outer loop
      vertex -16 15.8262 -13.8792
      vertex 16 16.7001 -12.8144
      vertex -16 16.7001 -12.8144
    endloop
  endfacet
  facet normal 0 -0.772996 0.634411
    outer loop
      vertex 16 16.7001 -12.8144
      vertex -16 15.8262 -13.8792
      vertex 16 15.8262 -13.8792
    endloop
  endfacet
  facet normal 0 -0.290245 0.956952
    outer loop
      vertex -16 6.7663 -19.9329
      vertex 16 5.44814 -20.3327
      vertex 16 6.7663 -19.9329
    endloop
  endfacet
  facet normal 0 -0.290245 0.956952
    outer loop
      vertex 16 5.44814 -20.3327
      vertex -16 6.7663 -19.9329
      vertex -16 5.44814 -20.3327
    endloop
  endfacet
  facet normal 0 -0.582481 0.812845
    outer loop
      vertex -16 12.8144 -16.7001
      vertex 16 11.6948 -17.5024
      vertex 16 12.8144 -16.7001
    endloop
  endfacet
  facet normal 0 -0.582481 0.812845
    outer loop
      vertex 16 11.6948 -17.5024
      vertex -16 12.8144 -16.7001
      vertex -16 11.6948 -17.5024
    endloop
  endfacet
  facet normal 0 -0.812845 0.582481
    outer loop
      vertex -16 16.7001 -12.8144
      vertex 16 17.5024 -11.6948
      vertex -16 17.5024 -11.6948
    endloop
  endfacet
  facet normal 0 -0.812845 0.582481
    outer loop
      vertex 16 17.5024 -11.6948
      vertex -16 16.7001 -12.8144
      vertex 16 16.7001 -12.8144
    endloop
  endfacet
  facet normal 0 -0.881902 0.471434
    outer loop
      vertex -16 18.2298 -10.525
      vertex 16 18.8792 -9.31018
      vertex -16 18.8792 -9.31018
    endloop
  endfacet
  facet normal 0 -0.881902 0.471434
    outer loop
      vertex 16 18.8792 -9.31018
      vertex -16 18.2298 -10.525
      vertex 16 18.2298 -10.525
    endloop
  endfacet
  facet normal 0 -0.634411 0.772996
    outer loop
      vertex -16 13.8792 -15.8262
      vertex 16 12.8144 -16.7001
      vertex 16 13.8792 -15.8262
    endloop
  endfacet
  facet normal 0 -0.634411 0.772996
    outer loop
      vertex 16 12.8144 -16.7001
      vertex -16 13.8792 -15.8262
      vertex -16 12.8144 -16.7001
    endloop
  endfacet
  facet normal 0 -0.93591 0.352239
    outer loop
      vertex -16 19.4477 -8.05549
      vertex 16 19.9329 -6.7663
      vertex -16 19.9329 -6.7663
    endloop
  endfacet
  facet normal 0 -0.93591 0.352239
    outer loop
      vertex 16 19.9329 -6.7663
      vertex -16 19.4477 -8.05549
      vertex 16 19.4477 -8.05549
    endloop
  endfacet
  facet normal 0 -0.956952 0.290245
    outer loop
      vertex -16 19.9329 -6.7663
      vertex 16 20.3327 -5.44814
      vertex -16 20.3327 -5.44814
    endloop
  endfacet
  facet normal 0 -0.956952 0.290245
    outer loop
      vertex 16 20.3327 -5.44814
      vertex -16 19.9329 -6.7663
      vertex 16 19.9329 -6.7663
    endloop
  endfacet
  facet normal 0 -0.412711 0.910862
    outer loop
      vertex -16 9.31018 -18.8792
      vertex 16 8.05549 -19.4477
      vertex 16 9.31018 -18.8792
    endloop
  endfacet
  facet normal 0 -0.412711 0.910862
    outer loop
      vertex 16 8.05549 -19.4477
      vertex -16 9.31018 -18.8792
      vertex -16 8.05549 -19.4477
    endloop
  endfacet
  facet normal 0 0.812845 0.582481
    outer loop
      vertex 16 -16.7001 -12.8144
      vertex -16 -17.5024 -11.6948
      vertex 16 -17.5024 -11.6948
    endloop
  endfacet
  facet normal 0 0.812845 0.582481
    outer loop
      vertex -16 -17.5024 -11.6948
      vertex 16 -16.7001 -12.8144
      vertex -16 -16.7001 -12.8144
    endloop
  endfacet
  facet normal 0 0.881902 0.471434
    outer loop
      vertex 16 -18.2298 -10.525
      vertex -16 -18.8792 -9.31018
      vertex 16 -18.8792 -9.31018
    endloop
  endfacet
  facet normal 0 0.881902 0.471434
    outer loop
      vertex -16 -18.8792 -9.31018
      vertex 16 -18.2298 -10.525
      vertex -16 -18.2298 -10.525
    endloop
  endfacet
  facet normal -0 0.162907 0.986641
    outer loop
      vertex -16 -2.74758 -20.8699
      vertex 16 -4.10665 -20.6455
      vertex 16 -2.74758 -20.8699
    endloop
  endfacet
  facet normal 0 0.162907 0.986641
    outer loop
      vertex 16 -4.10665 -20.6455
      vertex -16 -2.74758 -20.8699
      vertex -16 -4.10665 -20.6455
    endloop
  endfacet
  facet normal -0 0.0980057 0.995186
    outer loop
      vertex -16 -1.37674 -21.0049
      vertex 16 -2.74758 -20.8699
      vertex 16 -1.37674 -21.0049
    endloop
  endfacet
  facet normal 0 0.0980057 0.995186
    outer loop
      vertex 16 -2.74758 -20.8699
      vertex -16 -1.37674 -21.0049
      vertex -16 -2.74758 -20.8699
    endloop
  endfacet
  facet normal 0 0.729886 0.683569
    outer loop
      vertex 16 -14.8846 -14.8846
      vertex -16 -15.8262 -13.8792
      vertex 16 -15.8262 -13.8792
    endloop
  endfacet
  facet normal 0 0.729886 0.683569
    outer loop
      vertex -16 -15.8262 -13.8792
      vertex 16 -14.8846 -14.8846
      vertex -16 -14.8846 -14.8846
    endloop
  endfacet
  facet normal 0 -0.999463 0.0327528
    outer loop
      vertex -16 21.0049 -1.37674
      vertex 16 21.0238 -0.799999
      vertex -16 21.0238 -0.799999
    endloop
  endfacet
  facet normal 0 -0.999463 0.0327528
    outer loop
      vertex 16 21.0238 -0.799999
      vertex -16 21.0049 -1.37674
      vertex 16 21.0049 -1.37674
    endloop
  endfacet
  facet normal 0 -0.986641 0.162907
    outer loop
      vertex -16 20.6455 -4.10665
      vertex 16 20.8699 -2.74758
      vertex -16 20.8699 -2.74758
    endloop
  endfacet
  facet normal 0 -0.986641 0.162907
    outer loop
      vertex 16 20.8699 -2.74758
      vertex -16 20.6455 -4.10665
      vertex 16 20.6455 -4.10665
    endloop
  endfacet
  facet normal -0 0.290245 0.956952
    outer loop
      vertex -16 -5.44814 -20.3327
      vertex 16 -6.7663 -19.9329
      vertex 16 -5.44814 -20.3327
    endloop
  endfacet
  facet normal 0 0.290245 0.956952
    outer loop
      vertex 16 -6.7663 -19.9329
      vertex -16 -5.44814 -20.3327
      vertex -16 -6.7663 -19.9329
    endloop
  endfacet
  facet normal 0 -0.471434 0.881902
    outer loop
      vertex -16 10.525 -18.2298
      vertex 16 9.31018 -18.8792
      vertex 16 10.525 -18.2298
    endloop
  endfacet
  facet normal 0 -0.471434 0.881902
    outer loop
      vertex 16 9.31018 -18.8792
      vertex -16 10.525 -18.2298
      vertex -16 9.31018 -18.8792
    endloop
  endfacet
  facet normal 0 -0.995186 0.0980057
    outer loop
      vertex -16 20.8699 -2.74758
      vertex 16 21.0049 -1.37674
      vertex -16 21.0049 -1.37674
    endloop
  endfacet
  facet normal 0 -0.995186 0.0980057
    outer loop
      vertex 16 21.0049 -1.37674
      vertex -16 20.8699 -2.74758
      vertex 16 20.8699 -2.74758
    endloop
  endfacet
  facet normal 0 0.910862 0.412711
    outer loop
      vertex 16 -18.8792 -9.31018
      vertex -16 -19.4477 -8.05549
      vertex 16 -19.4477 -8.05549
    endloop
  endfacet
  facet normal 0 0.910862 0.412711
    outer loop
      vertex -16 -19.4477 -8.05549
      vertex 16 -18.8792 -9.31018
      vertex -16 -18.8792 -9.31018
    endloop
  endfacet
  facet normal -0 0.227082 0.973876
    outer loop
      vertex -16 -4.10665 -20.6455
      vertex 16 -5.44814 -20.3327
      vertex 16 -4.10665 -20.6455
    endloop
  endfacet
  facet normal 0 0.227082 0.973876
    outer loop
      vertex 16 -5.44814 -20.3327
      vertex -16 -4.10665 -20.6455
      vertex -16 -5.44814 -20.3327
    endloop
  endfacet
  facet normal -0 0.683569 0.729886
    outer loop
      vertex -16 -13.8792 -15.8262
      vertex 16 -14.8846 -14.8846
      vertex 16 -13.8792 -15.8262
    endloop
  endfacet
  facet normal 0 0.683569 0.729886
    outer loop
      vertex 16 -14.8846 -14.8846
      vertex -16 -13.8792 -15.8262
      vertex -16 -14.8846 -14.8846
    endloop
  endfacet
  facet normal 0 -0.352239 0.93591
    outer loop
      vertex -16 8.05549 -19.4477
      vertex 16 6.7663 -19.9329
      vertex 16 8.05549 -19.4477
    endloop
  endfacet
  facet normal 0 -0.352239 0.93591
    outer loop
      vertex 16 6.7663 -19.9329
      vertex -16 8.05549 -19.4477
      vertex -16 6.7663 -19.9329
    endloop
  endfacet
  facet normal 0 0.973876 0.227082
    outer loop
      vertex 16 -20.3327 -5.44814
      vertex -16 -20.6455 -4.10665
      vertex 16 -20.6455 -4.10665
    endloop
  endfacet
  facet normal 0 0.973876 0.227082
    outer loop
      vertex -16 -20.6455 -4.10665
      vertex 16 -20.3327 -5.44814
      vertex -16 -20.3327 -5.44814
    endloop
  endfacet
  facet normal 0 -0.973876 0.227082
    outer loop
      vertex -16 20.3327 -5.44814
      vertex 16 20.6455 -4.10665
      vertex -16 20.6455 -4.10665
    endloop
  endfacet
  facet normal 0 -0.973876 0.227082
    outer loop
      vertex 16 20.6455 -4.10665
      vertex -16 20.3327 -5.44814
      vertex 16 20.3327 -5.44814
    endloop
  endfacet
  facet normal 0 0.995186 0.0980057
    outer loop
      vertex 16 -20.8699 -2.74758
      vertex -16 -21.0049 -1.37674
      vertex 16 -21.0049 -1.37674
    endloop
  endfacet
  facet normal 0 0.995186 0.0980057
    outer loop
      vertex -16 -21.0049 -1.37674
      vertex 16 -20.8699 -2.74758
      vertex -16 -20.8699 -2.74758
    endloop
  endfacet
  facet normal 0 -0.528053 0.849211
    outer loop
      vertex -16 11.6948 -17.5024
      vertex 16 10.525 -18.2298
      vertex 16 11.6948 -17.5024
    endloop
  endfacet
  facet normal 0 -0.528053 0.849211
    outer loop
      vertex 16 10.525 -18.2298
      vertex -16 11.6948 -17.5024
      vertex -16 10.525 -18.2298
    endloop
  endfacet
  facet normal 0 -0.849211 0.528053
    outer loop
      vertex -16 17.5024 -11.6948
      vertex 16 18.2298 -10.525
      vertex -16 18.2298 -10.525
    endloop
  endfacet
  facet normal 0 -0.849211 0.528053
    outer loop
      vertex 16 18.2298 -10.525
      vertex -16 17.5024 -11.6948
      vertex 16 17.5024 -11.6948
    endloop
  endfacet
  facet normal -0 0.471434 0.881902
    outer loop
      vertex -16 -9.31018 -18.8792
      vertex 16 -10.525 -18.2298
      vertex 16 -9.31018 -18.8792
    endloop
  endfacet
  facet normal 0 0.471434 0.881902
    outer loop
      vertex 16 -10.525 -18.2298
      vertex -16 -9.31018 -18.8792
      vertex -16 -10.525 -18.2298
    endloop
  endfacet
  facet normal 0 -0.227082 0.973876
    outer loop
      vertex -16 5.44814 -20.3327
      vertex 16 4.10665 -20.6455
      vertex 16 5.44814 -20.3327
    endloop
  endfacet
  facet normal 0 -0.227082 0.973876
    outer loop
      vertex 16 4.10665 -20.6455
      vertex -16 5.44814 -20.3327
      vertex -16 4.10665 -20.6455
    endloop
  endfacet
  facet normal 0 -0.162907 0.986641
    outer loop
      vertex -16 4.10665 -20.6455
      vertex 16 2.74758 -20.8699
      vertex 16 4.10665 -20.6455
    endloop
  endfacet
  facet normal 0 -0.162907 0.986641
    outer loop
      vertex 16 2.74758 -20.8699
      vertex -16 4.10665 -20.6455
      vertex -16 2.74758 -20.8699
    endloop
  endfacet
  facet normal 0 -0.910862 0.412711
    outer loop
      vertex -16 18.8792 -9.31018
      vertex 16 19.4477 -8.05549
      vertex -16 19.4477 -8.05549
    endloop
  endfacet
  facet normal 0 -0.910862 0.412711
    outer loop
      vertex 16 19.4477 -8.05549
      vertex -16 18.8792 -9.31018
      vertex 16 18.8792 -9.31018
    endloop
  endfacet
  facet normal -0 0.528053 0.849211
    outer loop
      vertex -16 -10.525 -18.2298
      vertex 16 -11.6948 -17.5024
      vertex 16 -10.525 -18.2298
    endloop
  endfacet
  facet normal 0 0.528053 0.849211
    outer loop
      vertex 16 -11.6948 -17.5024
      vertex -16 -10.525 -18.2298
      vertex -16 -11.6948 -17.5024
    endloop
  endfacet
  facet normal 0 -0.729886 0.683569
    outer loop
      vertex -16 14.8846 -14.8846
      vertex 16 15.8262 -13.8792
      vertex -16 15.8262 -13.8792
    endloop
  endfacet
  facet normal 0 -0.729886 0.683569
    outer loop
      vertex 16 15.8262 -13.8792
      vertex -16 14.8846 -14.8846
      vertex 16 14.8846 -14.8846
    endloop
  endfacet
  facet normal 0 0.772996 0.634411
    outer loop
      vertex 16 -15.8262 -13.8792
      vertex -16 -16.7001 -12.8144
      vertex 16 -16.7001 -12.8144
    endloop
  endfacet
  facet normal 0 0.772996 0.634411
    outer loop
      vertex -16 -16.7001 -12.8144
      vertex 16 -15.8262 -13.8792
      vertex -16 -15.8262 -13.8792
    endloop
  endfacet
  facet normal -0 0.412711 0.910862
    outer loop
      vertex -16 -8.05549 -19.4477
      vertex 16 -9.31018 -18.8792
      vertex 16 -8.05549 -19.4477
    endloop
  endfacet
  facet normal 0 0.412711 0.910862
    outer loop
      vertex 16 -9.31018 -18.8792
      vertex -16 -8.05549 -19.4477
      vertex -16 -9.31018 -18.8792
    endloop
  endfacet
  facet normal -0 0.352239 0.93591
    outer loop
      vertex -16 -6.7663 -19.9329
      vertex 16 -8.05549 -19.4477
      vertex 16 -6.7663 -19.9329
    endloop
  endfacet
  facet normal 0 0.352239 0.93591
    outer loop
      vertex 16 -8.05549 -19.4477
      vertex -16 -6.7663 -19.9329
      vertex -16 -8.05549 -19.4477
    endloop
  endfacet
  facet normal 0 0 1
    outer loop
      vertex 16 -21.0238 -0.799999
      vertex 12 -27.0238 -0.799999
      vertex 16 -27.0238 -0.799999
    endloop
  endfacet
  facet normal -0 0 1
    outer loop
      vertex 4.59015 -40.7491 -0.799999
      vertex 12 -53.05 -0.799999
      vertex 12 -27.0238 -0.799999
    endloop
  endfacet
  facet normal 0 0 1
    outer loop
      vertex 12 -53.05 -0.799999
      vertex 4.59015 -40.7491 -0.799999
      vertex 4.6 -41.05 -0.799999
    endloop
  endfacet
  facet normal 0 0 1
    outer loop
      vertex 12 -27.0238 -0.799999
      vertex 4.56065 -40.4496 -0.799999
      vertex 4.59015 -40.7491 -0.799999
    endloop
  endfacet
  facet normal 0 0 1
    outer loop
      vertex 12 -27.0238 -0.799999
      vertex 4.51161 -40.1526 -0.799999
      vertex 4.56065 -40.4496 -0.799999
    endloop
  endfacet
  facet normal 0 0 1
    outer loop
      vertex 12 -27.0238 -0.799999
      vertex 4.44326 -39.8594 -0.799999
      vertex 4.51161 -40.1526 -0.799999
    endloop
  endfacet
  facet normal 0 0 1
    outer loop
      vertex 12 -27.0238 -0.799999
      vertex 4.35588 -39.5714 -0.799999
      vertex 4.44326 -39.8594 -0.799999
    endloop
  endfacet
  facet normal 0 0 1
    outer loop
      vertex 12 -27.0238 -0.799999
      vertex 4.24985 -39.2897 -0.799999
      vertex 4.35588 -39.5714 -0.799999
    endloop
  endfacet
  facet normal 0 0 1
    outer loop
      vertex 12 -27.0238 -0.799999
      vertex 4.12561 -39.0155 -0.799999
      vertex 4.24985 -39.2897 -0.799999
    endloop
  endfacet
  facet normal 0 0 1
    outer loop
      vertex 12 -27.0238 -0.799999
      vertex 3.98372 -38.75 -0.799999
      vertex 4.12561 -39.0155 -0.799999
    endloop
  endfacet
  facet normal 0 0 1
    outer loop
      vertex -12 -27.0238 -0.799999
      vertex 12 -27.0238 -0.799999
      vertex 16 -21.0238 -0.799999
    endloop
  endfacet
  facet normal 0 0 1
    outer loop
      vertex 12 -27.0238 -0.799999
      vertex 3.82476 -38.4944 -0.799999
      vertex 3.98372 -38.75 -0.799999
    endloop
  endfacet
  facet normal 0 0 1
    outer loop
      vertex 12 -27.0238 -0.799999
      vertex 3.64942 -38.2497 -0.799999
      vertex 3.82476 -38.4944 -0.799999
    endloop
  endfacet
  facet normal 0 0 1
    outer loop
      vertex 12 -27.0238 -0.799999
      vertex 3.45846 -38.017 -0.799999
      vertex 3.64942 -38.2497 -0.799999
    endloop
  endfacet
  facet normal 0 0 1
    outer loop
      vertex 12 -27.0238 -0.799999
      vertex 3.25269 -37.7973 -0.799999
      vertex 3.45846 -38.017 -0.799999
    endloop
  endfacet
  facet normal 0 0 1
    outer loop
      vertex 12 -27.0238 -0.799999
      vertex 3.03299 -37.5915 -0.799999
      vertex 3.25269 -37.7973 -0.799999
    endloop
  endfacet
  facet normal 0 0 1
    outer loop
      vertex 12 -27.0238 -0.799999
      vertex 2.8003 -37.4006 -0.799999
      vertex 3.03299 -37.5915 -0.799999
    endloop
  endfacet
  facet normal 0 0 1
    outer loop
      vertex 12 -27.0238 -0.799999
      vertex 2.55562 -37.2252 -0.799999
      vertex 2.8003 -37.4006 -0.799999
    endloop
  endfacet
  facet normal 0 0 1
    outer loop
      vertex 12 -27.0238 -0.799999
      vertex 2.3 -37.0663 -0.799999
      vertex 2.55562 -37.2252 -0.799999
    endloop
  endfacet
  facet normal 0 0 1
    outer loop
      vertex 12 -27.0238 -0.799999
      vertex 2.03453 -36.9244 -0.799999
      vertex 2.3 -37.0663 -0.799999
    endloop
  endfacet
  facet normal 0 0 1
    outer loop
      vertex 12 -27.0238 -0.799999
      vertex 1.76034 -36.8002 -0.799999
      vertex 2.03453 -36.9244 -0.799999
    endloop
  endfacet
  facet normal 0 0 1
    outer loop
      vertex 12 -27.0238 -0.799999
      vertex 1.47862 -36.6941 -0.799999
      vertex 1.76034 -36.8002 -0.799999
    endloop
  endfacet
  facet normal 0 0 1
    outer loop
      vertex 12 -27.0238 -0.799999
      vertex 1.19057 -36.6067 -0.799999
      vertex 1.47862 -36.6941 -0.799999
    endloop
  endfacet
  facet normal 0 0 1
    outer loop
      vertex 12 -27.0238 -0.799999
      vertex 0.897415 -36.5384 -0.799999
      vertex 1.19057 -36.6067 -0.799999
    endloop
  endfacet
  facet normal 0 0 1
    outer loop
      vertex 12 -27.0238 -0.799999
      vertex 0.60042 -36.4894 -0.799999
      vertex 0.897415 -36.5384 -0.799999
    endloop
  endfacet
  facet normal 0 0 1
    outer loop
      vertex 12 -27.0238 -0.799999
      vertex 0.300854 -36.4598 -0.799999
      vertex 0.60042 -36.4894 -0.799999
    endloop
  endfacet
  facet normal 0 -0 1
    outer loop
      vertex 0 -36.45 -0.799999
      vertex 12 -27.0238 -0.799999
      vertex -12 -27.0238 -0.799999
    endloop
  endfacet
  facet normal 0 0 1
    outer loop
      vertex 12 -27.0238 -0.799999
      vertex 0 -36.45 -0.799999
      vertex 0.300854 -36.4598 -0.799999
    endloop
  endfacet
  facet normal 0 0 1
    outer loop
      vertex 0 -36.45 -0.799999
      vertex -12 -27.0238 -0.799999
      vertex -0.300854 -36.4598 -0.799999
    endloop
  endfacet
  facet normal 0 0 1
    outer loop
      vertex -0.300854 -36.4598 -0.799999
      vertex -12 -27.0238 -0.799999
      vertex -0.60042 -36.4894 -0.799999
    endloop
  endfacet
  facet normal 0 0 1
    outer loop
      vertex -0.60042 -36.4894 -0.799999
      vertex -12 -27.0238 -0.799999
      vertex -0.897415 -36.5384 -0.799999
    endloop
  endfacet
  facet normal 0 0 1
    outer loop
      vertex -0.897415 -36.5384 -0.799999
      vertex -12 -27.0238 -0.799999
      vertex -1.19057 -36.6067 -0.799999
    endloop
  endfacet
  facet normal 0 0 1
    outer loop
      vertex -1.19057 -36.6067 -0.799999
      vertex -12 -27.0238 -0.799999
      vertex -1.47862 -36.6941 -0.799999
    endloop
  endfacet
  facet normal 0 0 1
    outer loop
      vertex -1.47862 -36.6941 -0.799999
      vertex -12 -27.0238 -0.799999
      vertex -1.76034 -36.8002 -0.799999
    endloop
  endfacet
  facet normal 0 0 1
    outer loop
      vertex -1.76034 -36.8002 -0.799999
      vertex -12 -27.0238 -0.799999
      vertex -2.03453 -36.9244 -0.799999
    endloop
  endfacet
  facet normal 0 0 1
    outer loop
      vertex -2.03453 -36.9244 -0.799999
      vertex -12 -27.0238 -0.799999
      vertex -2.3 -37.0663 -0.799999
    endloop
  endfacet
  facet normal 0 0 1
    outer loop
      vertex -2.3 -37.0663 -0.799999
      vertex -12 -27.0238 -0.799999
      vertex -2.55562 -37.2252 -0.799999
    endloop
  endfacet
  facet normal 0 0 1
    outer loop
      vertex -2.55562 -37.2252 -0.799999
      vertex -12 -27.0238 -0.799999
      vertex -2.8003 -37.4006 -0.799999
    endloop
  endfacet
  facet normal 0 0 1
    outer loop
      vertex -12 -53.05 -0.799999
      vertex -4.59015 -40.7491 -0.799999
      vertex -12 -27.0238 -0.799999
    endloop
  endfacet
  facet normal 0 0 1
    outer loop
      vertex -4.56065 -40.4496 -0.799999
      vertex -12 -27.0238 -0.799999
      vertex -4.59015 -40.7491 -0.799999
    endloop
  endfacet
  facet normal 0 0 1
    outer loop
      vertex -4.51161 -40.1526 -0.799999
      vertex -12 -27.0238 -0.799999
      vertex -4.56065 -40.4496 -0.799999
    endloop
  endfacet
  facet normal 0 0 1
    outer loop
      vertex -4.44326 -39.8594 -0.799999
      vertex -12 -27.0238 -0.799999
      vertex -4.51161 -40.1526 -0.799999
    endloop
  endfacet
  facet normal 0 0 1
    outer loop
      vertex -4.35588 -39.5714 -0.799999
      vertex -12 -27.0238 -0.799999
      vertex -4.44326 -39.8594 -0.799999
    endloop
  endfacet
  facet normal 0 0 1
    outer loop
      vertex -4.24985 -39.2897 -0.799999
      vertex -12 -27.0238 -0.799999
      vertex -4.35588 -39.5714 -0.799999
    endloop
  endfacet
  facet normal 0 0 1
    outer loop
      vertex -4.12561 -39.0155 -0.799999
      vertex -12 -27.0238 -0.799999
      vertex -4.24985 -39.2897 -0.799999
    endloop
  endfacet
  facet normal 0 0 1
    outer loop
      vertex -3.98372 -38.75 -0.799999
      vertex -12 -27.0238 -0.799999
      vertex -4.12561 -39.0155 -0.799999
    endloop
  endfacet
  facet normal 0 0 1
    outer loop
      vertex -3.82476 -38.4944 -0.799999
      vertex -12 -27.0238 -0.799999
      vertex -3.98372 -38.75 -0.799999
    endloop
  endfacet
  facet normal 0 0 1
    outer loop
      vertex -3.64942 -38.2497 -0.799999
      vertex -12 -27.0238 -0.799999
      vertex -3.82476 -38.4944 -0.799999
    endloop
  endfacet
  facet normal 0 0 1
    outer loop
      vertex -3.45846 -38.017 -0.799999
      vertex -12 -27.0238 -0.799999
      vertex -3.64942 -38.2497 -0.799999
    endloop
  endfacet
  facet normal 0 0 1
    outer loop
      vertex -3.25269 -37.7973 -0.799999
      vertex -12 -27.0238 -0.799999
      vertex -3.45846 -38.017 -0.799999
    endloop
  endfacet
  facet normal 0 0 1
    outer loop
      vertex -3.03299 -37.5915 -0.799999
      vertex -12 -27.0238 -0.799999
      vertex -3.25269 -37.7973 -0.799999
    endloop
  endfacet
  facet normal 0 0 1
    outer loop
      vertex -2.8003 -37.4006 -0.799999
      vertex -12 -27.0238 -0.799999
      vertex -3.03299 -37.5915 -0.799999
    endloop
  endfacet
  facet normal -0 0 1
    outer loop
      vertex -16 -21.0238 -0.799999
      vertex -12 -27.0238 -0.799999
      vertex 16 -21.0238 -0.799999
    endloop
  endfacet
  facet normal 0 0 1
    outer loop
      vertex -12 -27.0238 -0.799999
      vertex -16 -21.0238 -0.799999
      vertex -16 -27.0238 -0.799999
    endloop
  endfacet
  facet normal -0 0 1
    outer loop
      vertex 4.59015 -41.3509 -0.799999
      vertex 12 -53.05 -0.799999
      vertex 4.6 -41.05 -0.799999
    endloop
  endfacet
  facet normal -0 0 1
    outer loop
      vertex 4.56065 -41.6504 -0.799999
      vertex 12 -53.05 -0.799999
      vertex 4.59015 -41.3509 -0.799999
    endloop
  endfacet
  facet normal -0 0 1
    outer loop
      vertex 4.51161 -41.9474 -0.799999
      vertex 12 -53.05 -0.799999
      vertex 4.56065 -41.6504 -0.799999
    endloop
  endfacet
  facet normal -0 0 1
    outer loop
      vertex 4.44326 -42.2406 -0.799999
      vertex 12 -53.05 -0.799999
      vertex 4.51161 -41.9474 -0.799999
    endloop
  endfacet
  facet normal -0 0 1
    outer loop
      vertex 4.35588 -42.5286 -0.799999
      vertex 12 -53.05 -0.799999
      vertex 4.44326 -42.2406 -0.799999
    endloop
  endfacet
  facet normal -0 0 1
    outer loop
      vertex 4.24985 -42.8103 -0.799999
      vertex 12 -53.05 -0.799999
      vertex 4.35588 -42.5286 -0.799999
    endloop
  endfacet
  facet normal -0 0 1
    outer loop
      vertex 4.12561 -43.0845 -0.799999
      vertex 12 -53.05 -0.799999
      vertex 4.24985 -42.8103 -0.799999
    endloop
  endfacet
  facet normal -0 0 1
    outer loop
      vertex 3.98372 -43.35 -0.799999
      vertex 12 -53.05 -0.799999
      vertex 4.12561 -43.0845 -0.799999
    endloop
  endfacet
  facet normal -0 0 1
    outer loop
      vertex 3.82476 -43.6056 -0.799999
      vertex 12 -53.05 -0.799999
      vertex 3.98372 -43.35 -0.799999
    endloop
  endfacet
  facet normal -0 0 1
    outer loop
      vertex 3.64942 -43.8503 -0.799999
      vertex 12 -53.05 -0.799999
      vertex 3.82476 -43.6056 -0.799999
    endloop
  endfacet
  facet normal -0 0 1
    outer loop
      vertex 3.45846 -44.083 -0.799999
      vertex 12 -53.05 -0.799999
      vertex 3.64942 -43.8503 -0.799999
    endloop
  endfacet
  facet normal -0 0 1
    outer loop
      vertex 3.25269 -44.3027 -0.799999
      vertex 12 -53.05 -0.799999
      vertex 3.45846 -44.083 -0.799999
    endloop
  endfacet
  facet normal -0 0 1
    outer loop
      vertex 3.03299 -44.5085 -0.799999
      vertex 12 -53.05 -0.799999
      vertex 3.25269 -44.3027 -0.799999
    endloop
  endfacet
  facet normal -0 0 1
    outer loop
      vertex 2.8003 -44.6994 -0.799999
      vertex 12 -53.05 -0.799999
      vertex 3.03299 -44.5085 -0.799999
    endloop
  endfacet
  facet normal -0 0 1
    outer loop
      vertex 2.55562 -44.8748 -0.799999
      vertex 12 -53.05 -0.799999
      vertex 2.8003 -44.6994 -0.799999
    endloop
  endfacet
  facet normal -0 0 1
    outer loop
      vertex 2.3 -45.0337 -0.799999
      vertex 12 -53.05 -0.799999
      vertex 2.55562 -44.8748 -0.799999
    endloop
  endfacet
  facet normal -0 0 1
    outer loop
      vertex 2.03453 -45.1756 -0.799999
      vertex 12 -53.05 -0.799999
      vertex 2.3 -45.0337 -0.799999
    endloop
  endfacet
  facet normal -0 0 1
    outer loop
      vertex 1.76034 -45.2998 -0.799999
      vertex 12 -53.05 -0.799999
      vertex 2.03453 -45.1756 -0.799999
    endloop
  endfacet
  facet normal -0 0 1
    outer loop
      vertex 1.47862 -45.4059 -0.799999
      vertex 12 -53.05 -0.799999
      vertex 1.76034 -45.2998 -0.799999
    endloop
  endfacet
  facet normal -0 0 1
    outer loop
      vertex 1.19057 -45.4933 -0.799999
      vertex 12 -53.05 -0.799999
      vertex 1.47862 -45.4059 -0.799999
    endloop
  endfacet
  facet normal -0 0 1
    outer loop
      vertex 0.897415 -45.5616 -0.799999
      vertex 12 -53.05 -0.799999
      vertex 1.19057 -45.4933 -0.799999
    endloop
  endfacet
  facet normal -0 0 1
    outer loop
      vertex 0.60042 -45.6106 -0.799999
      vertex 12 -53.05 -0.799999
      vertex 0.897415 -45.5616 -0.799999
    endloop
  endfacet
  facet normal -0 0 1
    outer loop
      vertex 0.300854 -45.6402 -0.799999
      vertex 12 -53.05 -0.799999
      vertex 0.60042 -45.6106 -0.799999
    endloop
  endfacet
  facet normal -0 0 1
    outer loop
      vertex 0 -45.65 -0.799999
      vertex 12 -53.05 -0.799999
      vertex 0.300854 -45.6402 -0.799999
    endloop
  endfacet
  facet normal 0 0 1
    outer loop
      vertex -12 -53.05 -0.799999
      vertex 0 -45.65 -0.799999
      vertex -0.300854 -45.6402 -0.799999
    endloop
  endfacet
  facet normal 0 0 1
    outer loop
      vertex -12 -53.05 -0.799999
      vertex -0.300854 -45.6402 -0.799999
      vertex -0.60042 -45.6106 -0.799999
    endloop
  endfacet
  facet normal 0 0 1
    outer loop
      vertex -12 -53.05 -0.799999
      vertex -0.60042 -45.6106 -0.799999
      vertex -0.897415 -45.5616 -0.799999
    endloop
  endfacet
  facet normal 0 0 1
    outer loop
      vertex -12 -53.05 -0.799999
      vertex -0.897415 -45.5616 -0.799999
      vertex -1.19057 -45.4933 -0.799999
    endloop
  endfacet
  facet normal 0 0 1
    outer loop
      vertex -12 -53.05 -0.799999
      vertex -1.19057 -45.4933 -0.799999
      vertex -1.47862 -45.4059 -0.799999
    endloop
  endfacet
  facet normal 0 0 1
    outer loop
      vertex -12 -53.05 -0.799999
      vertex -1.47862 -45.4059 -0.799999
      vertex -1.76034 -45.2998 -0.799999
    endloop
  endfacet
  facet normal 0 0 1
    outer loop
      vertex -12 -53.05 -0.799999
      vertex -1.76034 -45.2998 -0.799999
      vertex -2.03453 -45.1756 -0.799999
    endloop
  endfacet
  facet normal 0 0 1
    outer loop
      vertex -12 -53.05 -0.799999
      vertex -2.03453 -45.1756 -0.799999
      vertex -2.3 -45.0337 -0.799999
    endloop
  endfacet
  facet normal 0 0 1
    outer loop
      vertex -4.59015 -40.7491 -0.799999
      vertex -12 -53.05 -0.799999
      vertex -4.6 -41.05 -0.799999
    endloop
  endfacet
  facet normal 0 0 1
    outer loop
      vertex -4.6 -41.05 -0.799999
      vertex -12 -53.05 -0.799999
      vertex -4.59015 -41.3509 -0.799999
    endloop
  endfacet
  facet normal 0 0 1
    outer loop
      vertex -4.59015 -41.3509 -0.799999
      vertex -12 -53.05 -0.799999
      vertex -4.56065 -41.6504 -0.799999
    endloop
  endfacet
  facet normal 0 0 1
    outer loop
      vertex -4.56065 -41.6504 -0.799999
      vertex -12 -53.05 -0.799999
      vertex -4.51161 -41.9474 -0.799999
    endloop
  endfacet
  facet normal 0 0 1
    outer loop
      vertex -4.51161 -41.9474 -0.799999
      vertex -12 -53.05 -0.799999
      vertex -4.44326 -42.2406 -0.799999
    endloop
  endfacet
  facet normal 0 0 1
    outer loop
      vertex -4.44326 -42.2406 -0.799999
      vertex -12 -53.05 -0.799999
      vertex -4.35588 -42.5286 -0.799999
    endloop
  endfacet
  facet normal 0 0 1
    outer loop
      vertex -4.35588 -42.5286 -0.799999
      vertex -12 -53.05 -0.799999
      vertex -4.24985 -42.8103 -0.799999
    endloop
  endfacet
  facet normal 0 0 1
    outer loop
      vertex 0 -45.65 -0.799999
      vertex -12 -53.05 -0.799999
      vertex 12 -53.05 -0.799999
    endloop
  endfacet
  facet normal 0 0 1
    outer loop
      vertex -2.55562 -44.8748 -0.799999
      vertex -12 -53.05 -0.799999
      vertex -2.3 -45.0337 -0.799999
    endloop
  endfacet
  facet normal 0 0 1
    outer loop
      vertex -2.8003 -44.6994 -0.799999
      vertex -12 -53.05 -0.799999
      vertex -2.55562 -44.8748 -0.799999
    endloop
  endfacet
  facet normal 0 0 1
    outer loop
      vertex -3.03299 -44.5085 -0.799999
      vertex -12 -53.05 -0.799999
      vertex -2.8003 -44.6994 -0.799999
    endloop
  endfacet
  facet normal 0 0 1
    outer loop
      vertex -3.25269 -44.3027 -0.799999
      vertex -12 -53.05 -0.799999
      vertex -3.03299 -44.5085 -0.799999
    endloop
  endfacet
  facet normal 0 0 1
    outer loop
      vertex -3.45846 -44.083 -0.799999
      vertex -12 -53.05 -0.799999
      vertex -3.25269 -44.3027 -0.799999
    endloop
  endfacet
  facet normal 0 0 1
    outer loop
      vertex -3.64942 -43.8503 -0.799999
      vertex -12 -53.05 -0.799999
      vertex -3.45846 -44.083 -0.799999
    endloop
  endfacet
  facet normal 0 0 1
    outer loop
      vertex -3.82476 -43.6056 -0.799999
      vertex -12 -53.05 -0.799999
      vertex -3.64942 -43.8503 -0.799999
    endloop
  endfacet
  facet normal 0 0 1
    outer loop
      vertex -3.98372 -43.35 -0.799999
      vertex -12 -53.05 -0.799999
      vertex -3.82476 -43.6056 -0.799999
    endloop
  endfacet
  facet normal 0 0 1
    outer loop
      vertex -4.12561 -43.0845 -0.799999
      vertex -12 -53.05 -0.799999
      vertex -3.98372 -43.35 -0.799999
    endloop
  endfacet
  facet normal 0 0 1
    outer loop
      vertex -4.24985 -42.8103 -0.799999
      vertex -12 -53.05 -0.799999
      vertex -4.12561 -43.0845 -0.799999
    endloop
  endfacet
  facet normal 0 0 1
    outer loop
      vertex 6.7 27.0238 -0.799999
      vertex -6.7 27.0238 -0.799999
      vertex 6.7 25.05 -0.799999
    endloop
  endfacet
  facet normal -0 0 1
    outer loop
      vertex 6.7 25.05 -0.799999
      vertex 16 21.0238 -0.799999
      vertex 16 25.05 -0.799999
    endloop
  endfacet
  facet normal 0 0 1
    outer loop
      vertex -6.7 25.05 -0.799999
      vertex 6.7 25.05 -0.799999
      vertex -6.7 27.0238 -0.799999
    endloop
  endfacet
  facet normal 0 0 1
    outer loop
      vertex 6.7 25.05 -0.799999
      vertex -6.7 25.05 -0.799999
      vertex 16 21.0238 -0.799999
    endloop
  endfacet
  facet normal 0 0 1
    outer loop
      vertex -16 21.0238 -0.799999
      vertex -6.7 25.05 -0.799999
      vertex -16 25.05 -0.799999
    endloop
  endfacet
  facet normal 0 0 1
    outer loop
      vertex -6.7 25.05 -0.799999
      vertex -16 21.0238 -0.799999
      vertex 16 21.0238 -0.799999
    endloop
  endfacet
  facet normal 0 0.935885 0.352305
    outer loop
      vertex -6.7 39.2581 1.76792
      vertex -16 39.1313 2.10476
      vertex -6.7 39.1313 2.10476
    endloop
  endfacet
  facet normal 0 0.935885 0.352305
    outer loop
      vertex -16 39.1313 2.10476
      vertex -6.7 39.2581 1.76792
      vertex -16 39.2581 1.76792
    endloop
  endfacet
  facet normal 0 0.032732 -0.999464
    outer loop
      vertex -16 34.05 -5.5
      vertex -6.7 34.4097 -5.48822
      vertex -6.7 34.05 -5.5
    endloop
  endfacet
  facet normal 0 0.032732 -0.999464
    outer loop
      vertex -6.7 34.4097 -5.48822
      vertex -16 34.05 -5.5
      vertex -16 34.4097 -5.48822
    endloop
  endfacet
  facet normal 0 -0.729914 0.683539
    outer loop
      vertex -16 29.9149 3.6264
      vertex -6.7 30.1609 3.88909
      vertex -16 30.1609 3.88909
    endloop
  endfacet
  facet normal 0 -0.729914 0.683539
    outer loop
      vertex -6.7 30.1609 3.88909
      vertex -16 29.9149 3.6264
      vertex -6.7 29.9149 3.6264
    endloop
  endfacet
  facet normal 0 -0.352201 0.935924
    outer loop
      vertex -16 32.2821 5.20812
      vertex -6.7 31.9452 5.08134
      vertex -6.7 32.2821 5.20812
    endloop
  endfacet
  facet normal 0 -0.352201 0.935924
    outer loop
      vertex -6.7 31.9452 5.08134
      vertex -16 32.2821 5.20812
      vertex -16 31.9452 5.08134
    endloop
  endfacet
  facet normal 0 -0.68357 0.729885
    outer loop
      vertex -16 30.4236 4.13512
      vertex -6.7 30.1609 3.88909
      vertex -6.7 30.4236 4.13512
    endloop
  endfacet
  facet normal 0 -0.68357 0.729885
    outer loop
      vertex -6.7 30.1609 3.88909
      vertex -16 30.4236 4.13512
      vertex -16 30.1609 3.88909
    endloop
  endfacet
  facet normal 0 0.634405 -0.773001
    outer loop
      vertex -16 37.3982 -4.36344
      vertex -6.7 37.6764 -4.13512
      vertex -6.7 37.3982 -4.36344
    endloop
  endfacet
  facet normal 0 0.634405 -0.773001
    outer loop
      vertex -6.7 37.6764 -4.13512
      vertex -16 37.3982 -4.36344
      vertex -16 37.6764 -4.13512
    endloop
  endfacet
  facet normal -0 0.582415 0.812892
    outer loop
      vertex -16 37.3982 4.36344
      vertex -6.7 37.1056 4.57308
      vertex -6.7 37.3982 4.36344
    endloop
  endfacet
  facet normal 0 0.582415 0.812892
    outer loop
      vertex -6.7 37.1056 4.57308
      vertex -16 37.3982 4.36344
      vertex -16 37.1056 4.57308
    endloop
  endfacet
  facet normal 0 0.999462 0.032786
    outer loop
      vertex -6.7 39.55 0
      vertex -16 39.5382 0.359716
      vertex -6.7 39.5382 0.359716
    endloop
  endfacet
  facet normal 0 0.999462 0.032786
    outer loop
      vertex -16 39.5382 0.359716
      vertex -6.7 39.55 0
      vertex -16 39.55 0
    endloop
  endfacet
  facet normal 0 0.956924 -0.290339
    outer loop
      vertex -6.7 39.2581 -1.76792
      vertex -16 39.3626 -1.4235
      vertex -6.7 39.3626 -1.4235
    endloop
  endfacet
  facet normal 0 0.956924 -0.290339
    outer loop
      vertex -16 39.3626 -1.4235
      vertex -6.7 39.2581 -1.76792
      vertex -16 39.2581 -1.76792
    endloop
  endfacet
  facet normal -0 0.227089 0.973874
    outer loop
      vertex -16 35.4735 5.31259
      vertex -6.7 35.123 5.39432
      vertex -6.7 35.4735 5.31259
    endloop
  endfacet
  facet normal 0 0.227089 0.973874
    outer loop
      vertex -6.7 35.123 5.39432
      vertex -16 35.4735 5.31259
      vertex -16 35.123 5.39432
    endloop
  endfacet
  facet normal 0 0.729914 -0.683539
    outer loop
      vertex -6.7 37.9391 -3.88909
      vertex -16 38.1851 -3.6264
      vertex -6.7 38.1851 -3.6264
    endloop
  endfacet
  facet normal 0 0.729914 -0.683539
    outer loop
      vertex -16 38.1851 -3.6264
      vertex -6.7 37.9391 -3.88909
      vertex -16 37.9391 -3.88909
    endloop
  endfacet
  facet normal 0 -0.47141 0.881914
    outer loop
      vertex -16 31.6174 4.9328
      vertex -6.7 31.3 4.76314
      vertex -6.7 31.6174 4.9328
    endloop
  endfacet
  facet normal 0 -0.47141 0.881914
    outer loop
      vertex -6.7 31.3 4.76314
      vertex -16 31.6174 4.9328
      vertex -16 31.3 4.76314
    endloop
  endfacet
  facet normal 0 0.352201 -0.935924
    outer loop
      vertex -16 35.8179 -5.20812
      vertex -6.7 36.1548 -5.08134
      vertex -6.7 35.8179 -5.20812
    endloop
  endfacet
  facet normal 0 0.352201 -0.935924
    outer loop
      vertex -6.7 36.1548 -5.08134
      vertex -16 35.8179 -5.20812
      vertex -16 36.1548 -5.08134
    endloop
  endfacet
  facet normal -0 0.47141 0.881914
    outer loop
      vertex -16 36.8 4.76314
      vertex -6.7 36.4826 4.9328
      vertex -6.7 36.8 4.76314
    endloop
  endfacet
  facet normal 0 0.47141 0.881914
    outer loop
      vertex -6.7 36.4826 4.9328
      vertex -16 36.8 4.76314
      vertex -16 36.4826 4.9328
    endloop
  endfacet
  facet normal 0 0.881874 -0.471485
    outer loop
      vertex -6.7 38.8131 -2.75
      vertex -16 38.9828 -2.43259
      vertex -6.7 38.9828 -2.43259
    endloop
  endfacet
  facet normal 0 0.881874 -0.471485
    outer loop
      vertex -16 38.9828 -2.43259
      vertex -6.7 38.8131 -2.75
      vertex -16 38.8131 -2.75
    endloop
  endfacet
  facet normal 0 0.999462 -0.032786
    outer loop
      vertex -6.7 39.5382 -0.359716
      vertex -16 39.55 0
      vertex -6.7 39.55 0
    endloop
  endfacet
  facet normal 0 0.999462 -0.032786
    outer loop
      vertex -16 39.55 0
      vertex -6.7 39.5382 -0.359716
      vertex -16 39.5382 -0.359716
    endloop
  endfacet
  facet normal 0 0.582415 -0.812892
    outer loop
      vertex -16 37.1056 -4.57308
      vertex -6.7 37.3982 -4.36344
      vertex -6.7 37.1056 -4.57308
    endloop
  endfacet
  facet normal 0 0.582415 -0.812892
    outer loop
      vertex -6.7 37.3982 -4.36344
      vertex -16 37.1056 -4.57308
      vertex -16 37.3982 -4.36344
    endloop
  endfacet
  facet normal 0 0.849276 -0.527949
    outer loop
      vertex -6.7 38.6231 -3.05564
      vertex -16 38.8131 -2.75
      vertex -6.7 38.8131 -2.75
    endloop
  endfacet
  facet normal 0 0.849276 -0.527949
    outer loop
      vertex -16 38.8131 -2.75
      vertex -6.7 38.6231 -3.05564
      vertex -16 38.6231 -3.05564
    endloop
  endfacet
  facet normal -0 0.68357 0.729885
    outer loop
      vertex -16 37.9391 3.88909
      vertex -6.7 37.6764 4.13512
      vertex -6.7 37.9391 3.88909
    endloop
  endfacet
  facet normal 0 0.68357 0.729885
    outer loop
      vertex -6.7 37.6764 4.13512
      vertex -16 37.9391 3.88909
      vertex -16 37.6764 4.13512
    endloop
  endfacet
  facet normal 0 0.729914 0.683539
    outer loop
      vertex -6.7 38.1851 3.6264
      vertex -16 37.9391 3.88909
      vertex -6.7 37.9391 3.88909
    endloop
  endfacet
  facet normal 0 0.729914 0.683539
    outer loop
      vertex -16 37.9391 3.88909
      vertex -6.7 38.1851 3.6264
      vertex -16 38.1851 3.6264
    endloop
  endfacet
  facet normal 0 -0.973892 0.22701
    outer loop
      vertex -16 28.6557 1.073
      vertex -6.7 28.7374 1.4235
      vertex -16 28.7374 1.4235
    endloop
  endfacet
  facet normal 0 -0.973892 0.22701
    outer loop
      vertex -6.7 28.7374 1.4235
      vertex -16 28.6557 1.073
      vertex -6.7 28.6557 1.073
    endloop
  endfacet
  facet normal 0 0.0979907 -0.995187
    outer loop
      vertex -16 34.4097 -5.48822
      vertex -6.7 34.7679 -5.45295
      vertex -6.7 34.4097 -5.48822
    endloop
  endfacet
  facet normal 0 0.0979907 -0.995187
    outer loop
      vertex -6.7 34.7679 -5.45295
      vertex -16 34.4097 -5.48822
      vertex -16 34.7679 -5.45295
    endloop
  endfacet
  facet normal 0 -0.0979907 0.995187
    outer loop
      vertex -16 33.6903 5.48822
      vertex -6.7 33.3321 5.45295
      vertex -6.7 33.6903 5.48822
    endloop
  endfacet
  facet normal 0 -0.0979907 0.995187
    outer loop
      vertex -6.7 33.3321 5.45295
      vertex -16 33.6903 5.48822
      vertex -16 33.3321 5.45295
    endloop
  endfacet
  facet normal 0 0.849276 0.527949
    outer loop
      vertex -6.7 38.8131 2.75
      vertex -16 38.6231 3.05564
      vertex -6.7 38.6231 3.05564
    endloop
  endfacet
  facet normal 0 0.849276 0.527949
    outer loop
      vertex -16 38.6231 3.05564
      vertex -6.7 38.8131 2.75
      vertex -16 38.8131 2.75
    endloop
  endfacet
  facet normal 0 0.910903 -0.41262
    outer loop
      vertex -6.7 38.9828 -2.43259
      vertex -16 39.1313 -2.10476
      vertex -6.7 39.1313 -2.10476
    endloop
  endfacet
  facet normal 0 0.910903 -0.41262
    outer loop
      vertex -16 39.1313 -2.10476
      vertex -6.7 38.9828 -2.43259
      vertex -16 38.9828 -2.43259
    endloop
  endfacet
  facet normal 0 0.227089 -0.973874
    outer loop
      vertex -16 35.123 -5.39432
      vertex -6.7 35.4735 -5.31259
      vertex -6.7 35.123 -5.39432
    endloop
  endfacet
  facet normal 0 0.227089 -0.973874
    outer loop
      vertex -6.7 35.4735 -5.31259
      vertex -16 35.123 -5.39432
      vertex -16 35.4735 -5.31259
    endloop
  endfacet
  facet normal 0 0.528119 -0.84917
    outer loop
      vertex -16 36.8 -4.76314
      vertex -6.7 37.1056 -4.57308
      vertex -6.7 36.8 -4.76314
    endloop
  endfacet
  facet normal 0 0.528119 -0.84917
    outer loop
      vertex -6.7 37.1056 -4.57308
      vertex -16 36.8 -4.76314
      vertex -16 37.1056 -4.57308
    endloop
  endfacet
  facet normal 0 0.68357 -0.729885
    outer loop
      vertex -16 37.6764 -4.13512
      vertex -6.7 37.9391 -3.88909
      vertex -6.7 37.6764 -4.13512
    endloop
  endfacet
  facet normal 0 0.68357 -0.729885
    outer loop
      vertex -6.7 37.9391 -3.88909
      vertex -16 37.6764 -4.13512
      vertex -16 37.9391 -3.88909
    endloop
  endfacet
  facet normal 0 0.910903 0.41262
    outer loop
      vertex -6.7 39.1313 2.10476
      vertex -16 38.9828 2.43259
      vertex -6.7 38.9828 2.43259
    endloop
  endfacet
  facet normal 0 0.910903 0.41262
    outer loop
      vertex -16 38.9828 2.43259
      vertex -6.7 39.1313 2.10476
      vertex -16 39.1313 2.10476
    endloop
  endfacet
  facet normal 0 0.773039 -0.634358
    outer loop
      vertex -6.7 38.1851 -3.6264
      vertex -16 38.4134 -3.34819
      vertex -6.7 38.4134 -3.34819
    endloop
  endfacet
  facet normal 0 0.773039 -0.634358
    outer loop
      vertex -16 38.4134 -3.34819
      vertex -6.7 38.1851 -3.6264
      vertex -16 38.1851 -3.6264
    endloop
  endfacet
  facet normal 0 -0.999462 0.032786
    outer loop
      vertex -16 28.55 0
      vertex -6.7 28.5618 0.359716
      vertex -16 28.5618 0.359716
    endloop
  endfacet
  facet normal 0 -0.999462 0.032786
    outer loop
      vertex -6.7 28.5618 0.359716
      vertex -16 28.55 0
      vertex -6.7 28.55 0
    endloop
  endfacet
  facet normal -0 0.634405 0.773001
    outer loop
      vertex -16 37.6764 4.13512
      vertex -6.7 37.3982 4.36344
      vertex -6.7 37.6764 4.13512
    endloop
  endfacet
  facet normal 0 0.634405 0.773001
    outer loop
      vertex -6.7 37.3982 4.36344
      vertex -16 37.6764 4.13512
      vertex -16 37.3982 4.36344
    endloop
  endfacet
  facet normal 0 -0.162903 0.986642
    outer loop
      vertex -16 33.3321 5.45295
      vertex -6.7 32.977 5.39432
      vertex -6.7 33.3321 5.45295
    endloop
  endfacet
  facet normal 0 -0.162903 0.986642
    outer loop
      vertex -6.7 32.977 5.39432
      vertex -16 33.3321 5.45295
      vertex -16 32.977 5.39432
    endloop
  endfacet
  facet normal -0 0.290278 0.956942
    outer loop
      vertex -16 35.8179 5.20812
      vertex -6.7 35.4735 5.31259
      vertex -6.7 35.8179 5.20812
    endloop
  endfacet
  facet normal 0 0.290278 0.956942
    outer loop
      vertex -6.7 35.4735 5.31259
      vertex -16 35.8179 5.20812
      vertex -16 35.4735 5.31259
    endloop
  endfacet
  facet normal 0 0.290278 -0.956942
    outer loop
      vertex -16 35.4735 -5.31259
      vertex -6.7 35.8179 -5.20812
      vertex -6.7 35.4735 -5.31259
    endloop
  endfacet
  facet normal 0 0.290278 -0.956942
    outer loop
      vertex -6.7 35.8179 -5.20812
      vertex -16 35.4735 -5.31259
      vertex -16 35.8179 -5.20812
    endloop
  endfacet
  facet normal 0 -0.935885 0.352305
    outer loop
      vertex -16 28.8419 1.76792
      vertex -6.7 28.9687 2.10476
      vertex -16 28.9687 2.10476
    endloop
  endfacet
  facet normal 0 -0.935885 0.352305
    outer loop
      vertex -6.7 28.9687 2.10476
      vertex -16 28.8419 1.76792
      vertex -6.7 28.8419 1.76792
    endloop
  endfacet
  facet normal 0 0.956924 0.290339
    outer loop
      vertex -6.7 39.3626 1.4235
      vertex -16 39.2581 1.76792
      vertex -6.7 39.2581 1.76792
    endloop
  endfacet
  facet normal 0 0.956924 0.290339
    outer loop
      vertex -16 39.2581 1.76792
      vertex -6.7 39.3626 1.4235
      vertex -16 39.3626 1.4235
    endloop
  endfacet
  facet normal 0 0.773039 0.634358
    outer loop
      vertex -6.7 38.4134 3.34819
      vertex -16 38.1851 3.6264
      vertex -6.7 38.1851 3.6264
    endloop
  endfacet
  facet normal 0 0.773039 0.634358
    outer loop
      vertex -16 38.1851 3.6264
      vertex -6.7 38.4134 3.34819
      vertex -16 38.4134 3.34819
    endloop
  endfacet
  facet normal 0 0.47141 -0.881914
    outer loop
      vertex -16 36.4826 -4.9328
      vertex -6.7 36.8 -4.76314
      vertex -6.7 36.4826 -4.9328
    endloop
  endfacet
  facet normal 0 0.47141 -0.881914
    outer loop
      vertex -6.7 36.8 -4.76314
      vertex -16 36.4826 -4.9328
      vertex -16 36.8 -4.76314
    endloop
  endfacet
  facet normal 0 0.995179 -0.0980792
    outer loop
      vertex -6.7 39.5029 -0.717894
      vertex -16 39.5382 -0.359716
      vertex -6.7 39.5382 -0.359716
    endloop
  endfacet
  facet normal 0 0.995179 -0.0980792
    outer loop
      vertex -16 39.5382 -0.359716
      vertex -6.7 39.5029 -0.717894
      vertex -16 39.5029 -0.717894
    endloop
  endfacet
  facet normal -0 0.162903 0.986642
    outer loop
      vertex -16 35.123 5.39432
      vertex -6.7 34.7679 5.45295
      vertex -6.7 35.123 5.39432
    endloop
  endfacet
  facet normal 0 0.162903 0.986642
    outer loop
      vertex -6.7 34.7679 5.45295
      vertex -16 35.123 5.39432
      vertex -16 34.7679 5.45295
    endloop
  endfacet
  facet normal 0 -0.849276 0.527949
    outer loop
      vertex -16 29.2869 2.75
      vertex -6.7 29.4769 3.05564
      vertex -16 29.4769 3.05564
    endloop
  endfacet
  facet normal 0 -0.849276 0.527949
    outer loop
      vertex -6.7 29.4769 3.05564
      vertex -16 29.2869 2.75
      vertex -6.7 29.2869 2.75
    endloop
  endfacet
  facet normal -0 0.352201 0.935924
    outer loop
      vertex -16 36.1548 5.08134
      vertex -6.7 35.8179 5.20812
      vertex -6.7 36.1548 5.08134
    endloop
  endfacet
  facet normal 0 0.352201 0.935924
    outer loop
      vertex -6.7 35.8179 5.20812
      vertex -16 36.1548 5.08134
      vertex -16 35.8179 5.20812
    endloop
  endfacet
  facet normal 0 0.812766 -0.582591
    outer loop
      vertex -6.7 38.4134 -3.34819
      vertex -16 38.6231 -3.05564
      vertex -6.7 38.6231 -3.05564
    endloop
  endfacet
  facet normal 0 0.812766 -0.582591
    outer loop
      vertex -16 38.6231 -3.05564
      vertex -6.7 38.4134 -3.34819
      vertex -16 38.4134 -3.34819
    endloop
  endfacet
  facet normal 0 0.973892 0.22701
    outer loop
      vertex -6.7 39.4443 1.073
      vertex -16 39.3626 1.4235
      vertex -6.7 39.3626 1.4235
    endloop
  endfacet
  facet normal 0 0.973892 0.22701
    outer loop
      vertex -16 39.3626 1.4235
      vertex -6.7 39.4443 1.073
      vertex -16 39.4443 1.073
    endloop
  endfacet
  facet normal 0 -0.290278 0.956942
    outer loop
      vertex -16 32.6265 5.31259
      vertex -6.7 32.2821 5.20812
      vertex -6.7 32.6265 5.31259
    endloop
  endfacet
  facet normal 0 -0.290278 0.956942
    outer loop
      vertex -6.7 32.2821 5.20812
      vertex -16 32.6265 5.31259
      vertex -16 32.2821 5.20812
    endloop
  endfacet
  facet normal 0 -0.986656 0.162819
    outer loop
      vertex -16 28.5971 0.717894
      vertex -6.7 28.6557 1.073
      vertex -16 28.6557 1.073
    endloop
  endfacet
  facet normal 0 -0.986656 0.162819
    outer loop
      vertex -6.7 28.6557 1.073
      vertex -16 28.5971 0.717894
      vertex -6.7 28.5971 0.717894
    endloop
  endfacet
  facet normal 0 0.986656 0.162819
    outer loop
      vertex -6.7 39.5029 0.717894
      vertex -16 39.4443 1.073
      vertex -6.7 39.4443 1.073
    endloop
  endfacet
  facet normal 0 0.986656 0.162819
    outer loop
      vertex -16 39.4443 1.073
      vertex -6.7 39.5029 0.717894
      vertex -16 39.5029 0.717894
    endloop
  endfacet
  facet normal 0 -0.032732 0.999464
    outer loop
      vertex -16 34.05 5.5
      vertex -6.7 33.6903 5.48822
      vertex -6.7 34.05 5.5
    endloop
  endfacet
  facet normal 0 -0.032732 0.999464
    outer loop
      vertex -6.7 33.6903 5.48822
      vertex -16 34.05 5.5
      vertex -16 33.6903 5.48822
    endloop
  endfacet
  facet normal 0 0.986656 -0.162819
    outer loop
      vertex -6.7 39.4443 -1.073
      vertex -16 39.5029 -0.717894
      vertex -6.7 39.5029 -0.717894
    endloop
  endfacet
  facet normal 0 0.986656 -0.162819
    outer loop
      vertex -16 39.5029 -0.717894
      vertex -6.7 39.4443 -1.073
      vertex -16 39.4443 -1.073
    endloop
  endfacet
  facet normal 0 0.973892 -0.22701
    outer loop
      vertex -6.7 39.3626 -1.4235
      vertex -16 39.4443 -1.073
      vertex -6.7 39.4443 -1.073
    endloop
  endfacet
  facet normal 0 0.973892 -0.22701
    outer loop
      vertex -16 39.4443 -1.073
      vertex -6.7 39.3626 -1.4235
      vertex -16 39.3626 -1.4235
    endloop
  endfacet
  facet normal 0 -0.227089 0.973874
    outer loop
      vertex -16 32.977 5.39432
      vertex -6.7 32.6265 5.31259
      vertex -6.7 32.977 5.39432
    endloop
  endfacet
  facet normal 0 -0.227089 0.973874
    outer loop
      vertex -6.7 32.6265 5.31259
      vertex -16 32.977 5.39432
      vertex -16 32.6265 5.31259
    endloop
  endfacet
  facet normal -0 0.528119 0.84917
    outer loop
      vertex -16 37.1056 4.57308
      vertex -6.7 36.8 4.76314
      vertex -6.7 37.1056 4.57308
    endloop
  endfacet
  facet normal 0 0.528119 0.84917
    outer loop
      vertex -6.7 36.8 4.76314
      vertex -16 37.1056 4.57308
      vertex -16 36.8 4.76314
    endloop
  endfacet
  facet normal 0 0.162903 -0.986642
    outer loop
      vertex -16 34.7679 -5.45295
      vertex -6.7 35.123 -5.39432
      vertex -6.7 34.7679 -5.45295
    endloop
  endfacet
  facet normal 0 0.162903 -0.986642
    outer loop
      vertex -6.7 35.123 -5.39432
      vertex -16 34.7679 -5.45295
      vertex -16 35.123 -5.39432
    endloop
  endfacet
  facet normal 0 -0.412743 0.910847
    outer loop
      vertex -16 31.9452 5.08134
      vertex -6.7 31.6174 4.9328
      vertex -6.7 31.9452 5.08134
    endloop
  endfacet
  facet normal 0 -0.412743 0.910847
    outer loop
      vertex -6.7 31.6174 4.9328
      vertex -16 31.9452 5.08134
      vertex -16 31.6174 4.9328
    endloop
  endfacet
  facet normal 0 0.812766 0.582591
    outer loop
      vertex -6.7 38.6231 3.05564
      vertex -16 38.4134 3.34819
      vertex -6.7 38.4134 3.34819
    endloop
  endfacet
  facet normal 0 0.812766 0.582591
    outer loop
      vertex -16 38.4134 3.34819
      vertex -6.7 38.6231 3.05564
      vertex -16 38.6231 3.05564
    endloop
  endfacet
  facet normal 0 -0.528119 0.84917
    outer loop
      vertex -16 31.3 4.76314
      vertex -6.7 30.9944 4.57308
      vertex -6.7 31.3 4.76314
    endloop
  endfacet
  facet normal 0 -0.528119 0.84917
    outer loop
      vertex -6.7 30.9944 4.57308
      vertex -16 31.3 4.76314
      vertex -16 30.9944 4.57308
    endloop
  endfacet
  facet normal 0 0.412743 -0.910847
    outer loop
      vertex -16 36.1548 -5.08134
      vertex -6.7 36.4826 -4.9328
      vertex -6.7 36.1548 -5.08134
    endloop
  endfacet
  facet normal 0 0.412743 -0.910847
    outer loop
      vertex -6.7 36.4826 -4.9328
      vertex -16 36.1548 -5.08134
      vertex -16 36.4826 -4.9328
    endloop
  endfacet
  facet normal 0 0.995179 0.0980792
    outer loop
      vertex -6.7 39.5382 0.359716
      vertex -16 39.5029 0.717894
      vertex -6.7 39.5029 0.717894
    endloop
  endfacet
  facet normal 0 0.995179 0.0980792
    outer loop
      vertex -16 39.5029 0.717894
      vertex -6.7 39.5382 0.359716
      vertex -16 39.5382 0.359716
    endloop
  endfacet
  facet normal 0 -0.634405 0.773001
    outer loop
      vertex -16 30.7018 4.36344
      vertex -6.7 30.4236 4.13512
      vertex -6.7 30.7018 4.36344
    endloop
  endfacet
  facet normal 0 -0.634405 0.773001
    outer loop
      vertex -6.7 30.4236 4.13512
      vertex -16 30.7018 4.36344
      vertex -16 30.4236 4.13512
    endloop
  endfacet
  facet normal 0 -0.812766 0.582591
    outer loop
      vertex -16 29.4769 3.05564
      vertex -6.7 29.6866 3.34819
      vertex -16 29.6866 3.34819
    endloop
  endfacet
  facet normal 0 -0.812766 0.582591
    outer loop
      vertex -6.7 29.6866 3.34819
      vertex -16 29.4769 3.05564
      vertex -6.7 29.4769 3.05564
    endloop
  endfacet
  facet normal 0 -0.881874 0.471485
    outer loop
      vertex -16 29.1172 2.43259
      vertex -6.7 29.2869 2.75
      vertex -16 29.2869 2.75
    endloop
  endfacet
  facet normal 0 -0.881874 0.471485
    outer loop
      vertex -6.7 29.2869 2.75
      vertex -16 29.1172 2.43259
      vertex -6.7 29.1172 2.43259
    endloop
  endfacet
  facet normal 0 -0.582415 0.812892
    outer loop
      vertex -16 30.9944 4.57308
      vertex -6.7 30.7018 4.36344
      vertex -6.7 30.9944 4.57308
    endloop
  endfacet
  facet normal 0 -0.582415 0.812892
    outer loop
      vertex -6.7 30.7018 4.36344
      vertex -16 30.9944 4.57308
      vertex -16 30.7018 4.36344
    endloop
  endfacet
  facet normal 0 0.935885 -0.352305
    outer loop
      vertex -6.7 39.1313 -2.10476
      vertex -16 39.2581 -1.76792
      vertex -6.7 39.2581 -1.76792
    endloop
  endfacet
  facet normal 0 0.935885 -0.352305
    outer loop
      vertex -16 39.2581 -1.76792
      vertex -6.7 39.1313 -2.10476
      vertex -16 39.1313 -2.10476
    endloop
  endfacet
  facet normal 0 -0.995179 0.0980792
    outer loop
      vertex -16 28.5618 0.359716
      vertex -6.7 28.5971 0.717894
      vertex -16 28.5971 0.717894
    endloop
  endfacet
  facet normal 0 -0.995179 0.0980792
    outer loop
      vertex -6.7 28.5971 0.717894
      vertex -16 28.5618 0.359716
      vertex -6.7 28.5618 0.359716
    endloop
  endfacet
  facet normal -0 0.0979907 0.995187
    outer loop
      vertex -16 34.7679 5.45295
      vertex -6.7 34.4097 5.48822
      vertex -6.7 34.7679 5.45295
    endloop
  endfacet
  facet normal 0 0.0979907 0.995187
    outer loop
      vertex -6.7 34.4097 5.48822
      vertex -16 34.7679 5.45295
      vertex -16 34.4097 5.48822
    endloop
  endfacet
  facet normal -0 0.032732 0.999464
    outer loop
      vertex -16 34.4097 5.48822
      vertex -6.7 34.05 5.5
      vertex -6.7 34.4097 5.48822
    endloop
  endfacet
  facet normal 0 0.032732 0.999464
    outer loop
      vertex -6.7 34.05 5.5
      vertex -16 34.4097 5.48822
      vertex -16 34.05 5.5
    endloop
  endfacet
  facet normal 1 -0 0
    outer loop
      vertex -6.7 25.05 0
      vertex -6.7 27.0238 -0.799999
      vertex -6.7 28.55 0
    endloop
  endfacet
  facet normal 1 0 0
    outer loop
      vertex -6.7 27.0238 -0.799999
      vertex -6.7 25.05 0
      vertex -6.7 25.05 -0.799999
    endloop
  endfacet
  facet normal 1 0 0
    outer loop
      vertex -6.7 39.5382 0.359716
      vertex -6.7 36.7941 0.179858
      vertex -6.7 36.8 0
    endloop
  endfacet
  facet normal 1 0 0
    outer loop
      vertex -6.7 37.1056 4.57308
      vertex -6.7 36.7765 0.358947
      vertex -6.7 36.7941 0.179858
    endloop
  endfacet
  facet normal 1 0 0
    outer loop
      vertex -6.7 37.1056 4.57308
      vertex -6.7 36.7472 0.536498
      vertex -6.7 36.7765 0.358947
    endloop
  endfacet
  facet normal 1 0 0
    outer loop
      vertex -6.7 37.1056 4.57308
      vertex -6.7 36.7063 0.711752
      vertex -6.7 36.7472 0.536498
    endloop
  endfacet
  facet normal 1 0 0
    outer loop
      vertex -6.7 37.1056 4.57308
      vertex -6.7 36.6541 0.883958
      vertex -6.7 36.7063 0.711752
    endloop
  endfacet
  facet normal 1 0 0
    outer loop
      vertex -6.7 37.1056 4.57308
      vertex -6.7 36.5907 1.05238
      vertex -6.7 36.6541 0.883958
    endloop
  endfacet
  facet normal 1 0 0
    outer loop
      vertex -6.7 37.1056 4.57308
      vertex -6.7 36.5164 1.21629
      vertex -6.7 36.5907 1.05238
    endloop
  endfacet
  facet normal 1 0 0
    outer loop
      vertex -6.7 35.425 2.38157
      vertex -6.7 36.8 4.76314
      vertex -6.7 36.4826 4.9328
    endloop
  endfacet
  facet normal 1 0 0
    outer loop
      vertex -6.7 37.1056 4.57308
      vertex -6.7 36.4316 1.375
      vertex -6.7 36.5164 1.21629
    endloop
  endfacet
  facet normal 1 0 0
    outer loop
      vertex -6.7 37.1056 4.57308
      vertex -6.7 36.3365 1.52782
      vertex -6.7 36.4316 1.375
    endloop
  endfacet
  facet normal 1 0 0
    outer loop
      vertex -6.7 37.1056 4.57308
      vertex -6.7 36.2317 1.67409
      vertex -6.7 36.3365 1.52782
    endloop
  endfacet
  facet normal 1 0 0
    outer loop
      vertex -6.7 35.2663 2.4664
      vertex -6.7 36.4826 4.9328
      vertex -6.7 36.1548 5.08134
    endloop
  endfacet
  facet normal 1 0 0
    outer loop
      vertex -6.7 37.1056 4.57308
      vertex -6.7 36.1176 1.8132
      vertex -6.7 36.2317 1.67409
    endloop
  endfacet
  facet normal 1 0 0
    outer loop
      vertex -6.7 37.1056 4.57308
      vertex -6.7 35.9945 1.94454
      vertex -6.7 36.1176 1.8132
    endloop
  endfacet
  facet normal 1 0 0
    outer loop
      vertex -6.7 37.1056 4.57308
      vertex -6.7 35.8632 2.06756
      vertex -6.7 35.9945 1.94454
    endloop
  endfacet
  facet normal 1 0 0
    outer loop
      vertex -6.7 35.1024 2.54067
      vertex -6.7 36.1548 5.08134
      vertex -6.7 35.8179 5.20812
    endloop
  endfacet
  facet normal 1 0 0
    outer loop
      vertex -6.7 37.1056 4.57308
      vertex -6.7 35.7241 2.18172
      vertex -6.7 35.8632 2.06756
    endloop
  endfacet
  facet normal 1 0 0
    outer loop
      vertex -6.7 37.1056 4.57308
      vertex -6.7 35.5778 2.28654
      vertex -6.7 35.7241 2.18172
    endloop
  endfacet
  facet normal 1 0 0
    outer loop
      vertex -6.7 34.934 2.60406
      vertex -6.7 35.8179 5.20812
      vertex -6.7 35.4735 5.31259
    endloop
  endfacet
  facet normal 1 0 0
    outer loop
      vertex -6.7 36.8 4.76314
      vertex -6.7 35.425 2.38157
      vertex -6.7 35.5778 2.28654
    endloop
  endfacet
  facet normal 1 0 0
    outer loop
      vertex -6.7 36.4826 4.9328
      vertex -6.7 35.2663 2.4664
      vertex -6.7 35.425 2.38157
    endloop
  endfacet
  facet normal 1 0 0
    outer loop
      vertex -6.7 34.7618 2.6563
      vertex -6.7 35.4735 5.31259
      vertex -6.7 35.123 5.39432
    endloop
  endfacet
  facet normal 1 0 0
    outer loop
      vertex -6.7 36.1548 5.08134
      vertex -6.7 35.1024 2.54067
      vertex -6.7 35.2663 2.4664
    endloop
  endfacet
  facet normal 1 0 0
    outer loop
      vertex -6.7 35.8179 5.20812
      vertex -6.7 34.934 2.60406
      vertex -6.7 35.1024 2.54067
    endloop
  endfacet
  facet normal 1 0 0
    outer loop
      vertex -6.7 34.5865 2.69716
      vertex -6.7 35.123 5.39432
      vertex -6.7 34.7679 5.45295
    endloop
  endfacet
  facet normal 1 0 0
    outer loop
      vertex -6.7 35.4735 5.31259
      vertex -6.7 34.7618 2.6563
      vertex -6.7 34.934 2.60406
    endloop
  endfacet
  facet normal 1 0 0
    outer loop
      vertex -6.7 35.123 5.39432
      vertex -6.7 34.5865 2.69716
      vertex -6.7 34.7618 2.6563
    endloop
  endfacet
  facet normal 1 0 0
    outer loop
      vertex -6.7 34.4089 2.72647
      vertex -6.7 34.7679 5.45295
      vertex -6.7 34.4097 5.48822
    endloop
  endfacet
  facet normal 1 0 0
    outer loop
      vertex -6.7 34.7679 5.45295
      vertex -6.7 34.4089 2.72647
      vertex -6.7 34.5865 2.69716
    endloop
  endfacet
  facet normal 1 0 0
    outer loop
      vertex -6.7 34.4097 5.48822
      vertex -6.7 34.2299 2.74411
      vertex -6.7 34.4089 2.72647
    endloop
  endfacet
  facet normal 1 0 0
    outer loop
      vertex -6.7 34.05 5.5
      vertex -6.7 34.2299 2.74411
      vertex -6.7 34.4097 5.48822
    endloop
  endfacet
  facet normal 1 0 0
    outer loop
      vertex -6.7 34.05 5.5
      vertex -6.7 34.05 2.75
      vertex -6.7 34.2299 2.74411
    endloop
  endfacet
  facet normal 1 0 0
    outer loop
      vertex -6.7 34.05 5.5
      vertex -6.7 33.8701 2.74411
      vertex -6.7 34.05 2.75
    endloop
  endfacet
  facet normal 1 -0 0
    outer loop
      vertex -6.7 33.6903 5.48822
      vertex -6.7 33.8701 2.74411
      vertex -6.7 34.05 5.5
    endloop
  endfacet
  facet normal 1 0 0
    outer loop
      vertex -6.7 33.8701 2.74411
      vertex -6.7 33.6903 5.48822
      vertex -6.7 33.6911 2.72647
    endloop
  endfacet
  facet normal 1 -0 0
    outer loop
      vertex -6.7 33.3321 5.45295
      vertex -6.7 33.6911 2.72647
      vertex -6.7 33.6903 5.48822
    endloop
  endfacet
  facet normal 1 0 0
    outer loop
      vertex -6.7 33.6911 2.72647
      vertex -6.7 33.3321 5.45295
      vertex -6.7 33.5135 2.69716
    endloop
  endfacet
  facet normal 1 -0 0
    outer loop
      vertex -6.7 32.977 5.39432
      vertex -6.7 33.5135 2.69716
      vertex -6.7 33.3321 5.45295
    endloop
  endfacet
  facet normal 1 0 0
    outer loop
      vertex -6.7 33.5135 2.69716
      vertex -6.7 32.977 5.39432
      vertex -6.7 33.3382 2.6563
    endloop
  endfacet
  facet normal 1 -0 0
    outer loop
      vertex -6.7 32.6265 5.31259
      vertex -6.7 33.3382 2.6563
      vertex -6.7 32.977 5.39432
    endloop
  endfacet
  facet normal 1 0 0
    outer loop
      vertex -6.7 33.3382 2.6563
      vertex -6.7 32.6265 5.31259
      vertex -6.7 33.166 2.60406
    endloop
  endfacet
  facet normal 1 -0 0
    outer loop
      vertex -6.7 32.2821 5.20812
      vertex -6.7 33.166 2.60406
      vertex -6.7 32.6265 5.31259
    endloop
  endfacet
  facet normal 1 0 0
    outer loop
      vertex -6.7 33.166 2.60406
      vertex -6.7 32.2821 5.20812
      vertex -6.7 32.9976 2.54067
    endloop
  endfacet
  facet normal 1 -0 0
    outer loop
      vertex -6.7 31.9452 5.08134
      vertex -6.7 32.9976 2.54067
      vertex -6.7 32.2821 5.20812
    endloop
  endfacet
  facet normal 1 0 0
    outer loop
      vertex -6.7 32.9976 2.54067
      vertex -6.7 31.9452 5.08134
      vertex -6.7 32.8337 2.4664
    endloop
  endfacet
  facet normal 1 -0 0
    outer loop
      vertex -6.7 31.6174 4.9328
      vertex -6.7 32.8337 2.4664
      vertex -6.7 31.9452 5.08134
    endloop
  endfacet
  facet normal 1 0 0
    outer loop
      vertex -6.7 32.8337 2.4664
      vertex -6.7 31.6174 4.9328
      vertex -6.7 32.675 2.38157
    endloop
  endfacet
  facet normal 1 -0 0
    outer loop
      vertex -6.7 31.3 4.76314
      vertex -6.7 32.675 2.38157
      vertex -6.7 31.6174 4.9328
    endloop
  endfacet
  facet normal 1 0 0
    outer loop
      vertex -6.7 32.675 2.38157
      vertex -6.7 31.3 4.76314
      vertex -6.7 32.5222 2.28654
    endloop
  endfacet
  facet normal 1 -0 0
    outer loop
      vertex -6.7 30.9944 4.57308
      vertex -6.7 32.5222 2.28654
      vertex -6.7 31.3 4.76314
    endloop
  endfacet
  facet normal 1 0 0
    outer loop
      vertex -6.7 32.5222 2.28654
      vertex -6.7 30.9944 4.57308
      vertex -6.7 32.3759 2.18172
    endloop
  endfacet
  facet normal 1 -0 0
    outer loop
      vertex -6.7 30.7018 4.36344
      vertex -6.7 32.3759 2.18172
      vertex -6.7 30.9944 4.57308
    endloop
  endfacet
  facet normal 1 0 0
    outer loop
      vertex -6.7 32.3759 2.18172
      vertex -6.7 30.7018 4.36344
      vertex -6.7 32.2368 2.06756
    endloop
  endfacet
  facet normal 1 -0 0
    outer loop
      vertex -6.7 30.4236 4.13512
      vertex -6.7 32.2368 2.06756
      vertex -6.7 30.7018 4.36344
    endloop
  endfacet
  facet normal 1 0 0
    outer loop
      vertex -6.7 32.2368 2.06756
      vertex -6.7 30.4236 4.13512
      vertex -6.7 32.1055 1.94454
    endloop
  endfacet
  facet normal 1 -0 0
    outer loop
      vertex -6.7 30.1609 3.88909
      vertex -6.7 32.1055 1.94454
      vertex -6.7 30.4236 4.13512
    endloop
  endfacet
  facet normal 1 0 0
    outer loop
      vertex -6.7 32.1055 1.94454
      vertex -6.7 30.1609 3.88909
      vertex -6.7 31.9824 1.8132
    endloop
  endfacet
  facet normal 1 -0 0
    outer loop
      vertex -6.7 29.9149 3.6264
      vertex -6.7 31.9824 1.8132
      vertex -6.7 30.1609 3.88909
    endloop
  endfacet
  facet normal 1 0 0
    outer loop
      vertex -6.7 31.9824 1.8132
      vertex -6.7 29.9149 3.6264
      vertex -6.7 31.8683 1.67409
    endloop
  endfacet
  facet normal 1 -0 0
    outer loop
      vertex -6.7 29.6866 3.34819
      vertex -6.7 31.8683 1.67409
      vertex -6.7 29.9149 3.6264
    endloop
  endfacet
  facet normal 1 0 0
    outer loop
      vertex -6.7 31.8683 1.67409
      vertex -6.7 29.6866 3.34819
      vertex -6.7 31.7635 1.52782
    endloop
  endfacet
  facet normal 1 -0 0
    outer loop
      vertex -6.7 29.4769 3.05564
      vertex -6.7 31.7635 1.52782
      vertex -6.7 29.6866 3.34819
    endloop
  endfacet
  facet normal 1 0 0
    outer loop
      vertex -6.7 31.7635 1.52782
      vertex -6.7 29.4769 3.05564
      vertex -6.7 31.6684 1.375
    endloop
  endfacet
  facet normal 1 -0 0
    outer loop
      vertex -6.7 29.2869 2.75
      vertex -6.7 31.6684 1.375
      vertex -6.7 29.4769 3.05564
    endloop
  endfacet
  facet normal 1 0 0
    outer loop
      vertex -6.7 31.6684 1.375
      vertex -6.7 29.2869 2.75
      vertex -6.7 31.5836 1.21629
    endloop
  endfacet
  facet normal 1 0 0
    outer loop
      vertex -6.7 36.8 0
      vertex -6.7 39.55 0
      vertex -6.7 39.5382 0.359716
    endloop
  endfacet
  facet normal 1 0 0
    outer loop
      vertex -6.7 36.7941 0.179858
      vertex -6.7 39.5382 0.359716
      vertex -6.7 39.5029 0.717894
    endloop
  endfacet
  facet normal 1 0 0
    outer loop
      vertex -6.7 39.55 0
      vertex -6.7 36.8 0
      vertex -6.7 39.5382 -0.359716
    endloop
  endfacet
  facet normal 1 0 0
    outer loop
      vertex -6.7 36.7941 0.179858
      vertex -6.7 39.5029 0.717894
      vertex -6.7 39.4443 1.073
    endloop
  endfacet
  facet normal 1 -0 0
    outer loop
      vertex -6.7 36.7941 -0.179858
      vertex -6.7 39.5382 -0.359716
      vertex -6.7 36.8 0
    endloop
  endfacet
  facet normal 1 0 0
    outer loop
      vertex -6.7 36.7941 0.179858
      vertex -6.7 39.4443 1.073
      vertex -6.7 39.3626 1.4235
    endloop
  endfacet
  facet normal 1 0 0
    outer loop
      vertex -6.7 39.5382 -0.359716
      vertex -6.7 36.7941 -0.179858
      vertex -6.7 39.5029 -0.717894
    endloop
  endfacet
  facet normal 1 0 0
    outer loop
      vertex -6.7 36.7941 0.179858
      vertex -6.7 39.3626 1.4235
      vertex -6.7 39.2581 1.76792
    endloop
  endfacet
  facet normal 1 -0 0
    outer loop
      vertex -6.7 36.7765 -0.358947
      vertex -6.7 39.5029 -0.717894
      vertex -6.7 36.7941 -0.179858
    endloop
  endfacet
  facet normal 1 0 0
    outer loop
      vertex -6.7 36.7941 0.179858
      vertex -6.7 39.2581 1.76792
      vertex -6.7 39.1313 2.10476
    endloop
  endfacet
  facet normal 1 0 0
    outer loop
      vertex -6.7 39.5029 -0.717894
      vertex -6.7 36.7765 -0.358947
      vertex -6.7 39.4443 -1.073
    endloop
  endfacet
  facet normal 1 0 0
    outer loop
      vertex -6.7 36.7941 0.179858
      vertex -6.7 39.1313 2.10476
      vertex -6.7 38.9828 2.43259
    endloop
  endfacet
  facet normal 1 -0 0
    outer loop
      vertex -6.7 36.7472 -0.536498
      vertex -6.7 39.4443 -1.073
      vertex -6.7 36.7765 -0.358947
    endloop
  endfacet
  facet normal 1 0 0
    outer loop
      vertex -6.7 36.7941 0.179858
      vertex -6.7 38.9828 2.43259
      vertex -6.7 38.8131 2.75
    endloop
  endfacet
  facet normal 1 0 0
    outer loop
      vertex -6.7 39.4443 -1.073
      vertex -6.7 36.7472 -0.536498
      vertex -6.7 39.3626 -1.4235
    endloop
  endfacet
  facet normal 1 0 0
    outer loop
      vertex -6.7 36.7941 0.179858
      vertex -6.7 38.8131 2.75
      vertex -6.7 38.6231 3.05564
    endloop
  endfacet
  facet normal 1 -0 0
    outer loop
      vertex -6.7 36.7063 -0.711752
      vertex -6.7 39.3626 -1.4235
      vertex -6.7 36.7472 -0.536498
    endloop
  endfacet
  facet normal 1 0 0
    outer loop
      vertex -6.7 36.7941 0.179858
      vertex -6.7 38.6231 3.05564
      vertex -6.7 38.4134 3.34819
    endloop
  endfacet
  facet normal 1 0 0
    outer loop
      vertex -6.7 39.3626 -1.4235
      vertex -6.7 36.7063 -0.711752
      vertex -6.7 39.2581 -1.76792
    endloop
  endfacet
  facet normal 1 0 0
    outer loop
      vertex -6.7 36.7941 0.179858
      vertex -6.7 38.4134 3.34819
      vertex -6.7 38.1851 3.6264
    endloop
  endfacet
  facet normal 1 -0 0
    outer loop
      vertex -6.7 36.6541 -0.883958
      vertex -6.7 39.2581 -1.76792
      vertex -6.7 36.7063 -0.711752
    endloop
  endfacet
  facet normal 1 0 0
    outer loop
      vertex -6.7 36.7941 0.179858
      vertex -6.7 38.1851 3.6264
      vertex -6.7 37.9391 3.88909
    endloop
  endfacet
  facet normal 1 0 0
    outer loop
      vertex -6.7 39.2581 -1.76792
      vertex -6.7 36.6541 -0.883958
      vertex -6.7 39.1313 -2.10476
    endloop
  endfacet
  facet normal 1 0 0
    outer loop
      vertex -6.7 36.7941 0.179858
      vertex -6.7 37.9391 3.88909
      vertex -6.7 37.6764 4.13512
    endloop
  endfacet
  facet normal 1 -0 0
    outer loop
      vertex -6.7 36.5907 -1.05238
      vertex -6.7 39.1313 -2.10476
      vertex -6.7 36.6541 -0.883958
    endloop
  endfacet
  facet normal 1 0 0
    outer loop
      vertex -6.7 36.7941 0.179858
      vertex -6.7 37.6764 4.13512
      vertex -6.7 37.3982 4.36344
    endloop
  endfacet
  facet normal 1 0 0
    outer loop
      vertex -6.7 39.1313 -2.10476
      vertex -6.7 36.5907 -1.05238
      vertex -6.7 38.9828 -2.43259
    endloop
  endfacet
  facet normal 1 0 0
    outer loop
      vertex -6.7 36.7941 0.179858
      vertex -6.7 37.3982 4.36344
      vertex -6.7 37.1056 4.57308
    endloop
  endfacet
  facet normal 1 -0 0
    outer loop
      vertex -6.7 36.5164 -1.21629
      vertex -6.7 38.9828 -2.43259
      vertex -6.7 36.5907 -1.05238
    endloop
  endfacet
  facet normal 1 0 0
    outer loop
      vertex -6.7 35.5778 2.28654
      vertex -6.7 37.1056 4.57308
      vertex -6.7 36.8 4.76314
    endloop
  endfacet
  facet normal 1 0 0
    outer loop
      vertex -6.7 38.9828 -2.43259
      vertex -6.7 36.5164 -1.21629
      vertex -6.7 38.8131 -2.75
    endloop
  endfacet
  facet normal 1 -0 0
    outer loop
      vertex -6.7 36.4316 -1.375
      vertex -6.7 38.8131 -2.75
      vertex -6.7 36.5164 -1.21629
    endloop
  endfacet
  facet normal 1 0 0
    outer loop
      vertex -6.7 38.8131 -2.75
      vertex -6.7 36.4316 -1.375
      vertex -6.7 38.6231 -3.05564
    endloop
  endfacet
  facet normal 1 -0 0
    outer loop
      vertex -6.7 36.3365 -1.52782
      vertex -6.7 38.6231 -3.05564
      vertex -6.7 36.4316 -1.375
    endloop
  endfacet
  facet normal 1 0 0
    outer loop
      vertex -6.7 38.6231 -3.05564
      vertex -6.7 36.3365 -1.52782
      vertex -6.7 38.4134 -3.34819
    endloop
  endfacet
  facet normal 1 -0 0
    outer loop
      vertex -6.7 36.2317 -1.67409
      vertex -6.7 38.4134 -3.34819
      vertex -6.7 36.3365 -1.52782
    endloop
  endfacet
  facet normal 1 0 0
    outer loop
      vertex -6.7 38.4134 -3.34819
      vertex -6.7 36.2317 -1.67409
      vertex -6.7 38.1851 -3.6264
    endloop
  endfacet
  facet normal 1 -0 0
    outer loop
      vertex -6.7 36.1176 -1.8132
      vertex -6.7 38.1851 -3.6264
      vertex -6.7 36.2317 -1.67409
    endloop
  endfacet
  facet normal 1 0 0
    outer loop
      vertex -6.7 38.1851 -3.6264
      vertex -6.7 36.1176 -1.8132
      vertex -6.7 37.9391 -3.88909
    endloop
  endfacet
  facet normal 1 -0 0
    outer loop
      vertex -6.7 35.9945 -1.94454
      vertex -6.7 37.9391 -3.88909
      vertex -6.7 36.1176 -1.8132
    endloop
  endfacet
  facet normal 1 0 0
    outer loop
      vertex -6.7 37.9391 -3.88909
      vertex -6.7 35.9945 -1.94454
      vertex -6.7 37.6764 -4.13512
    endloop
  endfacet
  facet normal 1 -0 0
    outer loop
      vertex -6.7 35.8632 -2.06756
      vertex -6.7 37.6764 -4.13512
      vertex -6.7 35.9945 -1.94454
    endloop
  endfacet
  facet normal 1 0 0
    outer loop
      vertex -6.7 37.6764 -4.13512
      vertex -6.7 35.8632 -2.06756
      vertex -6.7 37.3982 -4.36344
    endloop
  endfacet
  facet normal 1 -0 0
    outer loop
      vertex -6.7 35.7241 -2.18172
      vertex -6.7 37.3982 -4.36344
      vertex -6.7 35.8632 -2.06756
    endloop
  endfacet
  facet normal 1 0 0
    outer loop
      vertex -6.7 37.3982 -4.36344
      vertex -6.7 35.7241 -2.18172
      vertex -6.7 37.1056 -4.57308
    endloop
  endfacet
  facet normal 1 -0 0
    outer loop
      vertex -6.7 35.5778 -2.28654
      vertex -6.7 37.1056 -4.57308
      vertex -6.7 35.7241 -2.18172
    endloop
  endfacet
  facet normal 1 0 0
    outer loop
      vertex -6.7 37.1056 -4.57308
      vertex -6.7 35.5778 -2.28654
      vertex -6.7 36.8 -4.76314
    endloop
  endfacet
  facet normal 1 -0 0
    outer loop
      vertex -6.7 35.425 -2.38157
      vertex -6.7 36.8 -4.76314
      vertex -6.7 35.5778 -2.28654
    endloop
  endfacet
  facet normal 1 0 0
    outer loop
      vertex -6.7 36.8 -4.76314
      vertex -6.7 35.425 -2.38157
      vertex -6.7 36.4826 -4.9328
    endloop
  endfacet
  facet normal 1 -0 0
    outer loop
      vertex -6.7 35.2663 -2.4664
      vertex -6.7 36.4826 -4.9328
      vertex -6.7 35.425 -2.38157
    endloop
  endfacet
  facet normal 1 0 0
    outer loop
      vertex -6.7 36.4826 -4.9328
      vertex -6.7 35.2663 -2.4664
      vertex -6.7 36.1548 -5.08134
    endloop
  endfacet
  facet normal 1 -0 0
    outer loop
      vertex -6.7 35.1024 -2.54067
      vertex -6.7 36.1548 -5.08134
      vertex -6.7 35.2663 -2.4664
    endloop
  endfacet
  facet normal 1 0 0
    outer loop
      vertex -6.7 36.1548 -5.08134
      vertex -6.7 35.1024 -2.54067
      vertex -6.7 35.8179 -5.20812
    endloop
  endfacet
  facet normal 1 -0 0
    outer loop
      vertex -6.7 34.934 -2.60406
      vertex -6.7 35.8179 -5.20812
      vertex -6.7 35.1024 -2.54067
    endloop
  endfacet
  facet normal 1 0 0
    outer loop
      vertex -6.7 35.8179 -5.20812
      vertex -6.7 34.934 -2.60406
      vertex -6.7 35.4735 -5.31259
    endloop
  endfacet
  facet normal 1 -0 0
    outer loop
      vertex -6.7 34.7618 -2.6563
      vertex -6.7 35.4735 -5.31259
      vertex -6.7 34.934 -2.60406
    endloop
  endfacet
  facet normal 1 0 0
    outer loop
      vertex -6.7 35.4735 -5.31259
      vertex -6.7 34.7618 -2.6563
      vertex -6.7 35.123 -5.39432
    endloop
  endfacet
  facet normal 1 -0 0
    outer loop
      vertex -6.7 34.5865 -2.69716
      vertex -6.7 35.123 -5.39432
      vertex -6.7 34.7618 -2.6563
    endloop
  endfacet
  facet normal 1 0 0
    outer loop
      vertex -6.7 35.123 -5.39432
      vertex -6.7 34.5865 -2.69716
      vertex -6.7 34.7679 -5.45295
    endloop
  endfacet
  facet normal 1 -0 0
    outer loop
      vertex -6.7 34.4089 -2.72647
      vertex -6.7 34.7679 -5.45295
      vertex -6.7 34.5865 -2.69716
    endloop
  endfacet
  facet normal 1 0 0
    outer loop
      vertex -6.7 34.7679 -5.45295
      vertex -6.7 34.4089 -2.72647
      vertex -6.7 34.4097 -5.48822
    endloop
  endfacet
  facet normal 1 -0 0
    outer loop
      vertex -6.7 34.2299 -2.74411
      vertex -6.7 34.4097 -5.48822
      vertex -6.7 34.4089 -2.72647
    endloop
  endfacet
  facet normal 1 -0 0
    outer loop
      vertex -6.7 34.05 -2.75
      vertex -6.7 34.4097 -5.48822
      vertex -6.7 34.2299 -2.74411
    endloop
  endfacet
  facet normal 1 0 0
    outer loop
      vertex -6.7 34.05 -2.75
      vertex -6.7 34.05 -5.5
      vertex -6.7 34.4097 -5.48822
    endloop
  endfacet
  facet normal 1 0 0
    outer loop
      vertex -6.7 33.8701 -2.74411
      vertex -6.7 34.05 -5.5
      vertex -6.7 34.05 -2.75
    endloop
  endfacet
  facet normal 1 0 0
    outer loop
      vertex -6.7 33.6911 -2.72647
      vertex -6.7 34.05 -5.5
      vertex -6.7 33.8701 -2.74411
    endloop
  endfacet
  facet normal 1 0 0
    outer loop
      vertex -6.7 33.5135 -2.69716
      vertex -6.7 34.05 -5.5
      vertex -6.7 33.6911 -2.72647
    endloop
  endfacet
  facet normal 1 0 0
    outer loop
      vertex -6.7 33.3382 -2.6563
      vertex -6.7 34.05 -5.5
      vertex -6.7 33.5135 -2.69716
    endloop
  endfacet
  facet normal 1 0 0
    outer loop
      vertex -6.7 33.166 -2.60406
      vertex -6.7 34.05 -5.5
      vertex -6.7 33.3382 -2.6563
    endloop
  endfacet
  facet normal 1 0 0
    outer loop
      vertex -6.7 32.9976 -2.54067
      vertex -6.7 34.05 -5.5
      vertex -6.7 33.166 -2.60406
    endloop
  endfacet
  facet normal 1 0 0
    outer loop
      vertex -6.7 32.8337 -2.4664
      vertex -6.7 34.05 -5.5
      vertex -6.7 32.9976 -2.54067
    endloop
  endfacet
  facet normal 1 0 0
    outer loop
      vertex -6.7 32.675 -2.38157
      vertex -6.7 34.05 -5.5
      vertex -6.7 32.8337 -2.4664
    endloop
  endfacet
  facet normal 1 0 0
    outer loop
      vertex -6.7 32.5222 -2.28654
      vertex -6.7 34.05 -5.5
      vertex -6.7 32.675 -2.38157
    endloop
  endfacet
  facet normal 1 0 0
    outer loop
      vertex -6.7 26.5302 -5.27719
      vertex -6.7 32.5222 -2.28654
      vertex -6.7 32.3759 -2.18172
    endloop
  endfacet
  facet normal 1 0 0
    outer loop
      vertex -6.7 26.8186 -3.53073
      vertex -6.7 32.3759 -2.18172
      vertex -6.7 32.2368 -2.06756
    endloop
  endfacet
  facet normal 1 0 0
    outer loop
      vertex -6.7 26.8186 -3.53073
      vertex -6.7 32.2368 -2.06756
      vertex -6.7 32.1055 -1.94454
    endloop
  endfacet
  facet normal 1 0 0
    outer loop
      vertex -6.7 26.8186 -3.53073
      vertex -6.7 32.1055 -1.94454
      vertex -6.7 31.9824 -1.8132
    endloop
  endfacet
  facet normal 1 0 0
    outer loop
      vertex -6.7 26.8186 -3.53073
      vertex -6.7 31.9824 -1.8132
      vertex -6.7 31.8683 -1.67409
    endloop
  endfacet
  facet normal 1 0 0
    outer loop
      vertex -6.7 26.8186 -3.53073
      vertex -6.7 31.8683 -1.67409
      vertex -6.7 31.7635 -1.52782
    endloop
  endfacet
  facet normal 1 0 0
    outer loop
      vertex -6.7 26.9921 -1.76915
      vertex -6.7 31.7635 -1.52782
      vertex -6.7 31.6684 -1.375
    endloop
  endfacet
  facet normal 1 -0 0
    outer loop
      vertex -6.7 29.1172 2.43259
      vertex -6.7 31.5836 1.21629
      vertex -6.7 29.2869 2.75
    endloop
  endfacet
  facet normal 1 0 0
    outer loop
      vertex -6.7 31.5836 1.21629
      vertex -6.7 29.1172 2.43259
      vertex -6.7 31.5093 1.05238
    endloop
  endfacet
  facet normal 1 -0 0
    outer loop
      vertex -6.7 28.9687 2.10476
      vertex -6.7 31.5093 1.05238
      vertex -6.7 29.1172 2.43259
    endloop
  endfacet
  facet normal 1 0 0
    outer loop
      vertex -6.7 31.5093 1.05238
      vertex -6.7 28.9687 2.10476
      vertex -6.7 31.4459 0.883958
    endloop
  endfacet
  facet normal 1 -0 0
    outer loop
      vertex -6.7 28.8419 1.76792
      vertex -6.7 31.4459 0.883958
      vertex -6.7 28.9687 2.10476
    endloop
  endfacet
  facet normal 1 0 0
    outer loop
      vertex -6.7 31.4459 0.883958
      vertex -6.7 28.8419 1.76792
      vertex -6.7 31.3937 0.711752
    endloop
  endfacet
  facet normal 1 -0 0
    outer loop
      vertex -6.7 28.7374 1.4235
      vertex -6.7 31.3937 0.711752
      vertex -6.7 28.8419 1.76792
    endloop
  endfacet
  facet normal 1 0 0
    outer loop
      vertex -6.7 31.3937 0.711752
      vertex -6.7 28.7374 1.4235
      vertex -6.7 31.3528 0.536498
    endloop
  endfacet
  facet normal 1 -0 0
    outer loop
      vertex -6.7 28.6557 1.073
      vertex -6.7 31.3528 0.536498
      vertex -6.7 28.7374 1.4235
    endloop
  endfacet
  facet normal 1 0 0
    outer loop
      vertex -6.7 31.3528 0.536498
      vertex -6.7 28.6557 1.073
      vertex -6.7 31.3235 0.358947
    endloop
  endfacet
  facet normal 1 -0 0
    outer loop
      vertex -6.7 28.5971 0.717894
      vertex -6.7 31.3235 0.358947
      vertex -6.7 28.6557 1.073
    endloop
  endfacet
  facet normal 1 0 0
    outer loop
      vertex -6.7 31.3235 0.358947
      vertex -6.7 28.5971 0.717894
      vertex -6.7 31.3059 0.179858
    endloop
  endfacet
  facet normal 1 -0 0
    outer loop
      vertex -6.7 28.5618 0.359716
      vertex -6.7 31.3059 0.179858
      vertex -6.7 28.5971 0.717894
    endloop
  endfacet
  facet normal 1 0 0
    outer loop
      vertex -6.7 31.3059 0.179858
      vertex -6.7 28.5618 0.359716
      vertex -6.7 31.3 0
    endloop
  endfacet
  facet normal 1 0 0
    outer loop
      vertex -6.7 28.55 0
      vertex -6.7 31.3 0
      vertex -6.7 28.5618 0.359716
    endloop
  endfacet
  facet normal 1 0 0
    outer loop
      vertex -6.7 31.3 0
      vertex -6.7 28.55 0
      vertex -6.7 31.3059 -0.179858
    endloop
  endfacet
  facet normal 1 0 0
    outer loop
      vertex -6.7 31.3059 -0.179858
      vertex -6.7 28.55 0
      vertex -6.7 31.3235 -0.358947
    endloop
  endfacet
  facet normal 1 0 0
    outer loop
      vertex -6.7 31.3235 -0.358947
      vertex -6.7 28.55 0
      vertex -6.7 31.3528 -0.536498
    endloop
  endfacet
  facet normal 1 0 0
    outer loop
      vertex -6.7 31.3528 -0.536498
      vertex -6.7 28.55 0
      vertex -6.7 31.3937 -0.711752
    endloop
  endfacet
  facet normal 1 0 0
    outer loop
      vertex -6.7 31.3937 -0.711752
      vertex -6.7 28.55 0
      vertex -6.7 31.4459 -0.883958
    endloop
  endfacet
  facet normal 1 0 0
    outer loop
      vertex -6.7 31.4459 -0.883958
      vertex -6.7 28.55 0
      vertex -6.7 31.5093 -1.05238
    endloop
  endfacet
  facet normal 1 0 0
    outer loop
      vertex -6.7 31.5093 -1.05238
      vertex -6.7 28.55 0
      vertex -6.7 31.5836 -1.21629
    endloop
  endfacet
  facet normal 1 0 0
    outer loop
      vertex -6.7 26.9921 -1.76915
      vertex -6.7 31.5836 -1.21629
      vertex -6.7 28.55 0
    endloop
  endfacet
  facet normal 1 0 0
    outer loop
      vertex -6.7 31.5836 -1.21629
      vertex -6.7 26.9921 -1.76915
      vertex -6.7 31.6684 -1.375
    endloop
  endfacet
  facet normal 1 0 0
    outer loop
      vertex -6.7 26.9921 -1.76915
      vertex -6.7 28.55 0
      vertex -6.7 27.0238 -0.799999
    endloop
  endfacet
  facet normal 1 0 0
    outer loop
      vertex -6.7 31.7635 -1.52782
      vertex -6.7 26.9921 -1.76915
      vertex -6.7 26.8186 -3.53073
    endloop
  endfacet
  facet normal 1 0 0
    outer loop
      vertex -6.7 32.3759 -2.18172
      vertex -6.7 26.8186 -3.53073
      vertex -6.7 26.5302 -5.27719
    endloop
  endfacet
  facet normal 1 0 0
    outer loop
      vertex -6.7 32.5222 -2.28654
      vertex -6.7 26.5302 -5.27719
      vertex -6.7 34.05 -5.5
    endloop
  endfacet
  facet normal 1 0 0
    outer loop
      vertex -6.7 34.05 -5.5
      vertex -6.7 26.5302 -5.27719
      vertex -6.7 26.4783 -5.5
    endloop
  endfacet
  facet normal 0 -0.956924 0.290339
    outer loop
      vertex -16 28.7374 1.4235
      vertex -6.7 28.8419 1.76792
      vertex -16 28.8419 1.76792
    endloop
  endfacet
  facet normal 0 -0.956924 0.290339
    outer loop
      vertex -6.7 28.8419 1.76792
      vertex -16 28.7374 1.4235
      vertex -6.7 28.7374 1.4235
    endloop
  endfacet
  facet normal -0 0.412743 0.910847
    outer loop
      vertex -16 36.4826 4.9328
      vertex -6.7 36.1548 5.08134
      vertex -6.7 36.4826 4.9328
    endloop
  endfacet
  facet normal 0 0.412743 0.910847
    outer loop
      vertex -6.7 36.1548 5.08134
      vertex -16 36.4826 4.9328
      vertex -16 36.1548 5.08134
    endloop
  endfacet
  facet normal 0 -0.910903 0.41262
    outer loop
      vertex -16 28.9687 2.10476
      vertex -6.7 29.1172 2.43259
      vertex -16 29.1172 2.43259
    endloop
  endfacet
  facet normal 0 -0.910903 0.41262
    outer loop
      vertex -6.7 29.1172 2.43259
      vertex -16 28.9687 2.10476
      vertex -6.7 28.9687 2.10476
    endloop
  endfacet
  facet normal 0 0.881874 0.471485
    outer loop
      vertex -6.7 38.9828 2.43259
      vertex -16 38.8131 2.75
      vertex -6.7 38.8131 2.75
    endloop
  endfacet
  facet normal 0 0.881874 0.471485
    outer loop
      vertex -16 38.8131 2.75
      vertex -6.7 38.9828 2.43259
      vertex -16 38.9828 2.43259
    endloop
  endfacet
  facet normal 0 -0.773039 0.634358
    outer loop
      vertex -16 29.6866 3.34819
      vertex -6.7 29.9149 3.6264
      vertex -16 29.9149 3.6264
    endloop
  endfacet
  facet normal 0 -0.773039 0.634358
    outer loop
      vertex -6.7 29.9149 3.6264
      vertex -16 29.6866 3.34819
      vertex -6.7 29.6866 3.34819
    endloop
  endfacet
  facet normal -0 0 1
    outer loop
      vertex -16 28.55 0
      vertex -6.7 25.05 0
      vertex -6.7 28.55 0
    endloop
  endfacet
  facet normal 0 0 1
    outer loop
      vertex -6.7 25.05 0
      vertex -16 28.55 0
      vertex -16 25.05 0
    endloop
  endfacet
  facet normal 0 0 -1
    outer loop
      vertex -16 26.4783 -5.5
      vertex -6.7 34.05 -5.5
      vertex -6.7 26.4783 -5.5
    endloop
  endfacet
  facet normal -0 0 -1
    outer loop
      vertex -6.7 34.05 -5.5
      vertex -16 26.4783 -5.5
      vertex -16 34.05 -5.5
    endloop
  endfacet
  facet normal 0 -1 0
    outer loop
      vertex -16 25.05 -0.799999
      vertex -6.7 25.05 0
      vertex -16 25.05 0
    endloop
  endfacet
  facet normal 0 -1 -0
    outer loop
      vertex -6.7 25.05 0
      vertex -16 25.05 -0.799999
      vertex -6.7 25.05 -0.799999
    endloop
  endfacet
  facet normal 0 -0.528119 0.84917
    outer loop
      vertex -16 35.5778 -2.28654
      vertex -6.7 35.425 -2.38157
      vertex -6.7 35.5778 -2.28654
    endloop
  endfacet
  facet normal 0 -0.528119 0.84917
    outer loop
      vertex -6.7 35.425 -2.38157
      vertex -16 35.5778 -2.28654
      vertex -16 35.425 -2.38157
    endloop
  endfacet
  facet normal 0 -0.227001 -0.973894
    outer loop
      vertex -16 34.5865 2.69716
      vertex -6.7 34.7618 2.6563
      vertex -6.7 34.5865 2.69716
    endloop
  endfacet
  facet normal -0 -0.227001 -0.973894
    outer loop
      vertex -6.7 34.7618 2.6563
      vertex -16 34.5865 2.69716
      vertex -16 34.7618 2.6563
    endloop
  endfacet
  facet normal 0 0.995206 0.097804
    outer loop
      vertex -6.7 31.3235 -0.358947
      vertex -16 31.3059 -0.179858
      vertex -6.7 31.3059 -0.179858
    endloop
  endfacet
  facet normal 0 0.995206 0.097804
    outer loop
      vertex -16 31.3059 -0.179858
      vertex -6.7 31.3235 -0.358947
      vertex -16 31.3235 -0.358947
    endloop
  endfacet
  facet normal -0 0.162831 0.986654
    outer loop
      vertex -16 33.6911 -2.72647
      vertex -6.7 33.5135 -2.69716
      vertex -6.7 33.6911 -2.72647
    endloop
  endfacet
  facet normal 0 0.162831 0.986654
    outer loop
      vertex -6.7 33.5135 -2.69716
      vertex -16 33.6911 -2.72647
      vertex -16 33.5135 -2.69716
    endloop
  endfacet
  facet normal 0 -0.995206 0.097804
    outer loop
      vertex -16 36.7765 -0.358947
      vertex -6.7 36.7941 -0.179858
      vertex -16 36.7941 -0.179858
    endloop
  endfacet
  facet normal 0 -0.995206 0.097804
    outer loop
      vertex -6.7 36.7941 -0.179858
      vertex -16 36.7765 -0.358947
      vertex -6.7 36.7765 -0.358947
    endloop
  endfacet
  facet normal 0 -0.973832 -0.227269
    outer loop
      vertex -16 36.7472 0.536498
      vertex -6.7 36.7063 0.711752
      vertex -16 36.7063 0.711752
    endloop
  endfacet
  facet normal 0 -0.973832 -0.227269
    outer loop
      vertex -6.7 36.7063 0.711752
      vertex -16 36.7472 0.536498
      vertex -6.7 36.7472 0.536498
    endloop
  endfacet
  facet normal 0 -0.582415 -0.812892
    outer loop
      vertex -16 35.5778 2.28654
      vertex -6.7 35.7241 2.18172
      vertex -6.7 35.5778 2.28654
    endloop
  endfacet
  facet normal -0 -0.582415 -0.812892
    outer loop
      vertex -6.7 35.7241 2.18172
      vertex -16 35.5778 2.28654
      vertex -16 35.7241 2.18172
    endloop
  endfacet
  facet normal 0 -0.162831 0.986654
    outer loop
      vertex -16 34.5865 -2.69716
      vertex -6.7 34.4089 -2.72647
      vertex -6.7 34.5865 -2.69716
    endloop
  endfacet
  facet normal 0 -0.162831 0.986654
    outer loop
      vertex -6.7 34.4089 -2.72647
      vertex -16 34.5865 -2.69716
      vertex -16 34.4089 -2.72647
    endloop
  endfacet
  facet normal 0 -0.0980724 0.995179
    outer loop
      vertex -16 34.4089 -2.72647
      vertex -6.7 34.2299 -2.74411
      vertex -6.7 34.4089 -2.72647
    endloop
  endfacet
  facet normal 0 -0.0980724 0.995179
    outer loop
      vertex -6.7 34.2299 -2.74411
      vertex -16 34.4089 -2.72647
      vertex -16 34.2299 -2.74411
    endloop
  endfacet
  facet normal 0 0.290304 -0.956935
    outer loop
      vertex -16 33.166 2.60406
      vertex -6.7 33.3382 2.6563
      vertex -6.7 33.166 2.60406
    endloop
  endfacet
  facet normal 0 0.290304 -0.956935
    outer loop
      vertex -6.7 33.3382 2.6563
      vertex -16 33.166 2.60406
      vertex -16 33.3382 2.6563
    endloop
  endfacet
  facet normal -0 0.47141 0.881914
    outer loop
      vertex -16 32.8337 -2.4664
      vertex -6.7 32.675 -2.38157
      vertex -6.7 32.8337 -2.4664
    endloop
  endfacet
  facet normal 0 0.47141 0.881914
    outer loop
      vertex -6.7 32.675 -2.38157
      vertex -16 32.8337 -2.4664
      vertex -16 32.675 -2.38157
    endloop
  endfacet
  facet normal 0 -0.956999 -0.290091
    outer loop
      vertex -16 36.7063 0.711752
      vertex -6.7 36.6541 0.883958
      vertex -16 36.6541 0.883958
    endloop
  endfacet
  facet normal 0 -0.956999 -0.290091
    outer loop
      vertex -6.7 36.6541 0.883958
      vertex -16 36.7063 0.711752
      vertex -6.7 36.7063 0.711752
    endloop
  endfacet
  facet normal 0 -0.910794 -0.412861
    outer loop
      vertex -16 36.5907 1.05238
      vertex -6.7 36.5164 1.21629
      vertex -16 36.5164 1.21629
    endloop
  endfacet
  facet normal 0 -0.910794 -0.412861
    outer loop
      vertex -6.7 36.5164 1.21629
      vertex -16 36.5907 1.05238
      vertex -6.7 36.5907 1.05238
    endloop
  endfacet
  facet normal 0 -0.528119 -0.84917
    outer loop
      vertex -16 35.425 2.38157
      vertex -6.7 35.5778 2.28654
      vertex -6.7 35.425 2.38157
    endloop
  endfacet
  facet normal -0 -0.528119 -0.84917
    outer loop
      vertex -6.7 35.5778 2.28654
      vertex -16 35.425 2.38157
      vertex -16 35.5778 2.28654
    endloop
  endfacet
  facet normal 0 -0.881996 0.471257
    outer loop
      vertex -16 36.4316 -1.375
      vertex -6.7 36.5164 -1.21629
      vertex -16 36.5164 -1.21629
    endloop
  endfacet
  facet normal 0 -0.881996 0.471257
    outer loop
      vertex -6.7 36.5164 -1.21629
      vertex -16 36.4316 -1.375
      vertex -6.7 36.4316 -1.375
    endloop
  endfacet
  facet normal 0 0.849027 -0.52835
    outer loop
      vertex -6.7 31.6684 1.375
      vertex -16 31.7635 1.52782
      vertex -6.7 31.7635 1.52782
    endloop
  endfacet
  facet normal 0 0.849027 -0.52835
    outer loop
      vertex -16 31.7635 1.52782
      vertex -6.7 31.6684 1.375
      vertex -16 31.6684 1.375
    endloop
  endfacet
  facet normal 0 -0.999462 -0.032786
    outer loop
      vertex -16 36.8 0
      vertex -6.7 36.7941 0.179858
      vertex -16 36.7941 0.179858
    endloop
  endfacet
  facet normal 0 -0.999462 -0.032786
    outer loop
      vertex -6.7 36.7941 0.179858
      vertex -16 36.8 0
      vertex -6.7 36.8 0
    endloop
  endfacet
  facet normal 0 0.881996 0.471257
    outer loop
      vertex -6.7 31.6684 -1.375
      vertex -16 31.5836 -1.21629
      vertex -6.7 31.5836 -1.21629
    endloop
  endfacet
  facet normal 0 0.881996 0.471257
    outer loop
      vertex -16 31.5836 -1.21629
      vertex -6.7 31.6684 -1.375
      vertex -16 31.6684 -1.375
    endloop
  endfacet
  facet normal 0 -0.935887 0.352301
    outer loop
      vertex -16 36.5907 -1.05238
      vertex -6.7 36.6541 -0.883958
      vertex -16 36.6541 -0.883958
    endloop
  endfacet
  facet normal 0 -0.935887 0.352301
    outer loop
      vertex -6.7 36.6541 -0.883958
      vertex -16 36.5907 -1.05238
      vertex -6.7 36.5907 -1.05238
    endloop
  endfacet
  facet normal 0 0.0327229 -0.999464
    outer loop
      vertex -16 33.8701 2.74411
      vertex -6.7 34.05 2.75
      vertex -6.7 33.8701 2.74411
    endloop
  endfacet
  facet normal 0 0.0327229 -0.999464
    outer loop
      vertex -6.7 34.05 2.75
      vertex -16 33.8701 2.74411
      vertex -16 34.05 2.75
    endloop
  endfacet
  facet normal 0 0.812888 -0.58242
    outer loop
      vertex -6.7 31.7635 1.52782
      vertex -16 31.8683 1.67409
      vertex -6.7 31.8683 1.67409
    endloop
  endfacet
  facet normal 0 0.812888 -0.58242
    outer loop
      vertex -16 31.8683 1.67409
      vertex -6.7 31.7635 1.52782
      vertex -16 31.7635 1.52782
    endloop
  endfacet
  facet normal 0 -0.0327229 0.999464
    outer loop
      vertex -16 34.2299 -2.74411
      vertex -6.7 34.05 -2.75
      vertex -6.7 34.2299 -2.74411
    endloop
  endfacet
  facet normal 0 -0.0327229 0.999464
    outer loop
      vertex -6.7 34.05 -2.75
      vertex -16 34.2299 -2.74411
      vertex -16 34.05 -2.75
    endloop
  endfacet
  facet normal 0 0.582415 -0.812892
    outer loop
      vertex -16 32.3759 2.18172
      vertex -6.7 32.5222 2.28654
      vertex -6.7 32.3759 2.18172
    endloop
  endfacet
  facet normal 0 0.582415 -0.812892
    outer loop
      vertex -6.7 32.5222 2.28654
      vertex -16 32.3759 2.18172
      vertex -16 32.5222 2.28654
    endloop
  endfacet
  facet normal 0 -0.352293 0.93589
    outer loop
      vertex -16 35.1024 -2.54067
      vertex -6.7 34.934 -2.60406
      vertex -6.7 35.1024 -2.54067
    endloop
  endfacet
  facet normal 0 -0.352293 0.93589
    outer loop
      vertex -6.7 34.934 -2.60406
      vertex -16 35.1024 -2.54067
      vertex -16 34.934 -2.60406
    endloop
  endfacet
  facet normal 0 -0.290304 0.956935
    outer loop
      vertex -16 34.934 -2.60406
      vertex -6.7 34.7618 -2.6563
      vertex -6.7 34.934 -2.60406
    endloop
  endfacet
  facet normal 0 -0.290304 0.956935
    outer loop
      vertex -6.7 34.7618 -2.6563
      vertex -16 34.934 -2.60406
      vertex -16 34.7618 -2.6563
    endloop
  endfacet
  facet normal 0 -0.352293 -0.93589
    outer loop
      vertex -16 34.934 2.60406
      vertex -6.7 35.1024 2.54067
      vertex -6.7 34.934 2.60406
    endloop
  endfacet
  facet normal -0 -0.352293 -0.93589
    outer loop
      vertex -6.7 35.1024 2.54067
      vertex -16 34.934 2.60406
      vertex -16 35.1024 2.54067
    endloop
  endfacet
  facet normal 0 -0.910794 0.412861
    outer loop
      vertex -16 36.5164 -1.21629
      vertex -6.7 36.5907 -1.05238
      vertex -16 36.5907 -1.05238
    endloop
  endfacet
  facet normal 0 -0.910794 0.412861
    outer loop
      vertex -6.7 36.5907 -1.05238
      vertex -16 36.5164 -1.21629
      vertex -6.7 36.5164 -1.21629
    endloop
  endfacet
  facet normal 0 0.773187 -0.634179
    outer loop
      vertex -6.7 31.8683 1.67409
      vertex -16 31.9824 1.8132
      vertex -6.7 31.9824 1.8132
    endloop
  endfacet
  facet normal 0 0.773187 -0.634179
    outer loop
      vertex -16 31.9824 1.8132
      vertex -6.7 31.8683 1.67409
      vertex -16 31.8683 1.67409
    endloop
  endfacet
  facet normal 0 0.910794 0.412861
    outer loop
      vertex -6.7 31.5836 -1.21629
      vertex -16 31.5093 -1.05238
      vertex -6.7 31.5093 -1.05238
    endloop
  endfacet
  facet normal 0 0.910794 0.412861
    outer loop
      vertex -16 31.5093 -1.05238
      vertex -6.7 31.5836 -1.21629
      vertex -16 31.5836 -1.21629
    endloop
  endfacet
  facet normal 0 -0.227001 0.973894
    outer loop
      vertex -16 34.7618 -2.6563
      vertex -6.7 34.5865 -2.69716
      vertex -6.7 34.7618 -2.6563
    endloop
  endfacet
  facet normal 0 -0.227001 0.973894
    outer loop
      vertex -6.7 34.5865 -2.69716
      vertex -16 34.7618 -2.6563
      vertex -16 34.5865 -2.69716
    endloop
  endfacet
  facet normal 0 -0.986656 -0.162821
    outer loop
      vertex -16 36.7765 0.358947
      vertex -6.7 36.7472 0.536498
      vertex -16 36.7472 0.536498
    endloop
  endfacet
  facet normal 0 -0.986656 -0.162821
    outer loop
      vertex -6.7 36.7472 0.536498
      vertex -16 36.7765 0.358947
      vertex -6.7 36.7765 0.358947
    endloop
  endfacet
  facet normal 0 0.999462 0.032786
    outer loop
      vertex -6.7 31.3059 -0.179858
      vertex -16 31.3 0
      vertex -6.7 31.3 0
    endloop
  endfacet
  facet normal 0 0.999462 0.032786
    outer loop
      vertex -16 31.3 0
      vertex -6.7 31.3059 -0.179858
      vertex -16 31.3059 -0.179858
    endloop
  endfacet
  facet normal 0 -0.956999 0.290091
    outer loop
      vertex -16 36.6541 -0.883958
      vertex -6.7 36.7063 -0.711752
      vertex -16 36.7063 -0.711752
    endloop
  endfacet
  facet normal 0 -0.956999 0.290091
    outer loop
      vertex -6.7 36.7063 -0.711752
      vertex -16 36.6541 -0.883958
      vertex -6.7 36.6541 -0.883958
    endloop
  endfacet
  facet normal 0 0.729624 -0.683849
    outer loop
      vertex -6.7 31.9824 1.8132
      vertex -16 32.1055 1.94454
      vertex -6.7 32.1055 1.94454
    endloop
  endfacet
  facet normal 0 0.729624 -0.683849
    outer loop
      vertex -16 32.1055 1.94454
      vertex -6.7 31.9824 1.8132
      vertex -16 31.9824 1.8132
    endloop
  endfacet
  facet normal 0 -0.849027 -0.52835
    outer loop
      vertex -16 36.4316 1.375
      vertex -6.7 36.3365 1.52782
      vertex -16 36.3365 1.52782
    endloop
  endfacet
  facet normal 0 -0.849027 -0.52835
    outer loop
      vertex -6.7 36.3365 1.52782
      vertex -16 36.4316 1.375
      vertex -6.7 36.4316 1.375
    endloop
  endfacet
  facet normal -0 0.0980724 0.995179
    outer loop
      vertex -16 33.8701 -2.74411
      vertex -6.7 33.6911 -2.72647
      vertex -6.7 33.8701 -2.74411
    endloop
  endfacet
  facet normal 0 0.0980724 0.995179
    outer loop
      vertex -6.7 33.6911 -2.72647
      vertex -16 33.8701 -2.74411
      vertex -16 33.6911 -2.72647
    endloop
  endfacet
  facet normal -0 0.634405 0.773001
    outer loop
      vertex -16 32.3759 -2.18172
      vertex -6.7 32.2368 -2.06756
      vertex -6.7 32.3759 -2.18172
    endloop
  endfacet
  facet normal 0 0.634405 0.773001
    outer loop
      vertex -6.7 32.2368 -2.06756
      vertex -16 32.3759 -2.18172
      vertex -16 32.2368 -2.06756
    endloop
  endfacet
  facet normal 0 0.995206 -0.097804
    outer loop
      vertex -6.7 31.3059 0.179858
      vertex -16 31.3235 0.358947
      vertex -6.7 31.3235 0.358947
    endloop
  endfacet
  facet normal 0 0.995206 -0.097804
    outer loop
      vertex -16 31.3235 0.358947
      vertex -6.7 31.3059 0.179858
      vertex -16 31.3059 0.179858
    endloop
  endfacet
  facet normal -0 0.290304 0.956935
    outer loop
      vertex -16 33.3382 -2.6563
      vertex -6.7 33.166 -2.60406
      vertex -6.7 33.3382 -2.6563
    endloop
  endfacet
  facet normal 0 0.290304 0.956935
    outer loop
      vertex -6.7 33.166 -2.60406
      vertex -16 33.3382 -2.6563
      vertex -16 33.166 -2.60406
    endloop
  endfacet
  facet normal -0 0.528119 0.84917
    outer loop
      vertex -16 32.675 -2.38157
      vertex -6.7 32.5222 -2.28654
      vertex -6.7 32.675 -2.38157
    endloop
  endfacet
  facet normal 0 0.528119 0.84917
    outer loop
      vertex -6.7 32.5222 -2.28654
      vertex -16 32.675 -2.38157
      vertex -16 32.5222 -2.28654
    endloop
  endfacet
  facet normal 0 -0.412743 0.910847
    outer loop
      vertex -16 35.2663 -2.4664
      vertex -6.7 35.1024 -2.54067
      vertex -6.7 35.2663 -2.4664
    endloop
  endfacet
  facet normal 0 -0.412743 0.910847
    outer loop
      vertex -6.7 35.1024 -2.54067
      vertex -16 35.2663 -2.4664
      vertex -16 35.1024 -2.54067
    endloop
  endfacet
  facet normal -0 0.582415 0.812892
    outer loop
      vertex -16 32.5222 -2.28654
      vertex -6.7 32.3759 -2.18172
      vertex -6.7 32.5222 -2.28654
    endloop
  endfacet
  facet normal 0 0.582415 0.812892
    outer loop
      vertex -6.7 32.3759 -2.18172
      vertex -16 32.5222 -2.28654
      vertex -16 32.3759 -2.18172
    endloop
  endfacet
  facet normal 0 0.956999 0.290091
    outer loop
      vertex -6.7 31.4459 -0.883958
      vertex -16 31.3937 -0.711752
      vertex -6.7 31.3937 -0.711752
    endloop
  endfacet
  facet normal 0 0.956999 0.290091
    outer loop
      vertex -16 31.3937 -0.711752
      vertex -6.7 31.4459 -0.883958
      vertex -16 31.4459 -0.883958
    endloop
  endfacet
  facet normal 0 0.162831 -0.986654
    outer loop
      vertex -16 33.5135 2.69716
      vertex -6.7 33.6911 2.72647
      vertex -6.7 33.5135 2.69716
    endloop
  endfacet
  facet normal 0 0.162831 -0.986654
    outer loop
      vertex -6.7 33.6911 2.72647
      vertex -16 33.5135 2.69716
      vertex -16 33.6911 2.72647
    endloop
  endfacet
  facet normal 0 -0.582415 0.812892
    outer loop
      vertex -16 35.7241 -2.18172
      vertex -6.7 35.5778 -2.28654
      vertex -6.7 35.7241 -2.18172
    endloop
  endfacet
  facet normal 0 -0.582415 0.812892
    outer loop
      vertex -6.7 35.5778 -2.28654
      vertex -16 35.7241 -2.18172
      vertex -16 35.5778 -2.28654
    endloop
  endfacet
  facet normal 0 -0.849027 0.52835
    outer loop
      vertex -16 36.3365 -1.52782
      vertex -6.7 36.4316 -1.375
      vertex -16 36.4316 -1.375
    endloop
  endfacet
  facet normal 0 -0.849027 0.52835
    outer loop
      vertex -6.7 36.4316 -1.375
      vertex -16 36.3365 -1.52782
      vertex -6.7 36.3365 -1.52782
    endloop
  endfacet
  facet normal 0 -0.683723 0.729742
    outer loop
      vertex -16 35.9945 -1.94454
      vertex -6.7 35.8632 -2.06756
      vertex -6.7 35.9945 -1.94454
    endloop
  endfacet
  facet normal 0 -0.683723 0.729742
    outer loop
      vertex -6.7 35.8632 -2.06756
      vertex -16 35.9945 -1.94454
      vertex -16 35.8632 -2.06756
    endloop
  endfacet
  facet normal -0 0.0327229 0.999464
    outer loop
      vertex -16 34.05 -2.75
      vertex -6.7 33.8701 -2.74411
      vertex -6.7 34.05 -2.75
    endloop
  endfacet
  facet normal 0 0.0327229 0.999464
    outer loop
      vertex -6.7 33.8701 -2.74411
      vertex -16 34.05 -2.75
      vertex -16 33.8701 -2.74411
    endloop
  endfacet
  facet normal 0 0.412743 -0.910847
    outer loop
      vertex -16 32.8337 2.4664
      vertex -6.7 32.9976 2.54067
      vertex -6.7 32.8337 2.4664
    endloop
  endfacet
  facet normal 0 0.412743 -0.910847
    outer loop
      vertex -6.7 32.9976 2.54067
      vertex -16 32.8337 2.4664
      vertex -16 32.9976 2.54067
    endloop
  endfacet
  facet normal 0 -0.812888 0.58242
    outer loop
      vertex -16 36.2317 -1.67409
      vertex -6.7 36.3365 -1.52782
      vertex -16 36.3365 -1.52782
    endloop
  endfacet
  facet normal 0 -0.812888 0.58242
    outer loop
      vertex -6.7 36.3365 -1.52782
      vertex -16 36.2317 -1.67409
      vertex -6.7 36.2317 -1.67409
    endloop
  endfacet
  facet normal 0 0.352293 -0.93589
    outer loop
      vertex -16 32.9976 2.54067
      vertex -6.7 33.166 2.60406
      vertex -6.7 32.9976 2.54067
    endloop
  endfacet
  facet normal 0 0.352293 -0.93589
    outer loop
      vertex -6.7 33.166 2.60406
      vertex -16 32.9976 2.54067
      vertex -16 33.166 2.60406
    endloop
  endfacet
  facet normal 0 -0.162831 -0.986654
    outer loop
      vertex -16 34.4089 2.72647
      vertex -6.7 34.5865 2.69716
      vertex -6.7 34.4089 2.72647
    endloop
  endfacet
  facet normal -0 -0.162831 -0.986654
    outer loop
      vertex -6.7 34.5865 2.69716
      vertex -16 34.4089 2.72647
      vertex -16 34.5865 2.69716
    endloop
  endfacet
  facet normal 0 0.999462 -0.032786
    outer loop
      vertex -6.7 31.3 0
      vertex -16 31.3059 0.179858
      vertex -6.7 31.3059 0.179858
    endloop
  endfacet
  facet normal 0 0.999462 -0.032786
    outer loop
      vertex -16 31.3059 0.179858
      vertex -6.7 31.3 0
      vertex -16 31.3 0
    endloop
  endfacet
  facet normal 0 0.227001 -0.973894
    outer loop
      vertex -16 33.3382 2.6563
      vertex -6.7 33.5135 2.69716
      vertex -6.7 33.3382 2.6563
    endloop
  endfacet
  facet normal 0 0.227001 -0.973894
    outer loop
      vertex -6.7 33.5135 2.69716
      vertex -16 33.3382 2.6563
      vertex -16 33.5135 2.69716
    endloop
  endfacet
  facet normal 0 -0.995206 -0.097804
    outer loop
      vertex -16 36.7941 0.179858
      vertex -6.7 36.7765 0.358947
      vertex -16 36.7765 0.358947
    endloop
  endfacet
  facet normal 0 -0.995206 -0.097804
    outer loop
      vertex -6.7 36.7765 0.358947
      vertex -16 36.7941 0.179858
      vertex -6.7 36.7941 0.179858
    endloop
  endfacet
  facet normal 0 -0.999462 0.032786
    outer loop
      vertex -16 36.7941 -0.179858
      vertex -6.7 36.8 0
      vertex -16 36.8 0
    endloop
  endfacet
  facet normal 0 -0.999462 0.032786
    outer loop
      vertex -6.7 36.8 0
      vertex -16 36.7941 -0.179858
      vertex -6.7 36.7941 -0.179858
    endloop
  endfacet
  facet normal 0 0.729624 0.683849
    outer loop
      vertex -6.7 32.1055 -1.94454
      vertex -16 31.9824 -1.8132
      vertex -6.7 31.9824 -1.8132
    endloop
  endfacet
  facet normal 0 0.729624 0.683849
    outer loop
      vertex -16 31.9824 -1.8132
      vertex -6.7 32.1055 -1.94454
      vertex -16 32.1055 -1.94454
    endloop
  endfacet
  facet normal 0 -0.729624 -0.683849
    outer loop
      vertex -16 36.1176 1.8132
      vertex -6.7 35.9945 1.94454
      vertex -16 35.9945 1.94454
    endloop
  endfacet
  facet normal 0 -0.729624 -0.683849
    outer loop
      vertex -6.7 35.9945 1.94454
      vertex -16 36.1176 1.8132
      vertex -6.7 36.1176 1.8132
    endloop
  endfacet
  facet normal 0 -0.0980724 -0.995179
    outer loop
      vertex -16 34.2299 2.74411
      vertex -6.7 34.4089 2.72647
      vertex -6.7 34.2299 2.74411
    endloop
  endfacet
  facet normal -0 -0.0980724 -0.995179
    outer loop
      vertex -6.7 34.4089 2.72647
      vertex -16 34.2299 2.74411
      vertex -16 34.4089 2.72647
    endloop
  endfacet
  facet normal 0 0.973832 -0.227269
    outer loop
      vertex -6.7 31.3528 0.536498
      vertex -16 31.3937 0.711752
      vertex -6.7 31.3937 0.711752
    endloop
  endfacet
  facet normal 0 0.973832 -0.227269
    outer loop
      vertex -16 31.3937 0.711752
      vertex -6.7 31.3528 0.536498
      vertex -16 31.3528 0.536498
    endloop
  endfacet
  facet normal 0 -0.773187 0.634179
    outer loop
      vertex -16 36.1176 -1.8132
      vertex -6.7 36.2317 -1.67409
      vertex -16 36.2317 -1.67409
    endloop
  endfacet
  facet normal 0 -0.773187 0.634179
    outer loop
      vertex -6.7 36.2317 -1.67409
      vertex -16 36.1176 -1.8132
      vertex -6.7 36.1176 -1.8132
    endloop
  endfacet
  facet normal 0 -0.986656 0.162821
    outer loop
      vertex -16 36.7472 -0.536498
      vertex -6.7 36.7765 -0.358947
      vertex -16 36.7765 -0.358947
    endloop
  endfacet
  facet normal 0 -0.986656 0.162821
    outer loop
      vertex -6.7 36.7765 -0.358947
      vertex -16 36.7472 -0.536498
      vertex -6.7 36.7472 -0.536498
    endloop
  endfacet
  facet normal 0 0.528119 -0.84917
    outer loop
      vertex -16 32.5222 2.28654
      vertex -6.7 32.675 2.38157
      vertex -6.7 32.5222 2.28654
    endloop
  endfacet
  facet normal 0 0.528119 -0.84917
    outer loop
      vertex -6.7 32.675 2.38157
      vertex -16 32.5222 2.28654
      vertex -16 32.675 2.38157
    endloop
  endfacet
  facet normal 0 0.910794 -0.412861
    outer loop
      vertex -6.7 31.5093 1.05238
      vertex -16 31.5836 1.21629
      vertex -6.7 31.5836 1.21629
    endloop
  endfacet
  facet normal 0 0.910794 -0.412861
    outer loop
      vertex -16 31.5836 1.21629
      vertex -6.7 31.5093 1.05238
      vertex -16 31.5093 1.05238
    endloop
  endfacet
  facet normal 0 0.683723 -0.729742
    outer loop
      vertex -16 32.1055 1.94454
      vertex -6.7 32.2368 2.06756
      vertex -6.7 32.1055 1.94454
    endloop
  endfacet
  facet normal 0 0.683723 -0.729742
    outer loop
      vertex -6.7 32.2368 2.06756
      vertex -16 32.1055 1.94454
      vertex -16 32.2368 2.06756
    endloop
  endfacet
  facet normal 0 -0.47141 0.881914
    outer loop
      vertex -16 35.425 -2.38157
      vertex -6.7 35.2663 -2.4664
      vertex -6.7 35.425 -2.38157
    endloop
  endfacet
  facet normal 0 -0.47141 0.881914
    outer loop
      vertex -6.7 35.2663 -2.4664
      vertex -16 35.425 -2.38157
      vertex -16 35.2663 -2.4664
    endloop
  endfacet
  facet normal 0 0.881996 -0.471257
    outer loop
      vertex -6.7 31.5836 1.21629
      vertex -16 31.6684 1.375
      vertex -6.7 31.6684 1.375
    endloop
  endfacet
  facet normal 0 0.881996 -0.471257
    outer loop
      vertex -16 31.6684 1.375
      vertex -6.7 31.5836 1.21629
      vertex -16 31.5836 1.21629
    endloop
  endfacet
  facet normal 0 -0.683723 -0.729742
    outer loop
      vertex -16 35.8632 2.06756
      vertex -6.7 35.9945 1.94454
      vertex -6.7 35.8632 2.06756
    endloop
  endfacet
  facet normal -0 -0.683723 -0.729742
    outer loop
      vertex -6.7 35.9945 1.94454
      vertex -16 35.8632 2.06756
      vertex -16 35.9945 1.94454
    endloop
  endfacet
  facet normal 0 -0.0327229 -0.999464
    outer loop
      vertex -16 34.05 2.75
      vertex -6.7 34.2299 2.74411
      vertex -6.7 34.05 2.75
    endloop
  endfacet
  facet normal -0 -0.0327229 -0.999464
    outer loop
      vertex -6.7 34.2299 2.74411
      vertex -16 34.05 2.75
      vertex -16 34.2299 2.74411
    endloop
  endfacet
  facet normal 0 -0.812888 -0.58242
    outer loop
      vertex -16 36.3365 1.52782
      vertex -6.7 36.2317 1.67409
      vertex -16 36.2317 1.67409
    endloop
  endfacet
  facet normal 0 -0.812888 -0.58242
    outer loop
      vertex -6.7 36.2317 1.67409
      vertex -16 36.3365 1.52782
      vertex -6.7 36.3365 1.52782
    endloop
  endfacet
  facet normal 0 0.986656 -0.162821
    outer loop
      vertex -6.7 31.3235 0.358947
      vertex -16 31.3528 0.536498
      vertex -6.7 31.3528 0.536498
    endloop
  endfacet
  facet normal 0 0.986656 -0.162821
    outer loop
      vertex -16 31.3528 0.536498
      vertex -6.7 31.3235 0.358947
      vertex -16 31.3235 0.358947
    endloop
  endfacet
  facet normal 0 0.935887 0.352301
    outer loop
      vertex -6.7 31.5093 -1.05238
      vertex -16 31.4459 -0.883958
      vertex -6.7 31.4459 -0.883958
    endloop
  endfacet
  facet normal 0 0.935887 0.352301
    outer loop
      vertex -16 31.4459 -0.883958
      vertex -6.7 31.5093 -1.05238
      vertex -16 31.5093 -1.05238
    endloop
  endfacet
  facet normal 0 0.973832 0.227269
    outer loop
      vertex -6.7 31.3937 -0.711752
      vertex -16 31.3528 -0.536498
      vertex -6.7 31.3528 -0.536498
    endloop
  endfacet
  facet normal 0 0.973832 0.227269
    outer loop
      vertex -16 31.3528 -0.536498
      vertex -6.7 31.3937 -0.711752
      vertex -16 31.3937 -0.711752
    endloop
  endfacet
  facet normal -0 0.227001 0.973894
    outer loop
      vertex -16 33.5135 -2.69716
      vertex -6.7 33.3382 -2.6563
      vertex -6.7 33.5135 -2.69716
    endloop
  endfacet
  facet normal 0 0.227001 0.973894
    outer loop
      vertex -6.7 33.3382 -2.6563
      vertex -16 33.5135 -2.69716
      vertex -16 33.3382 -2.6563
    endloop
  endfacet
  facet normal -0 0.352293 0.93589
    outer loop
      vertex -16 33.166 -2.60406
      vertex -6.7 32.9976 -2.54067
      vertex -6.7 33.166 -2.60406
    endloop
  endfacet
  facet normal 0 0.352293 0.93589
    outer loop
      vertex -6.7 32.9976 -2.54067
      vertex -16 33.166 -2.60406
      vertex -16 32.9976 -2.54067
    endloop
  endfacet
  facet normal 0 0.634405 -0.773001
    outer loop
      vertex -16 32.2368 2.06756
      vertex -6.7 32.3759 2.18172
      vertex -6.7 32.2368 2.06756
    endloop
  endfacet
  facet normal 0 0.634405 -0.773001
    outer loop
      vertex -6.7 32.3759 2.18172
      vertex -16 32.2368 2.06756
      vertex -16 32.3759 2.18172
    endloop
  endfacet
  facet normal 0 -0.634405 0.773001
    outer loop
      vertex -16 35.8632 -2.06756
      vertex -6.7 35.7241 -2.18172
      vertex -6.7 35.8632 -2.06756
    endloop
  endfacet
  facet normal 0 -0.634405 0.773001
    outer loop
      vertex -6.7 35.7241 -2.18172
      vertex -16 35.8632 -2.06756
      vertex -16 35.7241 -2.18172
    endloop
  endfacet
  facet normal 0 -0.881996 -0.471257
    outer loop
      vertex -16 36.5164 1.21629
      vertex -6.7 36.4316 1.375
      vertex -16 36.4316 1.375
    endloop
  endfacet
  facet normal 0 -0.881996 -0.471257
    outer loop
      vertex -6.7 36.4316 1.375
      vertex -16 36.5164 1.21629
      vertex -6.7 36.5164 1.21629
    endloop
  endfacet
  facet normal 0 0.773187 0.634179
    outer loop
      vertex -6.7 31.9824 -1.8132
      vertex -16 31.8683 -1.67409
      vertex -6.7 31.8683 -1.67409
    endloop
  endfacet
  facet normal 0 0.773187 0.634179
    outer loop
      vertex -16 31.8683 -1.67409
      vertex -6.7 31.9824 -1.8132
      vertex -16 31.9824 -1.8132
    endloop
  endfacet
  facet normal 0 0.0980724 -0.995179
    outer loop
      vertex -16 33.6911 2.72647
      vertex -6.7 33.8701 2.74411
      vertex -6.7 33.6911 2.72647
    endloop
  endfacet
  facet normal 0 0.0980724 -0.995179
    outer loop
      vertex -6.7 33.8701 2.74411
      vertex -16 33.6911 2.72647
      vertex -16 33.8701 2.74411
    endloop
  endfacet
  facet normal 0 0.812888 0.58242
    outer loop
      vertex -6.7 31.8683 -1.67409
      vertex -16 31.7635 -1.52782
      vertex -6.7 31.7635 -1.52782
    endloop
  endfacet
  facet normal 0 0.812888 0.58242
    outer loop
      vertex -16 31.7635 -1.52782
      vertex -6.7 31.8683 -1.67409
      vertex -16 31.8683 -1.67409
    endloop
  endfacet
  facet normal 0 0.986656 0.162821
    outer loop
      vertex -6.7 31.3528 -0.536498
      vertex -16 31.3235 -0.358947
      vertex -6.7 31.3235 -0.358947
    endloop
  endfacet
  facet normal 0 0.986656 0.162821
    outer loop
      vertex -16 31.3235 -0.358947
      vertex -6.7 31.3528 -0.536498
      vertex -16 31.3528 -0.536498
    endloop
  endfacet
  facet normal 0 -0.935887 -0.352301
    outer loop
      vertex -16 36.6541 0.883958
      vertex -6.7 36.5907 1.05238
      vertex -16 36.5907 1.05238
    endloop
  endfacet
  facet normal 0 -0.935887 -0.352301
    outer loop
      vertex -6.7 36.5907 1.05238
      vertex -16 36.6541 0.883958
      vertex -6.7 36.6541 0.883958
    endloop
  endfacet
  facet normal 0 0.849027 0.52835
    outer loop
      vertex -6.7 31.7635 -1.52782
      vertex -16 31.6684 -1.375
      vertex -6.7 31.6684 -1.375
    endloop
  endfacet
  facet normal 0 0.849027 0.52835
    outer loop
      vertex -16 31.6684 -1.375
      vertex -6.7 31.7635 -1.52782
      vertex -16 31.7635 -1.52782
    endloop
  endfacet
  facet normal 0 -0.973832 0.227269
    outer loop
      vertex -16 36.7063 -0.711752
      vertex -6.7 36.7472 -0.536498
      vertex -16 36.7472 -0.536498
    endloop
  endfacet
  facet normal 0 -0.973832 0.227269
    outer loop
      vertex -6.7 36.7472 -0.536498
      vertex -16 36.7063 -0.711752
      vertex -6.7 36.7063 -0.711752
    endloop
  endfacet
  facet normal 0 -0.290304 -0.956935
    outer loop
      vertex -16 34.7618 2.6563
      vertex -6.7 34.934 2.60406
      vertex -6.7 34.7618 2.6563
    endloop
  endfacet
  facet normal -0 -0.290304 -0.956935
    outer loop
      vertex -6.7 34.934 2.60406
      vertex -16 34.7618 2.6563
      vertex -16 34.934 2.60406
    endloop
  endfacet
  facet normal 0 -0.729624 0.683849
    outer loop
      vertex -16 35.9945 -1.94454
      vertex -6.7 36.1176 -1.8132
      vertex -16 36.1176 -1.8132
    endloop
  endfacet
  facet normal 0 -0.729624 0.683849
    outer loop
      vertex -6.7 36.1176 -1.8132
      vertex -16 35.9945 -1.94454
      vertex -6.7 35.9945 -1.94454
    endloop
  endfacet
  facet normal -0 0.412743 0.910847
    outer loop
      vertex -16 32.9976 -2.54067
      vertex -6.7 32.8337 -2.4664
      vertex -6.7 32.9976 -2.54067
    endloop
  endfacet
  facet normal 0 0.412743 0.910847
    outer loop
      vertex -6.7 32.8337 -2.4664
      vertex -16 32.9976 -2.54067
      vertex -16 32.8337 -2.4664
    endloop
  endfacet
  facet normal 0 -0.634405 -0.773001
    outer loop
      vertex -16 35.7241 2.18172
      vertex -6.7 35.8632 2.06756
      vertex -6.7 35.7241 2.18172
    endloop
  endfacet
  facet normal -0 -0.634405 -0.773001
    outer loop
      vertex -6.7 35.8632 2.06756
      vertex -16 35.7241 2.18172
      vertex -16 35.8632 2.06756
    endloop
  endfacet
  facet normal 0 -0.773187 -0.634179
    outer loop
      vertex -16 36.2317 1.67409
      vertex -6.7 36.1176 1.8132
      vertex -16 36.1176 1.8132
    endloop
  endfacet
  facet normal 0 -0.773187 -0.634179
    outer loop
      vertex -6.7 36.1176 1.8132
      vertex -16 36.2317 1.67409
      vertex -6.7 36.2317 1.67409
    endloop
  endfacet
  facet normal 0 -0.412743 -0.910847
    outer loop
      vertex -16 35.1024 2.54067
      vertex -6.7 35.2663 2.4664
      vertex -6.7 35.1024 2.54067
    endloop
  endfacet
  facet normal -0 -0.412743 -0.910847
    outer loop
      vertex -6.7 35.2663 2.4664
      vertex -16 35.1024 2.54067
      vertex -16 35.2663 2.4664
    endloop
  endfacet
  facet normal -0 0.683723 0.729742
    outer loop
      vertex -16 32.2368 -2.06756
      vertex -6.7 32.1055 -1.94454
      vertex -6.7 32.2368 -2.06756
    endloop
  endfacet
  facet normal 0 0.683723 0.729742
    outer loop
      vertex -6.7 32.1055 -1.94454
      vertex -16 32.2368 -2.06756
      vertex -16 32.1055 -1.94454
    endloop
  endfacet
  facet normal 0 0.956999 -0.290091
    outer loop
      vertex -6.7 31.3937 0.711752
      vertex -16 31.4459 0.883958
      vertex -6.7 31.4459 0.883958
    endloop
  endfacet
  facet normal 0 0.956999 -0.290091
    outer loop
      vertex -16 31.4459 0.883958
      vertex -6.7 31.3937 0.711752
      vertex -16 31.3937 0.711752
    endloop
  endfacet
  facet normal 0 0.935887 -0.352301
    outer loop
      vertex -6.7 31.4459 0.883958
      vertex -16 31.5093 1.05238
      vertex -6.7 31.5093 1.05238
    endloop
  endfacet
  facet normal 0 0.935887 -0.352301
    outer loop
      vertex -16 31.5093 1.05238
      vertex -6.7 31.4459 0.883958
      vertex -16 31.4459 0.883958
    endloop
  endfacet
  facet normal 0 -0.47141 -0.881914
    outer loop
      vertex -16 35.2663 2.4664
      vertex -6.7 35.425 2.38157
      vertex -6.7 35.2663 2.4664
    endloop
  endfacet
  facet normal -0 -0.47141 -0.881914
    outer loop
      vertex -6.7 35.425 2.38157
      vertex -16 35.2663 2.4664
      vertex -16 35.425 2.38157
    endloop
  endfacet
  facet normal 0 0.47141 -0.881914
    outer loop
      vertex -16 32.675 2.38157
      vertex -6.7 32.8337 2.4664
      vertex -6.7 32.675 2.38157
    endloop
  endfacet
  facet normal 0 0.47141 -0.881914
    outer loop
      vertex -6.7 32.8337 2.4664
      vertex -16 32.675 2.38157
      vertex -16 32.8337 2.4664
    endloop
  endfacet
  facet normal 0 0.935885 0.352305
    outer loop
      vertex 16 39.2581 1.76792
      vertex 6.7 39.1313 2.10476
      vertex 16 39.1313 2.10476
    endloop
  endfacet
  facet normal 0 0.935885 0.352305
    outer loop
      vertex 6.7 39.1313 2.10476
      vertex 16 39.2581 1.76792
      vertex 6.7 39.2581 1.76792
    endloop
  endfacet
  facet normal 0 0.032732 -0.999464
    outer loop
      vertex 6.7 34.05 -5.5
      vertex 16 34.4097 -5.48822
      vertex 16 34.05 -5.5
    endloop
  endfacet
  facet normal 0 0.032732 -0.999464
    outer loop
      vertex 16 34.4097 -5.48822
      vertex 6.7 34.05 -5.5
      vertex 6.7 34.4097 -5.48822
    endloop
  endfacet
  facet normal 0 -0.729914 0.683539
    outer loop
      vertex 6.7 29.9149 3.6264
      vertex 16 30.1609 3.88909
      vertex 6.7 30.1609 3.88909
    endloop
  endfacet
  facet normal 0 -0.729914 0.683539
    outer loop
      vertex 16 30.1609 3.88909
      vertex 6.7 29.9149 3.6264
      vertex 16 29.9149 3.6264
    endloop
  endfacet
  facet normal 0 -0.352201 0.935924
    outer loop
      vertex 6.7 32.2821 5.20812
      vertex 16 31.9452 5.08134
      vertex 16 32.2821 5.20812
    endloop
  endfacet
  facet normal 0 -0.352201 0.935924
    outer loop
      vertex 16 31.9452 5.08134
      vertex 6.7 32.2821 5.20812
      vertex 6.7 31.9452 5.08134
    endloop
  endfacet
  facet normal 0 -0.68357 0.729885
    outer loop
      vertex 6.7 30.4236 4.13512
      vertex 16 30.1609 3.88909
      vertex 16 30.4236 4.13512
    endloop
  endfacet
  facet normal 0 -0.68357 0.729885
    outer loop
      vertex 16 30.1609 3.88909
      vertex 6.7 30.4236 4.13512
      vertex 6.7 30.1609 3.88909
    endloop
  endfacet
  facet normal 0 0.634405 -0.773001
    outer loop
      vertex 6.7 37.3982 -4.36344
      vertex 16 37.6764 -4.13512
      vertex 16 37.3982 -4.36344
    endloop
  endfacet
  facet normal 0 0.634405 -0.773001
    outer loop
      vertex 16 37.6764 -4.13512
      vertex 6.7 37.3982 -4.36344
      vertex 6.7 37.6764 -4.13512
    endloop
  endfacet
  facet normal -0 0.582415 0.812892
    outer loop
      vertex 6.7 37.3982 4.36344
      vertex 16 37.1056 4.57308
      vertex 16 37.3982 4.36344
    endloop
  endfacet
  facet normal 0 0.582415 0.812892
    outer loop
      vertex 16 37.1056 4.57308
      vertex 6.7 37.3982 4.36344
      vertex 6.7 37.1056 4.57308
    endloop
  endfacet
  facet normal 0 0.999462 0.032786
    outer loop
      vertex 16 39.55 0
      vertex 6.7 39.5382 0.359716
      vertex 16 39.5382 0.359716
    endloop
  endfacet
  facet normal 0 0.999462 0.032786
    outer loop
      vertex 6.7 39.5382 0.359716
      vertex 16 39.55 0
      vertex 6.7 39.55 0
    endloop
  endfacet
  facet normal 0 0.956924 -0.290339
    outer loop
      vertex 16 39.2581 -1.76792
      vertex 6.7 39.3626 -1.4235
      vertex 16 39.3626 -1.4235
    endloop
  endfacet
  facet normal 0 0.956924 -0.290339
    outer loop
      vertex 6.7 39.3626 -1.4235
      vertex 16 39.2581 -1.76792
      vertex 6.7 39.2581 -1.76792
    endloop
  endfacet
  facet normal -0 0.227089 0.973874
    outer loop
      vertex 6.7 35.4735 5.31259
      vertex 16 35.123 5.39432
      vertex 16 35.4735 5.31259
    endloop
  endfacet
  facet normal 0 0.227089 0.973874
    outer loop
      vertex 16 35.123 5.39432
      vertex 6.7 35.4735 5.31259
      vertex 6.7 35.123 5.39432
    endloop
  endfacet
  facet normal 0 0.729914 -0.683539
    outer loop
      vertex 16 37.9391 -3.88909
      vertex 6.7 38.1851 -3.6264
      vertex 16 38.1851 -3.6264
    endloop
  endfacet
  facet normal 0 0.729914 -0.683539
    outer loop
      vertex 6.7 38.1851 -3.6264
      vertex 16 37.9391 -3.88909
      vertex 6.7 37.9391 -3.88909
    endloop
  endfacet
  facet normal 0 -0.47141 0.881914
    outer loop
      vertex 6.7 31.6174 4.9328
      vertex 16 31.3 4.76314
      vertex 16 31.6174 4.9328
    endloop
  endfacet
  facet normal 0 -0.47141 0.881914
    outer loop
      vertex 16 31.3 4.76314
      vertex 6.7 31.6174 4.9328
      vertex 6.7 31.3 4.76314
    endloop
  endfacet
  facet normal 0 0.352201 -0.935924
    outer loop
      vertex 6.7 35.8179 -5.20812
      vertex 16 36.1548 -5.08134
      vertex 16 35.8179 -5.20812
    endloop
  endfacet
  facet normal 0 0.352201 -0.935924
    outer loop
      vertex 16 36.1548 -5.08134
      vertex 6.7 35.8179 -5.20812
      vertex 6.7 36.1548 -5.08134
    endloop
  endfacet
  facet normal -0 0.47141 0.881914
    outer loop
      vertex 6.7 36.8 4.76314
      vertex 16 36.4826 4.9328
      vertex 16 36.8 4.76314
    endloop
  endfacet
  facet normal 0 0.47141 0.881914
    outer loop
      vertex 16 36.4826 4.9328
      vertex 6.7 36.8 4.76314
      vertex 6.7 36.4826 4.9328
    endloop
  endfacet
  facet normal 0 0.881874 -0.471485
    outer loop
      vertex 16 38.8131 -2.75
      vertex 6.7 38.9828 -2.43259
      vertex 16 38.9828 -2.43259
    endloop
  endfacet
  facet normal 0 0.881874 -0.471485
    outer loop
      vertex 6.7 38.9828 -2.43259
      vertex 16 38.8131 -2.75
      vertex 6.7 38.8131 -2.75
    endloop
  endfacet
  facet normal 0 0.999462 -0.032786
    outer loop
      vertex 16 39.5382 -0.359716
      vertex 6.7 39.55 0
      vertex 16 39.55 0
    endloop
  endfacet
  facet normal 0 0.999462 -0.032786
    outer loop
      vertex 6.7 39.55 0
      vertex 16 39.5382 -0.359716
      vertex 6.7 39.5382 -0.359716
    endloop
  endfacet
  facet normal 0 0.582415 -0.812892
    outer loop
      vertex 6.7 37.1056 -4.57308
      vertex 16 37.3982 -4.36344
      vertex 16 37.1056 -4.57308
    endloop
  endfacet
  facet normal 0 0.582415 -0.812892
    outer loop
      vertex 16 37.3982 -4.36344
      vertex 6.7 37.1056 -4.57308
      vertex 6.7 37.3982 -4.36344
    endloop
  endfacet
  facet normal 0 0.849276 -0.527949
    outer loop
      vertex 16 38.6231 -3.05564
      vertex 6.7 38.8131 -2.75
      vertex 16 38.8131 -2.75
    endloop
  endfacet
  facet normal 0 0.849276 -0.527949
    outer loop
      vertex 6.7 38.8131 -2.75
      vertex 16 38.6231 -3.05564
      vertex 6.7 38.6231 -3.05564
    endloop
  endfacet
  facet normal -0 0.68357 0.729885
    outer loop
      vertex 6.7 37.9391 3.88909
      vertex 16 37.6764 4.13512
      vertex 16 37.9391 3.88909
    endloop
  endfacet
  facet normal 0 0.68357 0.729885
    outer loop
      vertex 16 37.6764 4.13512
      vertex 6.7 37.9391 3.88909
      vertex 6.7 37.6764 4.13512
    endloop
  endfacet
  facet normal 0 0.729914 0.683539
    outer loop
      vertex 16 38.1851 3.6264
      vertex 6.7 37.9391 3.88909
      vertex 16 37.9391 3.88909
    endloop
  endfacet
  facet normal 0 0.729914 0.683539
    outer loop
      vertex 6.7 37.9391 3.88909
      vertex 16 38.1851 3.6264
      vertex 6.7 38.1851 3.6264
    endloop
  endfacet
  facet normal 0 -0.973892 0.22701
    outer loop
      vertex 6.7 28.6557 1.073
      vertex 16 28.7374 1.4235
      vertex 6.7 28.7374 1.4235
    endloop
  endfacet
  facet normal 0 -0.973892 0.22701
    outer loop
      vertex 16 28.7374 1.4235
      vertex 6.7 28.6557 1.073
      vertex 16 28.6557 1.073
    endloop
  endfacet
  facet normal 0 0.0979907 -0.995187
    outer loop
      vertex 6.7 34.4097 -5.48822
      vertex 16 34.7679 -5.45295
      vertex 16 34.4097 -5.48822
    endloop
  endfacet
  facet normal 0 0.0979907 -0.995187
    outer loop
      vertex 16 34.7679 -5.45295
      vertex 6.7 34.4097 -5.48822
      vertex 6.7 34.7679 -5.45295
    endloop
  endfacet
  facet normal 0 -0.0979907 0.995187
    outer loop
      vertex 6.7 33.6903 5.48822
      vertex 16 33.3321 5.45295
      vertex 16 33.6903 5.48822
    endloop
  endfacet
  facet normal 0 -0.0979907 0.995187
    outer loop
      vertex 16 33.3321 5.45295
      vertex 6.7 33.6903 5.48822
      vertex 6.7 33.3321 5.45295
    endloop
  endfacet
  facet normal 0 0.849276 0.527949
    outer loop
      vertex 16 38.8131 2.75
      vertex 6.7 38.6231 3.05564
      vertex 16 38.6231 3.05564
    endloop
  endfacet
  facet normal 0 0.849276 0.527949
    outer loop
      vertex 6.7 38.6231 3.05564
      vertex 16 38.8131 2.75
      vertex 6.7 38.8131 2.75
    endloop
  endfacet
  facet normal 0 0.910903 -0.41262
    outer loop
      vertex 16 38.9828 -2.43259
      vertex 6.7 39.1313 -2.10476
      vertex 16 39.1313 -2.10476
    endloop
  endfacet
  facet normal 0 0.910903 -0.41262
    outer loop
      vertex 6.7 39.1313 -2.10476
      vertex 16 38.9828 -2.43259
      vertex 6.7 38.9828 -2.43259
    endloop
  endfacet
  facet normal 0 0.227089 -0.973874
    outer loop
      vertex 6.7 35.123 -5.39432
      vertex 16 35.4735 -5.31259
      vertex 16 35.123 -5.39432
    endloop
  endfacet
  facet normal 0 0.227089 -0.973874
    outer loop
      vertex 16 35.4735 -5.31259
      vertex 6.7 35.123 -5.39432
      vertex 6.7 35.4735 -5.31259
    endloop
  endfacet
  facet normal 0 0.528119 -0.84917
    outer loop
      vertex 6.7 36.8 -4.76314
      vertex 16 37.1056 -4.57308
      vertex 16 36.8 -4.76314
    endloop
  endfacet
  facet normal 0 0.528119 -0.84917
    outer loop
      vertex 16 37.1056 -4.57308
      vertex 6.7 36.8 -4.76314
      vertex 6.7 37.1056 -4.57308
    endloop
  endfacet
  facet normal 0 0.68357 -0.729885
    outer loop
      vertex 6.7 37.6764 -4.13512
      vertex 16 37.9391 -3.88909
      vertex 16 37.6764 -4.13512
    endloop
  endfacet
  facet normal 0 0.68357 -0.729885
    outer loop
      vertex 16 37.9391 -3.88909
      vertex 6.7 37.6764 -4.13512
      vertex 6.7 37.9391 -3.88909
    endloop
  endfacet
  facet normal 0 0.910903 0.41262
    outer loop
      vertex 16 39.1313 2.10476
      vertex 6.7 38.9828 2.43259
      vertex 16 38.9828 2.43259
    endloop
  endfacet
  facet normal 0 0.910903 0.41262
    outer loop
      vertex 6.7 38.9828 2.43259
      vertex 16 39.1313 2.10476
      vertex 6.7 39.1313 2.10476
    endloop
  endfacet
  facet normal 0 0.773039 -0.634358
    outer loop
      vertex 16 38.1851 -3.6264
      vertex 6.7 38.4134 -3.34819
      vertex 16 38.4134 -3.34819
    endloop
  endfacet
  facet normal 0 0.773039 -0.634358
    outer loop
      vertex 6.7 38.4134 -3.34819
      vertex 16 38.1851 -3.6264
      vertex 6.7 38.1851 -3.6264
    endloop
  endfacet
  facet normal 0 -0.999462 0.032786
    outer loop
      vertex 6.7 28.55 0
      vertex 16 28.5618 0.359716
      vertex 6.7 28.5618 0.359716
    endloop
  endfacet
  facet normal 0 -0.999462 0.032786
    outer loop
      vertex 16 28.5618 0.359716
      vertex 6.7 28.55 0
      vertex 16 28.55 0
    endloop
  endfacet
  facet normal -0 0.634405 0.773001
    outer loop
      vertex 6.7 37.6764 4.13512
      vertex 16 37.3982 4.36344
      vertex 16 37.6764 4.13512
    endloop
  endfacet
  facet normal 0 0.634405 0.773001
    outer loop
      vertex 16 37.3982 4.36344
      vertex 6.7 37.6764 4.13512
      vertex 6.7 37.3982 4.36344
    endloop
  endfacet
  facet normal 0 -0.956924 0.290339
    outer loop
      vertex 6.7 28.7374 1.4235
      vertex 16 28.8419 1.76792
      vertex 6.7 28.8419 1.76792
    endloop
  endfacet
  facet normal 0 -0.956924 0.290339
    outer loop
      vertex 16 28.8419 1.76792
      vertex 6.7 28.7374 1.4235
      vertex 16 28.7374 1.4235
    endloop
  endfacet
  facet normal 0 -0.162903 0.986642
    outer loop
      vertex 6.7 33.3321 5.45295
      vertex 16 32.977 5.39432
      vertex 16 33.3321 5.45295
    endloop
  endfacet
  facet normal 0 -0.162903 0.986642
    outer loop
      vertex 16 32.977 5.39432
      vertex 6.7 33.3321 5.45295
      vertex 6.7 32.977 5.39432
    endloop
  endfacet
  facet normal -0 0.290278 0.956942
    outer loop
      vertex 6.7 35.8179 5.20812
      vertex 16 35.4735 5.31259
      vertex 16 35.8179 5.20812
    endloop
  endfacet
  facet normal 0 0.290278 0.956942
    outer loop
      vertex 16 35.4735 5.31259
      vertex 6.7 35.8179 5.20812
      vertex 6.7 35.4735 5.31259
    endloop
  endfacet
  facet normal 0 0.290278 -0.956942
    outer loop
      vertex 6.7 35.4735 -5.31259
      vertex 16 35.8179 -5.20812
      vertex 16 35.4735 -5.31259
    endloop
  endfacet
  facet normal 0 0.290278 -0.956942
    outer loop
      vertex 16 35.8179 -5.20812
      vertex 6.7 35.4735 -5.31259
      vertex 6.7 35.8179 -5.20812
    endloop
  endfacet
  facet normal 0 -0.935885 0.352305
    outer loop
      vertex 6.7 28.8419 1.76792
      vertex 16 28.9687 2.10476
      vertex 6.7 28.9687 2.10476
    endloop
  endfacet
  facet normal 0 -0.935885 0.352305
    outer loop
      vertex 16 28.9687 2.10476
      vertex 6.7 28.8419 1.76792
      vertex 16 28.8419 1.76792
    endloop
  endfacet
  facet normal 0 0.956924 0.290339
    outer loop
      vertex 16 39.3626 1.4235
      vertex 6.7 39.2581 1.76792
      vertex 16 39.2581 1.76792
    endloop
  endfacet
  facet normal 0 0.956924 0.290339
    outer loop
      vertex 6.7 39.2581 1.76792
      vertex 16 39.3626 1.4235
      vertex 6.7 39.3626 1.4235
    endloop
  endfacet
  facet normal 0 0.773039 0.634358
    outer loop
      vertex 16 38.4134 3.34819
      vertex 6.7 38.1851 3.6264
      vertex 16 38.1851 3.6264
    endloop
  endfacet
  facet normal 0 0.773039 0.634358
    outer loop
      vertex 6.7 38.1851 3.6264
      vertex 16 38.4134 3.34819
      vertex 6.7 38.4134 3.34819
    endloop
  endfacet
  facet normal 0 0.47141 -0.881914
    outer loop
      vertex 6.7 36.4826 -4.9328
      vertex 16 36.8 -4.76314
      vertex 16 36.4826 -4.9328
    endloop
  endfacet
  facet normal 0 0.47141 -0.881914
    outer loop
      vertex 16 36.8 -4.76314
      vertex 6.7 36.4826 -4.9328
      vertex 6.7 36.8 -4.76314
    endloop
  endfacet
  facet normal 0 0.995179 -0.0980792
    outer loop
      vertex 16 39.5029 -0.717894
      vertex 6.7 39.5382 -0.359716
      vertex 16 39.5382 -0.359716
    endloop
  endfacet
  facet normal 0 0.995179 -0.0980792
    outer loop
      vertex 6.7 39.5382 -0.359716
      vertex 16 39.5029 -0.717894
      vertex 6.7 39.5029 -0.717894
    endloop
  endfacet
  facet normal -0 0.162903 0.986642
    outer loop
      vertex 6.7 35.123 5.39432
      vertex 16 34.7679 5.45295
      vertex 16 35.123 5.39432
    endloop
  endfacet
  facet normal 0 0.162903 0.986642
    outer loop
      vertex 16 34.7679 5.45295
      vertex 6.7 35.123 5.39432
      vertex 6.7 34.7679 5.45295
    endloop
  endfacet
  facet normal 0 -0.849276 0.527949
    outer loop
      vertex 6.7 29.2869 2.75
      vertex 16 29.4769 3.05564
      vertex 6.7 29.4769 3.05564
    endloop
  endfacet
  facet normal 0 -0.849276 0.527949
    outer loop
      vertex 16 29.4769 3.05564
      vertex 6.7 29.2869 2.75
      vertex 16 29.2869 2.75
    endloop
  endfacet
  facet normal -0 0.352201 0.935924
    outer loop
      vertex 6.7 36.1548 5.08134
      vertex 16 35.8179 5.20812
      vertex 16 36.1548 5.08134
    endloop
  endfacet
  facet normal 0 0.352201 0.935924
    outer loop
      vertex 16 35.8179 5.20812
      vertex 6.7 36.1548 5.08134
      vertex 6.7 35.8179 5.20812
    endloop
  endfacet
  facet normal 0 0.812766 -0.582591
    outer loop
      vertex 16 38.4134 -3.34819
      vertex 6.7 38.6231 -3.05564
      vertex 16 38.6231 -3.05564
    endloop
  endfacet
  facet normal 0 0.812766 -0.582591
    outer loop
      vertex 6.7 38.6231 -3.05564
      vertex 16 38.4134 -3.34819
      vertex 6.7 38.4134 -3.34819
    endloop
  endfacet
  facet normal 0 0.973892 0.22701
    outer loop
      vertex 16 39.4443 1.073
      vertex 6.7 39.3626 1.4235
      vertex 16 39.3626 1.4235
    endloop
  endfacet
  facet normal 0 0.973892 0.22701
    outer loop
      vertex 6.7 39.3626 1.4235
      vertex 16 39.4443 1.073
      vertex 6.7 39.4443 1.073
    endloop
  endfacet
  facet normal 0 -0.290278 0.956942
    outer loop
      vertex 6.7 32.6265 5.31259
      vertex 16 32.2821 5.20812
      vertex 16 32.6265 5.31259
    endloop
  endfacet
  facet normal 0 -0.290278 0.956942
    outer loop
      vertex 16 32.2821 5.20812
      vertex 6.7 32.6265 5.31259
      vertex 6.7 32.2821 5.20812
    endloop
  endfacet
  facet normal 0 -0.986656 0.162819
    outer loop
      vertex 6.7 28.5971 0.717894
      vertex 16 28.6557 1.073
      vertex 6.7 28.6557 1.073
    endloop
  endfacet
  facet normal 0 -0.986656 0.162819
    outer loop
      vertex 16 28.6557 1.073
      vertex 6.7 28.5971 0.717894
      vertex 16 28.5971 0.717894
    endloop
  endfacet
  facet normal 0 0.986656 0.162819
    outer loop
      vertex 16 39.5029 0.717894
      vertex 6.7 39.4443 1.073
      vertex 16 39.4443 1.073
    endloop
  endfacet
  facet normal 0 0.986656 0.162819
    outer loop
      vertex 6.7 39.4443 1.073
      vertex 16 39.5029 0.717894
      vertex 6.7 39.5029 0.717894
    endloop
  endfacet
  facet normal 0 -0.032732 0.999464
    outer loop
      vertex 6.7 34.05 5.5
      vertex 16 33.6903 5.48822
      vertex 16 34.05 5.5
    endloop
  endfacet
  facet normal 0 -0.032732 0.999464
    outer loop
      vertex 16 33.6903 5.48822
      vertex 6.7 34.05 5.5
      vertex 6.7 33.6903 5.48822
    endloop
  endfacet
  facet normal 0 0.986656 -0.162819
    outer loop
      vertex 16 39.4443 -1.073
      vertex 6.7 39.5029 -0.717894
      vertex 16 39.5029 -0.717894
    endloop
  endfacet
  facet normal 0 0.986656 -0.162819
    outer loop
      vertex 6.7 39.5029 -0.717894
      vertex 16 39.4443 -1.073
      vertex 6.7 39.4443 -1.073
    endloop
  endfacet
  facet normal 0 0.973892 -0.22701
    outer loop
      vertex 16 39.3626 -1.4235
      vertex 6.7 39.4443 -1.073
      vertex 16 39.4443 -1.073
    endloop
  endfacet
  facet normal 0 0.973892 -0.22701
    outer loop
      vertex 6.7 39.4443 -1.073
      vertex 16 39.3626 -1.4235
      vertex 6.7 39.3626 -1.4235
    endloop
  endfacet
  facet normal 0 -0.227089 0.973874
    outer loop
      vertex 6.7 32.977 5.39432
      vertex 16 32.6265 5.31259
      vertex 16 32.977 5.39432
    endloop
  endfacet
  facet normal 0 -0.227089 0.973874
    outer loop
      vertex 16 32.6265 5.31259
      vertex 6.7 32.977 5.39432
      vertex 6.7 32.6265 5.31259
    endloop
  endfacet
  facet normal -0 0.528119 0.84917
    outer loop
      vertex 6.7 37.1056 4.57308
      vertex 16 36.8 4.76314
      vertex 16 37.1056 4.57308
    endloop
  endfacet
  facet normal 0 0.528119 0.84917
    outer loop
      vertex 16 36.8 4.76314
      vertex 6.7 37.1056 4.57308
      vertex 6.7 36.8 4.76314
    endloop
  endfacet
  facet normal 0 0.162903 -0.986642
    outer loop
      vertex 6.7 34.7679 -5.45295
      vertex 16 35.123 -5.39432
      vertex 16 34.7679 -5.45295
    endloop
  endfacet
  facet normal 0 0.162903 -0.986642
    outer loop
      vertex 16 35.123 -5.39432
      vertex 6.7 34.7679 -5.45295
      vertex 6.7 35.123 -5.39432
    endloop
  endfacet
  facet normal 0 -0.412743 0.910847
    outer loop
      vertex 6.7 31.9452 5.08134
      vertex 16 31.6174 4.9328
      vertex 16 31.9452 5.08134
    endloop
  endfacet
  facet normal 0 -0.412743 0.910847
    outer loop
      vertex 16 31.6174 4.9328
      vertex 6.7 31.9452 5.08134
      vertex 6.7 31.6174 4.9328
    endloop
  endfacet
  facet normal 0 0.812766 0.582591
    outer loop
      vertex 16 38.6231 3.05564
      vertex 6.7 38.4134 3.34819
      vertex 16 38.4134 3.34819
    endloop
  endfacet
  facet normal 0 0.812766 0.582591
    outer loop
      vertex 6.7 38.4134 3.34819
      vertex 16 38.6231 3.05564
      vertex 6.7 38.6231 3.05564
    endloop
  endfacet
  facet normal 0 -0.528119 0.84917
    outer loop
      vertex 6.7 31.3 4.76314
      vertex 16 30.9944 4.57308
      vertex 16 31.3 4.76314
    endloop
  endfacet
  facet normal 0 -0.528119 0.84917
    outer loop
      vertex 16 30.9944 4.57308
      vertex 6.7 31.3 4.76314
      vertex 6.7 30.9944 4.57308
    endloop
  endfacet
  facet normal 0 0.412743 -0.910847
    outer loop
      vertex 6.7 36.1548 -5.08134
      vertex 16 36.4826 -4.9328
      vertex 16 36.1548 -5.08134
    endloop
  endfacet
  facet normal 0 0.412743 -0.910847
    outer loop
      vertex 16 36.4826 -4.9328
      vertex 6.7 36.1548 -5.08134
      vertex 6.7 36.4826 -4.9328
    endloop
  endfacet
  facet normal 0 0.995179 0.0980792
    outer loop
      vertex 16 39.5382 0.359716
      vertex 6.7 39.5029 0.717894
      vertex 16 39.5029 0.717894
    endloop
  endfacet
  facet normal 0 0.995179 0.0980792
    outer loop
      vertex 6.7 39.5029 0.717894
      vertex 16 39.5382 0.359716
      vertex 6.7 39.5382 0.359716
    endloop
  endfacet
  facet normal 0 -0.634405 0.773001
    outer loop
      vertex 6.7 30.7018 4.36344
      vertex 16 30.4236 4.13512
      vertex 16 30.7018 4.36344
    endloop
  endfacet
  facet normal 0 -0.634405 0.773001
    outer loop
      vertex 16 30.4236 4.13512
      vertex 6.7 30.7018 4.36344
      vertex 6.7 30.4236 4.13512
    endloop
  endfacet
  facet normal 0 -0.812766 0.582591
    outer loop
      vertex 6.7 29.4769 3.05564
      vertex 16 29.6866 3.34819
      vertex 6.7 29.6866 3.34819
    endloop
  endfacet
  facet normal 0 -0.812766 0.582591
    outer loop
      vertex 16 29.6866 3.34819
      vertex 6.7 29.4769 3.05564
      vertex 16 29.4769 3.05564
    endloop
  endfacet
  facet normal 0 -0.881874 0.471485
    outer loop
      vertex 6.7 29.1172 2.43259
      vertex 16 29.2869 2.75
      vertex 6.7 29.2869 2.75
    endloop
  endfacet
  facet normal 0 -0.881874 0.471485
    outer loop
      vertex 16 29.2869 2.75
      vertex 6.7 29.1172 2.43259
      vertex 16 29.1172 2.43259
    endloop
  endfacet
  facet normal 0 -0.582415 0.812892
    outer loop
      vertex 6.7 30.9944 4.57308
      vertex 16 30.7018 4.36344
      vertex 16 30.9944 4.57308
    endloop
  endfacet
  facet normal 0 -0.582415 0.812892
    outer loop
      vertex 16 30.7018 4.36344
      vertex 6.7 30.9944 4.57308
      vertex 6.7 30.7018 4.36344
    endloop
  endfacet
  facet normal 0 0.935885 -0.352305
    outer loop
      vertex 16 39.1313 -2.10476
      vertex 6.7 39.2581 -1.76792
      vertex 16 39.2581 -1.76792
    endloop
  endfacet
  facet normal 0 0.935885 -0.352305
    outer loop
      vertex 6.7 39.2581 -1.76792
      vertex 16 39.1313 -2.10476
      vertex 6.7 39.1313 -2.10476
    endloop
  endfacet
  facet normal 0 -0.995179 0.0980792
    outer loop
      vertex 6.7 28.5618 0.359716
      vertex 16 28.5971 0.717894
      vertex 6.7 28.5971 0.717894
    endloop
  endfacet
  facet normal 0 -0.995179 0.0980792
    outer loop
      vertex 16 28.5971 0.717894
      vertex 6.7 28.5618 0.359716
      vertex 16 28.5618 0.359716
    endloop
  endfacet
  facet normal -0 0.0979907 0.995187
    outer loop
      vertex 6.7 34.7679 5.45295
      vertex 16 34.4097 5.48822
      vertex 16 34.7679 5.45295
    endloop
  endfacet
  facet normal 0 0.0979907 0.995187
    outer loop
      vertex 16 34.4097 5.48822
      vertex 6.7 34.7679 5.45295
      vertex 6.7 34.4097 5.48822
    endloop
  endfacet
  facet normal -0 0.032732 0.999464
    outer loop
      vertex 6.7 34.4097 5.48822
      vertex 16 34.05 5.5
      vertex 16 34.4097 5.48822
    endloop
  endfacet
  facet normal 0 0.032732 0.999464
    outer loop
      vertex 16 34.05 5.5
      vertex 6.7 34.4097 5.48822
      vertex 6.7 34.05 5.5
    endloop
  endfacet
  facet normal -1 0 0
    outer loop
      vertex 6.7 39.5382 -0.359716
      vertex 6.7 36.7941 -0.179858
      vertex 6.7 36.8 0
    endloop
  endfacet
  facet normal -1 0 0
    outer loop
      vertex 6.7 37.1056 -4.57308
      vertex 6.7 36.7765 -0.358947
      vertex 6.7 36.7941 -0.179858
    endloop
  endfacet
  facet normal -1 0 0
    outer loop
      vertex 6.7 37.1056 -4.57308
      vertex 6.7 36.7472 -0.536498
      vertex 6.7 36.7765 -0.358947
    endloop
  endfacet
  facet normal -1 0 0
    outer loop
      vertex 6.7 37.1056 -4.57308
      vertex 6.7 36.7063 -0.711752
      vertex 6.7 36.7472 -0.536498
    endloop
  endfacet
  facet normal -1 0 0
    outer loop
      vertex 6.7 37.1056 -4.57308
      vertex 6.7 36.6541 -0.883958
      vertex 6.7 36.7063 -0.711752
    endloop
  endfacet
  facet normal -1 0 0
    outer loop
      vertex 6.7 37.1056 -4.57308
      vertex 6.7 36.5907 -1.05238
      vertex 6.7 36.6541 -0.883958
    endloop
  endfacet
  facet normal -1 0 0
    outer loop
      vertex 6.7 37.1056 -4.57308
      vertex 6.7 36.5164 -1.21629
      vertex 6.7 36.5907 -1.05238
    endloop
  endfacet
  facet normal -1 0 0
    outer loop
      vertex 6.7 35.425 -2.38157
      vertex 6.7 36.8 -4.76314
      vertex 6.7 36.4826 -4.9328
    endloop
  endfacet
  facet normal -1 0 0
    outer loop
      vertex 6.7 37.1056 -4.57308
      vertex 6.7 36.4316 -1.375
      vertex 6.7 36.5164 -1.21629
    endloop
  endfacet
  facet normal -1 0 0
    outer loop
      vertex 6.7 37.1056 -4.57308
      vertex 6.7 36.3365 -1.52782
      vertex 6.7 36.4316 -1.375
    endloop
  endfacet
  facet normal -1 0 0
    outer loop
      vertex 6.7 37.1056 -4.57308
      vertex 6.7 36.2317 -1.67409
      vertex 6.7 36.3365 -1.52782
    endloop
  endfacet
  facet normal -1 0 0
    outer loop
      vertex 6.7 35.2663 -2.4664
      vertex 6.7 36.4826 -4.9328
      vertex 6.7 36.1548 -5.08134
    endloop
  endfacet
  facet normal -1 0 0
    outer loop
      vertex 6.7 37.1056 -4.57308
      vertex 6.7 36.1176 -1.8132
      vertex 6.7 36.2317 -1.67409
    endloop
  endfacet
  facet normal -1 0 0
    outer loop
      vertex 6.7 37.1056 -4.57308
      vertex 6.7 35.9945 -1.94454
      vertex 6.7 36.1176 -1.8132
    endloop
  endfacet
  facet normal -1 0 0
    outer loop
      vertex 6.7 37.1056 -4.57308
      vertex 6.7 35.8632 -2.06756
      vertex 6.7 35.9945 -1.94454
    endloop
  endfacet
  facet normal -1 0 0
    outer loop
      vertex 6.7 35.1024 -2.54067
      vertex 6.7 36.1548 -5.08134
      vertex 6.7 35.8179 -5.20812
    endloop
  endfacet
  facet normal -1 0 0
    outer loop
      vertex 6.7 37.1056 -4.57308
      vertex 6.7 35.7241 -2.18172
      vertex 6.7 35.8632 -2.06756
    endloop
  endfacet
  facet normal -1 0 0
    outer loop
      vertex 6.7 37.1056 -4.57308
      vertex 6.7 35.5778 -2.28654
      vertex 6.7 35.7241 -2.18172
    endloop
  endfacet
  facet normal -1 0 0
    outer loop
      vertex 6.7 34.934 -2.60406
      vertex 6.7 35.8179 -5.20812
      vertex 6.7 35.4735 -5.31259
    endloop
  endfacet
  facet normal -1 0 0
    outer loop
      vertex 6.7 36.8 -4.76314
      vertex 6.7 35.425 -2.38157
      vertex 6.7 35.5778 -2.28654
    endloop
  endfacet
  facet normal -1 0 0
    outer loop
      vertex 6.7 36.4826 -4.9328
      vertex 6.7 35.2663 -2.4664
      vertex 6.7 35.425 -2.38157
    endloop
  endfacet
  facet normal -1 0 0
    outer loop
      vertex 6.7 34.7618 -2.6563
      vertex 6.7 35.4735 -5.31259
      vertex 6.7 35.123 -5.39432
    endloop
  endfacet
  facet normal -1 0 0
    outer loop
      vertex 6.7 36.1548 -5.08134
      vertex 6.7 35.1024 -2.54067
      vertex 6.7 35.2663 -2.4664
    endloop
  endfacet
  facet normal -1 0 0
    outer loop
      vertex 6.7 35.8179 -5.20812
      vertex 6.7 34.934 -2.60406
      vertex 6.7 35.1024 -2.54067
    endloop
  endfacet
  facet normal -1 0 0
    outer loop
      vertex 6.7 34.5865 -2.69716
      vertex 6.7 35.123 -5.39432
      vertex 6.7 34.7679 -5.45295
    endloop
  endfacet
  facet normal -1 0 0
    outer loop
      vertex 6.7 35.4735 -5.31259
      vertex 6.7 34.7618 -2.6563
      vertex 6.7 34.934 -2.60406
    endloop
  endfacet
  facet normal -1 0 0
    outer loop
      vertex 6.7 35.123 -5.39432
      vertex 6.7 34.5865 -2.69716
      vertex 6.7 34.7618 -2.6563
    endloop
  endfacet
  facet normal -1 0 0
    outer loop
      vertex 6.7 34.4089 -2.72647
      vertex 6.7 34.7679 -5.45295
      vertex 6.7 34.4097 -5.48822
    endloop
  endfacet
  facet normal -1 0 0
    outer loop
      vertex 6.7 34.7679 -5.45295
      vertex 6.7 34.4089 -2.72647
      vertex 6.7 34.5865 -2.69716
    endloop
  endfacet
  facet normal -1 0 0
    outer loop
      vertex 6.7 34.4097 -5.48822
      vertex 6.7 34.2299 -2.74411
      vertex 6.7 34.4089 -2.72647
    endloop
  endfacet
  facet normal -1 0 0
    outer loop
      vertex 6.7 34.05 -5.5
      vertex 6.7 34.2299 -2.74411
      vertex 6.7 34.4097 -5.48822
    endloop
  endfacet
  facet normal -1 0 0
    outer loop
      vertex 6.7 34.05 -5.5
      vertex 6.7 34.05 -2.75
      vertex 6.7 34.2299 -2.74411
    endloop
  endfacet
  facet normal -1 0 0
    outer loop
      vertex 6.7 34.05 -5.5
      vertex 6.7 33.8701 -2.74411
      vertex 6.7 34.05 -2.75
    endloop
  endfacet
  facet normal -1 0 0
    outer loop
      vertex 6.7 34.05 -5.5
      vertex 6.7 33.6911 -2.72647
      vertex 6.7 33.8701 -2.74411
    endloop
  endfacet
  facet normal -1 0 0
    outer loop
      vertex 6.7 34.05 -5.5
      vertex 6.7 33.5135 -2.69716
      vertex 6.7 33.6911 -2.72647
    endloop
  endfacet
  facet normal -1 0 0
    outer loop
      vertex 6.7 34.05 -5.5
      vertex 6.7 33.3382 -2.6563
      vertex 6.7 33.5135 -2.69716
    endloop
  endfacet
  facet normal -1 0 0
    outer loop
      vertex 6.7 34.05 -5.5
      vertex 6.7 33.166 -2.60406
      vertex 6.7 33.3382 -2.6563
    endloop
  endfacet
  facet normal -1 0 0
    outer loop
      vertex 6.7 34.05 -5.5
      vertex 6.7 32.9976 -2.54067
      vertex 6.7 33.166 -2.60406
    endloop
  endfacet
  facet normal -1 0 0
    outer loop
      vertex 6.7 34.05 -5.5
      vertex 6.7 32.8337 -2.4664
      vertex 6.7 32.9976 -2.54067
    endloop
  endfacet
  facet normal -1 0 0
    outer loop
      vertex 6.7 34.05 -5.5
      vertex 6.7 32.675 -2.38157
      vertex 6.7 32.8337 -2.4664
    endloop
  endfacet
  facet normal -1 0 0
    outer loop
      vertex 6.7 34.05 -5.5
      vertex 6.7 32.5222 -2.28654
      vertex 6.7 32.675 -2.38157
    endloop
  endfacet
  facet normal -1 0 0
    outer loop
      vertex 6.7 26.5302 -5.27719
      vertex 6.7 32.5222 -2.28654
      vertex 6.7 34.05 -5.5
    endloop
  endfacet
  facet normal -1 -0 0
    outer loop
      vertex 6.7 32.5222 -2.28654
      vertex 6.7 26.5302 -5.27719
      vertex 6.7 32.3759 -2.18172
    endloop
  endfacet
  facet normal -1 0 -0
    outer loop
      vertex 6.7 26.8186 -3.53073
      vertex 6.7 32.3759 -2.18172
      vertex 6.7 26.5302 -5.27719
    endloop
  endfacet
  facet normal -1 -0 0
    outer loop
      vertex 6.7 32.3759 -2.18172
      vertex 6.7 26.8186 -3.53073
      vertex 6.7 32.2368 -2.06756
    endloop
  endfacet
  facet normal -1 -0 0
    outer loop
      vertex 6.7 32.2368 -2.06756
      vertex 6.7 26.8186 -3.53073
      vertex 6.7 32.1055 -1.94454
    endloop
  endfacet
  facet normal -1 -0 0
    outer loop
      vertex 6.7 32.1055 -1.94454
      vertex 6.7 26.8186 -3.53073
      vertex 6.7 31.9824 -1.8132
    endloop
  endfacet
  facet normal -1 -0 0
    outer loop
      vertex 6.7 31.8683 -1.67409
      vertex 6.7 26.8186 -3.53073
      vertex 6.7 31.7635 -1.52782
    endloop
  endfacet
  facet normal -1 0 0
    outer loop
      vertex 6.7 32.5222 2.28654
      vertex 6.7 30.9944 4.57308
      vertex 6.7 31.3 4.76314
    endloop
  endfacet
  facet normal -1 0 0
    outer loop
      vertex 6.7 28.55 0
      vertex 6.7 31.3 0
      vertex 6.7 31.3059 -0.179858
    endloop
  endfacet
  facet normal -1 0 0
    outer loop
      vertex 6.7 31.3059 0.179858
      vertex 6.7 30.7018 4.36344
      vertex 6.7 30.9944 4.57308
    endloop
  endfacet
  facet normal -1 0 0
    outer loop
      vertex 6.7 28.55 0
      vertex 6.7 31.3059 -0.179858
      vertex 6.7 31.3235 -0.358947
    endloop
  endfacet
  facet normal -1 0 0
    outer loop
      vertex 6.7 31.3059 0.179858
      vertex 6.7 30.4236 4.13512
      vertex 6.7 30.7018 4.36344
    endloop
  endfacet
  facet normal -1 0 0
    outer loop
      vertex 6.7 28.55 0
      vertex 6.7 31.3235 -0.358947
      vertex 6.7 31.3528 -0.536498
    endloop
  endfacet
  facet normal -1 0 0
    outer loop
      vertex 6.7 31.3059 0.179858
      vertex 6.7 30.1609 3.88909
      vertex 6.7 30.4236 4.13512
    endloop
  endfacet
  facet normal -1 0 0
    outer loop
      vertex 6.7 28.55 0
      vertex 6.7 31.3528 -0.536498
      vertex 6.7 31.3937 -0.711752
    endloop
  endfacet
  facet normal -1 0 0
    outer loop
      vertex 6.7 31.3059 0.179858
      vertex 6.7 29.9149 3.6264
      vertex 6.7 30.1609 3.88909
    endloop
  endfacet
  facet normal -1 0 0
    outer loop
      vertex 6.7 28.55 0
      vertex 6.7 31.3937 -0.711752
      vertex 6.7 31.4459 -0.883958
    endloop
  endfacet
  facet normal -1 0 0
    outer loop
      vertex 6.7 31.3059 0.179858
      vertex 6.7 29.6866 3.34819
      vertex 6.7 29.9149 3.6264
    endloop
  endfacet
  facet normal -1 0 0
    outer loop
      vertex 6.7 28.55 0
      vertex 6.7 31.4459 -0.883958
      vertex 6.7 31.5093 -1.05238
    endloop
  endfacet
  facet normal -1 0 0
    outer loop
      vertex 6.7 31.3059 0.179858
      vertex 6.7 29.4769 3.05564
      vertex 6.7 29.6866 3.34819
    endloop
  endfacet
  facet normal -1 0 0
    outer loop
      vertex 6.7 28.55 0
      vertex 6.7 31.5093 -1.05238
      vertex 6.7 31.5836 -1.21629
    endloop
  endfacet
  facet normal -1 0 0
    outer loop
      vertex 6.7 31.3059 0.179858
      vertex 6.7 29.2869 2.75
      vertex 6.7 29.4769 3.05564
    endloop
  endfacet
  facet normal -1 0 0
    outer loop
      vertex 6.7 26.9921 -1.76915
      vertex 6.7 31.5836 -1.21629
      vertex 6.7 31.6684 -1.375
    endloop
  endfacet
  facet normal -1 0 -0
    outer loop
      vertex 6.7 26.9921 -1.76915
      vertex 6.7 31.7635 -1.52782
      vertex 6.7 26.8186 -3.53073
    endloop
  endfacet
  facet normal -1 0 0
    outer loop
      vertex 6.7 31.3059 0.179858
      vertex 6.7 29.1172 2.43259
      vertex 6.7 29.2869 2.75
    endloop
  endfacet
  facet normal -1 0 0
    outer loop
      vertex 6.7 31.3059 0.179858
      vertex 6.7 28.9687 2.10476
      vertex 6.7 29.1172 2.43259
    endloop
  endfacet
  facet normal -1 0 0
    outer loop
      vertex 6.7 31.3059 0.179858
      vertex 6.7 28.8419 1.76792
      vertex 6.7 28.9687 2.10476
    endloop
  endfacet
  facet normal -1 0 0
    outer loop
      vertex 6.7 31.3059 0.179858
      vertex 6.7 28.7374 1.4235
      vertex 6.7 28.8419 1.76792
    endloop
  endfacet
  facet normal -1 0 0
    outer loop
      vertex 6.7 31.3059 0.179858
      vertex 6.7 28.6557 1.073
      vertex 6.7 28.7374 1.4235
    endloop
  endfacet
  facet normal -1 0 0
    outer loop
      vertex 6.7 31.3059 0.179858
      vertex 6.7 28.5971 0.717894
      vertex 6.7 28.6557 1.073
    endloop
  endfacet
  facet normal -1 0 0
    outer loop
      vertex 6.7 31.3059 0.179858
      vertex 6.7 28.5618 0.359716
      vertex 6.7 28.5971 0.717894
    endloop
  endfacet
  facet normal -1 0 0
    outer loop
      vertex 6.7 31.3 0
      vertex 6.7 28.55 0
      vertex 6.7 28.5618 0.359716
    endloop
  endfacet
  facet normal -1 -0 0
    outer loop
      vertex 6.7 31.7635 -1.52782
      vertex 6.7 26.9921 -1.76915
      vertex 6.7 31.6684 -1.375
    endloop
  endfacet
  facet normal -1 0 0
    outer loop
      vertex 6.7 28.55 0
      vertex 6.7 26.9921 -1.76915
      vertex 6.7 27.0238 -0.799999
    endloop
  endfacet
  facet normal -1 -0 0
    outer loop
      vertex 6.7 31.5836 -1.21629
      vertex 6.7 26.9921 -1.76915
      vertex 6.7 28.55 0
    endloop
  endfacet
  facet normal -1 -0 0
    outer loop
      vertex 6.7 31.9824 -1.8132
      vertex 6.7 26.8186 -3.53073
      vertex 6.7 31.8683 -1.67409
    endloop
  endfacet
  facet normal -1 0 -0
    outer loop
      vertex 6.7 26.5302 -5.27719
      vertex 6.7 34.05 -5.5
      vertex 6.7 26.4783 -5.5
    endloop
  endfacet
  facet normal -1 0 0
    outer loop
      vertex 6.7 36.8 0
      vertex 6.7 39.55 0
      vertex 6.7 39.5382 -0.359716
    endloop
  endfacet
  facet normal -1 0 0
    outer loop
      vertex 6.7 36.7941 -0.179858
      vertex 6.7 39.5382 -0.359716
      vertex 6.7 39.5029 -0.717894
    endloop
  endfacet
  facet normal -1 0 0
    outer loop
      vertex 6.7 39.55 0
      vertex 6.7 36.8 0
      vertex 6.7 39.5382 0.359716
    endloop
  endfacet
  facet normal -1 0 0
    outer loop
      vertex 6.7 36.7941 -0.179858
      vertex 6.7 39.5029 -0.717894
      vertex 6.7 39.4443 -1.073
    endloop
  endfacet
  facet normal -1 0 0
    outer loop
      vertex 6.7 36.7941 0.179858
      vertex 6.7 39.5382 0.359716
      vertex 6.7 36.8 0
    endloop
  endfacet
  facet normal -1 0 0
    outer loop
      vertex 6.7 36.7941 -0.179858
      vertex 6.7 39.4443 -1.073
      vertex 6.7 39.3626 -1.4235
    endloop
  endfacet
  facet normal -1 -0 0
    outer loop
      vertex 6.7 39.5382 0.359716
      vertex 6.7 36.7941 0.179858
      vertex 6.7 39.5029 0.717894
    endloop
  endfacet
  facet normal -1 0 0
    outer loop
      vertex 6.7 36.7941 -0.179858
      vertex 6.7 39.3626 -1.4235
      vertex 6.7 39.2581 -1.76792
    endloop
  endfacet
  facet normal -1 0 0
    outer loop
      vertex 6.7 36.7765 0.358947
      vertex 6.7 39.5029 0.717894
      vertex 6.7 36.7941 0.179858
    endloop
  endfacet
  facet normal -1 0 0
    outer loop
      vertex 6.7 36.7941 -0.179858
      vertex 6.7 39.2581 -1.76792
      vertex 6.7 39.1313 -2.10476
    endloop
  endfacet
  facet normal -1 -0 0
    outer loop
      vertex 6.7 39.5029 0.717894
      vertex 6.7 36.7765 0.358947
      vertex 6.7 39.4443 1.073
    endloop
  endfacet
  facet normal -1 0 0
    outer loop
      vertex 6.7 36.7941 -0.179858
      vertex 6.7 39.1313 -2.10476
      vertex 6.7 38.9828 -2.43259
    endloop
  endfacet
  facet normal -1 0 0
    outer loop
      vertex 6.7 36.7472 0.536498
      vertex 6.7 39.4443 1.073
      vertex 6.7 36.7765 0.358947
    endloop
  endfacet
  facet normal -1 0 0
    outer loop
      vertex 6.7 36.7941 -0.179858
      vertex 6.7 38.9828 -2.43259
      vertex 6.7 38.8131 -2.75
    endloop
  endfacet
  facet normal -1 -0 0
    outer loop
      vertex 6.7 39.4443 1.073
      vertex 6.7 36.7472 0.536498
      vertex 6.7 39.3626 1.4235
    endloop
  endfacet
  facet normal -1 0 0
    outer loop
      vertex 6.7 36.7941 -0.179858
      vertex 6.7 38.8131 -2.75
      vertex 6.7 38.6231 -3.05564
    endloop
  endfacet
  facet normal -1 0 0
    outer loop
      vertex 6.7 36.7063 0.711752
      vertex 6.7 39.3626 1.4235
      vertex 6.7 36.7472 0.536498
    endloop
  endfacet
  facet normal -1 0 0
    outer loop
      vertex 6.7 36.7941 -0.179858
      vertex 6.7 38.6231 -3.05564
      vertex 6.7 38.4134 -3.34819
    endloop
  endfacet
  facet normal -1 -0 0
    outer loop
      vertex 6.7 39.3626 1.4235
      vertex 6.7 36.7063 0.711752
      vertex 6.7 39.2581 1.76792
    endloop
  endfacet
  facet normal -1 0 0
    outer loop
      vertex 6.7 36.7941 -0.179858
      vertex 6.7 38.4134 -3.34819
      vertex 6.7 38.1851 -3.6264
    endloop
  endfacet
  facet normal -1 0 0
    outer loop
      vertex 6.7 36.6541 0.883958
      vertex 6.7 39.2581 1.76792
      vertex 6.7 36.7063 0.711752
    endloop
  endfacet
  facet normal -1 0 0
    outer loop
      vertex 6.7 36.7941 -0.179858
      vertex 6.7 38.1851 -3.6264
      vertex 6.7 37.9391 -3.88909
    endloop
  endfacet
  facet normal -1 -0 0
    outer loop
      vertex 6.7 39.2581 1.76792
      vertex 6.7 36.6541 0.883958
      vertex 6.7 39.1313 2.10476
    endloop
  endfacet
  facet normal -1 0 0
    outer loop
      vertex 6.7 36.7941 -0.179858
      vertex 6.7 37.9391 -3.88909
      vertex 6.7 37.6764 -4.13512
    endloop
  endfacet
  facet normal -1 0 0
    outer loop
      vertex 6.7 36.5907 1.05238
      vertex 6.7 39.1313 2.10476
      vertex 6.7 36.6541 0.883958
    endloop
  endfacet
  facet normal -1 0 0
    outer loop
      vertex 6.7 36.7941 -0.179858
      vertex 6.7 37.6764 -4.13512
      vertex 6.7 37.3982 -4.36344
    endloop
  endfacet
  facet normal -1 -0 0
    outer loop
      vertex 6.7 39.1313 2.10476
      vertex 6.7 36.5907 1.05238
      vertex 6.7 38.9828 2.43259
    endloop
  endfacet
  facet normal -1 0 0
    outer loop
      vertex 6.7 36.7941 -0.179858
      vertex 6.7 37.3982 -4.36344
      vertex 6.7 37.1056 -4.57308
    endloop
  endfacet
  facet normal -1 0 0
    outer loop
      vertex 6.7 36.5164 1.21629
      vertex 6.7 38.9828 2.43259
      vertex 6.7 36.5907 1.05238
    endloop
  endfacet
  facet normal -1 0 0
    outer loop
      vertex 6.7 35.5778 -2.28654
      vertex 6.7 37.1056 -4.57308
      vertex 6.7 36.8 -4.76314
    endloop
  endfacet
  facet normal -1 -0 0
    outer loop
      vertex 6.7 38.9828 2.43259
      vertex 6.7 36.5164 1.21629
      vertex 6.7 38.8131 2.75
    endloop
  endfacet
  facet normal -1 0 0
    outer loop
      vertex 6.7 36.4316 1.375
      vertex 6.7 38.8131 2.75
      vertex 6.7 36.5164 1.21629
    endloop
  endfacet
  facet normal -1 -0 0
    outer loop
      vertex 6.7 38.8131 2.75
      vertex 6.7 36.4316 1.375
      vertex 6.7 38.6231 3.05564
    endloop
  endfacet
  facet normal -1 0 0
    outer loop
      vertex 6.7 36.3365 1.52782
      vertex 6.7 38.6231 3.05564
      vertex 6.7 36.4316 1.375
    endloop
  endfacet
  facet normal -1 -0 0
    outer loop
      vertex 6.7 38.6231 3.05564
      vertex 6.7 36.3365 1.52782
      vertex 6.7 38.4134 3.34819
    endloop
  endfacet
  facet normal -1 0 0
    outer loop
      vertex 6.7 36.2317 1.67409
      vertex 6.7 38.4134 3.34819
      vertex 6.7 36.3365 1.52782
    endloop
  endfacet
  facet normal -1 -0 0
    outer loop
      vertex 6.7 38.4134 3.34819
      vertex 6.7 36.2317 1.67409
      vertex 6.7 38.1851 3.6264
    endloop
  endfacet
  facet normal -1 0 0
    outer loop
      vertex 6.7 36.1176 1.8132
      vertex 6.7 38.1851 3.6264
      vertex 6.7 36.2317 1.67409
    endloop
  endfacet
  facet normal -1 -0 0
    outer loop
      vertex 6.7 38.1851 3.6264
      vertex 6.7 36.1176 1.8132
      vertex 6.7 37.9391 3.88909
    endloop
  endfacet
  facet normal -1 0 0
    outer loop
      vertex 6.7 35.9945 1.94454
      vertex 6.7 37.9391 3.88909
      vertex 6.7 36.1176 1.8132
    endloop
  endfacet
  facet normal -1 -0 0
    outer loop
      vertex 6.7 37.9391 3.88909
      vertex 6.7 35.9945 1.94454
      vertex 6.7 37.6764 4.13512
    endloop
  endfacet
  facet normal -1 0 0
    outer loop
      vertex 6.7 35.8632 2.06756
      vertex 6.7 37.6764 4.13512
      vertex 6.7 35.9945 1.94454
    endloop
  endfacet
  facet normal -1 -0 0
    outer loop
      vertex 6.7 37.6764 4.13512
      vertex 6.7 35.8632 2.06756
      vertex 6.7 37.3982 4.36344
    endloop
  endfacet
  facet normal -1 0 0
    outer loop
      vertex 6.7 35.7241 2.18172
      vertex 6.7 37.3982 4.36344
      vertex 6.7 35.8632 2.06756
    endloop
  endfacet
  facet normal -1 -0 0
    outer loop
      vertex 6.7 37.3982 4.36344
      vertex 6.7 35.7241 2.18172
      vertex 6.7 37.1056 4.57308
    endloop
  endfacet
  facet normal -1 0 0
    outer loop
      vertex 6.7 35.5778 2.28654
      vertex 6.7 37.1056 4.57308
      vertex 6.7 35.7241 2.18172
    endloop
  endfacet
  facet normal -1 -0 0
    outer loop
      vertex 6.7 37.1056 4.57308
      vertex 6.7 35.5778 2.28654
      vertex 6.7 36.8 4.76314
    endloop
  endfacet
  facet normal -1 0 0
    outer loop
      vertex 6.7 35.425 2.38157
      vertex 6.7 36.8 4.76314
      vertex 6.7 35.5778 2.28654
    endloop
  endfacet
  facet normal -1 -0 0
    outer loop
      vertex 6.7 36.8 4.76314
      vertex 6.7 35.425 2.38157
      vertex 6.7 36.4826 4.9328
    endloop
  endfacet
  facet normal -1 0 0
    outer loop
      vertex 6.7 35.2663 2.4664
      vertex 6.7 36.4826 4.9328
      vertex 6.7 35.425 2.38157
    endloop
  endfacet
  facet normal -1 -0 0
    outer loop
      vertex 6.7 36.4826 4.9328
      vertex 6.7 35.2663 2.4664
      vertex 6.7 36.1548 5.08134
    endloop
  endfacet
  facet normal -1 0 0
    outer loop
      vertex 6.7 35.1024 2.54067
      vertex 6.7 36.1548 5.08134
      vertex 6.7 35.2663 2.4664
    endloop
  endfacet
  facet normal -1 -0 0
    outer loop
      vertex 6.7 36.1548 5.08134
      vertex 6.7 35.1024 2.54067
      vertex 6.7 35.8179 5.20812
    endloop
  endfacet
  facet normal -1 0 0
    outer loop
      vertex 6.7 34.934 2.60406
      vertex 6.7 35.8179 5.20812
      vertex 6.7 35.1024 2.54067
    endloop
  endfacet
  facet normal -1 -0 0
    outer loop
      vertex 6.7 35.8179 5.20812
      vertex 6.7 34.934 2.60406
      vertex 6.7 35.4735 5.31259
    endloop
  endfacet
  facet normal -1 0 0
    outer loop
      vertex 6.7 34.7618 2.6563
      vertex 6.7 35.4735 5.31259
      vertex 6.7 34.934 2.60406
    endloop
  endfacet
  facet normal -1 -0 0
    outer loop
      vertex 6.7 35.4735 5.31259
      vertex 6.7 34.7618 2.6563
      vertex 6.7 35.123 5.39432
    endloop
  endfacet
  facet normal -1 0 0
    outer loop
      vertex 6.7 34.5865 2.69716
      vertex 6.7 35.123 5.39432
      vertex 6.7 34.7618 2.6563
    endloop
  endfacet
  facet normal -1 -0 0
    outer loop
      vertex 6.7 35.123 5.39432
      vertex 6.7 34.5865 2.69716
      vertex 6.7 34.7679 5.45295
    endloop
  endfacet
  facet normal -1 0 0
    outer loop
      vertex 6.7 34.4089 2.72647
      vertex 6.7 34.7679 5.45295
      vertex 6.7 34.5865 2.69716
    endloop
  endfacet
  facet normal -1 -0 0
    outer loop
      vertex 6.7 34.7679 5.45295
      vertex 6.7 34.4089 2.72647
      vertex 6.7 34.4097 5.48822
    endloop
  endfacet
  facet normal -1 0 0
    outer loop
      vertex 6.7 34.2299 2.74411
      vertex 6.7 34.4097 5.48822
      vertex 6.7 34.4089 2.72647
    endloop
  endfacet
  facet normal -1 0 0
    outer loop
      vertex 6.7 34.05 2.75
      vertex 6.7 34.4097 5.48822
      vertex 6.7 34.2299 2.74411
    endloop
  endfacet
  facet normal -1 0 0
    outer loop
      vertex 6.7 34.05 2.75
      vertex 6.7 34.05 5.5
      vertex 6.7 34.4097 5.48822
    endloop
  endfacet
  facet normal -1 0 0
    outer loop
      vertex 6.7 33.8701 2.74411
      vertex 6.7 34.05 5.5
      vertex 6.7 34.05 2.75
    endloop
  endfacet
  facet normal -1 0 0
    outer loop
      vertex 6.7 33.6903 5.48822
      vertex 6.7 33.8701 2.74411
      vertex 6.7 33.6911 2.72647
    endloop
  endfacet
  facet normal -1 0 0
    outer loop
      vertex 6.7 33.8701 2.74411
      vertex 6.7 33.6903 5.48822
      vertex 6.7 34.05 5.5
    endloop
  endfacet
  facet normal -1 0 0
    outer loop
      vertex 6.7 33.3321 5.45295
      vertex 6.7 33.6911 2.72647
      vertex 6.7 33.5135 2.69716
    endloop
  endfacet
  facet normal -1 0 0
    outer loop
      vertex 6.7 32.977 5.39432
      vertex 6.7 33.5135 2.69716
      vertex 6.7 33.3382 2.6563
    endloop
  endfacet
  facet normal -1 0 0
    outer loop
      vertex 6.7 33.6911 2.72647
      vertex 6.7 33.3321 5.45295
      vertex 6.7 33.6903 5.48822
    endloop
  endfacet
  facet normal -1 0 0
    outer loop
      vertex 6.7 32.6265 5.31259
      vertex 6.7 33.3382 2.6563
      vertex 6.7 33.166 2.60406
    endloop
  endfacet
  facet normal -1 0 0
    outer loop
      vertex 6.7 32.2821 5.20812
      vertex 6.7 33.166 2.60406
      vertex 6.7 32.9976 2.54067
    endloop
  endfacet
  facet normal -1 0 0
    outer loop
      vertex 6.7 33.5135 2.69716
      vertex 6.7 32.977 5.39432
      vertex 6.7 33.3321 5.45295
    endloop
  endfacet
  facet normal -1 0 0
    outer loop
      vertex 6.7 31.9452 5.08134
      vertex 6.7 32.9976 2.54067
      vertex 6.7 32.8337 2.4664
    endloop
  endfacet
  facet normal -1 0 0
    outer loop
      vertex 6.7 31.6174 4.9328
      vertex 6.7 32.8337 2.4664
      vertex 6.7 32.675 2.38157
    endloop
  endfacet
  facet normal -1 0 0
    outer loop
      vertex 6.7 33.3382 2.6563
      vertex 6.7 32.6265 5.31259
      vertex 6.7 32.977 5.39432
    endloop
  endfacet
  facet normal -1 0 0
    outer loop
      vertex 6.7 31.3 4.76314
      vertex 6.7 32.675 2.38157
      vertex 6.7 32.5222 2.28654
    endloop
  endfacet
  facet normal -1 0 0
    outer loop
      vertex 6.7 30.9944 4.57308
      vertex 6.7 32.5222 2.28654
      vertex 6.7 32.3759 2.18172
    endloop
  endfacet
  facet normal -1 0 0
    outer loop
      vertex 6.7 33.166 2.60406
      vertex 6.7 32.2821 5.20812
      vertex 6.7 32.6265 5.31259
    endloop
  endfacet
  facet normal -1 0 0
    outer loop
      vertex 6.7 30.9944 4.57308
      vertex 6.7 32.3759 2.18172
      vertex 6.7 32.2368 2.06756
    endloop
  endfacet
  facet normal -1 0 0
    outer loop
      vertex 6.7 30.9944 4.57308
      vertex 6.7 32.2368 2.06756
      vertex 6.7 32.1055 1.94454
    endloop
  endfacet
  facet normal -1 0 0
    outer loop
      vertex 6.7 30.9944 4.57308
      vertex 6.7 32.1055 1.94454
      vertex 6.7 31.9824 1.8132
    endloop
  endfacet
  facet normal -1 0 0
    outer loop
      vertex 6.7 32.9976 2.54067
      vertex 6.7 31.9452 5.08134
      vertex 6.7 32.2821 5.20812
    endloop
  endfacet
  facet normal -1 0 0
    outer loop
      vertex 6.7 30.9944 4.57308
      vertex 6.7 31.9824 1.8132
      vertex 6.7 31.8683 1.67409
    endloop
  endfacet
  facet normal -1 0 0
    outer loop
      vertex 6.7 30.9944 4.57308
      vertex 6.7 31.8683 1.67409
      vertex 6.7 31.7635 1.52782
    endloop
  endfacet
  facet normal -1 0 0
    outer loop
      vertex 6.7 30.9944 4.57308
      vertex 6.7 31.7635 1.52782
      vertex 6.7 31.6684 1.375
    endloop
  endfacet
  facet normal -1 0 0
    outer loop
      vertex 6.7 32.8337 2.4664
      vertex 6.7 31.6174 4.9328
      vertex 6.7 31.9452 5.08134
    endloop
  endfacet
  facet normal -1 0 0
    outer loop
      vertex 6.7 30.9944 4.57308
      vertex 6.7 31.6684 1.375
      vertex 6.7 31.5836 1.21629
    endloop
  endfacet
  facet normal -1 0 0
    outer loop
      vertex 6.7 30.9944 4.57308
      vertex 6.7 31.5836 1.21629
      vertex 6.7 31.5093 1.05238
    endloop
  endfacet
  facet normal -1 0 0
    outer loop
      vertex 6.7 30.9944 4.57308
      vertex 6.7 31.5093 1.05238
      vertex 6.7 31.4459 0.883958
    endloop
  endfacet
  facet normal -1 0 0
    outer loop
      vertex 6.7 30.9944 4.57308
      vertex 6.7 31.4459 0.883958
      vertex 6.7 31.3937 0.711752
    endloop
  endfacet
  facet normal -1 0 0
    outer loop
      vertex 6.7 30.9944 4.57308
      vertex 6.7 31.3937 0.711752
      vertex 6.7 31.3528 0.536498
    endloop
  endfacet
  facet normal -1 0 0
    outer loop
      vertex 6.7 30.9944 4.57308
      vertex 6.7 31.3528 0.536498
      vertex 6.7 31.3235 0.358947
    endloop
  endfacet
  facet normal -1 0 0
    outer loop
      vertex 6.7 30.9944 4.57308
      vertex 6.7 31.3235 0.358947
      vertex 6.7 31.3059 0.179858
    endloop
  endfacet
  facet normal -1 0 0
    outer loop
      vertex 6.7 32.675 2.38157
      vertex 6.7 31.3 4.76314
      vertex 6.7 31.6174 4.9328
    endloop
  endfacet
  facet normal -1 0 0
    outer loop
      vertex 6.7 28.5618 0.359716
      vertex 6.7 31.3059 0.179858
      vertex 6.7 31.3 0
    endloop
  endfacet
  facet normal -1 0 0
    outer loop
      vertex 6.7 25.05 0
      vertex 6.7 27.0238 -0.799999
      vertex 6.7 25.05 -0.799999
    endloop
  endfacet
  facet normal -1 0 0
    outer loop
      vertex 6.7 27.0238 -0.799999
      vertex 6.7 25.05 0
      vertex 6.7 28.55 0
    endloop
  endfacet
  facet normal -0 0.412743 0.910847
    outer loop
      vertex 6.7 36.4826 4.9328
      vertex 16 36.1548 5.08134
      vertex 16 36.4826 4.9328
    endloop
  endfacet
  facet normal 0 0.412743 0.910847
    outer loop
      vertex 16 36.1548 5.08134
      vertex 6.7 36.4826 4.9328
      vertex 6.7 36.1548 5.08134
    endloop
  endfacet
  facet normal 0 -0.910903 0.41262
    outer loop
      vertex 6.7 28.9687 2.10476
      vertex 16 29.1172 2.43259
      vertex 6.7 29.1172 2.43259
    endloop
  endfacet
  facet normal 0 -0.910903 0.41262
    outer loop
      vertex 16 29.1172 2.43259
      vertex 6.7 28.9687 2.10476
      vertex 16 28.9687 2.10476
    endloop
  endfacet
  facet normal 0 0.881874 0.471485
    outer loop
      vertex 16 38.9828 2.43259
      vertex 6.7 38.8131 2.75
      vertex 16 38.8131 2.75
    endloop
  endfacet
  facet normal 0 0.881874 0.471485
    outer loop
      vertex 6.7 38.8131 2.75
      vertex 16 38.9828 2.43259
      vertex 6.7 38.9828 2.43259
    endloop
  endfacet
  facet normal 0 -0.773039 0.634358
    outer loop
      vertex 6.7 29.6866 3.34819
      vertex 16 29.9149 3.6264
      vertex 6.7 29.9149 3.6264
    endloop
  endfacet
  facet normal 0 -0.773039 0.634358
    outer loop
      vertex 16 29.9149 3.6264
      vertex 6.7 29.6866 3.34819
      vertex 16 29.6866 3.34819
    endloop
  endfacet
  facet normal -0 0 1
    outer loop
      vertex 6.7 28.55 0
      vertex 16 25.05 0
      vertex 16 28.55 0
    endloop
  endfacet
  facet normal 0 0 1
    outer loop
      vertex 16 25.05 0
      vertex 6.7 28.55 0
      vertex 6.7 25.05 0
    endloop
  endfacet
  facet normal 0 0 -1
    outer loop
      vertex 6.7 26.4783 -5.5
      vertex 16 34.05 -5.5
      vertex 16 26.4783 -5.5
    endloop
  endfacet
  facet normal -0 0 -1
    outer loop
      vertex 16 34.05 -5.5
      vertex 6.7 26.4783 -5.5
      vertex 6.7 34.05 -5.5
    endloop
  endfacet
  facet normal 0 -1 0
    outer loop
      vertex 6.7 25.05 -0.799999
      vertex 16 25.05 0
      vertex 6.7 25.05 0
    endloop
  endfacet
  facet normal 0 -1 -0
    outer loop
      vertex 16 25.05 0
      vertex 6.7 25.05 -0.799999
      vertex 16 25.05 -0.799999
    endloop
  endfacet
  facet normal 0 0.881996 0.471257
    outer loop
      vertex 16 31.6684 -1.375
      vertex 6.7 31.5836 -1.21629
      vertex 16 31.5836 -1.21629
    endloop
  endfacet
  facet normal 0 0.881996 0.471257
    outer loop
      vertex 6.7 31.5836 -1.21629
      vertex 16 31.6684 -1.375
      vertex 6.7 31.6684 -1.375
    endloop
  endfacet
  facet normal 0 0.683723 -0.729742
    outer loop
      vertex 6.7 32.1055 1.94454
      vertex 16 32.2368 2.06756
      vertex 16 32.1055 1.94454
    endloop
  endfacet
  facet normal 0 0.683723 -0.729742
    outer loop
      vertex 16 32.2368 2.06756
      vertex 6.7 32.1055 1.94454
      vertex 6.7 32.2368 2.06756
    endloop
  endfacet
  facet normal 0 -0.986656 0.162821
    outer loop
      vertex 6.7 36.7472 -0.536498
      vertex 16 36.7765 -0.358947
      vertex 6.7 36.7765 -0.358947
    endloop
  endfacet
  facet normal 0 -0.986656 0.162821
    outer loop
      vertex 16 36.7765 -0.358947
      vertex 6.7 36.7472 -0.536498
      vertex 16 36.7472 -0.536498
    endloop
  endfacet
  facet normal 0 0.0327229 -0.999464
    outer loop
      vertex 6.7 33.8701 2.74411
      vertex 16 34.05 2.75
      vertex 16 33.8701 2.74411
    endloop
  endfacet
  facet normal 0 0.0327229 -0.999464
    outer loop
      vertex 16 34.05 2.75
      vertex 6.7 33.8701 2.74411
      vertex 6.7 34.05 2.75
    endloop
  endfacet
  facet normal 0 -0.729624 -0.683849
    outer loop
      vertex 6.7 36.1176 1.8132
      vertex 16 35.9945 1.94454
      vertex 6.7 35.9945 1.94454
    endloop
  endfacet
  facet normal 0 -0.729624 -0.683849
    outer loop
      vertex 16 35.9945 1.94454
      vertex 6.7 36.1176 1.8132
      vertex 16 36.1176 1.8132
    endloop
  endfacet
  facet normal 0 0.999462 0.032786
    outer loop
      vertex 16 31.3059 -0.179858
      vertex 6.7 31.3 0
      vertex 16 31.3 0
    endloop
  endfacet
  facet normal 0 0.999462 0.032786
    outer loop
      vertex 6.7 31.3 0
      vertex 16 31.3059 -0.179858
      vertex 6.7 31.3059 -0.179858
    endloop
  endfacet
  facet normal 0 -0.290304 -0.956935
    outer loop
      vertex 6.7 34.7618 2.6563
      vertex 16 34.934 2.60406
      vertex 16 34.7618 2.6563
    endloop
  endfacet
  facet normal -0 -0.290304 -0.956935
    outer loop
      vertex 16 34.934 2.60406
      vertex 6.7 34.7618 2.6563
      vertex 6.7 34.934 2.60406
    endloop
  endfacet
  facet normal 0 -0.634405 0.773001
    outer loop
      vertex 6.7 35.8632 -2.06756
      vertex 16 35.7241 -2.18172
      vertex 16 35.8632 -2.06756
    endloop
  endfacet
  facet normal 0 -0.634405 0.773001
    outer loop
      vertex 16 35.7241 -2.18172
      vertex 6.7 35.8632 -2.06756
      vertex 6.7 35.7241 -2.18172
    endloop
  endfacet
  facet normal 0 0.412743 -0.910847
    outer loop
      vertex 6.7 32.8337 2.4664
      vertex 16 32.9976 2.54067
      vertex 16 32.8337 2.4664
    endloop
  endfacet
  facet normal 0 0.412743 -0.910847
    outer loop
      vertex 16 32.9976 2.54067
      vertex 6.7 32.8337 2.4664
      vertex 6.7 32.9976 2.54067
    endloop
  endfacet
  facet normal 0 0.995206 0.097804
    outer loop
      vertex 16 31.3235 -0.358947
      vertex 6.7 31.3059 -0.179858
      vertex 16 31.3059 -0.179858
    endloop
  endfacet
  facet normal 0 0.995206 0.097804
    outer loop
      vertex 6.7 31.3059 -0.179858
      vertex 16 31.3235 -0.358947
      vertex 6.7 31.3235 -0.358947
    endloop
  endfacet
  facet normal 0 -0.0327229 0.999464
    outer loop
      vertex 6.7 34.2299 -2.74411
      vertex 16 34.05 -2.75
      vertex 16 34.2299 -2.74411
    endloop
  endfacet
  facet normal 0 -0.0327229 0.999464
    outer loop
      vertex 16 34.05 -2.75
      vertex 6.7 34.2299 -2.74411
      vertex 6.7 34.05 -2.75
    endloop
  endfacet
  facet normal -0 0.0327229 0.999464
    outer loop
      vertex 6.7 34.05 -2.75
      vertex 16 33.8701 -2.74411
      vertex 16 34.05 -2.75
    endloop
  endfacet
  facet normal 0 0.0327229 0.999464
    outer loop
      vertex 16 33.8701 -2.74411
      vertex 6.7 34.05 -2.75
      vertex 6.7 33.8701 -2.74411
    endloop
  endfacet
  facet normal 0 -0.935887 -0.352301
    outer loop
      vertex 6.7 36.6541 0.883958
      vertex 16 36.5907 1.05238
      vertex 6.7 36.5907 1.05238
    endloop
  endfacet
  facet normal 0 -0.935887 -0.352301
    outer loop
      vertex 16 36.5907 1.05238
      vertex 6.7 36.6541 0.883958
      vertex 16 36.6541 0.883958
    endloop
  endfacet
  facet normal 0 -0.634405 -0.773001
    outer loop
      vertex 6.7 35.7241 2.18172
      vertex 16 35.8632 2.06756
      vertex 16 35.7241 2.18172
    endloop
  endfacet
  facet normal -0 -0.634405 -0.773001
    outer loop
      vertex 16 35.8632 2.06756
      vertex 6.7 35.7241 2.18172
      vertex 6.7 35.8632 2.06756
    endloop
  endfacet
  facet normal 0 -0.352293 0.93589
    outer loop
      vertex 6.7 35.1024 -2.54067
      vertex 16 34.934 -2.60406
      vertex 16 35.1024 -2.54067
    endloop
  endfacet
  facet normal 0 -0.352293 0.93589
    outer loop
      vertex 16 34.934 -2.60406
      vertex 6.7 35.1024 -2.54067
      vertex 6.7 34.934 -2.60406
    endloop
  endfacet
  facet normal 0 -0.528119 0.84917
    outer loop
      vertex 6.7 35.5778 -2.28654
      vertex 16 35.425 -2.38157
      vertex 16 35.5778 -2.28654
    endloop
  endfacet
  facet normal 0 -0.528119 0.84917
    outer loop
      vertex 16 35.425 -2.38157
      vertex 6.7 35.5778 -2.28654
      vertex 6.7 35.425 -2.38157
    endloop
  endfacet
  facet normal 0 -0.683723 0.729742
    outer loop
      vertex 6.7 35.9945 -1.94454
      vertex 16 35.8632 -2.06756
      vertex 16 35.9945 -1.94454
    endloop
  endfacet
  facet normal 0 -0.683723 0.729742
    outer loop
      vertex 16 35.8632 -2.06756
      vertex 6.7 35.9945 -1.94454
      vertex 6.7 35.8632 -2.06756
    endloop
  endfacet
  facet normal 0 -0.995206 0.097804
    outer loop
      vertex 6.7 36.7765 -0.358947
      vertex 16 36.7941 -0.179858
      vertex 6.7 36.7941 -0.179858
    endloop
  endfacet
  facet normal 0 -0.995206 0.097804
    outer loop
      vertex 16 36.7941 -0.179858
      vertex 6.7 36.7765 -0.358947
      vertex 16 36.7765 -0.358947
    endloop
  endfacet
  facet normal 0 -0.582415 -0.812892
    outer loop
      vertex 6.7 35.5778 2.28654
      vertex 16 35.7241 2.18172
      vertex 16 35.5778 2.28654
    endloop
  endfacet
  facet normal -0 -0.582415 -0.812892
    outer loop
      vertex 16 35.7241 2.18172
      vertex 6.7 35.5778 2.28654
      vertex 6.7 35.7241 2.18172
    endloop
  endfacet
  facet normal 0 -0.582415 0.812892
    outer loop
      vertex 6.7 35.7241 -2.18172
      vertex 16 35.5778 -2.28654
      vertex 16 35.7241 -2.18172
    endloop
  endfacet
  facet normal 0 -0.582415 0.812892
    outer loop
      vertex 16 35.5778 -2.28654
      vertex 6.7 35.7241 -2.18172
      vertex 6.7 35.5778 -2.28654
    endloop
  endfacet
  facet normal 0 -0.999462 0.032786
    outer loop
      vertex 6.7 36.7941 -0.179858
      vertex 16 36.8 0
      vertex 6.7 36.8 0
    endloop
  endfacet
  facet normal 0 -0.999462 0.032786
    outer loop
      vertex 16 36.8 0
      vertex 6.7 36.7941 -0.179858
      vertex 16 36.7941 -0.179858
    endloop
  endfacet
  facet normal 0 0.973832 0.227269
    outer loop
      vertex 16 31.3937 -0.711752
      vertex 6.7 31.3528 -0.536498
      vertex 16 31.3528 -0.536498
    endloop
  endfacet
  facet normal 0 0.973832 0.227269
    outer loop
      vertex 6.7 31.3528 -0.536498
      vertex 16 31.3937 -0.711752
      vertex 6.7 31.3937 -0.711752
    endloop
  endfacet
  facet normal -0 0.227001 0.973894
    outer loop
      vertex 6.7 33.5135 -2.69716
      vertex 16 33.3382 -2.6563
      vertex 16 33.5135 -2.69716
    endloop
  endfacet
  facet normal 0 0.227001 0.973894
    outer loop
      vertex 16 33.3382 -2.6563
      vertex 6.7 33.5135 -2.69716
      vertex 6.7 33.3382 -2.6563
    endloop
  endfacet
  facet normal 0 -0.773187 0.634179
    outer loop
      vertex 6.7 36.1176 -1.8132
      vertex 16 36.2317 -1.67409
      vertex 6.7 36.2317 -1.67409
    endloop
  endfacet
  facet normal 0 -0.773187 0.634179
    outer loop
      vertex 16 36.2317 -1.67409
      vertex 6.7 36.1176 -1.8132
      vertex 16 36.1176 -1.8132
    endloop
  endfacet
  facet normal 0 -0.910794 0.412861
    outer loop
      vertex 6.7 36.5164 -1.21629
      vertex 16 36.5907 -1.05238
      vertex 6.7 36.5907 -1.05238
    endloop
  endfacet
  facet normal 0 -0.910794 0.412861
    outer loop
      vertex 16 36.5907 -1.05238
      vertex 6.7 36.5164 -1.21629
      vertex 16 36.5164 -1.21629
    endloop
  endfacet
  facet normal 0 -0.812888 0.58242
    outer loop
      vertex 6.7 36.2317 -1.67409
      vertex 16 36.3365 -1.52782
      vertex 6.7 36.3365 -1.52782
    endloop
  endfacet
  facet normal 0 -0.812888 0.58242
    outer loop
      vertex 16 36.3365 -1.52782
      vertex 6.7 36.2317 -1.67409
      vertex 16 36.2317 -1.67409
    endloop
  endfacet
  facet normal 0 0.812888 -0.58242
    outer loop
      vertex 16 31.7635 1.52782
      vertex 6.7 31.8683 1.67409
      vertex 16 31.8683 1.67409
    endloop
  endfacet
  facet normal 0 0.812888 -0.58242
    outer loop
      vertex 6.7 31.8683 1.67409
      vertex 16 31.7635 1.52782
      vertex 6.7 31.7635 1.52782
    endloop
  endfacet
  facet normal 0 0.729624 0.683849
    outer loop
      vertex 16 32.1055 -1.94454
      vertex 6.7 31.9824 -1.8132
      vertex 16 31.9824 -1.8132
    endloop
  endfacet
  facet normal 0 0.729624 0.683849
    outer loop
      vertex 6.7 31.9824 -1.8132
      vertex 16 32.1055 -1.94454
      vertex 6.7 32.1055 -1.94454
    endloop
  endfacet
  facet normal 0 -0.0980724 0.995179
    outer loop
      vertex 6.7 34.4089 -2.72647
      vertex 16 34.2299 -2.74411
      vertex 16 34.4089 -2.72647
    endloop
  endfacet
  facet normal 0 -0.0980724 0.995179
    outer loop
      vertex 16 34.2299 -2.74411
      vertex 6.7 34.4089 -2.72647
      vertex 6.7 34.2299 -2.74411
    endloop
  endfacet
  facet normal -0 0.162831 0.986654
    outer loop
      vertex 6.7 33.6911 -2.72647
      vertex 16 33.5135 -2.69716
      vertex 16 33.6911 -2.72647
    endloop
  endfacet
  facet normal 0 0.162831 0.986654
    outer loop
      vertex 16 33.5135 -2.69716
      vertex 6.7 33.6911 -2.72647
      vertex 6.7 33.5135 -2.69716
    endloop
  endfacet
  facet normal 0 -0.956999 0.290091
    outer loop
      vertex 6.7 36.6541 -0.883958
      vertex 16 36.7063 -0.711752
      vertex 6.7 36.7063 -0.711752
    endloop
  endfacet
  facet normal 0 -0.956999 0.290091
    outer loop
      vertex 16 36.7063 -0.711752
      vertex 6.7 36.6541 -0.883958
      vertex 16 36.6541 -0.883958
    endloop
  endfacet
  facet normal -0 0.582415 0.812892
    outer loop
      vertex 6.7 32.5222 -2.28654
      vertex 16 32.3759 -2.18172
      vertex 16 32.5222 -2.28654
    endloop
  endfacet
  facet normal 0 0.582415 0.812892
    outer loop
      vertex 16 32.3759 -2.18172
      vertex 6.7 32.5222 -2.28654
      vertex 6.7 32.3759 -2.18172
    endloop
  endfacet
  facet normal 0 -0.528119 -0.84917
    outer loop
      vertex 6.7 35.425 2.38157
      vertex 16 35.5778 2.28654
      vertex 16 35.425 2.38157
    endloop
  endfacet
  facet normal -0 -0.528119 -0.84917
    outer loop
      vertex 16 35.5778 2.28654
      vertex 6.7 35.425 2.38157
      vertex 6.7 35.5778 2.28654
    endloop
  endfacet
  facet normal 0 -0.986656 -0.162821
    outer loop
      vertex 6.7 36.7765 0.358947
      vertex 16 36.7472 0.536498
      vertex 6.7 36.7472 0.536498
    endloop
  endfacet
  facet normal 0 -0.986656 -0.162821
    outer loop
      vertex 16 36.7472 0.536498
      vertex 6.7 36.7765 0.358947
      vertex 16 36.7765 0.358947
    endloop
  endfacet
  facet normal -0 0.290304 0.956935
    outer loop
      vertex 6.7 33.3382 -2.6563
      vertex 16 33.166 -2.60406
      vertex 16 33.3382 -2.6563
    endloop
  endfacet
  facet normal 0 0.290304 0.956935
    outer loop
      vertex 16 33.166 -2.60406
      vertex 6.7 33.3382 -2.6563
      vertex 6.7 33.166 -2.60406
    endloop
  endfacet
  facet normal 0 0.973832 -0.227269
    outer loop
      vertex 16 31.3528 0.536498
      vertex 6.7 31.3937 0.711752
      vertex 16 31.3937 0.711752
    endloop
  endfacet
  facet normal 0 0.973832 -0.227269
    outer loop
      vertex 6.7 31.3937 0.711752
      vertex 16 31.3528 0.536498
      vertex 6.7 31.3528 0.536498
    endloop
  endfacet
  facet normal -0 0.634405 0.773001
    outer loop
      vertex 6.7 32.3759 -2.18172
      vertex 16 32.2368 -2.06756
      vertex 16 32.3759 -2.18172
    endloop
  endfacet
  facet normal 0 0.634405 0.773001
    outer loop
      vertex 16 32.2368 -2.06756
      vertex 6.7 32.3759 -2.18172
      vertex 6.7 32.2368 -2.06756
    endloop
  endfacet
  facet normal 0 0.849027 0.52835
    outer loop
      vertex 16 31.7635 -1.52782
      vertex 6.7 31.6684 -1.375
      vertex 16 31.6684 -1.375
    endloop
  endfacet
  facet normal 0 0.849027 0.52835
    outer loop
      vertex 6.7 31.6684 -1.375
      vertex 16 31.7635 -1.52782
      vertex 6.7 31.7635 -1.52782
    endloop
  endfacet
  facet normal 0 -0.881996 0.471257
    outer loop
      vertex 6.7 36.4316 -1.375
      vertex 16 36.5164 -1.21629
      vertex 6.7 36.5164 -1.21629
    endloop
  endfacet
  facet normal 0 -0.881996 0.471257
    outer loop
      vertex 16 36.5164 -1.21629
      vertex 6.7 36.4316 -1.375
      vertex 16 36.4316 -1.375
    endloop
  endfacet
  facet normal 0 0.812888 0.58242
    outer loop
      vertex 16 31.8683 -1.67409
      vertex 6.7 31.7635 -1.52782
      vertex 16 31.7635 -1.52782
    endloop
  endfacet
  facet normal 0 0.812888 0.58242
    outer loop
      vertex 6.7 31.7635 -1.52782
      vertex 16 31.8683 -1.67409
      vertex 6.7 31.8683 -1.67409
    endloop
  endfacet
  facet normal 0 -0.47141 0.881914
    outer loop
      vertex 6.7 35.425 -2.38157
      vertex 16 35.2663 -2.4664
      vertex 16 35.425 -2.38157
    endloop
  endfacet
  facet normal 0 -0.47141 0.881914
    outer loop
      vertex 16 35.2663 -2.4664
      vertex 6.7 35.425 -2.38157
      vertex 6.7 35.2663 -2.4664
    endloop
  endfacet
  facet normal 0 -0.412743 0.910847
    outer loop
      vertex 6.7 35.2663 -2.4664
      vertex 16 35.1024 -2.54067
      vertex 16 35.2663 -2.4664
    endloop
  endfacet
  facet normal 0 -0.412743 0.910847
    outer loop
      vertex 16 35.1024 -2.54067
      vertex 6.7 35.2663 -2.4664
      vertex 6.7 35.1024 -2.54067
    endloop
  endfacet
  facet normal -0 0.528119 0.84917
    outer loop
      vertex 6.7 32.675 -2.38157
      vertex 16 32.5222 -2.28654
      vertex 16 32.675 -2.38157
    endloop
  endfacet
  facet normal 0 0.528119 0.84917
    outer loop
      vertex 16 32.5222 -2.28654
      vertex 6.7 32.675 -2.38157
      vertex 6.7 32.5222 -2.28654
    endloop
  endfacet
  facet normal 0 -0.227001 0.973894
    outer loop
      vertex 6.7 34.7618 -2.6563
      vertex 16 34.5865 -2.69716
      vertex 16 34.7618 -2.6563
    endloop
  endfacet
  facet normal 0 -0.227001 0.973894
    outer loop
      vertex 16 34.5865 -2.69716
      vertex 6.7 34.7618 -2.6563
      vertex 6.7 34.5865 -2.69716
    endloop
  endfacet
  facet normal 0 0.956999 0.290091
    outer loop
      vertex 16 31.4459 -0.883958
      vertex 6.7 31.3937 -0.711752
      vertex 16 31.3937 -0.711752
    endloop
  endfacet
  facet normal 0 0.956999 0.290091
    outer loop
      vertex 6.7 31.3937 -0.711752
      vertex 16 31.4459 -0.883958
      vertex 6.7 31.4459 -0.883958
    endloop
  endfacet
  facet normal 0 -0.849027 0.52835
    outer loop
      vertex 6.7 36.3365 -1.52782
      vertex 16 36.4316 -1.375
      vertex 6.7 36.4316 -1.375
    endloop
  endfacet
  facet normal 0 -0.849027 0.52835
    outer loop
      vertex 16 36.4316 -1.375
      vertex 6.7 36.3365 -1.52782
      vertex 16 36.3365 -1.52782
    endloop
  endfacet
  facet normal -0 0.0980724 0.995179
    outer loop
      vertex 6.7 33.8701 -2.74411
      vertex 16 33.6911 -2.72647
      vertex 16 33.8701 -2.74411
    endloop
  endfacet
  facet normal 0 0.0980724 0.995179
    outer loop
      vertex 16 33.6911 -2.72647
      vertex 6.7 33.8701 -2.74411
      vertex 6.7 33.6911 -2.72647
    endloop
  endfacet
  facet normal 0 -0.352293 -0.93589
    outer loop
      vertex 6.7 34.934 2.60406
      vertex 16 35.1024 2.54067
      vertex 16 34.934 2.60406
    endloop
  endfacet
  facet normal -0 -0.352293 -0.93589
    outer loop
      vertex 16 35.1024 2.54067
      vertex 6.7 34.934 2.60406
      vertex 6.7 35.1024 2.54067
    endloop
  endfacet
  facet normal 0 -0.290304 0.956935
    outer loop
      vertex 6.7 34.934 -2.60406
      vertex 16 34.7618 -2.6563
      vertex 16 34.934 -2.60406
    endloop
  endfacet
  facet normal 0 -0.290304 0.956935
    outer loop
      vertex 16 34.7618 -2.6563
      vertex 6.7 34.934 -2.60406
      vertex 6.7 34.7618 -2.6563
    endloop
  endfacet
  facet normal 0 -0.881996 -0.471257
    outer loop
      vertex 6.7 36.5164 1.21629
      vertex 16 36.4316 1.375
      vertex 6.7 36.4316 1.375
    endloop
  endfacet
  facet normal 0 -0.881996 -0.471257
    outer loop
      vertex 16 36.4316 1.375
      vertex 6.7 36.5164 1.21629
      vertex 16 36.5164 1.21629
    endloop
  endfacet
  facet normal 0 0.910794 0.412861
    outer loop
      vertex 16 31.5836 -1.21629
      vertex 6.7 31.5093 -1.05238
      vertex 16 31.5093 -1.05238
    endloop
  endfacet
  facet normal 0 0.910794 0.412861
    outer loop
      vertex 6.7 31.5093 -1.05238
      vertex 16 31.5836 -1.21629
      vertex 6.7 31.5836 -1.21629
    endloop
  endfacet
  facet normal 0 0.528119 -0.84917
    outer loop
      vertex 6.7 32.5222 2.28654
      vertex 16 32.675 2.38157
      vertex 16 32.5222 2.28654
    endloop
  endfacet
  facet normal 0 0.528119 -0.84917
    outer loop
      vertex 16 32.675 2.38157
      vertex 6.7 32.5222 2.28654
      vertex 6.7 32.675 2.38157
    endloop
  endfacet
  facet normal 0 -0.683723 -0.729742
    outer loop
      vertex 6.7 35.8632 2.06756
      vertex 16 35.9945 1.94454
      vertex 16 35.8632 2.06756
    endloop
  endfacet
  facet normal -0 -0.683723 -0.729742
    outer loop
      vertex 16 35.9945 1.94454
      vertex 6.7 35.8632 2.06756
      vertex 6.7 35.9945 1.94454
    endloop
  endfacet
  facet normal 0 0.999462 -0.032786
    outer loop
      vertex 16 31.3 0
      vertex 6.7 31.3059 0.179858
      vertex 16 31.3059 0.179858
    endloop
  endfacet
  facet normal 0 0.999462 -0.032786
    outer loop
      vertex 6.7 31.3059 0.179858
      vertex 16 31.3 0
      vertex 6.7 31.3 0
    endloop
  endfacet
  facet normal 0 -0.973832 -0.227269
    outer loop
      vertex 6.7 36.7472 0.536498
      vertex 16 36.7063 0.711752
      vertex 6.7 36.7063 0.711752
    endloop
  endfacet
  facet normal 0 -0.973832 -0.227269
    outer loop
      vertex 16 36.7063 0.711752
      vertex 6.7 36.7472 0.536498
      vertex 16 36.7472 0.536498
    endloop
  endfacet
  facet normal 0 0.849027 -0.52835
    outer loop
      vertex 16 31.6684 1.375
      vertex 6.7 31.7635 1.52782
      vertex 16 31.7635 1.52782
    endloop
  endfacet
  facet normal 0 0.849027 -0.52835
    outer loop
      vertex 6.7 31.7635 1.52782
      vertex 16 31.6684 1.375
      vertex 6.7 31.6684 1.375
    endloop
  endfacet
  facet normal 0 0.47141 -0.881914
    outer loop
      vertex 6.7 32.675 2.38157
      vertex 16 32.8337 2.4664
      vertex 16 32.675 2.38157
    endloop
  endfacet
  facet normal 0 0.47141 -0.881914
    outer loop
      vertex 16 32.8337 2.4664
      vertex 6.7 32.675 2.38157
      vertex 6.7 32.8337 2.4664
    endloop
  endfacet
  facet normal 0 0.227001 -0.973894
    outer loop
      vertex 6.7 33.3382 2.6563
      vertex 16 33.5135 2.69716
      vertex 16 33.3382 2.6563
    endloop
  endfacet
  facet normal 0 0.227001 -0.973894
    outer loop
      vertex 16 33.5135 2.69716
      vertex 6.7 33.3382 2.6563
      vertex 6.7 33.5135 2.69716
    endloop
  endfacet
  facet normal -0 0.47141 0.881914
    outer loop
      vertex 6.7 32.8337 -2.4664
      vertex 16 32.675 -2.38157
      vertex 16 32.8337 -2.4664
    endloop
  endfacet
  facet normal 0 0.47141 0.881914
    outer loop
      vertex 16 32.675 -2.38157
      vertex 6.7 32.8337 -2.4664
      vertex 6.7 32.675 -2.38157
    endloop
  endfacet
  facet normal 0 0.0980724 -0.995179
    outer loop
      vertex 6.7 33.6911 2.72647
      vertex 16 33.8701 2.74411
      vertex 16 33.6911 2.72647
    endloop
  endfacet
  facet normal 0 0.0980724 -0.995179
    outer loop
      vertex 16 33.8701 2.74411
      vertex 6.7 33.6911 2.72647
      vertex 6.7 33.8701 2.74411
    endloop
  endfacet
  facet normal 0 -0.995206 -0.097804
    outer loop
      vertex 6.7 36.7941 0.179858
      vertex 16 36.7765 0.358947
      vertex 6.7 36.7765 0.358947
    endloop
  endfacet
  facet normal 0 -0.995206 -0.097804
    outer loop
      vertex 16 36.7765 0.358947
      vertex 6.7 36.7941 0.179858
      vertex 16 36.7941 0.179858
    endloop
  endfacet
  facet normal 0 -0.47141 -0.881914
    outer loop
      vertex 6.7 35.2663 2.4664
      vertex 16 35.425 2.38157
      vertex 16 35.2663 2.4664
    endloop
  endfacet
  facet normal -0 -0.47141 -0.881914
    outer loop
      vertex 16 35.425 2.38157
      vertex 6.7 35.2663 2.4664
      vertex 6.7 35.425 2.38157
    endloop
  endfacet
  facet normal 0 -0.227001 -0.973894
    outer loop
      vertex 6.7 34.5865 2.69716
      vertex 16 34.7618 2.6563
      vertex 16 34.5865 2.69716
    endloop
  endfacet
  facet normal -0 -0.227001 -0.973894
    outer loop
      vertex 16 34.7618 2.6563
      vertex 6.7 34.5865 2.69716
      vertex 6.7 34.7618 2.6563
    endloop
  endfacet
  facet normal 0 0.162831 -0.986654
    outer loop
      vertex 6.7 33.5135 2.69716
      vertex 16 33.6911 2.72647
      vertex 16 33.5135 2.69716
    endloop
  endfacet
  facet normal 0 0.162831 -0.986654
    outer loop
      vertex 16 33.6911 2.72647
      vertex 6.7 33.5135 2.69716
      vertex 6.7 33.6911 2.72647
    endloop
  endfacet
  facet normal -0 0.352293 0.93589
    outer loop
      vertex 6.7 33.166 -2.60406
      vertex 16 32.9976 -2.54067
      vertex 16 33.166 -2.60406
    endloop
  endfacet
  facet normal 0 0.352293 0.93589
    outer loop
      vertex 16 32.9976 -2.54067
      vertex 6.7 33.166 -2.60406
      vertex 6.7 32.9976 -2.54067
    endloop
  endfacet
  facet normal 0 -0.412743 -0.910847
    outer loop
      vertex 6.7 35.1024 2.54067
      vertex 16 35.2663 2.4664
      vertex 16 35.1024 2.54067
    endloop
  endfacet
  facet normal -0 -0.412743 -0.910847
    outer loop
      vertex 16 35.2663 2.4664
      vertex 6.7 35.1024 2.54067
      vertex 6.7 35.2663 2.4664
    endloop
  endfacet
  facet normal 0 0.935887 0.352301
    outer loop
      vertex 16 31.5093 -1.05238
      vertex 6.7 31.4459 -0.883958
      vertex 16 31.4459 -0.883958
    endloop
  endfacet
  facet normal 0 0.935887 0.352301
    outer loop
      vertex 6.7 31.4459 -0.883958
      vertex 16 31.5093 -1.05238
      vertex 6.7 31.5093 -1.05238
    endloop
  endfacet
  facet normal 0 -0.0327229 -0.999464
    outer loop
      vertex 6.7 34.05 2.75
      vertex 16 34.2299 2.74411
      vertex 16 34.05 2.75
    endloop
  endfacet
  facet normal -0 -0.0327229 -0.999464
    outer loop
      vertex 16 34.2299 2.74411
      vertex 6.7 34.05 2.75
      vertex 6.7 34.2299 2.74411
    endloop
  endfacet
  facet normal 0 -0.973832 0.227269
    outer loop
      vertex 6.7 36.7063 -0.711752
      vertex 16 36.7472 -0.536498
      vertex 6.7 36.7472 -0.536498
    endloop
  endfacet
  facet normal 0 -0.973832 0.227269
    outer loop
      vertex 16 36.7472 -0.536498
      vertex 6.7 36.7063 -0.711752
      vertex 16 36.7063 -0.711752
    endloop
  endfacet
  facet normal 0 -0.729624 0.683849
    outer loop
      vertex 6.7 35.9945 -1.94454
      vertex 16 36.1176 -1.8132
      vertex 6.7 36.1176 -1.8132
    endloop
  endfacet
  facet normal 0 -0.729624 0.683849
    outer loop
      vertex 16 36.1176 -1.8132
      vertex 6.7 35.9945 -1.94454
      vertex 16 35.9945 -1.94454
    endloop
  endfacet
  facet normal 0 -0.0980724 -0.995179
    outer loop
      vertex 6.7 34.2299 2.74411
      vertex 16 34.4089 2.72647
      vertex 16 34.2299 2.74411
    endloop
  endfacet
  facet normal -0 -0.0980724 -0.995179
    outer loop
      vertex 16 34.4089 2.72647
      vertex 6.7 34.2299 2.74411
      vertex 6.7 34.4089 2.72647
    endloop
  endfacet
  facet normal 0 -0.162831 -0.986654
    outer loop
      vertex 6.7 34.4089 2.72647
      vertex 16 34.5865 2.69716
      vertex 16 34.4089 2.72647
    endloop
  endfacet
  facet normal -0 -0.162831 -0.986654
    outer loop
      vertex 16 34.5865 2.69716
      vertex 6.7 34.4089 2.72647
      vertex 6.7 34.5865 2.69716
    endloop
  endfacet
  facet normal 0 0.956999 -0.290091
    outer loop
      vertex 16 31.3937 0.711752
      vertex 6.7 31.4459 0.883958
      vertex 16 31.4459 0.883958
    endloop
  endfacet
  facet normal 0 0.956999 -0.290091
    outer loop
      vertex 6.7 31.4459 0.883958
      vertex 16 31.3937 0.711752
      vertex 6.7 31.3937 0.711752
    endloop
  endfacet
  facet normal 0 -0.162831 0.986654
    outer loop
      vertex 6.7 34.5865 -2.69716
      vertex 16 34.4089 -2.72647
      vertex 16 34.5865 -2.69716
    endloop
  endfacet
  facet normal 0 -0.162831 0.986654
    outer loop
      vertex 16 34.4089 -2.72647
      vertex 6.7 34.5865 -2.69716
      vertex 6.7 34.4089 -2.72647
    endloop
  endfacet
  facet normal 0 -0.999462 -0.032786
    outer loop
      vertex 6.7 36.8 0
      vertex 16 36.7941 0.179858
      vertex 6.7 36.7941 0.179858
    endloop
  endfacet
  facet normal 0 -0.999462 -0.032786
    outer loop
      vertex 16 36.7941 0.179858
      vertex 6.7 36.8 0
      vertex 16 36.8 0
    endloop
  endfacet
  facet normal 0 -0.956999 -0.290091
    outer loop
      vertex 6.7 36.7063 0.711752
      vertex 16 36.6541 0.883958
      vertex 6.7 36.6541 0.883958
    endloop
  endfacet
  facet normal 0 -0.956999 -0.290091
    outer loop
      vertex 16 36.6541 0.883958
      vertex 6.7 36.7063 0.711752
      vertex 16 36.7063 0.711752
    endloop
  endfacet
  facet normal 0 -0.849027 -0.52835
    outer loop
      vertex 6.7 36.4316 1.375
      vertex 16 36.3365 1.52782
      vertex 6.7 36.3365 1.52782
    endloop
  endfacet
  facet normal 0 -0.849027 -0.52835
    outer loop
      vertex 16 36.3365 1.52782
      vertex 6.7 36.4316 1.375
      vertex 16 36.4316 1.375
    endloop
  endfacet
  facet normal 0 0.986656 0.162821
    outer loop
      vertex 16 31.3528 -0.536498
      vertex 6.7 31.3235 -0.358947
      vertex 16 31.3235 -0.358947
    endloop
  endfacet
  facet normal 0 0.986656 0.162821
    outer loop
      vertex 6.7 31.3235 -0.358947
      vertex 16 31.3528 -0.536498
      vertex 6.7 31.3528 -0.536498
    endloop
  endfacet
  facet normal 0 0.773187 0.634179
    outer loop
      vertex 16 31.9824 -1.8132
      vertex 6.7 31.8683 -1.67409
      vertex 16 31.8683 -1.67409
    endloop
  endfacet
  facet normal 0 0.773187 0.634179
    outer loop
      vertex 6.7 31.8683 -1.67409
      vertex 16 31.9824 -1.8132
      vertex 6.7 31.9824 -1.8132
    endloop
  endfacet
  facet normal 0 0.352293 -0.93589
    outer loop
      vertex 6.7 32.9976 2.54067
      vertex 16 33.166 2.60406
      vertex 16 32.9976 2.54067
    endloop
  endfacet
  facet normal 0 0.352293 -0.93589
    outer loop
      vertex 16 33.166 2.60406
      vertex 6.7 32.9976 2.54067
      vertex 6.7 33.166 2.60406
    endloop
  endfacet
  facet normal 0 0.290304 -0.956935
    outer loop
      vertex 6.7 33.166 2.60406
      vertex 16 33.3382 2.6563
      vertex 16 33.166 2.60406
    endloop
  endfacet
  facet normal 0 0.290304 -0.956935
    outer loop
      vertex 16 33.3382 2.6563
      vertex 6.7 33.166 2.60406
      vertex 6.7 33.3382 2.6563
    endloop
  endfacet
  facet normal 0 0.995206 -0.097804
    outer loop
      vertex 16 31.3059 0.179858
      vertex 6.7 31.3235 0.358947
      vertex 16 31.3235 0.358947
    endloop
  endfacet
  facet normal 0 0.995206 -0.097804
    outer loop
      vertex 6.7 31.3235 0.358947
      vertex 16 31.3059 0.179858
      vertex 6.7 31.3059 0.179858
    endloop
  endfacet
  facet normal 0 -0.910794 -0.412861
    outer loop
      vertex 6.7 36.5907 1.05238
      vertex 16 36.5164 1.21629
      vertex 6.7 36.5164 1.21629
    endloop
  endfacet
  facet normal 0 -0.910794 -0.412861
    outer loop
      vertex 16 36.5164 1.21629
      vertex 6.7 36.5907 1.05238
      vertex 16 36.5907 1.05238
    endloop
  endfacet
  facet normal 0 0.729624 -0.683849
    outer loop
      vertex 16 31.9824 1.8132
      vertex 6.7 32.1055 1.94454
      vertex 16 32.1055 1.94454
    endloop
  endfacet
  facet normal 0 0.729624 -0.683849
    outer loop
      vertex 6.7 32.1055 1.94454
      vertex 16 31.9824 1.8132
      vertex 6.7 31.9824 1.8132
    endloop
  endfacet
  facet normal 0 0.935887 -0.352301
    outer loop
      vertex 16 31.4459 0.883958
      vertex 6.7 31.5093 1.05238
      vertex 16 31.5093 1.05238
    endloop
  endfacet
  facet normal 0 0.935887 -0.352301
    outer loop
      vertex 6.7 31.5093 1.05238
      vertex 16 31.4459 0.883958
      vertex 6.7 31.4459 0.883958
    endloop
  endfacet
  facet normal 0 0.773187 -0.634179
    outer loop
      vertex 16 31.8683 1.67409
      vertex 6.7 31.9824 1.8132
      vertex 16 31.9824 1.8132
    endloop
  endfacet
  facet normal 0 0.773187 -0.634179
    outer loop
      vertex 6.7 31.9824 1.8132
      vertex 16 31.8683 1.67409
      vertex 6.7 31.8683 1.67409
    endloop
  endfacet
  facet normal 0 -0.935887 0.352301
    outer loop
      vertex 6.7 36.5907 -1.05238
      vertex 16 36.6541 -0.883958
      vertex 6.7 36.6541 -0.883958
    endloop
  endfacet
  facet normal 0 -0.935887 0.352301
    outer loop
      vertex 16 36.6541 -0.883958
      vertex 6.7 36.5907 -1.05238
      vertex 16 36.5907 -1.05238
    endloop
  endfacet
  facet normal -0 0.412743 0.910847
    outer loop
      vertex 6.7 32.9976 -2.54067
      vertex 16 32.8337 -2.4664
      vertex 16 32.9976 -2.54067
    endloop
  endfacet
  facet normal 0 0.412743 0.910847
    outer loop
      vertex 16 32.8337 -2.4664
      vertex 6.7 32.9976 -2.54067
      vertex 6.7 32.8337 -2.4664
    endloop
  endfacet
  facet normal 0 0.986656 -0.162821
    outer loop
      vertex 16 31.3235 0.358947
      vertex 6.7 31.3528 0.536498
      vertex 16 31.3528 0.536498
    endloop
  endfacet
  facet normal 0 0.986656 -0.162821
    outer loop
      vertex 6.7 31.3528 0.536498
      vertex 16 31.3235 0.358947
      vertex 6.7 31.3235 0.358947
    endloop
  endfacet
  facet normal -0 0.683723 0.729742
    outer loop
      vertex 6.7 32.2368 -2.06756
      vertex 16 32.1055 -1.94454
      vertex 16 32.2368 -2.06756
    endloop
  endfacet
  facet normal 0 0.683723 0.729742
    outer loop
      vertex 16 32.1055 -1.94454
      vertex 6.7 32.2368 -2.06756
      vertex 6.7 32.1055 -1.94454
    endloop
  endfacet
  facet normal 0 -0.773187 -0.634179
    outer loop
      vertex 6.7 36.2317 1.67409
      vertex 16 36.1176 1.8132
      vertex 6.7 36.1176 1.8132
    endloop
  endfacet
  facet normal 0 -0.773187 -0.634179
    outer loop
      vertex 16 36.1176 1.8132
      vertex 6.7 36.2317 1.67409
      vertex 16 36.2317 1.67409
    endloop
  endfacet
  facet normal 0 -0.812888 -0.58242
    outer loop
      vertex 6.7 36.3365 1.52782
      vertex 16 36.2317 1.67409
      vertex 6.7 36.2317 1.67409
    endloop
  endfacet
  facet normal 0 -0.812888 -0.58242
    outer loop
      vertex 16 36.2317 1.67409
      vertex 6.7 36.3365 1.52782
      vertex 16 36.3365 1.52782
    endloop
  endfacet
  facet normal 0 0.634405 -0.773001
    outer loop
      vertex 6.7 32.2368 2.06756
      vertex 16 32.3759 2.18172
      vertex 16 32.2368 2.06756
    endloop
  endfacet
  facet normal 0 0.634405 -0.773001
    outer loop
      vertex 16 32.3759 2.18172
      vertex 6.7 32.2368 2.06756
      vertex 6.7 32.3759 2.18172
    endloop
  endfacet
  facet normal 0 0.582415 -0.812892
    outer loop
      vertex 6.7 32.3759 2.18172
      vertex 16 32.5222 2.28654
      vertex 16 32.3759 2.18172
    endloop
  endfacet
  facet normal 0 0.582415 -0.812892
    outer loop
      vertex 16 32.5222 2.28654
      vertex 6.7 32.3759 2.18172
      vertex 6.7 32.5222 2.28654
    endloop
  endfacet
  facet normal 0 0.881996 -0.471257
    outer loop
      vertex 16 31.5836 1.21629
      vertex 6.7 31.6684 1.375
      vertex 16 31.6684 1.375
    endloop
  endfacet
  facet normal 0 0.881996 -0.471257
    outer loop
      vertex 6.7 31.6684 1.375
      vertex 16 31.5836 1.21629
      vertex 6.7 31.5836 1.21629
    endloop
  endfacet
  facet normal 0 0.910794 -0.412861
    outer loop
      vertex 16 31.5093 1.05238
      vertex 6.7 31.5836 1.21629
      vertex 16 31.5836 1.21629
    endloop
  endfacet
  facet normal 0 0.910794 -0.412861
    outer loop
      vertex 6.7 31.5836 1.21629
      vertex 16 31.5093 1.05238
      vertex 6.7 31.5093 1.05238
    endloop
  endfacet
  facet normal 1 0 0
    outer loop
      vertex 12 -25.6145 -8.69494
      vertex 12 -25.05 -13.8
      vertex 12 -25.05 -10.1947
    endloop
  endfacet
  facet normal 1 0 0
    outer loop
      vertex 12 -53.05 -13.8
      vertex 12 -25.6145 -8.69494
      vertex 12 -26.1283 -7.00105
    endloop
  endfacet
  facet normal 1 0 0
    outer loop
      vertex 12 -53.05 -13.8
      vertex 12 -26.1283 -7.00105
      vertex 12 -26.5302 -5.27719
    endloop
  endfacet
  facet normal 1 -0 0
    outer loop
      vertex 12 -53.05 -0.799999
      vertex 12 -26.9921 -1.76915
      vertex 12 -27.0238 -0.799999
    endloop
  endfacet
  facet normal 1 0 0
    outer loop
      vertex 12 -53.05 -0.799999
      vertex 12 -26.8186 -3.53073
      vertex 12 -26.9921 -1.76915
    endloop
  endfacet
  facet normal 1 0 0
    outer loop
      vertex 12 -53.05 -0.799999
      vertex 12 -26.5302 -5.27719
      vertex 12 -26.8186 -3.53073
    endloop
  endfacet
  facet normal 1 0 0
    outer loop
      vertex 12 -53.05 -13.8
      vertex 12 -26.5302 -5.27719
      vertex 12 -53.05 -0.799999
    endloop
  endfacet
  facet normal 1 0 0
    outer loop
      vertex 12 -25.6145 -8.69494
      vertex 12 -53.05 -13.8
      vertex 12 -25.05 -13.8
    endloop
  endfacet
  facet normal 0 0 -1
    outer loop
      vertex 6.8 -37.124 -13.8
      vertex 12 -53.05 -13.8
      vertex 6.8 -44.976 -13.8
    endloop
  endfacet
  facet normal 0 0 -1
    outer loop
      vertex 12 -53.05 -13.8
      vertex 0 -48.902 -13.8
      vertex 6.8 -44.976 -13.8
    endloop
  endfacet
  facet normal -0 0 -1
    outer loop
      vertex -6.8 -44.976 -13.8
      vertex -12 -53.05 -13.8
      vertex -6.8 -37.124 -13.8
    endloop
  endfacet
  facet normal -0 0 -1
    outer loop
      vertex 0 -48.902 -13.8
      vertex -12 -53.05 -13.8
      vertex -6.8 -44.976 -13.8
    endloop
  endfacet
  facet normal 0 0 -1
    outer loop
      vertex -12 -53.05 -13.8
      vertex 0 -48.902 -13.8
      vertex 12 -53.05 -13.8
    endloop
  endfacet
  facet normal 0 0 -1
    outer loop
      vertex 12 -53.05 -13.8
      vertex 6.8 -37.124 -13.8
      vertex 12 -25.05 -13.8
    endloop
  endfacet
  facet normal 0 0 -1
    outer loop
      vertex 0 -33.198 -13.8
      vertex 12 -25.05 -13.8
      vertex 6.8 -37.124 -13.8
    endloop
  endfacet
  facet normal 0 0 -1
    outer loop
      vertex -12 -25.05 -13.8
      vertex 0 -33.198 -13.8
      vertex -6.8 -37.124 -13.8
    endloop
  endfacet
  facet normal 0 0 -1
    outer loop
      vertex 0 -33.198 -13.8
      vertex -12 -25.05 -13.8
      vertex 12 -25.05 -13.8
    endloop
  endfacet
  facet normal 0 0 -1
    outer loop
      vertex -12 -25.05 -13.8
      vertex -6.8 -37.124 -13.8
      vertex -12 -53.05 -13.8
    endloop
  endfacet
  facet normal -1 0 0
    outer loop
      vertex -12 -25.05 -13.8
      vertex -12 -25.6145 -8.69494
      vertex -12 -25.05 -10.1947
    endloop
  endfacet
  facet normal -1 0 0
    outer loop
      vertex -12 -53.05 -13.8
      vertex -12 -25.6145 -8.69494
      vertex -12 -25.05 -13.8
    endloop
  endfacet
  facet normal -1 -0 0
    outer loop
      vertex -12 -25.6145 -8.69494
      vertex -12 -53.05 -13.8
      vertex -12 -26.1283 -7.00105
    endloop
  endfacet
  facet normal -1 -0 0
    outer loop
      vertex -12 -26.1283 -7.00105
      vertex -12 -53.05 -13.8
      vertex -12 -26.5302 -5.27719
    endloop
  endfacet
  facet normal -1 0 0
    outer loop
      vertex -12 -53.05 -0.799999
      vertex -12 -26.5302 -5.27719
      vertex -12 -53.05 -13.8
    endloop
  endfacet
  facet normal -1 0 0
    outer loop
      vertex -12 -26.5302 -5.27719
      vertex -12 -53.05 -0.799999
      vertex -12 -26.8186 -3.53073
    endloop
  endfacet
  facet normal -1 0 0
    outer loop
      vertex -12 -26.8186 -3.53073
      vertex -12 -53.05 -0.799999
      vertex -12 -26.9921 -1.76915
    endloop
  endfacet
  facet normal -1 0 0
    outer loop
      vertex -12 -26.9921 -1.76915
      vertex -12 -53.05 -0.799999
      vertex -12 -27.0238 -0.799999
    endloop
  endfacet
  facet normal 0 1 -0
    outer loop
      vertex 12 -25.05 -13.8
      vertex -12 -25.05 -10.1947
      vertex 12 -25.05 -10.1947
    endloop
  endfacet
  facet normal 0 1 0
    outer loop
      vertex -12 -25.05 -10.1947
      vertex 12 -25.05 -13.8
      vertex -12 -25.05 -13.8
    endloop
  endfacet
  facet normal 0 -1 0
    outer loop
      vertex -12 -53.05 -13.8
      vertex 12 -53.05 -0.799999
      vertex -12 -53.05 -0.799999
    endloop
  endfacet
  facet normal 0 -1 -0
    outer loop
      vertex 12 -53.05 -0.799999
      vertex -12 -53.05 -13.8
      vertex 12 -53.05 -13.8
    endloop
  endfacet
  facet normal -0.995184 -0.0980231 0
    outer loop
      vertex 4.59015 -40.7491 -6.6
      vertex 4.56065 -40.4496 -0.799999
      vertex 4.56065 -40.4496 -6.6
    endloop
  endfacet
  facet normal -0.995184 -0.0980231 0
    outer loop
      vertex 4.56065 -40.4496 -0.799999
      vertex 4.59015 -40.7491 -6.6
      vertex 4.59015 -40.7491 -0.799999
    endloop
  endfacet
  facet normal -0.999465 -0.0327176 0
    outer loop
      vertex 4.6 -41.05 -6.6
      vertex 4.59015 -40.7491 -0.799999
      vertex 4.59015 -40.7491 -6.6
    endloop
  endfacet
  facet normal -0.999465 -0.0327176 0
    outer loop
      vertex 4.59015 -40.7491 -0.799999
      vertex 4.6 -41.05 -6.6
      vertex 4.6 -41.05 -0.799999
    endloop
  endfacet
  facet normal -0.986641 -0.162912 0
    outer loop
      vertex 4.56065 -40.4496 -6.6
      vertex 4.51161 -40.1526 -0.799999
      vertex 4.51161 -40.1526 -6.6
    endloop
  endfacet
  facet normal -0.986641 -0.162912 0
    outer loop
      vertex 4.51161 -40.1526 -0.799999
      vertex 4.56065 -40.4496 -6.6
      vertex 4.56065 -40.4496 -0.799999
    endloop
  endfacet
  facet normal 0.956925 -0.290334 0
    outer loop
      vertex -4.44326 -39.8594 -0.799999
      vertex -4.35588 -39.5714 -6.6
      vertex -4.35588 -39.5714 -0.799999
    endloop
  endfacet
  facet normal 0.956925 -0.290334 0
    outer loop
      vertex -4.35588 -39.5714 -6.6
      vertex -4.44326 -39.8594 -0.799999
      vertex -4.44326 -39.8594 -6.6
    endloop
  endfacet
  facet normal 0.290349 -0.956921 0
    outer loop
      vertex -1.47862 -36.6941 -6.6
      vertex -1.19057 -36.6067 -0.799999
      vertex -1.47862 -36.6941 -0.799999
    endloop
  endfacet
  facet normal 0.290349 -0.956921 0
    outer loop
      vertex -1.19057 -36.6067 -0.799999
      vertex -1.47862 -36.6941 -6.6
      vertex -1.19057 -36.6067 -6.6
    endloop
  endfacet
  facet normal -0.812862 -0.582457 0
    outer loop
      vertex 3.82476 -38.4944 -6.6
      vertex 3.64942 -38.2497 -0.799999
      vertex 3.64942 -38.2497 -6.6
    endloop
  endfacet
  facet normal -0.812862 -0.582457 0
    outer loop
      vertex 3.64942 -38.2497 -0.799999
      vertex 3.82476 -38.4944 -6.6
      vertex 3.82476 -38.4944 -0.799999
    endloop
  endfacet
  facet normal -0.290349 0.956921 0
    outer loop
      vertex 1.47862 -45.4059 -6.6
      vertex 1.19057 -45.4933 -0.799999
      vertex 1.47862 -45.4059 -0.799999
    endloop
  endfacet
  facet normal -0.290349 0.956921 0
    outer loop
      vertex 1.19057 -45.4933 -0.799999
      vertex 1.47862 -45.4059 -6.6
      vertex 1.19057 -45.4933 -6.6
    endloop
  endfacet
  facet normal 0.812862 -0.582457 0
    outer loop
      vertex -3.82476 -38.4944 -0.799999
      vertex -3.64942 -38.2497 -6.6
      vertex -3.64942 -38.2497 -0.799999
    endloop
  endfacet
  facet normal 0.812862 -0.582457 0
    outer loop
      vertex -3.64942 -38.2497 -6.6
      vertex -3.82476 -38.4944 -0.799999
      vertex -3.82476 -38.4944 -6.6
    endloop
  endfacet
  facet normal -0.973888 -0.22703 0
    outer loop
      vertex 4.51161 -40.1526 -6.6
      vertex 4.44326 -39.8594 -0.799999
      vertex 4.44326 -39.8594 -6.6
    endloop
  endfacet
  facet normal -0.973888 -0.22703 0
    outer loop
      vertex 4.44326 -39.8594 -0.799999
      vertex 4.51161 -40.1526 -6.6
      vertex 4.51161 -40.1526 -0.799999
    endloop
  endfacet
  facet normal -0.471405 0.881917 0
    outer loop
      vertex 2.3 -45.0337 -6.6
      vertex 2.03453 -45.1756 -0.799999
      vertex 2.3 -45.0337 -0.799999
    endloop
  endfacet
  facet normal -0.471405 0.881917 0
    outer loop
      vertex 2.03453 -45.1756 -0.799999
      vertex 2.3 -45.0337 -6.6
      vertex 2.03453 -45.1756 -6.6
    endloop
  endfacet
  facet normal -0.973888 0.22703 0
    outer loop
      vertex 4.44326 -42.2406 -6.6
      vertex 4.51161 -41.9474 -0.799999
      vertex 4.51161 -41.9474 -6.6
    endloop
  endfacet
  facet normal -0.973888 0.22703 0
    outer loop
      vertex 4.51161 -41.9474 -0.799999
      vertex 4.44326 -42.2406 -6.6
      vertex 4.44326 -42.2406 -0.799999
    endloop
  endfacet
  facet normal 0.527937 -0.849284 0
    outer loop
      vertex -2.55562 -37.2252 -6.6
      vertex -2.3 -37.0663 -0.799999
      vertex -2.55562 -37.2252 -0.799999
    endloop
  endfacet
  facet normal 0.527937 -0.849284 0
    outer loop
      vertex -2.3 -37.0663 -0.799999
      vertex -2.55562 -37.2252 -6.6
      vertex -2.3 -37.0663 -6.6
    endloop
  endfacet
  facet normal -0.226906 0.973917 0
    outer loop
      vertex 1.19057 -45.4933 -6.6
      vertex 0.897415 -45.5616 -0.799999
      vertex 1.19057 -45.4933 -0.799999
    endloop
  endfacet
  facet normal -0.226906 0.973917 0
    outer loop
      vertex 0.897415 -45.5616 -0.799999
      vertex 1.19057 -45.4933 -6.6
      vertex 0.897415 -45.5616 -6.6
    endloop
  endfacet
  facet normal 0.849176 -0.52811 0
    outer loop
      vertex -3.98372 -38.75 -0.799999
      vertex -3.82476 -38.4944 -6.6
      vertex -3.82476 -38.4944 -0.799999
    endloop
  endfacet
  facet normal 0.849176 -0.52811 0
    outer loop
      vertex -3.82476 -38.4944 -6.6
      vertex -3.98372 -38.75 -0.799999
      vertex -3.98372 -38.75 -6.6
    endloop
  endfacet
  facet normal 0.910862 -0.412711 0
    outer loop
      vertex -4.24985 -39.2897 -0.799999
      vertex -4.12561 -39.0155 -6.6
      vertex -4.12561 -39.0155 -0.799999
    endloop
  endfacet
  facet normal 0.910862 -0.412711 0
    outer loop
      vertex -4.12561 -39.0155 -6.6
      vertex -4.24985 -39.2897 -0.799999
      vertex -4.24985 -39.2897 -6.6
    endloop
  endfacet
  facet normal 0.973888 -0.22703 0
    outer loop
      vertex -4.51161 -40.1526 -0.799999
      vertex -4.44326 -39.8594 -6.6
      vertex -4.44326 -39.8594 -0.799999
    endloop
  endfacet
  facet normal 0.973888 -0.22703 0
    outer loop
      vertex -4.44326 -39.8594 -6.6
      vertex -4.51161 -40.1526 -0.799999
      vertex -4.51161 -40.1526 -6.6
    endloop
  endfacet
  facet normal -0.9359 -0.352266 0
    outer loop
      vertex 4.35588 -39.5714 -6.6
      vertex 4.24985 -39.2897 -0.799999
      vertex 4.24985 -39.2897 -6.6
    endloop
  endfacet
  facet normal -0.9359 -0.352266 0
    outer loop
      vertex 4.24985 -39.2897 -0.799999
      vertex 4.35588 -39.5714 -6.6
      vertex 4.35588 -39.5714 -0.799999
    endloop
  endfacet
  facet normal 0.9359 0.352266 0
    outer loop
      vertex -4.24985 -42.8103 -0.799999
      vertex -4.35588 -42.5286 -6.6
      vertex -4.35588 -42.5286 -0.799999
    endloop
  endfacet
  facet normal 0.9359 0.352266 0
    outer loop
      vertex -4.35588 -42.5286 -6.6
      vertex -4.24985 -42.8103 -0.799999
      vertex -4.24985 -42.8103 -6.6
    endloop
  endfacet
  facet normal 0.729867 -0.68359 0
    outer loop
      vertex -3.45846 -38.017 -0.799999
      vertex -3.25269 -37.7973 -6.6
      vertex -3.25269 -37.7973 -0.799999
    endloop
  endfacet
  facet normal 0.729867 -0.68359 0
    outer loop
      vertex -3.25269 -37.7973 -6.6
      vertex -3.45846 -38.017 -0.799999
      vertex -3.45846 -38.017 -6.6
    endloop
  endfacet
  facet normal -0.162785 -0.986662 0
    outer loop
      vertex 0.60042 -36.4894 -6.6
      vertex 0.897415 -36.5384 -0.799999
      vertex 0.60042 -36.4894 -0.799999
    endloop
  endfacet
  facet normal -0.162785 -0.986662 -0
    outer loop
      vertex 0.897415 -36.5384 -0.799999
      vertex 0.60042 -36.4894 -6.6
      vertex 0.897415 -36.5384 -6.6
    endloop
  endfacet
  facet normal 0.973888 0.22703 0
    outer loop
      vertex -4.44326 -42.2406 -0.799999
      vertex -4.51161 -41.9474 -6.6
      vertex -4.51161 -41.9474 -0.799999
    endloop
  endfacet
  facet normal 0.973888 0.22703 0
    outer loop
      vertex -4.51161 -41.9474 -6.6
      vertex -4.44326 -42.2406 -0.799999
      vertex -4.44326 -42.2406 -6.6
    endloop
  endfacet
  facet normal -0.910862 -0.412711 0
    outer loop
      vertex 4.24985 -39.2897 -6.6
      vertex 4.12561 -39.0155 -0.799999
      vertex 4.12561 -39.0155 -6.6
    endloop
  endfacet
  facet normal -0.910862 -0.412711 0
    outer loop
      vertex 4.12561 -39.0155 -0.799999
      vertex 4.24985 -39.2897 -6.6
      vertex 4.24985 -39.2897 -0.799999
    endloop
  endfacet
  facet normal -0.999465 0.0327176 0
    outer loop
      vertex 4.59015 -41.3509 -6.6
      vertex 4.6 -41.05 -0.799999
      vertex 4.6 -41.05 -6.6
    endloop
  endfacet
  facet normal -0.999465 0.0327176 0
    outer loop
      vertex 4.6 -41.05 -0.799999
      vertex 4.59015 -41.3509 -6.6
      vertex 4.59015 -41.3509 -0.799999
    endloop
  endfacet
  facet normal -0.226906 -0.973917 0
    outer loop
      vertex 0.897415 -36.5384 -6.6
      vertex 1.19057 -36.6067 -0.799999
      vertex 0.897415 -36.5384 -0.799999
    endloop
  endfacet
  facet normal -0.226906 -0.973917 -0
    outer loop
      vertex 1.19057 -36.6067 -0.799999
      vertex 0.897415 -36.5384 -6.6
      vertex 1.19057 -36.6067 -6.6
    endloop
  endfacet
  facet normal -0.0983308 -0.995154 0
    outer loop
      vertex 0.300854 -36.4598 -6.6
      vertex 0.60042 -36.4894 -0.799999
      vertex 0.300854 -36.4598 -0.799999
    endloop
  endfacet
  facet normal -0.0983308 -0.995154 -0
    outer loop
      vertex 0.60042 -36.4894 -0.799999
      vertex 0.300854 -36.4598 -6.6
      vertex 0.60042 -36.4894 -6.6
    endloop
  endfacet
  facet normal -0.77303 -0.63437 0
    outer loop
      vertex 3.64942 -38.2497 -6.6
      vertex 3.45846 -38.017 -0.799999
      vertex 3.45846 -38.017 -6.6
    endloop
  endfacet
  facet normal -0.77303 -0.63437 0
    outer loop
      vertex 3.45846 -38.017 -0.799999
      vertex 3.64942 -38.2497 -6.6
      vertex 3.64942 -38.2497 -0.799999
    endloop
  endfacet
  facet normal -0.683643 -0.729817 0
    outer loop
      vertex 3.03299 -37.5915 -6.6
      vertex 3.25269 -37.7973 -0.799999
      vertex 3.03299 -37.5915 -0.799999
    endloop
  endfacet
  facet normal -0.683643 -0.729817 -0
    outer loop
      vertex 3.25269 -37.7973 -0.799999
      vertex 3.03299 -37.5915 -6.6
      vertex 3.25269 -37.7973 -6.6
    endloop
  endfacet
  facet normal 0.956925 0.290334 0
    outer loop
      vertex -4.35588 -42.5286 -0.799999
      vertex -4.44326 -42.2406 -6.6
      vertex -4.44326 -42.2406 -0.799999
    endloop
  endfacet
  facet normal 0.956925 0.290334 0
    outer loop
      vertex -4.44326 -42.2406 -6.6
      vertex -4.35588 -42.5286 -0.799999
      vertex -4.35588 -42.5286 -6.6
    endloop
  endfacet
  facet normal -0.0325567 0.99947 0
    outer loop
      vertex 0.300854 -45.6402 -6.6
      vertex 0 -45.65 -0.799999
      vertex 0.300854 -45.6402 -0.799999
    endloop
  endfacet
  facet normal -0.0325567 0.99947 0
    outer loop
      vertex 0 -45.65 -0.799999
      vertex 0.300854 -45.6402 -6.6
      vertex 0 -45.65 -6.6
    endloop
  endfacet
  facet normal -0.881953 -0.471338 0
    outer loop
      vertex 4.12561 -39.0155 -6.6
      vertex 3.98372 -38.75 -0.799999
      vertex 3.98372 -38.75 -6.6
    endloop
  endfacet
  facet normal -0.881953 -0.471338 0
    outer loop
      vertex 3.98372 -38.75 -0.799999
      vertex 4.12561 -39.0155 -6.6
      vertex 4.12561 -39.0155 -0.799999
    endloop
  endfacet
  facet normal 0.0325567 -0.99947 0
    outer loop
      vertex -0.300854 -36.4598 -6.6
      vertex 0 -36.45 -0.799999
      vertex -0.300854 -36.4598 -0.799999
    endloop
  endfacet
  facet normal 0.0325567 -0.99947 0
    outer loop
      vertex 0 -36.45 -0.799999
      vertex -0.300854 -36.4598 -6.6
      vertex 0 -36.45 -6.6
    endloop
  endfacet
  facet normal -0.352448 -0.935831 0
    outer loop
      vertex 1.47862 -36.6941 -6.6
      vertex 1.76034 -36.8002 -0.799999
      vertex 1.47862 -36.6941 -0.799999
    endloop
  endfacet
  facet normal -0.352448 -0.935831 -0
    outer loop
      vertex 1.76034 -36.8002 -0.799999
      vertex 1.47862 -36.6941 -6.6
      vertex 1.76034 -36.8002 -6.6
    endloop
  endfacet
  facet normal 0.683643 0.729817 -0
    outer loop
      vertex -3.03299 -44.5085 -6.6
      vertex -3.25269 -44.3027 -0.799999
      vertex -3.03299 -44.5085 -0.799999
    endloop
  endfacet
  facet normal 0.683643 0.729817 0
    outer loop
      vertex -3.25269 -44.3027 -0.799999
      vertex -3.03299 -44.5085 -6.6
      vertex -3.25269 -44.3027 -6.6
    endloop
  endfacet
  facet normal -0.812862 0.582457 0
    outer loop
      vertex 3.64942 -43.8503 -6.6
      vertex 3.82476 -43.6056 -0.799999
      vertex 3.82476 -43.6056 -6.6
    endloop
  endfacet
  facet normal -0.812862 0.582457 0
    outer loop
      vertex 3.82476 -43.6056 -0.799999
      vertex 3.64942 -43.8503 -6.6
      vertex 3.64942 -43.8503 -0.799999
    endloop
  endfacet
  facet normal -0.956925 -0.290334 0
    outer loop
      vertex 4.44326 -39.8594 -6.6
      vertex 4.35588 -39.5714 -0.799999
      vertex 4.35588 -39.5714 -6.6
    endloop
  endfacet
  facet normal -0.956925 -0.290334 0
    outer loop
      vertex 4.35588 -39.5714 -0.799999
      vertex 4.44326 -39.8594 -6.6
      vertex 4.44326 -39.8594 -0.799999
    endloop
  endfacet
  facet normal 0.412614 -0.910906 0
    outer loop
      vertex -2.03453 -36.9244 -6.6
      vertex -1.76034 -36.8002 -0.799999
      vertex -2.03453 -36.9244 -0.799999
    endloop
  endfacet
  facet normal 0.412614 -0.910906 0
    outer loop
      vertex -1.76034 -36.8002 -0.799999
      vertex -2.03453 -36.9244 -6.6
      vertex -1.76034 -36.8002 -6.6
    endloop
  endfacet
  facet normal -0.634267 -0.773114 0
    outer loop
      vertex 2.8003 -37.4006 -6.6
      vertex 3.03299 -37.5915 -0.799999
      vertex 2.8003 -37.4006 -0.799999
    endloop
  endfacet
  facet normal -0.634267 -0.773114 -0
    outer loop
      vertex 3.03299 -37.5915 -0.799999
      vertex 2.8003 -37.4006 -6.6
      vertex 3.03299 -37.5915 -6.6
    endloop
  endfacet
  facet normal 0.634267 -0.773114 0
    outer loop
      vertex -3.03299 -37.5915 -6.6
      vertex -2.8003 -37.4006 -0.799999
      vertex -3.03299 -37.5915 -0.799999
    endloop
  endfacet
  facet normal 0.634267 -0.773114 0
    outer loop
      vertex -2.8003 -37.4006 -0.799999
      vertex -3.03299 -37.5915 -6.6
      vertex -2.8003 -37.4006 -6.6
    endloop
  endfacet
  facet normal 0.471405 -0.881917 0
    outer loop
      vertex -2.3 -37.0663 -6.6
      vertex -2.03453 -36.9244 -0.799999
      vertex -2.3 -37.0663 -0.799999
    endloop
  endfacet
  facet normal 0.471405 -0.881917 0
    outer loop
      vertex -2.03453 -36.9244 -0.799999
      vertex -2.3 -37.0663 -6.6
      vertex -2.03453 -36.9244 -6.6
    endloop
  endfacet
  facet normal 0.812862 0.582457 0
    outer loop
      vertex -3.64942 -43.8503 -0.799999
      vertex -3.82476 -43.6056 -6.6
      vertex -3.82476 -43.6056 -0.799999
    endloop
  endfacet
  facet normal 0.812862 0.582457 0
    outer loop
      vertex -3.82476 -43.6056 -6.6
      vertex -3.64942 -43.8503 -0.799999
      vertex -3.64942 -43.8503 -6.6
    endloop
  endfacet
  facet normal -0.849176 0.52811 0
    outer loop
      vertex 3.82476 -43.6056 -6.6
      vertex 3.98372 -43.35 -0.799999
      vertex 3.98372 -43.35 -6.6
    endloop
  endfacet
  facet normal -0.849176 0.52811 0
    outer loop
      vertex 3.98372 -43.35 -0.799999
      vertex 3.82476 -43.6056 -6.6
      vertex 3.82476 -43.6056 -0.799999
    endloop
  endfacet
  facet normal 0.290349 0.956921 -0
    outer loop
      vertex -1.19057 -45.4933 -6.6
      vertex -1.47862 -45.4059 -0.799999
      vertex -1.19057 -45.4933 -0.799999
    endloop
  endfacet
  facet normal 0.290349 0.956921 0
    outer loop
      vertex -1.47862 -45.4059 -0.799999
      vertex -1.19057 -45.4933 -6.6
      vertex -1.47862 -45.4059 -6.6
    endloop
  endfacet
  facet normal -0.683643 0.729817 0
    outer loop
      vertex 3.25269 -44.3027 -6.6
      vertex 3.03299 -44.5085 -0.799999
      vertex 3.25269 -44.3027 -0.799999
    endloop
  endfacet
  facet normal -0.683643 0.729817 0
    outer loop
      vertex 3.03299 -44.5085 -0.799999
      vertex 3.25269 -44.3027 -6.6
      vertex 3.03299 -44.5085 -6.6
    endloop
  endfacet
  facet normal -0.995184 0.0980231 0
    outer loop
      vertex 4.56065 -41.6504 -6.6
      vertex 4.59015 -41.3509 -0.799999
      vertex 4.59015 -41.3509 -6.6
    endloop
  endfacet
  facet normal -0.995184 0.0980231 0
    outer loop
      vertex 4.59015 -41.3509 -0.799999
      vertex 4.56065 -41.6504 -6.6
      vertex 4.56065 -41.6504 -0.799999
    endloop
  endfacet
  facet normal -0.956925 0.290334 0
    outer loop
      vertex 4.35588 -42.5286 -6.6
      vertex 4.44326 -42.2406 -0.799999
      vertex 4.44326 -42.2406 -6.6
    endloop
  endfacet
  facet normal -0.956925 0.290334 0
    outer loop
      vertex 4.44326 -42.2406 -0.799999
      vertex 4.35588 -42.5286 -6.6
      vertex 4.35588 -42.5286 -0.799999
    endloop
  endfacet
  facet normal -0.729867 -0.68359 0
    outer loop
      vertex 3.45846 -38.017 -6.6
      vertex 3.25269 -37.7973 -0.799999
      vertex 3.25269 -37.7973 -6.6
    endloop
  endfacet
  facet normal -0.729867 -0.68359 0
    outer loop
      vertex 3.25269 -37.7973 -0.799999
      vertex 3.45846 -38.017 -6.6
      vertex 3.45846 -38.017 -0.799999
    endloop
  endfacet
  facet normal 0.986641 0.162912 0
    outer loop
      vertex -4.51161 -41.9474 -0.799999
      vertex -4.56065 -41.6504 -6.6
      vertex -4.56065 -41.6504 -0.799999
    endloop
  endfacet
  facet normal 0.986641 0.162912 0
    outer loop
      vertex -4.56065 -41.6504 -6.6
      vertex -4.51161 -41.9474 -0.799999
      vertex -4.51161 -41.9474 -6.6
    endloop
  endfacet
  facet normal 0.77303 0.63437 0
    outer loop
      vertex -3.45846 -44.083 -0.799999
      vertex -3.64942 -43.8503 -6.6
      vertex -3.64942 -43.8503 -0.799999
    endloop
  endfacet
  facet normal 0.77303 0.63437 0
    outer loop
      vertex -3.64942 -43.8503 -6.6
      vertex -3.45846 -44.083 -0.799999
      vertex -3.45846 -44.083 -6.6
    endloop
  endfacet
  facet normal -0.0325567 -0.99947 0
    outer loop
      vertex 0 -36.45 -6.6
      vertex 0.300854 -36.4598 -0.799999
      vertex 0 -36.45 -0.799999
    endloop
  endfacet
  facet normal -0.0325567 -0.99947 -0
    outer loop
      vertex 0.300854 -36.4598 -0.799999
      vertex 0 -36.45 -6.6
      vertex 0.300854 -36.4598 -6.6
    endloop
  endfacet
  facet normal 0.527937 0.849284 -0
    outer loop
      vertex -2.3 -45.0337 -6.6
      vertex -2.55562 -44.8748 -0.799999
      vertex -2.3 -45.0337 -0.799999
    endloop
  endfacet
  facet normal 0.527937 0.849284 0
    outer loop
      vertex -2.55562 -44.8748 -0.799999
      vertex -2.3 -45.0337 -6.6
      vertex -2.55562 -44.8748 -6.6
    endloop
  endfacet
  facet normal 0.729867 0.68359 0
    outer loop
      vertex -3.25269 -44.3027 -0.799999
      vertex -3.45846 -44.083 -6.6
      vertex -3.45846 -44.083 -0.799999
    endloop
  endfacet
  facet normal 0.729867 0.68359 0
    outer loop
      vertex -3.45846 -44.083 -6.6
      vertex -3.25269 -44.3027 -0.799999
      vertex -3.25269 -44.3027 -6.6
    endloop
  endfacet
  facet normal 0.162785 0.986662 -0
    outer loop
      vertex -0.60042 -45.6106 -6.6
      vertex -0.897415 -45.5616 -0.799999
      vertex -0.60042 -45.6106 -0.799999
    endloop
  endfacet
  facet normal 0.162785 0.986662 0
    outer loop
      vertex -0.897415 -45.5616 -0.799999
      vertex -0.60042 -45.6106 -6.6
      vertex -0.897415 -45.5616 -6.6
    endloop
  endfacet
  facet normal 0.412614 0.910906 -0
    outer loop
      vertex -1.76034 -45.2998 -6.6
      vertex -2.03453 -45.1756 -0.799999
      vertex -1.76034 -45.2998 -0.799999
    endloop
  endfacet
  facet normal 0.412614 0.910906 0
    outer loop
      vertex -2.03453 -45.1756 -0.799999
      vertex -1.76034 -45.2998 -6.6
      vertex -2.03453 -45.1756 -6.6
    endloop
  endfacet
  facet normal -0.77303 0.63437 0
    outer loop
      vertex 3.45846 -44.083 -6.6
      vertex 3.64942 -43.8503 -0.799999
      vertex 3.64942 -43.8503 -6.6
    endloop
  endfacet
  facet normal -0.77303 0.63437 0
    outer loop
      vertex 3.64942 -43.8503 -0.799999
      vertex 3.45846 -44.083 -6.6
      vertex 3.45846 -44.083 -0.799999
    endloop
  endfacet
  facet normal -0.58262 0.812745 0
    outer loop
      vertex 2.8003 -44.6994 -6.6
      vertex 2.55562 -44.8748 -0.799999
      vertex 2.8003 -44.6994 -0.799999
    endloop
  endfacet
  facet normal -0.58262 0.812745 0
    outer loop
      vertex 2.55562 -44.8748 -0.799999
      vertex 2.8003 -44.6994 -6.6
      vertex 2.55562 -44.8748 -6.6
    endloop
  endfacet
  facet normal 0.226906 -0.973917 0
    outer loop
      vertex -1.19057 -36.6067 -6.6
      vertex -0.897415 -36.5384 -0.799999
      vertex -1.19057 -36.6067 -0.799999
    endloop
  endfacet
  facet normal 0.226906 -0.973917 0
    outer loop
      vertex -0.897415 -36.5384 -0.799999
      vertex -1.19057 -36.6067 -6.6
      vertex -0.897415 -36.5384 -6.6
    endloop
  endfacet
  facet normal 0.226906 0.973917 -0
    outer loop
      vertex -0.897415 -45.5616 -6.6
      vertex -1.19057 -45.4933 -0.799999
      vertex -0.897415 -45.5616 -0.799999
    endloop
  endfacet
  facet normal 0.226906 0.973917 0
    outer loop
      vertex -1.19057 -45.4933 -0.799999
      vertex -0.897415 -45.5616 -6.6
      vertex -1.19057 -45.4933 -6.6
    endloop
  endfacet
  facet normal -0.58262 -0.812745 0
    outer loop
      vertex 2.55562 -37.2252 -6.6
      vertex 2.8003 -37.4006 -0.799999
      vertex 2.55562 -37.2252 -0.799999
    endloop
  endfacet
  facet normal -0.58262 -0.812745 -0
    outer loop
      vertex 2.8003 -37.4006 -0.799999
      vertex 2.55562 -37.2252 -6.6
      vertex 2.8003 -37.4006 -6.6
    endloop
  endfacet
  facet normal -0.849176 -0.52811 0
    outer loop
      vertex 3.98372 -38.75 -6.6
      vertex 3.82476 -38.4944 -0.799999
      vertex 3.82476 -38.4944 -6.6
    endloop
  endfacet
  facet normal -0.849176 -0.52811 0
    outer loop
      vertex 3.82476 -38.4944 -0.799999
      vertex 3.98372 -38.75 -6.6
      vertex 3.98372 -38.75 -0.799999
    endloop
  endfacet
  facet normal 0.910862 0.412711 0
    outer loop
      vertex -4.12561 -43.0845 -0.799999
      vertex -4.24985 -42.8103 -6.6
      vertex -4.24985 -42.8103 -0.799999
    endloop
  endfacet
  facet normal 0.910862 0.412711 0
    outer loop
      vertex -4.24985 -42.8103 -6.6
      vertex -4.12561 -43.0845 -0.799999
      vertex -4.12561 -43.0845 -6.6
    endloop
  endfacet
  facet normal -0.290349 -0.956921 0
    outer loop
      vertex 1.19057 -36.6067 -6.6
      vertex 1.47862 -36.6941 -0.799999
      vertex 1.19057 -36.6067 -0.799999
    endloop
  endfacet
  facet normal -0.290349 -0.956921 -0
    outer loop
      vertex 1.47862 -36.6941 -0.799999
      vertex 1.19057 -36.6067 -6.6
      vertex 1.47862 -36.6941 -6.6
    endloop
  endfacet
  facet normal -0.412614 -0.910906 0
    outer loop
      vertex 1.76034 -36.8002 -6.6
      vertex 2.03453 -36.9244 -0.799999
      vertex 1.76034 -36.8002 -0.799999
    endloop
  endfacet
  facet normal -0.412614 -0.910906 -0
    outer loop
      vertex 2.03453 -36.9244 -0.799999
      vertex 1.76034 -36.8002 -6.6
      vertex 2.03453 -36.9244 -6.6
    endloop
  endfacet
  facet normal -0.527937 0.849284 0
    outer loop
      vertex 2.55562 -44.8748 -6.6
      vertex 2.3 -45.0337 -0.799999
      vertex 2.55562 -44.8748 -0.799999
    endloop
  endfacet
  facet normal -0.527937 0.849284 0
    outer loop
      vertex 2.3 -45.0337 -0.799999
      vertex 2.55562 -44.8748 -6.6
      vertex 2.3 -45.0337 -6.6
    endloop
  endfacet
  facet normal 0.162785 -0.986662 0
    outer loop
      vertex -0.897415 -36.5384 -6.6
      vertex -0.60042 -36.4894 -0.799999
      vertex -0.897415 -36.5384 -0.799999
    endloop
  endfacet
  facet normal 0.162785 -0.986662 0
    outer loop
      vertex -0.60042 -36.4894 -0.799999
      vertex -0.897415 -36.5384 -6.6
      vertex -0.60042 -36.4894 -6.6
    endloop
  endfacet
  facet normal -0.162785 0.986662 0
    outer loop
      vertex 0.897415 -45.5616 -6.6
      vertex 0.60042 -45.6106 -0.799999
      vertex 0.897415 -45.5616 -0.799999
    endloop
  endfacet
  facet normal -0.162785 0.986662 0
    outer loop
      vertex 0.60042 -45.6106 -0.799999
      vertex 0.897415 -45.5616 -6.6
      vertex 0.60042 -45.6106 -6.6
    endloop
  endfacet
  facet normal -0.0983308 0.995154 0
    outer loop
      vertex 0.60042 -45.6106 -6.6
      vertex 0.300854 -45.6402 -0.799999
      vertex 0.60042 -45.6106 -0.799999
    endloop
  endfacet
  facet normal -0.0983308 0.995154 0
    outer loop
      vertex 0.300854 -45.6402 -0.799999
      vertex 0.60042 -45.6106 -6.6
      vertex 0.300854 -45.6402 -6.6
    endloop
  endfacet
  facet normal 0.58262 -0.812745 0
    outer loop
      vertex -2.8003 -37.4006 -6.6
      vertex -2.55562 -37.2252 -0.799999
      vertex -2.8003 -37.4006 -0.799999
    endloop
  endfacet
  facet normal 0.58262 -0.812745 0
    outer loop
      vertex -2.55562 -37.2252 -0.799999
      vertex -2.8003 -37.4006 -6.6
      vertex -2.55562 -37.2252 -6.6
    endloop
  endfacet
  facet normal 0.849176 0.52811 0
    outer loop
      vertex -3.82476 -43.6056 -0.799999
      vertex -3.98372 -43.35 -6.6
      vertex -3.98372 -43.35 -0.799999
    endloop
  endfacet
  facet normal 0.849176 0.52811 0
    outer loop
      vertex -3.98372 -43.35 -6.6
      vertex -3.82476 -43.6056 -0.799999
      vertex -3.82476 -43.6056 -6.6
    endloop
  endfacet
  facet normal 0.999465 0.0327176 0
    outer loop
      vertex -4.59015 -41.3509 -0.799999
      vertex -4.6 -41.05 -6.6
      vertex -4.6 -41.05 -0.799999
    endloop
  endfacet
  facet normal 0.999465 0.0327176 0
    outer loop
      vertex -4.6 -41.05 -6.6
      vertex -4.59015 -41.3509 -0.799999
      vertex -4.59015 -41.3509 -6.6
    endloop
  endfacet
  facet normal -0.412614 0.910906 0
    outer loop
      vertex 2.03453 -45.1756 -6.6
      vertex 1.76034 -45.2998 -0.799999
      vertex 2.03453 -45.1756 -0.799999
    endloop
  endfacet
  facet normal -0.412614 0.910906 0
    outer loop
      vertex 1.76034 -45.2998 -0.799999
      vertex 2.03453 -45.1756 -6.6
      vertex 1.76034 -45.2998 -6.6
    endloop
  endfacet
  facet normal -0.527937 -0.849284 0
    outer loop
      vertex 2.3 -37.0663 -6.6
      vertex 2.55562 -37.2252 -0.799999
      vertex 2.3 -37.0663 -0.799999
    endloop
  endfacet
  facet normal -0.527937 -0.849284 -0
    outer loop
      vertex 2.55562 -37.2252 -0.799999
      vertex 2.3 -37.0663 -6.6
      vertex 2.55562 -37.2252 -6.6
    endloop
  endfacet
  facet normal 0.995184 0.0980231 0
    outer loop
      vertex -4.56065 -41.6504 -0.799999
      vertex -4.59015 -41.3509 -6.6
      vertex -4.59015 -41.3509 -0.799999
    endloop
  endfacet
  facet normal 0.995184 0.0980231 0
    outer loop
      vertex -4.59015 -41.3509 -6.6
      vertex -4.56065 -41.6504 -0.799999
      vertex -4.56065 -41.6504 -6.6
    endloop
  endfacet
  facet normal 0.9359 -0.352266 0
    outer loop
      vertex -4.35588 -39.5714 -0.799999
      vertex -4.24985 -39.2897 -6.6
      vertex -4.24985 -39.2897 -0.799999
    endloop
  endfacet
  facet normal 0.9359 -0.352266 0
    outer loop
      vertex -4.24985 -39.2897 -6.6
      vertex -4.35588 -39.5714 -0.799999
      vertex -4.35588 -39.5714 -6.6
    endloop
  endfacet
  facet normal 0.986641 -0.162912 0
    outer loop
      vertex -4.56065 -40.4496 -0.799999
      vertex -4.51161 -40.1526 -6.6
      vertex -4.51161 -40.1526 -0.799999
    endloop
  endfacet
  facet normal 0.986641 -0.162912 0
    outer loop
      vertex -4.51161 -40.1526 -6.6
      vertex -4.56065 -40.4496 -0.799999
      vertex -4.56065 -40.4496 -6.6
    endloop
  endfacet
  facet normal -0.9359 0.352266 0
    outer loop
      vertex 4.24985 -42.8103 -6.6
      vertex 4.35588 -42.5286 -0.799999
      vertex 4.35588 -42.5286 -6.6
    endloop
  endfacet
  facet normal -0.9359 0.352266 0
    outer loop
      vertex 4.35588 -42.5286 -0.799999
      vertex 4.24985 -42.8103 -6.6
      vertex 4.24985 -42.8103 -0.799999
    endloop
  endfacet
  facet normal 0.352448 0.935831 -0
    outer loop
      vertex -1.47862 -45.4059 -6.6
      vertex -1.76034 -45.2998 -0.799999
      vertex -1.47862 -45.4059 -0.799999
    endloop
  endfacet
  facet normal 0.352448 0.935831 0
    outer loop
      vertex -1.76034 -45.2998 -0.799999
      vertex -1.47862 -45.4059 -6.6
      vertex -1.76034 -45.2998 -6.6
    endloop
  endfacet
  facet normal 0.77303 -0.63437 0
    outer loop
      vertex -3.64942 -38.2497 -0.799999
      vertex -3.45846 -38.017 -6.6
      vertex -3.45846 -38.017 -0.799999
    endloop
  endfacet
  facet normal 0.77303 -0.63437 0
    outer loop
      vertex -3.45846 -38.017 -6.6
      vertex -3.64942 -38.2497 -0.799999
      vertex -3.64942 -38.2497 -6.6
    endloop
  endfacet
  facet normal 0.352448 -0.935831 0
    outer loop
      vertex -1.76034 -36.8002 -6.6
      vertex -1.47862 -36.6941 -0.799999
      vertex -1.76034 -36.8002 -0.799999
    endloop
  endfacet
  facet normal 0.352448 -0.935831 0
    outer loop
      vertex -1.47862 -36.6941 -0.799999
      vertex -1.76034 -36.8002 -6.6
      vertex -1.47862 -36.6941 -6.6
    endloop
  endfacet
  facet normal 0.999465 -0.0327176 0
    outer loop
      vertex -4.6 -41.05 -0.799999
      vertex -4.59015 -40.7491 -6.6
      vertex -4.59015 -40.7491 -0.799999
    endloop
  endfacet
  facet normal 0.999465 -0.0327176 0
    outer loop
      vertex -4.59015 -40.7491 -6.6
      vertex -4.6 -41.05 -0.799999
      vertex -4.6 -41.05 -6.6
    endloop
  endfacet
  facet normal 0.881953 0.471338 0
    outer loop
      vertex -3.98372 -43.35 -0.799999
      vertex -4.12561 -43.0845 -6.6
      vertex -4.12561 -43.0845 -0.799999
    endloop
  endfacet
  facet normal 0.881953 0.471338 0
    outer loop
      vertex -4.12561 -43.0845 -6.6
      vertex -3.98372 -43.35 -0.799999
      vertex -3.98372 -43.35 -6.6
    endloop
  endfacet
  facet normal 0.634267 0.773114 -0
    outer loop
      vertex -2.8003 -44.6994 -6.6
      vertex -3.03299 -44.5085 -0.799999
      vertex -2.8003 -44.6994 -0.799999
    endloop
  endfacet
  facet normal 0.634267 0.773114 0
    outer loop
      vertex -3.03299 -44.5085 -0.799999
      vertex -2.8003 -44.6994 -6.6
      vertex -3.03299 -44.5085 -6.6
    endloop
  endfacet
  facet normal 0.995184 -0.0980231 0
    outer loop
      vertex -4.59015 -40.7491 -0.799999
      vertex -4.56065 -40.4496 -6.6
      vertex -4.56065 -40.4496 -0.799999
    endloop
  endfacet
  facet normal 0.995184 -0.0980231 0
    outer loop
      vertex -4.56065 -40.4496 -6.6
      vertex -4.59015 -40.7491 -0.799999
      vertex -4.59015 -40.7491 -6.6
    endloop
  endfacet
  facet normal 0.471405 0.881917 -0
    outer loop
      vertex -2.03453 -45.1756 -6.6
      vertex -2.3 -45.0337 -0.799999
      vertex -2.03453 -45.1756 -0.799999
    endloop
  endfacet
  facet normal 0.471405 0.881917 0
    outer loop
      vertex -2.3 -45.0337 -0.799999
      vertex -2.03453 -45.1756 -6.6
      vertex -2.3 -45.0337 -6.6
    endloop
  endfacet
  facet normal -0.986641 0.162912 0
    outer loop
      vertex 4.51161 -41.9474 -6.6
      vertex 4.56065 -41.6504 -0.799999
      vertex 4.56065 -41.6504 -6.6
    endloop
  endfacet
  facet normal -0.986641 0.162912 0
    outer loop
      vertex 4.56065 -41.6504 -0.799999
      vertex 4.51161 -41.9474 -6.6
      vertex 4.51161 -41.9474 -0.799999
    endloop
  endfacet
  facet normal -0.352448 0.935831 0
    outer loop
      vertex 1.76034 -45.2998 -6.6
      vertex 1.47862 -45.4059 -0.799999
      vertex 1.76034 -45.2998 -0.799999
    endloop
  endfacet
  facet normal -0.352448 0.935831 0
    outer loop
      vertex 1.47862 -45.4059 -0.799999
      vertex 1.76034 -45.2998 -6.6
      vertex 1.47862 -45.4059 -6.6
    endloop
  endfacet
  facet normal 0.0983308 -0.995154 0
    outer loop
      vertex -0.60042 -36.4894 -6.6
      vertex -0.300854 -36.4598 -0.799999
      vertex -0.60042 -36.4894 -0.799999
    endloop
  endfacet
  facet normal 0.0983308 -0.995154 0
    outer loop
      vertex -0.300854 -36.4598 -0.799999
      vertex -0.60042 -36.4894 -6.6
      vertex -0.300854 -36.4598 -6.6
    endloop
  endfacet
  facet normal 0.0325567 0.99947 -0
    outer loop
      vertex 0 -45.65 -6.6
      vertex -0.300854 -45.6402 -0.799999
      vertex 0 -45.65 -0.799999
    endloop
  endfacet
  facet normal 0.0325567 0.99947 0
    outer loop
      vertex -0.300854 -45.6402 -0.799999
      vertex 0 -45.65 -6.6
      vertex -0.300854 -45.6402 -6.6
    endloop
  endfacet
  facet normal 0.58262 0.812745 -0
    outer loop
      vertex -2.55562 -44.8748 -6.6
      vertex -2.8003 -44.6994 -0.799999
      vertex -2.55562 -44.8748 -0.799999
    endloop
  endfacet
  facet normal 0.58262 0.812745 0
    outer loop
      vertex -2.8003 -44.6994 -0.799999
      vertex -2.55562 -44.8748 -6.6
      vertex -2.8003 -44.6994 -6.6
    endloop
  endfacet
  facet normal 0.0983308 0.995154 -0
    outer loop
      vertex -0.300854 -45.6402 -6.6
      vertex -0.60042 -45.6106 -0.799999
      vertex -0.300854 -45.6402 -0.799999
    endloop
  endfacet
  facet normal 0.0983308 0.995154 0
    outer loop
      vertex -0.60042 -45.6106 -0.799999
      vertex -0.300854 -45.6402 -6.6
      vertex -0.60042 -45.6106 -6.6
    endloop
  endfacet
  facet normal -0.881953 0.471338 0
    outer loop
      vertex 3.98372 -43.35 -6.6
      vertex 4.12561 -43.0845 -0.799999
      vertex 4.12561 -43.0845 -6.6
    endloop
  endfacet
  facet normal -0.881953 0.471338 0
    outer loop
      vertex 4.12561 -43.0845 -0.799999
      vertex 3.98372 -43.35 -6.6
      vertex 3.98372 -43.35 -0.799999
    endloop
  endfacet
  facet normal -0.910862 0.412711 0
    outer loop
      vertex 4.12561 -43.0845 -6.6
      vertex 4.24985 -42.8103 -0.799999
      vertex 4.24985 -42.8103 -6.6
    endloop
  endfacet
  facet normal -0.910862 0.412711 0
    outer loop
      vertex 4.24985 -42.8103 -0.799999
      vertex 4.12561 -43.0845 -6.6
      vertex 4.12561 -43.0845 -0.799999
    endloop
  endfacet
  facet normal -0.634267 0.773114 0
    outer loop
      vertex 3.03299 -44.5085 -6.6
      vertex 2.8003 -44.6994 -0.799999
      vertex 3.03299 -44.5085 -0.799999
    endloop
  endfacet
  facet normal -0.634267 0.773114 0
    outer loop
      vertex 2.8003 -44.6994 -0.799999
      vertex 3.03299 -44.5085 -6.6
      vertex 2.8003 -44.6994 -6.6
    endloop
  endfacet
  facet normal -0.471405 -0.881917 0
    outer loop
      vertex 2.03453 -36.9244 -6.6
      vertex 2.3 -37.0663 -0.799999
      vertex 2.03453 -36.9244 -0.799999
    endloop
  endfacet
  facet normal -0.471405 -0.881917 -0
    outer loop
      vertex 2.3 -37.0663 -0.799999
      vertex 2.03453 -36.9244 -6.6
      vertex 2.3 -37.0663 -6.6
    endloop
  endfacet
  facet normal -0.729867 0.68359 0
    outer loop
      vertex 3.25269 -44.3027 -6.6
      vertex 3.45846 -44.083 -0.799999
      vertex 3.45846 -44.083 -6.6
    endloop
  endfacet
  facet normal -0.729867 0.68359 0
    outer loop
      vertex 3.45846 -44.083 -0.799999
      vertex 3.25269 -44.3027 -6.6
      vertex 3.25269 -44.3027 -0.799999
    endloop
  endfacet
  facet normal 0.683643 -0.729817 0
    outer loop
      vertex -3.25269 -37.7973 -6.6
      vertex -3.03299 -37.5915 -0.799999
      vertex -3.25269 -37.7973 -0.799999
    endloop
  endfacet
  facet normal 0.683643 -0.729817 0
    outer loop
      vertex -3.03299 -37.5915 -0.799999
      vertex -3.25269 -37.7973 -6.6
      vertex -3.03299 -37.5915 -6.6
    endloop
  endfacet
  facet normal 0.881953 -0.471338 0
    outer loop
      vertex -4.12561 -39.0155 -0.799999
      vertex -3.98372 -38.75 -6.6
      vertex -3.98372 -38.75 -0.799999
    endloop
  endfacet
  facet normal 0.881953 -0.471338 0
    outer loop
      vertex -3.98372 -38.75 -6.6
      vertex -4.12561 -39.0155 -0.799999
      vertex -4.12561 -39.0155 -6.6
    endloop
  endfacet
  facet normal 0.500002 -0.866024 0
    outer loop
      vertex -6.8 -37.124 -13.8
      vertex 0 -33.198 -6.6
      vertex -6.8 -37.124 -6.6
    endloop
  endfacet
  facet normal 0.500002 -0.866024 0
    outer loop
      vertex 0 -33.198 -6.6
      vertex -6.8 -37.124 -13.8
      vertex 0 -33.198 -13.8
    endloop
  endfacet
  facet normal -0.500002 -0.866024 0
    outer loop
      vertex 0 -33.198 -13.8
      vertex 6.8 -37.124 -6.6
      vertex 0 -33.198 -6.6
    endloop
  endfacet
  facet normal -0.500002 -0.866024 -0
    outer loop
      vertex 6.8 -37.124 -6.6
      vertex 0 -33.198 -13.8
      vertex 6.8 -37.124 -13.8
    endloop
  endfacet
  facet normal 1 -0 0
    outer loop
      vertex -6.8 -44.976 -6.6
      vertex -6.8 -37.124 -13.8
      vertex -6.8 -37.124 -6.6
    endloop
  endfacet
  facet normal 1 0 0
    outer loop
      vertex -6.8 -37.124 -13.8
      vertex -6.8 -44.976 -6.6
      vertex -6.8 -44.976 -13.8
    endloop
  endfacet
  facet normal 0 0 -1
    outer loop
      vertex 6.8 -44.976 -6.6
      vertex 4.6 -41.05 -6.6
      vertex 6.8 -37.124 -6.6
    endloop
  endfacet
  facet normal 0 0 -1
    outer loop
      vertex 6.8 -44.976 -6.6
      vertex 4.59015 -41.3509 -6.6
      vertex 4.6 -41.05 -6.6
    endloop
  endfacet
  facet normal 0 0 -1
    outer loop
      vertex 6.8 -44.976 -6.6
      vertex 4.56065 -41.6504 -6.6
      vertex 4.59015 -41.3509 -6.6
    endloop
  endfacet
  facet normal 0 0 -1
    outer loop
      vertex 6.8 -44.976 -6.6
      vertex 4.51161 -41.9474 -6.6
      vertex 4.56065 -41.6504 -6.6
    endloop
  endfacet
  facet normal 0 0 -1
    outer loop
      vertex 6.8 -44.976 -6.6
      vertex 4.44326 -42.2406 -6.6
      vertex 4.51161 -41.9474 -6.6
    endloop
  endfacet
  facet normal 0 0 -1
    outer loop
      vertex 6.8 -44.976 -6.6
      vertex 4.35588 -42.5286 -6.6
      vertex 4.44326 -42.2406 -6.6
    endloop
  endfacet
  facet normal 0 0 -1
    outer loop
      vertex 6.8 -44.976 -6.6
      vertex 4.24985 -42.8103 -6.6
      vertex 4.35588 -42.5286 -6.6
    endloop
  endfacet
  facet normal 0 0 -1
    outer loop
      vertex 6.8 -44.976 -6.6
      vertex 4.12561 -43.0845 -6.6
      vertex 4.24985 -42.8103 -6.6
    endloop
  endfacet
  facet normal 0 0 -1
    outer loop
      vertex 6.8 -44.976 -6.6
      vertex 3.98372 -43.35 -6.6
      vertex 4.12561 -43.0845 -6.6
    endloop
  endfacet
  facet normal 0 0 -1
    outer loop
      vertex 6.8 -44.976 -6.6
      vertex 3.82476 -43.6056 -6.6
      vertex 3.98372 -43.35 -6.6
    endloop
  endfacet
  facet normal 0 0 -1
    outer loop
      vertex 6.8 -44.976 -6.6
      vertex 3.64942 -43.8503 -6.6
      vertex 3.82476 -43.6056 -6.6
    endloop
  endfacet
  facet normal 0 0 -1
    outer loop
      vertex 6.8 -44.976 -6.6
      vertex 3.45846 -44.083 -6.6
      vertex 3.64942 -43.8503 -6.6
    endloop
  endfacet
  facet normal 0 0 -1
    outer loop
      vertex 6.8 -44.976 -6.6
      vertex 3.25269 -44.3027 -6.6
      vertex 3.45846 -44.083 -6.6
    endloop
  endfacet
  facet normal 0 0 -1
    outer loop
      vertex 6.8 -44.976 -6.6
      vertex 3.03299 -44.5085 -6.6
      vertex 3.25269 -44.3027 -6.6
    endloop
  endfacet
  facet normal 0 0 -1
    outer loop
      vertex 6.8 -44.976 -6.6
      vertex 2.8003 -44.6994 -6.6
      vertex 3.03299 -44.5085 -6.6
    endloop
  endfacet
  facet normal 0 0 -1
    outer loop
      vertex 6.8 -44.976 -6.6
      vertex 2.55562 -44.8748 -6.6
      vertex 2.8003 -44.6994 -6.6
    endloop
  endfacet
  facet normal -0 0 -1
    outer loop
      vertex 6.8 -44.976 -6.6
      vertex 2.3 -45.0337 -6.6
      vertex 2.55562 -44.8748 -6.6
    endloop
  endfacet
  facet normal 0 0 -1
    outer loop
      vertex 0 -48.902 -6.6
      vertex 2.3 -45.0337 -6.6
      vertex 6.8 -44.976 -6.6
    endloop
  endfacet
  facet normal 0 0 -1
    outer loop
      vertex 2.3 -45.0337 -6.6
      vertex 0 -48.902 -6.6
      vertex 2.03453 -45.1756 -6.6
    endloop
  endfacet
  facet normal 0 0 -1
    outer loop
      vertex 2.03453 -45.1756 -6.6
      vertex 0 -48.902 -6.6
      vertex 1.76034 -45.2998 -6.6
    endloop
  endfacet
  facet normal 0 0 -1
    outer loop
      vertex 1.76034 -45.2998 -6.6
      vertex 0 -48.902 -6.6
      vertex 1.47862 -45.4059 -6.6
    endloop
  endfacet
  facet normal 0 0 -1
    outer loop
      vertex 1.47862 -45.4059 -6.6
      vertex 0 -48.902 -6.6
      vertex 1.19057 -45.4933 -6.6
    endloop
  endfacet
  facet normal 0 0 -1
    outer loop
      vertex 1.19057 -45.4933 -6.6
      vertex 0 -48.902 -6.6
      vertex 0.897415 -45.5616 -6.6
    endloop
  endfacet
  facet normal 0 0 -1
    outer loop
      vertex 0.897415 -45.5616 -6.6
      vertex 0 -48.902 -6.6
      vertex 0.60042 -45.6106 -6.6
    endloop
  endfacet
  facet normal 0 0 -1
    outer loop
      vertex 0 -48.902 -6.6
      vertex 0.300854 -45.6402 -6.6
      vertex 0.60042 -45.6106 -6.6
    endloop
  endfacet
  facet normal 0 0 -1
    outer loop
      vertex 0 -48.902 -6.6
      vertex 0 -45.65 -6.6
      vertex 0.300854 -45.6402 -6.6
    endloop
  endfacet
  facet normal 0 0 -1
    outer loop
      vertex 0 -48.902 -6.6
      vertex -0.300854 -45.6402 -6.6
      vertex 0 -45.65 -6.6
    endloop
  endfacet
  facet normal 0 0 -1
    outer loop
      vertex 0 -48.902 -6.6
      vertex -0.60042 -45.6106 -6.6
      vertex -0.300854 -45.6402 -6.6
    endloop
  endfacet
  facet normal 0 0 -1
    outer loop
      vertex 0 -48.902 -6.6
      vertex -0.897415 -45.5616 -6.6
      vertex -0.60042 -45.6106 -6.6
    endloop
  endfacet
  facet normal 0 0 -1
    outer loop
      vertex 0 -48.902 -6.6
      vertex -1.19057 -45.4933 -6.6
      vertex -0.897415 -45.5616 -6.6
    endloop
  endfacet
  facet normal 0 0 -1
    outer loop
      vertex 0 -48.902 -6.6
      vertex -1.47862 -45.4059 -6.6
      vertex -1.19057 -45.4933 -6.6
    endloop
  endfacet
  facet normal 0 0 -1
    outer loop
      vertex 0 -48.902 -6.6
      vertex -1.76034 -45.2998 -6.6
      vertex -1.47862 -45.4059 -6.6
    endloop
  endfacet
  facet normal 0 0 -1
    outer loop
      vertex 0 -48.902 -6.6
      vertex -2.03453 -45.1756 -6.6
      vertex -1.76034 -45.2998 -6.6
    endloop
  endfacet
  facet normal 0 0 -1
    outer loop
      vertex 0 -48.902 -6.6
      vertex -2.3 -45.0337 -6.6
      vertex -2.03453 -45.1756 -6.6
    endloop
  endfacet
  facet normal 0 0 -1
    outer loop
      vertex -6.8 -44.976 -6.6
      vertex -2.3 -45.0337 -6.6
      vertex 0 -48.902 -6.6
    endloop
  endfacet
  facet normal 0 0 -1
    outer loop
      vertex -2.3 -45.0337 -6.6
      vertex -6.8 -44.976 -6.6
      vertex -2.55562 -44.8748 -6.6
    endloop
  endfacet
  facet normal -0 0 -1
    outer loop
      vertex -2.55562 -44.8748 -6.6
      vertex -6.8 -44.976 -6.6
      vertex -2.8003 -44.6994 -6.6
    endloop
  endfacet
  facet normal -0 0 -1
    outer loop
      vertex -2.8003 -44.6994 -6.6
      vertex -6.8 -44.976 -6.6
      vertex -3.03299 -44.5085 -6.6
    endloop
  endfacet
  facet normal -0 0 -1
    outer loop
      vertex -3.03299 -44.5085 -6.6
      vertex -6.8 -44.976 -6.6
      vertex -3.25269 -44.3027 -6.6
    endloop
  endfacet
  facet normal -0 0 -1
    outer loop
      vertex -3.25269 -44.3027 -6.6
      vertex -6.8 -44.976 -6.6
      vertex -3.45846 -44.083 -6.6
    endloop
  endfacet
  facet normal -0 0 -1
    outer loop
      vertex -4.59015 -41.3509 -6.6
      vertex -6.8 -44.976 -6.6
      vertex -4.6 -41.05 -6.6
    endloop
  endfacet
  facet normal -0 0 -1
    outer loop
      vertex -4.56065 -41.6504 -6.6
      vertex -6.8 -44.976 -6.6
      vertex -4.59015 -41.3509 -6.6
    endloop
  endfacet
  facet normal -0 0 -1
    outer loop
      vertex -4.51161 -41.9474 -6.6
      vertex -6.8 -44.976 -6.6
      vertex -4.56065 -41.6504 -6.6
    endloop
  endfacet
  facet normal -0 0 -1
    outer loop
      vertex -4.44326 -42.2406 -6.6
      vertex -6.8 -44.976 -6.6
      vertex -4.51161 -41.9474 -6.6
    endloop
  endfacet
  facet normal -0 0 -1
    outer loop
      vertex -4.35588 -42.5286 -6.6
      vertex -6.8 -44.976 -6.6
      vertex -4.44326 -42.2406 -6.6
    endloop
  endfacet
  facet normal -0 0 -1
    outer loop
      vertex -4.24985 -42.8103 -6.6
      vertex -6.8 -44.976 -6.6
      vertex -4.35588 -42.5286 -6.6
    endloop
  endfacet
  facet normal -0 0 -1
    outer loop
      vertex -4.12561 -43.0845 -6.6
      vertex -6.8 -44.976 -6.6
      vertex -4.24985 -42.8103 -6.6
    endloop
  endfacet
  facet normal -0 0 -1
    outer loop
      vertex -3.98372 -43.35 -6.6
      vertex -6.8 -44.976 -6.6
      vertex -4.12561 -43.0845 -6.6
    endloop
  endfacet
  facet normal -0 0 -1
    outer loop
      vertex -3.82476 -43.6056 -6.6
      vertex -6.8 -44.976 -6.6
      vertex -3.98372 -43.35 -6.6
    endloop
  endfacet
  facet normal -0 0 -1
    outer loop
      vertex -3.64942 -43.8503 -6.6
      vertex -6.8 -44.976 -6.6
      vertex -3.82476 -43.6056 -6.6
    endloop
  endfacet
  facet normal -0 0 -1
    outer loop
      vertex -3.45846 -44.083 -6.6
      vertex -6.8 -44.976 -6.6
      vertex -3.64942 -43.8503 -6.6
    endloop
  endfacet
  facet normal 0 0 -1
    outer loop
      vertex 4.59015 -40.7491 -6.6
      vertex 6.8 -37.124 -6.6
      vertex 4.6 -41.05 -6.6
    endloop
  endfacet
  facet normal 0 0 -1
    outer loop
      vertex 4.56065 -40.4496 -6.6
      vertex 6.8 -37.124 -6.6
      vertex 4.59015 -40.7491 -6.6
    endloop
  endfacet
  facet normal 0 0 -1
    outer loop
      vertex 4.51161 -40.1526 -6.6
      vertex 6.8 -37.124 -6.6
      vertex 4.56065 -40.4496 -6.6
    endloop
  endfacet
  facet normal 0 0 -1
    outer loop
      vertex 4.44326 -39.8594 -6.6
      vertex 6.8 -37.124 -6.6
      vertex 4.51161 -40.1526 -6.6
    endloop
  endfacet
  facet normal 0 0 -1
    outer loop
      vertex 4.35588 -39.5714 -6.6
      vertex 6.8 -37.124 -6.6
      vertex 4.44326 -39.8594 -6.6
    endloop
  endfacet
  facet normal 0 0 -1
    outer loop
      vertex 4.24985 -39.2897 -6.6
      vertex 6.8 -37.124 -6.6
      vertex 4.35588 -39.5714 -6.6
    endloop
  endfacet
  facet normal 0 0 -1
    outer loop
      vertex 4.12561 -39.0155 -6.6
      vertex 6.8 -37.124 -6.6
      vertex 4.24985 -39.2897 -6.6
    endloop
  endfacet
  facet normal 0 0 -1
    outer loop
      vertex 3.98372 -38.75 -6.6
      vertex 6.8 -37.124 -6.6
      vertex 4.12561 -39.0155 -6.6
    endloop
  endfacet
  facet normal 0 0 -1
    outer loop
      vertex 3.82476 -38.4944 -6.6
      vertex 6.8 -37.124 -6.6
      vertex 3.98372 -38.75 -6.6
    endloop
  endfacet
  facet normal 0 0 -1
    outer loop
      vertex 3.64942 -38.2497 -6.6
      vertex 6.8 -37.124 -6.6
      vertex 3.82476 -38.4944 -6.6
    endloop
  endfacet
  facet normal 0 0 -1
    outer loop
      vertex 3.45846 -38.017 -6.6
      vertex 6.8 -37.124 -6.6
      vertex 3.64942 -38.2497 -6.6
    endloop
  endfacet
  facet normal 0 0 -1
    outer loop
      vertex 3.25269 -37.7973 -6.6
      vertex 6.8 -37.124 -6.6
      vertex 3.45846 -38.017 -6.6
    endloop
  endfacet
  facet normal 0 0 -1
    outer loop
      vertex 3.03299 -37.5915 -6.6
      vertex 6.8 -37.124 -6.6
      vertex 3.25269 -37.7973 -6.6
    endloop
  endfacet
  facet normal 0 0 -1
    outer loop
      vertex 2.8003 -37.4006 -6.6
      vertex 6.8 -37.124 -6.6
      vertex 3.03299 -37.5915 -6.6
    endloop
  endfacet
  facet normal 0 0 -1
    outer loop
      vertex 2.55562 -37.2252 -6.6
      vertex 6.8 -37.124 -6.6
      vertex 2.8003 -37.4006 -6.6
    endloop
  endfacet
  facet normal 0 0 -1
    outer loop
      vertex 2.3 -37.0663 -6.6
      vertex 6.8 -37.124 -6.6
      vertex 2.55562 -37.2252 -6.6
    endloop
  endfacet
  facet normal 0 0 -1
    outer loop
      vertex 0 -33.198 -6.6
      vertex 2.3 -37.0663 -6.6
      vertex 2.03453 -36.9244 -6.6
    endloop
  endfacet
  facet normal 0 0 -1
    outer loop
      vertex 0 -33.198 -6.6
      vertex 2.03453 -36.9244 -6.6
      vertex 1.76034 -36.8002 -6.6
    endloop
  endfacet
  facet normal 0 0 -1
    outer loop
      vertex 0 -33.198 -6.6
      vertex 1.76034 -36.8002 -6.6
      vertex 1.47862 -36.6941 -6.6
    endloop
  endfacet
  facet normal 0 0 -1
    outer loop
      vertex 0 -33.198 -6.6
      vertex 1.47862 -36.6941 -6.6
      vertex 1.19057 -36.6067 -6.6
    endloop
  endfacet
  facet normal 0 0 -1
    outer loop
      vertex 0 -33.198 -6.6
      vertex 1.19057 -36.6067 -6.6
      vertex 0.897415 -36.5384 -6.6
    endloop
  endfacet
  facet normal 0 0 -1
    outer loop
      vertex 0 -33.198 -6.6
      vertex 0.897415 -36.5384 -6.6
      vertex 0.60042 -36.4894 -6.6
    endloop
  endfacet
  facet normal 0 0 -1
    outer loop
      vertex 2.3 -37.0663 -6.6
      vertex 0 -33.198 -6.6
      vertex 6.8 -37.124 -6.6
    endloop
  endfacet
  facet normal 0 0 -1
    outer loop
      vertex 0.300854 -36.4598 -6.6
      vertex 0 -33.198 -6.6
      vertex 0.60042 -36.4894 -6.6
    endloop
  endfacet
  facet normal 0 0 -1
    outer loop
      vertex 0 -36.45 -6.6
      vertex 0 -33.198 -6.6
      vertex 0.300854 -36.4598 -6.6
    endloop
  endfacet
  facet normal 0 0 -1
    outer loop
      vertex -0.300854 -36.4598 -6.6
      vertex 0 -33.198 -6.6
      vertex 0 -36.45 -6.6
    endloop
  endfacet
  facet normal 0 0 -1
    outer loop
      vertex -0.60042 -36.4894 -6.6
      vertex 0 -33.198 -6.6
      vertex -0.300854 -36.4598 -6.6
    endloop
  endfacet
  facet normal 0 0 -1
    outer loop
      vertex -0.897415 -36.5384 -6.6
      vertex 0 -33.198 -6.6
      vertex -0.60042 -36.4894 -6.6
    endloop
  endfacet
  facet normal 0 0 -1
    outer loop
      vertex -1.19057 -36.6067 -6.6
      vertex 0 -33.198 -6.6
      vertex -0.897415 -36.5384 -6.6
    endloop
  endfacet
  facet normal 0 0 -1
    outer loop
      vertex -1.47862 -36.6941 -6.6
      vertex 0 -33.198 -6.6
      vertex -1.19057 -36.6067 -6.6
    endloop
  endfacet
  facet normal 0 0 -1
    outer loop
      vertex -1.76034 -36.8002 -6.6
      vertex 0 -33.198 -6.6
      vertex -1.47862 -36.6941 -6.6
    endloop
  endfacet
  facet normal 0 0 -1
    outer loop
      vertex -2.03453 -36.9244 -6.6
      vertex 0 -33.198 -6.6
      vertex -1.76034 -36.8002 -6.6
    endloop
  endfacet
  facet normal 0 0 -1
    outer loop
      vertex -2.3 -37.0663 -6.6
      vertex 0 -33.198 -6.6
      vertex -2.03453 -36.9244 -6.6
    endloop
  endfacet
  facet normal 0 0 -1
    outer loop
      vertex -6.8 -37.124 -6.6
      vertex -2.3 -37.0663 -6.6
      vertex -2.55562 -37.2252 -6.6
    endloop
  endfacet
  facet normal 0 0 -1
    outer loop
      vertex -6.8 -37.124 -6.6
      vertex -2.55562 -37.2252 -6.6
      vertex -2.8003 -37.4006 -6.6
    endloop
  endfacet
  facet normal 0 0 -1
    outer loop
      vertex -6.8 -37.124 -6.6
      vertex -2.8003 -37.4006 -6.6
      vertex -3.03299 -37.5915 -6.6
    endloop
  endfacet
  facet normal 0 0 -1
    outer loop
      vertex -6.8 -37.124 -6.6
      vertex -3.03299 -37.5915 -6.6
      vertex -3.25269 -37.7973 -6.6
    endloop
  endfacet
  facet normal 0 0 -1
    outer loop
      vertex -6.8 -37.124 -6.6
      vertex -3.25269 -37.7973 -6.6
      vertex -3.45846 -38.017 -6.6
    endloop
  endfacet
  facet normal 0 0 -1
    outer loop
      vertex -6.8 -37.124 -6.6
      vertex -3.45846 -38.017 -6.6
      vertex -3.64942 -38.2497 -6.6
    endloop
  endfacet
  facet normal 0 0 -1
    outer loop
      vertex -6.8 -37.124 -6.6
      vertex -4.6 -41.05 -6.6
      vertex -6.8 -44.976 -6.6
    endloop
  endfacet
  facet normal 0 0 -1
    outer loop
      vertex -4.6 -41.05 -6.6
      vertex -6.8 -37.124 -6.6
      vertex -4.59015 -40.7491 -6.6
    endloop
  endfacet
  facet normal 0 0 -1
    outer loop
      vertex -4.59015 -40.7491 -6.6
      vertex -6.8 -37.124 -6.6
      vertex -4.56065 -40.4496 -6.6
    endloop
  endfacet
  facet normal 0 0 -1
    outer loop
      vertex -4.56065 -40.4496 -6.6
      vertex -6.8 -37.124 -6.6
      vertex -4.51161 -40.1526 -6.6
    endloop
  endfacet
  facet normal 0 0 -1
    outer loop
      vertex -4.51161 -40.1526 -6.6
      vertex -6.8 -37.124 -6.6
      vertex -4.44326 -39.8594 -6.6
    endloop
  endfacet
  facet normal 0 0 -1
    outer loop
      vertex -4.44326 -39.8594 -6.6
      vertex -6.8 -37.124 -6.6
      vertex -4.35588 -39.5714 -6.6
    endloop
  endfacet
  facet normal -0 0 -1
    outer loop
      vertex -2.3 -37.0663 -6.6
      vertex -6.8 -37.124 -6.6
      vertex 0 -33.198 -6.6
    endloop
  endfacet
  facet normal 0 0 -1
    outer loop
      vertex -3.82476 -38.4944 -6.6
      vertex -6.8 -37.124 -6.6
      vertex -3.64942 -38.2497 -6.6
    endloop
  endfacet
  facet normal 0 0 -1
    outer loop
      vertex -3.98372 -38.75 -6.6
      vertex -6.8 -37.124 -6.6
      vertex -3.82476 -38.4944 -6.6
    endloop
  endfacet
  facet normal 0 0 -1
    outer loop
      vertex -4.12561 -39.0155 -6.6
      vertex -6.8 -37.124 -6.6
      vertex -3.98372 -38.75 -6.6
    endloop
  endfacet
  facet normal 0 0 -1
    outer loop
      vertex -4.24985 -39.2897 -6.6
      vertex -6.8 -37.124 -6.6
      vertex -4.12561 -39.0155 -6.6
    endloop
  endfacet
  facet normal 0 0 -1
    outer loop
      vertex -4.35588 -39.5714 -6.6
      vertex -6.8 -37.124 -6.6
      vertex -4.24985 -39.2897 -6.6
    endloop
  endfacet
  facet normal -0.500002 0.866024 0
    outer loop
      vertex 6.8 -44.976 -13.8
      vertex 0 -48.902 -6.6
      vertex 6.8 -44.976 -6.6
    endloop
  endfacet
  facet normal -0.500002 0.866024 0
    outer loop
      vertex 0 -48.902 -6.6
      vertex 6.8 -44.976 -13.8
      vertex 0 -48.902 -13.8
    endloop
  endfacet
  facet normal -1 0 0
    outer loop
      vertex 6.8 -44.976 -13.8
      vertex 6.8 -37.124 -6.6
      vertex 6.8 -37.124 -13.8
    endloop
  endfacet
  facet normal -1 -0 0
    outer loop
      vertex 6.8 -37.124 -6.6
      vertex 6.8 -44.976 -13.8
      vertex 6.8 -44.976 -6.6
    endloop
  endfacet
  facet normal 0.500002 0.866024 -0
    outer loop
      vertex 0 -48.902 -13.8
      vertex -6.8 -44.976 -6.6
      vertex 0 -48.902 -6.6
    endloop
  endfacet
  facet normal 0.500002 0.866024 0
    outer loop
      vertex -6.8 -44.976 -6.6
      vertex 0 -48.902 -13.8
      vertex -6.8 -44.976 -13.8
    endloop
  endfacet
endsolid OpenSCAD_Model
